Status,Solve,Objval
OPTIMAL,1.443000078201294,1.1338143834413048e10
