Costs,Total,Zone1,Zone2,Zone3,Zone4,Zone5,Zone6,Zone7,Zone8,Zone9,Zone10
cH2Total,2.4829447077145057e9,1.1306060753854996e10,1.1361022624763554e10,1.1262113517959824e10,1.1262123645630245e10,1.1408429622822933e10,1.1262118621628212e10,1.1674000756328426e10,1.1262118904180542e10,1.1624401918359856e10,1.1273841080539394e10
cH2Fix,2.481226889342108e9,1.129231820687581e10,1.1347280077784369e10,1.1248370970980639e10,1.1248381098651058e10,1.1394687075843746e10,1.1248376074649025e10,1.1660258209349241e10,1.1248376357201355e10,1.1610659371380672e10,1.1260098533560207e10
cH2Var,1.717818372398026e6,1.3742546979184208e7,1.3742546979184208e7,1.3742546979184208e7,1.3742546979184208e7,1.3742546979184208e7,1.3742546979184208e7,1.3742546979184208e7,1.3742546979184208e7,1.3742546979184208e7,1.3742546979184208e7
cH2NSE,0.0,0.0,0.0,0.0,0.0,0.0,0.0,0.0,0.0,0.0,0.0
cH2Start,0.0,0.0,0.0,0.0,0.0,0.0,0.0,0.0,0.0,0.0,0.0
cNetworkExp,0.0,-,-,-,-,-,-,-,-,-,-
