Costs,Total,Zone1,Zone2,Zone3
cH2Total,1.4701367252678158e10,4.408726256493037e9,6.386179798288985e9,3.9064611978961387e9
cH2Fix_Gen,6.284395922118791e9,2.5505234585723205e9,2.3074485362103e9,1.4264239273361688e9
cH2Fix_G2P,6.2204541343444735e7,0.0,0.0,6.2204541343444735e7
cH2Var,8.354766789215922e9,1.8582027979207165e9,4.0787312620786853e9,2.4178327292165256e9
cH2NSE,0.0,0.0,0.0,0.0
cH2Start,0.0,0.0,0.0,0.0
cNetworkExp,0.0,-,-,-
