Resource,Zone,StartCap,RetCap,NewCap,EndCap,MaxAnnualGeneration,AnnualGeneration,CapacityFactor
SE_CCGT-H2,1,0,0.0,0.0,0.0,0.0,0.0,0.0
MIDAT_CCGT-H2,2,0,0.0,0.0,0.0,0.0,0.0,0.0
NE_CCGT-H2,3,0,0.0,719.9599692528326,719.9599692528326,6.306849330654814e6,1.2262430031515087e6,0.19443036274725672
SE_Fuel_Cell,1,0,0.0,0.0,0.0,0.0,0.0,0.0
MIDAT_Fuel_Cell,2,0,0.0,0.0,0.0,0.0,0.0,0.0
NE_Fuel_Cell,3,0,0.0,0.0,0.0,0.0,0.0,0.0
Total,n/a,0,0.0,719.9599692528326,719.9599692528326,6.306849330654814e6,1.2262430031515087e6,-
