Costs,Total,Zone1,Zone2,Zone3
cH2Total,1.4703047564994007e10,4.504808480172726e9,6.363380439661074e9,3.834858645160217e9
cH2Fix_Gen,6.390195581424067e9,2.5558887492596273e9,2.375798089887667e9,1.4585087422767725e9
cH2Fix_G2P,4.218218479616599e7,0.0,0.0,4.218218479616599e7
cH2Var,8.270669798773775e9,1.9489197309130988e9,3.987582349773408e9,2.3341677180872784e9
cH2NSE,0.0,0.0,0.0,0.0
cH2Start,0.0,0.0,0.0,0.0
cNetworkExp,0.0,-,-,-
