Costs,Total,Zone1,Zone2,Zone3,Zone4,Zone5,Zone6,Zone7,Zone8,Zone9,Zone10
cTotal,5.4838813746949104e10,1.7819347051320274e9,1.8892094204250095e10,9.114243744422462e8,1.0210941633868841e9,7.668645067713503e9,3.384007314155633e8,1.3536201217617186e10,5.398613019490035e9,3.050222795294604e9,2.240183468207069e9
cFix,2.8020474104185596e10,6.982431791659766e8,1.0672125580935434e10,6.169624770660967e8,7.108408802796254e8,2.1091930974098158e9,1.914191320937399e8,7.108585257996802e9,3.0256489722849607e9,1.4987885442913268e9,1.388666982661826e9
cVar,2.6815469100782936e10,1.0833983444933376e9,8.219676806702644e9,2.9417925844501954e8,3.099756557651529e8,5.559160347386796e9,1.4671918912279955e8,6.427323853994632e9,2.3726715198089876e9,1.551141311699664e9,8.512228133640103e8
cNSE,2.870541980568621e6,293181.47271276795,291816.61202052975,282638.9311298469,277627.34210572595,291622.91689098487,262410.1990238785,292105.6257537888,292527.3960871748,292939.3036115554,293672.18123237224
cStart,0.0,0.0,0.0,0.0,0.0,0.0,0.0,0.0,0.0,0.0,0.0
cUnmetRsv,0.0,-,-,-,-,-,-,-,-,-,-
cNetworkExp,0.0,-,-,-,-,-,-,-,-,-,-
