Status,Solve,Objval
OPTIMAL,425.5859999656677,1.1882102844512444e9
