Status,Solve,Objval
LOCALLY_SOLVED,557.9030001163483,4.543933849366234e10
