Costs,Total
cDACTotal,41.9019841186632
cDACFix,41.42722679101268
cDACVar,0.47475732765052076
cDACStart,0.0
