Time_Index,elec_max_MWh_z1,elec_max_MWh_z2,elec_max_MWh_z3
1,12,12,12
2,12,12,12
3,12,12,12
4,12,12,12
5,12,12,12
6,12,12,12
7,12,12,12
8,12,12,12
9,12,12,12
10,12,12,12
11,12,12,12
12,12,12,12
13,12,12,12
14,12,12,12
15,12,12,12
16,12,12,12
17,12,12,12
18,12,12,12
19,12,12,12
20,12,12,12
21,12,12,12
22,12,12,12
23,12,12,12
24,12,12,12
25,12,12,12
26,12,12,12
27,12,12,12
28,12,12,12
29,12,12,12
30,12,12,12
31,12,12,12
32,12,12,12
33,12,12,12
34,12,12,12
35,12,12,12
36,12,12,12
37,12,12,12
38,12,12,12
39,12,12,12
40,12,12,12
41,12,12,12
42,12,12,12
43,12,12,12
44,12,12,12
45,12,12,12
46,12,12,12
47,12,12,12
48,12,12,12
49,12,12,12
50,12,12,12
51,12,12,12
52,12,12,12
53,12,12,12
54,12,12,12
55,12,12,12
56,12,12,12
57,12,12,12
58,12,12,12
59,12,12,12
60,12,12,12
61,12,12,12
62,12,12,12
63,12,12,12
64,12,12,12
65,12,12,12
66,12,12,12
67,12,12,12
68,12,12,12
69,12,12,12
70,12,12,12
71,12,12,12
72,12,12,12
73,12,12,12
74,12,12,12
75,12,12,12
76,12,12,12
77,12,12,12
78,12,12,12
79,12,12,12
80,12,12,12
81,12,12,12
82,12,12,12
83,12,12,12
84,12,12,12
85,12,12,12
86,12,12,12
87,12,12,12
88,12,12,12
89,12,12,12
90,12,12,12
91,12,12,12
92,12,12,12
93,12,12,12
94,12,12,12
95,12,12,12
96,12,12,12
97,12,12,12
98,12,12,12
99,12,12,12
100,12,12,12
101,12,12,12
102,12,12,12
103,12,12,12
104,12,12,12
105,12,12,12
106,12,12,12
107,12,12,12
108,12,12,12
109,12,12,12
110,12,12,12
111,12,12,12
112,12,12,12
113,12,12,12
114,12,12,12
115,12,12,12
116,12,12,12
117,12,12,12
118,12,12,12
119,12,12,12
120,12,12,12
121,12,12,12
122,12,12,12
123,12,12,12
124,12,12,12
125,12,12,12
126,12,12,12
127,12,12,12
128,12,12,12
129,12,12,12
130,12,12,12
131,12,12,12
132,12,12,12
133,12,12,12
134,12,12,12
135,12,12,12
136,12,12,12
137,12,12,12
138,12,12,12
139,12,12,12
140,12,12,12
141,12,12,12
142,12,12,12
143,12,12,12
144,12,12,12
145,12,12,12
146,12,12,12
147,12,12,12
148,12,12,12
149,12,12,12
150,12,12,12
151,12,12,12
152,12,12,12
153,12,12,12
154,12,12,12
155,12,12,12
156,12,12,12
157,12,12,12
158,12,12,12
159,12,12,12
160,12,12,12
161,12,12,12
162,12,12,12
163,12,12,12
164,12,12,12
165,12,12,12
166,12,12,12
167,12,12,12
168,12,12,12
169,12,12,12
170,12,12,12
171,12,12,12
172,12,12,12
173,12,12,12
174,12,12,12
175,12,12,12
176,12,12,12
177,12,12,12
178,12,12,12
179,12,12,12
180,12,12,12
181,12,12,12
182,12,12,12
183,12,12,12
184,12,12,12
185,12,12,12
186,12,12,12
187,12,12,12
188,12,12,12
189,12,12,12
190,12,12,12
191,12,12,12
192,12,12,12
193,12,12,12
194,12,12,12
195,12,12,12
196,12,12,12
197,12,12,12
198,12,12,12
199,12,12,12
200,12,12,12
201,12,12,12
202,12,12,12
203,12,12,12
204,12,12,12
205,12,12,12
206,12,12,12
207,12,12,12
208,12,12,12
209,12,12,12
210,12,12,12
211,12,12,12
212,12,12,12
213,12,12,12
214,12,12,12
215,12,12,12
216,12,12,12
217,12,12,12
218,12,12,12
219,12,12,12
220,12,12,12
221,12,12,12
222,12,12,12
223,12,12,12
224,12,12,12
225,12,12,12
226,12,12,12
227,12,12,12
228,12,12,12
229,12,12,12
230,12,12,12
231,12,12,12
232,12,12,12
233,12,12,12
234,12,12,12
235,12,12,12
236,12,12,12
237,12,12,12
238,12,12,12
239,12,12,12
240,12,12,12
241,12,12,12
242,12,12,12
243,12,12,12
244,12,12,12
245,12,12,12
246,12,12,12
247,12,12,12
248,12,12,12
249,12,12,12
250,12,12,12
251,12,12,12
252,12,12,12
253,12,12,12
254,12,12,12
255,12,12,12
256,12,12,12
257,12,12,12
258,12,12,12
259,12,12,12
260,12,12,12
261,12,12,12
262,12,12,12
263,12,12,12
264,12,12,12
265,12,12,12
266,12,12,12
267,12,12,12
268,12,12,12
269,12,12,12
270,12,12,12
271,12,12,12
272,12,12,12
273,12,12,12
274,12,12,12
275,12,12,12
276,12,12,12
277,12,12,12
278,12,12,12
279,12,12,12
280,12,12,12
281,12,12,12
282,12,12,12
283,12,12,12
284,12,12,12
285,12,12,12
286,12,12,12
287,12,12,12
288,12,12,12
289,12,12,12
290,12,12,12
291,12,12,12
292,12,12,12
293,12,12,12
294,12,12,12
295,12,12,12
296,12,12,12
297,12,12,12
298,12,12,12
299,12,12,12
300,12,12,12
301,12,12,12
302,12,12,12
303,12,12,12
304,12,12,12
305,12,12,12
306,12,12,12
307,12,12,12
308,12,12,12
309,12,12,12
310,12,12,12
311,12,12,12
312,12,12,12
313,12,12,12
314,12,12,12
315,12,12,12
316,12,12,12
317,12,12,12
318,12,12,12
319,12,12,12
320,12,12,12
321,12,12,12
322,12,12,12
323,12,12,12
324,12,12,12
325,12,12,12
326,12,12,12
327,12,12,12
328,12,12,12
329,12,12,12
330,12,12,12
331,12,12,12
332,12,12,12
333,12,12,12
334,12,12,12
335,12,12,12
336,12,12,12
337,12,12,12
338,12,12,12
339,12,12,12
340,12,12,12
341,12,12,12
342,12,12,12
343,12,12,12
344,12,12,12
345,12,12,12
346,12,12,12
347,12,12,12
348,12,12,12
349,12,12,12
350,12,12,12
351,12,12,12
352,12,12,12
353,12,12,12
354,12,12,12
355,12,12,12
356,12,12,12
357,12,12,12
358,12,12,12
359,12,12,12
360,12,12,12
361,12,12,12
362,12,12,12
363,12,12,12
364,12,12,12
365,12,12,12
366,12,12,12
367,12,12,12
368,12,12,12
369,12,12,12
370,12,12,12
371,12,12,12
372,12,12,12
373,12,12,12
374,12,12,12
375,12,12,12
376,12,12,12
377,12,12,12
378,12,12,12
379,12,12,12
380,12,12,12
381,12,12,12
382,12,12,12
383,12,12,12
384,12,12,12
385,12,12,12
386,12,12,12
387,12,12,12
388,12,12,12
389,12,12,12
390,12,12,12
391,12,12,12
392,12,12,12
393,12,12,12
394,12,12,12
395,12,12,12
396,12,12,12
397,12,12,12
398,12,12,12
399,12,12,12
400,12,12,12
401,12,12,12
402,12,12,12
403,12,12,12
404,12,12,12
405,12,12,12
406,12,12,12
407,12,12,12
408,12,12,12
409,12,12,12
410,12,12,12
411,12,12,12
412,12,12,12
413,12,12,12
414,12,12,12
415,12,12,12
416,12,12,12
417,12,12,12
418,12,12,12
419,12,12,12
420,12,12,12
421,12,12,12
422,12,12,12
423,12,12,12
424,12,12,12
425,12,12,12
426,12,12,12
427,12,12,12
428,12,12,12
429,12,12,12
430,12,12,12
431,12,12,12
432,12,12,12
433,12,12,12
434,12,12,12
435,12,12,12
436,12,12,12
437,12,12,12
438,12,12,12
439,12,12,12
440,12,12,12
441,12,12,12
442,12,12,12
443,12,12,12
444,12,12,12
445,12,12,12
446,12,12,12
447,12,12,12
448,12,12,12
449,12,12,12
450,12,12,12
451,12,12,12
452,12,12,12
453,12,12,12
454,12,12,12
455,12,12,12
456,12,12,12
457,12,12,12
458,12,12,12
459,12,12,12
460,12,12,12
461,12,12,12
462,12,12,12
463,12,12,12
464,12,12,12
465,12,12,12
466,12,12,12
467,12,12,12
468,12,12,12
469,12,12,12
470,12,12,12
471,12,12,12
472,12,12,12
473,12,12,12
474,12,12,12
475,12,12,12
476,12,12,12
477,12,12,12
478,12,12,12
479,12,12,12
480,12,12,12
481,12,12,12
482,12,12,12
483,12,12,12
484,12,12,12
485,12,12,12
486,12,12,12
487,12,12,12
488,12,12,12
489,12,12,12
490,12,12,12
491,12,12,12
492,12,12,12
493,12,12,12
494,12,12,12
495,12,12,12
496,12,12,12
497,12,12,12
498,12,12,12
499,12,12,12
500,12,12,12
501,12,12,12
502,12,12,12
503,12,12,12
504,12,12,12
505,12,12,12
506,12,12,12
507,12,12,12
508,12,12,12
509,12,12,12
510,12,12,12
511,12,12,12
512,12,12,12
513,12,12,12
514,12,12,12
515,12,12,12
516,12,12,12
517,12,12,12
518,12,12,12
519,12,12,12
520,12,12,12
521,12,12,12
522,12,12,12
523,12,12,12
524,12,12,12
525,12,12,12
526,12,12,12
527,12,12,12
528,12,12,12
529,12,12,12
530,12,12,12
531,12,12,12
532,12,12,12
533,12,12,12
534,12,12,12
535,12,12,12
536,12,12,12
537,12,12,12
538,12,12,12
539,12,12,12
540,12,12,12
541,12,12,12
542,12,12,12
543,12,12,12
544,12,12,12
545,12,12,12
546,12,12,12
547,12,12,12
548,12,12,12
549,12,12,12
550,12,12,12
551,12,12,12
552,12,12,12
553,12,12,12
554,12,12,12
555,12,12,12
556,12,12,12
557,12,12,12
558,12,12,12
559,12,12,12
560,12,12,12
561,12,12,12
562,12,12,12
563,12,12,12
564,12,12,12
565,12,12,12
566,12,12,12
567,12,12,12
568,12,12,12
569,12,12,12
570,12,12,12
571,12,12,12
572,12,12,12
573,12,12,12
574,12,12,12
575,12,12,12
576,12,12,12
577,12,12,12
578,12,12,12
579,12,12,12
580,12,12,12
581,12,12,12
582,12,12,12
583,12,12,12
584,12,12,12
585,12,12,12
586,12,12,12
587,12,12,12
588,12,12,12
589,12,12,12
590,12,12,12
591,12,12,12
592,12,12,12
593,12,12,12
594,12,12,12
595,12,12,12
596,12,12,12
597,12,12,12
598,12,12,12
599,12,12,12
600,12,12,12
601,12,12,12
602,12,12,12
603,12,12,12
604,12,12,12
605,12,12,12
606,12,12,12
607,12,12,12
608,12,12,12
609,12,12,12
610,12,12,12
611,12,12,12
612,12,12,12
613,12,12,12
614,12,12,12
615,12,12,12
616,12,12,12
617,12,12,12
618,12,12,12
619,12,12,12
620,12,12,12
621,12,12,12
622,12,12,12
623,12,12,12
624,12,12,12
625,12,12,12
626,12,12,12
627,12,12,12
628,12,12,12
629,12,12,12
630,12,12,12
631,12,12,12
632,12,12,12
633,12,12,12
634,12,12,12
635,12,12,12
636,12,12,12
637,12,12,12
638,12,12,12
639,12,12,12
640,12,12,12
641,12,12,12
642,12,12,12
643,12,12,12
644,12,12,12
645,12,12,12
646,12,12,12
647,12,12,12
648,12,12,12
649,12,12,12
650,12,12,12
651,12,12,12
652,12,12,12
653,12,12,12
654,12,12,12
655,12,12,12
656,12,12,12
657,12,12,12
658,12,12,12
659,12,12,12
660,12,12,12
661,12,12,12
662,12,12,12
663,12,12,12
664,12,12,12
665,12,12,12
666,12,12,12
667,12,12,12
668,12,12,12
669,12,12,12
670,12,12,12
671,12,12,12
672,12,12,12
673,12,12,12
674,12,12,12
675,12,12,12
676,12,12,12
677,12,12,12
678,12,12,12
679,12,12,12
680,12,12,12
681,12,12,12
682,12,12,12
683,12,12,12
684,12,12,12
685,12,12,12
686,12,12,12
687,12,12,12
688,12,12,12
689,12,12,12
690,12,12,12
691,12,12,12
692,12,12,12
693,12,12,12
694,12,12,12
695,12,12,12
696,12,12,12
697,12,12,12
698,12,12,12
699,12,12,12
700,12,12,12
701,12,12,12
702,12,12,12
703,12,12,12
704,12,12,12
705,12,12,12
706,12,12,12
707,12,12,12
708,12,12,12
709,12,12,12
710,12,12,12
711,12,12,12
712,12,12,12
713,12,12,12
714,12,12,12
715,12,12,12
716,12,12,12
717,12,12,12
718,12,12,12
719,12,12,12
720,12,12,12
721,12,12,12
722,12,12,12
723,12,12,12
724,12,12,12
725,12,12,12
726,12,12,12
727,12,12,12
728,12,12,12
729,12,12,12
730,12,12,12
731,12,12,12
732,12,12,12
733,12,12,12
734,12,12,12
735,12,12,12
736,12,12,12
737,12,12,12
738,12,12,12
739,12,12,12
740,12,12,12
741,12,12,12
742,12,12,12
743,12,12,12
744,12,12,12
745,12,12,12
746,12,12,12
747,12,12,12
748,12,12,12
749,12,12,12
750,12,12,12
751,12,12,12
752,12,12,12
753,12,12,12
754,12,12,12
755,12,12,12
756,12,12,12
757,12,12,12
758,12,12,12
759,12,12,12
760,12,12,12
761,12,12,12
762,12,12,12
763,12,12,12
764,12,12,12
765,12,12,12
766,12,12,12
767,12,12,12
768,12,12,12
769,12,12,12
770,12,12,12
771,12,12,12
772,12,12,12
773,12,12,12
774,12,12,12
775,12,12,12
776,12,12,12
777,12,12,12
778,12,12,12
779,12,12,12
780,12,12,12
781,12,12,12
782,12,12,12
783,12,12,12
784,12,12,12
785,12,12,12
786,12,12,12
787,12,12,12
788,12,12,12
789,12,12,12
790,12,12,12
791,12,12,12
792,12,12,12
793,12,12,12
794,12,12,12
795,12,12,12
796,12,12,12
797,12,12,12
798,12,12,12
799,12,12,12
800,12,12,12
801,12,12,12
802,12,12,12
803,12,12,12
804,12,12,12
805,12,12,12
806,12,12,12
807,12,12,12
808,12,12,12
809,12,12,12
810,12,12,12
811,12,12,12
812,12,12,12
813,12,12,12
814,12,12,12
815,12,12,12
816,12,12,12
817,12,12,12
818,12,12,12
819,12,12,12
820,12,12,12
821,12,12,12
822,12,12,12
823,12,12,12
824,12,12,12
825,12,12,12
826,12,12,12
827,12,12,12
828,12,12,12
829,12,12,12
830,12,12,12
831,12,12,12
832,12,12,12
833,12,12,12
834,12,12,12
835,12,12,12
836,12,12,12
837,12,12,12
838,12,12,12
839,12,12,12
840,12,12,12
841,12,12,12
842,12,12,12
843,12,12,12
844,12,12,12
845,12,12,12
846,12,12,12
847,12,12,12
848,12,12,12
849,12,12,12
850,12,12,12
851,12,12,12
852,12,12,12
853,12,12,12
854,12,12,12
855,12,12,12
856,12,12,12
857,12,12,12
858,12,12,12
859,12,12,12
860,12,12,12
861,12,12,12
862,12,12,12
863,12,12,12
864,12,12,12
865,12,12,12
866,12,12,12
867,12,12,12
868,12,12,12
869,12,12,12
870,12,12,12
871,12,12,12
872,12,12,12
873,12,12,12
874,12,12,12
875,12,12,12
876,12,12,12
877,12,12,12
878,12,12,12
879,12,12,12
880,12,12,12
881,12,12,12
882,12,12,12
883,12,12,12
884,12,12,12
885,12,12,12
886,12,12,12
887,12,12,12
888,12,12,12
889,12,12,12
890,12,12,12
891,12,12,12
892,12,12,12
893,12,12,12
894,12,12,12
895,12,12,12
896,12,12,12
897,12,12,12
898,12,12,12
899,12,12,12
900,12,12,12
901,12,12,12
902,12,12,12
903,12,12,12
904,12,12,12
905,12,12,12
906,12,12,12
907,12,12,12
908,12,12,12
909,12,12,12
910,12,12,12
911,12,12,12
912,12,12,12
913,12,12,12
914,12,12,12
915,12,12,12
916,12,12,12
917,12,12,12
918,12,12,12
919,12,12,12
920,12,12,12
921,12,12,12
922,12,12,12
923,12,12,12
924,12,12,12
925,12,12,12
926,12,12,12
927,12,12,12
928,12,12,12
929,12,12,12
930,12,12,12
931,12,12,12
932,12,12,12
933,12,12,12
934,12,12,12
935,12,12,12
936,12,12,12
937,12,12,12
938,12,12,12
939,12,12,12
940,12,12,12
941,12,12,12
942,12,12,12
943,12,12,12
944,12,12,12
945,12,12,12
946,12,12,12
947,12,12,12
948,12,12,12
949,12,12,12
950,12,12,12
951,12,12,12
952,12,12,12
953,12,12,12
954,12,12,12
955,12,12,12
956,12,12,12
957,12,12,12
958,12,12,12
959,12,12,12
960,12,12,12
961,12,12,12
962,12,12,12
963,12,12,12
964,12,12,12
965,12,12,12
966,12,12,12
967,12,12,12
968,12,12,12
969,12,12,12
970,12,12,12
971,12,12,12
972,12,12,12
973,12,12,12
974,12,12,12
975,12,12,12
976,12,12,12
977,12,12,12
978,12,12,12
979,12,12,12
980,12,12,12
981,12,12,12
982,12,12,12
983,12,12,12
984,12,12,12
985,12,12,12
986,12,12,12
987,12,12,12
988,12,12,12
989,12,12,12
990,12,12,12
991,12,12,12
992,12,12,12
993,12,12,12
994,12,12,12
995,12,12,12
996,12,12,12
997,12,12,12
998,12,12,12
999,12,12,12
1000,12,12,12
1001,12,12,12
1002,12,12,12
1003,12,12,12
1004,12,12,12
1005,12,12,12
1006,12,12,12
1007,12,12,12
1008,12,12,12
1009,12,12,12
1010,12,12,12
1011,12,12,12
1012,12,12,12
1013,12,12,12
1014,12,12,12
1015,12,12,12
1016,12,12,12
1017,12,12,12
1018,12,12,12
1019,12,12,12
1020,12,12,12
1021,12,12,12
1022,12,12,12
1023,12,12,12
1024,12,12,12
1025,12,12,12
1026,12,12,12
1027,12,12,12
1028,12,12,12
1029,12,12,12
1030,12,12,12
1031,12,12,12
1032,12,12,12
1033,12,12,12
1034,12,12,12
1035,12,12,12
1036,12,12,12
1037,12,12,12
1038,12,12,12
1039,12,12,12
1040,12,12,12
1041,12,12,12
1042,12,12,12
1043,12,12,12
1044,12,12,12
1045,12,12,12
1046,12,12,12
1047,12,12,12
1048,12,12,12
1049,12,12,12
1050,12,12,12
1051,12,12,12
1052,12,12,12
1053,12,12,12
1054,12,12,12
1055,12,12,12
1056,12,12,12
1057,12,12,12
1058,12,12,12
1059,12,12,12
1060,12,12,12
1061,12,12,12
1062,12,12,12
1063,12,12,12
1064,12,12,12
1065,12,12,12
1066,12,12,12
1067,12,12,12
1068,12,12,12
1069,12,12,12
1070,12,12,12
1071,12,12,12
1072,12,12,12
1073,12,12,12
1074,12,12,12
1075,12,12,12
1076,12,12,12
1077,12,12,12
1078,12,12,12
1079,12,12,12
1080,12,12,12
1081,12,12,12
1082,12,12,12
1083,12,12,12
1084,12,12,12
1085,12,12,12
1086,12,12,12
1087,12,12,12
1088,12,12,12
1089,12,12,12
1090,12,12,12
1091,12,12,12
1092,12,12,12
1093,12,12,12
1094,12,12,12
1095,12,12,12
1096,12,12,12
1097,12,12,12
1098,12,12,12
1099,12,12,12
1100,12,12,12
1101,12,12,12
1102,12,12,12
1103,12,12,12
1104,12,12,12
1105,12,12,12
1106,12,12,12
1107,12,12,12
1108,12,12,12
1109,12,12,12
1110,12,12,12
1111,12,12,12
1112,12,12,12
1113,12,12,12
1114,12,12,12
1115,12,12,12
1116,12,12,12
1117,12,12,12
1118,12,12,12
1119,12,12,12
1120,12,12,12
1121,12,12,12
1122,12,12,12
1123,12,12,12
1124,12,12,12
1125,12,12,12
1126,12,12,12
1127,12,12,12
1128,12,12,12
1129,12,12,12
1130,12,12,12
1131,12,12,12
1132,12,12,12
1133,12,12,12
1134,12,12,12
1135,12,12,12
1136,12,12,12
1137,12,12,12
1138,12,12,12
1139,12,12,12
1140,12,12,12
1141,12,12,12
1142,12,12,12
1143,12,12,12
1144,12,12,12
1145,12,12,12
1146,12,12,12
1147,12,12,12
1148,12,12,12
1149,12,12,12
1150,12,12,12
1151,12,12,12
1152,12,12,12
1153,12,12,12
1154,12,12,12
1155,12,12,12
1156,12,12,12
1157,12,12,12
1158,12,12,12
1159,12,12,12
1160,12,12,12
1161,12,12,12
1162,12,12,12
1163,12,12,12
1164,12,12,12
1165,12,12,12
1166,12,12,12
1167,12,12,12
1168,12,12,12
1169,12,12,12
1170,12,12,12
1171,12,12,12
1172,12,12,12
1173,12,12,12
1174,12,12,12
1175,12,12,12
1176,12,12,12
1177,12,12,12
1178,12,12,12
1179,12,12,12
1180,12,12,12
1181,12,12,12
1182,12,12,12
1183,12,12,12
1184,12,12,12
1185,12,12,12
1186,12,12,12
1187,12,12,12
1188,12,12,12
1189,12,12,12
1190,12,12,12
1191,12,12,12
1192,12,12,12
1193,12,12,12
1194,12,12,12
1195,12,12,12
1196,12,12,12
1197,12,12,12
1198,12,12,12
1199,12,12,12
1200,12,12,12
1201,12,12,12
1202,12,12,12
1203,12,12,12
1204,12,12,12
1205,12,12,12
1206,12,12,12
1207,12,12,12
1208,12,12,12
1209,12,12,12
1210,12,12,12
1211,12,12,12
1212,12,12,12
1213,12,12,12
1214,12,12,12
1215,12,12,12
1216,12,12,12
1217,12,12,12
1218,12,12,12
1219,12,12,12
1220,12,12,12
1221,12,12,12
1222,12,12,12
1223,12,12,12
1224,12,12,12
1225,12,12,12
1226,12,12,12
1227,12,12,12
1228,12,12,12
1229,12,12,12
1230,12,12,12
1231,12,12,12
1232,12,12,12
1233,12,12,12
1234,12,12,12
1235,12,12,12
1236,12,12,12
1237,12,12,12
1238,12,12,12
1239,12,12,12
1240,12,12,12
1241,12,12,12
1242,12,12,12
1243,12,12,12
1244,12,12,12
1245,12,12,12
1246,12,12,12
1247,12,12,12
1248,12,12,12
1249,12,12,12
1250,12,12,12
1251,12,12,12
1252,12,12,12
1253,12,12,12
1254,12,12,12
1255,12,12,12
1256,12,12,12
1257,12,12,12
1258,12,12,12
1259,12,12,12
1260,12,12,12
1261,12,12,12
1262,12,12,12
1263,12,12,12
1264,12,12,12
1265,12,12,12
1266,12,12,12
1267,12,12,12
1268,12,12,12
1269,12,12,12
1270,12,12,12
1271,12,12,12
1272,12,12,12
1273,12,12,12
1274,12,12,12
1275,12,12,12
1276,12,12,12
1277,12,12,12
1278,12,12,12
1279,12,12,12
1280,12,12,12
1281,12,12,12
1282,12,12,12
1283,12,12,12
1284,12,12,12
1285,12,12,12
1286,12,12,12
1287,12,12,12
1288,12,12,12
1289,12,12,12
1290,12,12,12
1291,12,12,12
1292,12,12,12
1293,12,12,12
1294,12,12,12
1295,12,12,12
1296,12,12,12
1297,12,12,12
1298,12,12,12
1299,12,12,12
1300,12,12,12
1301,12,12,12
1302,12,12,12
1303,12,12,12
1304,12,12,12
1305,12,12,12
1306,12,12,12
1307,12,12,12
1308,12,12,12
1309,12,12,12
1310,12,12,12
1311,12,12,12
1312,12,12,12
1313,12,12,12
1314,12,12,12
1315,12,12,12
1316,12,12,12
1317,12,12,12
1318,12,12,12
1319,12,12,12
1320,12,12,12
1321,12,12,12
1322,12,12,12
1323,12,12,12
1324,12,12,12
1325,12,12,12
1326,12,12,12
1327,12,12,12
1328,12,12,12
1329,12,12,12
1330,12,12,12
1331,12,12,12
1332,12,12,12
1333,12,12,12
1334,12,12,12
1335,12,12,12
1336,12,12,12
1337,12,12,12
1338,12,12,12
1339,12,12,12
1340,12,12,12
1341,12,12,12
1342,12,12,12
1343,12,12,12
1344,12,12,12
1345,12,12,12
1346,12,12,12
1347,12,12,12
1348,12,12,12
1349,12,12,12
1350,12,12,12
1351,12,12,12
1352,12,12,12
1353,12,12,12
1354,12,12,12
1355,12,12,12
1356,12,12,12
1357,12,12,12
1358,12,12,12
1359,12,12,12
1360,12,12,12
1361,12,12,12
1362,12,12,12
1363,12,12,12
1364,12,12,12
1365,12,12,12
1366,12,12,12
1367,12,12,12
1368,12,12,12
1369,12,12,12
1370,12,12,12
1371,12,12,12
1372,12,12,12
1373,12,12,12
1374,12,12,12
1375,12,12,12
1376,12,12,12
1377,12,12,12
1378,12,12,12
1379,12,12,12
1380,12,12,12
1381,12,12,12
1382,12,12,12
1383,12,12,12
1384,12,12,12
1385,12,12,12
1386,12,12,12
1387,12,12,12
1388,12,12,12
1389,12,12,12
1390,12,12,12
1391,12,12,12
1392,12,12,12
1393,12,12,12
1394,12,12,12
1395,12,12,12
1396,12,12,12
1397,12,12,12
1398,12,12,12
1399,12,12,12
1400,12,12,12
1401,12,12,12
1402,12,12,12
1403,12,12,12
1404,12,12,12
1405,12,12,12
1406,12,12,12
1407,12,12,12
1408,12,12,12
1409,12,12,12
1410,12,12,12
1411,12,12,12
1412,12,12,12
1413,12,12,12
1414,12,12,12
1415,12,12,12
1416,12,12,12
1417,12,12,12
1418,12,12,12
1419,12,12,12
1420,12,12,12
1421,12,12,12
1422,12,12,12
1423,12,12,12
1424,12,12,12
1425,12,12,12
1426,12,12,12
1427,12,12,12
1428,12,12,12
1429,12,12,12
1430,12,12,12
1431,12,12,12
1432,12,12,12
1433,12,12,12
1434,12,12,12
1435,12,12,12
1436,12,12,12
1437,12,12,12
1438,12,12,12
1439,12,12,12
1440,12,12,12
1441,12,12,12
1442,12,12,12
1443,12,12,12
1444,12,12,12
1445,12,12,12
1446,12,12,12
1447,12,12,12
1448,12,12,12
1449,12,12,12
1450,12,12,12
1451,12,12,12
1452,12,12,12
1453,12,12,12
1454,12,12,12
1455,12,12,12
1456,12,12,12
1457,12,12,12
1458,12,12,12
1459,12,12,12
1460,12,12,12
1461,12,12,12
1462,12,12,12
1463,12,12,12
1464,12,12,12
1465,12,12,12
1466,12,12,12
1467,12,12,12
1468,12,12,12
1469,12,12,12
1470,12,12,12
1471,12,12,12
1472,12,12,12
1473,12,12,12
1474,12,12,12
1475,12,12,12
1476,12,12,12
1477,12,12,12
1478,12,12,12
1479,12,12,12
1480,12,12,12
1481,12,12,12
1482,12,12,12
1483,12,12,12
1484,12,12,12
1485,12,12,12
1486,12,12,12
1487,12,12,12
1488,12,12,12
1489,12,12,12
1490,12,12,12
1491,12,12,12
1492,12,12,12
1493,12,12,12
1494,12,12,12
1495,12,12,12
1496,12,12,12
1497,12,12,12
1498,12,12,12
1499,12,12,12
1500,12,12,12
1501,12,12,12
1502,12,12,12
1503,12,12,12
1504,12,12,12
1505,12,12,12
1506,12,12,12
1507,12,12,12
1508,12,12,12
1509,12,12,12
1510,12,12,12
1511,12,12,12
1512,12,12,12
1513,12,12,12
1514,12,12,12
1515,12,12,12
1516,12,12,12
1517,12,12,12
1518,12,12,12
1519,12,12,12
1520,12,12,12
1521,12,12,12
1522,12,12,12
1523,12,12,12
1524,12,12,12
1525,12,12,12
1526,12,12,12
1527,12,12,12
1528,12,12,12
1529,12,12,12
1530,12,12,12
1531,12,12,12
1532,12,12,12
1533,12,12,12
1534,12,12,12
1535,12,12,12
1536,12,12,12
1537,12,12,12
1538,12,12,12
1539,12,12,12
1540,12,12,12
1541,12,12,12
1542,12,12,12
1543,12,12,12
1544,12,12,12
1545,12,12,12
1546,12,12,12
1547,12,12,12
1548,12,12,12
1549,12,12,12
1550,12,12,12
1551,12,12,12
1552,12,12,12
1553,12,12,12
1554,12,12,12
1555,12,12,12
1556,12,12,12
1557,12,12,12
1558,12,12,12
1559,12,12,12
1560,12,12,12
1561,12,12,12
1562,12,12,12
1563,12,12,12
1564,12,12,12
1565,12,12,12
1566,12,12,12
1567,12,12,12
1568,12,12,12
1569,12,12,12
1570,12,12,12
1571,12,12,12
1572,12,12,12
1573,12,12,12
1574,12,12,12
1575,12,12,12
1576,12,12,12
1577,12,12,12
1578,12,12,12
1579,12,12,12
1580,12,12,12
1581,12,12,12
1582,12,12,12
1583,12,12,12
1584,12,12,12
1585,12,12,12
1586,12,12,12
1587,12,12,12
1588,12,12,12
1589,12,12,12
1590,12,12,12
1591,12,12,12
1592,12,12,12
1593,12,12,12
1594,12,12,12
1595,12,12,12
1596,12,12,12
1597,12,12,12
1598,12,12,12
1599,12,12,12
1600,12,12,12
1601,12,12,12
1602,12,12,12
1603,12,12,12
1604,12,12,12
1605,12,12,12
1606,12,12,12
1607,12,12,12
1608,12,12,12
1609,12,12,12
1610,12,12,12
1611,12,12,12
1612,12,12,12
1613,12,12,12
1614,12,12,12
1615,12,12,12
1616,12,12,12
1617,12,12,12
1618,12,12,12
1619,12,12,12
1620,12,12,12
1621,12,12,12
1622,12,12,12
1623,12,12,12
1624,12,12,12
1625,12,12,12
1626,12,12,12
1627,12,12,12
1628,12,12,12
1629,12,12,12
1630,12,12,12
1631,12,12,12
1632,12,12,12
1633,12,12,12
1634,12,12,12
1635,12,12,12
1636,12,12,12
1637,12,12,12
1638,12,12,12
1639,12,12,12
1640,12,12,12
1641,12,12,12
1642,12,12,12
1643,12,12,12
1644,12,12,12
1645,12,12,12
1646,12,12,12
1647,12,12,12
1648,12,12,12
1649,12,12,12
1650,12,12,12
1651,12,12,12
1652,12,12,12
1653,12,12,12
1654,12,12,12
1655,12,12,12
1656,12,12,12
1657,12,12,12
1658,12,12,12
1659,12,12,12
1660,12,12,12
1661,12,12,12
1662,12,12,12
1663,12,12,12
1664,12,12,12
1665,12,12,12
1666,12,12,12
1667,12,12,12
1668,12,12,12
1669,12,12,12
1670,12,12,12
1671,12,12,12
1672,12,12,12
1673,12,12,12
1674,12,12,12
1675,12,12,12
1676,12,12,12
1677,12,12,12
1678,12,12,12
1679,12,12,12
1680,12,12,12
1681,12,12,12
1682,12,12,12
1683,12,12,12
1684,12,12,12
1685,12,12,12
1686,12,12,12
1687,12,12,12
1688,12,12,12
1689,12,12,12
1690,12,12,12
1691,12,12,12
1692,12,12,12
1693,12,12,12
1694,12,12,12
1695,12,12,12
1696,12,12,12
1697,12,12,12
1698,12,12,12
1699,12,12,12
1700,12,12,12
1701,12,12,12
1702,12,12,12
1703,12,12,12
1704,12,12,12
1705,12,12,12
1706,12,12,12
1707,12,12,12
1708,12,12,12
1709,12,12,12
1710,12,12,12
1711,12,12,12
1712,12,12,12
1713,12,12,12
1714,12,12,12
1715,12,12,12
1716,12,12,12
1717,12,12,12
1718,12,12,12
1719,12,12,12
1720,12,12,12
1721,12,12,12
1722,12,12,12
1723,12,12,12
1724,12,12,12
1725,12,12,12
1726,12,12,12
1727,12,12,12
1728,12,12,12
1729,12,12,12
1730,12,12,12
1731,12,12,12
1732,12,12,12
1733,12,12,12
1734,12,12,12
1735,12,12,12
1736,12,12,12
1737,12,12,12
1738,12,12,12
1739,12,12,12
1740,12,12,12
1741,12,12,12
1742,12,12,12
1743,12,12,12
1744,12,12,12
1745,12,12,12
1746,12,12,12
1747,12,12,12
1748,12,12,12
1749,12,12,12
1750,12,12,12
1751,12,12,12
1752,12,12,12
1753,12,12,12
1754,12,12,12
1755,12,12,12
1756,12,12,12
1757,12,12,12
1758,12,12,12
1759,12,12,12
1760,12,12,12
1761,12,12,12
1762,12,12,12
1763,12,12,12
1764,12,12,12
1765,12,12,12
1766,12,12,12
1767,12,12,12
1768,12,12,12
1769,12,12,12
1770,12,12,12
1771,12,12,12
1772,12,12,12
1773,12,12,12
1774,12,12,12
1775,12,12,12
1776,12,12,12
1777,12,12,12
1778,12,12,12
1779,12,12,12
1780,12,12,12
1781,12,12,12
1782,12,12,12
1783,12,12,12
1784,12,12,12
1785,12,12,12
1786,12,12,12
1787,12,12,12
1788,12,12,12
1789,12,12,12
1790,12,12,12
1791,12,12,12
1792,12,12,12
1793,12,12,12
1794,12,12,12
1795,12,12,12
1796,12,12,12
1797,12,12,12
1798,12,12,12
1799,12,12,12
1800,12,12,12
1801,12,12,12
1802,12,12,12
1803,12,12,12
1804,12,12,12
1805,12,12,12
1806,12,12,12
1807,12,12,12
1808,12,12,12
1809,12,12,12
1810,12,12,12
1811,12,12,12
1812,12,12,12
1813,12,12,12
1814,12,12,12
1815,12,12,12
1816,12,12,12
1817,12,12,12
1818,12,12,12
1819,12,12,12
1820,12,12,12
1821,12,12,12
1822,12,12,12
1823,12,12,12
1824,12,12,12
1825,12,12,12
1826,12,12,12
1827,12,12,12
1828,12,12,12
1829,12,12,12
1830,12,12,12
1831,12,12,12
1832,12,12,12
1833,12,12,12
1834,12,12,12
1835,12,12,12
1836,12,12,12
1837,12,12,12
1838,12,12,12
1839,12,12,12
1840,12,12,12
1841,12,12,12
1842,12,12,12
1843,12,12,12
1844,12,12,12
1845,12,12,12
1846,12,12,12
1847,12,12,12
1848,12,12,12
1849,12,12,12
1850,12,12,12
1851,12,12,12
1852,12,12,12
1853,12,12,12
1854,12,12,12
1855,12,12,12
1856,12,12,12
1857,12,12,12
1858,12,12,12
1859,12,12,12
1860,12,12,12
1861,12,12,12
1862,12,12,12
1863,12,12,12
1864,12,12,12
1865,12,12,12
1866,12,12,12
1867,12,12,12
1868,12,12,12
1869,12,12,12
1870,12,12,12
1871,12,12,12
1872,12,12,12
1873,12,12,12
1874,12,12,12
1875,12,12,12
1876,12,12,12
1877,12,12,12
1878,12,12,12
1879,12,12,12
1880,12,12,12
1881,12,12,12
1882,12,12,12
1883,12,12,12
1884,12,12,12
1885,12,12,12
1886,12,12,12
1887,12,12,12
1888,12,12,12
1889,12,12,12
1890,12,12,12
1891,12,12,12
1892,12,12,12
1893,12,12,12
1894,12,12,12
1895,12,12,12
1896,12,12,12
1897,12,12,12
1898,12,12,12
1899,12,12,12
1900,12,12,12
1901,12,12,12
1902,12,12,12
1903,12,12,12
1904,12,12,12
1905,12,12,12
1906,12,12,12
1907,12,12,12
1908,12,12,12
1909,12,12,12
1910,12,12,12
1911,12,12,12
1912,12,12,12
1913,12,12,12
1914,12,12,12
1915,12,12,12
1916,12,12,12
1917,12,12,12
1918,12,12,12
1919,12,12,12
1920,12,12,12
1921,12,12,12
1922,12,12,12
1923,12,12,12
1924,12,12,12
1925,12,12,12
1926,12,12,12
1927,12,12,12
1928,12,12,12
1929,12,12,12
1930,12,12,12
1931,12,12,12
1932,12,12,12
1933,12,12,12
1934,12,12,12
1935,12,12,12
1936,12,12,12
1937,12,12,12
1938,12,12,12
1939,12,12,12
1940,12,12,12
1941,12,12,12
1942,12,12,12
1943,12,12,12
1944,12,12,12
1945,12,12,12
1946,12,12,12
1947,12,12,12
1948,12,12,12
1949,12,12,12
1950,12,12,12
1951,12,12,12
1952,12,12,12
1953,12,12,12
1954,12,12,12
1955,12,12,12
1956,12,12,12
1957,12,12,12
1958,12,12,12
1959,12,12,12
1960,12,12,12
1961,12,12,12
1962,12,12,12
1963,12,12,12
1964,12,12,12
1965,12,12,12
1966,12,12,12
1967,12,12,12
1968,12,12,12
1969,12,12,12
1970,12,12,12
1971,12,12,12
1972,12,12,12
1973,12,12,12
1974,12,12,12
1975,12,12,12
1976,12,12,12
1977,12,12,12
1978,12,12,12
1979,12,12,12
1980,12,12,12
1981,12,12,12
1982,12,12,12
1983,12,12,12
1984,12,12,12
1985,12,12,12
1986,12,12,12
1987,12,12,12
1988,12,12,12
1989,12,12,12
1990,12,12,12
1991,12,12,12
1992,12,12,12
1993,12,12,12
1994,12,12,12
1995,12,12,12
1996,12,12,12
1997,12,12,12
1998,12,12,12
1999,12,12,12
2000,12,12,12
2001,12,12,12
2002,12,12,12
2003,12,12,12
2004,12,12,12
2005,12,12,12
2006,12,12,12
2007,12,12,12
2008,12,12,12
2009,12,12,12
2010,12,12,12
2011,12,12,12
2012,12,12,12
2013,12,12,12
2014,12,12,12
2015,12,12,12
2016,12,12,12
2017,12,12,12
2018,12,12,12
2019,12,12,12
2020,12,12,12
2021,12,12,12
2022,12,12,12
2023,12,12,12
2024,12,12,12
2025,12,12,12
2026,12,12,12
2027,12,12,12
2028,12,12,12
2029,12,12,12
2030,12,12,12
2031,12,12,12
2032,12,12,12
2033,12,12,12
2034,12,12,12
2035,12,12,12
2036,12,12,12
2037,12,12,12
2038,12,12,12
2039,12,12,12
2040,12,12,12
2041,12,12,12
2042,12,12,12
2043,12,12,12
2044,12,12,12
2045,12,12,12
2046,12,12,12
2047,12,12,12
2048,12,12,12
2049,12,12,12
2050,12,12,12
2051,12,12,12
2052,12,12,12
2053,12,12,12
2054,12,12,12
2055,12,12,12
2056,12,12,12
2057,12,12,12
2058,12,12,12
2059,12,12,12
2060,12,12,12
2061,12,12,12
2062,12,12,12
2063,12,12,12
2064,12,12,12
2065,12,12,12
2066,12,12,12
2067,12,12,12
2068,12,12,12
2069,12,12,12
2070,12,12,12
2071,12,12,12
2072,12,12,12
2073,12,12,12
2074,12,12,12
2075,12,12,12
2076,12,12,12
2077,12,12,12
2078,12,12,12
2079,12,12,12
2080,12,12,12
2081,12,12,12
2082,12,12,12
2083,12,12,12
2084,12,12,12
2085,12,12,12
2086,12,12,12
2087,12,12,12
2088,12,12,12
2089,12,12,12
2090,12,12,12
2091,12,12,12
2092,12,12,12
2093,12,12,12
2094,12,12,12
2095,12,12,12
2096,12,12,12
2097,12,12,12
2098,12,12,12
2099,12,12,12
2100,12,12,12
2101,12,12,12
2102,12,12,12
2103,12,12,12
2104,12,12,12
2105,12,12,12
2106,12,12,12
2107,12,12,12
2108,12,12,12
2109,12,12,12
2110,12,12,12
2111,12,12,12
2112,12,12,12
2113,12,12,12
2114,12,12,12
2115,12,12,12
2116,12,12,12
2117,12,12,12
2118,12,12,12
2119,12,12,12
2120,12,12,12
2121,12,12,12
2122,12,12,12
2123,12,12,12
2124,12,12,12
2125,12,12,12
2126,12,12,12
2127,12,12,12
2128,12,12,12
2129,12,12,12
2130,12,12,12
2131,12,12,12
2132,12,12,12
2133,12,12,12
2134,12,12,12
2135,12,12,12
2136,12,12,12
2137,12,12,12
2138,12,12,12
2139,12,12,12
2140,12,12,12
2141,12,12,12
2142,12,12,12
2143,12,12,12
2144,12,12,12
2145,12,12,12
2146,12,12,12
2147,12,12,12
2148,12,12,12
2149,12,12,12
2150,12,12,12
2151,12,12,12
2152,12,12,12
2153,12,12,12
2154,12,12,12
2155,12,12,12
2156,12,12,12
2157,12,12,12
2158,12,12,12
2159,12,12,12
2160,12,12,12
2161,12,12,12
2162,12,12,12
2163,12,12,12
2164,12,12,12
2165,12,12,12
2166,12,12,12
2167,12,12,12
2168,12,12,12
2169,12,12,12
2170,12,12,12
2171,12,12,12
2172,12,12,12
2173,12,12,12
2174,12,12,12
2175,12,12,12
2176,12,12,12
2177,12,12,12
2178,12,12,12
2179,12,12,12
2180,12,12,12
2181,12,12,12
2182,12,12,12
2183,12,12,12
2184,12,12,12
2185,12,12,12
2186,12,12,12
2187,12,12,12
2188,12,12,12
2189,12,12,12
2190,12,12,12
2191,12,12,12
2192,12,12,12
2193,12,12,12
2194,12,12,12
2195,12,12,12
2196,12,12,12
2197,12,12,12
2198,12,12,12
2199,12,12,12
2200,12,12,12
2201,12,12,12
2202,12,12,12
2203,12,12,12
2204,12,12,12
2205,12,12,12
2206,12,12,12
2207,12,12,12
2208,12,12,12
2209,12,12,12
2210,12,12,12
2211,12,12,12
2212,12,12,12
2213,12,12,12
2214,12,12,12
2215,12,12,12
2216,12,12,12
2217,12,12,12
2218,12,12,12
2219,12,12,12
2220,12,12,12
2221,12,12,12
2222,12,12,12
2223,12,12,12
2224,12,12,12
2225,12,12,12
2226,12,12,12
2227,12,12,12
2228,12,12,12
2229,12,12,12
2230,12,12,12
2231,12,12,12
2232,12,12,12
2233,12,12,12
2234,12,12,12
2235,12,12,12
2236,12,12,12
2237,12,12,12
2238,12,12,12
2239,12,12,12
2240,12,12,12
2241,12,12,12
2242,12,12,12
2243,12,12,12
2244,12,12,12
2245,12,12,12
2246,12,12,12
2247,12,12,12
2248,12,12,12
2249,12,12,12
2250,12,12,12
2251,12,12,12
2252,12,12,12
2253,12,12,12
2254,12,12,12
2255,12,12,12
2256,12,12,12
2257,12,12,12
2258,12,12,12
2259,12,12,12
2260,12,12,12
2261,12,12,12
2262,12,12,12
2263,12,12,12
2264,12,12,12
2265,12,12,12
2266,12,12,12
2267,12,12,12
2268,12,12,12
2269,12,12,12
2270,12,12,12
2271,12,12,12
2272,12,12,12
2273,12,12,12
2274,12,12,12
2275,12,12,12
2276,12,12,12
2277,12,12,12
2278,12,12,12
2279,12,12,12
2280,12,12,12
2281,12,12,12
2282,12,12,12
2283,12,12,12
2284,12,12,12
2285,12,12,12
2286,12,12,12
2287,12,12,12
2288,12,12,12
2289,12,12,12
2290,12,12,12
2291,12,12,12
2292,12,12,12
2293,12,12,12
2294,12,12,12
2295,12,12,12
2296,12,12,12
2297,12,12,12
2298,12,12,12
2299,12,12,12
2300,12,12,12
2301,12,12,12
2302,12,12,12
2303,12,12,12
2304,12,12,12
2305,12,12,12
2306,12,12,12
2307,12,12,12
2308,12,12,12
2309,12,12,12
2310,12,12,12
2311,12,12,12
2312,12,12,12
2313,12,12,12
2314,12,12,12
2315,12,12,12
2316,12,12,12
2317,12,12,12
2318,12,12,12
2319,12,12,12
2320,12,12,12
2321,12,12,12
2322,12,12,12
2323,12,12,12
2324,12,12,12
2325,12,12,12
2326,12,12,12
2327,12,12,12
2328,12,12,12
2329,12,12,12
2330,12,12,12
2331,12,12,12
2332,12,12,12
2333,12,12,12
2334,12,12,12
2335,12,12,12
2336,12,12,12
2337,12,12,12
2338,12,12,12
2339,12,12,12
2340,12,12,12
2341,12,12,12
2342,12,12,12
2343,12,12,12
2344,12,12,12
2345,12,12,12
2346,12,12,12
2347,12,12,12
2348,12,12,12
2349,12,12,12
2350,12,12,12
2351,12,12,12
2352,12,12,12
2353,12,12,12
2354,12,12,12
2355,12,12,12
2356,12,12,12
2357,12,12,12
2358,12,12,12
2359,12,12,12
2360,12,12,12
2361,12,12,12
2362,12,12,12
2363,12,12,12
2364,12,12,12
2365,12,12,12
2366,12,12,12
2367,12,12,12
2368,12,12,12
2369,12,12,12
2370,12,12,12
2371,12,12,12
2372,12,12,12
2373,12,12,12
2374,12,12,12
2375,12,12,12
2376,12,12,12
2377,12,12,12
2378,12,12,12
2379,12,12,12
2380,12,12,12
2381,12,12,12
2382,12,12,12
2383,12,12,12
2384,12,12,12
2385,12,12,12
2386,12,12,12
2387,12,12,12
2388,12,12,12
2389,12,12,12
2390,12,12,12
2391,12,12,12
2392,12,12,12
2393,12,12,12
2394,12,12,12
2395,12,12,12
2396,12,12,12
2397,12,12,12
2398,12,12,12
2399,12,12,12
2400,12,12,12
2401,12,12,12
2402,12,12,12
2403,12,12,12
2404,12,12,12
2405,12,12,12
2406,12,12,12
2407,12,12,12
2408,12,12,12
2409,12,12,12
2410,12,12,12
2411,12,12,12
2412,12,12,12
2413,12,12,12
2414,12,12,12
2415,12,12,12
2416,12,12,12
2417,12,12,12
2418,12,12,12
2419,12,12,12
2420,12,12,12
2421,12,12,12
2422,12,12,12
2423,12,12,12
2424,12,12,12
2425,12,12,12
2426,12,12,12
2427,12,12,12
2428,12,12,12
2429,12,12,12
2430,12,12,12
2431,12,12,12
2432,12,12,12
2433,12,12,12
2434,12,12,12
2435,12,12,12
2436,12,12,12
2437,12,12,12
2438,12,12,12
2439,12,12,12
2440,12,12,12
2441,12,12,12
2442,12,12,12
2443,12,12,12
2444,12,12,12
2445,12,12,12
2446,12,12,12
2447,12,12,12
2448,12,12,12
2449,12,12,12
2450,12,12,12
2451,12,12,12
2452,12,12,12
2453,12,12,12
2454,12,12,12
2455,12,12,12
2456,12,12,12
2457,12,12,12
2458,12,12,12
2459,12,12,12
2460,12,12,12
2461,12,12,12
2462,12,12,12
2463,12,12,12
2464,12,12,12
2465,12,12,12
2466,12,12,12
2467,12,12,12
2468,12,12,12
2469,12,12,12
2470,12,12,12
2471,12,12,12
2472,12,12,12
2473,12,12,12
2474,12,12,12
2475,12,12,12
2476,12,12,12
2477,12,12,12
2478,12,12,12
2479,12,12,12
2480,12,12,12
2481,12,12,12
2482,12,12,12
2483,12,12,12
2484,12,12,12
2485,12,12,12
2486,12,12,12
2487,12,12,12
2488,12,12,12
2489,12,12,12
2490,12,12,12
2491,12,12,12
2492,12,12,12
2493,12,12,12
2494,12,12,12
2495,12,12,12
2496,12,12,12
2497,12,12,12
2498,12,12,12
2499,12,12,12
2500,12,12,12
2501,12,12,12
2502,12,12,12
2503,12,12,12
2504,12,12,12
2505,12,12,12
2506,12,12,12
2507,12,12,12
2508,12,12,12
2509,12,12,12
2510,12,12,12
2511,12,12,12
2512,12,12,12
2513,12,12,12
2514,12,12,12
2515,12,12,12
2516,12,12,12
2517,12,12,12
2518,12,12,12
2519,12,12,12
2520,12,12,12
2521,12,12,12
2522,12,12,12
2523,12,12,12
2524,12,12,12
2525,12,12,12
2526,12,12,12
2527,12,12,12
2528,12,12,12
2529,12,12,12
2530,12,12,12
2531,12,12,12
2532,12,12,12
2533,12,12,12
2534,12,12,12
2535,12,12,12
2536,12,12,12
2537,12,12,12
2538,12,12,12
2539,12,12,12
2540,12,12,12
2541,12,12,12
2542,12,12,12
2543,12,12,12
2544,12,12,12
2545,12,12,12
2546,12,12,12
2547,12,12,12
2548,12,12,12
2549,12,12,12
2550,12,12,12
2551,12,12,12
2552,12,12,12
2553,12,12,12
2554,12,12,12
2555,12,12,12
2556,12,12,12
2557,12,12,12
2558,12,12,12
2559,12,12,12
2560,12,12,12
2561,12,12,12
2562,12,12,12
2563,12,12,12
2564,12,12,12
2565,12,12,12
2566,12,12,12
2567,12,12,12
2568,12,12,12
2569,12,12,12
2570,12,12,12
2571,12,12,12
2572,12,12,12
2573,12,12,12
2574,12,12,12
2575,12,12,12
2576,12,12,12
2577,12,12,12
2578,12,12,12
2579,12,12,12
2580,12,12,12
2581,12,12,12
2582,12,12,12
2583,12,12,12
2584,12,12,12
2585,12,12,12
2586,12,12,12
2587,12,12,12
2588,12,12,12
2589,12,12,12
2590,12,12,12
2591,12,12,12
2592,12,12,12
2593,12,12,12
2594,12,12,12
2595,12,12,12
2596,12,12,12
2597,12,12,12
2598,12,12,12
2599,12,12,12
2600,12,12,12
2601,12,12,12
2602,12,12,12
2603,12,12,12
2604,12,12,12
2605,12,12,12
2606,12,12,12
2607,12,12,12
2608,12,12,12
2609,12,12,12
2610,12,12,12
2611,12,12,12
2612,12,12,12
2613,12,12,12
2614,12,12,12
2615,12,12,12
2616,12,12,12
2617,12,12,12
2618,12,12,12
2619,12,12,12
2620,12,12,12
2621,12,12,12
2622,12,12,12
2623,12,12,12
2624,12,12,12
2625,12,12,12
2626,12,12,12
2627,12,12,12
2628,12,12,12
2629,12,12,12
2630,12,12,12
2631,12,12,12
2632,12,12,12
2633,12,12,12
2634,12,12,12
2635,12,12,12
2636,12,12,12
2637,12,12,12
2638,12,12,12
2639,12,12,12
2640,12,12,12
2641,12,12,12
2642,12,12,12
2643,12,12,12
2644,12,12,12
2645,12,12,12
2646,12,12,12
2647,12,12,12
2648,12,12,12
2649,12,12,12
2650,12,12,12
2651,12,12,12
2652,12,12,12
2653,12,12,12
2654,12,12,12
2655,12,12,12
2656,12,12,12
2657,12,12,12
2658,12,12,12
2659,12,12,12
2660,12,12,12
2661,12,12,12
2662,12,12,12
2663,12,12,12
2664,12,12,12
2665,12,12,12
2666,12,12,12
2667,12,12,12
2668,12,12,12
2669,12,12,12
2670,12,12,12
2671,12,12,12
2672,12,12,12
2673,12,12,12
2674,12,12,12
2675,12,12,12
2676,12,12,12
2677,12,12,12
2678,12,12,12
2679,12,12,12
2680,12,12,12
2681,12,12,12
2682,12,12,12
2683,12,12,12
2684,12,12,12
2685,12,12,12
2686,12,12,12
2687,12,12,12
2688,12,12,12
2689,12,12,12
2690,12,12,12
2691,12,12,12
2692,12,12,12
2693,12,12,12
2694,12,12,12
2695,12,12,12
2696,12,12,12
2697,12,12,12
2698,12,12,12
2699,12,12,12
2700,12,12,12
2701,12,12,12
2702,12,12,12
2703,12,12,12
2704,12,12,12
2705,12,12,12
2706,12,12,12
2707,12,12,12
2708,12,12,12
2709,12,12,12
2710,12,12,12
2711,12,12,12
2712,12,12,12
2713,12,12,12
2714,12,12,12
2715,12,12,12
2716,12,12,12
2717,12,12,12
2718,12,12,12
2719,12,12,12
2720,12,12,12
2721,12,12,12
2722,12,12,12
2723,12,12,12
2724,12,12,12
2725,12,12,12
2726,12,12,12
2727,12,12,12
2728,12,12,12
2729,12,12,12
2730,12,12,12
2731,12,12,12
2732,12,12,12
2733,12,12,12
2734,12,12,12
2735,12,12,12
2736,12,12,12
2737,12,12,12
2738,12,12,12
2739,12,12,12
2740,12,12,12
2741,12,12,12
2742,12,12,12
2743,12,12,12
2744,12,12,12
2745,12,12,12
2746,12,12,12
2747,12,12,12
2748,12,12,12
2749,12,12,12
2750,12,12,12
2751,12,12,12
2752,12,12,12
2753,12,12,12
2754,12,12,12
2755,12,12,12
2756,12,12,12
2757,12,12,12
2758,12,12,12
2759,12,12,12
2760,12,12,12
2761,12,12,12
2762,12,12,12
2763,12,12,12
2764,12,12,12
2765,12,12,12
2766,12,12,12
2767,12,12,12
2768,12,12,12
2769,12,12,12
2770,12,12,12
2771,12,12,12
2772,12,12,12
2773,12,12,12
2774,12,12,12
2775,12,12,12
2776,12,12,12
2777,12,12,12
2778,12,12,12
2779,12,12,12
2780,12,12,12
2781,12,12,12
2782,12,12,12
2783,12,12,12
2784,12,12,12
2785,12,12,12
2786,12,12,12
2787,12,12,12
2788,12,12,12
2789,12,12,12
2790,12,12,12
2791,12,12,12
2792,12,12,12
2793,12,12,12
2794,12,12,12
2795,12,12,12
2796,12,12,12
2797,12,12,12
2798,12,12,12
2799,12,12,12
2800,12,12,12
2801,12,12,12
2802,12,12,12
2803,12,12,12
2804,12,12,12
2805,12,12,12
2806,12,12,12
2807,12,12,12
2808,12,12,12
2809,12,12,12
2810,12,12,12
2811,12,12,12
2812,12,12,12
2813,12,12,12
2814,12,12,12
2815,12,12,12
2816,12,12,12
2817,12,12,12
2818,12,12,12
2819,12,12,12
2820,12,12,12
2821,12,12,12
2822,12,12,12
2823,12,12,12
2824,12,12,12
2825,12,12,12
2826,12,12,12
2827,12,12,12
2828,12,12,12
2829,12,12,12
2830,12,12,12
2831,12,12,12
2832,12,12,12
2833,12,12,12
2834,12,12,12
2835,12,12,12
2836,12,12,12
2837,12,12,12
2838,12,12,12
2839,12,12,12
2840,12,12,12
2841,12,12,12
2842,12,12,12
2843,12,12,12
2844,12,12,12
2845,12,12,12
2846,12,12,12
2847,12,12,12
2848,12,12,12
2849,12,12,12
2850,12,12,12
2851,12,12,12
2852,12,12,12
2853,12,12,12
2854,12,12,12
2855,12,12,12
2856,12,12,12
2857,12,12,12
2858,12,12,12
2859,12,12,12
2860,12,12,12
2861,12,12,12
2862,12,12,12
2863,12,12,12
2864,12,12,12
2865,12,12,12
2866,12,12,12
2867,12,12,12
2868,12,12,12
2869,12,12,12
2870,12,12,12
2871,12,12,12
2872,12,12,12
2873,12,12,12
2874,12,12,12
2875,12,12,12
2876,12,12,12
2877,12,12,12
2878,12,12,12
2879,12,12,12
2880,12,12,12
2881,12,12,12
2882,12,12,12
2883,12,12,12
2884,12,12,12
2885,12,12,12
2886,12,12,12
2887,12,12,12
2888,12,12,12
2889,12,12,12
2890,12,12,12
2891,12,12,12
2892,12,12,12
2893,12,12,12
2894,12,12,12
2895,12,12,12
2896,12,12,12
2897,12,12,12
2898,12,12,12
2899,12,12,12
2900,12,12,12
2901,12,12,12
2902,12,12,12
2903,12,12,12
2904,12,12,12
2905,12,12,12
2906,12,12,12
2907,12,12,12
2908,12,12,12
2909,12,12,12
2910,12,12,12
2911,12,12,12
2912,12,12,12
2913,12,12,12
2914,12,12,12
2915,12,12,12
2916,12,12,12
2917,12,12,12
2918,12,12,12
2919,12,12,12
2920,12,12,12
2921,12,12,12
2922,12,12,12
2923,12,12,12
2924,12,12,12
2925,12,12,12
2926,12,12,12
2927,12,12,12
2928,12,12,12
2929,12,12,12
2930,12,12,12
2931,12,12,12
2932,12,12,12
2933,12,12,12
2934,12,12,12
2935,12,12,12
2936,12,12,12
2937,12,12,12
2938,12,12,12
2939,12,12,12
2940,12,12,12
2941,12,12,12
2942,12,12,12
2943,12,12,12
2944,12,12,12
2945,12,12,12
2946,12,12,12
2947,12,12,12
2948,12,12,12
2949,12,12,12
2950,12,12,12
2951,12,12,12
2952,12,12,12
2953,12,12,12
2954,12,12,12
2955,12,12,12
2956,12,12,12
2957,12,12,12
2958,12,12,12
2959,12,12,12
2960,12,12,12
2961,12,12,12
2962,12,12,12
2963,12,12,12
2964,12,12,12
2965,12,12,12
2966,12,12,12
2967,12,12,12
2968,12,12,12
2969,12,12,12
2970,12,12,12
2971,12,12,12
2972,12,12,12
2973,12,12,12
2974,12,12,12
2975,12,12,12
2976,12,12,12
2977,12,12,12
2978,12,12,12
2979,12,12,12
2980,12,12,12
2981,12,12,12
2982,12,12,12
2983,12,12,12
2984,12,12,12
2985,12,12,12
2986,12,12,12
2987,12,12,12
2988,12,12,12
2989,12,12,12
2990,12,12,12
2991,12,12,12
2992,12,12,12
2993,12,12,12
2994,12,12,12
2995,12,12,12
2996,12,12,12
2997,12,12,12
2998,12,12,12
2999,12,12,12
3000,12,12,12
3001,12,12,12
3002,12,12,12
3003,12,12,12
3004,12,12,12
3005,12,12,12
3006,12,12,12
3007,12,12,12
3008,12,12,12
3009,12,12,12
3010,12,12,12
3011,12,12,12
3012,12,12,12
3013,12,12,12
3014,12,12,12
3015,12,12,12
3016,12,12,12
3017,12,12,12
3018,12,12,12
3019,12,12,12
3020,12,12,12
3021,12,12,12
3022,12,12,12
3023,12,12,12
3024,12,12,12
3025,12,12,12
3026,12,12,12
3027,12,12,12
3028,12,12,12
3029,12,12,12
3030,12,12,12
3031,12,12,12
3032,12,12,12
3033,12,12,12
3034,12,12,12
3035,12,12,12
3036,12,12,12
3037,12,12,12
3038,12,12,12
3039,12,12,12
3040,12,12,12
3041,12,12,12
3042,12,12,12
3043,12,12,12
3044,12,12,12
3045,12,12,12
3046,12,12,12
3047,12,12,12
3048,12,12,12
3049,12,12,12
3050,12,12,12
3051,12,12,12
3052,12,12,12
3053,12,12,12
3054,12,12,12
3055,12,12,12
3056,12,12,12
3057,12,12,12
3058,12,12,12
3059,12,12,12
3060,12,12,12
3061,12,12,12
3062,12,12,12
3063,12,12,12
3064,12,12,12
3065,12,12,12
3066,12,12,12
3067,12,12,12
3068,12,12,12
3069,12,12,12
3070,12,12,12
3071,12,12,12
3072,12,12,12
3073,12,12,12
3074,12,12,12
3075,12,12,12
3076,12,12,12
3077,12,12,12
3078,12,12,12
3079,12,12,12
3080,12,12,12
3081,12,12,12
3082,12,12,12
3083,12,12,12
3084,12,12,12
3085,12,12,12
3086,12,12,12
3087,12,12,12
3088,12,12,12
3089,12,12,12
3090,12,12,12
3091,12,12,12
3092,12,12,12
3093,12,12,12
3094,12,12,12
3095,12,12,12
3096,12,12,12
3097,12,12,12
3098,12,12,12
3099,12,12,12
3100,12,12,12
3101,12,12,12
3102,12,12,12
3103,12,12,12
3104,12,12,12
3105,12,12,12
3106,12,12,12
3107,12,12,12
3108,12,12,12
3109,12,12,12
3110,12,12,12
3111,12,12,12
3112,12,12,12
3113,12,12,12
3114,12,12,12
3115,12,12,12
3116,12,12,12
3117,12,12,12
3118,12,12,12
3119,12,12,12
3120,12,12,12
3121,12,12,12
3122,12,12,12
3123,12,12,12
3124,12,12,12
3125,12,12,12
3126,12,12,12
3127,12,12,12
3128,12,12,12
3129,12,12,12
3130,12,12,12
3131,12,12,12
3132,12,12,12
3133,12,12,12
3134,12,12,12
3135,12,12,12
3136,12,12,12
3137,12,12,12
3138,12,12,12
3139,12,12,12
3140,12,12,12
3141,12,12,12
3142,12,12,12
3143,12,12,12
3144,12,12,12
3145,12,12,12
3146,12,12,12
3147,12,12,12
3148,12,12,12
3149,12,12,12
3150,12,12,12
3151,12,12,12
3152,12,12,12
3153,12,12,12
3154,12,12,12
3155,12,12,12
3156,12,12,12
3157,12,12,12
3158,12,12,12
3159,12,12,12
3160,12,12,12
3161,12,12,12
3162,12,12,12
3163,12,12,12
3164,12,12,12
3165,12,12,12
3166,12,12,12
3167,12,12,12
3168,12,12,12
3169,12,12,12
3170,12,12,12
3171,12,12,12
3172,12,12,12
3173,12,12,12
3174,12,12,12
3175,12,12,12
3176,12,12,12
3177,12,12,12
3178,12,12,12
3179,12,12,12
3180,12,12,12
3181,12,12,12
3182,12,12,12
3183,12,12,12
3184,12,12,12
3185,12,12,12
3186,12,12,12
3187,12,12,12
3188,12,12,12
3189,12,12,12
3190,12,12,12
3191,12,12,12
3192,12,12,12
3193,12,12,12
3194,12,12,12
3195,12,12,12
3196,12,12,12
3197,12,12,12
3198,12,12,12
3199,12,12,12
3200,12,12,12
3201,12,12,12
3202,12,12,12
3203,12,12,12
3204,12,12,12
3205,12,12,12
3206,12,12,12
3207,12,12,12
3208,12,12,12
3209,12,12,12
3210,12,12,12
3211,12,12,12
3212,12,12,12
3213,12,12,12
3214,12,12,12
3215,12,12,12
3216,12,12,12
3217,12,12,12
3218,12,12,12
3219,12,12,12
3220,12,12,12
3221,12,12,12
3222,12,12,12
3223,12,12,12
3224,12,12,12
3225,12,12,12
3226,12,12,12
3227,12,12,12
3228,12,12,12
3229,12,12,12
3230,12,12,12
3231,12,12,12
3232,12,12,12
3233,12,12,12
3234,12,12,12
3235,12,12,12
3236,12,12,12
3237,12,12,12
3238,12,12,12
3239,12,12,12
3240,12,12,12
3241,12,12,12
3242,12,12,12
3243,12,12,12
3244,12,12,12
3245,12,12,12
3246,12,12,12
3247,12,12,12
3248,12,12,12
3249,12,12,12
3250,12,12,12
3251,12,12,12
3252,12,12,12
3253,12,12,12
3254,12,12,12
3255,12,12,12
3256,12,12,12
3257,12,12,12
3258,12,12,12
3259,12,12,12
3260,12,12,12
3261,12,12,12
3262,12,12,12
3263,12,12,12
3264,12,12,12
3265,12,12,12
3266,12,12,12
3267,12,12,12
3268,12,12,12
3269,12,12,12
3270,12,12,12
3271,12,12,12
3272,12,12,12
3273,12,12,12
3274,12,12,12
3275,12,12,12
3276,12,12,12
3277,12,12,12
3278,12,12,12
3279,12,12,12
3280,12,12,12
3281,12,12,12
3282,12,12,12
3283,12,12,12
3284,12,12,12
3285,12,12,12
3286,12,12,12
3287,12,12,12
3288,12,12,12
3289,12,12,12
3290,12,12,12
3291,12,12,12
3292,12,12,12
3293,12,12,12
3294,12,12,12
3295,12,12,12
3296,12,12,12
3297,12,12,12
3298,12,12,12
3299,12,12,12
3300,12,12,12
3301,12,12,12
3302,12,12,12
3303,12,12,12
3304,12,12,12
3305,12,12,12
3306,12,12,12
3307,12,12,12
3308,12,12,12
3309,12,12,12
3310,12,12,12
3311,12,12,12
3312,12,12,12
3313,12,12,12
3314,12,12,12
3315,12,12,12
3316,12,12,12
3317,12,12,12
3318,12,12,12
3319,12,12,12
3320,12,12,12
3321,12,12,12
3322,12,12,12
3323,12,12,12
3324,12,12,12
3325,12,12,12
3326,12,12,12
3327,12,12,12
3328,12,12,12
3329,12,12,12
3330,12,12,12
3331,12,12,12
3332,12,12,12
3333,12,12,12
3334,12,12,12
3335,12,12,12
3336,12,12,12
3337,12,12,12
3338,12,12,12
3339,12,12,12
3340,12,12,12
3341,12,12,12
3342,12,12,12
3343,12,12,12
3344,12,12,12
3345,12,12,12
3346,12,12,12
3347,12,12,12
3348,12,12,12
3349,12,12,12
3350,12,12,12
3351,12,12,12
3352,12,12,12
3353,12,12,12
3354,12,12,12
3355,12,12,12
3356,12,12,12
3357,12,12,12
3358,12,12,12
3359,12,12,12
3360,12,12,12
3361,12,12,12
3362,12,12,12
3363,12,12,12
3364,12,12,12
3365,12,12,12
3366,12,12,12
3367,12,12,12
3368,12,12,12
3369,12,12,12
3370,12,12,12
3371,12,12,12
3372,12,12,12
3373,12,12,12
3374,12,12,12
3375,12,12,12
3376,12,12,12
3377,12,12,12
3378,12,12,12
3379,12,12,12
3380,12,12,12
3381,12,12,12
3382,12,12,12
3383,12,12,12
3384,12,12,12
3385,12,12,12
3386,12,12,12
3387,12,12,12
3388,12,12,12
3389,12,12,12
3390,12,12,12
3391,12,12,12
3392,12,12,12
3393,12,12,12
3394,12,12,12
3395,12,12,12
3396,12,12,12
3397,12,12,12
3398,12,12,12
3399,12,12,12
3400,12,12,12
3401,12,12,12
3402,12,12,12
3403,12,12,12
3404,12,12,12
3405,12,12,12
3406,12,12,12
3407,12,12,12
3408,12,12,12
3409,12,12,12
3410,12,12,12
3411,12,12,12
3412,12,12,12
3413,12,12,12
3414,12,12,12
3415,12,12,12
3416,12,12,12
3417,12,12,12
3418,12,12,12
3419,12,12,12
3420,12,12,12
3421,12,12,12
3422,12,12,12
3423,12,12,12
3424,12,12,12
3425,12,12,12
3426,12,12,12
3427,12,12,12
3428,12,12,12
3429,12,12,12
3430,12,12,12
3431,12,12,12
3432,12,12,12
3433,12,12,12
3434,12,12,12
3435,12,12,12
3436,12,12,12
3437,12,12,12
3438,12,12,12
3439,12,12,12
3440,12,12,12
3441,12,12,12
3442,12,12,12
3443,12,12,12
3444,12,12,12
3445,12,12,12
3446,12,12,12
3447,12,12,12
3448,12,12,12
3449,12,12,12
3450,12,12,12
3451,12,12,12
3452,12,12,12
3453,12,12,12
3454,12,12,12
3455,12,12,12
3456,12,12,12
3457,12,12,12
3458,12,12,12
3459,12,12,12
3460,12,12,12
3461,12,12,12
3462,12,12,12
3463,12,12,12
3464,12,12,12
3465,12,12,12
3466,12,12,12
3467,12,12,12
3468,12,12,12
3469,12,12,12
3470,12,12,12
3471,12,12,12
3472,12,12,12
3473,12,12,12
3474,12,12,12
3475,12,12,12
3476,12,12,12
3477,12,12,12
3478,12,12,12
3479,12,12,12
3480,12,12,12
3481,12,12,12
3482,12,12,12
3483,12,12,12
3484,12,12,12
3485,12,12,12
3486,12,12,12
3487,12,12,12
3488,12,12,12
3489,12,12,12
3490,12,12,12
3491,12,12,12
3492,12,12,12
3493,12,12,12
3494,12,12,12
3495,12,12,12
3496,12,12,12
3497,12,12,12
3498,12,12,12
3499,12,12,12
3500,12,12,12
3501,12,12,12
3502,12,12,12
3503,12,12,12
3504,12,12,12
3505,12,12,12
3506,12,12,12
3507,12,12,12
3508,12,12,12
3509,12,12,12
3510,12,12,12
3511,12,12,12
3512,12,12,12
3513,12,12,12
3514,12,12,12
3515,12,12,12
3516,12,12,12
3517,12,12,12
3518,12,12,12
3519,12,12,12
3520,12,12,12
3521,12,12,12
3522,12,12,12
3523,12,12,12
3524,12,12,12
3525,12,12,12
3526,12,12,12
3527,12,12,12
3528,12,12,12
3529,12,12,12
3530,12,12,12
3531,12,12,12
3532,12,12,12
3533,12,12,12
3534,12,12,12
3535,12,12,12
3536,12,12,12
3537,12,12,12
3538,12,12,12
3539,12,12,12
3540,12,12,12
3541,12,12,12
3542,12,12,12
3543,12,12,12
3544,12,12,12
3545,12,12,12
3546,12,12,12
3547,12,12,12
3548,12,12,12
3549,12,12,12
3550,12,12,12
3551,12,12,12
3552,12,12,12
3553,12,12,12
3554,12,12,12
3555,12,12,12
3556,12,12,12
3557,12,12,12
3558,12,12,12
3559,12,12,12
3560,12,12,12
3561,12,12,12
3562,12,12,12
3563,12,12,12
3564,12,12,12
3565,12,12,12
3566,12,12,12
3567,12,12,12
3568,12,12,12
3569,12,12,12
3570,12,12,12
3571,12,12,12
3572,12,12,12
3573,12,12,12
3574,12,12,12
3575,12,12,12
3576,12,12,12
3577,12,12,12
3578,12,12,12
3579,12,12,12
3580,12,12,12
3581,12,12,12
3582,12,12,12
3583,12,12,12
3584,12,12,12
3585,12,12,12
3586,12,12,12
3587,12,12,12
3588,12,12,12
3589,12,12,12
3590,12,12,12
3591,12,12,12
3592,12,12,12
3593,12,12,12
3594,12,12,12
3595,12,12,12
3596,12,12,12
3597,12,12,12
3598,12,12,12
3599,12,12,12
3600,12,12,12
3601,12,12,12
3602,12,12,12
3603,12,12,12
3604,12,12,12
3605,12,12,12
3606,12,12,12
3607,12,12,12
3608,12,12,12
3609,12,12,12
3610,12,12,12
3611,12,12,12
3612,12,12,12
3613,12,12,12
3614,12,12,12
3615,12,12,12
3616,12,12,12
3617,12,12,12
3618,12,12,12
3619,12,12,12
3620,12,12,12
3621,12,12,12
3622,12,12,12
3623,12,12,12
3624,12,12,12
3625,12,12,12
3626,12,12,12
3627,12,12,12
3628,12,12,12
3629,12,12,12
3630,12,12,12
3631,12,12,12
3632,12,12,12
3633,12,12,12
3634,12,12,12
3635,12,12,12
3636,12,12,12
3637,12,12,12
3638,12,12,12
3639,12,12,12
3640,12,12,12
3641,12,12,12
3642,12,12,12
3643,12,12,12
3644,12,12,12
3645,12,12,12
3646,12,12,12
3647,12,12,12
3648,12,12,12
3649,12,12,12
3650,12,12,12
3651,12,12,12
3652,12,12,12
3653,12,12,12
3654,12,12,12
3655,12,12,12
3656,12,12,12
3657,12,12,12
3658,12,12,12
3659,12,12,12
3660,12,12,12
3661,12,12,12
3662,12,12,12
3663,12,12,12
3664,12,12,12
3665,12,12,12
3666,12,12,12
3667,12,12,12
3668,12,12,12
3669,12,12,12
3670,12,12,12
3671,12,12,12
3672,12,12,12
3673,12,12,12
3674,12,12,12
3675,12,12,12
3676,12,12,12
3677,12,12,12
3678,12,12,12
3679,12,12,12
3680,12,12,12
3681,12,12,12
3682,12,12,12
3683,12,12,12
3684,12,12,12
3685,12,12,12
3686,12,12,12
3687,12,12,12
3688,12,12,12
3689,12,12,12
3690,12,12,12
3691,12,12,12
3692,12,12,12
3693,12,12,12
3694,12,12,12
3695,12,12,12
3696,12,12,12
3697,12,12,12
3698,12,12,12
3699,12,12,12
3700,12,12,12
3701,12,12,12
3702,12,12,12
3703,12,12,12
3704,12,12,12
3705,12,12,12
3706,12,12,12
3707,12,12,12
3708,12,12,12
3709,12,12,12
3710,12,12,12
3711,12,12,12
3712,12,12,12
3713,12,12,12
3714,12,12,12
3715,12,12,12
3716,12,12,12
3717,12,12,12
3718,12,12,12
3719,12,12,12
3720,12,12,12
3721,12,12,12
3722,12,12,12
3723,12,12,12
3724,12,12,12
3725,12,12,12
3726,12,12,12
3727,12,12,12
3728,12,12,12
3729,12,12,12
3730,12,12,12
3731,12,12,12
3732,12,12,12
3733,12,12,12
3734,12,12,12
3735,12,12,12
3736,12,12,12
3737,12,12,12
3738,12,12,12
3739,12,12,12
3740,12,12,12
3741,12,12,12
3742,12,12,12
3743,12,12,12
3744,12,12,12
3745,12,12,12
3746,12,12,12
3747,12,12,12
3748,12,12,12
3749,12,12,12
3750,12,12,12
3751,12,12,12
3752,12,12,12
3753,12,12,12
3754,12,12,12
3755,12,12,12
3756,12,12,12
3757,12,12,12
3758,12,12,12
3759,12,12,12
3760,12,12,12
3761,12,12,12
3762,12,12,12
3763,12,12,12
3764,12,12,12
3765,12,12,12
3766,12,12,12
3767,12,12,12
3768,12,12,12
3769,12,12,12
3770,12,12,12
3771,12,12,12
3772,12,12,12
3773,12,12,12
3774,12,12,12
3775,12,12,12
3776,12,12,12
3777,12,12,12
3778,12,12,12
3779,12,12,12
3780,12,12,12
3781,12,12,12
3782,12,12,12
3783,12,12,12
3784,12,12,12
3785,12,12,12
3786,12,12,12
3787,12,12,12
3788,12,12,12
3789,12,12,12
3790,12,12,12
3791,12,12,12
3792,12,12,12
3793,12,12,12
3794,12,12,12
3795,12,12,12
3796,12,12,12
3797,12,12,12
3798,12,12,12
3799,12,12,12
3800,12,12,12
3801,12,12,12
3802,12,12,12
3803,12,12,12
3804,12,12,12
3805,12,12,12
3806,12,12,12
3807,12,12,12
3808,12,12,12
3809,12,12,12
3810,12,12,12
3811,12,12,12
3812,12,12,12
3813,12,12,12
3814,12,12,12
3815,12,12,12
3816,12,12,12
3817,12,12,12
3818,12,12,12
3819,12,12,12
3820,12,12,12
3821,12,12,12
3822,12,12,12
3823,12,12,12
3824,12,12,12
3825,12,12,12
3826,12,12,12
3827,12,12,12
3828,12,12,12
3829,12,12,12
3830,12,12,12
3831,12,12,12
3832,12,12,12
3833,12,12,12
3834,12,12,12
3835,12,12,12
3836,12,12,12
3837,12,12,12
3838,12,12,12
3839,12,12,12
3840,12,12,12
3841,12,12,12
3842,12,12,12
3843,12,12,12
3844,12,12,12
3845,12,12,12
3846,12,12,12
3847,12,12,12
3848,12,12,12
3849,12,12,12
3850,12,12,12
3851,12,12,12
3852,12,12,12
3853,12,12,12
3854,12,12,12
3855,12,12,12
3856,12,12,12
3857,12,12,12
3858,12,12,12
3859,12,12,12
3860,12,12,12
3861,12,12,12
3862,12,12,12
3863,12,12,12
3864,12,12,12
3865,12,12,12
3866,12,12,12
3867,12,12,12
3868,12,12,12
3869,12,12,12
3870,12,12,12
3871,12,12,12
3872,12,12,12
3873,12,12,12
3874,12,12,12
3875,12,12,12
3876,12,12,12
3877,12,12,12
3878,12,12,12
3879,12,12,12
3880,12,12,12
3881,12,12,12
3882,12,12,12
3883,12,12,12
3884,12,12,12
3885,12,12,12
3886,12,12,12
3887,12,12,12
3888,12,12,12
3889,12,12,12
3890,12,12,12
3891,12,12,12
3892,12,12,12
3893,12,12,12
3894,12,12,12
3895,12,12,12
3896,12,12,12
3897,12,12,12
3898,12,12,12
3899,12,12,12
3900,12,12,12
3901,12,12,12
3902,12,12,12
3903,12,12,12
3904,12,12,12
3905,12,12,12
3906,12,12,12
3907,12,12,12
3908,12,12,12
3909,12,12,12
3910,12,12,12
3911,12,12,12
3912,12,12,12
3913,12,12,12
3914,12,12,12
3915,12,12,12
3916,12,12,12
3917,12,12,12
3918,12,12,12
3919,12,12,12
3920,12,12,12
3921,12,12,12
3922,12,12,12
3923,12,12,12
3924,12,12,12
3925,12,12,12
3926,12,12,12
3927,12,12,12
3928,12,12,12
3929,12,12,12
3930,12,12,12
3931,12,12,12
3932,12,12,12
3933,12,12,12
3934,12,12,12
3935,12,12,12
3936,12,12,12
3937,12,12,12
3938,12,12,12
3939,12,12,12
3940,12,12,12
3941,12,12,12
3942,12,12,12
3943,12,12,12
3944,12,12,12
3945,12,12,12
3946,12,12,12
3947,12,12,12
3948,12,12,12
3949,12,12,12
3950,12,12,12
3951,12,12,12
3952,12,12,12
3953,12,12,12
3954,12,12,12
3955,12,12,12
3956,12,12,12
3957,12,12,12
3958,12,12,12
3959,12,12,12
3960,12,12,12
3961,12,12,12
3962,12,12,12
3963,12,12,12
3964,12,12,12
3965,12,12,12
3966,12,12,12
3967,12,12,12
3968,12,12,12
3969,12,12,12
3970,12,12,12
3971,12,12,12
3972,12,12,12
3973,12,12,12
3974,12,12,12
3975,12,12,12
3976,12,12,12
3977,12,12,12
3978,12,12,12
3979,12,12,12
3980,12,12,12
3981,12,12,12
3982,12,12,12
3983,12,12,12
3984,12,12,12
3985,12,12,12
3986,12,12,12
3987,12,12,12
3988,12,12,12
3989,12,12,12
3990,12,12,12
3991,12,12,12
3992,12,12,12
3993,12,12,12
3994,12,12,12
3995,12,12,12
3996,12,12,12
3997,12,12,12
3998,12,12,12
3999,12,12,12
4000,12,12,12
4001,12,12,12
4002,12,12,12
4003,12,12,12
4004,12,12,12
4005,12,12,12
4006,12,12,12
4007,12,12,12
4008,12,12,12
4009,12,12,12
4010,12,12,12
4011,12,12,12
4012,12,12,12
4013,12,12,12
4014,12,12,12
4015,12,12,12
4016,12,12,12
4017,12,12,12
4018,12,12,12
4019,12,12,12
4020,12,12,12
4021,12,12,12
4022,12,12,12
4023,12,12,12
4024,12,12,12
4025,12,12,12
4026,12,12,12
4027,12,12,12
4028,12,12,12
4029,12,12,12
4030,12,12,12
4031,12,12,12
4032,12,12,12
4033,12,12,12
4034,12,12,12
4035,12,12,12
4036,12,12,12
4037,12,12,12
4038,12,12,12
4039,12,12,12
4040,12,12,12
4041,12,12,12
4042,12,12,12
4043,12,12,12
4044,12,12,12
4045,12,12,12
4046,12,12,12
4047,12,12,12
4048,12,12,12
4049,12,12,12
4050,12,12,12
4051,12,12,12
4052,12,12,12
4053,12,12,12
4054,12,12,12
4055,12,12,12
4056,12,12,12
4057,12,12,12
4058,12,12,12
4059,12,12,12
4060,12,12,12
4061,12,12,12
4062,12,12,12
4063,12,12,12
4064,12,12,12
4065,12,12,12
4066,12,12,12
4067,12,12,12
4068,12,12,12
4069,12,12,12
4070,12,12,12
4071,12,12,12
4072,12,12,12
4073,12,12,12
4074,12,12,12
4075,12,12,12
4076,12,12,12
4077,12,12,12
4078,12,12,12
4079,12,12,12
4080,12,12,12
4081,12,12,12
4082,12,12,12
4083,12,12,12
4084,12,12,12
4085,12,12,12
4086,12,12,12
4087,12,12,12
4088,12,12,12
4089,12,12,12
4090,12,12,12
4091,12,12,12
4092,12,12,12
4093,12,12,12
4094,12,12,12
4095,12,12,12
4096,12,12,12
4097,12,12,12
4098,12,12,12
4099,12,12,12
4100,12,12,12
4101,12,12,12
4102,12,12,12
4103,12,12,12
4104,12,12,12
4105,12,12,12
4106,12,12,12
4107,12,12,12
4108,12,12,12
4109,12,12,12
4110,12,12,12
4111,12,12,12
4112,12,12,12
4113,12,12,12
4114,12,12,12
4115,12,12,12
4116,12,12,12
4117,12,12,12
4118,12,12,12
4119,12,12,12
4120,12,12,12
4121,12,12,12
4122,12,12,12
4123,12,12,12
4124,12,12,12
4125,12,12,12
4126,12,12,12
4127,12,12,12
4128,12,12,12
4129,12,12,12
4130,12,12,12
4131,12,12,12
4132,12,12,12
4133,12,12,12
4134,12,12,12
4135,12,12,12
4136,12,12,12
4137,12,12,12
4138,12,12,12
4139,12,12,12
4140,12,12,12
4141,12,12,12
4142,12,12,12
4143,12,12,12
4144,12,12,12
4145,12,12,12
4146,12,12,12
4147,12,12,12
4148,12,12,12
4149,12,12,12
4150,12,12,12
4151,12,12,12
4152,12,12,12
4153,12,12,12
4154,12,12,12
4155,12,12,12
4156,12,12,12
4157,12,12,12
4158,12,12,12
4159,12,12,12
4160,12,12,12
4161,12,12,12
4162,12,12,12
4163,12,12,12
4164,12,12,12
4165,12,12,12
4166,12,12,12
4167,12,12,12
4168,12,12,12
4169,12,12,12
4170,12,12,12
4171,12,12,12
4172,12,12,12
4173,12,12,12
4174,12,12,12
4175,12,12,12
4176,12,12,12
4177,12,12,12
4178,12,12,12
4179,12,12,12
4180,12,12,12
4181,12,12,12
4182,12,12,12
4183,12,12,12
4184,12,12,12
4185,12,12,12
4186,12,12,12
4187,12,12,12
4188,12,12,12
4189,12,12,12
4190,12,12,12
4191,12,12,12
4192,12,12,12
4193,12,12,12
4194,12,12,12
4195,12,12,12
4196,12,12,12
4197,12,12,12
4198,12,12,12
4199,12,12,12
4200,12,12,12
4201,12,12,12
4202,12,12,12
4203,12,12,12
4204,12,12,12
4205,12,12,12
4206,12,12,12
4207,12,12,12
4208,12,12,12
4209,12,12,12
4210,12,12,12
4211,12,12,12
4212,12,12,12
4213,12,12,12
4214,12,12,12
4215,12,12,12
4216,12,12,12
4217,12,12,12
4218,12,12,12
4219,12,12,12
4220,12,12,12
4221,12,12,12
4222,12,12,12
4223,12,12,12
4224,12,12,12
4225,12,12,12
4226,12,12,12
4227,12,12,12
4228,12,12,12
4229,12,12,12
4230,12,12,12
4231,12,12,12
4232,12,12,12
4233,12,12,12
4234,12,12,12
4235,12,12,12
4236,12,12,12
4237,12,12,12
4238,12,12,12
4239,12,12,12
4240,12,12,12
4241,12,12,12
4242,12,12,12
4243,12,12,12
4244,12,12,12
4245,12,12,12
4246,12,12,12
4247,12,12,12
4248,12,12,12
4249,12,12,12
4250,12,12,12
4251,12,12,12
4252,12,12,12
4253,12,12,12
4254,12,12,12
4255,12,12,12
4256,12,12,12
4257,12,12,12
4258,12,12,12
4259,12,12,12
4260,12,12,12
4261,12,12,12
4262,12,12,12
4263,12,12,12
4264,12,12,12
4265,12,12,12
4266,12,12,12
4267,12,12,12
4268,12,12,12
4269,12,12,12
4270,12,12,12
4271,12,12,12
4272,12,12,12
4273,12,12,12
4274,12,12,12
4275,12,12,12
4276,12,12,12
4277,12,12,12
4278,12,12,12
4279,12,12,12
4280,12,12,12
4281,12,12,12
4282,12,12,12
4283,12,12,12
4284,12,12,12
4285,12,12,12
4286,12,12,12
4287,12,12,12
4288,12,12,12
4289,12,12,12
4290,12,12,12
4291,12,12,12
4292,12,12,12
4293,12,12,12
4294,12,12,12
4295,12,12,12
4296,12,12,12
4297,12,12,12
4298,12,12,12
4299,12,12,12
4300,12,12,12
4301,12,12,12
4302,12,12,12
4303,12,12,12
4304,12,12,12
4305,12,12,12
4306,12,12,12
4307,12,12,12
4308,12,12,12
4309,12,12,12
4310,12,12,12
4311,12,12,12
4312,12,12,12
4313,12,12,12
4314,12,12,12
4315,12,12,12
4316,12,12,12
4317,12,12,12
4318,12,12,12
4319,12,12,12
4320,12,12,12
4321,12,12,12
4322,12,12,12
4323,12,12,12
4324,12,12,12
4325,12,12,12
4326,12,12,12
4327,12,12,12
4328,12,12,12
4329,12,12,12
4330,12,12,12
4331,12,12,12
4332,12,12,12
4333,12,12,12
4334,12,12,12
4335,12,12,12
4336,12,12,12
4337,12,12,12
4338,12,12,12
4339,12,12,12
4340,12,12,12
4341,12,12,12
4342,12,12,12
4343,12,12,12
4344,12,12,12
4345,12,12,12
4346,12,12,12
4347,12,12,12
4348,12,12,12
4349,12,12,12
4350,12,12,12
4351,12,12,12
4352,12,12,12
4353,12,12,12
4354,12,12,12
4355,12,12,12
4356,12,12,12
4357,12,12,12
4358,12,12,12
4359,12,12,12
4360,12,12,12
4361,12,12,12
4362,12,12,12
4363,12,12,12
4364,12,12,12
4365,12,12,12
4366,12,12,12
4367,12,12,12
4368,12,12,12
4369,12,12,12
4370,12,12,12
4371,12,12,12
4372,12,12,12
4373,12,12,12
4374,12,12,12
4375,12,12,12
4376,12,12,12
4377,12,12,12
4378,12,12,12
4379,12,12,12
4380,12,12,12
4381,12,12,12
4382,12,12,12
4383,12,12,12
4384,12,12,12
4385,12,12,12
4386,12,12,12
4387,12,12,12
4388,12,12,12
4389,12,12,12
4390,12,12,12
4391,12,12,12
4392,12,12,12
4393,12,12,12
4394,12,12,12
4395,12,12,12
4396,12,12,12
4397,12,12,12
4398,12,12,12
4399,12,12,12
4400,12,12,12
4401,12,12,12
4402,12,12,12
4403,12,12,12
4404,12,12,12
4405,12,12,12
4406,12,12,12
4407,12,12,12
4408,12,12,12
4409,12,12,12
4410,12,12,12
4411,12,12,12
4412,12,12,12
4413,12,12,12
4414,12,12,12
4415,12,12,12
4416,12,12,12
4417,12,12,12
4418,12,12,12
4419,12,12,12
4420,12,12,12
4421,12,12,12
4422,12,12,12
4423,12,12,12
4424,12,12,12
4425,12,12,12
4426,12,12,12
4427,12,12,12
4428,12,12,12
4429,12,12,12
4430,12,12,12
4431,12,12,12
4432,12,12,12
4433,12,12,12
4434,12,12,12
4435,12,12,12
4436,12,12,12
4437,12,12,12
4438,12,12,12
4439,12,12,12
4440,12,12,12
4441,12,12,12
4442,12,12,12
4443,12,12,12
4444,12,12,12
4445,12,12,12
4446,12,12,12
4447,12,12,12
4448,12,12,12
4449,12,12,12
4450,12,12,12
4451,12,12,12
4452,12,12,12
4453,12,12,12
4454,12,12,12
4455,12,12,12
4456,12,12,12
4457,12,12,12
4458,12,12,12
4459,12,12,12
4460,12,12,12
4461,12,12,12
4462,12,12,12
4463,12,12,12
4464,12,12,12
4465,12,12,12
4466,12,12,12
4467,12,12,12
4468,12,12,12
4469,12,12,12
4470,12,12,12
4471,12,12,12
4472,12,12,12
4473,12,12,12
4474,12,12,12
4475,12,12,12
4476,12,12,12
4477,12,12,12
4478,12,12,12
4479,12,12,12
4480,12,12,12
4481,12,12,12
4482,12,12,12
4483,12,12,12
4484,12,12,12
4485,12,12,12
4486,12,12,12
4487,12,12,12
4488,12,12,12
4489,12,12,12
4490,12,12,12
4491,12,12,12
4492,12,12,12
4493,12,12,12
4494,12,12,12
4495,12,12,12
4496,12,12,12
4497,12,12,12
4498,12,12,12
4499,12,12,12
4500,12,12,12
4501,12,12,12
4502,12,12,12
4503,12,12,12
4504,12,12,12
4505,12,12,12
4506,12,12,12
4507,12,12,12
4508,12,12,12
4509,12,12,12
4510,12,12,12
4511,12,12,12
4512,12,12,12
4513,12,12,12
4514,12,12,12
4515,12,12,12
4516,12,12,12
4517,12,12,12
4518,12,12,12
4519,12,12,12
4520,12,12,12
4521,12,12,12
4522,12,12,12
4523,12,12,12
4524,12,12,12
4525,12,12,12
4526,12,12,12
4527,12,12,12
4528,12,12,12
4529,12,12,12
4530,12,12,12
4531,12,12,12
4532,12,12,12
4533,12,12,12
4534,12,12,12
4535,12,12,12
4536,12,12,12
4537,12,12,12
4538,12,12,12
4539,12,12,12
4540,12,12,12
4541,12,12,12
4542,12,12,12
4543,12,12,12
4544,12,12,12
4545,12,12,12
4546,12,12,12
4547,12,12,12
4548,12,12,12
4549,12,12,12
4550,12,12,12
4551,12,12,12
4552,12,12,12
4553,12,12,12
4554,12,12,12
4555,12,12,12
4556,12,12,12
4557,12,12,12
4558,12,12,12
4559,12,12,12
4560,12,12,12
4561,12,12,12
4562,12,12,12
4563,12,12,12
4564,12,12,12
4565,12,12,12
4566,12,12,12
4567,12,12,12
4568,12,12,12
4569,12,12,12
4570,12,12,12
4571,12,12,12
4572,12,12,12
4573,12,12,12
4574,12,12,12
4575,12,12,12
4576,12,12,12
4577,12,12,12
4578,12,12,12
4579,12,12,12
4580,12,12,12
4581,12,12,12
4582,12,12,12
4583,12,12,12
4584,12,12,12
4585,12,12,12
4586,12,12,12
4587,12,12,12
4588,12,12,12
4589,12,12,12
4590,12,12,12
4591,12,12,12
4592,12,12,12
4593,12,12,12
4594,12,12,12
4595,12,12,12
4596,12,12,12
4597,12,12,12
4598,12,12,12
4599,12,12,12
4600,12,12,12
4601,12,12,12
4602,12,12,12
4603,12,12,12
4604,12,12,12
4605,12,12,12
4606,12,12,12
4607,12,12,12
4608,12,12,12
4609,12,12,12
4610,12,12,12
4611,12,12,12
4612,12,12,12
4613,12,12,12
4614,12,12,12
4615,12,12,12
4616,12,12,12
4617,12,12,12
4618,12,12,12
4619,12,12,12
4620,12,12,12
4621,12,12,12
4622,12,12,12
4623,12,12,12
4624,12,12,12
4625,12,12,12
4626,12,12,12
4627,12,12,12
4628,12,12,12
4629,12,12,12
4630,12,12,12
4631,12,12,12
4632,12,12,12
4633,12,12,12
4634,12,12,12
4635,12,12,12
4636,12,12,12
4637,12,12,12
4638,12,12,12
4639,12,12,12
4640,12,12,12
4641,12,12,12
4642,12,12,12
4643,12,12,12
4644,12,12,12
4645,12,12,12
4646,12,12,12
4647,12,12,12
4648,12,12,12
4649,12,12,12
4650,12,12,12
4651,12,12,12
4652,12,12,12
4653,12,12,12
4654,12,12,12
4655,12,12,12
4656,12,12,12
4657,12,12,12
4658,12,12,12
4659,12,12,12
4660,12,12,12
4661,12,12,12
4662,12,12,12
4663,12,12,12
4664,12,12,12
4665,12,12,12
4666,12,12,12
4667,12,12,12
4668,12,12,12
4669,12,12,12
4670,12,12,12
4671,12,12,12
4672,12,12,12
4673,12,12,12
4674,12,12,12
4675,12,12,12
4676,12,12,12
4677,12,12,12
4678,12,12,12
4679,12,12,12
4680,12,12,12
4681,12,12,12
4682,12,12,12
4683,12,12,12
4684,12,12,12
4685,12,12,12
4686,12,12,12
4687,12,12,12
4688,12,12,12
4689,12,12,12
4690,12,12,12
4691,12,12,12
4692,12,12,12
4693,12,12,12
4694,12,12,12
4695,12,12,12
4696,12,12,12
4697,12,12,12
4698,12,12,12
4699,12,12,12
4700,12,12,12
4701,12,12,12
4702,12,12,12
4703,12,12,12
4704,12,12,12
4705,12,12,12
4706,12,12,12
4707,12,12,12
4708,12,12,12
4709,12,12,12
4710,12,12,12
4711,12,12,12
4712,12,12,12
4713,12,12,12
4714,12,12,12
4715,12,12,12
4716,12,12,12
4717,12,12,12
4718,12,12,12
4719,12,12,12
4720,12,12,12
4721,12,12,12
4722,12,12,12
4723,12,12,12
4724,12,12,12
4725,12,12,12
4726,12,12,12
4727,12,12,12
4728,12,12,12
4729,12,12,12
4730,12,12,12
4731,12,12,12
4732,12,12,12
4733,12,12,12
4734,12,12,12
4735,12,12,12
4736,12,12,12
4737,12,12,12
4738,12,12,12
4739,12,12,12
4740,12,12,12
4741,12,12,12
4742,12,12,12
4743,12,12,12
4744,12,12,12
4745,12,12,12
4746,12,12,12
4747,12,12,12
4748,12,12,12
4749,12,12,12
4750,12,12,12
4751,12,12,12
4752,12,12,12
4753,12,12,12
4754,12,12,12
4755,12,12,12
4756,12,12,12
4757,12,12,12
4758,12,12,12
4759,12,12,12
4760,12,12,12
4761,12,12,12
4762,12,12,12
4763,12,12,12
4764,12,12,12
4765,12,12,12
4766,12,12,12
4767,12,12,12
4768,12,12,12
4769,12,12,12
4770,12,12,12
4771,12,12,12
4772,12,12,12
4773,12,12,12
4774,12,12,12
4775,12,12,12
4776,12,12,12
4777,12,12,12
4778,12,12,12
4779,12,12,12
4780,12,12,12
4781,12,12,12
4782,12,12,12
4783,12,12,12
4784,12,12,12
4785,12,12,12
4786,12,12,12
4787,12,12,12
4788,12,12,12
4789,12,12,12
4790,12,12,12
4791,12,12,12
4792,12,12,12
4793,12,12,12
4794,12,12,12
4795,12,12,12
4796,12,12,12
4797,12,12,12
4798,12,12,12
4799,12,12,12
4800,12,12,12
4801,12,12,12
4802,12,12,12
4803,12,12,12
4804,12,12,12
4805,12,12,12
4806,12,12,12
4807,12,12,12
4808,12,12,12
4809,12,12,12
4810,12,12,12
4811,12,12,12
4812,12,12,12
4813,12,12,12
4814,12,12,12
4815,12,12,12
4816,12,12,12
4817,12,12,12
4818,12,12,12
4819,12,12,12
4820,12,12,12
4821,12,12,12
4822,12,12,12
4823,12,12,12
4824,12,12,12
4825,12,12,12
4826,12,12,12
4827,12,12,12
4828,12,12,12
4829,12,12,12
4830,12,12,12
4831,12,12,12
4832,12,12,12
4833,12,12,12
4834,12,12,12
4835,12,12,12
4836,12,12,12
4837,12,12,12
4838,12,12,12
4839,12,12,12
4840,12,12,12
4841,12,12,12
4842,12,12,12
4843,12,12,12
4844,12,12,12
4845,12,12,12
4846,12,12,12
4847,12,12,12
4848,12,12,12
4849,12,12,12
4850,12,12,12
4851,12,12,12
4852,12,12,12
4853,12,12,12
4854,12,12,12
4855,12,12,12
4856,12,12,12
4857,12,12,12
4858,12,12,12
4859,12,12,12
4860,12,12,12
4861,12,12,12
4862,12,12,12
4863,12,12,12
4864,12,12,12
4865,12,12,12
4866,12,12,12
4867,12,12,12
4868,12,12,12
4869,12,12,12
4870,12,12,12
4871,12,12,12
4872,12,12,12
4873,12,12,12
4874,12,12,12
4875,12,12,12
4876,12,12,12
4877,12,12,12
4878,12,12,12
4879,12,12,12
4880,12,12,12
4881,12,12,12
4882,12,12,12
4883,12,12,12
4884,12,12,12
4885,12,12,12
4886,12,12,12
4887,12,12,12
4888,12,12,12
4889,12,12,12
4890,12,12,12
4891,12,12,12
4892,12,12,12
4893,12,12,12
4894,12,12,12
4895,12,12,12
4896,12,12,12
4897,12,12,12
4898,12,12,12
4899,12,12,12
4900,12,12,12
4901,12,12,12
4902,12,12,12
4903,12,12,12
4904,12,12,12
4905,12,12,12
4906,12,12,12
4907,12,12,12
4908,12,12,12
4909,12,12,12
4910,12,12,12
4911,12,12,12
4912,12,12,12
4913,12,12,12
4914,12,12,12
4915,12,12,12
4916,12,12,12
4917,12,12,12
4918,12,12,12
4919,12,12,12
4920,12,12,12
4921,12,12,12
4922,12,12,12
4923,12,12,12
4924,12,12,12
4925,12,12,12
4926,12,12,12
4927,12,12,12
4928,12,12,12
4929,12,12,12
4930,12,12,12
4931,12,12,12
4932,12,12,12
4933,12,12,12
4934,12,12,12
4935,12,12,12
4936,12,12,12
4937,12,12,12
4938,12,12,12
4939,12,12,12
4940,12,12,12
4941,12,12,12
4942,12,12,12
4943,12,12,12
4944,12,12,12
4945,12,12,12
4946,12,12,12
4947,12,12,12
4948,12,12,12
4949,12,12,12
4950,12,12,12
4951,12,12,12
4952,12,12,12
4953,12,12,12
4954,12,12,12
4955,12,12,12
4956,12,12,12
4957,12,12,12
4958,12,12,12
4959,12,12,12
4960,12,12,12
4961,12,12,12
4962,12,12,12
4963,12,12,12
4964,12,12,12
4965,12,12,12
4966,12,12,12
4967,12,12,12
4968,12,12,12
4969,12,12,12
4970,12,12,12
4971,12,12,12
4972,12,12,12
4973,12,12,12
4974,12,12,12
4975,12,12,12
4976,12,12,12
4977,12,12,12
4978,12,12,12
4979,12,12,12
4980,12,12,12
4981,12,12,12
4982,12,12,12
4983,12,12,12
4984,12,12,12
4985,12,12,12
4986,12,12,12
4987,12,12,12
4988,12,12,12
4989,12,12,12
4990,12,12,12
4991,12,12,12
4992,12,12,12
4993,12,12,12
4994,12,12,12
4995,12,12,12
4996,12,12,12
4997,12,12,12
4998,12,12,12
4999,12,12,12
5000,12,12,12
5001,12,12,12
5002,12,12,12
5003,12,12,12
5004,12,12,12
5005,12,12,12
5006,12,12,12
5007,12,12,12
5008,12,12,12
5009,12,12,12
5010,12,12,12
5011,12,12,12
5012,12,12,12
5013,12,12,12
5014,12,12,12
5015,12,12,12
5016,12,12,12
5017,12,12,12
5018,12,12,12
5019,12,12,12
5020,12,12,12
5021,12,12,12
5022,12,12,12
5023,12,12,12
5024,12,12,12
5025,12,12,12
5026,12,12,12
5027,12,12,12
5028,12,12,12
5029,12,12,12
5030,12,12,12
5031,12,12,12
5032,12,12,12
5033,12,12,12
5034,12,12,12
5035,12,12,12
5036,12,12,12
5037,12,12,12
5038,12,12,12
5039,12,12,12
5040,12,12,12
5041,12,12,12
5042,12,12,12
5043,12,12,12
5044,12,12,12
5045,12,12,12
5046,12,12,12
5047,12,12,12
5048,12,12,12
5049,12,12,12
5050,12,12,12
5051,12,12,12
5052,12,12,12
5053,12,12,12
5054,12,12,12
5055,12,12,12
5056,12,12,12
5057,12,12,12
5058,12,12,12
5059,12,12,12
5060,12,12,12
5061,12,12,12
5062,12,12,12
5063,12,12,12
5064,12,12,12
5065,12,12,12
5066,12,12,12
5067,12,12,12
5068,12,12,12
5069,12,12,12
5070,12,12,12
5071,12,12,12
5072,12,12,12
5073,12,12,12
5074,12,12,12
5075,12,12,12
5076,12,12,12
5077,12,12,12
5078,12,12,12
5079,12,12,12
5080,12,12,12
5081,12,12,12
5082,12,12,12
5083,12,12,12
5084,12,12,12
5085,12,12,12
5086,12,12,12
5087,12,12,12
5088,12,12,12
5089,12,12,12
5090,12,12,12
5091,12,12,12
5092,12,12,12
5093,12,12,12
5094,12,12,12
5095,12,12,12
5096,12,12,12
5097,12,12,12
5098,12,12,12
5099,12,12,12
5100,12,12,12
5101,12,12,12
5102,12,12,12
5103,12,12,12
5104,12,12,12
5105,12,12,12
5106,12,12,12
5107,12,12,12
5108,12,12,12
5109,12,12,12
5110,12,12,12
5111,12,12,12
5112,12,12,12
5113,12,12,12
5114,12,12,12
5115,12,12,12
5116,12,12,12
5117,12,12,12
5118,12,12,12
5119,12,12,12
5120,12,12,12
5121,12,12,12
5122,12,12,12
5123,12,12,12
5124,12,12,12
5125,12,12,12
5126,12,12,12
5127,12,12,12
5128,12,12,12
5129,12,12,12
5130,12,12,12
5131,12,12,12
5132,12,12,12
5133,12,12,12
5134,12,12,12
5135,12,12,12
5136,12,12,12
5137,12,12,12
5138,12,12,12
5139,12,12,12
5140,12,12,12
5141,12,12,12
5142,12,12,12
5143,12,12,12
5144,12,12,12
5145,12,12,12
5146,12,12,12
5147,12,12,12
5148,12,12,12
5149,12,12,12
5150,12,12,12
5151,12,12,12
5152,12,12,12
5153,12,12,12
5154,12,12,12
5155,12,12,12
5156,12,12,12
5157,12,12,12
5158,12,12,12
5159,12,12,12
5160,12,12,12
5161,12,12,12
5162,12,12,12
5163,12,12,12
5164,12,12,12
5165,12,12,12
5166,12,12,12
5167,12,12,12
5168,12,12,12
5169,12,12,12
5170,12,12,12
5171,12,12,12
5172,12,12,12
5173,12,12,12
5174,12,12,12
5175,12,12,12
5176,12,12,12
5177,12,12,12
5178,12,12,12
5179,12,12,12
5180,12,12,12
5181,12,12,12
5182,12,12,12
5183,12,12,12
5184,12,12,12
5185,12,12,12
5186,12,12,12
5187,12,12,12
5188,12,12,12
5189,12,12,12
5190,12,12,12
5191,12,12,12
5192,12,12,12
5193,12,12,12
5194,12,12,12
5195,12,12,12
5196,12,12,12
5197,12,12,12
5198,12,12,12
5199,12,12,12
5200,12,12,12
5201,12,12,12
5202,12,12,12
5203,12,12,12
5204,12,12,12
5205,12,12,12
5206,12,12,12
5207,12,12,12
5208,12,12,12
5209,12,12,12
5210,12,12,12
5211,12,12,12
5212,12,12,12
5213,12,12,12
5214,12,12,12
5215,12,12,12
5216,12,12,12
5217,12,12,12
5218,12,12,12
5219,12,12,12
5220,12,12,12
5221,12,12,12
5222,12,12,12
5223,12,12,12
5224,12,12,12
5225,12,12,12
5226,12,12,12
5227,12,12,12
5228,12,12,12
5229,12,12,12
5230,12,12,12
5231,12,12,12
5232,12,12,12
5233,12,12,12
5234,12,12,12
5235,12,12,12
5236,12,12,12
5237,12,12,12
5238,12,12,12
5239,12,12,12
5240,12,12,12
5241,12,12,12
5242,12,12,12
5243,12,12,12
5244,12,12,12
5245,12,12,12
5246,12,12,12
5247,12,12,12
5248,12,12,12
5249,12,12,12
5250,12,12,12
5251,12,12,12
5252,12,12,12
5253,12,12,12
5254,12,12,12
5255,12,12,12
5256,12,12,12
5257,12,12,12
5258,12,12,12
5259,12,12,12
5260,12,12,12
5261,12,12,12
5262,12,12,12
5263,12,12,12
5264,12,12,12
5265,12,12,12
5266,12,12,12
5267,12,12,12
5268,12,12,12
5269,12,12,12
5270,12,12,12
5271,12,12,12
5272,12,12,12
5273,12,12,12
5274,12,12,12
5275,12,12,12
5276,12,12,12
5277,12,12,12
5278,12,12,12
5279,12,12,12
5280,12,12,12
5281,12,12,12
5282,12,12,12
5283,12,12,12
5284,12,12,12
5285,12,12,12
5286,12,12,12
5287,12,12,12
5288,12,12,12
5289,12,12,12
5290,12,12,12
5291,12,12,12
5292,12,12,12
5293,12,12,12
5294,12,12,12
5295,12,12,12
5296,12,12,12
5297,12,12,12
5298,12,12,12
5299,12,12,12
5300,12,12,12
5301,12,12,12
5302,12,12,12
5303,12,12,12
5304,12,12,12
5305,12,12,12
5306,12,12,12
5307,12,12,12
5308,12,12,12
5309,12,12,12
5310,12,12,12
5311,12,12,12
5312,12,12,12
5313,12,12,12
5314,12,12,12
5315,12,12,12
5316,12,12,12
5317,12,12,12
5318,12,12,12
5319,12,12,12
5320,12,12,12
5321,12,12,12
5322,12,12,12
5323,12,12,12
5324,12,12,12
5325,12,12,12
5326,12,12,12
5327,12,12,12
5328,12,12,12
5329,12,12,12
5330,12,12,12
5331,12,12,12
5332,12,12,12
5333,12,12,12
5334,12,12,12
5335,12,12,12
5336,12,12,12
5337,12,12,12
5338,12,12,12
5339,12,12,12
5340,12,12,12
5341,12,12,12
5342,12,12,12
5343,12,12,12
5344,12,12,12
5345,12,12,12
5346,12,12,12
5347,12,12,12
5348,12,12,12
5349,12,12,12
5350,12,12,12
5351,12,12,12
5352,12,12,12
5353,12,12,12
5354,12,12,12
5355,12,12,12
5356,12,12,12
5357,12,12,12
5358,12,12,12
5359,12,12,12
5360,12,12,12
5361,12,12,12
5362,12,12,12
5363,12,12,12
5364,12,12,12
5365,12,12,12
5366,12,12,12
5367,12,12,12
5368,12,12,12
5369,12,12,12
5370,12,12,12
5371,12,12,12
5372,12,12,12
5373,12,12,12
5374,12,12,12
5375,12,12,12
5376,12,12,12
5377,12,12,12
5378,12,12,12
5379,12,12,12
5380,12,12,12
5381,12,12,12
5382,12,12,12
5383,12,12,12
5384,12,12,12
5385,12,12,12
5386,12,12,12
5387,12,12,12
5388,12,12,12
5389,12,12,12
5390,12,12,12
5391,12,12,12
5392,12,12,12
5393,12,12,12
5394,12,12,12
5395,12,12,12
5396,12,12,12
5397,12,12,12
5398,12,12,12
5399,12,12,12
5400,12,12,12
5401,12,12,12
5402,12,12,12
5403,12,12,12
5404,12,12,12
5405,12,12,12
5406,12,12,12
5407,12,12,12
5408,12,12,12
5409,12,12,12
5410,12,12,12
5411,12,12,12
5412,12,12,12
5413,12,12,12
5414,12,12,12
5415,12,12,12
5416,12,12,12
5417,12,12,12
5418,12,12,12
5419,12,12,12
5420,12,12,12
5421,12,12,12
5422,12,12,12
5423,12,12,12
5424,12,12,12
5425,12,12,12
5426,12,12,12
5427,12,12,12
5428,12,12,12
5429,12,12,12
5430,12,12,12
5431,12,12,12
5432,12,12,12
5433,12,12,12
5434,12,12,12
5435,12,12,12
5436,12,12,12
5437,12,12,12
5438,12,12,12
5439,12,12,12
5440,12,12,12
5441,12,12,12
5442,12,12,12
5443,12,12,12
5444,12,12,12
5445,12,12,12
5446,12,12,12
5447,12,12,12
5448,12,12,12
5449,12,12,12
5450,12,12,12
5451,12,12,12
5452,12,12,12
5453,12,12,12
5454,12,12,12
5455,12,12,12
5456,12,12,12
5457,12,12,12
5458,12,12,12
5459,12,12,12
5460,12,12,12
5461,12,12,12
5462,12,12,12
5463,12,12,12
5464,12,12,12
5465,12,12,12
5466,12,12,12
5467,12,12,12
5468,12,12,12
5469,12,12,12
5470,12,12,12
5471,12,12,12
5472,12,12,12
5473,12,12,12
5474,12,12,12
5475,12,12,12
5476,12,12,12
5477,12,12,12
5478,12,12,12
5479,12,12,12
5480,12,12,12
5481,12,12,12
5482,12,12,12
5483,12,12,12
5484,12,12,12
5485,12,12,12
5486,12,12,12
5487,12,12,12
5488,12,12,12
5489,12,12,12
5490,12,12,12
5491,12,12,12
5492,12,12,12
5493,12,12,12
5494,12,12,12
5495,12,12,12
5496,12,12,12
5497,12,12,12
5498,12,12,12
5499,12,12,12
5500,12,12,12
5501,12,12,12
5502,12,12,12
5503,12,12,12
5504,12,12,12
5505,12,12,12
5506,12,12,12
5507,12,12,12
5508,12,12,12
5509,12,12,12
5510,12,12,12
5511,12,12,12
5512,12,12,12
5513,12,12,12
5514,12,12,12
5515,12,12,12
5516,12,12,12
5517,12,12,12
5518,12,12,12
5519,12,12,12
5520,12,12,12
5521,12,12,12
5522,12,12,12
5523,12,12,12
5524,12,12,12
5525,12,12,12
5526,12,12,12
5527,12,12,12
5528,12,12,12
5529,12,12,12
5530,12,12,12
5531,12,12,12
5532,12,12,12
5533,12,12,12
5534,12,12,12
5535,12,12,12
5536,12,12,12
5537,12,12,12
5538,12,12,12
5539,12,12,12
5540,12,12,12
5541,12,12,12
5542,12,12,12
5543,12,12,12
5544,12,12,12
5545,12,12,12
5546,12,12,12
5547,12,12,12
5548,12,12,12
5549,12,12,12
5550,12,12,12
5551,12,12,12
5552,12,12,12
5553,12,12,12
5554,12,12,12
5555,12,12,12
5556,12,12,12
5557,12,12,12
5558,12,12,12
5559,12,12,12
5560,12,12,12
5561,12,12,12
5562,12,12,12
5563,12,12,12
5564,12,12,12
5565,12,12,12
5566,12,12,12
5567,12,12,12
5568,12,12,12
5569,12,12,12
5570,12,12,12
5571,12,12,12
5572,12,12,12
5573,12,12,12
5574,12,12,12
5575,12,12,12
5576,12,12,12
5577,12,12,12
5578,12,12,12
5579,12,12,12
5580,12,12,12
5581,12,12,12
5582,12,12,12
5583,12,12,12
5584,12,12,12
5585,12,12,12
5586,12,12,12
5587,12,12,12
5588,12,12,12
5589,12,12,12
5590,12,12,12
5591,12,12,12
5592,12,12,12
5593,12,12,12
5594,12,12,12
5595,12,12,12
5596,12,12,12
5597,12,12,12
5598,12,12,12
5599,12,12,12
5600,12,12,12
5601,12,12,12
5602,12,12,12
5603,12,12,12
5604,12,12,12
5605,12,12,12
5606,12,12,12
5607,12,12,12
5608,12,12,12
5609,12,12,12
5610,12,12,12
5611,12,12,12
5612,12,12,12
5613,12,12,12
5614,12,12,12
5615,12,12,12
5616,12,12,12
5617,12,12,12
5618,12,12,12
5619,12,12,12
5620,12,12,12
5621,12,12,12
5622,12,12,12
5623,12,12,12
5624,12,12,12
5625,12,12,12
5626,12,12,12
5627,12,12,12
5628,12,12,12
5629,12,12,12
5630,12,12,12
5631,12,12,12
5632,12,12,12
5633,12,12,12
5634,12,12,12
5635,12,12,12
5636,12,12,12
5637,12,12,12
5638,12,12,12
5639,12,12,12
5640,12,12,12
5641,12,12,12
5642,12,12,12
5643,12,12,12
5644,12,12,12
5645,12,12,12
5646,12,12,12
5647,12,12,12
5648,12,12,12
5649,12,12,12
5650,12,12,12
5651,12,12,12
5652,12,12,12
5653,12,12,12
5654,12,12,12
5655,12,12,12
5656,12,12,12
5657,12,12,12
5658,12,12,12
5659,12,12,12
5660,12,12,12
5661,12,12,12
5662,12,12,12
5663,12,12,12
5664,12,12,12
5665,12,12,12
5666,12,12,12
5667,12,12,12
5668,12,12,12
5669,12,12,12
5670,12,12,12
5671,12,12,12
5672,12,12,12
5673,12,12,12
5674,12,12,12
5675,12,12,12
5676,12,12,12
5677,12,12,12
5678,12,12,12
5679,12,12,12
5680,12,12,12
5681,12,12,12
5682,12,12,12
5683,12,12,12
5684,12,12,12
5685,12,12,12
5686,12,12,12
5687,12,12,12
5688,12,12,12
5689,12,12,12
5690,12,12,12
5691,12,12,12
5692,12,12,12
5693,12,12,12
5694,12,12,12
5695,12,12,12
5696,12,12,12
5697,12,12,12
5698,12,12,12
5699,12,12,12
5700,12,12,12
5701,12,12,12
5702,12,12,12
5703,12,12,12
5704,12,12,12
5705,12,12,12
5706,12,12,12
5707,12,12,12
5708,12,12,12
5709,12,12,12
5710,12,12,12
5711,12,12,12
5712,12,12,12
5713,12,12,12
5714,12,12,12
5715,12,12,12
5716,12,12,12
5717,12,12,12
5718,12,12,12
5719,12,12,12
5720,12,12,12
5721,12,12,12
5722,12,12,12
5723,12,12,12
5724,12,12,12
5725,12,12,12
5726,12,12,12
5727,12,12,12
5728,12,12,12
5729,12,12,12
5730,12,12,12
5731,12,12,12
5732,12,12,12
5733,12,12,12
5734,12,12,12
5735,12,12,12
5736,12,12,12
5737,12,12,12
5738,12,12,12
5739,12,12,12
5740,12,12,12
5741,12,12,12
5742,12,12,12
5743,12,12,12
5744,12,12,12
5745,12,12,12
5746,12,12,12
5747,12,12,12
5748,12,12,12
5749,12,12,12
5750,12,12,12
5751,12,12,12
5752,12,12,12
5753,12,12,12
5754,12,12,12
5755,12,12,12
5756,12,12,12
5757,12,12,12
5758,12,12,12
5759,12,12,12
5760,12,12,12
5761,12,12,12
5762,12,12,12
5763,12,12,12
5764,12,12,12
5765,12,12,12
5766,12,12,12
5767,12,12,12
5768,12,12,12
5769,12,12,12
5770,12,12,12
5771,12,12,12
5772,12,12,12
5773,12,12,12
5774,12,12,12
5775,12,12,12
5776,12,12,12
5777,12,12,12
5778,12,12,12
5779,12,12,12
5780,12,12,12
5781,12,12,12
5782,12,12,12
5783,12,12,12
5784,12,12,12
5785,12,12,12
5786,12,12,12
5787,12,12,12
5788,12,12,12
5789,12,12,12
5790,12,12,12
5791,12,12,12
5792,12,12,12
5793,12,12,12
5794,12,12,12
5795,12,12,12
5796,12,12,12
5797,12,12,12
5798,12,12,12
5799,12,12,12
5800,12,12,12
5801,12,12,12
5802,12,12,12
5803,12,12,12
5804,12,12,12
5805,12,12,12
5806,12,12,12
5807,12,12,12
5808,12,12,12
5809,12,12,12
5810,12,12,12
5811,12,12,12
5812,12,12,12
5813,12,12,12
5814,12,12,12
5815,12,12,12
5816,12,12,12
5817,12,12,12
5818,12,12,12
5819,12,12,12
5820,12,12,12
5821,12,12,12
5822,12,12,12
5823,12,12,12
5824,12,12,12
5825,12,12,12
5826,12,12,12
5827,12,12,12
5828,12,12,12
5829,12,12,12
5830,12,12,12
5831,12,12,12
5832,12,12,12
5833,12,12,12
5834,12,12,12
5835,12,12,12
5836,12,12,12
5837,12,12,12
5838,12,12,12
5839,12,12,12
5840,12,12,12
5841,12,12,12
5842,12,12,12
5843,12,12,12
5844,12,12,12
5845,12,12,12
5846,12,12,12
5847,12,12,12
5848,12,12,12
5849,12,12,12
5850,12,12,12
5851,12,12,12
5852,12,12,12
5853,12,12,12
5854,12,12,12
5855,12,12,12
5856,12,12,12
5857,12,12,12
5858,12,12,12
5859,12,12,12
5860,12,12,12
5861,12,12,12
5862,12,12,12
5863,12,12,12
5864,12,12,12
5865,12,12,12
5866,12,12,12
5867,12,12,12
5868,12,12,12
5869,12,12,12
5870,12,12,12
5871,12,12,12
5872,12,12,12
5873,12,12,12
5874,12,12,12
5875,12,12,12
5876,12,12,12
5877,12,12,12
5878,12,12,12
5879,12,12,12
5880,12,12,12
5881,12,12,12
5882,12,12,12
5883,12,12,12
5884,12,12,12
5885,12,12,12
5886,12,12,12
5887,12,12,12
5888,12,12,12
5889,12,12,12
5890,12,12,12
5891,12,12,12
5892,12,12,12
5893,12,12,12
5894,12,12,12
5895,12,12,12
5896,12,12,12
5897,12,12,12
5898,12,12,12
5899,12,12,12
5900,12,12,12
5901,12,12,12
5902,12,12,12
5903,12,12,12
5904,12,12,12
5905,12,12,12
5906,12,12,12
5907,12,12,12
5908,12,12,12
5909,12,12,12
5910,12,12,12
5911,12,12,12
5912,12,12,12
5913,12,12,12
5914,12,12,12
5915,12,12,12
5916,12,12,12
5917,12,12,12
5918,12,12,12
5919,12,12,12
5920,12,12,12
5921,12,12,12
5922,12,12,12
5923,12,12,12
5924,12,12,12
5925,12,12,12
5926,12,12,12
5927,12,12,12
5928,12,12,12
5929,12,12,12
5930,12,12,12
5931,12,12,12
5932,12,12,12
5933,12,12,12
5934,12,12,12
5935,12,12,12
5936,12,12,12
5937,12,12,12
5938,12,12,12
5939,12,12,12
5940,12,12,12
5941,12,12,12
5942,12,12,12
5943,12,12,12
5944,12,12,12
5945,12,12,12
5946,12,12,12
5947,12,12,12
5948,12,12,12
5949,12,12,12
5950,12,12,12
5951,12,12,12
5952,12,12,12
5953,12,12,12
5954,12,12,12
5955,12,12,12
5956,12,12,12
5957,12,12,12
5958,12,12,12
5959,12,12,12
5960,12,12,12
5961,12,12,12
5962,12,12,12
5963,12,12,12
5964,12,12,12
5965,12,12,12
5966,12,12,12
5967,12,12,12
5968,12,12,12
5969,12,12,12
5970,12,12,12
5971,12,12,12
5972,12,12,12
5973,12,12,12
5974,12,12,12
5975,12,12,12
5976,12,12,12
5977,12,12,12
5978,12,12,12
5979,12,12,12
5980,12,12,12
5981,12,12,12
5982,12,12,12
5983,12,12,12
5984,12,12,12
5985,12,12,12
5986,12,12,12
5987,12,12,12
5988,12,12,12
5989,12,12,12
5990,12,12,12
5991,12,12,12
5992,12,12,12
5993,12,12,12
5994,12,12,12
5995,12,12,12
5996,12,12,12
5997,12,12,12
5998,12,12,12
5999,12,12,12
6000,12,12,12
6001,12,12,12
6002,12,12,12
6003,12,12,12
6004,12,12,12
6005,12,12,12
6006,12,12,12
6007,12,12,12
6008,12,12,12
6009,12,12,12
6010,12,12,12
6011,12,12,12
6012,12,12,12
6013,12,12,12
6014,12,12,12
6015,12,12,12
6016,12,12,12
6017,12,12,12
6018,12,12,12
6019,12,12,12
6020,12,12,12
6021,12,12,12
6022,12,12,12
6023,12,12,12
6024,12,12,12
6025,12,12,12
6026,12,12,12
6027,12,12,12
6028,12,12,12
6029,12,12,12
6030,12,12,12
6031,12,12,12
6032,12,12,12
6033,12,12,12
6034,12,12,12
6035,12,12,12
6036,12,12,12
6037,12,12,12
6038,12,12,12
6039,12,12,12
6040,12,12,12
6041,12,12,12
6042,12,12,12
6043,12,12,12
6044,12,12,12
6045,12,12,12
6046,12,12,12
6047,12,12,12
6048,12,12,12
6049,12,12,12
6050,12,12,12
6051,12,12,12
6052,12,12,12
6053,12,12,12
6054,12,12,12
6055,12,12,12
6056,12,12,12
6057,12,12,12
6058,12,12,12
6059,12,12,12
6060,12,12,12
6061,12,12,12
6062,12,12,12
6063,12,12,12
6064,12,12,12
6065,12,12,12
6066,12,12,12
6067,12,12,12
6068,12,12,12
6069,12,12,12
6070,12,12,12
6071,12,12,12
6072,12,12,12
6073,12,12,12
6074,12,12,12
6075,12,12,12
6076,12,12,12
6077,12,12,12
6078,12,12,12
6079,12,12,12
6080,12,12,12
6081,12,12,12
6082,12,12,12
6083,12,12,12
6084,12,12,12
6085,12,12,12
6086,12,12,12
6087,12,12,12
6088,12,12,12
6089,12,12,12
6090,12,12,12
6091,12,12,12
6092,12,12,12
6093,12,12,12
6094,12,12,12
6095,12,12,12
6096,12,12,12
6097,12,12,12
6098,12,12,12
6099,12,12,12
6100,12,12,12
6101,12,12,12
6102,12,12,12
6103,12,12,12
6104,12,12,12
6105,12,12,12
6106,12,12,12
6107,12,12,12
6108,12,12,12
6109,12,12,12
6110,12,12,12
6111,12,12,12
6112,12,12,12
6113,12,12,12
6114,12,12,12
6115,12,12,12
6116,12,12,12
6117,12,12,12
6118,12,12,12
6119,12,12,12
6120,12,12,12
6121,12,12,12
6122,12,12,12
6123,12,12,12
6124,12,12,12
6125,12,12,12
6126,12,12,12
6127,12,12,12
6128,12,12,12
6129,12,12,12
6130,12,12,12
6131,12,12,12
6132,12,12,12
6133,12,12,12
6134,12,12,12
6135,12,12,12
6136,12,12,12
6137,12,12,12
6138,12,12,12
6139,12,12,12
6140,12,12,12
6141,12,12,12
6142,12,12,12
6143,12,12,12
6144,12,12,12
6145,12,12,12
6146,12,12,12
6147,12,12,12
6148,12,12,12
6149,12,12,12
6150,12,12,12
6151,12,12,12
6152,12,12,12
6153,12,12,12
6154,12,12,12
6155,12,12,12
6156,12,12,12
6157,12,12,12
6158,12,12,12
6159,12,12,12
6160,12,12,12
6161,12,12,12
6162,12,12,12
6163,12,12,12
6164,12,12,12
6165,12,12,12
6166,12,12,12
6167,12,12,12
6168,12,12,12
6169,12,12,12
6170,12,12,12
6171,12,12,12
6172,12,12,12
6173,12,12,12
6174,12,12,12
6175,12,12,12
6176,12,12,12
6177,12,12,12
6178,12,12,12
6179,12,12,12
6180,12,12,12
6181,12,12,12
6182,12,12,12
6183,12,12,12
6184,12,12,12
6185,12,12,12
6186,12,12,12
6187,12,12,12
6188,12,12,12
6189,12,12,12
6190,12,12,12
6191,12,12,12
6192,12,12,12
6193,12,12,12
6194,12,12,12
6195,12,12,12
6196,12,12,12
6197,12,12,12
6198,12,12,12
6199,12,12,12
6200,12,12,12
6201,12,12,12
6202,12,12,12
6203,12,12,12
6204,12,12,12
6205,12,12,12
6206,12,12,12
6207,12,12,12
6208,12,12,12
6209,12,12,12
6210,12,12,12
6211,12,12,12
6212,12,12,12
6213,12,12,12
6214,12,12,12
6215,12,12,12
6216,12,12,12
6217,12,12,12
6218,12,12,12
6219,12,12,12
6220,12,12,12
6221,12,12,12
6222,12,12,12
6223,12,12,12
6224,12,12,12
6225,12,12,12
6226,12,12,12
6227,12,12,12
6228,12,12,12
6229,12,12,12
6230,12,12,12
6231,12,12,12
6232,12,12,12
6233,12,12,12
6234,12,12,12
6235,12,12,12
6236,12,12,12
6237,12,12,12
6238,12,12,12
6239,12,12,12
6240,12,12,12
6241,12,12,12
6242,12,12,12
6243,12,12,12
6244,12,12,12
6245,12,12,12
6246,12,12,12
6247,12,12,12
6248,12,12,12
6249,12,12,12
6250,12,12,12
6251,12,12,12
6252,12,12,12
6253,12,12,12
6254,12,12,12
6255,12,12,12
6256,12,12,12
6257,12,12,12
6258,12,12,12
6259,12,12,12
6260,12,12,12
6261,12,12,12
6262,12,12,12
6263,12,12,12
6264,12,12,12
6265,12,12,12
6266,12,12,12
6267,12,12,12
6268,12,12,12
6269,12,12,12
6270,12,12,12
6271,12,12,12
6272,12,12,12
6273,12,12,12
6274,12,12,12
6275,12,12,12
6276,12,12,12
6277,12,12,12
6278,12,12,12
6279,12,12,12
6280,12,12,12
6281,12,12,12
6282,12,12,12
6283,12,12,12
6284,12,12,12
6285,12,12,12
6286,12,12,12
6287,12,12,12
6288,12,12,12
6289,12,12,12
6290,12,12,12
6291,12,12,12
6292,12,12,12
6293,12,12,12
6294,12,12,12
6295,12,12,12
6296,12,12,12
6297,12,12,12
6298,12,12,12
6299,12,12,12
6300,12,12,12
6301,12,12,12
6302,12,12,12
6303,12,12,12
6304,12,12,12
6305,12,12,12
6306,12,12,12
6307,12,12,12
6308,12,12,12
6309,12,12,12
6310,12,12,12
6311,12,12,12
6312,12,12,12
6313,12,12,12
6314,12,12,12
6315,12,12,12
6316,12,12,12
6317,12,12,12
6318,12,12,12
6319,12,12,12
6320,12,12,12
6321,12,12,12
6322,12,12,12
6323,12,12,12
6324,12,12,12
6325,12,12,12
6326,12,12,12
6327,12,12,12
6328,12,12,12
6329,12,12,12
6330,12,12,12
6331,12,12,12
6332,12,12,12
6333,12,12,12
6334,12,12,12
6335,12,12,12
6336,12,12,12
6337,12,12,12
6338,12,12,12
6339,12,12,12
6340,12,12,12
6341,12,12,12
6342,12,12,12
6343,12,12,12
6344,12,12,12
6345,12,12,12
6346,12,12,12
6347,12,12,12
6348,12,12,12
6349,12,12,12
6350,12,12,12
6351,12,12,12
6352,12,12,12
6353,12,12,12
6354,12,12,12
6355,12,12,12
6356,12,12,12
6357,12,12,12
6358,12,12,12
6359,12,12,12
6360,12,12,12
6361,12,12,12
6362,12,12,12
6363,12,12,12
6364,12,12,12
6365,12,12,12
6366,12,12,12
6367,12,12,12
6368,12,12,12
6369,12,12,12
6370,12,12,12
6371,12,12,12
6372,12,12,12
6373,12,12,12
6374,12,12,12
6375,12,12,12
6376,12,12,12
6377,12,12,12
6378,12,12,12
6379,12,12,12
6380,12,12,12
6381,12,12,12
6382,12,12,12
6383,12,12,12
6384,12,12,12
6385,12,12,12
6386,12,12,12
6387,12,12,12
6388,12,12,12
6389,12,12,12
6390,12,12,12
6391,12,12,12
6392,12,12,12
6393,12,12,12
6394,12,12,12
6395,12,12,12
6396,12,12,12
6397,12,12,12
6398,12,12,12
6399,12,12,12
6400,12,12,12
6401,12,12,12
6402,12,12,12
6403,12,12,12
6404,12,12,12
6405,12,12,12
6406,12,12,12
6407,12,12,12
6408,12,12,12
6409,12,12,12
6410,12,12,12
6411,12,12,12
6412,12,12,12
6413,12,12,12
6414,12,12,12
6415,12,12,12
6416,12,12,12
6417,12,12,12
6418,12,12,12
6419,12,12,12
6420,12,12,12
6421,12,12,12
6422,12,12,12
6423,12,12,12
6424,12,12,12
6425,12,12,12
6426,12,12,12
6427,12,12,12
6428,12,12,12
6429,12,12,12
6430,12,12,12
6431,12,12,12
6432,12,12,12
6433,12,12,12
6434,12,12,12
6435,12,12,12
6436,12,12,12
6437,12,12,12
6438,12,12,12
6439,12,12,12
6440,12,12,12
6441,12,12,12
6442,12,12,12
6443,12,12,12
6444,12,12,12
6445,12,12,12
6446,12,12,12
6447,12,12,12
6448,12,12,12
6449,12,12,12
6450,12,12,12
6451,12,12,12
6452,12,12,12
6453,12,12,12
6454,12,12,12
6455,12,12,12
6456,12,12,12
6457,12,12,12
6458,12,12,12
6459,12,12,12
6460,12,12,12
6461,12,12,12
6462,12,12,12
6463,12,12,12
6464,12,12,12
6465,12,12,12
6466,12,12,12
6467,12,12,12
6468,12,12,12
6469,12,12,12
6470,12,12,12
6471,12,12,12
6472,12,12,12
6473,12,12,12
6474,12,12,12
6475,12,12,12
6476,12,12,12
6477,12,12,12
6478,12,12,12
6479,12,12,12
6480,12,12,12
6481,12,12,12
6482,12,12,12
6483,12,12,12
6484,12,12,12
6485,12,12,12
6486,12,12,12
6487,12,12,12
6488,12,12,12
6489,12,12,12
6490,12,12,12
6491,12,12,12
6492,12,12,12
6493,12,12,12
6494,12,12,12
6495,12,12,12
6496,12,12,12
6497,12,12,12
6498,12,12,12
6499,12,12,12
6500,12,12,12
6501,12,12,12
6502,12,12,12
6503,12,12,12
6504,12,12,12
6505,12,12,12
6506,12,12,12
6507,12,12,12
6508,12,12,12
6509,12,12,12
6510,12,12,12
6511,12,12,12
6512,12,12,12
6513,12,12,12
6514,12,12,12
6515,12,12,12
6516,12,12,12
6517,12,12,12
6518,12,12,12
6519,12,12,12
6520,12,12,12
6521,12,12,12
6522,12,12,12
6523,12,12,12
6524,12,12,12
6525,12,12,12
6526,12,12,12
6527,12,12,12
6528,12,12,12
6529,12,12,12
6530,12,12,12
6531,12,12,12
6532,12,12,12
6533,12,12,12
6534,12,12,12
6535,12,12,12
6536,12,12,12
6537,12,12,12
6538,12,12,12
6539,12,12,12
6540,12,12,12
6541,12,12,12
6542,12,12,12
6543,12,12,12
6544,12,12,12
6545,12,12,12
6546,12,12,12
6547,12,12,12
6548,12,12,12
6549,12,12,12
6550,12,12,12
6551,12,12,12
6552,12,12,12
6553,12,12,12
6554,12,12,12
6555,12,12,12
6556,12,12,12
6557,12,12,12
6558,12,12,12
6559,12,12,12
6560,12,12,12
6561,12,12,12
6562,12,12,12
6563,12,12,12
6564,12,12,12
6565,12,12,12
6566,12,12,12
6567,12,12,12
6568,12,12,12
6569,12,12,12
6570,12,12,12
6571,12,12,12
6572,12,12,12
6573,12,12,12
6574,12,12,12
6575,12,12,12
6576,12,12,12
6577,12,12,12
6578,12,12,12
6579,12,12,12
6580,12,12,12
6581,12,12,12
6582,12,12,12
6583,12,12,12
6584,12,12,12
6585,12,12,12
6586,12,12,12
6587,12,12,12
6588,12,12,12
6589,12,12,12
6590,12,12,12
6591,12,12,12
6592,12,12,12
6593,12,12,12
6594,12,12,12
6595,12,12,12
6596,12,12,12
6597,12,12,12
6598,12,12,12
6599,12,12,12
6600,12,12,12
6601,12,12,12
6602,12,12,12
6603,12,12,12
6604,12,12,12
6605,12,12,12
6606,12,12,12
6607,12,12,12
6608,12,12,12
6609,12,12,12
6610,12,12,12
6611,12,12,12
6612,12,12,12
6613,12,12,12
6614,12,12,12
6615,12,12,12
6616,12,12,12
6617,12,12,12
6618,12,12,12
6619,12,12,12
6620,12,12,12
6621,12,12,12
6622,12,12,12
6623,12,12,12
6624,12,12,12
6625,12,12,12
6626,12,12,12
6627,12,12,12
6628,12,12,12
6629,12,12,12
6630,12,12,12
6631,12,12,12
6632,12,12,12
6633,12,12,12
6634,12,12,12
6635,12,12,12
6636,12,12,12
6637,12,12,12
6638,12,12,12
6639,12,12,12
6640,12,12,12
6641,12,12,12
6642,12,12,12
6643,12,12,12
6644,12,12,12
6645,12,12,12
6646,12,12,12
6647,12,12,12
6648,12,12,12
6649,12,12,12
6650,12,12,12
6651,12,12,12
6652,12,12,12
6653,12,12,12
6654,12,12,12
6655,12,12,12
6656,12,12,12
6657,12,12,12
6658,12,12,12
6659,12,12,12
6660,12,12,12
6661,12,12,12
6662,12,12,12
6663,12,12,12
6664,12,12,12
6665,12,12,12
6666,12,12,12
6667,12,12,12
6668,12,12,12
6669,12,12,12
6670,12,12,12
6671,12,12,12
6672,12,12,12
6673,12,12,12
6674,12,12,12
6675,12,12,12
6676,12,12,12
6677,12,12,12
6678,12,12,12
6679,12,12,12
6680,12,12,12
6681,12,12,12
6682,12,12,12
6683,12,12,12
6684,12,12,12
6685,12,12,12
6686,12,12,12
6687,12,12,12
6688,12,12,12
6689,12,12,12
6690,12,12,12
6691,12,12,12
6692,12,12,12
6693,12,12,12
6694,12,12,12
6695,12,12,12
6696,12,12,12
6697,12,12,12
6698,12,12,12
6699,12,12,12
6700,12,12,12
6701,12,12,12
6702,12,12,12
6703,12,12,12
6704,12,12,12
6705,12,12,12
6706,12,12,12
6707,12,12,12
6708,12,12,12
6709,12,12,12
6710,12,12,12
6711,12,12,12
6712,12,12,12
6713,12,12,12
6714,12,12,12
6715,12,12,12
6716,12,12,12
6717,12,12,12
6718,12,12,12
6719,12,12,12
6720,12,12,12
6721,12,12,12
6722,12,12,12
6723,12,12,12
6724,12,12,12
6725,12,12,12
6726,12,12,12
6727,12,12,12
6728,12,12,12
6729,12,12,12
6730,12,12,12
6731,12,12,12
6732,12,12,12
6733,12,12,12
6734,12,12,12
6735,12,12,12
6736,12,12,12
6737,12,12,12
6738,12,12,12
6739,12,12,12
6740,12,12,12
6741,12,12,12
6742,12,12,12
6743,12,12,12
6744,12,12,12
6745,12,12,12
6746,12,12,12
6747,12,12,12
6748,12,12,12
6749,12,12,12
6750,12,12,12
6751,12,12,12
6752,12,12,12
6753,12,12,12
6754,12,12,12
6755,12,12,12
6756,12,12,12
6757,12,12,12
6758,12,12,12
6759,12,12,12
6760,12,12,12
6761,12,12,12
6762,12,12,12
6763,12,12,12
6764,12,12,12
6765,12,12,12
6766,12,12,12
6767,12,12,12
6768,12,12,12
6769,12,12,12
6770,12,12,12
6771,12,12,12
6772,12,12,12
6773,12,12,12
6774,12,12,12
6775,12,12,12
6776,12,12,12
6777,12,12,12
6778,12,12,12
6779,12,12,12
6780,12,12,12
6781,12,12,12
6782,12,12,12
6783,12,12,12
6784,12,12,12
6785,12,12,12
6786,12,12,12
6787,12,12,12
6788,12,12,12
6789,12,12,12
6790,12,12,12
6791,12,12,12
6792,12,12,12
6793,12,12,12
6794,12,12,12
6795,12,12,12
6796,12,12,12
6797,12,12,12
6798,12,12,12
6799,12,12,12
6800,12,12,12
6801,12,12,12
6802,12,12,12
6803,12,12,12
6804,12,12,12
6805,12,12,12
6806,12,12,12
6807,12,12,12
6808,12,12,12
6809,12,12,12
6810,12,12,12
6811,12,12,12
6812,12,12,12
6813,12,12,12
6814,12,12,12
6815,12,12,12
6816,12,12,12
6817,12,12,12
6818,12,12,12
6819,12,12,12
6820,12,12,12
6821,12,12,12
6822,12,12,12
6823,12,12,12
6824,12,12,12
6825,12,12,12
6826,12,12,12
6827,12,12,12
6828,12,12,12
6829,12,12,12
6830,12,12,12
6831,12,12,12
6832,12,12,12
6833,12,12,12
6834,12,12,12
6835,12,12,12
6836,12,12,12
6837,12,12,12
6838,12,12,12
6839,12,12,12
6840,12,12,12
6841,12,12,12
6842,12,12,12
6843,12,12,12
6844,12,12,12
6845,12,12,12
6846,12,12,12
6847,12,12,12
6848,12,12,12
6849,12,12,12
6850,12,12,12
6851,12,12,12
6852,12,12,12
6853,12,12,12
6854,12,12,12
6855,12,12,12
6856,12,12,12
6857,12,12,12
6858,12,12,12
6859,12,12,12
6860,12,12,12
6861,12,12,12
6862,12,12,12
6863,12,12,12
6864,12,12,12
6865,12,12,12
6866,12,12,12
6867,12,12,12
6868,12,12,12
6869,12,12,12
6870,12,12,12
6871,12,12,12
6872,12,12,12
6873,12,12,12
6874,12,12,12
6875,12,12,12
6876,12,12,12
6877,12,12,12
6878,12,12,12
6879,12,12,12
6880,12,12,12
6881,12,12,12
6882,12,12,12
6883,12,12,12
6884,12,12,12
6885,12,12,12
6886,12,12,12
6887,12,12,12
6888,12,12,12
6889,12,12,12
6890,12,12,12
6891,12,12,12
6892,12,12,12
6893,12,12,12
6894,12,12,12
6895,12,12,12
6896,12,12,12
6897,12,12,12
6898,12,12,12
6899,12,12,12
6900,12,12,12
6901,12,12,12
6902,12,12,12
6903,12,12,12
6904,12,12,12
6905,12,12,12
6906,12,12,12
6907,12,12,12
6908,12,12,12
6909,12,12,12
6910,12,12,12
6911,12,12,12
6912,12,12,12
6913,12,12,12
6914,12,12,12
6915,12,12,12
6916,12,12,12
6917,12,12,12
6918,12,12,12
6919,12,12,12
6920,12,12,12
6921,12,12,12
6922,12,12,12
6923,12,12,12
6924,12,12,12
6925,12,12,12
6926,12,12,12
6927,12,12,12
6928,12,12,12
6929,12,12,12
6930,12,12,12
6931,12,12,12
6932,12,12,12
6933,12,12,12
6934,12,12,12
6935,12,12,12
6936,12,12,12
6937,12,12,12
6938,12,12,12
6939,12,12,12
6940,12,12,12
6941,12,12,12
6942,12,12,12
6943,12,12,12
6944,12,12,12
6945,12,12,12
6946,12,12,12
6947,12,12,12
6948,12,12,12
6949,12,12,12
6950,12,12,12
6951,12,12,12
6952,12,12,12
6953,12,12,12
6954,12,12,12
6955,12,12,12
6956,12,12,12
6957,12,12,12
6958,12,12,12
6959,12,12,12
6960,12,12,12
6961,12,12,12
6962,12,12,12
6963,12,12,12
6964,12,12,12
6965,12,12,12
6966,12,12,12
6967,12,12,12
6968,12,12,12
6969,12,12,12
6970,12,12,12
6971,12,12,12
6972,12,12,12
6973,12,12,12
6974,12,12,12
6975,12,12,12
6976,12,12,12
6977,12,12,12
6978,12,12,12
6979,12,12,12
6980,12,12,12
6981,12,12,12
6982,12,12,12
6983,12,12,12
6984,12,12,12
6985,12,12,12
6986,12,12,12
6987,12,12,12
6988,12,12,12
6989,12,12,12
6990,12,12,12
6991,12,12,12
6992,12,12,12
6993,12,12,12
6994,12,12,12
6995,12,12,12
6996,12,12,12
6997,12,12,12
6998,12,12,12
6999,12,12,12
7000,12,12,12
7001,12,12,12
7002,12,12,12
7003,12,12,12
7004,12,12,12
7005,12,12,12
7006,12,12,12
7007,12,12,12
7008,12,12,12
7009,12,12,12
7010,12,12,12
7011,12,12,12
7012,12,12,12
7013,12,12,12
7014,12,12,12
7015,12,12,12
7016,12,12,12
7017,12,12,12
7018,12,12,12
7019,12,12,12
7020,12,12,12
7021,12,12,12
7022,12,12,12
7023,12,12,12
7024,12,12,12
7025,12,12,12
7026,12,12,12
7027,12,12,12
7028,12,12,12
7029,12,12,12
7030,12,12,12
7031,12,12,12
7032,12,12,12
7033,12,12,12
7034,12,12,12
7035,12,12,12
7036,12,12,12
7037,12,12,12
7038,12,12,12
7039,12,12,12
7040,12,12,12
7041,12,12,12
7042,12,12,12
7043,12,12,12
7044,12,12,12
7045,12,12,12
7046,12,12,12
7047,12,12,12
7048,12,12,12
7049,12,12,12
7050,12,12,12
7051,12,12,12
7052,12,12,12
7053,12,12,12
7054,12,12,12
7055,12,12,12
7056,12,12,12
7057,12,12,12
7058,12,12,12
7059,12,12,12
7060,12,12,12
7061,12,12,12
7062,12,12,12
7063,12,12,12
7064,12,12,12
7065,12,12,12
7066,12,12,12
7067,12,12,12
7068,12,12,12
7069,12,12,12
7070,12,12,12
7071,12,12,12
7072,12,12,12
7073,12,12,12
7074,12,12,12
7075,12,12,12
7076,12,12,12
7077,12,12,12
7078,12,12,12
7079,12,12,12
7080,12,12,12
7081,12,12,12
7082,12,12,12
7083,12,12,12
7084,12,12,12
7085,12,12,12
7086,12,12,12
7087,12,12,12
7088,12,12,12
7089,12,12,12
7090,12,12,12
7091,12,12,12
7092,12,12,12
7093,12,12,12
7094,12,12,12
7095,12,12,12
7096,12,12,12
7097,12,12,12
7098,12,12,12
7099,12,12,12
7100,12,12,12
7101,12,12,12
7102,12,12,12
7103,12,12,12
7104,12,12,12
7105,12,12,12
7106,12,12,12
7107,12,12,12
7108,12,12,12
7109,12,12,12
7110,12,12,12
7111,12,12,12
7112,12,12,12
7113,12,12,12
7114,12,12,12
7115,12,12,12
7116,12,12,12
7117,12,12,12
7118,12,12,12
7119,12,12,12
7120,12,12,12
7121,12,12,12
7122,12,12,12
7123,12,12,12
7124,12,12,12
7125,12,12,12
7126,12,12,12
7127,12,12,12
7128,12,12,12
7129,12,12,12
7130,12,12,12
7131,12,12,12
7132,12,12,12
7133,12,12,12
7134,12,12,12
7135,12,12,12
7136,12,12,12
7137,12,12,12
7138,12,12,12
7139,12,12,12
7140,12,12,12
7141,12,12,12
7142,12,12,12
7143,12,12,12
7144,12,12,12
7145,12,12,12
7146,12,12,12
7147,12,12,12
7148,12,12,12
7149,12,12,12
7150,12,12,12
7151,12,12,12
7152,12,12,12
7153,12,12,12
7154,12,12,12
7155,12,12,12
7156,12,12,12
7157,12,12,12
7158,12,12,12
7159,12,12,12
7160,12,12,12
7161,12,12,12
7162,12,12,12
7163,12,12,12
7164,12,12,12
7165,12,12,12
7166,12,12,12
7167,12,12,12
7168,12,12,12
7169,12,12,12
7170,12,12,12
7171,12,12,12
7172,12,12,12
7173,12,12,12
7174,12,12,12
7175,12,12,12
7176,12,12,12
7177,12,12,12
7178,12,12,12
7179,12,12,12
7180,12,12,12
7181,12,12,12
7182,12,12,12
7183,12,12,12
7184,12,12,12
7185,12,12,12
7186,12,12,12
7187,12,12,12
7188,12,12,12
7189,12,12,12
7190,12,12,12
7191,12,12,12
7192,12,12,12
7193,12,12,12
7194,12,12,12
7195,12,12,12
7196,12,12,12
7197,12,12,12
7198,12,12,12
7199,12,12,12
7200,12,12,12
7201,12,12,12
7202,12,12,12
7203,12,12,12
7204,12,12,12
7205,12,12,12
7206,12,12,12
7207,12,12,12
7208,12,12,12
7209,12,12,12
7210,12,12,12
7211,12,12,12
7212,12,12,12
7213,12,12,12
7214,12,12,12
7215,12,12,12
7216,12,12,12
7217,12,12,12
7218,12,12,12
7219,12,12,12
7220,12,12,12
7221,12,12,12
7222,12,12,12
7223,12,12,12
7224,12,12,12
7225,12,12,12
7226,12,12,12
7227,12,12,12
7228,12,12,12
7229,12,12,12
7230,12,12,12
7231,12,12,12
7232,12,12,12
7233,12,12,12
7234,12,12,12
7235,12,12,12
7236,12,12,12
7237,12,12,12
7238,12,12,12
7239,12,12,12
7240,12,12,12
7241,12,12,12
7242,12,12,12
7243,12,12,12
7244,12,12,12
7245,12,12,12
7246,12,12,12
7247,12,12,12
7248,12,12,12
7249,12,12,12
7250,12,12,12
7251,12,12,12
7252,12,12,12
7253,12,12,12
7254,12,12,12
7255,12,12,12
7256,12,12,12
7257,12,12,12
7258,12,12,12
7259,12,12,12
7260,12,12,12
7261,12,12,12
7262,12,12,12
7263,12,12,12
7264,12,12,12
7265,12,12,12
7266,12,12,12
7267,12,12,12
7268,12,12,12
7269,12,12,12
7270,12,12,12
7271,12,12,12
7272,12,12,12
7273,12,12,12
7274,12,12,12
7275,12,12,12
7276,12,12,12
7277,12,12,12
7278,12,12,12
7279,12,12,12
7280,12,12,12
7281,12,12,12
7282,12,12,12
7283,12,12,12
7284,12,12,12
7285,12,12,12
7286,12,12,12
7287,12,12,12
7288,12,12,12
7289,12,12,12
7290,12,12,12
7291,12,12,12
7292,12,12,12
7293,12,12,12
7294,12,12,12
7295,12,12,12
7296,12,12,12
7297,12,12,12
7298,12,12,12
7299,12,12,12
7300,12,12,12
7301,12,12,12
7302,12,12,12
7303,12,12,12
7304,12,12,12
7305,12,12,12
7306,12,12,12
7307,12,12,12
7308,12,12,12
7309,12,12,12
7310,12,12,12
7311,12,12,12
7312,12,12,12
7313,12,12,12
7314,12,12,12
7315,12,12,12
7316,12,12,12
7317,12,12,12
7318,12,12,12
7319,12,12,12
7320,12,12,12
7321,12,12,12
7322,12,12,12
7323,12,12,12
7324,12,12,12
7325,12,12,12
7326,12,12,12
7327,12,12,12
7328,12,12,12
7329,12,12,12
7330,12,12,12
7331,12,12,12
7332,12,12,12
7333,12,12,12
7334,12,12,12
7335,12,12,12
7336,12,12,12
7337,12,12,12
7338,12,12,12
7339,12,12,12
7340,12,12,12
7341,12,12,12
7342,12,12,12
7343,12,12,12
7344,12,12,12
7345,12,12,12
7346,12,12,12
7347,12,12,12
7348,12,12,12
7349,12,12,12
7350,12,12,12
7351,12,12,12
7352,12,12,12
7353,12,12,12
7354,12,12,12
7355,12,12,12
7356,12,12,12
7357,12,12,12
7358,12,12,12
7359,12,12,12
7360,12,12,12
7361,12,12,12
7362,12,12,12
7363,12,12,12
7364,12,12,12
7365,12,12,12
7366,12,12,12
7367,12,12,12
7368,12,12,12
7369,12,12,12
7370,12,12,12
7371,12,12,12
7372,12,12,12
7373,12,12,12
7374,12,12,12
7375,12,12,12
7376,12,12,12
7377,12,12,12
7378,12,12,12
7379,12,12,12
7380,12,12,12
7381,12,12,12
7382,12,12,12
7383,12,12,12
7384,12,12,12
7385,12,12,12
7386,12,12,12
7387,12,12,12
7388,12,12,12
7389,12,12,12
7390,12,12,12
7391,12,12,12
7392,12,12,12
7393,12,12,12
7394,12,12,12
7395,12,12,12
7396,12,12,12
7397,12,12,12
7398,12,12,12
7399,12,12,12
7400,12,12,12
7401,12,12,12
7402,12,12,12
7403,12,12,12
7404,12,12,12
7405,12,12,12
7406,12,12,12
7407,12,12,12
7408,12,12,12
7409,12,12,12
7410,12,12,12
7411,12,12,12
7412,12,12,12
7413,12,12,12
7414,12,12,12
7415,12,12,12
7416,12,12,12
7417,12,12,12
7418,12,12,12
7419,12,12,12
7420,12,12,12
7421,12,12,12
7422,12,12,12
7423,12,12,12
7424,12,12,12
7425,12,12,12
7426,12,12,12
7427,12,12,12
7428,12,12,12
7429,12,12,12
7430,12,12,12
7431,12,12,12
7432,12,12,12
7433,12,12,12
7434,12,12,12
7435,12,12,12
7436,12,12,12
7437,12,12,12
7438,12,12,12
7439,12,12,12
7440,12,12,12
7441,12,12,12
7442,12,12,12
7443,12,12,12
7444,12,12,12
7445,12,12,12
7446,12,12,12
7447,12,12,12
7448,12,12,12
7449,12,12,12
7450,12,12,12
7451,12,12,12
7452,12,12,12
7453,12,12,12
7454,12,12,12
7455,12,12,12
7456,12,12,12
7457,12,12,12
7458,12,12,12
7459,12,12,12
7460,12,12,12
7461,12,12,12
7462,12,12,12
7463,12,12,12
7464,12,12,12
7465,12,12,12
7466,12,12,12
7467,12,12,12
7468,12,12,12
7469,12,12,12
7470,12,12,12
7471,12,12,12
7472,12,12,12
7473,12,12,12
7474,12,12,12
7475,12,12,12
7476,12,12,12
7477,12,12,12
7478,12,12,12
7479,12,12,12
7480,12,12,12
7481,12,12,12
7482,12,12,12
7483,12,12,12
7484,12,12,12
7485,12,12,12
7486,12,12,12
7487,12,12,12
7488,12,12,12
7489,12,12,12
7490,12,12,12
7491,12,12,12
7492,12,12,12
7493,12,12,12
7494,12,12,12
7495,12,12,12
7496,12,12,12
7497,12,12,12
7498,12,12,12
7499,12,12,12
7500,12,12,12
7501,12,12,12
7502,12,12,12
7503,12,12,12
7504,12,12,12
7505,12,12,12
7506,12,12,12
7507,12,12,12
7508,12,12,12
7509,12,12,12
7510,12,12,12
7511,12,12,12
7512,12,12,12
7513,12,12,12
7514,12,12,12
7515,12,12,12
7516,12,12,12
7517,12,12,12
7518,12,12,12
7519,12,12,12
7520,12,12,12
7521,12,12,12
7522,12,12,12
7523,12,12,12
7524,12,12,12
7525,12,12,12
7526,12,12,12
7527,12,12,12
7528,12,12,12
7529,12,12,12
7530,12,12,12
7531,12,12,12
7532,12,12,12
7533,12,12,12
7534,12,12,12
7535,12,12,12
7536,12,12,12
7537,12,12,12
7538,12,12,12
7539,12,12,12
7540,12,12,12
7541,12,12,12
7542,12,12,12
7543,12,12,12
7544,12,12,12
7545,12,12,12
7546,12,12,12
7547,12,12,12
7548,12,12,12
7549,12,12,12
7550,12,12,12
7551,12,12,12
7552,12,12,12
7553,12,12,12
7554,12,12,12
7555,12,12,12
7556,12,12,12
7557,12,12,12
7558,12,12,12
7559,12,12,12
7560,12,12,12
7561,12,12,12
7562,12,12,12
7563,12,12,12
7564,12,12,12
7565,12,12,12
7566,12,12,12
7567,12,12,12
7568,12,12,12
7569,12,12,12
7570,12,12,12
7571,12,12,12
7572,12,12,12
7573,12,12,12
7574,12,12,12
7575,12,12,12
7576,12,12,12
7577,12,12,12
7578,12,12,12
7579,12,12,12
7580,12,12,12
7581,12,12,12
7582,12,12,12
7583,12,12,12
7584,12,12,12
7585,12,12,12
7586,12,12,12
7587,12,12,12
7588,12,12,12
7589,12,12,12
7590,12,12,12
7591,12,12,12
7592,12,12,12
7593,12,12,12
7594,12,12,12
7595,12,12,12
7596,12,12,12
7597,12,12,12
7598,12,12,12
7599,12,12,12
7600,12,12,12
7601,12,12,12
7602,12,12,12
7603,12,12,12
7604,12,12,12
7605,12,12,12
7606,12,12,12
7607,12,12,12
7608,12,12,12
7609,12,12,12
7610,12,12,12
7611,12,12,12
7612,12,12,12
7613,12,12,12
7614,12,12,12
7615,12,12,12
7616,12,12,12
7617,12,12,12
7618,12,12,12
7619,12,12,12
7620,12,12,12
7621,12,12,12
7622,12,12,12
7623,12,12,12
7624,12,12,12
7625,12,12,12
7626,12,12,12
7627,12,12,12
7628,12,12,12
7629,12,12,12
7630,12,12,12
7631,12,12,12
7632,12,12,12
7633,12,12,12
7634,12,12,12
7635,12,12,12
7636,12,12,12
7637,12,12,12
7638,12,12,12
7639,12,12,12
7640,12,12,12
7641,12,12,12
7642,12,12,12
7643,12,12,12
7644,12,12,12
7645,12,12,12
7646,12,12,12
7647,12,12,12
7648,12,12,12
7649,12,12,12
7650,12,12,12
7651,12,12,12
7652,12,12,12
7653,12,12,12
7654,12,12,12
7655,12,12,12
7656,12,12,12
7657,12,12,12
7658,12,12,12
7659,12,12,12
7660,12,12,12
7661,12,12,12
7662,12,12,12
7663,12,12,12
7664,12,12,12
7665,12,12,12
7666,12,12,12
7667,12,12,12
7668,12,12,12
7669,12,12,12
7670,12,12,12
7671,12,12,12
7672,12,12,12
7673,12,12,12
7674,12,12,12
7675,12,12,12
7676,12,12,12
7677,12,12,12
7678,12,12,12
7679,12,12,12
7680,12,12,12
7681,12,12,12
7682,12,12,12
7683,12,12,12
7684,12,12,12
7685,12,12,12
7686,12,12,12
7687,12,12,12
7688,12,12,12
7689,12,12,12
7690,12,12,12
7691,12,12,12
7692,12,12,12
7693,12,12,12
7694,12,12,12
7695,12,12,12
7696,12,12,12
7697,12,12,12
7698,12,12,12
7699,12,12,12
7700,12,12,12
7701,12,12,12
7702,12,12,12
7703,12,12,12
7704,12,12,12
7705,12,12,12
7706,12,12,12
7707,12,12,12
7708,12,12,12
7709,12,12,12
7710,12,12,12
7711,12,12,12
7712,12,12,12
7713,12,12,12
7714,12,12,12
7715,12,12,12
7716,12,12,12
7717,12,12,12
7718,12,12,12
7719,12,12,12
7720,12,12,12
7721,12,12,12
7722,12,12,12
7723,12,12,12
7724,12,12,12
7725,12,12,12
7726,12,12,12
7727,12,12,12
7728,12,12,12
7729,12,12,12
7730,12,12,12
7731,12,12,12
7732,12,12,12
7733,12,12,12
7734,12,12,12
7735,12,12,12
7736,12,12,12
7737,12,12,12
7738,12,12,12
7739,12,12,12
7740,12,12,12
7741,12,12,12
7742,12,12,12
7743,12,12,12
7744,12,12,12
7745,12,12,12
7746,12,12,12
7747,12,12,12
7748,12,12,12
7749,12,12,12
7750,12,12,12
7751,12,12,12
7752,12,12,12
7753,12,12,12
7754,12,12,12
7755,12,12,12
7756,12,12,12
7757,12,12,12
7758,12,12,12
7759,12,12,12
7760,12,12,12
7761,12,12,12
7762,12,12,12
7763,12,12,12
7764,12,12,12
7765,12,12,12
7766,12,12,12
7767,12,12,12
7768,12,12,12
7769,12,12,12
7770,12,12,12
7771,12,12,12
7772,12,12,12
7773,12,12,12
7774,12,12,12
7775,12,12,12
7776,12,12,12
7777,12,12,12
7778,12,12,12
7779,12,12,12
7780,12,12,12
7781,12,12,12
7782,12,12,12
7783,12,12,12
7784,12,12,12
7785,12,12,12
7786,12,12,12
7787,12,12,12
7788,12,12,12
7789,12,12,12
7790,12,12,12
7791,12,12,12
7792,12,12,12
7793,12,12,12
7794,12,12,12
7795,12,12,12
7796,12,12,12
7797,12,12,12
7798,12,12,12
7799,12,12,12
7800,12,12,12
7801,12,12,12
7802,12,12,12
7803,12,12,12
7804,12,12,12
7805,12,12,12
7806,12,12,12
7807,12,12,12
7808,12,12,12
7809,12,12,12
7810,12,12,12
7811,12,12,12
7812,12,12,12
7813,12,12,12
7814,12,12,12
7815,12,12,12
7816,12,12,12
7817,12,12,12
7818,12,12,12
7819,12,12,12
7820,12,12,12
7821,12,12,12
7822,12,12,12
7823,12,12,12
7824,12,12,12
7825,12,12,12
7826,12,12,12
7827,12,12,12
7828,12,12,12
7829,12,12,12
7830,12,12,12
7831,12,12,12
7832,12,12,12
7833,12,12,12
7834,12,12,12
7835,12,12,12
7836,12,12,12
7837,12,12,12
7838,12,12,12
7839,12,12,12
7840,12,12,12
7841,12,12,12
7842,12,12,12
7843,12,12,12
7844,12,12,12
7845,12,12,12
7846,12,12,12
7847,12,12,12
7848,12,12,12
7849,12,12,12
7850,12,12,12
7851,12,12,12
7852,12,12,12
7853,12,12,12
7854,12,12,12
7855,12,12,12
7856,12,12,12
7857,12,12,12
7858,12,12,12
7859,12,12,12
7860,12,12,12
7861,12,12,12
7862,12,12,12
7863,12,12,12
7864,12,12,12
7865,12,12,12
7866,12,12,12
7867,12,12,12
7868,12,12,12
7869,12,12,12
7870,12,12,12
7871,12,12,12
7872,12,12,12
7873,12,12,12
7874,12,12,12
7875,12,12,12
7876,12,12,12
7877,12,12,12
7878,12,12,12
7879,12,12,12
7880,12,12,12
7881,12,12,12
7882,12,12,12
7883,12,12,12
7884,12,12,12
7885,12,12,12
7886,12,12,12
7887,12,12,12
7888,12,12,12
7889,12,12,12
7890,12,12,12
7891,12,12,12
7892,12,12,12
7893,12,12,12
7894,12,12,12
7895,12,12,12
7896,12,12,12
7897,12,12,12
7898,12,12,12
7899,12,12,12
7900,12,12,12
7901,12,12,12
7902,12,12,12
7903,12,12,12
7904,12,12,12
7905,12,12,12
7906,12,12,12
7907,12,12,12
7908,12,12,12
7909,12,12,12
7910,12,12,12
7911,12,12,12
7912,12,12,12
7913,12,12,12
7914,12,12,12
7915,12,12,12
7916,12,12,12
7917,12,12,12
7918,12,12,12
7919,12,12,12
7920,12,12,12
7921,12,12,12
7922,12,12,12
7923,12,12,12
7924,12,12,12
7925,12,12,12
7926,12,12,12
7927,12,12,12
7928,12,12,12
7929,12,12,12
7930,12,12,12
7931,12,12,12
7932,12,12,12
7933,12,12,12
7934,12,12,12
7935,12,12,12
7936,12,12,12
7937,12,12,12
7938,12,12,12
7939,12,12,12
7940,12,12,12
7941,12,12,12
7942,12,12,12
7943,12,12,12
7944,12,12,12
7945,12,12,12
7946,12,12,12
7947,12,12,12
7948,12,12,12
7949,12,12,12
7950,12,12,12
7951,12,12,12
7952,12,12,12
7953,12,12,12
7954,12,12,12
7955,12,12,12
7956,12,12,12
7957,12,12,12
7958,12,12,12
7959,12,12,12
7960,12,12,12
7961,12,12,12
7962,12,12,12
7963,12,12,12
7964,12,12,12
7965,12,12,12
7966,12,12,12
7967,12,12,12
7968,12,12,12
7969,12,12,12
7970,12,12,12
7971,12,12,12
7972,12,12,12
7973,12,12,12
7974,12,12,12
7975,12,12,12
7976,12,12,12
7977,12,12,12
7978,12,12,12
7979,12,12,12
7980,12,12,12
7981,12,12,12
7982,12,12,12
7983,12,12,12
7984,12,12,12
7985,12,12,12
7986,12,12,12
7987,12,12,12
7988,12,12,12
7989,12,12,12
7990,12,12,12
7991,12,12,12
7992,12,12,12
7993,12,12,12
7994,12,12,12
7995,12,12,12
7996,12,12,12
7997,12,12,12
7998,12,12,12
7999,12,12,12
8000,12,12,12
8001,12,12,12
8002,12,12,12
8003,12,12,12
8004,12,12,12
8005,12,12,12
8006,12,12,12
8007,12,12,12
8008,12,12,12
8009,12,12,12
8010,12,12,12
8011,12,12,12
8012,12,12,12
8013,12,12,12
8014,12,12,12
8015,12,12,12
8016,12,12,12
8017,12,12,12
8018,12,12,12
8019,12,12,12
8020,12,12,12
8021,12,12,12
8022,12,12,12
8023,12,12,12
8024,12,12,12
8025,12,12,12
8026,12,12,12
8027,12,12,12
8028,12,12,12
8029,12,12,12
8030,12,12,12
8031,12,12,12
8032,12,12,12
8033,12,12,12
8034,12,12,12
8035,12,12,12
8036,12,12,12
8037,12,12,12
8038,12,12,12
8039,12,12,12
8040,12,12,12
8041,12,12,12
8042,12,12,12
8043,12,12,12
8044,12,12,12
8045,12,12,12
8046,12,12,12
8047,12,12,12
8048,12,12,12
8049,12,12,12
8050,12,12,12
8051,12,12,12
8052,12,12,12
8053,12,12,12
8054,12,12,12
8055,12,12,12
8056,12,12,12
8057,12,12,12
8058,12,12,12
8059,12,12,12
8060,12,12,12
8061,12,12,12
8062,12,12,12
8063,12,12,12
8064,12,12,12
8065,12,12,12
8066,12,12,12
8067,12,12,12
8068,12,12,12
8069,12,12,12
8070,12,12,12
8071,12,12,12
8072,12,12,12
8073,12,12,12
8074,12,12,12
8075,12,12,12
8076,12,12,12
8077,12,12,12
8078,12,12,12
8079,12,12,12
8080,12,12,12
8081,12,12,12
8082,12,12,12
8083,12,12,12
8084,12,12,12
8085,12,12,12
8086,12,12,12
8087,12,12,12
8088,12,12,12
8089,12,12,12
8090,12,12,12
8091,12,12,12
8092,12,12,12
8093,12,12,12
8094,12,12,12
8095,12,12,12
8096,12,12,12
8097,12,12,12
8098,12,12,12
8099,12,12,12
8100,12,12,12
8101,12,12,12
8102,12,12,12
8103,12,12,12
8104,12,12,12
8105,12,12,12
8106,12,12,12
8107,12,12,12
8108,12,12,12
8109,12,12,12
8110,12,12,12
8111,12,12,12
8112,12,12,12
8113,12,12,12
8114,12,12,12
8115,12,12,12
8116,12,12,12
8117,12,12,12
8118,12,12,12
8119,12,12,12
8120,12,12,12
8121,12,12,12
8122,12,12,12
8123,12,12,12
8124,12,12,12
8125,12,12,12
8126,12,12,12
8127,12,12,12
8128,12,12,12
8129,12,12,12
8130,12,12,12
8131,12,12,12
8132,12,12,12
8133,12,12,12
8134,12,12,12
8135,12,12,12
8136,12,12,12
8137,12,12,12
8138,12,12,12
8139,12,12,12
8140,12,12,12
8141,12,12,12
8142,12,12,12
8143,12,12,12
8144,12,12,12
8145,12,12,12
8146,12,12,12
8147,12,12,12
8148,12,12,12
8149,12,12,12
8150,12,12,12
8151,12,12,12
8152,12,12,12
8153,12,12,12
8154,12,12,12
8155,12,12,12
8156,12,12,12
8157,12,12,12
8158,12,12,12
8159,12,12,12
8160,12,12,12
8161,12,12,12
8162,12,12,12
8163,12,12,12
8164,12,12,12
8165,12,12,12
8166,12,12,12
8167,12,12,12
8168,12,12,12
8169,12,12,12
8170,12,12,12
8171,12,12,12
8172,12,12,12
8173,12,12,12
8174,12,12,12
8175,12,12,12
8176,12,12,12
8177,12,12,12
8178,12,12,12
8179,12,12,12
8180,12,12,12
8181,12,12,12
8182,12,12,12
8183,12,12,12
8184,12,12,12
8185,12,12,12
8186,12,12,12
8187,12,12,12
8188,12,12,12
8189,12,12,12
8190,12,12,12
8191,12,12,12
8192,12,12,12
8193,12,12,12
8194,12,12,12
8195,12,12,12
8196,12,12,12
8197,12,12,12
8198,12,12,12
8199,12,12,12
8200,12,12,12
8201,12,12,12
8202,12,12,12
8203,12,12,12
8204,12,12,12
8205,12,12,12
8206,12,12,12
8207,12,12,12
8208,12,12,12
8209,12,12,12
8210,12,12,12
8211,12,12,12
8212,12,12,12
8213,12,12,12
8214,12,12,12
8215,12,12,12
8216,12,12,12
8217,12,12,12
8218,12,12,12
8219,12,12,12
8220,12,12,12
8221,12,12,12
8222,12,12,12
8223,12,12,12
8224,12,12,12
8225,12,12,12
8226,12,12,12
8227,12,12,12
8228,12,12,12
8229,12,12,12
8230,12,12,12
8231,12,12,12
8232,12,12,12
8233,12,12,12
8234,12,12,12
8235,12,12,12
8236,12,12,12
8237,12,12,12
8238,12,12,12
8239,12,12,12
8240,12,12,12
8241,12,12,12
8242,12,12,12
8243,12,12,12
8244,12,12,12
8245,12,12,12
8246,12,12,12
8247,12,12,12
8248,12,12,12
8249,12,12,12
8250,12,12,12
8251,12,12,12
8252,12,12,12
8253,12,12,12
8254,12,12,12
8255,12,12,12
8256,12,12,12
8257,12,12,12
8258,12,12,12
8259,12,12,12
8260,12,12,12
8261,12,12,12
8262,12,12,12
8263,12,12,12
8264,12,12,12
8265,12,12,12
8266,12,12,12
8267,12,12,12
8268,12,12,12
8269,12,12,12
8270,12,12,12
8271,12,12,12
8272,12,12,12
8273,12,12,12
8274,12,12,12
8275,12,12,12
8276,12,12,12
8277,12,12,12
8278,12,12,12
8279,12,12,12
8280,12,12,12
8281,12,12,12
8282,12,12,12
8283,12,12,12
8284,12,12,12
8285,12,12,12
8286,12,12,12
8287,12,12,12
8288,12,12,12
8289,12,12,12
8290,12,12,12
8291,12,12,12
8292,12,12,12
8293,12,12,12
8294,12,12,12
8295,12,12,12
8296,12,12,12
8297,12,12,12
8298,12,12,12
8299,12,12,12
8300,12,12,12
8301,12,12,12
8302,12,12,12
8303,12,12,12
8304,12,12,12
8305,12,12,12
8306,12,12,12
8307,12,12,12
8308,12,12,12
8309,12,12,12
8310,12,12,12
8311,12,12,12
8312,12,12,12
8313,12,12,12
8314,12,12,12
8315,12,12,12
8316,12,12,12
8317,12,12,12
8318,12,12,12
8319,12,12,12
8320,12,12,12
8321,12,12,12
8322,12,12,12
8323,12,12,12
8324,12,12,12
8325,12,12,12
8326,12,12,12
8327,12,12,12
8328,12,12,12
8329,12,12,12
8330,12,12,12
8331,12,12,12
8332,12,12,12
8333,12,12,12
8334,12,12,12
8335,12,12,12
8336,12,12,12
8337,12,12,12
8338,12,12,12
8339,12,12,12
8340,12,12,12
8341,12,12,12
8342,12,12,12
8343,12,12,12
8344,12,12,12
8345,12,12,12
8346,12,12,12
8347,12,12,12
8348,12,12,12
8349,12,12,12
8350,12,12,12
8351,12,12,12
8352,12,12,12
8353,12,12,12
8354,12,12,12
8355,12,12,12
8356,12,12,12
8357,12,12,12
8358,12,12,12
8359,12,12,12
8360,12,12,12
8361,12,12,12
8362,12,12,12
8363,12,12,12
8364,12,12,12
8365,12,12,12
8366,12,12,12
8367,12,12,12
8368,12,12,12
8369,12,12,12
8370,12,12,12
8371,12,12,12
8372,12,12,12
8373,12,12,12
8374,12,12,12
8375,12,12,12
8376,12,12,12
8377,12,12,12
8378,12,12,12
8379,12,12,12
8380,12,12,12
8381,12,12,12
8382,12,12,12
8383,12,12,12
8384,12,12,12
8385,12,12,12
8386,12,12,12
8387,12,12,12
8388,12,12,12
8389,12,12,12
8390,12,12,12
8391,12,12,12
8392,12,12,12
8393,12,12,12
8394,12,12,12
8395,12,12,12
8396,12,12,12
8397,12,12,12
8398,12,12,12
8399,12,12,12
8400,12,12,12
8401,12,12,12
8402,12,12,12
8403,12,12,12
8404,12,12,12
8405,12,12,12
8406,12,12,12
8407,12,12,12
8408,12,12,12
8409,12,12,12
8410,12,12,12
8411,12,12,12
8412,12,12,12
8413,12,12,12
8414,12,12,12
8415,12,12,12
8416,12,12,12
8417,12,12,12
8418,12,12,12
8419,12,12,12
8420,12,12,12
8421,12,12,12
8422,12,12,12
8423,12,12,12
8424,12,12,12
8425,12,12,12
8426,12,12,12
8427,12,12,12
8428,12,12,12
8429,12,12,12
8430,12,12,12
8431,12,12,12
8432,12,12,12
8433,12,12,12
8434,12,12,12
8435,12,12,12
8436,12,12,12
8437,12,12,12
8438,12,12,12
8439,12,12,12
8440,12,12,12
8441,12,12,12
8442,12,12,12
8443,12,12,12
8444,12,12,12
8445,12,12,12
8446,12,12,12
8447,12,12,12
8448,12,12,12
8449,12,12,12
8450,12,12,12
8451,12,12,12
8452,12,12,12
8453,12,12,12
8454,12,12,12
8455,12,12,12
8456,12,12,12
8457,12,12,12
8458,12,12,12
8459,12,12,12
8460,12,12,12
8461,12,12,12
8462,12,12,12
8463,12,12,12
8464,12,12,12
8465,12,12,12
8466,12,12,12
8467,12,12,12
8468,12,12,12
8469,12,12,12
8470,12,12,12
8471,12,12,12
8472,12,12,12
8473,12,12,12
8474,12,12,12
8475,12,12,12
8476,12,12,12
8477,12,12,12
8478,12,12,12
8479,12,12,12
8480,12,12,12
8481,12,12,12
8482,12,12,12
8483,12,12,12
8484,12,12,12
8485,12,12,12
8486,12,12,12
8487,12,12,12
8488,12,12,12
8489,12,12,12
8490,12,12,12
8491,12,12,12
8492,12,12,12
8493,12,12,12
8494,12,12,12
8495,12,12,12
8496,12,12,12
8497,12,12,12
8498,12,12,12
8499,12,12,12
8500,12,12,12
8501,12,12,12
8502,12,12,12
8503,12,12,12
8504,12,12,12
8505,12,12,12
8506,12,12,12
8507,12,12,12
8508,12,12,12
8509,12,12,12
8510,12,12,12
8511,12,12,12
8512,12,12,12
8513,12,12,12
8514,12,12,12
8515,12,12,12
8516,12,12,12
8517,12,12,12
8518,12,12,12
8519,12,12,12
8520,12,12,12
8521,12,12,12
8522,12,12,12
8523,12,12,12
8524,12,12,12
8525,12,12,12
8526,12,12,12
8527,12,12,12
8528,12,12,12
8529,12,12,12
8530,12,12,12
8531,12,12,12
8532,12,12,12
8533,12,12,12
8534,12,12,12
8535,12,12,12
8536,12,12,12
8537,12,12,12
8538,12,12,12
8539,12,12,12
8540,12,12,12
8541,12,12,12
8542,12,12,12
8543,12,12,12
8544,12,12,12
8545,12,12,12
8546,12,12,12
8547,12,12,12
8548,12,12,12
8549,12,12,12
8550,12,12,12
8551,12,12,12
8552,12,12,12
8553,12,12,12
8554,12,12,12
8555,12,12,12
8556,12,12,12
8557,12,12,12
8558,12,12,12
8559,12,12,12
8560,12,12,12
8561,12,12,12
8562,12,12,12
8563,12,12,12
8564,12,12,12
8565,12,12,12
8566,12,12,12
8567,12,12,12
8568,12,12,12
8569,12,12,12
8570,12,12,12
8571,12,12,12
8572,12,12,12
8573,12,12,12
8574,12,12,12
8575,12,12,12
8576,12,12,12
8577,12,12,12
8578,12,12,12
8579,12,12,12
8580,12,12,12
8581,12,12,12
8582,12,12,12
8583,12,12,12
8584,12,12,12
8585,12,12,12
8586,12,12,12
8587,12,12,12
8588,12,12,12
8589,12,12,12
8590,12,12,12
8591,12,12,12
8592,12,12,12
8593,12,12,12
8594,12,12,12
8595,12,12,12
8596,12,12,12
8597,12,12,12
8598,12,12,12
8599,12,12,12
8600,12,12,12
8601,12,12,12
8602,12,12,12
8603,12,12,12
8604,12,12,12
8605,12,12,12
8606,12,12,12
8607,12,12,12
8608,12,12,12
8609,12,12,12
8610,12,12,12
8611,12,12,12
8612,12,12,12
8613,12,12,12
8614,12,12,12
8615,12,12,12
8616,12,12,12
8617,12,12,12
8618,12,12,12
8619,12,12,12
8620,12,12,12
8621,12,12,12
8622,12,12,12
8623,12,12,12
8624,12,12,12
8625,12,12,12
8626,12,12,12
8627,12,12,12
8628,12,12,12
8629,12,12,12
8630,12,12,12
8631,12,12,12
8632,12,12,12
8633,12,12,12
8634,12,12,12
8635,12,12,12
8636,12,12,12
8637,12,12,12
8638,12,12,12
8639,12,12,12
8640,12,12,12
8641,12,12,12
8642,12,12,12
8643,12,12,12
8644,12,12,12
8645,12,12,12
8646,12,12,12
8647,12,12,12
8648,12,12,12
8649,12,12,12
8650,12,12,12
8651,12,12,12
8652,12,12,12
8653,12,12,12
8654,12,12,12
8655,12,12,12
8656,12,12,12
8657,12,12,12
8658,12,12,12
8659,12,12,12
8660,12,12,12
8661,12,12,12
8662,12,12,12
8663,12,12,12
8664,12,12,12
8665,12,12,12
8666,12,12,12
8667,12,12,12
8668,12,12,12
8669,12,12,12
8670,12,12,12
8671,12,12,12
8672,12,12,12
8673,12,12,12
8674,12,12,12
8675,12,12,12
8676,12,12,12
8677,12,12,12
8678,12,12,12
8679,12,12,12
8680,12,12,12
8681,12,12,12
8682,12,12,12
8683,12,12,12
8684,12,12,12
8685,12,12,12
8686,12,12,12
8687,12,12,12
8688,12,12,12
8689,12,12,12
8690,12,12,12
8691,12,12,12
8692,12,12,12
8693,12,12,12
8694,12,12,12
8695,12,12,12
8696,12,12,12
8697,12,12,12
8698,12,12,12
8699,12,12,12
8700,12,12,12
8701,12,12,12
8702,12,12,12
8703,12,12,12
8704,12,12,12
8705,12,12,12
8706,12,12,12
8707,12,12,12
8708,12,12,12
8709,12,12,12
8710,12,12,12
8711,12,12,12
8712,12,12,12
8713,12,12,12
8714,12,12,12
8715,12,12,12
8716,12,12,12
8717,12,12,12
8718,12,12,12
8719,12,12,12
8720,12,12,12
8721,12,12,12
8722,12,12,12
8723,12,12,12
8724,12,12,12
8725,12,12,12
8726,12,12,12
8727,12,12,12
8728,12,12,12
8729,12,12,12
8730,12,12,12
8731,12,12,12
8732,12,12,12
8733,12,12,12
8734,12,12,12
8735,12,12,12
8736,12,12,12
8737,12,12,12
8738,12,12,12
8739,12,12,12
8740,12,12,12
8741,12,12,12
8742,12,12,12
8743,12,12,12
8744,12,12,12
8745,12,12,12
8746,12,12,12
8747,12,12,12
8748,12,12,12
8749,12,12,12
8750,12,12,12
8751,12,12,12
8752,12,12,12
8753,12,12,12
8754,12,12,12
8755,12,12,12
8756,12,12,12
8757,12,12,12
8758,12,12,12
8759,12,12,12
8760,12,12,12