Time_Index,elec_price_per_MWh_z1,elec_price_per_MWh_z2,elec_price_per_MWh_z3
1,0.04,0.04,0.04
2,0.04,0.04,0.04
3,0.04,0.04,0.04
4,0.04,0.04,0.04
5,0.04,0.04,0.04
6,0.04,0.04,0.04
7,0.04,0.04,0.04
8,0.04,0.04,0.04
9,0.04,0.04,0.04
10,0.04,0.04,0.04
11,0.04,0.04,0.04
12,0.04,0.04,0.04
13,0.04,0.04,0.04
14,0.04,0.04,0.04
15,0.04,0.04,0.04
16,0.04,0.04,0.04
17,0.04,0.04,0.04
18,0.04,0.04,0.04
19,0.04,0.04,0.04
20,0.04,0.04,0.04
21,0.04,0.04,0.04
22,0.04,0.04,0.04
23,0.04,0.04,0.04
24,0.04,0.04,0.04
25,0.04,0.04,0.04
26,0.04,0.04,0.04
27,0.04,0.04,0.04
28,0.04,0.04,0.04
29,0.04,0.04,0.04
30,0.04,0.04,0.04
31,0.04,0.04,0.04
32,0.04,0.04,0.04
33,0.04,0.04,0.04
34,0.04,0.04,0.04
35,0.04,0.04,0.04
36,0.04,0.04,0.04
37,0.04,0.04,0.04
38,0.04,0.04,0.04
39,0.04,0.04,0.04
40,0.04,0.04,0.04
41,0.04,0.04,0.04
42,0.04,0.04,0.04
43,0.04,0.04,0.04
44,0.04,0.04,0.04
45,0.04,0.04,0.04
46,0.04,0.04,0.04
47,0.04,0.04,0.04
48,0.04,0.04,0.04
49,0.04,0.04,0.04
50,0.04,0.04,0.04
51,0.04,0.04,0.04
52,0.04,0.04,0.04
53,0.04,0.04,0.04
54,0.04,0.04,0.04
55,0.04,0.04,0.04
56,0.04,0.04,0.04
57,0.04,0.04,0.04
58,0.04,0.04,0.04
59,0.04,0.04,0.04
60,0.04,0.04,0.04
61,0.04,0.04,0.04
62,0.04,0.04,0.04
63,0.04,0.04,0.04
64,0.04,0.04,0.04
65,0.04,0.04,0.04
66,0.04,0.04,0.04
67,0.04,0.04,0.04
68,0.04,0.04,0.04
69,0.04,0.04,0.04
70,0.04,0.04,0.04
71,0.04,0.04,0.04
72,0.04,0.04,0.04
73,0.04,0.04,0.04
74,0.04,0.04,0.04
75,0.04,0.04,0.04
76,0.04,0.04,0.04
77,0.04,0.04,0.04
78,0.04,0.04,0.04
79,0.04,0.04,0.04
80,0.04,0.04,0.04
81,0.04,0.04,0.04
82,0.04,0.04,0.04
83,0.04,0.04,0.04
84,0.04,0.04,0.04
85,0.04,0.04,0.04
86,0.04,0.04,0.04
87,0.04,0.04,0.04
88,0.04,0.04,0.04
89,0.04,0.04,0.04
90,0.04,0.04,0.04
91,0.04,0.04,0.04
92,0.04,0.04,0.04
93,0.04,0.04,0.04
94,0.04,0.04,0.04
95,0.04,0.04,0.04
96,0.04,0.04,0.04
97,0.04,0.04,0.04
98,0.04,0.04,0.04
99,0.04,0.04,0.04
100,0.04,0.04,0.04
101,0.04,0.04,0.04
102,0.04,0.04,0.04
103,0.04,0.04,0.04
104,0.04,0.04,0.04
105,0.04,0.04,0.04
106,0.04,0.04,0.04
107,0.04,0.04,0.04
108,0.04,0.04,0.04
109,0.04,0.04,0.04
110,0.04,0.04,0.04
111,0.04,0.04,0.04
112,0.04,0.04,0.04
113,0.04,0.04,0.04
114,0.04,0.04,0.04
115,0.04,0.04,0.04
116,0.04,0.04,0.04
117,0.04,0.04,0.04
118,0.04,0.04,0.04
119,0.04,0.04,0.04
120,0.04,0.04,0.04
121,0.04,0.04,0.04
122,0.04,0.04,0.04
123,0.04,0.04,0.04
124,0.04,0.04,0.04
125,0.04,0.04,0.04
126,0.04,0.04,0.04
127,0.04,0.04,0.04
128,0.04,0.04,0.04
129,0.04,0.04,0.04
130,0.04,0.04,0.04
131,0.04,0.04,0.04
132,0.04,0.04,0.04
133,0.04,0.04,0.04
134,0.04,0.04,0.04
135,0.04,0.04,0.04
136,0.04,0.04,0.04
137,0.04,0.04,0.04
138,0.04,0.04,0.04
139,0.04,0.04,0.04
140,0.04,0.04,0.04
141,0.04,0.04,0.04
142,0.04,0.04,0.04
143,0.04,0.04,0.04
144,0.04,0.04,0.04
145,0.04,0.04,0.04
146,0.04,0.04,0.04
147,0.04,0.04,0.04
148,0.04,0.04,0.04
149,0.04,0.04,0.04
150,0.04,0.04,0.04
151,0.04,0.04,0.04
152,0.04,0.04,0.04
153,0.04,0.04,0.04
154,0.04,0.04,0.04
155,0.04,0.04,0.04
156,0.04,0.04,0.04
157,0.04,0.04,0.04
158,0.04,0.04,0.04
159,0.04,0.04,0.04
160,0.04,0.04,0.04
161,0.04,0.04,0.04
162,0.04,0.04,0.04
163,0.04,0.04,0.04
164,0.04,0.04,0.04
165,0.04,0.04,0.04
166,0.04,0.04,0.04
167,0.04,0.04,0.04
168,0.04,0.04,0.04
169,0.04,0.04,0.04
170,0.04,0.04,0.04
171,0.04,0.04,0.04
172,0.04,0.04,0.04
173,0.04,0.04,0.04
174,0.04,0.04,0.04
175,0.04,0.04,0.04
176,0.04,0.04,0.04
177,0.04,0.04,0.04
178,0.04,0.04,0.04
179,0.04,0.04,0.04
180,0.04,0.04,0.04
181,0.04,0.04,0.04
182,0.04,0.04,0.04
183,0.04,0.04,0.04
184,0.04,0.04,0.04
185,0.04,0.04,0.04
186,0.04,0.04,0.04
187,0.04,0.04,0.04
188,0.04,0.04,0.04
189,0.04,0.04,0.04
190,0.04,0.04,0.04
191,0.04,0.04,0.04
192,0.04,0.04,0.04
193,0.04,0.04,0.04
194,0.04,0.04,0.04
195,0.04,0.04,0.04
196,0.04,0.04,0.04
197,0.04,0.04,0.04
198,0.04,0.04,0.04
199,0.04,0.04,0.04
200,0.04,0.04,0.04
201,0.04,0.04,0.04
202,0.04,0.04,0.04
203,0.04,0.04,0.04
204,0.04,0.04,0.04
205,0.04,0.04,0.04
206,0.04,0.04,0.04
207,0.04,0.04,0.04
208,0.04,0.04,0.04
209,0.04,0.04,0.04
210,0.04,0.04,0.04
211,0.04,0.04,0.04
212,0.04,0.04,0.04
213,0.04,0.04,0.04
214,0.04,0.04,0.04
215,0.04,0.04,0.04
216,0.04,0.04,0.04
217,0.04,0.04,0.04
218,0.04,0.04,0.04
219,0.04,0.04,0.04
220,0.04,0.04,0.04
221,0.04,0.04,0.04
222,0.04,0.04,0.04
223,0.04,0.04,0.04
224,0.04,0.04,0.04
225,0.04,0.04,0.04
226,0.04,0.04,0.04
227,0.04,0.04,0.04
228,0.04,0.04,0.04
229,0.04,0.04,0.04
230,0.04,0.04,0.04
231,0.04,0.04,0.04
232,0.04,0.04,0.04
233,0.04,0.04,0.04
234,0.04,0.04,0.04
235,0.04,0.04,0.04
236,0.04,0.04,0.04
237,0.04,0.04,0.04
238,0.04,0.04,0.04
239,0.04,0.04,0.04
240,0.04,0.04,0.04
241,0.04,0.04,0.04
242,0.04,0.04,0.04
243,0.04,0.04,0.04
244,0.04,0.04,0.04
245,0.04,0.04,0.04
246,0.04,0.04,0.04
247,0.04,0.04,0.04
248,0.04,0.04,0.04
249,0.04,0.04,0.04
250,0.04,0.04,0.04
251,0.04,0.04,0.04
252,0.04,0.04,0.04
253,0.04,0.04,0.04
254,0.04,0.04,0.04
255,0.04,0.04,0.04
256,0.04,0.04,0.04
257,0.04,0.04,0.04
258,0.04,0.04,0.04
259,0.04,0.04,0.04
260,0.04,0.04,0.04
261,0.04,0.04,0.04
262,0.04,0.04,0.04
263,0.04,0.04,0.04
264,0.04,0.04,0.04
265,0.04,0.04,0.04
266,0.04,0.04,0.04
267,0.04,0.04,0.04
268,0.04,0.04,0.04
269,0.04,0.04,0.04
270,0.04,0.04,0.04
271,0.04,0.04,0.04
272,0.04,0.04,0.04
273,0.04,0.04,0.04
274,0.04,0.04,0.04
275,0.04,0.04,0.04
276,0.04,0.04,0.04
277,0.04,0.04,0.04
278,0.04,0.04,0.04
279,0.04,0.04,0.04
280,0.04,0.04,0.04
281,0.04,0.04,0.04
282,0.04,0.04,0.04
283,0.04,0.04,0.04
284,0.04,0.04,0.04
285,0.04,0.04,0.04
286,0.04,0.04,0.04
287,0.04,0.04,0.04
288,0.04,0.04,0.04
289,0.04,0.04,0.04
290,0.04,0.04,0.04
291,0.04,0.04,0.04
292,0.04,0.04,0.04
293,0.04,0.04,0.04
294,0.04,0.04,0.04
295,0.04,0.04,0.04
296,0.04,0.04,0.04
297,0.04,0.04,0.04
298,0.04,0.04,0.04
299,0.04,0.04,0.04
300,0.04,0.04,0.04
301,0.04,0.04,0.04
302,0.04,0.04,0.04
303,0.04,0.04,0.04
304,0.04,0.04,0.04
305,0.04,0.04,0.04
306,0.04,0.04,0.04
307,0.04,0.04,0.04
308,0.04,0.04,0.04
309,0.04,0.04,0.04
310,0.04,0.04,0.04
311,0.04,0.04,0.04
312,0.04,0.04,0.04
313,0.04,0.04,0.04
314,0.04,0.04,0.04
315,0.04,0.04,0.04
316,0.04,0.04,0.04
317,0.04,0.04,0.04
318,0.04,0.04,0.04
319,0.04,0.04,0.04
320,0.04,0.04,0.04
321,0.04,0.04,0.04
322,0.04,0.04,0.04
323,0.04,0.04,0.04
324,0.04,0.04,0.04
325,0.04,0.04,0.04
326,0.04,0.04,0.04
327,0.04,0.04,0.04
328,0.04,0.04,0.04
329,0.04,0.04,0.04
330,0.04,0.04,0.04
331,0.04,0.04,0.04
332,0.04,0.04,0.04
333,0.04,0.04,0.04
334,0.04,0.04,0.04
335,0.04,0.04,0.04
336,0.04,0.04,0.04
337,0.04,0.04,0.04
338,0.04,0.04,0.04
339,0.04,0.04,0.04
340,0.04,0.04,0.04
341,0.04,0.04,0.04
342,0.04,0.04,0.04
343,0.04,0.04,0.04
344,0.04,0.04,0.04
345,0.04,0.04,0.04
346,0.04,0.04,0.04
347,0.04,0.04,0.04
348,0.04,0.04,0.04
349,0.04,0.04,0.04
350,0.04,0.04,0.04
351,0.04,0.04,0.04
352,0.04,0.04,0.04
353,0.04,0.04,0.04
354,0.04,0.04,0.04
355,0.04,0.04,0.04
356,0.04,0.04,0.04
357,0.04,0.04,0.04
358,0.04,0.04,0.04
359,0.04,0.04,0.04
360,0.04,0.04,0.04
361,0.04,0.04,0.04
362,0.04,0.04,0.04
363,0.04,0.04,0.04
364,0.04,0.04,0.04
365,0.04,0.04,0.04
366,0.04,0.04,0.04
367,0.04,0.04,0.04
368,0.04,0.04,0.04
369,0.04,0.04,0.04
370,0.04,0.04,0.04
371,0.04,0.04,0.04
372,0.04,0.04,0.04
373,0.04,0.04,0.04
374,0.04,0.04,0.04
375,0.04,0.04,0.04
376,0.04,0.04,0.04
377,0.04,0.04,0.04
378,0.04,0.04,0.04
379,0.04,0.04,0.04
380,0.04,0.04,0.04
381,0.04,0.04,0.04
382,0.04,0.04,0.04
383,0.04,0.04,0.04
384,0.04,0.04,0.04
385,0.04,0.04,0.04
386,0.04,0.04,0.04
387,0.04,0.04,0.04
388,0.04,0.04,0.04
389,0.04,0.04,0.04
390,0.04,0.04,0.04
391,0.04,0.04,0.04
392,0.04,0.04,0.04
393,0.04,0.04,0.04
394,0.04,0.04,0.04
395,0.04,0.04,0.04
396,0.04,0.04,0.04
397,0.04,0.04,0.04
398,0.04,0.04,0.04
399,0.04,0.04,0.04
400,0.04,0.04,0.04
401,0.04,0.04,0.04
402,0.04,0.04,0.04
403,0.04,0.04,0.04
404,0.04,0.04,0.04
405,0.04,0.04,0.04
406,0.04,0.04,0.04
407,0.04,0.04,0.04
408,0.04,0.04,0.04
409,0.04,0.04,0.04
410,0.04,0.04,0.04
411,0.04,0.04,0.04
412,0.04,0.04,0.04
413,0.04,0.04,0.04
414,0.04,0.04,0.04
415,0.04,0.04,0.04
416,0.04,0.04,0.04
417,0.04,0.04,0.04
418,0.04,0.04,0.04
419,0.04,0.04,0.04
420,0.04,0.04,0.04
421,0.04,0.04,0.04
422,0.04,0.04,0.04
423,0.04,0.04,0.04
424,0.04,0.04,0.04
425,0.04,0.04,0.04
426,0.04,0.04,0.04
427,0.04,0.04,0.04
428,0.04,0.04,0.04
429,0.04,0.04,0.04
430,0.04,0.04,0.04
431,0.04,0.04,0.04
432,0.04,0.04,0.04
433,0.04,0.04,0.04
434,0.04,0.04,0.04
435,0.04,0.04,0.04
436,0.04,0.04,0.04
437,0.04,0.04,0.04
438,0.04,0.04,0.04
439,0.04,0.04,0.04
440,0.04,0.04,0.04
441,0.04,0.04,0.04
442,0.04,0.04,0.04
443,0.04,0.04,0.04
444,0.04,0.04,0.04
445,0.04,0.04,0.04
446,0.04,0.04,0.04
447,0.04,0.04,0.04
448,0.04,0.04,0.04
449,0.04,0.04,0.04
450,0.04,0.04,0.04
451,0.04,0.04,0.04
452,0.04,0.04,0.04
453,0.04,0.04,0.04
454,0.04,0.04,0.04
455,0.04,0.04,0.04
456,0.04,0.04,0.04
457,0.04,0.04,0.04
458,0.04,0.04,0.04
459,0.04,0.04,0.04
460,0.04,0.04,0.04
461,0.04,0.04,0.04
462,0.04,0.04,0.04
463,0.04,0.04,0.04
464,0.04,0.04,0.04
465,0.04,0.04,0.04
466,0.04,0.04,0.04
467,0.04,0.04,0.04
468,0.04,0.04,0.04
469,0.04,0.04,0.04
470,0.04,0.04,0.04
471,0.04,0.04,0.04
472,0.04,0.04,0.04
473,0.04,0.04,0.04
474,0.04,0.04,0.04
475,0.04,0.04,0.04
476,0.04,0.04,0.04
477,0.04,0.04,0.04
478,0.04,0.04,0.04
479,0.04,0.04,0.04
480,0.04,0.04,0.04
481,0.04,0.04,0.04
482,0.04,0.04,0.04
483,0.04,0.04,0.04
484,0.04,0.04,0.04
485,0.04,0.04,0.04
486,0.04,0.04,0.04
487,0.04,0.04,0.04
488,0.04,0.04,0.04
489,0.04,0.04,0.04
490,0.04,0.04,0.04
491,0.04,0.04,0.04
492,0.04,0.04,0.04
493,0.04,0.04,0.04
494,0.04,0.04,0.04
495,0.04,0.04,0.04
496,0.04,0.04,0.04
497,0.04,0.04,0.04
498,0.04,0.04,0.04
499,0.04,0.04,0.04
500,0.04,0.04,0.04
501,0.04,0.04,0.04
502,0.04,0.04,0.04
503,0.04,0.04,0.04
504,0.04,0.04,0.04
505,0.04,0.04,0.04
506,0.04,0.04,0.04
507,0.04,0.04,0.04
508,0.04,0.04,0.04
509,0.04,0.04,0.04
510,0.04,0.04,0.04
511,0.04,0.04,0.04
512,0.04,0.04,0.04
513,0.04,0.04,0.04
514,0.04,0.04,0.04
515,0.04,0.04,0.04
516,0.04,0.04,0.04
517,0.04,0.04,0.04
518,0.04,0.04,0.04
519,0.04,0.04,0.04
520,0.04,0.04,0.04
521,0.04,0.04,0.04
522,0.04,0.04,0.04
523,0.04,0.04,0.04
524,0.04,0.04,0.04
525,0.04,0.04,0.04
526,0.04,0.04,0.04
527,0.04,0.04,0.04
528,0.04,0.04,0.04
529,0.04,0.04,0.04
530,0.04,0.04,0.04
531,0.04,0.04,0.04
532,0.04,0.04,0.04
533,0.04,0.04,0.04
534,0.04,0.04,0.04
535,0.04,0.04,0.04
536,0.04,0.04,0.04
537,0.04,0.04,0.04
538,0.04,0.04,0.04
539,0.04,0.04,0.04
540,0.04,0.04,0.04
541,0.04,0.04,0.04
542,0.04,0.04,0.04
543,0.04,0.04,0.04
544,0.04,0.04,0.04
545,0.04,0.04,0.04
546,0.04,0.04,0.04
547,0.04,0.04,0.04
548,0.04,0.04,0.04
549,0.04,0.04,0.04
550,0.04,0.04,0.04
551,0.04,0.04,0.04
552,0.04,0.04,0.04
553,0.04,0.04,0.04
554,0.04,0.04,0.04
555,0.04,0.04,0.04
556,0.04,0.04,0.04
557,0.04,0.04,0.04
558,0.04,0.04,0.04
559,0.04,0.04,0.04
560,0.04,0.04,0.04
561,0.04,0.04,0.04
562,0.04,0.04,0.04
563,0.04,0.04,0.04
564,0.04,0.04,0.04
565,0.04,0.04,0.04
566,0.04,0.04,0.04
567,0.04,0.04,0.04
568,0.04,0.04,0.04
569,0.04,0.04,0.04
570,0.04,0.04,0.04
571,0.04,0.04,0.04
572,0.04,0.04,0.04
573,0.04,0.04,0.04
574,0.04,0.04,0.04
575,0.04,0.04,0.04
576,0.04,0.04,0.04
577,0.04,0.04,0.04
578,0.04,0.04,0.04
579,0.04,0.04,0.04
580,0.04,0.04,0.04
581,0.04,0.04,0.04
582,0.04,0.04,0.04
583,0.04,0.04,0.04
584,0.04,0.04,0.04
585,0.04,0.04,0.04
586,0.04,0.04,0.04
587,0.04,0.04,0.04
588,0.04,0.04,0.04
589,0.04,0.04,0.04
590,0.04,0.04,0.04
591,0.04,0.04,0.04
592,0.04,0.04,0.04
593,0.04,0.04,0.04
594,0.04,0.04,0.04
595,0.04,0.04,0.04
596,0.04,0.04,0.04
597,0.04,0.04,0.04
598,0.04,0.04,0.04
599,0.04,0.04,0.04
600,0.04,0.04,0.04
601,0.04,0.04,0.04
602,0.04,0.04,0.04
603,0.04,0.04,0.04
604,0.04,0.04,0.04
605,0.04,0.04,0.04
606,0.04,0.04,0.04
607,0.04,0.04,0.04
608,0.04,0.04,0.04
609,0.04,0.04,0.04
610,0.04,0.04,0.04
611,0.04,0.04,0.04
612,0.04,0.04,0.04
613,0.04,0.04,0.04
614,0.04,0.04,0.04
615,0.04,0.04,0.04
616,0.04,0.04,0.04
617,0.04,0.04,0.04
618,0.04,0.04,0.04
619,0.04,0.04,0.04
620,0.04,0.04,0.04
621,0.04,0.04,0.04
622,0.04,0.04,0.04
623,0.04,0.04,0.04
624,0.04,0.04,0.04
625,0.04,0.04,0.04
626,0.04,0.04,0.04
627,0.04,0.04,0.04
628,0.04,0.04,0.04
629,0.04,0.04,0.04
630,0.04,0.04,0.04
631,0.04,0.04,0.04
632,0.04,0.04,0.04
633,0.04,0.04,0.04
634,0.04,0.04,0.04
635,0.04,0.04,0.04
636,0.04,0.04,0.04
637,0.04,0.04,0.04
638,0.04,0.04,0.04
639,0.04,0.04,0.04
640,0.04,0.04,0.04
641,0.04,0.04,0.04
642,0.04,0.04,0.04
643,0.04,0.04,0.04
644,0.04,0.04,0.04
645,0.04,0.04,0.04
646,0.04,0.04,0.04
647,0.04,0.04,0.04
648,0.04,0.04,0.04
649,0.04,0.04,0.04
650,0.04,0.04,0.04
651,0.04,0.04,0.04
652,0.04,0.04,0.04
653,0.04,0.04,0.04
654,0.04,0.04,0.04
655,0.04,0.04,0.04
656,0.04,0.04,0.04
657,0.04,0.04,0.04
658,0.04,0.04,0.04
659,0.04,0.04,0.04
660,0.04,0.04,0.04
661,0.04,0.04,0.04
662,0.04,0.04,0.04
663,0.04,0.04,0.04
664,0.04,0.04,0.04
665,0.04,0.04,0.04
666,0.04,0.04,0.04
667,0.04,0.04,0.04
668,0.04,0.04,0.04
669,0.04,0.04,0.04
670,0.04,0.04,0.04
671,0.04,0.04,0.04
672,0.04,0.04,0.04
673,0.04,0.04,0.04
674,0.04,0.04,0.04
675,0.04,0.04,0.04
676,0.04,0.04,0.04
677,0.04,0.04,0.04
678,0.04,0.04,0.04
679,0.04,0.04,0.04
680,0.04,0.04,0.04
681,0.04,0.04,0.04
682,0.04,0.04,0.04
683,0.04,0.04,0.04
684,0.04,0.04,0.04
685,0.04,0.04,0.04
686,0.04,0.04,0.04
687,0.04,0.04,0.04
688,0.04,0.04,0.04
689,0.04,0.04,0.04
690,0.04,0.04,0.04
691,0.04,0.04,0.04
692,0.04,0.04,0.04
693,0.04,0.04,0.04
694,0.04,0.04,0.04
695,0.04,0.04,0.04
696,0.04,0.04,0.04
697,0.04,0.04,0.04
698,0.04,0.04,0.04
699,0.04,0.04,0.04
700,0.04,0.04,0.04
701,0.04,0.04,0.04
702,0.04,0.04,0.04
703,0.04,0.04,0.04
704,0.04,0.04,0.04
705,0.04,0.04,0.04
706,0.04,0.04,0.04
707,0.04,0.04,0.04
708,0.04,0.04,0.04
709,0.04,0.04,0.04
710,0.04,0.04,0.04
711,0.04,0.04,0.04
712,0.04,0.04,0.04
713,0.04,0.04,0.04
714,0.04,0.04,0.04
715,0.04,0.04,0.04
716,0.04,0.04,0.04
717,0.04,0.04,0.04
718,0.04,0.04,0.04
719,0.04,0.04,0.04
720,0.04,0.04,0.04
721,0.04,0.04,0.04
722,0.04,0.04,0.04
723,0.04,0.04,0.04
724,0.04,0.04,0.04
725,0.04,0.04,0.04
726,0.04,0.04,0.04
727,0.04,0.04,0.04
728,0.04,0.04,0.04
729,0.04,0.04,0.04
730,0.04,0.04,0.04
731,0.04,0.04,0.04
732,0.04,0.04,0.04
733,0.04,0.04,0.04
734,0.04,0.04,0.04
735,0.04,0.04,0.04
736,0.04,0.04,0.04
737,0.04,0.04,0.04
738,0.04,0.04,0.04
739,0.04,0.04,0.04
740,0.04,0.04,0.04
741,0.04,0.04,0.04
742,0.04,0.04,0.04
743,0.04,0.04,0.04
744,0.04,0.04,0.04
745,0.04,0.04,0.04
746,0.04,0.04,0.04
747,0.04,0.04,0.04
748,0.04,0.04,0.04
749,0.04,0.04,0.04
750,0.04,0.04,0.04
751,0.04,0.04,0.04
752,0.04,0.04,0.04
753,0.04,0.04,0.04
754,0.04,0.04,0.04
755,0.04,0.04,0.04
756,0.04,0.04,0.04
757,0.04,0.04,0.04
758,0.04,0.04,0.04
759,0.04,0.04,0.04
760,0.04,0.04,0.04
761,0.04,0.04,0.04
762,0.04,0.04,0.04
763,0.04,0.04,0.04
764,0.04,0.04,0.04
765,0.04,0.04,0.04
766,0.04,0.04,0.04
767,0.04,0.04,0.04
768,0.04,0.04,0.04
769,0.04,0.04,0.04
770,0.04,0.04,0.04
771,0.04,0.04,0.04
772,0.04,0.04,0.04
773,0.04,0.04,0.04
774,0.04,0.04,0.04
775,0.04,0.04,0.04
776,0.04,0.04,0.04
777,0.04,0.04,0.04
778,0.04,0.04,0.04
779,0.04,0.04,0.04
780,0.04,0.04,0.04
781,0.04,0.04,0.04
782,0.04,0.04,0.04
783,0.04,0.04,0.04
784,0.04,0.04,0.04
785,0.04,0.04,0.04
786,0.04,0.04,0.04
787,0.04,0.04,0.04
788,0.04,0.04,0.04
789,0.04,0.04,0.04
790,0.04,0.04,0.04
791,0.04,0.04,0.04
792,0.04,0.04,0.04
793,0.04,0.04,0.04
794,0.04,0.04,0.04
795,0.04,0.04,0.04
796,0.04,0.04,0.04
797,0.04,0.04,0.04
798,0.04,0.04,0.04
799,0.04,0.04,0.04
800,0.04,0.04,0.04
801,0.04,0.04,0.04
802,0.04,0.04,0.04
803,0.04,0.04,0.04
804,0.04,0.04,0.04
805,0.04,0.04,0.04
806,0.04,0.04,0.04
807,0.04,0.04,0.04
808,0.04,0.04,0.04
809,0.04,0.04,0.04
810,0.04,0.04,0.04
811,0.04,0.04,0.04
812,0.04,0.04,0.04
813,0.04,0.04,0.04
814,0.04,0.04,0.04
815,0.04,0.04,0.04
816,0.04,0.04,0.04
817,0.04,0.04,0.04
818,0.04,0.04,0.04
819,0.04,0.04,0.04
820,0.04,0.04,0.04
821,0.04,0.04,0.04
822,0.04,0.04,0.04
823,0.04,0.04,0.04
824,0.04,0.04,0.04
825,0.04,0.04,0.04
826,0.04,0.04,0.04
827,0.04,0.04,0.04
828,0.04,0.04,0.04
829,0.04,0.04,0.04
830,0.04,0.04,0.04
831,0.04,0.04,0.04
832,0.04,0.04,0.04
833,0.04,0.04,0.04
834,0.04,0.04,0.04
835,0.04,0.04,0.04
836,0.04,0.04,0.04
837,0.04,0.04,0.04
838,0.04,0.04,0.04
839,0.04,0.04,0.04
840,0.04,0.04,0.04
841,0.04,0.04,0.04
842,0.04,0.04,0.04
843,0.04,0.04,0.04
844,0.04,0.04,0.04
845,0.04,0.04,0.04
846,0.04,0.04,0.04
847,0.04,0.04,0.04
848,0.04,0.04,0.04
849,0.04,0.04,0.04
850,0.04,0.04,0.04
851,0.04,0.04,0.04
852,0.04,0.04,0.04
853,0.04,0.04,0.04
854,0.04,0.04,0.04
855,0.04,0.04,0.04
856,0.04,0.04,0.04
857,0.04,0.04,0.04
858,0.04,0.04,0.04
859,0.04,0.04,0.04
860,0.04,0.04,0.04
861,0.04,0.04,0.04
862,0.04,0.04,0.04
863,0.04,0.04,0.04
864,0.04,0.04,0.04
865,0.04,0.04,0.04
866,0.04,0.04,0.04
867,0.04,0.04,0.04
868,0.04,0.04,0.04
869,0.04,0.04,0.04
870,0.04,0.04,0.04
871,0.04,0.04,0.04
872,0.04,0.04,0.04
873,0.04,0.04,0.04
874,0.04,0.04,0.04
875,0.04,0.04,0.04
876,0.04,0.04,0.04
877,0.04,0.04,0.04
878,0.04,0.04,0.04
879,0.04,0.04,0.04
880,0.04,0.04,0.04
881,0.04,0.04,0.04
882,0.04,0.04,0.04
883,0.04,0.04,0.04
884,0.04,0.04,0.04
885,0.04,0.04,0.04
886,0.04,0.04,0.04
887,0.04,0.04,0.04
888,0.04,0.04,0.04
889,0.04,0.04,0.04
890,0.04,0.04,0.04
891,0.04,0.04,0.04
892,0.04,0.04,0.04
893,0.04,0.04,0.04
894,0.04,0.04,0.04
895,0.04,0.04,0.04
896,0.04,0.04,0.04
897,0.04,0.04,0.04
898,0.04,0.04,0.04
899,0.04,0.04,0.04
900,0.04,0.04,0.04
901,0.04,0.04,0.04
902,0.04,0.04,0.04
903,0.04,0.04,0.04
904,0.04,0.04,0.04
905,0.04,0.04,0.04
906,0.04,0.04,0.04
907,0.04,0.04,0.04
908,0.04,0.04,0.04
909,0.04,0.04,0.04
910,0.04,0.04,0.04
911,0.04,0.04,0.04
912,0.04,0.04,0.04
913,0.04,0.04,0.04
914,0.04,0.04,0.04
915,0.04,0.04,0.04
916,0.04,0.04,0.04
917,0.04,0.04,0.04
918,0.04,0.04,0.04
919,0.04,0.04,0.04
920,0.04,0.04,0.04
921,0.04,0.04,0.04
922,0.04,0.04,0.04
923,0.04,0.04,0.04
924,0.04,0.04,0.04
925,0.04,0.04,0.04
926,0.04,0.04,0.04
927,0.04,0.04,0.04
928,0.04,0.04,0.04
929,0.04,0.04,0.04
930,0.04,0.04,0.04
931,0.04,0.04,0.04
932,0.04,0.04,0.04
933,0.04,0.04,0.04
934,0.04,0.04,0.04
935,0.04,0.04,0.04
936,0.04,0.04,0.04
937,0.04,0.04,0.04
938,0.04,0.04,0.04
939,0.04,0.04,0.04
940,0.04,0.04,0.04
941,0.04,0.04,0.04
942,0.04,0.04,0.04
943,0.04,0.04,0.04
944,0.04,0.04,0.04
945,0.04,0.04,0.04
946,0.04,0.04,0.04
947,0.04,0.04,0.04
948,0.04,0.04,0.04
949,0.04,0.04,0.04
950,0.04,0.04,0.04
951,0.04,0.04,0.04
952,0.04,0.04,0.04
953,0.04,0.04,0.04
954,0.04,0.04,0.04
955,0.04,0.04,0.04
956,0.04,0.04,0.04
957,0.04,0.04,0.04
958,0.04,0.04,0.04
959,0.04,0.04,0.04
960,0.04,0.04,0.04
961,0.04,0.04,0.04
962,0.04,0.04,0.04
963,0.04,0.04,0.04
964,0.04,0.04,0.04
965,0.04,0.04,0.04
966,0.04,0.04,0.04
967,0.04,0.04,0.04
968,0.04,0.04,0.04
969,0.04,0.04,0.04
970,0.04,0.04,0.04
971,0.04,0.04,0.04
972,0.04,0.04,0.04
973,0.04,0.04,0.04
974,0.04,0.04,0.04
975,0.04,0.04,0.04
976,0.04,0.04,0.04
977,0.04,0.04,0.04
978,0.04,0.04,0.04
979,0.04,0.04,0.04
980,0.04,0.04,0.04
981,0.04,0.04,0.04
982,0.04,0.04,0.04
983,0.04,0.04,0.04
984,0.04,0.04,0.04
985,0.04,0.04,0.04
986,0.04,0.04,0.04
987,0.04,0.04,0.04
988,0.04,0.04,0.04
989,0.04,0.04,0.04
990,0.04,0.04,0.04
991,0.04,0.04,0.04
992,0.04,0.04,0.04
993,0.04,0.04,0.04
994,0.04,0.04,0.04
995,0.04,0.04,0.04
996,0.04,0.04,0.04
997,0.04,0.04,0.04
998,0.04,0.04,0.04
999,0.04,0.04,0.04
1000,0.04,0.04,0.04
1001,0.04,0.04,0.04
1002,0.04,0.04,0.04
1003,0.04,0.04,0.04
1004,0.04,0.04,0.04
1005,0.04,0.04,0.04
1006,0.04,0.04,0.04
1007,0.04,0.04,0.04
1008,0.04,0.04,0.04
1009,0.04,0.04,0.04
1010,0.04,0.04,0.04
1011,0.04,0.04,0.04
1012,0.04,0.04,0.04
1013,0.04,0.04,0.04
1014,0.04,0.04,0.04
1015,0.04,0.04,0.04
1016,0.04,0.04,0.04
1017,0.04,0.04,0.04
1018,0.04,0.04,0.04
1019,0.04,0.04,0.04
1020,0.04,0.04,0.04
1021,0.04,0.04,0.04
1022,0.04,0.04,0.04
1023,0.04,0.04,0.04
1024,0.04,0.04,0.04
1025,0.04,0.04,0.04
1026,0.04,0.04,0.04
1027,0.04,0.04,0.04
1028,0.04,0.04,0.04
1029,0.04,0.04,0.04
1030,0.04,0.04,0.04
1031,0.04,0.04,0.04
1032,0.04,0.04,0.04
1033,0.04,0.04,0.04
1034,0.04,0.04,0.04
1035,0.04,0.04,0.04
1036,0.04,0.04,0.04
1037,0.04,0.04,0.04
1038,0.04,0.04,0.04
1039,0.04,0.04,0.04
1040,0.04,0.04,0.04
1041,0.04,0.04,0.04
1042,0.04,0.04,0.04
1043,0.04,0.04,0.04
1044,0.04,0.04,0.04
1045,0.04,0.04,0.04
1046,0.04,0.04,0.04
1047,0.04,0.04,0.04
1048,0.04,0.04,0.04
1049,0.04,0.04,0.04
1050,0.04,0.04,0.04
1051,0.04,0.04,0.04
1052,0.04,0.04,0.04
1053,0.04,0.04,0.04
1054,0.04,0.04,0.04
1055,0.04,0.04,0.04
1056,0.04,0.04,0.04
1057,0.04,0.04,0.04
1058,0.04,0.04,0.04
1059,0.04,0.04,0.04
1060,0.04,0.04,0.04
1061,0.04,0.04,0.04
1062,0.04,0.04,0.04
1063,0.04,0.04,0.04
1064,0.04,0.04,0.04
1065,0.04,0.04,0.04
1066,0.04,0.04,0.04
1067,0.04,0.04,0.04
1068,0.04,0.04,0.04
1069,0.04,0.04,0.04
1070,0.04,0.04,0.04
1071,0.04,0.04,0.04
1072,0.04,0.04,0.04
1073,0.04,0.04,0.04
1074,0.04,0.04,0.04
1075,0.04,0.04,0.04
1076,0.04,0.04,0.04
1077,0.04,0.04,0.04
1078,0.04,0.04,0.04
1079,0.04,0.04,0.04
1080,0.04,0.04,0.04
1081,0.04,0.04,0.04
1082,0.04,0.04,0.04
1083,0.04,0.04,0.04
1084,0.04,0.04,0.04
1085,0.04,0.04,0.04
1086,0.04,0.04,0.04
1087,0.04,0.04,0.04
1088,0.04,0.04,0.04
1089,0.04,0.04,0.04
1090,0.04,0.04,0.04
1091,0.04,0.04,0.04
1092,0.04,0.04,0.04
1093,0.04,0.04,0.04
1094,0.04,0.04,0.04
1095,0.04,0.04,0.04
1096,0.04,0.04,0.04
1097,0.04,0.04,0.04
1098,0.04,0.04,0.04
1099,0.04,0.04,0.04
1100,0.04,0.04,0.04
1101,0.04,0.04,0.04
1102,0.04,0.04,0.04
1103,0.04,0.04,0.04
1104,0.04,0.04,0.04
1105,0.04,0.04,0.04
1106,0.04,0.04,0.04
1107,0.04,0.04,0.04
1108,0.04,0.04,0.04
1109,0.04,0.04,0.04
1110,0.04,0.04,0.04
1111,0.04,0.04,0.04
1112,0.04,0.04,0.04
1113,0.04,0.04,0.04
1114,0.04,0.04,0.04
1115,0.04,0.04,0.04
1116,0.04,0.04,0.04
1117,0.04,0.04,0.04
1118,0.04,0.04,0.04
1119,0.04,0.04,0.04
1120,0.04,0.04,0.04
1121,0.04,0.04,0.04
1122,0.04,0.04,0.04
1123,0.04,0.04,0.04
1124,0.04,0.04,0.04
1125,0.04,0.04,0.04
1126,0.04,0.04,0.04
1127,0.04,0.04,0.04
1128,0.04,0.04,0.04
1129,0.04,0.04,0.04
1130,0.04,0.04,0.04
1131,0.04,0.04,0.04
1132,0.04,0.04,0.04
1133,0.04,0.04,0.04
1134,0.04,0.04,0.04
1135,0.04,0.04,0.04
1136,0.04,0.04,0.04
1137,0.04,0.04,0.04
1138,0.04,0.04,0.04
1139,0.04,0.04,0.04
1140,0.04,0.04,0.04
1141,0.04,0.04,0.04
1142,0.04,0.04,0.04
1143,0.04,0.04,0.04
1144,0.04,0.04,0.04
1145,0.04,0.04,0.04
1146,0.04,0.04,0.04
1147,0.04,0.04,0.04
1148,0.04,0.04,0.04
1149,0.04,0.04,0.04
1150,0.04,0.04,0.04
1151,0.04,0.04,0.04
1152,0.04,0.04,0.04
1153,0.04,0.04,0.04
1154,0.04,0.04,0.04
1155,0.04,0.04,0.04
1156,0.04,0.04,0.04
1157,0.04,0.04,0.04
1158,0.04,0.04,0.04
1159,0.04,0.04,0.04
1160,0.04,0.04,0.04
1161,0.04,0.04,0.04
1162,0.04,0.04,0.04
1163,0.04,0.04,0.04
1164,0.04,0.04,0.04
1165,0.04,0.04,0.04
1166,0.04,0.04,0.04
1167,0.04,0.04,0.04
1168,0.04,0.04,0.04
1169,0.04,0.04,0.04
1170,0.04,0.04,0.04
1171,0.04,0.04,0.04
1172,0.04,0.04,0.04
1173,0.04,0.04,0.04
1174,0.04,0.04,0.04
1175,0.04,0.04,0.04
1176,0.04,0.04,0.04
1177,0.04,0.04,0.04
1178,0.04,0.04,0.04
1179,0.04,0.04,0.04
1180,0.04,0.04,0.04
1181,0.04,0.04,0.04
1182,0.04,0.04,0.04
1183,0.04,0.04,0.04
1184,0.04,0.04,0.04
1185,0.04,0.04,0.04
1186,0.04,0.04,0.04
1187,0.04,0.04,0.04
1188,0.04,0.04,0.04
1189,0.04,0.04,0.04
1190,0.04,0.04,0.04
1191,0.04,0.04,0.04
1192,0.04,0.04,0.04
1193,0.04,0.04,0.04
1194,0.04,0.04,0.04
1195,0.04,0.04,0.04
1196,0.04,0.04,0.04
1197,0.04,0.04,0.04
1198,0.04,0.04,0.04
1199,0.04,0.04,0.04
1200,0.04,0.04,0.04
1201,0.04,0.04,0.04
1202,0.04,0.04,0.04
1203,0.04,0.04,0.04
1204,0.04,0.04,0.04
1205,0.04,0.04,0.04
1206,0.04,0.04,0.04
1207,0.04,0.04,0.04
1208,0.04,0.04,0.04
1209,0.04,0.04,0.04
1210,0.04,0.04,0.04
1211,0.04,0.04,0.04
1212,0.04,0.04,0.04
1213,0.04,0.04,0.04
1214,0.04,0.04,0.04
1215,0.04,0.04,0.04
1216,0.04,0.04,0.04
1217,0.04,0.04,0.04
1218,0.04,0.04,0.04
1219,0.04,0.04,0.04
1220,0.04,0.04,0.04
1221,0.04,0.04,0.04
1222,0.04,0.04,0.04
1223,0.04,0.04,0.04
1224,0.04,0.04,0.04
1225,0.04,0.04,0.04
1226,0.04,0.04,0.04
1227,0.04,0.04,0.04
1228,0.04,0.04,0.04
1229,0.04,0.04,0.04
1230,0.04,0.04,0.04
1231,0.04,0.04,0.04
1232,0.04,0.04,0.04
1233,0.04,0.04,0.04
1234,0.04,0.04,0.04
1235,0.04,0.04,0.04
1236,0.04,0.04,0.04
1237,0.04,0.04,0.04
1238,0.04,0.04,0.04
1239,0.04,0.04,0.04
1240,0.04,0.04,0.04
1241,0.04,0.04,0.04
1242,0.04,0.04,0.04
1243,0.04,0.04,0.04
1244,0.04,0.04,0.04
1245,0.04,0.04,0.04
1246,0.04,0.04,0.04
1247,0.04,0.04,0.04
1248,0.04,0.04,0.04
1249,0.04,0.04,0.04
1250,0.04,0.04,0.04
1251,0.04,0.04,0.04
1252,0.04,0.04,0.04
1253,0.04,0.04,0.04
1254,0.04,0.04,0.04
1255,0.04,0.04,0.04
1256,0.04,0.04,0.04
1257,0.04,0.04,0.04
1258,0.04,0.04,0.04
1259,0.04,0.04,0.04
1260,0.04,0.04,0.04
1261,0.04,0.04,0.04
1262,0.04,0.04,0.04
1263,0.04,0.04,0.04
1264,0.04,0.04,0.04
1265,0.04,0.04,0.04
1266,0.04,0.04,0.04
1267,0.04,0.04,0.04
1268,0.04,0.04,0.04
1269,0.04,0.04,0.04
1270,0.04,0.04,0.04
1271,0.04,0.04,0.04
1272,0.04,0.04,0.04
1273,0.04,0.04,0.04
1274,0.04,0.04,0.04
1275,0.04,0.04,0.04
1276,0.04,0.04,0.04
1277,0.04,0.04,0.04
1278,0.04,0.04,0.04
1279,0.04,0.04,0.04
1280,0.04,0.04,0.04
1281,0.04,0.04,0.04
1282,0.04,0.04,0.04
1283,0.04,0.04,0.04
1284,0.04,0.04,0.04
1285,0.04,0.04,0.04
1286,0.04,0.04,0.04
1287,0.04,0.04,0.04
1288,0.04,0.04,0.04
1289,0.04,0.04,0.04
1290,0.04,0.04,0.04
1291,0.04,0.04,0.04
1292,0.04,0.04,0.04
1293,0.04,0.04,0.04
1294,0.04,0.04,0.04
1295,0.04,0.04,0.04
1296,0.04,0.04,0.04
1297,0.04,0.04,0.04
1298,0.04,0.04,0.04
1299,0.04,0.04,0.04
1300,0.04,0.04,0.04
1301,0.04,0.04,0.04
1302,0.04,0.04,0.04
1303,0.04,0.04,0.04
1304,0.04,0.04,0.04
1305,0.04,0.04,0.04
1306,0.04,0.04,0.04
1307,0.04,0.04,0.04
1308,0.04,0.04,0.04
1309,0.04,0.04,0.04
1310,0.04,0.04,0.04
1311,0.04,0.04,0.04
1312,0.04,0.04,0.04
1313,0.04,0.04,0.04
1314,0.04,0.04,0.04
1315,0.04,0.04,0.04
1316,0.04,0.04,0.04
1317,0.04,0.04,0.04
1318,0.04,0.04,0.04
1319,0.04,0.04,0.04
1320,0.04,0.04,0.04
1321,0.04,0.04,0.04
1322,0.04,0.04,0.04
1323,0.04,0.04,0.04
1324,0.04,0.04,0.04
1325,0.04,0.04,0.04
1326,0.04,0.04,0.04
1327,0.04,0.04,0.04
1328,0.04,0.04,0.04
1329,0.04,0.04,0.04
1330,0.04,0.04,0.04
1331,0.04,0.04,0.04
1332,0.04,0.04,0.04
1333,0.04,0.04,0.04
1334,0.04,0.04,0.04
1335,0.04,0.04,0.04
1336,0.04,0.04,0.04
1337,0.04,0.04,0.04
1338,0.04,0.04,0.04
1339,0.04,0.04,0.04
1340,0.04,0.04,0.04
1341,0.04,0.04,0.04
1342,0.04,0.04,0.04
1343,0.04,0.04,0.04
1344,0.04,0.04,0.04
1345,0.04,0.04,0.04
1346,0.04,0.04,0.04
1347,0.04,0.04,0.04
1348,0.04,0.04,0.04
1349,0.04,0.04,0.04
1350,0.04,0.04,0.04
1351,0.04,0.04,0.04
1352,0.04,0.04,0.04
1353,0.04,0.04,0.04
1354,0.04,0.04,0.04
1355,0.04,0.04,0.04
1356,0.04,0.04,0.04
1357,0.04,0.04,0.04
1358,0.04,0.04,0.04
1359,0.04,0.04,0.04
1360,0.04,0.04,0.04
1361,0.04,0.04,0.04
1362,0.04,0.04,0.04
1363,0.04,0.04,0.04
1364,0.04,0.04,0.04
1365,0.04,0.04,0.04
1366,0.04,0.04,0.04
1367,0.04,0.04,0.04
1368,0.04,0.04,0.04
1369,0.04,0.04,0.04
1370,0.04,0.04,0.04
1371,0.04,0.04,0.04
1372,0.04,0.04,0.04
1373,0.04,0.04,0.04
1374,0.04,0.04,0.04
1375,0.04,0.04,0.04
1376,0.04,0.04,0.04
1377,0.04,0.04,0.04
1378,0.04,0.04,0.04
1379,0.04,0.04,0.04
1380,0.04,0.04,0.04
1381,0.04,0.04,0.04
1382,0.04,0.04,0.04
1383,0.04,0.04,0.04
1384,0.04,0.04,0.04
1385,0.04,0.04,0.04
1386,0.04,0.04,0.04
1387,0.04,0.04,0.04
1388,0.04,0.04,0.04
1389,0.04,0.04,0.04
1390,0.04,0.04,0.04
1391,0.04,0.04,0.04
1392,0.04,0.04,0.04
1393,0.04,0.04,0.04
1394,0.04,0.04,0.04
1395,0.04,0.04,0.04
1396,0.04,0.04,0.04
1397,0.04,0.04,0.04
1398,0.04,0.04,0.04
1399,0.04,0.04,0.04
1400,0.04,0.04,0.04
1401,0.04,0.04,0.04
1402,0.04,0.04,0.04
1403,0.04,0.04,0.04
1404,0.04,0.04,0.04
1405,0.04,0.04,0.04
1406,0.04,0.04,0.04
1407,0.04,0.04,0.04
1408,0.04,0.04,0.04
1409,0.04,0.04,0.04
1410,0.04,0.04,0.04
1411,0.04,0.04,0.04
1412,0.04,0.04,0.04
1413,0.04,0.04,0.04
1414,0.04,0.04,0.04
1415,0.04,0.04,0.04
1416,0.04,0.04,0.04
1417,0.04,0.04,0.04
1418,0.04,0.04,0.04
1419,0.04,0.04,0.04
1420,0.04,0.04,0.04
1421,0.04,0.04,0.04
1422,0.04,0.04,0.04
1423,0.04,0.04,0.04
1424,0.04,0.04,0.04
1425,0.04,0.04,0.04
1426,0.04,0.04,0.04
1427,0.04,0.04,0.04
1428,0.04,0.04,0.04
1429,0.04,0.04,0.04
1430,0.04,0.04,0.04
1431,0.04,0.04,0.04
1432,0.04,0.04,0.04
1433,0.04,0.04,0.04
1434,0.04,0.04,0.04
1435,0.04,0.04,0.04
1436,0.04,0.04,0.04
1437,0.04,0.04,0.04
1438,0.04,0.04,0.04
1439,0.04,0.04,0.04
1440,0.04,0.04,0.04
1441,0.04,0.04,0.04
1442,0.04,0.04,0.04
1443,0.04,0.04,0.04
1444,0.04,0.04,0.04
1445,0.04,0.04,0.04
1446,0.04,0.04,0.04
1447,0.04,0.04,0.04
1448,0.04,0.04,0.04
1449,0.04,0.04,0.04
1450,0.04,0.04,0.04
1451,0.04,0.04,0.04
1452,0.04,0.04,0.04
1453,0.04,0.04,0.04
1454,0.04,0.04,0.04
1455,0.04,0.04,0.04
1456,0.04,0.04,0.04
1457,0.04,0.04,0.04
1458,0.04,0.04,0.04
1459,0.04,0.04,0.04
1460,0.04,0.04,0.04
1461,0.04,0.04,0.04
1462,0.04,0.04,0.04
1463,0.04,0.04,0.04
1464,0.04,0.04,0.04
1465,0.04,0.04,0.04
1466,0.04,0.04,0.04
1467,0.04,0.04,0.04
1468,0.04,0.04,0.04
1469,0.04,0.04,0.04
1470,0.04,0.04,0.04
1471,0.04,0.04,0.04
1472,0.04,0.04,0.04
1473,0.04,0.04,0.04
1474,0.04,0.04,0.04
1475,0.04,0.04,0.04
1476,0.04,0.04,0.04
1477,0.04,0.04,0.04
1478,0.04,0.04,0.04
1479,0.04,0.04,0.04
1480,0.04,0.04,0.04
1481,0.04,0.04,0.04
1482,0.04,0.04,0.04
1483,0.04,0.04,0.04
1484,0.04,0.04,0.04
1485,0.04,0.04,0.04
1486,0.04,0.04,0.04
1487,0.04,0.04,0.04
1488,0.04,0.04,0.04
1489,0.04,0.04,0.04
1490,0.04,0.04,0.04
1491,0.04,0.04,0.04
1492,0.04,0.04,0.04
1493,0.04,0.04,0.04
1494,0.04,0.04,0.04
1495,0.04,0.04,0.04
1496,0.04,0.04,0.04
1497,0.04,0.04,0.04
1498,0.04,0.04,0.04
1499,0.04,0.04,0.04
1500,0.04,0.04,0.04
1501,0.04,0.04,0.04
1502,0.04,0.04,0.04
1503,0.04,0.04,0.04
1504,0.04,0.04,0.04
1505,0.04,0.04,0.04
1506,0.04,0.04,0.04
1507,0.04,0.04,0.04
1508,0.04,0.04,0.04
1509,0.04,0.04,0.04
1510,0.04,0.04,0.04
1511,0.04,0.04,0.04
1512,0.04,0.04,0.04
1513,0.04,0.04,0.04
1514,0.04,0.04,0.04
1515,0.04,0.04,0.04
1516,0.04,0.04,0.04
1517,0.04,0.04,0.04
1518,0.04,0.04,0.04
1519,0.04,0.04,0.04
1520,0.04,0.04,0.04
1521,0.04,0.04,0.04
1522,0.04,0.04,0.04
1523,0.04,0.04,0.04
1524,0.04,0.04,0.04
1525,0.04,0.04,0.04
1526,0.04,0.04,0.04
1527,0.04,0.04,0.04
1528,0.04,0.04,0.04
1529,0.04,0.04,0.04
1530,0.04,0.04,0.04
1531,0.04,0.04,0.04
1532,0.04,0.04,0.04
1533,0.04,0.04,0.04
1534,0.04,0.04,0.04
1535,0.04,0.04,0.04
1536,0.04,0.04,0.04
1537,0.04,0.04,0.04
1538,0.04,0.04,0.04
1539,0.04,0.04,0.04
1540,0.04,0.04,0.04
1541,0.04,0.04,0.04
1542,0.04,0.04,0.04
1543,0.04,0.04,0.04
1544,0.04,0.04,0.04
1545,0.04,0.04,0.04
1546,0.04,0.04,0.04
1547,0.04,0.04,0.04
1548,0.04,0.04,0.04
1549,0.04,0.04,0.04
1550,0.04,0.04,0.04
1551,0.04,0.04,0.04
1552,0.04,0.04,0.04
1553,0.04,0.04,0.04
1554,0.04,0.04,0.04
1555,0.04,0.04,0.04
1556,0.04,0.04,0.04
1557,0.04,0.04,0.04
1558,0.04,0.04,0.04
1559,0.04,0.04,0.04
1560,0.04,0.04,0.04
1561,0.04,0.04,0.04
1562,0.04,0.04,0.04
1563,0.04,0.04,0.04
1564,0.04,0.04,0.04
1565,0.04,0.04,0.04
1566,0.04,0.04,0.04
1567,0.04,0.04,0.04
1568,0.04,0.04,0.04
1569,0.04,0.04,0.04
1570,0.04,0.04,0.04
1571,0.04,0.04,0.04
1572,0.04,0.04,0.04
1573,0.04,0.04,0.04
1574,0.04,0.04,0.04
1575,0.04,0.04,0.04
1576,0.04,0.04,0.04
1577,0.04,0.04,0.04
1578,0.04,0.04,0.04
1579,0.04,0.04,0.04
1580,0.04,0.04,0.04
1581,0.04,0.04,0.04
1582,0.04,0.04,0.04
1583,0.04,0.04,0.04
1584,0.04,0.04,0.04
1585,0.04,0.04,0.04
1586,0.04,0.04,0.04
1587,0.04,0.04,0.04
1588,0.04,0.04,0.04
1589,0.04,0.04,0.04
1590,0.04,0.04,0.04
1591,0.04,0.04,0.04
1592,0.04,0.04,0.04
1593,0.04,0.04,0.04
1594,0.04,0.04,0.04
1595,0.04,0.04,0.04
1596,0.04,0.04,0.04
1597,0.04,0.04,0.04
1598,0.04,0.04,0.04
1599,0.04,0.04,0.04
1600,0.04,0.04,0.04
1601,0.04,0.04,0.04
1602,0.04,0.04,0.04
1603,0.04,0.04,0.04
1604,0.04,0.04,0.04
1605,0.04,0.04,0.04
1606,0.04,0.04,0.04
1607,0.04,0.04,0.04
1608,0.04,0.04,0.04
1609,0.04,0.04,0.04
1610,0.04,0.04,0.04
1611,0.04,0.04,0.04
1612,0.04,0.04,0.04
1613,0.04,0.04,0.04
1614,0.04,0.04,0.04
1615,0.04,0.04,0.04
1616,0.04,0.04,0.04
1617,0.04,0.04,0.04
1618,0.04,0.04,0.04
1619,0.04,0.04,0.04
1620,0.04,0.04,0.04
1621,0.04,0.04,0.04
1622,0.04,0.04,0.04
1623,0.04,0.04,0.04
1624,0.04,0.04,0.04
1625,0.04,0.04,0.04
1626,0.04,0.04,0.04
1627,0.04,0.04,0.04
1628,0.04,0.04,0.04
1629,0.04,0.04,0.04
1630,0.04,0.04,0.04
1631,0.04,0.04,0.04
1632,0.04,0.04,0.04
1633,0.04,0.04,0.04
1634,0.04,0.04,0.04
1635,0.04,0.04,0.04
1636,0.04,0.04,0.04
1637,0.04,0.04,0.04
1638,0.04,0.04,0.04
1639,0.04,0.04,0.04
1640,0.04,0.04,0.04
1641,0.04,0.04,0.04
1642,0.04,0.04,0.04
1643,0.04,0.04,0.04
1644,0.04,0.04,0.04
1645,0.04,0.04,0.04
1646,0.04,0.04,0.04
1647,0.04,0.04,0.04
1648,0.04,0.04,0.04
1649,0.04,0.04,0.04
1650,0.04,0.04,0.04
1651,0.04,0.04,0.04
1652,0.04,0.04,0.04
1653,0.04,0.04,0.04
1654,0.04,0.04,0.04
1655,0.04,0.04,0.04
1656,0.04,0.04,0.04
1657,0.04,0.04,0.04
1658,0.04,0.04,0.04
1659,0.04,0.04,0.04
1660,0.04,0.04,0.04
1661,0.04,0.04,0.04
1662,0.04,0.04,0.04
1663,0.04,0.04,0.04
1664,0.04,0.04,0.04
1665,0.04,0.04,0.04
1666,0.04,0.04,0.04
1667,0.04,0.04,0.04
1668,0.04,0.04,0.04
1669,0.04,0.04,0.04
1670,0.04,0.04,0.04
1671,0.04,0.04,0.04
1672,0.04,0.04,0.04
1673,0.04,0.04,0.04
1674,0.04,0.04,0.04
1675,0.04,0.04,0.04
1676,0.04,0.04,0.04
1677,0.04,0.04,0.04
1678,0.04,0.04,0.04
1679,0.04,0.04,0.04
1680,0.04,0.04,0.04
1681,0.04,0.04,0.04
1682,0.04,0.04,0.04
1683,0.04,0.04,0.04
1684,0.04,0.04,0.04
1685,0.04,0.04,0.04
1686,0.04,0.04,0.04
1687,0.04,0.04,0.04
1688,0.04,0.04,0.04
1689,0.04,0.04,0.04
1690,0.04,0.04,0.04
1691,0.04,0.04,0.04
1692,0.04,0.04,0.04
1693,0.04,0.04,0.04
1694,0.04,0.04,0.04
1695,0.04,0.04,0.04
1696,0.04,0.04,0.04
1697,0.04,0.04,0.04
1698,0.04,0.04,0.04
1699,0.04,0.04,0.04
1700,0.04,0.04,0.04
1701,0.04,0.04,0.04
1702,0.04,0.04,0.04
1703,0.04,0.04,0.04
1704,0.04,0.04,0.04
1705,0.04,0.04,0.04
1706,0.04,0.04,0.04
1707,0.04,0.04,0.04
1708,0.04,0.04,0.04
1709,0.04,0.04,0.04
1710,0.04,0.04,0.04
1711,0.04,0.04,0.04
1712,0.04,0.04,0.04
1713,0.04,0.04,0.04
1714,0.04,0.04,0.04
1715,0.04,0.04,0.04
1716,0.04,0.04,0.04
1717,0.04,0.04,0.04
1718,0.04,0.04,0.04
1719,0.04,0.04,0.04
1720,0.04,0.04,0.04
1721,0.04,0.04,0.04
1722,0.04,0.04,0.04
1723,0.04,0.04,0.04
1724,0.04,0.04,0.04
1725,0.04,0.04,0.04
1726,0.04,0.04,0.04
1727,0.04,0.04,0.04
1728,0.04,0.04,0.04
1729,0.04,0.04,0.04
1730,0.04,0.04,0.04
1731,0.04,0.04,0.04
1732,0.04,0.04,0.04
1733,0.04,0.04,0.04
1734,0.04,0.04,0.04
1735,0.04,0.04,0.04
1736,0.04,0.04,0.04
1737,0.04,0.04,0.04
1738,0.04,0.04,0.04
1739,0.04,0.04,0.04
1740,0.04,0.04,0.04
1741,0.04,0.04,0.04
1742,0.04,0.04,0.04
1743,0.04,0.04,0.04
1744,0.04,0.04,0.04
1745,0.04,0.04,0.04
1746,0.04,0.04,0.04
1747,0.04,0.04,0.04
1748,0.04,0.04,0.04
1749,0.04,0.04,0.04
1750,0.04,0.04,0.04
1751,0.04,0.04,0.04
1752,0.04,0.04,0.04
1753,0.04,0.04,0.04
1754,0.04,0.04,0.04
1755,0.04,0.04,0.04
1756,0.04,0.04,0.04
1757,0.04,0.04,0.04
1758,0.04,0.04,0.04
1759,0.04,0.04,0.04
1760,0.04,0.04,0.04
1761,0.04,0.04,0.04
1762,0.04,0.04,0.04
1763,0.04,0.04,0.04
1764,0.04,0.04,0.04
1765,0.04,0.04,0.04
1766,0.04,0.04,0.04
1767,0.04,0.04,0.04
1768,0.04,0.04,0.04
1769,0.04,0.04,0.04
1770,0.04,0.04,0.04
1771,0.04,0.04,0.04
1772,0.04,0.04,0.04
1773,0.04,0.04,0.04
1774,0.04,0.04,0.04
1775,0.04,0.04,0.04
1776,0.04,0.04,0.04
1777,0.04,0.04,0.04
1778,0.04,0.04,0.04
1779,0.04,0.04,0.04
1780,0.04,0.04,0.04
1781,0.04,0.04,0.04
1782,0.04,0.04,0.04
1783,0.04,0.04,0.04
1784,0.04,0.04,0.04
1785,0.04,0.04,0.04
1786,0.04,0.04,0.04
1787,0.04,0.04,0.04
1788,0.04,0.04,0.04
1789,0.04,0.04,0.04
1790,0.04,0.04,0.04
1791,0.04,0.04,0.04
1792,0.04,0.04,0.04
1793,0.04,0.04,0.04
1794,0.04,0.04,0.04
1795,0.04,0.04,0.04
1796,0.04,0.04,0.04
1797,0.04,0.04,0.04
1798,0.04,0.04,0.04
1799,0.04,0.04,0.04
1800,0.04,0.04,0.04
1801,0.04,0.04,0.04
1802,0.04,0.04,0.04
1803,0.04,0.04,0.04
1804,0.04,0.04,0.04
1805,0.04,0.04,0.04
1806,0.04,0.04,0.04
1807,0.04,0.04,0.04
1808,0.04,0.04,0.04
1809,0.04,0.04,0.04
1810,0.04,0.04,0.04
1811,0.04,0.04,0.04
1812,0.04,0.04,0.04
1813,0.04,0.04,0.04
1814,0.04,0.04,0.04
1815,0.04,0.04,0.04
1816,0.04,0.04,0.04
1817,0.04,0.04,0.04
1818,0.04,0.04,0.04
1819,0.04,0.04,0.04
1820,0.04,0.04,0.04
1821,0.04,0.04,0.04
1822,0.04,0.04,0.04
1823,0.04,0.04,0.04
1824,0.04,0.04,0.04
1825,0.04,0.04,0.04
1826,0.04,0.04,0.04
1827,0.04,0.04,0.04
1828,0.04,0.04,0.04
1829,0.04,0.04,0.04
1830,0.04,0.04,0.04
1831,0.04,0.04,0.04
1832,0.04,0.04,0.04
1833,0.04,0.04,0.04
1834,0.04,0.04,0.04
1835,0.04,0.04,0.04
1836,0.04,0.04,0.04
1837,0.04,0.04,0.04
1838,0.04,0.04,0.04
1839,0.04,0.04,0.04
1840,0.04,0.04,0.04
1841,0.04,0.04,0.04
1842,0.04,0.04,0.04
1843,0.04,0.04,0.04
1844,0.04,0.04,0.04
1845,0.04,0.04,0.04
1846,0.04,0.04,0.04
1847,0.04,0.04,0.04
1848,0.04,0.04,0.04
1849,0.04,0.04,0.04
1850,0.04,0.04,0.04
1851,0.04,0.04,0.04
1852,0.04,0.04,0.04
1853,0.04,0.04,0.04
1854,0.04,0.04,0.04
1855,0.04,0.04,0.04
1856,0.04,0.04,0.04
1857,0.04,0.04,0.04
1858,0.04,0.04,0.04
1859,0.04,0.04,0.04
1860,0.04,0.04,0.04
1861,0.04,0.04,0.04
1862,0.04,0.04,0.04
1863,0.04,0.04,0.04
1864,0.04,0.04,0.04
1865,0.04,0.04,0.04
1866,0.04,0.04,0.04
1867,0.04,0.04,0.04
1868,0.04,0.04,0.04
1869,0.04,0.04,0.04
1870,0.04,0.04,0.04
1871,0.04,0.04,0.04
1872,0.04,0.04,0.04
1873,0.04,0.04,0.04
1874,0.04,0.04,0.04
1875,0.04,0.04,0.04
1876,0.04,0.04,0.04
1877,0.04,0.04,0.04
1878,0.04,0.04,0.04
1879,0.04,0.04,0.04
1880,0.04,0.04,0.04
1881,0.04,0.04,0.04
1882,0.04,0.04,0.04
1883,0.04,0.04,0.04
1884,0.04,0.04,0.04
1885,0.04,0.04,0.04
1886,0.04,0.04,0.04
1887,0.04,0.04,0.04
1888,0.04,0.04,0.04
1889,0.04,0.04,0.04
1890,0.04,0.04,0.04
1891,0.04,0.04,0.04
1892,0.04,0.04,0.04
1893,0.04,0.04,0.04
1894,0.04,0.04,0.04
1895,0.04,0.04,0.04
1896,0.04,0.04,0.04
1897,0.04,0.04,0.04
1898,0.04,0.04,0.04
1899,0.04,0.04,0.04
1900,0.04,0.04,0.04
1901,0.04,0.04,0.04
1902,0.04,0.04,0.04
1903,0.04,0.04,0.04
1904,0.04,0.04,0.04
1905,0.04,0.04,0.04
1906,0.04,0.04,0.04
1907,0.04,0.04,0.04
1908,0.04,0.04,0.04
1909,0.04,0.04,0.04
1910,0.04,0.04,0.04
1911,0.04,0.04,0.04
1912,0.04,0.04,0.04
1913,0.04,0.04,0.04
1914,0.04,0.04,0.04
1915,0.04,0.04,0.04
1916,0.04,0.04,0.04
1917,0.04,0.04,0.04
1918,0.04,0.04,0.04
1919,0.04,0.04,0.04
1920,0.04,0.04,0.04
1921,0.04,0.04,0.04
1922,0.04,0.04,0.04
1923,0.04,0.04,0.04
1924,0.04,0.04,0.04
1925,0.04,0.04,0.04
1926,0.04,0.04,0.04
1927,0.04,0.04,0.04
1928,0.04,0.04,0.04
1929,0.04,0.04,0.04
1930,0.04,0.04,0.04
1931,0.04,0.04,0.04
1932,0.04,0.04,0.04
1933,0.04,0.04,0.04
1934,0.04,0.04,0.04
1935,0.04,0.04,0.04
1936,0.04,0.04,0.04
1937,0.04,0.04,0.04
1938,0.04,0.04,0.04
1939,0.04,0.04,0.04
1940,0.04,0.04,0.04
1941,0.04,0.04,0.04
1942,0.04,0.04,0.04
1943,0.04,0.04,0.04
1944,0.04,0.04,0.04
1945,0.04,0.04,0.04
1946,0.04,0.04,0.04
1947,0.04,0.04,0.04
1948,0.04,0.04,0.04
1949,0.04,0.04,0.04
1950,0.04,0.04,0.04
1951,0.04,0.04,0.04
1952,0.04,0.04,0.04
1953,0.04,0.04,0.04
1954,0.04,0.04,0.04
1955,0.04,0.04,0.04
1956,0.04,0.04,0.04
1957,0.04,0.04,0.04
1958,0.04,0.04,0.04
1959,0.04,0.04,0.04
1960,0.04,0.04,0.04
1961,0.04,0.04,0.04
1962,0.04,0.04,0.04
1963,0.04,0.04,0.04
1964,0.04,0.04,0.04
1965,0.04,0.04,0.04
1966,0.04,0.04,0.04
1967,0.04,0.04,0.04
1968,0.04,0.04,0.04
1969,0.04,0.04,0.04
1970,0.04,0.04,0.04
1971,0.04,0.04,0.04
1972,0.04,0.04,0.04
1973,0.04,0.04,0.04
1974,0.04,0.04,0.04
1975,0.04,0.04,0.04
1976,0.04,0.04,0.04
1977,0.04,0.04,0.04
1978,0.04,0.04,0.04
1979,0.04,0.04,0.04
1980,0.04,0.04,0.04
1981,0.04,0.04,0.04
1982,0.04,0.04,0.04
1983,0.04,0.04,0.04
1984,0.04,0.04,0.04
1985,0.04,0.04,0.04
1986,0.04,0.04,0.04
1987,0.04,0.04,0.04
1988,0.04,0.04,0.04
1989,0.04,0.04,0.04
1990,0.04,0.04,0.04
1991,0.04,0.04,0.04
1992,0.04,0.04,0.04
1993,0.04,0.04,0.04
1994,0.04,0.04,0.04
1995,0.04,0.04,0.04
1996,0.04,0.04,0.04
1997,0.04,0.04,0.04
1998,0.04,0.04,0.04
1999,0.04,0.04,0.04
2000,0.04,0.04,0.04
2001,0.04,0.04,0.04
2002,0.04,0.04,0.04
2003,0.04,0.04,0.04
2004,0.04,0.04,0.04
2005,0.04,0.04,0.04
2006,0.04,0.04,0.04
2007,0.04,0.04,0.04
2008,0.04,0.04,0.04
2009,0.04,0.04,0.04
2010,0.04,0.04,0.04
2011,0.04,0.04,0.04
2012,0.04,0.04,0.04
2013,0.04,0.04,0.04
2014,0.04,0.04,0.04
2015,0.04,0.04,0.04
2016,0.04,0.04,0.04
2017,0.04,0.04,0.04
2018,0.04,0.04,0.04
2019,0.04,0.04,0.04
2020,0.04,0.04,0.04
2021,0.04,0.04,0.04
2022,0.04,0.04,0.04
2023,0.04,0.04,0.04
2024,0.04,0.04,0.04
2025,0.04,0.04,0.04
2026,0.04,0.04,0.04
2027,0.04,0.04,0.04
2028,0.04,0.04,0.04
2029,0.04,0.04,0.04
2030,0.04,0.04,0.04
2031,0.04,0.04,0.04
2032,0.04,0.04,0.04
2033,0.04,0.04,0.04
2034,0.04,0.04,0.04
2035,0.04,0.04,0.04
2036,0.04,0.04,0.04
2037,0.04,0.04,0.04
2038,0.04,0.04,0.04
2039,0.04,0.04,0.04
2040,0.04,0.04,0.04
2041,0.04,0.04,0.04
2042,0.04,0.04,0.04
2043,0.04,0.04,0.04
2044,0.04,0.04,0.04
2045,0.04,0.04,0.04
2046,0.04,0.04,0.04
2047,0.04,0.04,0.04
2048,0.04,0.04,0.04
2049,0.04,0.04,0.04
2050,0.04,0.04,0.04
2051,0.04,0.04,0.04
2052,0.04,0.04,0.04
2053,0.04,0.04,0.04
2054,0.04,0.04,0.04
2055,0.04,0.04,0.04
2056,0.04,0.04,0.04
2057,0.04,0.04,0.04
2058,0.04,0.04,0.04
2059,0.04,0.04,0.04
2060,0.04,0.04,0.04
2061,0.04,0.04,0.04
2062,0.04,0.04,0.04
2063,0.04,0.04,0.04
2064,0.04,0.04,0.04
2065,0.04,0.04,0.04
2066,0.04,0.04,0.04
2067,0.04,0.04,0.04
2068,0.04,0.04,0.04
2069,0.04,0.04,0.04
2070,0.04,0.04,0.04
2071,0.04,0.04,0.04
2072,0.04,0.04,0.04
2073,0.04,0.04,0.04
2074,0.04,0.04,0.04
2075,0.04,0.04,0.04
2076,0.04,0.04,0.04
2077,0.04,0.04,0.04
2078,0.04,0.04,0.04
2079,0.04,0.04,0.04
2080,0.04,0.04,0.04
2081,0.04,0.04,0.04
2082,0.04,0.04,0.04
2083,0.04,0.04,0.04
2084,0.04,0.04,0.04
2085,0.04,0.04,0.04
2086,0.04,0.04,0.04
2087,0.04,0.04,0.04
2088,0.04,0.04,0.04
2089,0.04,0.04,0.04
2090,0.04,0.04,0.04
2091,0.04,0.04,0.04
2092,0.04,0.04,0.04
2093,0.04,0.04,0.04
2094,0.04,0.04,0.04
2095,0.04,0.04,0.04
2096,0.04,0.04,0.04
2097,0.04,0.04,0.04
2098,0.04,0.04,0.04
2099,0.04,0.04,0.04
2100,0.04,0.04,0.04
2101,0.04,0.04,0.04
2102,0.04,0.04,0.04
2103,0.04,0.04,0.04
2104,0.04,0.04,0.04
2105,0.04,0.04,0.04
2106,0.04,0.04,0.04
2107,0.04,0.04,0.04
2108,0.04,0.04,0.04
2109,0.04,0.04,0.04
2110,0.04,0.04,0.04
2111,0.04,0.04,0.04
2112,0.04,0.04,0.04
2113,0.04,0.04,0.04
2114,0.04,0.04,0.04
2115,0.04,0.04,0.04
2116,0.04,0.04,0.04
2117,0.04,0.04,0.04
2118,0.04,0.04,0.04
2119,0.04,0.04,0.04
2120,0.04,0.04,0.04
2121,0.04,0.04,0.04
2122,0.04,0.04,0.04
2123,0.04,0.04,0.04
2124,0.04,0.04,0.04
2125,0.04,0.04,0.04
2126,0.04,0.04,0.04
2127,0.04,0.04,0.04
2128,0.04,0.04,0.04
2129,0.04,0.04,0.04
2130,0.04,0.04,0.04
2131,0.04,0.04,0.04
2132,0.04,0.04,0.04
2133,0.04,0.04,0.04
2134,0.04,0.04,0.04
2135,0.04,0.04,0.04
2136,0.04,0.04,0.04
2137,0.04,0.04,0.04
2138,0.04,0.04,0.04
2139,0.04,0.04,0.04
2140,0.04,0.04,0.04
2141,0.04,0.04,0.04
2142,0.04,0.04,0.04
2143,0.04,0.04,0.04
2144,0.04,0.04,0.04
2145,0.04,0.04,0.04
2146,0.04,0.04,0.04
2147,0.04,0.04,0.04
2148,0.04,0.04,0.04
2149,0.04,0.04,0.04
2150,0.04,0.04,0.04
2151,0.04,0.04,0.04
2152,0.04,0.04,0.04
2153,0.04,0.04,0.04
2154,0.04,0.04,0.04
2155,0.04,0.04,0.04
2156,0.04,0.04,0.04
2157,0.04,0.04,0.04
2158,0.04,0.04,0.04
2159,0.04,0.04,0.04
2160,0.04,0.04,0.04
2161,0.04,0.04,0.04
2162,0.04,0.04,0.04
2163,0.04,0.04,0.04
2164,0.04,0.04,0.04
2165,0.04,0.04,0.04
2166,0.04,0.04,0.04
2167,0.04,0.04,0.04
2168,0.04,0.04,0.04
2169,0.04,0.04,0.04
2170,0.04,0.04,0.04
2171,0.04,0.04,0.04
2172,0.04,0.04,0.04
2173,0.04,0.04,0.04
2174,0.04,0.04,0.04
2175,0.04,0.04,0.04
2176,0.04,0.04,0.04
2177,0.04,0.04,0.04
2178,0.04,0.04,0.04
2179,0.04,0.04,0.04
2180,0.04,0.04,0.04
2181,0.04,0.04,0.04
2182,0.04,0.04,0.04
2183,0.04,0.04,0.04
2184,0.04,0.04,0.04
2185,0.04,0.04,0.04
2186,0.04,0.04,0.04
2187,0.04,0.04,0.04
2188,0.04,0.04,0.04
2189,0.04,0.04,0.04
2190,0.04,0.04,0.04
2191,0.04,0.04,0.04
2192,0.04,0.04,0.04
2193,0.04,0.04,0.04
2194,0.04,0.04,0.04
2195,0.04,0.04,0.04
2196,0.04,0.04,0.04
2197,0.04,0.04,0.04
2198,0.04,0.04,0.04
2199,0.04,0.04,0.04
2200,0.04,0.04,0.04
2201,0.04,0.04,0.04
2202,0.04,0.04,0.04
2203,0.04,0.04,0.04
2204,0.04,0.04,0.04
2205,0.04,0.04,0.04
2206,0.04,0.04,0.04
2207,0.04,0.04,0.04
2208,0.04,0.04,0.04
2209,0.04,0.04,0.04
2210,0.04,0.04,0.04
2211,0.04,0.04,0.04
2212,0.04,0.04,0.04
2213,0.04,0.04,0.04
2214,0.04,0.04,0.04
2215,0.04,0.04,0.04
2216,0.04,0.04,0.04
2217,0.04,0.04,0.04
2218,0.04,0.04,0.04
2219,0.04,0.04,0.04
2220,0.04,0.04,0.04
2221,0.04,0.04,0.04
2222,0.04,0.04,0.04
2223,0.04,0.04,0.04
2224,0.04,0.04,0.04
2225,0.04,0.04,0.04
2226,0.04,0.04,0.04
2227,0.04,0.04,0.04
2228,0.04,0.04,0.04
2229,0.04,0.04,0.04
2230,0.04,0.04,0.04
2231,0.04,0.04,0.04
2232,0.04,0.04,0.04
2233,0.04,0.04,0.04
2234,0.04,0.04,0.04
2235,0.04,0.04,0.04
2236,0.04,0.04,0.04
2237,0.04,0.04,0.04
2238,0.04,0.04,0.04
2239,0.04,0.04,0.04
2240,0.04,0.04,0.04
2241,0.04,0.04,0.04
2242,0.04,0.04,0.04
2243,0.04,0.04,0.04
2244,0.04,0.04,0.04
2245,0.04,0.04,0.04
2246,0.04,0.04,0.04
2247,0.04,0.04,0.04
2248,0.04,0.04,0.04
2249,0.04,0.04,0.04
2250,0.04,0.04,0.04
2251,0.04,0.04,0.04
2252,0.04,0.04,0.04
2253,0.04,0.04,0.04
2254,0.04,0.04,0.04
2255,0.04,0.04,0.04
2256,0.04,0.04,0.04
2257,0.04,0.04,0.04
2258,0.04,0.04,0.04
2259,0.04,0.04,0.04
2260,0.04,0.04,0.04
2261,0.04,0.04,0.04
2262,0.04,0.04,0.04
2263,0.04,0.04,0.04
2264,0.04,0.04,0.04
2265,0.04,0.04,0.04
2266,0.04,0.04,0.04
2267,0.04,0.04,0.04
2268,0.04,0.04,0.04
2269,0.04,0.04,0.04
2270,0.04,0.04,0.04
2271,0.04,0.04,0.04
2272,0.04,0.04,0.04
2273,0.04,0.04,0.04
2274,0.04,0.04,0.04
2275,0.04,0.04,0.04
2276,0.04,0.04,0.04
2277,0.04,0.04,0.04
2278,0.04,0.04,0.04
2279,0.04,0.04,0.04
2280,0.04,0.04,0.04
2281,0.04,0.04,0.04
2282,0.04,0.04,0.04
2283,0.04,0.04,0.04
2284,0.04,0.04,0.04
2285,0.04,0.04,0.04
2286,0.04,0.04,0.04
2287,0.04,0.04,0.04
2288,0.04,0.04,0.04
2289,0.04,0.04,0.04
2290,0.04,0.04,0.04
2291,0.04,0.04,0.04
2292,0.04,0.04,0.04
2293,0.04,0.04,0.04
2294,0.04,0.04,0.04
2295,0.04,0.04,0.04
2296,0.04,0.04,0.04
2297,0.04,0.04,0.04
2298,0.04,0.04,0.04
2299,0.04,0.04,0.04
2300,0.04,0.04,0.04
2301,0.04,0.04,0.04
2302,0.04,0.04,0.04
2303,0.04,0.04,0.04
2304,0.04,0.04,0.04
2305,0.04,0.04,0.04
2306,0.04,0.04,0.04
2307,0.04,0.04,0.04
2308,0.04,0.04,0.04
2309,0.04,0.04,0.04
2310,0.04,0.04,0.04
2311,0.04,0.04,0.04
2312,0.04,0.04,0.04
2313,0.04,0.04,0.04
2314,0.04,0.04,0.04
2315,0.04,0.04,0.04
2316,0.04,0.04,0.04
2317,0.04,0.04,0.04
2318,0.04,0.04,0.04
2319,0.04,0.04,0.04
2320,0.04,0.04,0.04
2321,0.04,0.04,0.04
2322,0.04,0.04,0.04
2323,0.04,0.04,0.04
2324,0.04,0.04,0.04
2325,0.04,0.04,0.04
2326,0.04,0.04,0.04
2327,0.04,0.04,0.04
2328,0.04,0.04,0.04
2329,0.04,0.04,0.04
2330,0.04,0.04,0.04
2331,0.04,0.04,0.04
2332,0.04,0.04,0.04
2333,0.04,0.04,0.04
2334,0.04,0.04,0.04
2335,0.04,0.04,0.04
2336,0.04,0.04,0.04
2337,0.04,0.04,0.04
2338,0.04,0.04,0.04
2339,0.04,0.04,0.04
2340,0.04,0.04,0.04
2341,0.04,0.04,0.04
2342,0.04,0.04,0.04
2343,0.04,0.04,0.04
2344,0.04,0.04,0.04
2345,0.04,0.04,0.04
2346,0.04,0.04,0.04
2347,0.04,0.04,0.04
2348,0.04,0.04,0.04
2349,0.04,0.04,0.04
2350,0.04,0.04,0.04
2351,0.04,0.04,0.04
2352,0.04,0.04,0.04
2353,0.04,0.04,0.04
2354,0.04,0.04,0.04
2355,0.04,0.04,0.04
2356,0.04,0.04,0.04
2357,0.04,0.04,0.04
2358,0.04,0.04,0.04
2359,0.04,0.04,0.04
2360,0.04,0.04,0.04
2361,0.04,0.04,0.04
2362,0.04,0.04,0.04
2363,0.04,0.04,0.04
2364,0.04,0.04,0.04
2365,0.04,0.04,0.04
2366,0.04,0.04,0.04
2367,0.04,0.04,0.04
2368,0.04,0.04,0.04
2369,0.04,0.04,0.04
2370,0.04,0.04,0.04
2371,0.04,0.04,0.04
2372,0.04,0.04,0.04
2373,0.04,0.04,0.04
2374,0.04,0.04,0.04
2375,0.04,0.04,0.04
2376,0.04,0.04,0.04
2377,0.04,0.04,0.04
2378,0.04,0.04,0.04
2379,0.04,0.04,0.04
2380,0.04,0.04,0.04
2381,0.04,0.04,0.04
2382,0.04,0.04,0.04
2383,0.04,0.04,0.04
2384,0.04,0.04,0.04
2385,0.04,0.04,0.04
2386,0.04,0.04,0.04
2387,0.04,0.04,0.04
2388,0.04,0.04,0.04
2389,0.04,0.04,0.04
2390,0.04,0.04,0.04
2391,0.04,0.04,0.04
2392,0.04,0.04,0.04
2393,0.04,0.04,0.04
2394,0.04,0.04,0.04
2395,0.04,0.04,0.04
2396,0.04,0.04,0.04
2397,0.04,0.04,0.04
2398,0.04,0.04,0.04
2399,0.04,0.04,0.04
2400,0.04,0.04,0.04
2401,0.04,0.04,0.04
2402,0.04,0.04,0.04
2403,0.04,0.04,0.04
2404,0.04,0.04,0.04
2405,0.04,0.04,0.04
2406,0.04,0.04,0.04
2407,0.04,0.04,0.04
2408,0.04,0.04,0.04
2409,0.04,0.04,0.04
2410,0.04,0.04,0.04
2411,0.04,0.04,0.04
2412,0.04,0.04,0.04
2413,0.04,0.04,0.04
2414,0.04,0.04,0.04
2415,0.04,0.04,0.04
2416,0.04,0.04,0.04
2417,0.04,0.04,0.04
2418,0.04,0.04,0.04
2419,0.04,0.04,0.04
2420,0.04,0.04,0.04
2421,0.04,0.04,0.04
2422,0.04,0.04,0.04
2423,0.04,0.04,0.04
2424,0.04,0.04,0.04
2425,0.04,0.04,0.04
2426,0.04,0.04,0.04
2427,0.04,0.04,0.04
2428,0.04,0.04,0.04
2429,0.04,0.04,0.04
2430,0.04,0.04,0.04
2431,0.04,0.04,0.04
2432,0.04,0.04,0.04
2433,0.04,0.04,0.04
2434,0.04,0.04,0.04
2435,0.04,0.04,0.04
2436,0.04,0.04,0.04
2437,0.04,0.04,0.04
2438,0.04,0.04,0.04
2439,0.04,0.04,0.04
2440,0.04,0.04,0.04
2441,0.04,0.04,0.04
2442,0.04,0.04,0.04
2443,0.04,0.04,0.04
2444,0.04,0.04,0.04
2445,0.04,0.04,0.04
2446,0.04,0.04,0.04
2447,0.04,0.04,0.04
2448,0.04,0.04,0.04
2449,0.04,0.04,0.04
2450,0.04,0.04,0.04
2451,0.04,0.04,0.04
2452,0.04,0.04,0.04
2453,0.04,0.04,0.04
2454,0.04,0.04,0.04
2455,0.04,0.04,0.04
2456,0.04,0.04,0.04
2457,0.04,0.04,0.04
2458,0.04,0.04,0.04
2459,0.04,0.04,0.04
2460,0.04,0.04,0.04
2461,0.04,0.04,0.04
2462,0.04,0.04,0.04
2463,0.04,0.04,0.04
2464,0.04,0.04,0.04
2465,0.04,0.04,0.04
2466,0.04,0.04,0.04
2467,0.04,0.04,0.04
2468,0.04,0.04,0.04
2469,0.04,0.04,0.04
2470,0.04,0.04,0.04
2471,0.04,0.04,0.04
2472,0.04,0.04,0.04
2473,0.04,0.04,0.04
2474,0.04,0.04,0.04
2475,0.04,0.04,0.04
2476,0.04,0.04,0.04
2477,0.04,0.04,0.04
2478,0.04,0.04,0.04
2479,0.04,0.04,0.04
2480,0.04,0.04,0.04
2481,0.04,0.04,0.04
2482,0.04,0.04,0.04
2483,0.04,0.04,0.04
2484,0.04,0.04,0.04
2485,0.04,0.04,0.04
2486,0.04,0.04,0.04
2487,0.04,0.04,0.04
2488,0.04,0.04,0.04
2489,0.04,0.04,0.04
2490,0.04,0.04,0.04
2491,0.04,0.04,0.04
2492,0.04,0.04,0.04
2493,0.04,0.04,0.04
2494,0.04,0.04,0.04
2495,0.04,0.04,0.04
2496,0.04,0.04,0.04
2497,0.04,0.04,0.04
2498,0.04,0.04,0.04
2499,0.04,0.04,0.04
2500,0.04,0.04,0.04
2501,0.04,0.04,0.04
2502,0.04,0.04,0.04
2503,0.04,0.04,0.04
2504,0.04,0.04,0.04
2505,0.04,0.04,0.04
2506,0.04,0.04,0.04
2507,0.04,0.04,0.04
2508,0.04,0.04,0.04
2509,0.04,0.04,0.04
2510,0.04,0.04,0.04
2511,0.04,0.04,0.04
2512,0.04,0.04,0.04
2513,0.04,0.04,0.04
2514,0.04,0.04,0.04
2515,0.04,0.04,0.04
2516,0.04,0.04,0.04
2517,0.04,0.04,0.04
2518,0.04,0.04,0.04
2519,0.04,0.04,0.04
2520,0.04,0.04,0.04
2521,0.04,0.04,0.04
2522,0.04,0.04,0.04
2523,0.04,0.04,0.04
2524,0.04,0.04,0.04
2525,0.04,0.04,0.04
2526,0.04,0.04,0.04
2527,0.04,0.04,0.04
2528,0.04,0.04,0.04
2529,0.04,0.04,0.04
2530,0.04,0.04,0.04
2531,0.04,0.04,0.04
2532,0.04,0.04,0.04
2533,0.04,0.04,0.04
2534,0.04,0.04,0.04
2535,0.04,0.04,0.04
2536,0.04,0.04,0.04
2537,0.04,0.04,0.04
2538,0.04,0.04,0.04
2539,0.04,0.04,0.04
2540,0.04,0.04,0.04
2541,0.04,0.04,0.04
2542,0.04,0.04,0.04
2543,0.04,0.04,0.04
2544,0.04,0.04,0.04
2545,0.04,0.04,0.04
2546,0.04,0.04,0.04
2547,0.04,0.04,0.04
2548,0.04,0.04,0.04
2549,0.04,0.04,0.04
2550,0.04,0.04,0.04
2551,0.04,0.04,0.04
2552,0.04,0.04,0.04
2553,0.04,0.04,0.04
2554,0.04,0.04,0.04
2555,0.04,0.04,0.04
2556,0.04,0.04,0.04
2557,0.04,0.04,0.04
2558,0.04,0.04,0.04
2559,0.04,0.04,0.04
2560,0.04,0.04,0.04
2561,0.04,0.04,0.04
2562,0.04,0.04,0.04
2563,0.04,0.04,0.04
2564,0.04,0.04,0.04
2565,0.04,0.04,0.04
2566,0.04,0.04,0.04
2567,0.04,0.04,0.04
2568,0.04,0.04,0.04
2569,0.04,0.04,0.04
2570,0.04,0.04,0.04
2571,0.04,0.04,0.04
2572,0.04,0.04,0.04
2573,0.04,0.04,0.04
2574,0.04,0.04,0.04
2575,0.04,0.04,0.04
2576,0.04,0.04,0.04
2577,0.04,0.04,0.04
2578,0.04,0.04,0.04
2579,0.04,0.04,0.04
2580,0.04,0.04,0.04
2581,0.04,0.04,0.04
2582,0.04,0.04,0.04
2583,0.04,0.04,0.04
2584,0.04,0.04,0.04
2585,0.04,0.04,0.04
2586,0.04,0.04,0.04
2587,0.04,0.04,0.04
2588,0.04,0.04,0.04
2589,0.04,0.04,0.04
2590,0.04,0.04,0.04
2591,0.04,0.04,0.04
2592,0.04,0.04,0.04
2593,0.04,0.04,0.04
2594,0.04,0.04,0.04
2595,0.04,0.04,0.04
2596,0.04,0.04,0.04
2597,0.04,0.04,0.04
2598,0.04,0.04,0.04
2599,0.04,0.04,0.04
2600,0.04,0.04,0.04
2601,0.04,0.04,0.04
2602,0.04,0.04,0.04
2603,0.04,0.04,0.04
2604,0.04,0.04,0.04
2605,0.04,0.04,0.04
2606,0.04,0.04,0.04
2607,0.04,0.04,0.04
2608,0.04,0.04,0.04
2609,0.04,0.04,0.04
2610,0.04,0.04,0.04
2611,0.04,0.04,0.04
2612,0.04,0.04,0.04
2613,0.04,0.04,0.04
2614,0.04,0.04,0.04
2615,0.04,0.04,0.04
2616,0.04,0.04,0.04
2617,0.04,0.04,0.04
2618,0.04,0.04,0.04
2619,0.04,0.04,0.04
2620,0.04,0.04,0.04
2621,0.04,0.04,0.04
2622,0.04,0.04,0.04
2623,0.04,0.04,0.04
2624,0.04,0.04,0.04
2625,0.04,0.04,0.04
2626,0.04,0.04,0.04
2627,0.04,0.04,0.04
2628,0.04,0.04,0.04
2629,0.04,0.04,0.04
2630,0.04,0.04,0.04
2631,0.04,0.04,0.04
2632,0.04,0.04,0.04
2633,0.04,0.04,0.04
2634,0.04,0.04,0.04
2635,0.04,0.04,0.04
2636,0.04,0.04,0.04
2637,0.04,0.04,0.04
2638,0.04,0.04,0.04
2639,0.04,0.04,0.04
2640,0.04,0.04,0.04
2641,0.04,0.04,0.04
2642,0.04,0.04,0.04
2643,0.04,0.04,0.04
2644,0.04,0.04,0.04
2645,0.04,0.04,0.04
2646,0.04,0.04,0.04
2647,0.04,0.04,0.04
2648,0.04,0.04,0.04
2649,0.04,0.04,0.04
2650,0.04,0.04,0.04
2651,0.04,0.04,0.04
2652,0.04,0.04,0.04
2653,0.04,0.04,0.04
2654,0.04,0.04,0.04
2655,0.04,0.04,0.04
2656,0.04,0.04,0.04
2657,0.04,0.04,0.04
2658,0.04,0.04,0.04
2659,0.04,0.04,0.04
2660,0.04,0.04,0.04
2661,0.04,0.04,0.04
2662,0.04,0.04,0.04
2663,0.04,0.04,0.04
2664,0.04,0.04,0.04
2665,0.04,0.04,0.04
2666,0.04,0.04,0.04
2667,0.04,0.04,0.04
2668,0.04,0.04,0.04
2669,0.04,0.04,0.04
2670,0.04,0.04,0.04
2671,0.04,0.04,0.04
2672,0.04,0.04,0.04
2673,0.04,0.04,0.04
2674,0.04,0.04,0.04
2675,0.04,0.04,0.04
2676,0.04,0.04,0.04
2677,0.04,0.04,0.04
2678,0.04,0.04,0.04
2679,0.04,0.04,0.04
2680,0.04,0.04,0.04
2681,0.04,0.04,0.04
2682,0.04,0.04,0.04
2683,0.04,0.04,0.04
2684,0.04,0.04,0.04
2685,0.04,0.04,0.04
2686,0.04,0.04,0.04
2687,0.04,0.04,0.04
2688,0.04,0.04,0.04
2689,0.04,0.04,0.04
2690,0.04,0.04,0.04
2691,0.04,0.04,0.04
2692,0.04,0.04,0.04
2693,0.04,0.04,0.04
2694,0.04,0.04,0.04
2695,0.04,0.04,0.04
2696,0.04,0.04,0.04
2697,0.04,0.04,0.04
2698,0.04,0.04,0.04
2699,0.04,0.04,0.04
2700,0.04,0.04,0.04
2701,0.04,0.04,0.04
2702,0.04,0.04,0.04
2703,0.04,0.04,0.04
2704,0.04,0.04,0.04
2705,0.04,0.04,0.04
2706,0.04,0.04,0.04
2707,0.04,0.04,0.04
2708,0.04,0.04,0.04
2709,0.04,0.04,0.04
2710,0.04,0.04,0.04
2711,0.04,0.04,0.04
2712,0.04,0.04,0.04
2713,0.04,0.04,0.04
2714,0.04,0.04,0.04
2715,0.04,0.04,0.04
2716,0.04,0.04,0.04
2717,0.04,0.04,0.04
2718,0.04,0.04,0.04
2719,0.04,0.04,0.04
2720,0.04,0.04,0.04
2721,0.04,0.04,0.04
2722,0.04,0.04,0.04
2723,0.04,0.04,0.04
2724,0.04,0.04,0.04
2725,0.04,0.04,0.04
2726,0.04,0.04,0.04
2727,0.04,0.04,0.04
2728,0.04,0.04,0.04
2729,0.04,0.04,0.04
2730,0.04,0.04,0.04
2731,0.04,0.04,0.04
2732,0.04,0.04,0.04
2733,0.04,0.04,0.04
2734,0.04,0.04,0.04
2735,0.04,0.04,0.04
2736,0.04,0.04,0.04
2737,0.04,0.04,0.04
2738,0.04,0.04,0.04
2739,0.04,0.04,0.04
2740,0.04,0.04,0.04
2741,0.04,0.04,0.04
2742,0.04,0.04,0.04
2743,0.04,0.04,0.04
2744,0.04,0.04,0.04
2745,0.04,0.04,0.04
2746,0.04,0.04,0.04
2747,0.04,0.04,0.04
2748,0.04,0.04,0.04
2749,0.04,0.04,0.04
2750,0.04,0.04,0.04
2751,0.04,0.04,0.04
2752,0.04,0.04,0.04
2753,0.04,0.04,0.04
2754,0.04,0.04,0.04
2755,0.04,0.04,0.04
2756,0.04,0.04,0.04
2757,0.04,0.04,0.04
2758,0.04,0.04,0.04
2759,0.04,0.04,0.04
2760,0.04,0.04,0.04
2761,0.04,0.04,0.04
2762,0.04,0.04,0.04
2763,0.04,0.04,0.04
2764,0.04,0.04,0.04
2765,0.04,0.04,0.04
2766,0.04,0.04,0.04
2767,0.04,0.04,0.04
2768,0.04,0.04,0.04
2769,0.04,0.04,0.04
2770,0.04,0.04,0.04
2771,0.04,0.04,0.04
2772,0.04,0.04,0.04
2773,0.04,0.04,0.04
2774,0.04,0.04,0.04
2775,0.04,0.04,0.04
2776,0.04,0.04,0.04
2777,0.04,0.04,0.04
2778,0.04,0.04,0.04
2779,0.04,0.04,0.04
2780,0.04,0.04,0.04
2781,0.04,0.04,0.04
2782,0.04,0.04,0.04
2783,0.04,0.04,0.04
2784,0.04,0.04,0.04
2785,0.04,0.04,0.04
2786,0.04,0.04,0.04
2787,0.04,0.04,0.04
2788,0.04,0.04,0.04
2789,0.04,0.04,0.04
2790,0.04,0.04,0.04
2791,0.04,0.04,0.04
2792,0.04,0.04,0.04
2793,0.04,0.04,0.04
2794,0.04,0.04,0.04
2795,0.04,0.04,0.04
2796,0.04,0.04,0.04
2797,0.04,0.04,0.04
2798,0.04,0.04,0.04
2799,0.04,0.04,0.04
2800,0.04,0.04,0.04
2801,0.04,0.04,0.04
2802,0.04,0.04,0.04
2803,0.04,0.04,0.04
2804,0.04,0.04,0.04
2805,0.04,0.04,0.04
2806,0.04,0.04,0.04
2807,0.04,0.04,0.04
2808,0.04,0.04,0.04
2809,0.04,0.04,0.04
2810,0.04,0.04,0.04
2811,0.04,0.04,0.04
2812,0.04,0.04,0.04
2813,0.04,0.04,0.04
2814,0.04,0.04,0.04
2815,0.04,0.04,0.04
2816,0.04,0.04,0.04
2817,0.04,0.04,0.04
2818,0.04,0.04,0.04
2819,0.04,0.04,0.04
2820,0.04,0.04,0.04
2821,0.04,0.04,0.04
2822,0.04,0.04,0.04
2823,0.04,0.04,0.04
2824,0.04,0.04,0.04
2825,0.04,0.04,0.04
2826,0.04,0.04,0.04
2827,0.04,0.04,0.04
2828,0.04,0.04,0.04
2829,0.04,0.04,0.04
2830,0.04,0.04,0.04
2831,0.04,0.04,0.04
2832,0.04,0.04,0.04
2833,0.04,0.04,0.04
2834,0.04,0.04,0.04
2835,0.04,0.04,0.04
2836,0.04,0.04,0.04
2837,0.04,0.04,0.04
2838,0.04,0.04,0.04
2839,0.04,0.04,0.04
2840,0.04,0.04,0.04
2841,0.04,0.04,0.04
2842,0.04,0.04,0.04
2843,0.04,0.04,0.04
2844,0.04,0.04,0.04
2845,0.04,0.04,0.04
2846,0.04,0.04,0.04
2847,0.04,0.04,0.04
2848,0.04,0.04,0.04
2849,0.04,0.04,0.04
2850,0.04,0.04,0.04
2851,0.04,0.04,0.04
2852,0.04,0.04,0.04
2853,0.04,0.04,0.04
2854,0.04,0.04,0.04
2855,0.04,0.04,0.04
2856,0.04,0.04,0.04
2857,0.04,0.04,0.04
2858,0.04,0.04,0.04
2859,0.04,0.04,0.04
2860,0.04,0.04,0.04
2861,0.04,0.04,0.04
2862,0.04,0.04,0.04
2863,0.04,0.04,0.04
2864,0.04,0.04,0.04
2865,0.04,0.04,0.04
2866,0.04,0.04,0.04
2867,0.04,0.04,0.04
2868,0.04,0.04,0.04
2869,0.04,0.04,0.04
2870,0.04,0.04,0.04
2871,0.04,0.04,0.04
2872,0.04,0.04,0.04
2873,0.04,0.04,0.04
2874,0.04,0.04,0.04
2875,0.04,0.04,0.04
2876,0.04,0.04,0.04
2877,0.04,0.04,0.04
2878,0.04,0.04,0.04
2879,0.04,0.04,0.04
2880,0.04,0.04,0.04
2881,0.04,0.04,0.04
2882,0.04,0.04,0.04
2883,0.04,0.04,0.04
2884,0.04,0.04,0.04
2885,0.04,0.04,0.04
2886,0.04,0.04,0.04
2887,0.04,0.04,0.04
2888,0.04,0.04,0.04
2889,0.04,0.04,0.04
2890,0.04,0.04,0.04
2891,0.04,0.04,0.04
2892,0.04,0.04,0.04
2893,0.04,0.04,0.04
2894,0.04,0.04,0.04
2895,0.04,0.04,0.04
2896,0.04,0.04,0.04
2897,0.04,0.04,0.04
2898,0.04,0.04,0.04
2899,0.04,0.04,0.04
2900,0.04,0.04,0.04
2901,0.04,0.04,0.04
2902,0.04,0.04,0.04
2903,0.04,0.04,0.04
2904,0.04,0.04,0.04
2905,0.04,0.04,0.04
2906,0.04,0.04,0.04
2907,0.04,0.04,0.04
2908,0.04,0.04,0.04
2909,0.04,0.04,0.04
2910,0.04,0.04,0.04
2911,0.04,0.04,0.04
2912,0.04,0.04,0.04
2913,0.04,0.04,0.04
2914,0.04,0.04,0.04
2915,0.04,0.04,0.04
2916,0.04,0.04,0.04
2917,0.04,0.04,0.04
2918,0.04,0.04,0.04
2919,0.04,0.04,0.04
2920,0.04,0.04,0.04
2921,0.04,0.04,0.04
2922,0.04,0.04,0.04
2923,0.04,0.04,0.04
2924,0.04,0.04,0.04
2925,0.04,0.04,0.04
2926,0.04,0.04,0.04
2927,0.04,0.04,0.04
2928,0.04,0.04,0.04
2929,0.04,0.04,0.04
2930,0.04,0.04,0.04
2931,0.04,0.04,0.04
2932,0.04,0.04,0.04
2933,0.04,0.04,0.04
2934,0.04,0.04,0.04
2935,0.04,0.04,0.04
2936,0.04,0.04,0.04
2937,0.04,0.04,0.04
2938,0.04,0.04,0.04
2939,0.04,0.04,0.04
2940,0.04,0.04,0.04
2941,0.04,0.04,0.04
2942,0.04,0.04,0.04
2943,0.04,0.04,0.04
2944,0.04,0.04,0.04
2945,0.04,0.04,0.04
2946,0.04,0.04,0.04
2947,0.04,0.04,0.04
2948,0.04,0.04,0.04
2949,0.04,0.04,0.04
2950,0.04,0.04,0.04
2951,0.04,0.04,0.04
2952,0.04,0.04,0.04
2953,0.04,0.04,0.04
2954,0.04,0.04,0.04
2955,0.04,0.04,0.04
2956,0.04,0.04,0.04
2957,0.04,0.04,0.04
2958,0.04,0.04,0.04
2959,0.04,0.04,0.04
2960,0.04,0.04,0.04
2961,0.04,0.04,0.04
2962,0.04,0.04,0.04
2963,0.04,0.04,0.04
2964,0.04,0.04,0.04
2965,0.04,0.04,0.04
2966,0.04,0.04,0.04
2967,0.04,0.04,0.04
2968,0.04,0.04,0.04
2969,0.04,0.04,0.04
2970,0.04,0.04,0.04
2971,0.04,0.04,0.04
2972,0.04,0.04,0.04
2973,0.04,0.04,0.04
2974,0.04,0.04,0.04
2975,0.04,0.04,0.04
2976,0.04,0.04,0.04
2977,0.04,0.04,0.04
2978,0.04,0.04,0.04
2979,0.04,0.04,0.04
2980,0.04,0.04,0.04
2981,0.04,0.04,0.04
2982,0.04,0.04,0.04
2983,0.04,0.04,0.04
2984,0.04,0.04,0.04
2985,0.04,0.04,0.04
2986,0.04,0.04,0.04
2987,0.04,0.04,0.04
2988,0.04,0.04,0.04
2989,0.04,0.04,0.04
2990,0.04,0.04,0.04
2991,0.04,0.04,0.04
2992,0.04,0.04,0.04
2993,0.04,0.04,0.04
2994,0.04,0.04,0.04
2995,0.04,0.04,0.04
2996,0.04,0.04,0.04
2997,0.04,0.04,0.04
2998,0.04,0.04,0.04
2999,0.04,0.04,0.04
3000,0.04,0.04,0.04
3001,0.04,0.04,0.04
3002,0.04,0.04,0.04
3003,0.04,0.04,0.04
3004,0.04,0.04,0.04
3005,0.04,0.04,0.04
3006,0.04,0.04,0.04
3007,0.04,0.04,0.04
3008,0.04,0.04,0.04
3009,0.04,0.04,0.04
3010,0.04,0.04,0.04
3011,0.04,0.04,0.04
3012,0.04,0.04,0.04
3013,0.04,0.04,0.04
3014,0.04,0.04,0.04
3015,0.04,0.04,0.04
3016,0.04,0.04,0.04
3017,0.04,0.04,0.04
3018,0.04,0.04,0.04
3019,0.04,0.04,0.04
3020,0.04,0.04,0.04
3021,0.04,0.04,0.04
3022,0.04,0.04,0.04
3023,0.04,0.04,0.04
3024,0.04,0.04,0.04
3025,0.04,0.04,0.04
3026,0.04,0.04,0.04
3027,0.04,0.04,0.04
3028,0.04,0.04,0.04
3029,0.04,0.04,0.04
3030,0.04,0.04,0.04
3031,0.04,0.04,0.04
3032,0.04,0.04,0.04
3033,0.04,0.04,0.04
3034,0.04,0.04,0.04
3035,0.04,0.04,0.04
3036,0.04,0.04,0.04
3037,0.04,0.04,0.04
3038,0.04,0.04,0.04
3039,0.04,0.04,0.04
3040,0.04,0.04,0.04
3041,0.04,0.04,0.04
3042,0.04,0.04,0.04
3043,0.04,0.04,0.04
3044,0.04,0.04,0.04
3045,0.04,0.04,0.04
3046,0.04,0.04,0.04
3047,0.04,0.04,0.04
3048,0.04,0.04,0.04
3049,0.04,0.04,0.04
3050,0.04,0.04,0.04
3051,0.04,0.04,0.04
3052,0.04,0.04,0.04
3053,0.04,0.04,0.04
3054,0.04,0.04,0.04
3055,0.04,0.04,0.04
3056,0.04,0.04,0.04
3057,0.04,0.04,0.04
3058,0.04,0.04,0.04
3059,0.04,0.04,0.04
3060,0.04,0.04,0.04
3061,0.04,0.04,0.04
3062,0.04,0.04,0.04
3063,0.04,0.04,0.04
3064,0.04,0.04,0.04
3065,0.04,0.04,0.04
3066,0.04,0.04,0.04
3067,0.04,0.04,0.04
3068,0.04,0.04,0.04
3069,0.04,0.04,0.04
3070,0.04,0.04,0.04
3071,0.04,0.04,0.04
3072,0.04,0.04,0.04
3073,0.04,0.04,0.04
3074,0.04,0.04,0.04
3075,0.04,0.04,0.04
3076,0.04,0.04,0.04
3077,0.04,0.04,0.04
3078,0.04,0.04,0.04
3079,0.04,0.04,0.04
3080,0.04,0.04,0.04
3081,0.04,0.04,0.04
3082,0.04,0.04,0.04
3083,0.04,0.04,0.04
3084,0.04,0.04,0.04
3085,0.04,0.04,0.04
3086,0.04,0.04,0.04
3087,0.04,0.04,0.04
3088,0.04,0.04,0.04
3089,0.04,0.04,0.04
3090,0.04,0.04,0.04
3091,0.04,0.04,0.04
3092,0.04,0.04,0.04
3093,0.04,0.04,0.04
3094,0.04,0.04,0.04
3095,0.04,0.04,0.04
3096,0.04,0.04,0.04
3097,0.04,0.04,0.04
3098,0.04,0.04,0.04
3099,0.04,0.04,0.04
3100,0.04,0.04,0.04
3101,0.04,0.04,0.04
3102,0.04,0.04,0.04
3103,0.04,0.04,0.04
3104,0.04,0.04,0.04
3105,0.04,0.04,0.04
3106,0.04,0.04,0.04
3107,0.04,0.04,0.04
3108,0.04,0.04,0.04
3109,0.04,0.04,0.04
3110,0.04,0.04,0.04
3111,0.04,0.04,0.04
3112,0.04,0.04,0.04
3113,0.04,0.04,0.04
3114,0.04,0.04,0.04
3115,0.04,0.04,0.04
3116,0.04,0.04,0.04
3117,0.04,0.04,0.04
3118,0.04,0.04,0.04
3119,0.04,0.04,0.04
3120,0.04,0.04,0.04
3121,0.04,0.04,0.04
3122,0.04,0.04,0.04
3123,0.04,0.04,0.04
3124,0.04,0.04,0.04
3125,0.04,0.04,0.04
3126,0.04,0.04,0.04
3127,0.04,0.04,0.04
3128,0.04,0.04,0.04
3129,0.04,0.04,0.04
3130,0.04,0.04,0.04
3131,0.04,0.04,0.04
3132,0.04,0.04,0.04
3133,0.04,0.04,0.04
3134,0.04,0.04,0.04
3135,0.04,0.04,0.04
3136,0.04,0.04,0.04
3137,0.04,0.04,0.04
3138,0.04,0.04,0.04
3139,0.04,0.04,0.04
3140,0.04,0.04,0.04
3141,0.04,0.04,0.04
3142,0.04,0.04,0.04
3143,0.04,0.04,0.04
3144,0.04,0.04,0.04
3145,0.04,0.04,0.04
3146,0.04,0.04,0.04
3147,0.04,0.04,0.04
3148,0.04,0.04,0.04
3149,0.04,0.04,0.04
3150,0.04,0.04,0.04
3151,0.04,0.04,0.04
3152,0.04,0.04,0.04
3153,0.04,0.04,0.04
3154,0.04,0.04,0.04
3155,0.04,0.04,0.04
3156,0.04,0.04,0.04
3157,0.04,0.04,0.04
3158,0.04,0.04,0.04
3159,0.04,0.04,0.04
3160,0.04,0.04,0.04
3161,0.04,0.04,0.04
3162,0.04,0.04,0.04
3163,0.04,0.04,0.04
3164,0.04,0.04,0.04
3165,0.04,0.04,0.04
3166,0.04,0.04,0.04
3167,0.04,0.04,0.04
3168,0.04,0.04,0.04
3169,0.04,0.04,0.04
3170,0.04,0.04,0.04
3171,0.04,0.04,0.04
3172,0.04,0.04,0.04
3173,0.04,0.04,0.04
3174,0.04,0.04,0.04
3175,0.04,0.04,0.04
3176,0.04,0.04,0.04
3177,0.04,0.04,0.04
3178,0.04,0.04,0.04
3179,0.04,0.04,0.04
3180,0.04,0.04,0.04
3181,0.04,0.04,0.04
3182,0.04,0.04,0.04
3183,0.04,0.04,0.04
3184,0.04,0.04,0.04
3185,0.04,0.04,0.04
3186,0.04,0.04,0.04
3187,0.04,0.04,0.04
3188,0.04,0.04,0.04
3189,0.04,0.04,0.04
3190,0.04,0.04,0.04
3191,0.04,0.04,0.04
3192,0.04,0.04,0.04
3193,0.04,0.04,0.04
3194,0.04,0.04,0.04
3195,0.04,0.04,0.04
3196,0.04,0.04,0.04
3197,0.04,0.04,0.04
3198,0.04,0.04,0.04
3199,0.04,0.04,0.04
3200,0.04,0.04,0.04
3201,0.04,0.04,0.04
3202,0.04,0.04,0.04
3203,0.04,0.04,0.04
3204,0.04,0.04,0.04
3205,0.04,0.04,0.04
3206,0.04,0.04,0.04
3207,0.04,0.04,0.04
3208,0.04,0.04,0.04
3209,0.04,0.04,0.04
3210,0.04,0.04,0.04
3211,0.04,0.04,0.04
3212,0.04,0.04,0.04
3213,0.04,0.04,0.04
3214,0.04,0.04,0.04
3215,0.04,0.04,0.04
3216,0.04,0.04,0.04
3217,0.04,0.04,0.04
3218,0.04,0.04,0.04
3219,0.04,0.04,0.04
3220,0.04,0.04,0.04
3221,0.04,0.04,0.04
3222,0.04,0.04,0.04
3223,0.04,0.04,0.04
3224,0.04,0.04,0.04
3225,0.04,0.04,0.04
3226,0.04,0.04,0.04
3227,0.04,0.04,0.04
3228,0.04,0.04,0.04
3229,0.04,0.04,0.04
3230,0.04,0.04,0.04
3231,0.04,0.04,0.04
3232,0.04,0.04,0.04
3233,0.04,0.04,0.04
3234,0.04,0.04,0.04
3235,0.04,0.04,0.04
3236,0.04,0.04,0.04
3237,0.04,0.04,0.04
3238,0.04,0.04,0.04
3239,0.04,0.04,0.04
3240,0.04,0.04,0.04
3241,0.04,0.04,0.04
3242,0.04,0.04,0.04
3243,0.04,0.04,0.04
3244,0.04,0.04,0.04
3245,0.04,0.04,0.04
3246,0.04,0.04,0.04
3247,0.04,0.04,0.04
3248,0.04,0.04,0.04
3249,0.04,0.04,0.04
3250,0.04,0.04,0.04
3251,0.04,0.04,0.04
3252,0.04,0.04,0.04
3253,0.04,0.04,0.04
3254,0.04,0.04,0.04
3255,0.04,0.04,0.04
3256,0.04,0.04,0.04
3257,0.04,0.04,0.04
3258,0.04,0.04,0.04
3259,0.04,0.04,0.04
3260,0.04,0.04,0.04
3261,0.04,0.04,0.04
3262,0.04,0.04,0.04
3263,0.04,0.04,0.04
3264,0.04,0.04,0.04
3265,0.04,0.04,0.04
3266,0.04,0.04,0.04
3267,0.04,0.04,0.04
3268,0.04,0.04,0.04
3269,0.04,0.04,0.04
3270,0.04,0.04,0.04
3271,0.04,0.04,0.04
3272,0.04,0.04,0.04
3273,0.04,0.04,0.04
3274,0.04,0.04,0.04
3275,0.04,0.04,0.04
3276,0.04,0.04,0.04
3277,0.04,0.04,0.04
3278,0.04,0.04,0.04
3279,0.04,0.04,0.04
3280,0.04,0.04,0.04
3281,0.04,0.04,0.04
3282,0.04,0.04,0.04
3283,0.04,0.04,0.04
3284,0.04,0.04,0.04
3285,0.04,0.04,0.04
3286,0.04,0.04,0.04
3287,0.04,0.04,0.04
3288,0.04,0.04,0.04
3289,0.04,0.04,0.04
3290,0.04,0.04,0.04
3291,0.04,0.04,0.04
3292,0.04,0.04,0.04
3293,0.04,0.04,0.04
3294,0.04,0.04,0.04
3295,0.04,0.04,0.04
3296,0.04,0.04,0.04
3297,0.04,0.04,0.04
3298,0.04,0.04,0.04
3299,0.04,0.04,0.04
3300,0.04,0.04,0.04
3301,0.04,0.04,0.04
3302,0.04,0.04,0.04
3303,0.04,0.04,0.04
3304,0.04,0.04,0.04
3305,0.04,0.04,0.04
3306,0.04,0.04,0.04
3307,0.04,0.04,0.04
3308,0.04,0.04,0.04
3309,0.04,0.04,0.04
3310,0.04,0.04,0.04
3311,0.04,0.04,0.04
3312,0.04,0.04,0.04
3313,0.04,0.04,0.04
3314,0.04,0.04,0.04
3315,0.04,0.04,0.04
3316,0.04,0.04,0.04
3317,0.04,0.04,0.04
3318,0.04,0.04,0.04
3319,0.04,0.04,0.04
3320,0.04,0.04,0.04
3321,0.04,0.04,0.04
3322,0.04,0.04,0.04
3323,0.04,0.04,0.04
3324,0.04,0.04,0.04
3325,0.04,0.04,0.04
3326,0.04,0.04,0.04
3327,0.04,0.04,0.04
3328,0.04,0.04,0.04
3329,0.04,0.04,0.04
3330,0.04,0.04,0.04
3331,0.04,0.04,0.04
3332,0.04,0.04,0.04
3333,0.04,0.04,0.04
3334,0.04,0.04,0.04
3335,0.04,0.04,0.04
3336,0.04,0.04,0.04
3337,0.04,0.04,0.04
3338,0.04,0.04,0.04
3339,0.04,0.04,0.04
3340,0.04,0.04,0.04
3341,0.04,0.04,0.04
3342,0.04,0.04,0.04
3343,0.04,0.04,0.04
3344,0.04,0.04,0.04
3345,0.04,0.04,0.04
3346,0.04,0.04,0.04
3347,0.04,0.04,0.04
3348,0.04,0.04,0.04
3349,0.04,0.04,0.04
3350,0.04,0.04,0.04
3351,0.04,0.04,0.04
3352,0.04,0.04,0.04
3353,0.04,0.04,0.04
3354,0.04,0.04,0.04
3355,0.04,0.04,0.04
3356,0.04,0.04,0.04
3357,0.04,0.04,0.04
3358,0.04,0.04,0.04
3359,0.04,0.04,0.04
3360,0.04,0.04,0.04
3361,0.04,0.04,0.04
3362,0.04,0.04,0.04
3363,0.04,0.04,0.04
3364,0.04,0.04,0.04
3365,0.04,0.04,0.04
3366,0.04,0.04,0.04
3367,0.04,0.04,0.04
3368,0.04,0.04,0.04
3369,0.04,0.04,0.04
3370,0.04,0.04,0.04
3371,0.04,0.04,0.04
3372,0.04,0.04,0.04
3373,0.04,0.04,0.04
3374,0.04,0.04,0.04
3375,0.04,0.04,0.04
3376,0.04,0.04,0.04
3377,0.04,0.04,0.04
3378,0.04,0.04,0.04
3379,0.04,0.04,0.04
3380,0.04,0.04,0.04
3381,0.04,0.04,0.04
3382,0.04,0.04,0.04
3383,0.04,0.04,0.04
3384,0.04,0.04,0.04
3385,0.04,0.04,0.04
3386,0.04,0.04,0.04
3387,0.04,0.04,0.04
3388,0.04,0.04,0.04
3389,0.04,0.04,0.04
3390,0.04,0.04,0.04
3391,0.04,0.04,0.04
3392,0.04,0.04,0.04
3393,0.04,0.04,0.04
3394,0.04,0.04,0.04
3395,0.04,0.04,0.04
3396,0.04,0.04,0.04
3397,0.04,0.04,0.04
3398,0.04,0.04,0.04
3399,0.04,0.04,0.04
3400,0.04,0.04,0.04
3401,0.04,0.04,0.04
3402,0.04,0.04,0.04
3403,0.04,0.04,0.04
3404,0.04,0.04,0.04
3405,0.04,0.04,0.04
3406,0.04,0.04,0.04
3407,0.04,0.04,0.04
3408,0.04,0.04,0.04
3409,0.04,0.04,0.04
3410,0.04,0.04,0.04
3411,0.04,0.04,0.04
3412,0.04,0.04,0.04
3413,0.04,0.04,0.04
3414,0.04,0.04,0.04
3415,0.04,0.04,0.04
3416,0.04,0.04,0.04
3417,0.04,0.04,0.04
3418,0.04,0.04,0.04
3419,0.04,0.04,0.04
3420,0.04,0.04,0.04
3421,0.04,0.04,0.04
3422,0.04,0.04,0.04
3423,0.04,0.04,0.04
3424,0.04,0.04,0.04
3425,0.04,0.04,0.04
3426,0.04,0.04,0.04
3427,0.04,0.04,0.04
3428,0.04,0.04,0.04
3429,0.04,0.04,0.04
3430,0.04,0.04,0.04
3431,0.04,0.04,0.04
3432,0.04,0.04,0.04
3433,0.04,0.04,0.04
3434,0.04,0.04,0.04
3435,0.04,0.04,0.04
3436,0.04,0.04,0.04
3437,0.04,0.04,0.04
3438,0.04,0.04,0.04
3439,0.04,0.04,0.04
3440,0.04,0.04,0.04
3441,0.04,0.04,0.04
3442,0.04,0.04,0.04
3443,0.04,0.04,0.04
3444,0.04,0.04,0.04
3445,0.04,0.04,0.04
3446,0.04,0.04,0.04
3447,0.04,0.04,0.04
3448,0.04,0.04,0.04
3449,0.04,0.04,0.04
3450,0.04,0.04,0.04
3451,0.04,0.04,0.04
3452,0.04,0.04,0.04
3453,0.04,0.04,0.04
3454,0.04,0.04,0.04
3455,0.04,0.04,0.04
3456,0.04,0.04,0.04
3457,0.04,0.04,0.04
3458,0.04,0.04,0.04
3459,0.04,0.04,0.04
3460,0.04,0.04,0.04
3461,0.04,0.04,0.04
3462,0.04,0.04,0.04
3463,0.04,0.04,0.04
3464,0.04,0.04,0.04
3465,0.04,0.04,0.04
3466,0.04,0.04,0.04
3467,0.04,0.04,0.04
3468,0.04,0.04,0.04
3469,0.04,0.04,0.04
3470,0.04,0.04,0.04
3471,0.04,0.04,0.04
3472,0.04,0.04,0.04
3473,0.04,0.04,0.04
3474,0.04,0.04,0.04
3475,0.04,0.04,0.04
3476,0.04,0.04,0.04
3477,0.04,0.04,0.04
3478,0.04,0.04,0.04
3479,0.04,0.04,0.04
3480,0.04,0.04,0.04
3481,0.04,0.04,0.04
3482,0.04,0.04,0.04
3483,0.04,0.04,0.04
3484,0.04,0.04,0.04
3485,0.04,0.04,0.04
3486,0.04,0.04,0.04
3487,0.04,0.04,0.04
3488,0.04,0.04,0.04
3489,0.04,0.04,0.04
3490,0.04,0.04,0.04
3491,0.04,0.04,0.04
3492,0.04,0.04,0.04
3493,0.04,0.04,0.04
3494,0.04,0.04,0.04
3495,0.04,0.04,0.04
3496,0.04,0.04,0.04
3497,0.04,0.04,0.04
3498,0.04,0.04,0.04
3499,0.04,0.04,0.04
3500,0.04,0.04,0.04
3501,0.04,0.04,0.04
3502,0.04,0.04,0.04
3503,0.04,0.04,0.04
3504,0.04,0.04,0.04
3505,0.04,0.04,0.04
3506,0.04,0.04,0.04
3507,0.04,0.04,0.04
3508,0.04,0.04,0.04
3509,0.04,0.04,0.04
3510,0.04,0.04,0.04
3511,0.04,0.04,0.04
3512,0.04,0.04,0.04
3513,0.04,0.04,0.04
3514,0.04,0.04,0.04
3515,0.04,0.04,0.04
3516,0.04,0.04,0.04
3517,0.04,0.04,0.04
3518,0.04,0.04,0.04
3519,0.04,0.04,0.04
3520,0.04,0.04,0.04
3521,0.04,0.04,0.04
3522,0.04,0.04,0.04
3523,0.04,0.04,0.04
3524,0.04,0.04,0.04
3525,0.04,0.04,0.04
3526,0.04,0.04,0.04
3527,0.04,0.04,0.04
3528,0.04,0.04,0.04
3529,0.04,0.04,0.04
3530,0.04,0.04,0.04
3531,0.04,0.04,0.04
3532,0.04,0.04,0.04
3533,0.04,0.04,0.04
3534,0.04,0.04,0.04
3535,0.04,0.04,0.04
3536,0.04,0.04,0.04
3537,0.04,0.04,0.04
3538,0.04,0.04,0.04
3539,0.04,0.04,0.04
3540,0.04,0.04,0.04
3541,0.04,0.04,0.04
3542,0.04,0.04,0.04
3543,0.04,0.04,0.04
3544,0.04,0.04,0.04
3545,0.04,0.04,0.04
3546,0.04,0.04,0.04
3547,0.04,0.04,0.04
3548,0.04,0.04,0.04
3549,0.04,0.04,0.04
3550,0.04,0.04,0.04
3551,0.04,0.04,0.04
3552,0.04,0.04,0.04
3553,0.04,0.04,0.04
3554,0.04,0.04,0.04
3555,0.04,0.04,0.04
3556,0.04,0.04,0.04
3557,0.04,0.04,0.04
3558,0.04,0.04,0.04
3559,0.04,0.04,0.04
3560,0.04,0.04,0.04
3561,0.04,0.04,0.04
3562,0.04,0.04,0.04
3563,0.04,0.04,0.04
3564,0.04,0.04,0.04
3565,0.04,0.04,0.04
3566,0.04,0.04,0.04
3567,0.04,0.04,0.04
3568,0.04,0.04,0.04
3569,0.04,0.04,0.04
3570,0.04,0.04,0.04
3571,0.04,0.04,0.04
3572,0.04,0.04,0.04
3573,0.04,0.04,0.04
3574,0.04,0.04,0.04
3575,0.04,0.04,0.04
3576,0.04,0.04,0.04
3577,0.04,0.04,0.04
3578,0.04,0.04,0.04
3579,0.04,0.04,0.04
3580,0.04,0.04,0.04
3581,0.04,0.04,0.04
3582,0.04,0.04,0.04
3583,0.04,0.04,0.04
3584,0.04,0.04,0.04
3585,0.04,0.04,0.04
3586,0.04,0.04,0.04
3587,0.04,0.04,0.04
3588,0.04,0.04,0.04
3589,0.04,0.04,0.04
3590,0.04,0.04,0.04
3591,0.04,0.04,0.04
3592,0.04,0.04,0.04
3593,0.04,0.04,0.04
3594,0.04,0.04,0.04
3595,0.04,0.04,0.04
3596,0.04,0.04,0.04
3597,0.04,0.04,0.04
3598,0.04,0.04,0.04
3599,0.04,0.04,0.04
3600,0.04,0.04,0.04
3601,0.04,0.04,0.04
3602,0.04,0.04,0.04
3603,0.04,0.04,0.04
3604,0.04,0.04,0.04
3605,0.04,0.04,0.04
3606,0.04,0.04,0.04
3607,0.04,0.04,0.04
3608,0.04,0.04,0.04
3609,0.04,0.04,0.04
3610,0.04,0.04,0.04
3611,0.04,0.04,0.04
3612,0.04,0.04,0.04
3613,0.04,0.04,0.04
3614,0.04,0.04,0.04
3615,0.04,0.04,0.04
3616,0.04,0.04,0.04
3617,0.04,0.04,0.04
3618,0.04,0.04,0.04
3619,0.04,0.04,0.04
3620,0.04,0.04,0.04
3621,0.04,0.04,0.04
3622,0.04,0.04,0.04
3623,0.04,0.04,0.04
3624,0.04,0.04,0.04
3625,0.04,0.04,0.04
3626,0.04,0.04,0.04
3627,0.04,0.04,0.04
3628,0.04,0.04,0.04
3629,0.04,0.04,0.04
3630,0.04,0.04,0.04
3631,0.04,0.04,0.04
3632,0.04,0.04,0.04
3633,0.04,0.04,0.04
3634,0.04,0.04,0.04
3635,0.04,0.04,0.04
3636,0.04,0.04,0.04
3637,0.04,0.04,0.04
3638,0.04,0.04,0.04
3639,0.04,0.04,0.04
3640,0.04,0.04,0.04
3641,0.04,0.04,0.04
3642,0.04,0.04,0.04
3643,0.04,0.04,0.04
3644,0.04,0.04,0.04
3645,0.04,0.04,0.04
3646,0.04,0.04,0.04
3647,0.04,0.04,0.04
3648,0.04,0.04,0.04
3649,0.04,0.04,0.04
3650,0.04,0.04,0.04
3651,0.04,0.04,0.04
3652,0.04,0.04,0.04
3653,0.04,0.04,0.04
3654,0.04,0.04,0.04
3655,0.04,0.04,0.04
3656,0.04,0.04,0.04
3657,0.04,0.04,0.04
3658,0.04,0.04,0.04
3659,0.04,0.04,0.04
3660,0.04,0.04,0.04
3661,0.04,0.04,0.04
3662,0.04,0.04,0.04
3663,0.04,0.04,0.04
3664,0.04,0.04,0.04
3665,0.04,0.04,0.04
3666,0.04,0.04,0.04
3667,0.04,0.04,0.04
3668,0.04,0.04,0.04
3669,0.04,0.04,0.04
3670,0.04,0.04,0.04
3671,0.04,0.04,0.04
3672,0.04,0.04,0.04
3673,0.04,0.04,0.04
3674,0.04,0.04,0.04
3675,0.04,0.04,0.04
3676,0.04,0.04,0.04
3677,0.04,0.04,0.04
3678,0.04,0.04,0.04
3679,0.04,0.04,0.04
3680,0.04,0.04,0.04
3681,0.04,0.04,0.04
3682,0.04,0.04,0.04
3683,0.04,0.04,0.04
3684,0.04,0.04,0.04
3685,0.04,0.04,0.04
3686,0.04,0.04,0.04
3687,0.04,0.04,0.04
3688,0.04,0.04,0.04
3689,0.04,0.04,0.04
3690,0.04,0.04,0.04
3691,0.04,0.04,0.04
3692,0.04,0.04,0.04
3693,0.04,0.04,0.04
3694,0.04,0.04,0.04
3695,0.04,0.04,0.04
3696,0.04,0.04,0.04
3697,0.04,0.04,0.04
3698,0.04,0.04,0.04
3699,0.04,0.04,0.04
3700,0.04,0.04,0.04
3701,0.04,0.04,0.04
3702,0.04,0.04,0.04
3703,0.04,0.04,0.04
3704,0.04,0.04,0.04
3705,0.04,0.04,0.04
3706,0.04,0.04,0.04
3707,0.04,0.04,0.04
3708,0.04,0.04,0.04
3709,0.04,0.04,0.04
3710,0.04,0.04,0.04
3711,0.04,0.04,0.04
3712,0.04,0.04,0.04
3713,0.04,0.04,0.04
3714,0.04,0.04,0.04
3715,0.04,0.04,0.04
3716,0.04,0.04,0.04
3717,0.04,0.04,0.04
3718,0.04,0.04,0.04
3719,0.04,0.04,0.04
3720,0.04,0.04,0.04
3721,0.04,0.04,0.04
3722,0.04,0.04,0.04
3723,0.04,0.04,0.04
3724,0.04,0.04,0.04
3725,0.04,0.04,0.04
3726,0.04,0.04,0.04
3727,0.04,0.04,0.04
3728,0.04,0.04,0.04
3729,0.04,0.04,0.04
3730,0.04,0.04,0.04
3731,0.04,0.04,0.04
3732,0.04,0.04,0.04
3733,0.04,0.04,0.04
3734,0.04,0.04,0.04
3735,0.04,0.04,0.04
3736,0.04,0.04,0.04
3737,0.04,0.04,0.04
3738,0.04,0.04,0.04
3739,0.04,0.04,0.04
3740,0.04,0.04,0.04
3741,0.04,0.04,0.04
3742,0.04,0.04,0.04
3743,0.04,0.04,0.04
3744,0.04,0.04,0.04
3745,0.04,0.04,0.04
3746,0.04,0.04,0.04
3747,0.04,0.04,0.04
3748,0.04,0.04,0.04
3749,0.04,0.04,0.04
3750,0.04,0.04,0.04
3751,0.04,0.04,0.04
3752,0.04,0.04,0.04
3753,0.04,0.04,0.04
3754,0.04,0.04,0.04
3755,0.04,0.04,0.04
3756,0.04,0.04,0.04
3757,0.04,0.04,0.04
3758,0.04,0.04,0.04
3759,0.04,0.04,0.04
3760,0.04,0.04,0.04
3761,0.04,0.04,0.04
3762,0.04,0.04,0.04
3763,0.04,0.04,0.04
3764,0.04,0.04,0.04
3765,0.04,0.04,0.04
3766,0.04,0.04,0.04
3767,0.04,0.04,0.04
3768,0.04,0.04,0.04
3769,0.04,0.04,0.04
3770,0.04,0.04,0.04
3771,0.04,0.04,0.04
3772,0.04,0.04,0.04
3773,0.04,0.04,0.04
3774,0.04,0.04,0.04
3775,0.04,0.04,0.04
3776,0.04,0.04,0.04
3777,0.04,0.04,0.04
3778,0.04,0.04,0.04
3779,0.04,0.04,0.04
3780,0.04,0.04,0.04
3781,0.04,0.04,0.04
3782,0.04,0.04,0.04
3783,0.04,0.04,0.04
3784,0.04,0.04,0.04
3785,0.04,0.04,0.04
3786,0.04,0.04,0.04
3787,0.04,0.04,0.04
3788,0.04,0.04,0.04
3789,0.04,0.04,0.04
3790,0.04,0.04,0.04
3791,0.04,0.04,0.04
3792,0.04,0.04,0.04
3793,0.04,0.04,0.04
3794,0.04,0.04,0.04
3795,0.04,0.04,0.04
3796,0.04,0.04,0.04
3797,0.04,0.04,0.04
3798,0.04,0.04,0.04
3799,0.04,0.04,0.04
3800,0.04,0.04,0.04
3801,0.04,0.04,0.04
3802,0.04,0.04,0.04
3803,0.04,0.04,0.04
3804,0.04,0.04,0.04
3805,0.04,0.04,0.04
3806,0.04,0.04,0.04
3807,0.04,0.04,0.04
3808,0.04,0.04,0.04
3809,0.04,0.04,0.04
3810,0.04,0.04,0.04
3811,0.04,0.04,0.04
3812,0.04,0.04,0.04
3813,0.04,0.04,0.04
3814,0.04,0.04,0.04
3815,0.04,0.04,0.04
3816,0.04,0.04,0.04
3817,0.04,0.04,0.04
3818,0.04,0.04,0.04
3819,0.04,0.04,0.04
3820,0.04,0.04,0.04
3821,0.04,0.04,0.04
3822,0.04,0.04,0.04
3823,0.04,0.04,0.04
3824,0.04,0.04,0.04
3825,0.04,0.04,0.04
3826,0.04,0.04,0.04
3827,0.04,0.04,0.04
3828,0.04,0.04,0.04
3829,0.04,0.04,0.04
3830,0.04,0.04,0.04
3831,0.04,0.04,0.04
3832,0.04,0.04,0.04
3833,0.04,0.04,0.04
3834,0.04,0.04,0.04
3835,0.04,0.04,0.04
3836,0.04,0.04,0.04
3837,0.04,0.04,0.04
3838,0.04,0.04,0.04
3839,0.04,0.04,0.04
3840,0.04,0.04,0.04
3841,0.04,0.04,0.04
3842,0.04,0.04,0.04
3843,0.04,0.04,0.04
3844,0.04,0.04,0.04
3845,0.04,0.04,0.04
3846,0.04,0.04,0.04
3847,0.04,0.04,0.04
3848,0.04,0.04,0.04
3849,0.04,0.04,0.04
3850,0.04,0.04,0.04
3851,0.04,0.04,0.04
3852,0.04,0.04,0.04
3853,0.04,0.04,0.04
3854,0.04,0.04,0.04
3855,0.04,0.04,0.04
3856,0.04,0.04,0.04
3857,0.04,0.04,0.04
3858,0.04,0.04,0.04
3859,0.04,0.04,0.04
3860,0.04,0.04,0.04
3861,0.04,0.04,0.04
3862,0.04,0.04,0.04
3863,0.04,0.04,0.04
3864,0.04,0.04,0.04
3865,0.04,0.04,0.04
3866,0.04,0.04,0.04
3867,0.04,0.04,0.04
3868,0.04,0.04,0.04
3869,0.04,0.04,0.04
3870,0.04,0.04,0.04
3871,0.04,0.04,0.04
3872,0.04,0.04,0.04
3873,0.04,0.04,0.04
3874,0.04,0.04,0.04
3875,0.04,0.04,0.04
3876,0.04,0.04,0.04
3877,0.04,0.04,0.04
3878,0.04,0.04,0.04
3879,0.04,0.04,0.04
3880,0.04,0.04,0.04
3881,0.04,0.04,0.04
3882,0.04,0.04,0.04
3883,0.04,0.04,0.04
3884,0.04,0.04,0.04
3885,0.04,0.04,0.04
3886,0.04,0.04,0.04
3887,0.04,0.04,0.04
3888,0.04,0.04,0.04
3889,0.04,0.04,0.04
3890,0.04,0.04,0.04
3891,0.04,0.04,0.04
3892,0.04,0.04,0.04
3893,0.04,0.04,0.04
3894,0.04,0.04,0.04
3895,0.04,0.04,0.04
3896,0.04,0.04,0.04
3897,0.04,0.04,0.04
3898,0.04,0.04,0.04
3899,0.04,0.04,0.04
3900,0.04,0.04,0.04
3901,0.04,0.04,0.04
3902,0.04,0.04,0.04
3903,0.04,0.04,0.04
3904,0.04,0.04,0.04
3905,0.04,0.04,0.04
3906,0.04,0.04,0.04
3907,0.04,0.04,0.04
3908,0.04,0.04,0.04
3909,0.04,0.04,0.04
3910,0.04,0.04,0.04
3911,0.04,0.04,0.04
3912,0.04,0.04,0.04
3913,0.04,0.04,0.04
3914,0.04,0.04,0.04
3915,0.04,0.04,0.04
3916,0.04,0.04,0.04
3917,0.04,0.04,0.04
3918,0.04,0.04,0.04
3919,0.04,0.04,0.04
3920,0.04,0.04,0.04
3921,0.04,0.04,0.04
3922,0.04,0.04,0.04
3923,0.04,0.04,0.04
3924,0.04,0.04,0.04
3925,0.04,0.04,0.04
3926,0.04,0.04,0.04
3927,0.04,0.04,0.04
3928,0.04,0.04,0.04
3929,0.04,0.04,0.04
3930,0.04,0.04,0.04
3931,0.04,0.04,0.04
3932,0.04,0.04,0.04
3933,0.04,0.04,0.04
3934,0.04,0.04,0.04
3935,0.04,0.04,0.04
3936,0.04,0.04,0.04
3937,0.04,0.04,0.04
3938,0.04,0.04,0.04
3939,0.04,0.04,0.04
3940,0.04,0.04,0.04
3941,0.04,0.04,0.04
3942,0.04,0.04,0.04
3943,0.04,0.04,0.04
3944,0.04,0.04,0.04
3945,0.04,0.04,0.04
3946,0.04,0.04,0.04
3947,0.04,0.04,0.04
3948,0.04,0.04,0.04
3949,0.04,0.04,0.04
3950,0.04,0.04,0.04
3951,0.04,0.04,0.04
3952,0.04,0.04,0.04
3953,0.04,0.04,0.04
3954,0.04,0.04,0.04
3955,0.04,0.04,0.04
3956,0.04,0.04,0.04
3957,0.04,0.04,0.04
3958,0.04,0.04,0.04
3959,0.04,0.04,0.04
3960,0.04,0.04,0.04
3961,0.04,0.04,0.04
3962,0.04,0.04,0.04
3963,0.04,0.04,0.04
3964,0.04,0.04,0.04
3965,0.04,0.04,0.04
3966,0.04,0.04,0.04
3967,0.04,0.04,0.04
3968,0.04,0.04,0.04
3969,0.04,0.04,0.04
3970,0.04,0.04,0.04
3971,0.04,0.04,0.04
3972,0.04,0.04,0.04
3973,0.04,0.04,0.04
3974,0.04,0.04,0.04
3975,0.04,0.04,0.04
3976,0.04,0.04,0.04
3977,0.04,0.04,0.04
3978,0.04,0.04,0.04
3979,0.04,0.04,0.04
3980,0.04,0.04,0.04
3981,0.04,0.04,0.04
3982,0.04,0.04,0.04
3983,0.04,0.04,0.04
3984,0.04,0.04,0.04
3985,0.04,0.04,0.04
3986,0.04,0.04,0.04
3987,0.04,0.04,0.04
3988,0.04,0.04,0.04
3989,0.04,0.04,0.04
3990,0.04,0.04,0.04
3991,0.04,0.04,0.04
3992,0.04,0.04,0.04
3993,0.04,0.04,0.04
3994,0.04,0.04,0.04
3995,0.04,0.04,0.04
3996,0.04,0.04,0.04
3997,0.04,0.04,0.04
3998,0.04,0.04,0.04
3999,0.04,0.04,0.04
4000,0.04,0.04,0.04
4001,0.04,0.04,0.04
4002,0.04,0.04,0.04
4003,0.04,0.04,0.04
4004,0.04,0.04,0.04
4005,0.04,0.04,0.04
4006,0.04,0.04,0.04
4007,0.04,0.04,0.04
4008,0.04,0.04,0.04
4009,0.04,0.04,0.04
4010,0.04,0.04,0.04
4011,0.04,0.04,0.04
4012,0.04,0.04,0.04
4013,0.04,0.04,0.04
4014,0.04,0.04,0.04
4015,0.04,0.04,0.04
4016,0.04,0.04,0.04
4017,0.04,0.04,0.04
4018,0.04,0.04,0.04
4019,0.04,0.04,0.04
4020,0.04,0.04,0.04
4021,0.04,0.04,0.04
4022,0.04,0.04,0.04
4023,0.04,0.04,0.04
4024,0.04,0.04,0.04
4025,0.04,0.04,0.04
4026,0.04,0.04,0.04
4027,0.04,0.04,0.04
4028,0.04,0.04,0.04
4029,0.04,0.04,0.04
4030,0.04,0.04,0.04
4031,0.04,0.04,0.04
4032,0.04,0.04,0.04
4033,0.04,0.04,0.04
4034,0.04,0.04,0.04
4035,0.04,0.04,0.04
4036,0.04,0.04,0.04
4037,0.04,0.04,0.04
4038,0.04,0.04,0.04
4039,0.04,0.04,0.04
4040,0.04,0.04,0.04
4041,0.04,0.04,0.04
4042,0.04,0.04,0.04
4043,0.04,0.04,0.04
4044,0.04,0.04,0.04
4045,0.04,0.04,0.04
4046,0.04,0.04,0.04
4047,0.04,0.04,0.04
4048,0.04,0.04,0.04
4049,0.04,0.04,0.04
4050,0.04,0.04,0.04
4051,0.04,0.04,0.04
4052,0.04,0.04,0.04
4053,0.04,0.04,0.04
4054,0.04,0.04,0.04
4055,0.04,0.04,0.04
4056,0.04,0.04,0.04
4057,0.04,0.04,0.04
4058,0.04,0.04,0.04
4059,0.04,0.04,0.04
4060,0.04,0.04,0.04
4061,0.04,0.04,0.04
4062,0.04,0.04,0.04
4063,0.04,0.04,0.04
4064,0.04,0.04,0.04
4065,0.04,0.04,0.04
4066,0.04,0.04,0.04
4067,0.04,0.04,0.04
4068,0.04,0.04,0.04
4069,0.04,0.04,0.04
4070,0.04,0.04,0.04
4071,0.04,0.04,0.04
4072,0.04,0.04,0.04
4073,0.04,0.04,0.04
4074,0.04,0.04,0.04
4075,0.04,0.04,0.04
4076,0.04,0.04,0.04
4077,0.04,0.04,0.04
4078,0.04,0.04,0.04
4079,0.04,0.04,0.04
4080,0.04,0.04,0.04
4081,0.04,0.04,0.04
4082,0.04,0.04,0.04
4083,0.04,0.04,0.04
4084,0.04,0.04,0.04
4085,0.04,0.04,0.04
4086,0.04,0.04,0.04
4087,0.04,0.04,0.04
4088,0.04,0.04,0.04
4089,0.04,0.04,0.04
4090,0.04,0.04,0.04
4091,0.04,0.04,0.04
4092,0.04,0.04,0.04
4093,0.04,0.04,0.04
4094,0.04,0.04,0.04
4095,0.04,0.04,0.04
4096,0.04,0.04,0.04
4097,0.04,0.04,0.04
4098,0.04,0.04,0.04
4099,0.04,0.04,0.04
4100,0.04,0.04,0.04
4101,0.04,0.04,0.04
4102,0.04,0.04,0.04
4103,0.04,0.04,0.04
4104,0.04,0.04,0.04
4105,0.04,0.04,0.04
4106,0.04,0.04,0.04
4107,0.04,0.04,0.04
4108,0.04,0.04,0.04
4109,0.04,0.04,0.04
4110,0.04,0.04,0.04
4111,0.04,0.04,0.04
4112,0.04,0.04,0.04
4113,0.04,0.04,0.04
4114,0.04,0.04,0.04
4115,0.04,0.04,0.04
4116,0.04,0.04,0.04
4117,0.04,0.04,0.04
4118,0.04,0.04,0.04
4119,0.04,0.04,0.04
4120,0.04,0.04,0.04
4121,0.04,0.04,0.04
4122,0.04,0.04,0.04
4123,0.04,0.04,0.04
4124,0.04,0.04,0.04
4125,0.04,0.04,0.04
4126,0.04,0.04,0.04
4127,0.04,0.04,0.04
4128,0.04,0.04,0.04
4129,0.04,0.04,0.04
4130,0.04,0.04,0.04
4131,0.04,0.04,0.04
4132,0.04,0.04,0.04
4133,0.04,0.04,0.04
4134,0.04,0.04,0.04
4135,0.04,0.04,0.04
4136,0.04,0.04,0.04
4137,0.04,0.04,0.04
4138,0.04,0.04,0.04
4139,0.04,0.04,0.04
4140,0.04,0.04,0.04
4141,0.04,0.04,0.04
4142,0.04,0.04,0.04
4143,0.04,0.04,0.04
4144,0.04,0.04,0.04
4145,0.04,0.04,0.04
4146,0.04,0.04,0.04
4147,0.04,0.04,0.04
4148,0.04,0.04,0.04
4149,0.04,0.04,0.04
4150,0.04,0.04,0.04
4151,0.04,0.04,0.04
4152,0.04,0.04,0.04
4153,0.04,0.04,0.04
4154,0.04,0.04,0.04
4155,0.04,0.04,0.04
4156,0.04,0.04,0.04
4157,0.04,0.04,0.04
4158,0.04,0.04,0.04
4159,0.04,0.04,0.04
4160,0.04,0.04,0.04
4161,0.04,0.04,0.04
4162,0.04,0.04,0.04
4163,0.04,0.04,0.04
4164,0.04,0.04,0.04
4165,0.04,0.04,0.04
4166,0.04,0.04,0.04
4167,0.04,0.04,0.04
4168,0.04,0.04,0.04
4169,0.04,0.04,0.04
4170,0.04,0.04,0.04
4171,0.04,0.04,0.04
4172,0.04,0.04,0.04
4173,0.04,0.04,0.04
4174,0.04,0.04,0.04
4175,0.04,0.04,0.04
4176,0.04,0.04,0.04
4177,0.04,0.04,0.04
4178,0.04,0.04,0.04
4179,0.04,0.04,0.04
4180,0.04,0.04,0.04
4181,0.04,0.04,0.04
4182,0.04,0.04,0.04
4183,0.04,0.04,0.04
4184,0.04,0.04,0.04
4185,0.04,0.04,0.04
4186,0.04,0.04,0.04
4187,0.04,0.04,0.04
4188,0.04,0.04,0.04
4189,0.04,0.04,0.04
4190,0.04,0.04,0.04
4191,0.04,0.04,0.04
4192,0.04,0.04,0.04
4193,0.04,0.04,0.04
4194,0.04,0.04,0.04
4195,0.04,0.04,0.04
4196,0.04,0.04,0.04
4197,0.04,0.04,0.04
4198,0.04,0.04,0.04
4199,0.04,0.04,0.04
4200,0.04,0.04,0.04
4201,0.04,0.04,0.04
4202,0.04,0.04,0.04
4203,0.04,0.04,0.04
4204,0.04,0.04,0.04
4205,0.04,0.04,0.04
4206,0.04,0.04,0.04
4207,0.04,0.04,0.04
4208,0.04,0.04,0.04
4209,0.04,0.04,0.04
4210,0.04,0.04,0.04
4211,0.04,0.04,0.04
4212,0.04,0.04,0.04
4213,0.04,0.04,0.04
4214,0.04,0.04,0.04
4215,0.04,0.04,0.04
4216,0.04,0.04,0.04
4217,0.04,0.04,0.04
4218,0.04,0.04,0.04
4219,0.04,0.04,0.04
4220,0.04,0.04,0.04
4221,0.04,0.04,0.04
4222,0.04,0.04,0.04
4223,0.04,0.04,0.04
4224,0.04,0.04,0.04
4225,0.04,0.04,0.04
4226,0.04,0.04,0.04
4227,0.04,0.04,0.04
4228,0.04,0.04,0.04
4229,0.04,0.04,0.04
4230,0.04,0.04,0.04
4231,0.04,0.04,0.04
4232,0.04,0.04,0.04
4233,0.04,0.04,0.04
4234,0.04,0.04,0.04
4235,0.04,0.04,0.04
4236,0.04,0.04,0.04
4237,0.04,0.04,0.04
4238,0.04,0.04,0.04
4239,0.04,0.04,0.04
4240,0.04,0.04,0.04
4241,0.04,0.04,0.04
4242,0.04,0.04,0.04
4243,0.04,0.04,0.04
4244,0.04,0.04,0.04
4245,0.04,0.04,0.04
4246,0.04,0.04,0.04
4247,0.04,0.04,0.04
4248,0.04,0.04,0.04
4249,0.04,0.04,0.04
4250,0.04,0.04,0.04
4251,0.04,0.04,0.04
4252,0.04,0.04,0.04
4253,0.04,0.04,0.04
4254,0.04,0.04,0.04
4255,0.04,0.04,0.04
4256,0.04,0.04,0.04
4257,0.04,0.04,0.04
4258,0.04,0.04,0.04
4259,0.04,0.04,0.04
4260,0.04,0.04,0.04
4261,0.04,0.04,0.04
4262,0.04,0.04,0.04
4263,0.04,0.04,0.04
4264,0.04,0.04,0.04
4265,0.04,0.04,0.04
4266,0.04,0.04,0.04
4267,0.04,0.04,0.04
4268,0.04,0.04,0.04
4269,0.04,0.04,0.04
4270,0.04,0.04,0.04
4271,0.04,0.04,0.04
4272,0.04,0.04,0.04
4273,0.04,0.04,0.04
4274,0.04,0.04,0.04
4275,0.04,0.04,0.04
4276,0.04,0.04,0.04
4277,0.04,0.04,0.04
4278,0.04,0.04,0.04
4279,0.04,0.04,0.04
4280,0.04,0.04,0.04
4281,0.04,0.04,0.04
4282,0.04,0.04,0.04
4283,0.04,0.04,0.04
4284,0.04,0.04,0.04
4285,0.04,0.04,0.04
4286,0.04,0.04,0.04
4287,0.04,0.04,0.04
4288,0.04,0.04,0.04
4289,0.04,0.04,0.04
4290,0.04,0.04,0.04
4291,0.04,0.04,0.04
4292,0.04,0.04,0.04
4293,0.04,0.04,0.04
4294,0.04,0.04,0.04
4295,0.04,0.04,0.04
4296,0.04,0.04,0.04
4297,0.04,0.04,0.04
4298,0.04,0.04,0.04
4299,0.04,0.04,0.04
4300,0.04,0.04,0.04
4301,0.04,0.04,0.04
4302,0.04,0.04,0.04
4303,0.04,0.04,0.04
4304,0.04,0.04,0.04
4305,0.04,0.04,0.04
4306,0.04,0.04,0.04
4307,0.04,0.04,0.04
4308,0.04,0.04,0.04
4309,0.04,0.04,0.04
4310,0.04,0.04,0.04
4311,0.04,0.04,0.04
4312,0.04,0.04,0.04
4313,0.04,0.04,0.04
4314,0.04,0.04,0.04
4315,0.04,0.04,0.04
4316,0.04,0.04,0.04
4317,0.04,0.04,0.04
4318,0.04,0.04,0.04
4319,0.04,0.04,0.04
4320,0.04,0.04,0.04
4321,0.04,0.04,0.04
4322,0.04,0.04,0.04
4323,0.04,0.04,0.04
4324,0.04,0.04,0.04
4325,0.04,0.04,0.04
4326,0.04,0.04,0.04
4327,0.04,0.04,0.04
4328,0.04,0.04,0.04
4329,0.04,0.04,0.04
4330,0.04,0.04,0.04
4331,0.04,0.04,0.04
4332,0.04,0.04,0.04
4333,0.04,0.04,0.04
4334,0.04,0.04,0.04
4335,0.04,0.04,0.04
4336,0.04,0.04,0.04
4337,0.04,0.04,0.04
4338,0.04,0.04,0.04
4339,0.04,0.04,0.04
4340,0.04,0.04,0.04
4341,0.04,0.04,0.04
4342,0.04,0.04,0.04
4343,0.04,0.04,0.04
4344,0.04,0.04,0.04
4345,0.04,0.04,0.04
4346,0.04,0.04,0.04
4347,0.04,0.04,0.04
4348,0.04,0.04,0.04
4349,0.04,0.04,0.04
4350,0.04,0.04,0.04
4351,0.04,0.04,0.04
4352,0.04,0.04,0.04
4353,0.04,0.04,0.04
4354,0.04,0.04,0.04
4355,0.04,0.04,0.04
4356,0.04,0.04,0.04
4357,0.04,0.04,0.04
4358,0.04,0.04,0.04
4359,0.04,0.04,0.04
4360,0.04,0.04,0.04
4361,0.04,0.04,0.04
4362,0.04,0.04,0.04
4363,0.04,0.04,0.04
4364,0.04,0.04,0.04
4365,0.04,0.04,0.04
4366,0.04,0.04,0.04
4367,0.04,0.04,0.04
4368,0.04,0.04,0.04
4369,0.04,0.04,0.04
4370,0.04,0.04,0.04
4371,0.04,0.04,0.04
4372,0.04,0.04,0.04
4373,0.04,0.04,0.04
4374,0.04,0.04,0.04
4375,0.04,0.04,0.04
4376,0.04,0.04,0.04
4377,0.04,0.04,0.04
4378,0.04,0.04,0.04
4379,0.04,0.04,0.04
4380,0.04,0.04,0.04
4381,0.04,0.04,0.04
4382,0.04,0.04,0.04
4383,0.04,0.04,0.04
4384,0.04,0.04,0.04
4385,0.04,0.04,0.04
4386,0.04,0.04,0.04
4387,0.04,0.04,0.04
4388,0.04,0.04,0.04
4389,0.04,0.04,0.04
4390,0.04,0.04,0.04
4391,0.04,0.04,0.04
4392,0.04,0.04,0.04
4393,0.04,0.04,0.04
4394,0.04,0.04,0.04
4395,0.04,0.04,0.04
4396,0.04,0.04,0.04
4397,0.04,0.04,0.04
4398,0.04,0.04,0.04
4399,0.04,0.04,0.04
4400,0.04,0.04,0.04
4401,0.04,0.04,0.04
4402,0.04,0.04,0.04
4403,0.04,0.04,0.04
4404,0.04,0.04,0.04
4405,0.04,0.04,0.04
4406,0.04,0.04,0.04
4407,0.04,0.04,0.04
4408,0.04,0.04,0.04
4409,0.04,0.04,0.04
4410,0.04,0.04,0.04
4411,0.04,0.04,0.04
4412,0.04,0.04,0.04
4413,0.04,0.04,0.04
4414,0.04,0.04,0.04
4415,0.04,0.04,0.04
4416,0.04,0.04,0.04
4417,0.04,0.04,0.04
4418,0.04,0.04,0.04
4419,0.04,0.04,0.04
4420,0.04,0.04,0.04
4421,0.04,0.04,0.04
4422,0.04,0.04,0.04
4423,0.04,0.04,0.04
4424,0.04,0.04,0.04
4425,0.04,0.04,0.04
4426,0.04,0.04,0.04
4427,0.04,0.04,0.04
4428,0.04,0.04,0.04
4429,0.04,0.04,0.04
4430,0.04,0.04,0.04
4431,0.04,0.04,0.04
4432,0.04,0.04,0.04
4433,0.04,0.04,0.04
4434,0.04,0.04,0.04
4435,0.04,0.04,0.04
4436,0.04,0.04,0.04
4437,0.04,0.04,0.04
4438,0.04,0.04,0.04
4439,0.04,0.04,0.04
4440,0.04,0.04,0.04
4441,0.04,0.04,0.04
4442,0.04,0.04,0.04
4443,0.04,0.04,0.04
4444,0.04,0.04,0.04
4445,0.04,0.04,0.04
4446,0.04,0.04,0.04
4447,0.04,0.04,0.04
4448,0.04,0.04,0.04
4449,0.04,0.04,0.04
4450,0.04,0.04,0.04
4451,0.04,0.04,0.04
4452,0.04,0.04,0.04
4453,0.04,0.04,0.04
4454,0.04,0.04,0.04
4455,0.04,0.04,0.04
4456,0.04,0.04,0.04
4457,0.04,0.04,0.04
4458,0.04,0.04,0.04
4459,0.04,0.04,0.04
4460,0.04,0.04,0.04
4461,0.04,0.04,0.04
4462,0.04,0.04,0.04
4463,0.04,0.04,0.04
4464,0.04,0.04,0.04
4465,0.04,0.04,0.04
4466,0.04,0.04,0.04
4467,0.04,0.04,0.04
4468,0.04,0.04,0.04
4469,0.04,0.04,0.04
4470,0.04,0.04,0.04
4471,0.04,0.04,0.04
4472,0.04,0.04,0.04
4473,0.04,0.04,0.04
4474,0.04,0.04,0.04
4475,0.04,0.04,0.04
4476,0.04,0.04,0.04
4477,0.04,0.04,0.04
4478,0.04,0.04,0.04
4479,0.04,0.04,0.04
4480,0.04,0.04,0.04
4481,0.04,0.04,0.04
4482,0.04,0.04,0.04
4483,0.04,0.04,0.04
4484,0.04,0.04,0.04
4485,0.04,0.04,0.04
4486,0.04,0.04,0.04
4487,0.04,0.04,0.04
4488,0.04,0.04,0.04
4489,0.04,0.04,0.04
4490,0.04,0.04,0.04
4491,0.04,0.04,0.04
4492,0.04,0.04,0.04
4493,0.04,0.04,0.04
4494,0.04,0.04,0.04
4495,0.04,0.04,0.04
4496,0.04,0.04,0.04
4497,0.04,0.04,0.04
4498,0.04,0.04,0.04
4499,0.04,0.04,0.04
4500,0.04,0.04,0.04
4501,0.04,0.04,0.04
4502,0.04,0.04,0.04
4503,0.04,0.04,0.04
4504,0.04,0.04,0.04
4505,0.04,0.04,0.04
4506,0.04,0.04,0.04
4507,0.04,0.04,0.04
4508,0.04,0.04,0.04
4509,0.04,0.04,0.04
4510,0.04,0.04,0.04
4511,0.04,0.04,0.04
4512,0.04,0.04,0.04
4513,0.04,0.04,0.04
4514,0.04,0.04,0.04
4515,0.04,0.04,0.04
4516,0.04,0.04,0.04
4517,0.04,0.04,0.04
4518,0.04,0.04,0.04
4519,0.04,0.04,0.04
4520,0.04,0.04,0.04
4521,0.04,0.04,0.04
4522,0.04,0.04,0.04
4523,0.04,0.04,0.04
4524,0.04,0.04,0.04
4525,0.04,0.04,0.04
4526,0.04,0.04,0.04
4527,0.04,0.04,0.04
4528,0.04,0.04,0.04
4529,0.04,0.04,0.04
4530,0.04,0.04,0.04
4531,0.04,0.04,0.04
4532,0.04,0.04,0.04
4533,0.04,0.04,0.04
4534,0.04,0.04,0.04
4535,0.04,0.04,0.04
4536,0.04,0.04,0.04
4537,0.04,0.04,0.04
4538,0.04,0.04,0.04
4539,0.04,0.04,0.04
4540,0.04,0.04,0.04
4541,0.04,0.04,0.04
4542,0.04,0.04,0.04
4543,0.04,0.04,0.04
4544,0.04,0.04,0.04
4545,0.04,0.04,0.04
4546,0.04,0.04,0.04
4547,0.04,0.04,0.04
4548,0.04,0.04,0.04
4549,0.04,0.04,0.04
4550,0.04,0.04,0.04
4551,0.04,0.04,0.04
4552,0.04,0.04,0.04
4553,0.04,0.04,0.04
4554,0.04,0.04,0.04
4555,0.04,0.04,0.04
4556,0.04,0.04,0.04
4557,0.04,0.04,0.04
4558,0.04,0.04,0.04
4559,0.04,0.04,0.04
4560,0.04,0.04,0.04
4561,0.04,0.04,0.04
4562,0.04,0.04,0.04
4563,0.04,0.04,0.04
4564,0.04,0.04,0.04
4565,0.04,0.04,0.04
4566,0.04,0.04,0.04
4567,0.04,0.04,0.04
4568,0.04,0.04,0.04
4569,0.04,0.04,0.04
4570,0.04,0.04,0.04
4571,0.04,0.04,0.04
4572,0.04,0.04,0.04
4573,0.04,0.04,0.04
4574,0.04,0.04,0.04
4575,0.04,0.04,0.04
4576,0.04,0.04,0.04
4577,0.04,0.04,0.04
4578,0.04,0.04,0.04
4579,0.04,0.04,0.04
4580,0.04,0.04,0.04
4581,0.04,0.04,0.04
4582,0.04,0.04,0.04
4583,0.04,0.04,0.04
4584,0.04,0.04,0.04
4585,0.04,0.04,0.04
4586,0.04,0.04,0.04
4587,0.04,0.04,0.04
4588,0.04,0.04,0.04
4589,0.04,0.04,0.04
4590,0.04,0.04,0.04
4591,0.04,0.04,0.04
4592,0.04,0.04,0.04
4593,0.04,0.04,0.04
4594,0.04,0.04,0.04
4595,0.04,0.04,0.04
4596,0.04,0.04,0.04
4597,0.04,0.04,0.04
4598,0.04,0.04,0.04
4599,0.04,0.04,0.04
4600,0.04,0.04,0.04
4601,0.04,0.04,0.04
4602,0.04,0.04,0.04
4603,0.04,0.04,0.04
4604,0.04,0.04,0.04
4605,0.04,0.04,0.04
4606,0.04,0.04,0.04
4607,0.04,0.04,0.04
4608,0.04,0.04,0.04
4609,0.04,0.04,0.04
4610,0.04,0.04,0.04
4611,0.04,0.04,0.04
4612,0.04,0.04,0.04
4613,0.04,0.04,0.04
4614,0.04,0.04,0.04
4615,0.04,0.04,0.04
4616,0.04,0.04,0.04
4617,0.04,0.04,0.04
4618,0.04,0.04,0.04
4619,0.04,0.04,0.04
4620,0.04,0.04,0.04
4621,0.04,0.04,0.04
4622,0.04,0.04,0.04
4623,0.04,0.04,0.04
4624,0.04,0.04,0.04
4625,0.04,0.04,0.04
4626,0.04,0.04,0.04
4627,0.04,0.04,0.04
4628,0.04,0.04,0.04
4629,0.04,0.04,0.04
4630,0.04,0.04,0.04
4631,0.04,0.04,0.04
4632,0.04,0.04,0.04
4633,0.04,0.04,0.04
4634,0.04,0.04,0.04
4635,0.04,0.04,0.04
4636,0.04,0.04,0.04
4637,0.04,0.04,0.04
4638,0.04,0.04,0.04
4639,0.04,0.04,0.04
4640,0.04,0.04,0.04
4641,0.04,0.04,0.04
4642,0.04,0.04,0.04
4643,0.04,0.04,0.04
4644,0.04,0.04,0.04
4645,0.04,0.04,0.04
4646,0.04,0.04,0.04
4647,0.04,0.04,0.04
4648,0.04,0.04,0.04
4649,0.04,0.04,0.04
4650,0.04,0.04,0.04
4651,0.04,0.04,0.04
4652,0.04,0.04,0.04
4653,0.04,0.04,0.04
4654,0.04,0.04,0.04
4655,0.04,0.04,0.04
4656,0.04,0.04,0.04
4657,0.04,0.04,0.04
4658,0.04,0.04,0.04
4659,0.04,0.04,0.04
4660,0.04,0.04,0.04
4661,0.04,0.04,0.04
4662,0.04,0.04,0.04
4663,0.04,0.04,0.04
4664,0.04,0.04,0.04
4665,0.04,0.04,0.04
4666,0.04,0.04,0.04
4667,0.04,0.04,0.04
4668,0.04,0.04,0.04
4669,0.04,0.04,0.04
4670,0.04,0.04,0.04
4671,0.04,0.04,0.04
4672,0.04,0.04,0.04
4673,0.04,0.04,0.04
4674,0.04,0.04,0.04
4675,0.04,0.04,0.04
4676,0.04,0.04,0.04
4677,0.04,0.04,0.04
4678,0.04,0.04,0.04
4679,0.04,0.04,0.04
4680,0.04,0.04,0.04
4681,0.04,0.04,0.04
4682,0.04,0.04,0.04
4683,0.04,0.04,0.04
4684,0.04,0.04,0.04
4685,0.04,0.04,0.04
4686,0.04,0.04,0.04
4687,0.04,0.04,0.04
4688,0.04,0.04,0.04
4689,0.04,0.04,0.04
4690,0.04,0.04,0.04
4691,0.04,0.04,0.04
4692,0.04,0.04,0.04
4693,0.04,0.04,0.04
4694,0.04,0.04,0.04
4695,0.04,0.04,0.04
4696,0.04,0.04,0.04
4697,0.04,0.04,0.04
4698,0.04,0.04,0.04
4699,0.04,0.04,0.04
4700,0.04,0.04,0.04
4701,0.04,0.04,0.04
4702,0.04,0.04,0.04
4703,0.04,0.04,0.04
4704,0.04,0.04,0.04
4705,0.04,0.04,0.04
4706,0.04,0.04,0.04
4707,0.04,0.04,0.04
4708,0.04,0.04,0.04
4709,0.04,0.04,0.04
4710,0.04,0.04,0.04
4711,0.04,0.04,0.04
4712,0.04,0.04,0.04
4713,0.04,0.04,0.04
4714,0.04,0.04,0.04
4715,0.04,0.04,0.04
4716,0.04,0.04,0.04
4717,0.04,0.04,0.04
4718,0.04,0.04,0.04
4719,0.04,0.04,0.04
4720,0.04,0.04,0.04
4721,0.04,0.04,0.04
4722,0.04,0.04,0.04
4723,0.04,0.04,0.04
4724,0.04,0.04,0.04
4725,0.04,0.04,0.04
4726,0.04,0.04,0.04
4727,0.04,0.04,0.04
4728,0.04,0.04,0.04
4729,0.04,0.04,0.04
4730,0.04,0.04,0.04
4731,0.04,0.04,0.04
4732,0.04,0.04,0.04
4733,0.04,0.04,0.04
4734,0.04,0.04,0.04
4735,0.04,0.04,0.04
4736,0.04,0.04,0.04
4737,0.04,0.04,0.04
4738,0.04,0.04,0.04
4739,0.04,0.04,0.04
4740,0.04,0.04,0.04
4741,0.04,0.04,0.04
4742,0.04,0.04,0.04
4743,0.04,0.04,0.04
4744,0.04,0.04,0.04
4745,0.04,0.04,0.04
4746,0.04,0.04,0.04
4747,0.04,0.04,0.04
4748,0.04,0.04,0.04
4749,0.04,0.04,0.04
4750,0.04,0.04,0.04
4751,0.04,0.04,0.04
4752,0.04,0.04,0.04
4753,0.04,0.04,0.04
4754,0.04,0.04,0.04
4755,0.04,0.04,0.04
4756,0.04,0.04,0.04
4757,0.04,0.04,0.04
4758,0.04,0.04,0.04
4759,0.04,0.04,0.04
4760,0.04,0.04,0.04
4761,0.04,0.04,0.04
4762,0.04,0.04,0.04
4763,0.04,0.04,0.04
4764,0.04,0.04,0.04
4765,0.04,0.04,0.04
4766,0.04,0.04,0.04
4767,0.04,0.04,0.04
4768,0.04,0.04,0.04
4769,0.04,0.04,0.04
4770,0.04,0.04,0.04
4771,0.04,0.04,0.04
4772,0.04,0.04,0.04
4773,0.04,0.04,0.04
4774,0.04,0.04,0.04
4775,0.04,0.04,0.04
4776,0.04,0.04,0.04
4777,0.04,0.04,0.04
4778,0.04,0.04,0.04
4779,0.04,0.04,0.04
4780,0.04,0.04,0.04
4781,0.04,0.04,0.04
4782,0.04,0.04,0.04
4783,0.04,0.04,0.04
4784,0.04,0.04,0.04
4785,0.04,0.04,0.04
4786,0.04,0.04,0.04
4787,0.04,0.04,0.04
4788,0.04,0.04,0.04
4789,0.04,0.04,0.04
4790,0.04,0.04,0.04
4791,0.04,0.04,0.04
4792,0.04,0.04,0.04
4793,0.04,0.04,0.04
4794,0.04,0.04,0.04
4795,0.04,0.04,0.04
4796,0.04,0.04,0.04
4797,0.04,0.04,0.04
4798,0.04,0.04,0.04
4799,0.04,0.04,0.04
4800,0.04,0.04,0.04
4801,0.04,0.04,0.04
4802,0.04,0.04,0.04
4803,0.04,0.04,0.04
4804,0.04,0.04,0.04
4805,0.04,0.04,0.04
4806,0.04,0.04,0.04
4807,0.04,0.04,0.04
4808,0.04,0.04,0.04
4809,0.04,0.04,0.04
4810,0.04,0.04,0.04
4811,0.04,0.04,0.04
4812,0.04,0.04,0.04
4813,0.04,0.04,0.04
4814,0.04,0.04,0.04
4815,0.04,0.04,0.04
4816,0.04,0.04,0.04
4817,0.04,0.04,0.04
4818,0.04,0.04,0.04
4819,0.04,0.04,0.04
4820,0.04,0.04,0.04
4821,0.04,0.04,0.04
4822,0.04,0.04,0.04
4823,0.04,0.04,0.04
4824,0.04,0.04,0.04
4825,0.04,0.04,0.04
4826,0.04,0.04,0.04
4827,0.04,0.04,0.04
4828,0.04,0.04,0.04
4829,0.04,0.04,0.04
4830,0.04,0.04,0.04
4831,0.04,0.04,0.04
4832,0.04,0.04,0.04
4833,0.04,0.04,0.04
4834,0.04,0.04,0.04
4835,0.04,0.04,0.04
4836,0.04,0.04,0.04
4837,0.04,0.04,0.04
4838,0.04,0.04,0.04
4839,0.04,0.04,0.04
4840,0.04,0.04,0.04
4841,0.04,0.04,0.04
4842,0.04,0.04,0.04
4843,0.04,0.04,0.04
4844,0.04,0.04,0.04
4845,0.04,0.04,0.04
4846,0.04,0.04,0.04
4847,0.04,0.04,0.04
4848,0.04,0.04,0.04
4849,0.04,0.04,0.04
4850,0.04,0.04,0.04
4851,0.04,0.04,0.04
4852,0.04,0.04,0.04
4853,0.04,0.04,0.04
4854,0.04,0.04,0.04
4855,0.04,0.04,0.04
4856,0.04,0.04,0.04
4857,0.04,0.04,0.04
4858,0.04,0.04,0.04
4859,0.04,0.04,0.04
4860,0.04,0.04,0.04
4861,0.04,0.04,0.04
4862,0.04,0.04,0.04
4863,0.04,0.04,0.04
4864,0.04,0.04,0.04
4865,0.04,0.04,0.04
4866,0.04,0.04,0.04
4867,0.04,0.04,0.04
4868,0.04,0.04,0.04
4869,0.04,0.04,0.04
4870,0.04,0.04,0.04
4871,0.04,0.04,0.04
4872,0.04,0.04,0.04
4873,0.04,0.04,0.04
4874,0.04,0.04,0.04
4875,0.04,0.04,0.04
4876,0.04,0.04,0.04
4877,0.04,0.04,0.04
4878,0.04,0.04,0.04
4879,0.04,0.04,0.04
4880,0.04,0.04,0.04
4881,0.04,0.04,0.04
4882,0.04,0.04,0.04
4883,0.04,0.04,0.04
4884,0.04,0.04,0.04
4885,0.04,0.04,0.04
4886,0.04,0.04,0.04
4887,0.04,0.04,0.04
4888,0.04,0.04,0.04
4889,0.04,0.04,0.04
4890,0.04,0.04,0.04
4891,0.04,0.04,0.04
4892,0.04,0.04,0.04
4893,0.04,0.04,0.04
4894,0.04,0.04,0.04
4895,0.04,0.04,0.04
4896,0.04,0.04,0.04
4897,0.04,0.04,0.04
4898,0.04,0.04,0.04
4899,0.04,0.04,0.04
4900,0.04,0.04,0.04
4901,0.04,0.04,0.04
4902,0.04,0.04,0.04
4903,0.04,0.04,0.04
4904,0.04,0.04,0.04
4905,0.04,0.04,0.04
4906,0.04,0.04,0.04
4907,0.04,0.04,0.04
4908,0.04,0.04,0.04
4909,0.04,0.04,0.04
4910,0.04,0.04,0.04
4911,0.04,0.04,0.04
4912,0.04,0.04,0.04
4913,0.04,0.04,0.04
4914,0.04,0.04,0.04
4915,0.04,0.04,0.04
4916,0.04,0.04,0.04
4917,0.04,0.04,0.04
4918,0.04,0.04,0.04
4919,0.04,0.04,0.04
4920,0.04,0.04,0.04
4921,0.04,0.04,0.04
4922,0.04,0.04,0.04
4923,0.04,0.04,0.04
4924,0.04,0.04,0.04
4925,0.04,0.04,0.04
4926,0.04,0.04,0.04
4927,0.04,0.04,0.04
4928,0.04,0.04,0.04
4929,0.04,0.04,0.04
4930,0.04,0.04,0.04
4931,0.04,0.04,0.04
4932,0.04,0.04,0.04
4933,0.04,0.04,0.04
4934,0.04,0.04,0.04
4935,0.04,0.04,0.04
4936,0.04,0.04,0.04
4937,0.04,0.04,0.04
4938,0.04,0.04,0.04
4939,0.04,0.04,0.04
4940,0.04,0.04,0.04
4941,0.04,0.04,0.04
4942,0.04,0.04,0.04
4943,0.04,0.04,0.04
4944,0.04,0.04,0.04
4945,0.04,0.04,0.04
4946,0.04,0.04,0.04
4947,0.04,0.04,0.04
4948,0.04,0.04,0.04
4949,0.04,0.04,0.04
4950,0.04,0.04,0.04
4951,0.04,0.04,0.04
4952,0.04,0.04,0.04
4953,0.04,0.04,0.04
4954,0.04,0.04,0.04
4955,0.04,0.04,0.04
4956,0.04,0.04,0.04
4957,0.04,0.04,0.04
4958,0.04,0.04,0.04
4959,0.04,0.04,0.04
4960,0.04,0.04,0.04
4961,0.04,0.04,0.04
4962,0.04,0.04,0.04
4963,0.04,0.04,0.04
4964,0.04,0.04,0.04
4965,0.04,0.04,0.04
4966,0.04,0.04,0.04
4967,0.04,0.04,0.04
4968,0.04,0.04,0.04
4969,0.04,0.04,0.04
4970,0.04,0.04,0.04
4971,0.04,0.04,0.04
4972,0.04,0.04,0.04
4973,0.04,0.04,0.04
4974,0.04,0.04,0.04
4975,0.04,0.04,0.04
4976,0.04,0.04,0.04
4977,0.04,0.04,0.04
4978,0.04,0.04,0.04
4979,0.04,0.04,0.04
4980,0.04,0.04,0.04
4981,0.04,0.04,0.04
4982,0.04,0.04,0.04
4983,0.04,0.04,0.04
4984,0.04,0.04,0.04
4985,0.04,0.04,0.04
4986,0.04,0.04,0.04
4987,0.04,0.04,0.04
4988,0.04,0.04,0.04
4989,0.04,0.04,0.04
4990,0.04,0.04,0.04
4991,0.04,0.04,0.04
4992,0.04,0.04,0.04
4993,0.04,0.04,0.04
4994,0.04,0.04,0.04
4995,0.04,0.04,0.04
4996,0.04,0.04,0.04
4997,0.04,0.04,0.04
4998,0.04,0.04,0.04
4999,0.04,0.04,0.04
5000,0.04,0.04,0.04
5001,0.04,0.04,0.04
5002,0.04,0.04,0.04
5003,0.04,0.04,0.04
5004,0.04,0.04,0.04
5005,0.04,0.04,0.04
5006,0.04,0.04,0.04
5007,0.04,0.04,0.04
5008,0.04,0.04,0.04
5009,0.04,0.04,0.04
5010,0.04,0.04,0.04
5011,0.04,0.04,0.04
5012,0.04,0.04,0.04
5013,0.04,0.04,0.04
5014,0.04,0.04,0.04
5015,0.04,0.04,0.04
5016,0.04,0.04,0.04
5017,0.04,0.04,0.04
5018,0.04,0.04,0.04
5019,0.04,0.04,0.04
5020,0.04,0.04,0.04
5021,0.04,0.04,0.04
5022,0.04,0.04,0.04
5023,0.04,0.04,0.04
5024,0.04,0.04,0.04
5025,0.04,0.04,0.04
5026,0.04,0.04,0.04
5027,0.04,0.04,0.04
5028,0.04,0.04,0.04
5029,0.04,0.04,0.04
5030,0.04,0.04,0.04
5031,0.04,0.04,0.04
5032,0.04,0.04,0.04
5033,0.04,0.04,0.04
5034,0.04,0.04,0.04
5035,0.04,0.04,0.04
5036,0.04,0.04,0.04
5037,0.04,0.04,0.04
5038,0.04,0.04,0.04
5039,0.04,0.04,0.04
5040,0.04,0.04,0.04
5041,0.04,0.04,0.04
5042,0.04,0.04,0.04
5043,0.04,0.04,0.04
5044,0.04,0.04,0.04
5045,0.04,0.04,0.04
5046,0.04,0.04,0.04
5047,0.04,0.04,0.04
5048,0.04,0.04,0.04
5049,0.04,0.04,0.04
5050,0.04,0.04,0.04
5051,0.04,0.04,0.04
5052,0.04,0.04,0.04
5053,0.04,0.04,0.04
5054,0.04,0.04,0.04
5055,0.04,0.04,0.04
5056,0.04,0.04,0.04
5057,0.04,0.04,0.04
5058,0.04,0.04,0.04
5059,0.04,0.04,0.04
5060,0.04,0.04,0.04
5061,0.04,0.04,0.04
5062,0.04,0.04,0.04
5063,0.04,0.04,0.04
5064,0.04,0.04,0.04
5065,0.04,0.04,0.04
5066,0.04,0.04,0.04
5067,0.04,0.04,0.04
5068,0.04,0.04,0.04
5069,0.04,0.04,0.04
5070,0.04,0.04,0.04
5071,0.04,0.04,0.04
5072,0.04,0.04,0.04
5073,0.04,0.04,0.04
5074,0.04,0.04,0.04
5075,0.04,0.04,0.04
5076,0.04,0.04,0.04
5077,0.04,0.04,0.04
5078,0.04,0.04,0.04
5079,0.04,0.04,0.04
5080,0.04,0.04,0.04
5081,0.04,0.04,0.04
5082,0.04,0.04,0.04
5083,0.04,0.04,0.04
5084,0.04,0.04,0.04
5085,0.04,0.04,0.04
5086,0.04,0.04,0.04
5087,0.04,0.04,0.04
5088,0.04,0.04,0.04
5089,0.04,0.04,0.04
5090,0.04,0.04,0.04
5091,0.04,0.04,0.04
5092,0.04,0.04,0.04
5093,0.04,0.04,0.04
5094,0.04,0.04,0.04
5095,0.04,0.04,0.04
5096,0.04,0.04,0.04
5097,0.04,0.04,0.04
5098,0.04,0.04,0.04
5099,0.04,0.04,0.04
5100,0.04,0.04,0.04
5101,0.04,0.04,0.04
5102,0.04,0.04,0.04
5103,0.04,0.04,0.04
5104,0.04,0.04,0.04
5105,0.04,0.04,0.04
5106,0.04,0.04,0.04
5107,0.04,0.04,0.04
5108,0.04,0.04,0.04
5109,0.04,0.04,0.04
5110,0.04,0.04,0.04
5111,0.04,0.04,0.04
5112,0.04,0.04,0.04
5113,0.04,0.04,0.04
5114,0.04,0.04,0.04
5115,0.04,0.04,0.04
5116,0.04,0.04,0.04
5117,0.04,0.04,0.04
5118,0.04,0.04,0.04
5119,0.04,0.04,0.04
5120,0.04,0.04,0.04
5121,0.04,0.04,0.04
5122,0.04,0.04,0.04
5123,0.04,0.04,0.04
5124,0.04,0.04,0.04
5125,0.04,0.04,0.04
5126,0.04,0.04,0.04
5127,0.04,0.04,0.04
5128,0.04,0.04,0.04
5129,0.04,0.04,0.04
5130,0.04,0.04,0.04
5131,0.04,0.04,0.04
5132,0.04,0.04,0.04
5133,0.04,0.04,0.04
5134,0.04,0.04,0.04
5135,0.04,0.04,0.04
5136,0.04,0.04,0.04
5137,0.04,0.04,0.04
5138,0.04,0.04,0.04
5139,0.04,0.04,0.04
5140,0.04,0.04,0.04
5141,0.04,0.04,0.04
5142,0.04,0.04,0.04
5143,0.04,0.04,0.04
5144,0.04,0.04,0.04
5145,0.04,0.04,0.04
5146,0.04,0.04,0.04
5147,0.04,0.04,0.04
5148,0.04,0.04,0.04
5149,0.04,0.04,0.04
5150,0.04,0.04,0.04
5151,0.04,0.04,0.04
5152,0.04,0.04,0.04
5153,0.04,0.04,0.04
5154,0.04,0.04,0.04
5155,0.04,0.04,0.04
5156,0.04,0.04,0.04
5157,0.04,0.04,0.04
5158,0.04,0.04,0.04
5159,0.04,0.04,0.04
5160,0.04,0.04,0.04
5161,0.04,0.04,0.04
5162,0.04,0.04,0.04
5163,0.04,0.04,0.04
5164,0.04,0.04,0.04
5165,0.04,0.04,0.04
5166,0.04,0.04,0.04
5167,0.04,0.04,0.04
5168,0.04,0.04,0.04
5169,0.04,0.04,0.04
5170,0.04,0.04,0.04
5171,0.04,0.04,0.04
5172,0.04,0.04,0.04
5173,0.04,0.04,0.04
5174,0.04,0.04,0.04
5175,0.04,0.04,0.04
5176,0.04,0.04,0.04
5177,0.04,0.04,0.04
5178,0.04,0.04,0.04
5179,0.04,0.04,0.04
5180,0.04,0.04,0.04
5181,0.04,0.04,0.04
5182,0.04,0.04,0.04
5183,0.04,0.04,0.04
5184,0.04,0.04,0.04
5185,0.04,0.04,0.04
5186,0.04,0.04,0.04
5187,0.04,0.04,0.04
5188,0.04,0.04,0.04
5189,0.04,0.04,0.04
5190,0.04,0.04,0.04
5191,0.04,0.04,0.04
5192,0.04,0.04,0.04
5193,0.04,0.04,0.04
5194,0.04,0.04,0.04
5195,0.04,0.04,0.04
5196,0.04,0.04,0.04
5197,0.04,0.04,0.04
5198,0.04,0.04,0.04
5199,0.04,0.04,0.04
5200,0.04,0.04,0.04
5201,0.04,0.04,0.04
5202,0.04,0.04,0.04
5203,0.04,0.04,0.04
5204,0.04,0.04,0.04
5205,0.04,0.04,0.04
5206,0.04,0.04,0.04
5207,0.04,0.04,0.04
5208,0.04,0.04,0.04
5209,0.04,0.04,0.04
5210,0.04,0.04,0.04
5211,0.04,0.04,0.04
5212,0.04,0.04,0.04
5213,0.04,0.04,0.04
5214,0.04,0.04,0.04
5215,0.04,0.04,0.04
5216,0.04,0.04,0.04
5217,0.04,0.04,0.04
5218,0.04,0.04,0.04
5219,0.04,0.04,0.04
5220,0.04,0.04,0.04
5221,0.04,0.04,0.04
5222,0.04,0.04,0.04
5223,0.04,0.04,0.04
5224,0.04,0.04,0.04
5225,0.04,0.04,0.04
5226,0.04,0.04,0.04
5227,0.04,0.04,0.04
5228,0.04,0.04,0.04
5229,0.04,0.04,0.04
5230,0.04,0.04,0.04
5231,0.04,0.04,0.04
5232,0.04,0.04,0.04
5233,0.04,0.04,0.04
5234,0.04,0.04,0.04
5235,0.04,0.04,0.04
5236,0.04,0.04,0.04
5237,0.04,0.04,0.04
5238,0.04,0.04,0.04
5239,0.04,0.04,0.04
5240,0.04,0.04,0.04
5241,0.04,0.04,0.04
5242,0.04,0.04,0.04
5243,0.04,0.04,0.04
5244,0.04,0.04,0.04
5245,0.04,0.04,0.04
5246,0.04,0.04,0.04
5247,0.04,0.04,0.04
5248,0.04,0.04,0.04
5249,0.04,0.04,0.04
5250,0.04,0.04,0.04
5251,0.04,0.04,0.04
5252,0.04,0.04,0.04
5253,0.04,0.04,0.04
5254,0.04,0.04,0.04
5255,0.04,0.04,0.04
5256,0.04,0.04,0.04
5257,0.04,0.04,0.04
5258,0.04,0.04,0.04
5259,0.04,0.04,0.04
5260,0.04,0.04,0.04
5261,0.04,0.04,0.04
5262,0.04,0.04,0.04
5263,0.04,0.04,0.04
5264,0.04,0.04,0.04
5265,0.04,0.04,0.04
5266,0.04,0.04,0.04
5267,0.04,0.04,0.04
5268,0.04,0.04,0.04
5269,0.04,0.04,0.04
5270,0.04,0.04,0.04
5271,0.04,0.04,0.04
5272,0.04,0.04,0.04
5273,0.04,0.04,0.04
5274,0.04,0.04,0.04
5275,0.04,0.04,0.04
5276,0.04,0.04,0.04
5277,0.04,0.04,0.04
5278,0.04,0.04,0.04
5279,0.04,0.04,0.04
5280,0.04,0.04,0.04
5281,0.04,0.04,0.04
5282,0.04,0.04,0.04
5283,0.04,0.04,0.04
5284,0.04,0.04,0.04
5285,0.04,0.04,0.04
5286,0.04,0.04,0.04
5287,0.04,0.04,0.04
5288,0.04,0.04,0.04
5289,0.04,0.04,0.04
5290,0.04,0.04,0.04
5291,0.04,0.04,0.04
5292,0.04,0.04,0.04
5293,0.04,0.04,0.04
5294,0.04,0.04,0.04
5295,0.04,0.04,0.04
5296,0.04,0.04,0.04
5297,0.04,0.04,0.04
5298,0.04,0.04,0.04
5299,0.04,0.04,0.04
5300,0.04,0.04,0.04
5301,0.04,0.04,0.04
5302,0.04,0.04,0.04
5303,0.04,0.04,0.04
5304,0.04,0.04,0.04
5305,0.04,0.04,0.04
5306,0.04,0.04,0.04
5307,0.04,0.04,0.04
5308,0.04,0.04,0.04
5309,0.04,0.04,0.04
5310,0.04,0.04,0.04
5311,0.04,0.04,0.04
5312,0.04,0.04,0.04
5313,0.04,0.04,0.04
5314,0.04,0.04,0.04
5315,0.04,0.04,0.04
5316,0.04,0.04,0.04
5317,0.04,0.04,0.04
5318,0.04,0.04,0.04
5319,0.04,0.04,0.04
5320,0.04,0.04,0.04
5321,0.04,0.04,0.04
5322,0.04,0.04,0.04
5323,0.04,0.04,0.04
5324,0.04,0.04,0.04
5325,0.04,0.04,0.04
5326,0.04,0.04,0.04
5327,0.04,0.04,0.04
5328,0.04,0.04,0.04
5329,0.04,0.04,0.04
5330,0.04,0.04,0.04
5331,0.04,0.04,0.04
5332,0.04,0.04,0.04
5333,0.04,0.04,0.04
5334,0.04,0.04,0.04
5335,0.04,0.04,0.04
5336,0.04,0.04,0.04
5337,0.04,0.04,0.04
5338,0.04,0.04,0.04
5339,0.04,0.04,0.04
5340,0.04,0.04,0.04
5341,0.04,0.04,0.04
5342,0.04,0.04,0.04
5343,0.04,0.04,0.04
5344,0.04,0.04,0.04
5345,0.04,0.04,0.04
5346,0.04,0.04,0.04
5347,0.04,0.04,0.04
5348,0.04,0.04,0.04
5349,0.04,0.04,0.04
5350,0.04,0.04,0.04
5351,0.04,0.04,0.04
5352,0.04,0.04,0.04
5353,0.04,0.04,0.04
5354,0.04,0.04,0.04
5355,0.04,0.04,0.04
5356,0.04,0.04,0.04
5357,0.04,0.04,0.04
5358,0.04,0.04,0.04
5359,0.04,0.04,0.04
5360,0.04,0.04,0.04
5361,0.04,0.04,0.04
5362,0.04,0.04,0.04
5363,0.04,0.04,0.04
5364,0.04,0.04,0.04
5365,0.04,0.04,0.04
5366,0.04,0.04,0.04
5367,0.04,0.04,0.04
5368,0.04,0.04,0.04
5369,0.04,0.04,0.04
5370,0.04,0.04,0.04
5371,0.04,0.04,0.04
5372,0.04,0.04,0.04
5373,0.04,0.04,0.04
5374,0.04,0.04,0.04
5375,0.04,0.04,0.04
5376,0.04,0.04,0.04
5377,0.04,0.04,0.04
5378,0.04,0.04,0.04
5379,0.04,0.04,0.04
5380,0.04,0.04,0.04
5381,0.04,0.04,0.04
5382,0.04,0.04,0.04
5383,0.04,0.04,0.04
5384,0.04,0.04,0.04
5385,0.04,0.04,0.04
5386,0.04,0.04,0.04
5387,0.04,0.04,0.04
5388,0.04,0.04,0.04
5389,0.04,0.04,0.04
5390,0.04,0.04,0.04
5391,0.04,0.04,0.04
5392,0.04,0.04,0.04
5393,0.04,0.04,0.04
5394,0.04,0.04,0.04
5395,0.04,0.04,0.04
5396,0.04,0.04,0.04
5397,0.04,0.04,0.04
5398,0.04,0.04,0.04
5399,0.04,0.04,0.04
5400,0.04,0.04,0.04
5401,0.04,0.04,0.04
5402,0.04,0.04,0.04
5403,0.04,0.04,0.04
5404,0.04,0.04,0.04
5405,0.04,0.04,0.04
5406,0.04,0.04,0.04
5407,0.04,0.04,0.04
5408,0.04,0.04,0.04
5409,0.04,0.04,0.04
5410,0.04,0.04,0.04
5411,0.04,0.04,0.04
5412,0.04,0.04,0.04
5413,0.04,0.04,0.04
5414,0.04,0.04,0.04
5415,0.04,0.04,0.04
5416,0.04,0.04,0.04
5417,0.04,0.04,0.04
5418,0.04,0.04,0.04
5419,0.04,0.04,0.04
5420,0.04,0.04,0.04
5421,0.04,0.04,0.04
5422,0.04,0.04,0.04
5423,0.04,0.04,0.04
5424,0.04,0.04,0.04
5425,0.04,0.04,0.04
5426,0.04,0.04,0.04
5427,0.04,0.04,0.04
5428,0.04,0.04,0.04
5429,0.04,0.04,0.04
5430,0.04,0.04,0.04
5431,0.04,0.04,0.04
5432,0.04,0.04,0.04
5433,0.04,0.04,0.04
5434,0.04,0.04,0.04
5435,0.04,0.04,0.04
5436,0.04,0.04,0.04
5437,0.04,0.04,0.04
5438,0.04,0.04,0.04
5439,0.04,0.04,0.04
5440,0.04,0.04,0.04
5441,0.04,0.04,0.04
5442,0.04,0.04,0.04
5443,0.04,0.04,0.04
5444,0.04,0.04,0.04
5445,0.04,0.04,0.04
5446,0.04,0.04,0.04
5447,0.04,0.04,0.04
5448,0.04,0.04,0.04
5449,0.04,0.04,0.04
5450,0.04,0.04,0.04
5451,0.04,0.04,0.04
5452,0.04,0.04,0.04
5453,0.04,0.04,0.04
5454,0.04,0.04,0.04
5455,0.04,0.04,0.04
5456,0.04,0.04,0.04
5457,0.04,0.04,0.04
5458,0.04,0.04,0.04
5459,0.04,0.04,0.04
5460,0.04,0.04,0.04
5461,0.04,0.04,0.04
5462,0.04,0.04,0.04
5463,0.04,0.04,0.04
5464,0.04,0.04,0.04
5465,0.04,0.04,0.04
5466,0.04,0.04,0.04
5467,0.04,0.04,0.04
5468,0.04,0.04,0.04
5469,0.04,0.04,0.04
5470,0.04,0.04,0.04
5471,0.04,0.04,0.04
5472,0.04,0.04,0.04
5473,0.04,0.04,0.04
5474,0.04,0.04,0.04
5475,0.04,0.04,0.04
5476,0.04,0.04,0.04
5477,0.04,0.04,0.04
5478,0.04,0.04,0.04
5479,0.04,0.04,0.04
5480,0.04,0.04,0.04
5481,0.04,0.04,0.04
5482,0.04,0.04,0.04
5483,0.04,0.04,0.04
5484,0.04,0.04,0.04
5485,0.04,0.04,0.04
5486,0.04,0.04,0.04
5487,0.04,0.04,0.04
5488,0.04,0.04,0.04
5489,0.04,0.04,0.04
5490,0.04,0.04,0.04
5491,0.04,0.04,0.04
5492,0.04,0.04,0.04
5493,0.04,0.04,0.04
5494,0.04,0.04,0.04
5495,0.04,0.04,0.04
5496,0.04,0.04,0.04
5497,0.04,0.04,0.04
5498,0.04,0.04,0.04
5499,0.04,0.04,0.04
5500,0.04,0.04,0.04
5501,0.04,0.04,0.04
5502,0.04,0.04,0.04
5503,0.04,0.04,0.04
5504,0.04,0.04,0.04
5505,0.04,0.04,0.04
5506,0.04,0.04,0.04
5507,0.04,0.04,0.04
5508,0.04,0.04,0.04
5509,0.04,0.04,0.04
5510,0.04,0.04,0.04
5511,0.04,0.04,0.04
5512,0.04,0.04,0.04
5513,0.04,0.04,0.04
5514,0.04,0.04,0.04
5515,0.04,0.04,0.04
5516,0.04,0.04,0.04
5517,0.04,0.04,0.04
5518,0.04,0.04,0.04
5519,0.04,0.04,0.04
5520,0.04,0.04,0.04
5521,0.04,0.04,0.04
5522,0.04,0.04,0.04
5523,0.04,0.04,0.04
5524,0.04,0.04,0.04
5525,0.04,0.04,0.04
5526,0.04,0.04,0.04
5527,0.04,0.04,0.04
5528,0.04,0.04,0.04
5529,0.04,0.04,0.04
5530,0.04,0.04,0.04
5531,0.04,0.04,0.04
5532,0.04,0.04,0.04
5533,0.04,0.04,0.04
5534,0.04,0.04,0.04
5535,0.04,0.04,0.04
5536,0.04,0.04,0.04
5537,0.04,0.04,0.04
5538,0.04,0.04,0.04
5539,0.04,0.04,0.04
5540,0.04,0.04,0.04
5541,0.04,0.04,0.04
5542,0.04,0.04,0.04
5543,0.04,0.04,0.04
5544,0.04,0.04,0.04
5545,0.04,0.04,0.04
5546,0.04,0.04,0.04
5547,0.04,0.04,0.04
5548,0.04,0.04,0.04
5549,0.04,0.04,0.04
5550,0.04,0.04,0.04
5551,0.04,0.04,0.04
5552,0.04,0.04,0.04
5553,0.04,0.04,0.04
5554,0.04,0.04,0.04
5555,0.04,0.04,0.04
5556,0.04,0.04,0.04
5557,0.04,0.04,0.04
5558,0.04,0.04,0.04
5559,0.04,0.04,0.04
5560,0.04,0.04,0.04
5561,0.04,0.04,0.04
5562,0.04,0.04,0.04
5563,0.04,0.04,0.04
5564,0.04,0.04,0.04
5565,0.04,0.04,0.04
5566,0.04,0.04,0.04
5567,0.04,0.04,0.04
5568,0.04,0.04,0.04
5569,0.04,0.04,0.04
5570,0.04,0.04,0.04
5571,0.04,0.04,0.04
5572,0.04,0.04,0.04
5573,0.04,0.04,0.04
5574,0.04,0.04,0.04
5575,0.04,0.04,0.04
5576,0.04,0.04,0.04
5577,0.04,0.04,0.04
5578,0.04,0.04,0.04
5579,0.04,0.04,0.04
5580,0.04,0.04,0.04
5581,0.04,0.04,0.04
5582,0.04,0.04,0.04
5583,0.04,0.04,0.04
5584,0.04,0.04,0.04
5585,0.04,0.04,0.04
5586,0.04,0.04,0.04
5587,0.04,0.04,0.04
5588,0.04,0.04,0.04
5589,0.04,0.04,0.04
5590,0.04,0.04,0.04
5591,0.04,0.04,0.04
5592,0.04,0.04,0.04
5593,0.04,0.04,0.04
5594,0.04,0.04,0.04
5595,0.04,0.04,0.04
5596,0.04,0.04,0.04
5597,0.04,0.04,0.04
5598,0.04,0.04,0.04
5599,0.04,0.04,0.04
5600,0.04,0.04,0.04
5601,0.04,0.04,0.04
5602,0.04,0.04,0.04
5603,0.04,0.04,0.04
5604,0.04,0.04,0.04
5605,0.04,0.04,0.04
5606,0.04,0.04,0.04
5607,0.04,0.04,0.04
5608,0.04,0.04,0.04
5609,0.04,0.04,0.04
5610,0.04,0.04,0.04
5611,0.04,0.04,0.04
5612,0.04,0.04,0.04
5613,0.04,0.04,0.04
5614,0.04,0.04,0.04
5615,0.04,0.04,0.04
5616,0.04,0.04,0.04
5617,0.04,0.04,0.04
5618,0.04,0.04,0.04
5619,0.04,0.04,0.04
5620,0.04,0.04,0.04
5621,0.04,0.04,0.04
5622,0.04,0.04,0.04
5623,0.04,0.04,0.04
5624,0.04,0.04,0.04
5625,0.04,0.04,0.04
5626,0.04,0.04,0.04
5627,0.04,0.04,0.04
5628,0.04,0.04,0.04
5629,0.04,0.04,0.04
5630,0.04,0.04,0.04
5631,0.04,0.04,0.04
5632,0.04,0.04,0.04
5633,0.04,0.04,0.04
5634,0.04,0.04,0.04
5635,0.04,0.04,0.04
5636,0.04,0.04,0.04
5637,0.04,0.04,0.04
5638,0.04,0.04,0.04
5639,0.04,0.04,0.04
5640,0.04,0.04,0.04
5641,0.04,0.04,0.04
5642,0.04,0.04,0.04
5643,0.04,0.04,0.04
5644,0.04,0.04,0.04
5645,0.04,0.04,0.04
5646,0.04,0.04,0.04
5647,0.04,0.04,0.04
5648,0.04,0.04,0.04
5649,0.04,0.04,0.04
5650,0.04,0.04,0.04
5651,0.04,0.04,0.04
5652,0.04,0.04,0.04
5653,0.04,0.04,0.04
5654,0.04,0.04,0.04
5655,0.04,0.04,0.04
5656,0.04,0.04,0.04
5657,0.04,0.04,0.04
5658,0.04,0.04,0.04
5659,0.04,0.04,0.04
5660,0.04,0.04,0.04
5661,0.04,0.04,0.04
5662,0.04,0.04,0.04
5663,0.04,0.04,0.04
5664,0.04,0.04,0.04
5665,0.04,0.04,0.04
5666,0.04,0.04,0.04
5667,0.04,0.04,0.04
5668,0.04,0.04,0.04
5669,0.04,0.04,0.04
5670,0.04,0.04,0.04
5671,0.04,0.04,0.04
5672,0.04,0.04,0.04
5673,0.04,0.04,0.04
5674,0.04,0.04,0.04
5675,0.04,0.04,0.04
5676,0.04,0.04,0.04
5677,0.04,0.04,0.04
5678,0.04,0.04,0.04
5679,0.04,0.04,0.04
5680,0.04,0.04,0.04
5681,0.04,0.04,0.04
5682,0.04,0.04,0.04
5683,0.04,0.04,0.04
5684,0.04,0.04,0.04
5685,0.04,0.04,0.04
5686,0.04,0.04,0.04
5687,0.04,0.04,0.04
5688,0.04,0.04,0.04
5689,0.04,0.04,0.04
5690,0.04,0.04,0.04
5691,0.04,0.04,0.04
5692,0.04,0.04,0.04
5693,0.04,0.04,0.04
5694,0.04,0.04,0.04
5695,0.04,0.04,0.04
5696,0.04,0.04,0.04
5697,0.04,0.04,0.04
5698,0.04,0.04,0.04
5699,0.04,0.04,0.04
5700,0.04,0.04,0.04
5701,0.04,0.04,0.04
5702,0.04,0.04,0.04
5703,0.04,0.04,0.04
5704,0.04,0.04,0.04
5705,0.04,0.04,0.04
5706,0.04,0.04,0.04
5707,0.04,0.04,0.04
5708,0.04,0.04,0.04
5709,0.04,0.04,0.04
5710,0.04,0.04,0.04
5711,0.04,0.04,0.04
5712,0.04,0.04,0.04
5713,0.04,0.04,0.04
5714,0.04,0.04,0.04
5715,0.04,0.04,0.04
5716,0.04,0.04,0.04
5717,0.04,0.04,0.04
5718,0.04,0.04,0.04
5719,0.04,0.04,0.04
5720,0.04,0.04,0.04
5721,0.04,0.04,0.04
5722,0.04,0.04,0.04
5723,0.04,0.04,0.04
5724,0.04,0.04,0.04
5725,0.04,0.04,0.04
5726,0.04,0.04,0.04
5727,0.04,0.04,0.04
5728,0.04,0.04,0.04
5729,0.04,0.04,0.04
5730,0.04,0.04,0.04
5731,0.04,0.04,0.04
5732,0.04,0.04,0.04
5733,0.04,0.04,0.04
5734,0.04,0.04,0.04
5735,0.04,0.04,0.04
5736,0.04,0.04,0.04
5737,0.04,0.04,0.04
5738,0.04,0.04,0.04
5739,0.04,0.04,0.04
5740,0.04,0.04,0.04
5741,0.04,0.04,0.04
5742,0.04,0.04,0.04
5743,0.04,0.04,0.04
5744,0.04,0.04,0.04
5745,0.04,0.04,0.04
5746,0.04,0.04,0.04
5747,0.04,0.04,0.04
5748,0.04,0.04,0.04
5749,0.04,0.04,0.04
5750,0.04,0.04,0.04
5751,0.04,0.04,0.04
5752,0.04,0.04,0.04
5753,0.04,0.04,0.04
5754,0.04,0.04,0.04
5755,0.04,0.04,0.04
5756,0.04,0.04,0.04
5757,0.04,0.04,0.04
5758,0.04,0.04,0.04
5759,0.04,0.04,0.04
5760,0.04,0.04,0.04
5761,0.04,0.04,0.04
5762,0.04,0.04,0.04
5763,0.04,0.04,0.04
5764,0.04,0.04,0.04
5765,0.04,0.04,0.04
5766,0.04,0.04,0.04
5767,0.04,0.04,0.04
5768,0.04,0.04,0.04
5769,0.04,0.04,0.04
5770,0.04,0.04,0.04
5771,0.04,0.04,0.04
5772,0.04,0.04,0.04
5773,0.04,0.04,0.04
5774,0.04,0.04,0.04
5775,0.04,0.04,0.04
5776,0.04,0.04,0.04
5777,0.04,0.04,0.04
5778,0.04,0.04,0.04
5779,0.04,0.04,0.04
5780,0.04,0.04,0.04
5781,0.04,0.04,0.04
5782,0.04,0.04,0.04
5783,0.04,0.04,0.04
5784,0.04,0.04,0.04
5785,0.04,0.04,0.04
5786,0.04,0.04,0.04
5787,0.04,0.04,0.04
5788,0.04,0.04,0.04
5789,0.04,0.04,0.04
5790,0.04,0.04,0.04
5791,0.04,0.04,0.04
5792,0.04,0.04,0.04
5793,0.04,0.04,0.04
5794,0.04,0.04,0.04
5795,0.04,0.04,0.04
5796,0.04,0.04,0.04
5797,0.04,0.04,0.04
5798,0.04,0.04,0.04
5799,0.04,0.04,0.04
5800,0.04,0.04,0.04
5801,0.04,0.04,0.04
5802,0.04,0.04,0.04
5803,0.04,0.04,0.04
5804,0.04,0.04,0.04
5805,0.04,0.04,0.04
5806,0.04,0.04,0.04
5807,0.04,0.04,0.04
5808,0.04,0.04,0.04
5809,0.04,0.04,0.04
5810,0.04,0.04,0.04
5811,0.04,0.04,0.04
5812,0.04,0.04,0.04
5813,0.04,0.04,0.04
5814,0.04,0.04,0.04
5815,0.04,0.04,0.04
5816,0.04,0.04,0.04
5817,0.04,0.04,0.04
5818,0.04,0.04,0.04
5819,0.04,0.04,0.04
5820,0.04,0.04,0.04
5821,0.04,0.04,0.04
5822,0.04,0.04,0.04
5823,0.04,0.04,0.04
5824,0.04,0.04,0.04
5825,0.04,0.04,0.04
5826,0.04,0.04,0.04
5827,0.04,0.04,0.04
5828,0.04,0.04,0.04
5829,0.04,0.04,0.04
5830,0.04,0.04,0.04
5831,0.04,0.04,0.04
5832,0.04,0.04,0.04
5833,0.04,0.04,0.04
5834,0.04,0.04,0.04
5835,0.04,0.04,0.04
5836,0.04,0.04,0.04
5837,0.04,0.04,0.04
5838,0.04,0.04,0.04
5839,0.04,0.04,0.04
5840,0.04,0.04,0.04
5841,0.04,0.04,0.04
5842,0.04,0.04,0.04
5843,0.04,0.04,0.04
5844,0.04,0.04,0.04
5845,0.04,0.04,0.04
5846,0.04,0.04,0.04
5847,0.04,0.04,0.04
5848,0.04,0.04,0.04
5849,0.04,0.04,0.04
5850,0.04,0.04,0.04
5851,0.04,0.04,0.04
5852,0.04,0.04,0.04
5853,0.04,0.04,0.04
5854,0.04,0.04,0.04
5855,0.04,0.04,0.04
5856,0.04,0.04,0.04
5857,0.04,0.04,0.04
5858,0.04,0.04,0.04
5859,0.04,0.04,0.04
5860,0.04,0.04,0.04
5861,0.04,0.04,0.04
5862,0.04,0.04,0.04
5863,0.04,0.04,0.04
5864,0.04,0.04,0.04
5865,0.04,0.04,0.04
5866,0.04,0.04,0.04
5867,0.04,0.04,0.04
5868,0.04,0.04,0.04
5869,0.04,0.04,0.04
5870,0.04,0.04,0.04
5871,0.04,0.04,0.04
5872,0.04,0.04,0.04
5873,0.04,0.04,0.04
5874,0.04,0.04,0.04
5875,0.04,0.04,0.04
5876,0.04,0.04,0.04
5877,0.04,0.04,0.04
5878,0.04,0.04,0.04
5879,0.04,0.04,0.04
5880,0.04,0.04,0.04
5881,0.04,0.04,0.04
5882,0.04,0.04,0.04
5883,0.04,0.04,0.04
5884,0.04,0.04,0.04
5885,0.04,0.04,0.04
5886,0.04,0.04,0.04
5887,0.04,0.04,0.04
5888,0.04,0.04,0.04
5889,0.04,0.04,0.04
5890,0.04,0.04,0.04
5891,0.04,0.04,0.04
5892,0.04,0.04,0.04
5893,0.04,0.04,0.04
5894,0.04,0.04,0.04
5895,0.04,0.04,0.04
5896,0.04,0.04,0.04
5897,0.04,0.04,0.04
5898,0.04,0.04,0.04
5899,0.04,0.04,0.04
5900,0.04,0.04,0.04
5901,0.04,0.04,0.04
5902,0.04,0.04,0.04
5903,0.04,0.04,0.04
5904,0.04,0.04,0.04
5905,0.04,0.04,0.04
5906,0.04,0.04,0.04
5907,0.04,0.04,0.04
5908,0.04,0.04,0.04
5909,0.04,0.04,0.04
5910,0.04,0.04,0.04
5911,0.04,0.04,0.04
5912,0.04,0.04,0.04
5913,0.04,0.04,0.04
5914,0.04,0.04,0.04
5915,0.04,0.04,0.04
5916,0.04,0.04,0.04
5917,0.04,0.04,0.04
5918,0.04,0.04,0.04
5919,0.04,0.04,0.04
5920,0.04,0.04,0.04
5921,0.04,0.04,0.04
5922,0.04,0.04,0.04
5923,0.04,0.04,0.04
5924,0.04,0.04,0.04
5925,0.04,0.04,0.04
5926,0.04,0.04,0.04
5927,0.04,0.04,0.04
5928,0.04,0.04,0.04
5929,0.04,0.04,0.04
5930,0.04,0.04,0.04
5931,0.04,0.04,0.04
5932,0.04,0.04,0.04
5933,0.04,0.04,0.04
5934,0.04,0.04,0.04
5935,0.04,0.04,0.04
5936,0.04,0.04,0.04
5937,0.04,0.04,0.04
5938,0.04,0.04,0.04
5939,0.04,0.04,0.04
5940,0.04,0.04,0.04
5941,0.04,0.04,0.04
5942,0.04,0.04,0.04
5943,0.04,0.04,0.04
5944,0.04,0.04,0.04
5945,0.04,0.04,0.04
5946,0.04,0.04,0.04
5947,0.04,0.04,0.04
5948,0.04,0.04,0.04
5949,0.04,0.04,0.04
5950,0.04,0.04,0.04
5951,0.04,0.04,0.04
5952,0.04,0.04,0.04
5953,0.04,0.04,0.04
5954,0.04,0.04,0.04
5955,0.04,0.04,0.04
5956,0.04,0.04,0.04
5957,0.04,0.04,0.04
5958,0.04,0.04,0.04
5959,0.04,0.04,0.04
5960,0.04,0.04,0.04
5961,0.04,0.04,0.04
5962,0.04,0.04,0.04
5963,0.04,0.04,0.04
5964,0.04,0.04,0.04
5965,0.04,0.04,0.04
5966,0.04,0.04,0.04
5967,0.04,0.04,0.04
5968,0.04,0.04,0.04
5969,0.04,0.04,0.04
5970,0.04,0.04,0.04
5971,0.04,0.04,0.04
5972,0.04,0.04,0.04
5973,0.04,0.04,0.04
5974,0.04,0.04,0.04
5975,0.04,0.04,0.04
5976,0.04,0.04,0.04
5977,0.04,0.04,0.04
5978,0.04,0.04,0.04
5979,0.04,0.04,0.04
5980,0.04,0.04,0.04
5981,0.04,0.04,0.04
5982,0.04,0.04,0.04
5983,0.04,0.04,0.04
5984,0.04,0.04,0.04
5985,0.04,0.04,0.04
5986,0.04,0.04,0.04
5987,0.04,0.04,0.04
5988,0.04,0.04,0.04
5989,0.04,0.04,0.04
5990,0.04,0.04,0.04
5991,0.04,0.04,0.04
5992,0.04,0.04,0.04
5993,0.04,0.04,0.04
5994,0.04,0.04,0.04
5995,0.04,0.04,0.04
5996,0.04,0.04,0.04
5997,0.04,0.04,0.04
5998,0.04,0.04,0.04
5999,0.04,0.04,0.04
6000,0.04,0.04,0.04
6001,0.04,0.04,0.04
6002,0.04,0.04,0.04
6003,0.04,0.04,0.04
6004,0.04,0.04,0.04
6005,0.04,0.04,0.04
6006,0.04,0.04,0.04
6007,0.04,0.04,0.04
6008,0.04,0.04,0.04
6009,0.04,0.04,0.04
6010,0.04,0.04,0.04
6011,0.04,0.04,0.04
6012,0.04,0.04,0.04
6013,0.04,0.04,0.04
6014,0.04,0.04,0.04
6015,0.04,0.04,0.04
6016,0.04,0.04,0.04
6017,0.04,0.04,0.04
6018,0.04,0.04,0.04
6019,0.04,0.04,0.04
6020,0.04,0.04,0.04
6021,0.04,0.04,0.04
6022,0.04,0.04,0.04
6023,0.04,0.04,0.04
6024,0.04,0.04,0.04
6025,0.04,0.04,0.04
6026,0.04,0.04,0.04
6027,0.04,0.04,0.04
6028,0.04,0.04,0.04
6029,0.04,0.04,0.04
6030,0.04,0.04,0.04
6031,0.04,0.04,0.04
6032,0.04,0.04,0.04
6033,0.04,0.04,0.04
6034,0.04,0.04,0.04
6035,0.04,0.04,0.04
6036,0.04,0.04,0.04
6037,0.04,0.04,0.04
6038,0.04,0.04,0.04
6039,0.04,0.04,0.04
6040,0.04,0.04,0.04
6041,0.04,0.04,0.04
6042,0.04,0.04,0.04
6043,0.04,0.04,0.04
6044,0.04,0.04,0.04
6045,0.04,0.04,0.04
6046,0.04,0.04,0.04
6047,0.04,0.04,0.04
6048,0.04,0.04,0.04
6049,0.04,0.04,0.04
6050,0.04,0.04,0.04
6051,0.04,0.04,0.04
6052,0.04,0.04,0.04
6053,0.04,0.04,0.04
6054,0.04,0.04,0.04
6055,0.04,0.04,0.04
6056,0.04,0.04,0.04
6057,0.04,0.04,0.04
6058,0.04,0.04,0.04
6059,0.04,0.04,0.04
6060,0.04,0.04,0.04
6061,0.04,0.04,0.04
6062,0.04,0.04,0.04
6063,0.04,0.04,0.04
6064,0.04,0.04,0.04
6065,0.04,0.04,0.04
6066,0.04,0.04,0.04
6067,0.04,0.04,0.04
6068,0.04,0.04,0.04
6069,0.04,0.04,0.04
6070,0.04,0.04,0.04
6071,0.04,0.04,0.04
6072,0.04,0.04,0.04
6073,0.04,0.04,0.04
6074,0.04,0.04,0.04
6075,0.04,0.04,0.04
6076,0.04,0.04,0.04
6077,0.04,0.04,0.04
6078,0.04,0.04,0.04
6079,0.04,0.04,0.04
6080,0.04,0.04,0.04
6081,0.04,0.04,0.04
6082,0.04,0.04,0.04
6083,0.04,0.04,0.04
6084,0.04,0.04,0.04
6085,0.04,0.04,0.04
6086,0.04,0.04,0.04
6087,0.04,0.04,0.04
6088,0.04,0.04,0.04
6089,0.04,0.04,0.04
6090,0.04,0.04,0.04
6091,0.04,0.04,0.04
6092,0.04,0.04,0.04
6093,0.04,0.04,0.04
6094,0.04,0.04,0.04
6095,0.04,0.04,0.04
6096,0.04,0.04,0.04
6097,0.04,0.04,0.04
6098,0.04,0.04,0.04
6099,0.04,0.04,0.04
6100,0.04,0.04,0.04
6101,0.04,0.04,0.04
6102,0.04,0.04,0.04
6103,0.04,0.04,0.04
6104,0.04,0.04,0.04
6105,0.04,0.04,0.04
6106,0.04,0.04,0.04
6107,0.04,0.04,0.04
6108,0.04,0.04,0.04
6109,0.04,0.04,0.04
6110,0.04,0.04,0.04
6111,0.04,0.04,0.04
6112,0.04,0.04,0.04
6113,0.04,0.04,0.04
6114,0.04,0.04,0.04
6115,0.04,0.04,0.04
6116,0.04,0.04,0.04
6117,0.04,0.04,0.04
6118,0.04,0.04,0.04
6119,0.04,0.04,0.04
6120,0.04,0.04,0.04
6121,0.04,0.04,0.04
6122,0.04,0.04,0.04
6123,0.04,0.04,0.04
6124,0.04,0.04,0.04
6125,0.04,0.04,0.04
6126,0.04,0.04,0.04
6127,0.04,0.04,0.04
6128,0.04,0.04,0.04
6129,0.04,0.04,0.04
6130,0.04,0.04,0.04
6131,0.04,0.04,0.04
6132,0.04,0.04,0.04
6133,0.04,0.04,0.04
6134,0.04,0.04,0.04
6135,0.04,0.04,0.04
6136,0.04,0.04,0.04
6137,0.04,0.04,0.04
6138,0.04,0.04,0.04
6139,0.04,0.04,0.04
6140,0.04,0.04,0.04
6141,0.04,0.04,0.04
6142,0.04,0.04,0.04
6143,0.04,0.04,0.04
6144,0.04,0.04,0.04
6145,0.04,0.04,0.04
6146,0.04,0.04,0.04
6147,0.04,0.04,0.04
6148,0.04,0.04,0.04
6149,0.04,0.04,0.04
6150,0.04,0.04,0.04
6151,0.04,0.04,0.04
6152,0.04,0.04,0.04
6153,0.04,0.04,0.04
6154,0.04,0.04,0.04
6155,0.04,0.04,0.04
6156,0.04,0.04,0.04
6157,0.04,0.04,0.04
6158,0.04,0.04,0.04
6159,0.04,0.04,0.04
6160,0.04,0.04,0.04
6161,0.04,0.04,0.04
6162,0.04,0.04,0.04
6163,0.04,0.04,0.04
6164,0.04,0.04,0.04
6165,0.04,0.04,0.04
6166,0.04,0.04,0.04
6167,0.04,0.04,0.04
6168,0.04,0.04,0.04
6169,0.04,0.04,0.04
6170,0.04,0.04,0.04
6171,0.04,0.04,0.04
6172,0.04,0.04,0.04
6173,0.04,0.04,0.04
6174,0.04,0.04,0.04
6175,0.04,0.04,0.04
6176,0.04,0.04,0.04
6177,0.04,0.04,0.04
6178,0.04,0.04,0.04
6179,0.04,0.04,0.04
6180,0.04,0.04,0.04
6181,0.04,0.04,0.04
6182,0.04,0.04,0.04
6183,0.04,0.04,0.04
6184,0.04,0.04,0.04
6185,0.04,0.04,0.04
6186,0.04,0.04,0.04
6187,0.04,0.04,0.04
6188,0.04,0.04,0.04
6189,0.04,0.04,0.04
6190,0.04,0.04,0.04
6191,0.04,0.04,0.04
6192,0.04,0.04,0.04
6193,0.04,0.04,0.04
6194,0.04,0.04,0.04
6195,0.04,0.04,0.04
6196,0.04,0.04,0.04
6197,0.04,0.04,0.04
6198,0.04,0.04,0.04
6199,0.04,0.04,0.04
6200,0.04,0.04,0.04
6201,0.04,0.04,0.04
6202,0.04,0.04,0.04
6203,0.04,0.04,0.04
6204,0.04,0.04,0.04
6205,0.04,0.04,0.04
6206,0.04,0.04,0.04
6207,0.04,0.04,0.04
6208,0.04,0.04,0.04
6209,0.04,0.04,0.04
6210,0.04,0.04,0.04
6211,0.04,0.04,0.04
6212,0.04,0.04,0.04
6213,0.04,0.04,0.04
6214,0.04,0.04,0.04
6215,0.04,0.04,0.04
6216,0.04,0.04,0.04
6217,0.04,0.04,0.04
6218,0.04,0.04,0.04
6219,0.04,0.04,0.04
6220,0.04,0.04,0.04
6221,0.04,0.04,0.04
6222,0.04,0.04,0.04
6223,0.04,0.04,0.04
6224,0.04,0.04,0.04
6225,0.04,0.04,0.04
6226,0.04,0.04,0.04
6227,0.04,0.04,0.04
6228,0.04,0.04,0.04
6229,0.04,0.04,0.04
6230,0.04,0.04,0.04
6231,0.04,0.04,0.04
6232,0.04,0.04,0.04
6233,0.04,0.04,0.04
6234,0.04,0.04,0.04
6235,0.04,0.04,0.04
6236,0.04,0.04,0.04
6237,0.04,0.04,0.04
6238,0.04,0.04,0.04
6239,0.04,0.04,0.04
6240,0.04,0.04,0.04
6241,0.04,0.04,0.04
6242,0.04,0.04,0.04
6243,0.04,0.04,0.04
6244,0.04,0.04,0.04
6245,0.04,0.04,0.04
6246,0.04,0.04,0.04
6247,0.04,0.04,0.04
6248,0.04,0.04,0.04
6249,0.04,0.04,0.04
6250,0.04,0.04,0.04
6251,0.04,0.04,0.04
6252,0.04,0.04,0.04
6253,0.04,0.04,0.04
6254,0.04,0.04,0.04
6255,0.04,0.04,0.04
6256,0.04,0.04,0.04
6257,0.04,0.04,0.04
6258,0.04,0.04,0.04
6259,0.04,0.04,0.04
6260,0.04,0.04,0.04
6261,0.04,0.04,0.04
6262,0.04,0.04,0.04
6263,0.04,0.04,0.04
6264,0.04,0.04,0.04
6265,0.04,0.04,0.04
6266,0.04,0.04,0.04
6267,0.04,0.04,0.04
6268,0.04,0.04,0.04
6269,0.04,0.04,0.04
6270,0.04,0.04,0.04
6271,0.04,0.04,0.04
6272,0.04,0.04,0.04
6273,0.04,0.04,0.04
6274,0.04,0.04,0.04
6275,0.04,0.04,0.04
6276,0.04,0.04,0.04
6277,0.04,0.04,0.04
6278,0.04,0.04,0.04
6279,0.04,0.04,0.04
6280,0.04,0.04,0.04
6281,0.04,0.04,0.04
6282,0.04,0.04,0.04
6283,0.04,0.04,0.04
6284,0.04,0.04,0.04
6285,0.04,0.04,0.04
6286,0.04,0.04,0.04
6287,0.04,0.04,0.04
6288,0.04,0.04,0.04
6289,0.04,0.04,0.04
6290,0.04,0.04,0.04
6291,0.04,0.04,0.04
6292,0.04,0.04,0.04
6293,0.04,0.04,0.04
6294,0.04,0.04,0.04
6295,0.04,0.04,0.04
6296,0.04,0.04,0.04
6297,0.04,0.04,0.04
6298,0.04,0.04,0.04
6299,0.04,0.04,0.04
6300,0.04,0.04,0.04
6301,0.04,0.04,0.04
6302,0.04,0.04,0.04
6303,0.04,0.04,0.04
6304,0.04,0.04,0.04
6305,0.04,0.04,0.04
6306,0.04,0.04,0.04
6307,0.04,0.04,0.04
6308,0.04,0.04,0.04
6309,0.04,0.04,0.04
6310,0.04,0.04,0.04
6311,0.04,0.04,0.04
6312,0.04,0.04,0.04
6313,0.04,0.04,0.04
6314,0.04,0.04,0.04
6315,0.04,0.04,0.04
6316,0.04,0.04,0.04
6317,0.04,0.04,0.04
6318,0.04,0.04,0.04
6319,0.04,0.04,0.04
6320,0.04,0.04,0.04
6321,0.04,0.04,0.04
6322,0.04,0.04,0.04
6323,0.04,0.04,0.04
6324,0.04,0.04,0.04
6325,0.04,0.04,0.04
6326,0.04,0.04,0.04
6327,0.04,0.04,0.04
6328,0.04,0.04,0.04
6329,0.04,0.04,0.04
6330,0.04,0.04,0.04
6331,0.04,0.04,0.04
6332,0.04,0.04,0.04
6333,0.04,0.04,0.04
6334,0.04,0.04,0.04
6335,0.04,0.04,0.04
6336,0.04,0.04,0.04
6337,0.04,0.04,0.04
6338,0.04,0.04,0.04
6339,0.04,0.04,0.04
6340,0.04,0.04,0.04
6341,0.04,0.04,0.04
6342,0.04,0.04,0.04
6343,0.04,0.04,0.04
6344,0.04,0.04,0.04
6345,0.04,0.04,0.04
6346,0.04,0.04,0.04
6347,0.04,0.04,0.04
6348,0.04,0.04,0.04
6349,0.04,0.04,0.04
6350,0.04,0.04,0.04
6351,0.04,0.04,0.04
6352,0.04,0.04,0.04
6353,0.04,0.04,0.04
6354,0.04,0.04,0.04
6355,0.04,0.04,0.04
6356,0.04,0.04,0.04
6357,0.04,0.04,0.04
6358,0.04,0.04,0.04
6359,0.04,0.04,0.04
6360,0.04,0.04,0.04
6361,0.04,0.04,0.04
6362,0.04,0.04,0.04
6363,0.04,0.04,0.04
6364,0.04,0.04,0.04
6365,0.04,0.04,0.04
6366,0.04,0.04,0.04
6367,0.04,0.04,0.04
6368,0.04,0.04,0.04
6369,0.04,0.04,0.04
6370,0.04,0.04,0.04
6371,0.04,0.04,0.04
6372,0.04,0.04,0.04
6373,0.04,0.04,0.04
6374,0.04,0.04,0.04
6375,0.04,0.04,0.04
6376,0.04,0.04,0.04
6377,0.04,0.04,0.04
6378,0.04,0.04,0.04
6379,0.04,0.04,0.04
6380,0.04,0.04,0.04
6381,0.04,0.04,0.04
6382,0.04,0.04,0.04
6383,0.04,0.04,0.04
6384,0.04,0.04,0.04
6385,0.04,0.04,0.04
6386,0.04,0.04,0.04
6387,0.04,0.04,0.04
6388,0.04,0.04,0.04
6389,0.04,0.04,0.04
6390,0.04,0.04,0.04
6391,0.04,0.04,0.04
6392,0.04,0.04,0.04
6393,0.04,0.04,0.04
6394,0.04,0.04,0.04
6395,0.04,0.04,0.04
6396,0.04,0.04,0.04
6397,0.04,0.04,0.04
6398,0.04,0.04,0.04
6399,0.04,0.04,0.04
6400,0.04,0.04,0.04
6401,0.04,0.04,0.04
6402,0.04,0.04,0.04
6403,0.04,0.04,0.04
6404,0.04,0.04,0.04
6405,0.04,0.04,0.04
6406,0.04,0.04,0.04
6407,0.04,0.04,0.04
6408,0.04,0.04,0.04
6409,0.04,0.04,0.04
6410,0.04,0.04,0.04
6411,0.04,0.04,0.04
6412,0.04,0.04,0.04
6413,0.04,0.04,0.04
6414,0.04,0.04,0.04
6415,0.04,0.04,0.04
6416,0.04,0.04,0.04
6417,0.04,0.04,0.04
6418,0.04,0.04,0.04
6419,0.04,0.04,0.04
6420,0.04,0.04,0.04
6421,0.04,0.04,0.04
6422,0.04,0.04,0.04
6423,0.04,0.04,0.04
6424,0.04,0.04,0.04
6425,0.04,0.04,0.04
6426,0.04,0.04,0.04
6427,0.04,0.04,0.04
6428,0.04,0.04,0.04
6429,0.04,0.04,0.04
6430,0.04,0.04,0.04
6431,0.04,0.04,0.04
6432,0.04,0.04,0.04
6433,0.04,0.04,0.04
6434,0.04,0.04,0.04
6435,0.04,0.04,0.04
6436,0.04,0.04,0.04
6437,0.04,0.04,0.04
6438,0.04,0.04,0.04
6439,0.04,0.04,0.04
6440,0.04,0.04,0.04
6441,0.04,0.04,0.04
6442,0.04,0.04,0.04
6443,0.04,0.04,0.04
6444,0.04,0.04,0.04
6445,0.04,0.04,0.04
6446,0.04,0.04,0.04
6447,0.04,0.04,0.04
6448,0.04,0.04,0.04
6449,0.04,0.04,0.04
6450,0.04,0.04,0.04
6451,0.04,0.04,0.04
6452,0.04,0.04,0.04
6453,0.04,0.04,0.04
6454,0.04,0.04,0.04
6455,0.04,0.04,0.04
6456,0.04,0.04,0.04
6457,0.04,0.04,0.04
6458,0.04,0.04,0.04
6459,0.04,0.04,0.04
6460,0.04,0.04,0.04
6461,0.04,0.04,0.04
6462,0.04,0.04,0.04
6463,0.04,0.04,0.04
6464,0.04,0.04,0.04
6465,0.04,0.04,0.04
6466,0.04,0.04,0.04
6467,0.04,0.04,0.04
6468,0.04,0.04,0.04
6469,0.04,0.04,0.04
6470,0.04,0.04,0.04
6471,0.04,0.04,0.04
6472,0.04,0.04,0.04
6473,0.04,0.04,0.04
6474,0.04,0.04,0.04
6475,0.04,0.04,0.04
6476,0.04,0.04,0.04
6477,0.04,0.04,0.04
6478,0.04,0.04,0.04
6479,0.04,0.04,0.04
6480,0.04,0.04,0.04
6481,0.04,0.04,0.04
6482,0.04,0.04,0.04
6483,0.04,0.04,0.04
6484,0.04,0.04,0.04
6485,0.04,0.04,0.04
6486,0.04,0.04,0.04
6487,0.04,0.04,0.04
6488,0.04,0.04,0.04
6489,0.04,0.04,0.04
6490,0.04,0.04,0.04
6491,0.04,0.04,0.04
6492,0.04,0.04,0.04
6493,0.04,0.04,0.04
6494,0.04,0.04,0.04
6495,0.04,0.04,0.04
6496,0.04,0.04,0.04
6497,0.04,0.04,0.04
6498,0.04,0.04,0.04
6499,0.04,0.04,0.04
6500,0.04,0.04,0.04
6501,0.04,0.04,0.04
6502,0.04,0.04,0.04
6503,0.04,0.04,0.04
6504,0.04,0.04,0.04
6505,0.04,0.04,0.04
6506,0.04,0.04,0.04
6507,0.04,0.04,0.04
6508,0.04,0.04,0.04
6509,0.04,0.04,0.04
6510,0.04,0.04,0.04
6511,0.04,0.04,0.04
6512,0.04,0.04,0.04
6513,0.04,0.04,0.04
6514,0.04,0.04,0.04
6515,0.04,0.04,0.04
6516,0.04,0.04,0.04
6517,0.04,0.04,0.04
6518,0.04,0.04,0.04
6519,0.04,0.04,0.04
6520,0.04,0.04,0.04
6521,0.04,0.04,0.04
6522,0.04,0.04,0.04
6523,0.04,0.04,0.04
6524,0.04,0.04,0.04
6525,0.04,0.04,0.04
6526,0.04,0.04,0.04
6527,0.04,0.04,0.04
6528,0.04,0.04,0.04
6529,0.04,0.04,0.04
6530,0.04,0.04,0.04
6531,0.04,0.04,0.04
6532,0.04,0.04,0.04
6533,0.04,0.04,0.04
6534,0.04,0.04,0.04
6535,0.04,0.04,0.04
6536,0.04,0.04,0.04
6537,0.04,0.04,0.04
6538,0.04,0.04,0.04
6539,0.04,0.04,0.04
6540,0.04,0.04,0.04
6541,0.04,0.04,0.04
6542,0.04,0.04,0.04
6543,0.04,0.04,0.04
6544,0.04,0.04,0.04
6545,0.04,0.04,0.04
6546,0.04,0.04,0.04
6547,0.04,0.04,0.04
6548,0.04,0.04,0.04
6549,0.04,0.04,0.04
6550,0.04,0.04,0.04
6551,0.04,0.04,0.04
6552,0.04,0.04,0.04
6553,0.04,0.04,0.04
6554,0.04,0.04,0.04
6555,0.04,0.04,0.04
6556,0.04,0.04,0.04
6557,0.04,0.04,0.04
6558,0.04,0.04,0.04
6559,0.04,0.04,0.04
6560,0.04,0.04,0.04
6561,0.04,0.04,0.04
6562,0.04,0.04,0.04
6563,0.04,0.04,0.04
6564,0.04,0.04,0.04
6565,0.04,0.04,0.04
6566,0.04,0.04,0.04
6567,0.04,0.04,0.04
6568,0.04,0.04,0.04
6569,0.04,0.04,0.04
6570,0.04,0.04,0.04
6571,0.04,0.04,0.04
6572,0.04,0.04,0.04
6573,0.04,0.04,0.04
6574,0.04,0.04,0.04
6575,0.04,0.04,0.04
6576,0.04,0.04,0.04
6577,0.04,0.04,0.04
6578,0.04,0.04,0.04
6579,0.04,0.04,0.04
6580,0.04,0.04,0.04
6581,0.04,0.04,0.04
6582,0.04,0.04,0.04
6583,0.04,0.04,0.04
6584,0.04,0.04,0.04
6585,0.04,0.04,0.04
6586,0.04,0.04,0.04
6587,0.04,0.04,0.04
6588,0.04,0.04,0.04
6589,0.04,0.04,0.04
6590,0.04,0.04,0.04
6591,0.04,0.04,0.04
6592,0.04,0.04,0.04
6593,0.04,0.04,0.04
6594,0.04,0.04,0.04
6595,0.04,0.04,0.04
6596,0.04,0.04,0.04
6597,0.04,0.04,0.04
6598,0.04,0.04,0.04
6599,0.04,0.04,0.04
6600,0.04,0.04,0.04
6601,0.04,0.04,0.04
6602,0.04,0.04,0.04
6603,0.04,0.04,0.04
6604,0.04,0.04,0.04
6605,0.04,0.04,0.04
6606,0.04,0.04,0.04
6607,0.04,0.04,0.04
6608,0.04,0.04,0.04
6609,0.04,0.04,0.04
6610,0.04,0.04,0.04
6611,0.04,0.04,0.04
6612,0.04,0.04,0.04
6613,0.04,0.04,0.04
6614,0.04,0.04,0.04
6615,0.04,0.04,0.04
6616,0.04,0.04,0.04
6617,0.04,0.04,0.04
6618,0.04,0.04,0.04
6619,0.04,0.04,0.04
6620,0.04,0.04,0.04
6621,0.04,0.04,0.04
6622,0.04,0.04,0.04
6623,0.04,0.04,0.04
6624,0.04,0.04,0.04
6625,0.04,0.04,0.04
6626,0.04,0.04,0.04
6627,0.04,0.04,0.04
6628,0.04,0.04,0.04
6629,0.04,0.04,0.04
6630,0.04,0.04,0.04
6631,0.04,0.04,0.04
6632,0.04,0.04,0.04
6633,0.04,0.04,0.04
6634,0.04,0.04,0.04
6635,0.04,0.04,0.04
6636,0.04,0.04,0.04
6637,0.04,0.04,0.04
6638,0.04,0.04,0.04
6639,0.04,0.04,0.04
6640,0.04,0.04,0.04
6641,0.04,0.04,0.04
6642,0.04,0.04,0.04
6643,0.04,0.04,0.04
6644,0.04,0.04,0.04
6645,0.04,0.04,0.04
6646,0.04,0.04,0.04
6647,0.04,0.04,0.04
6648,0.04,0.04,0.04
6649,0.04,0.04,0.04
6650,0.04,0.04,0.04
6651,0.04,0.04,0.04
6652,0.04,0.04,0.04
6653,0.04,0.04,0.04
6654,0.04,0.04,0.04
6655,0.04,0.04,0.04
6656,0.04,0.04,0.04
6657,0.04,0.04,0.04
6658,0.04,0.04,0.04
6659,0.04,0.04,0.04
6660,0.04,0.04,0.04
6661,0.04,0.04,0.04
6662,0.04,0.04,0.04
6663,0.04,0.04,0.04
6664,0.04,0.04,0.04
6665,0.04,0.04,0.04
6666,0.04,0.04,0.04
6667,0.04,0.04,0.04
6668,0.04,0.04,0.04
6669,0.04,0.04,0.04
6670,0.04,0.04,0.04
6671,0.04,0.04,0.04
6672,0.04,0.04,0.04
6673,0.04,0.04,0.04
6674,0.04,0.04,0.04
6675,0.04,0.04,0.04
6676,0.04,0.04,0.04
6677,0.04,0.04,0.04
6678,0.04,0.04,0.04
6679,0.04,0.04,0.04
6680,0.04,0.04,0.04
6681,0.04,0.04,0.04
6682,0.04,0.04,0.04
6683,0.04,0.04,0.04
6684,0.04,0.04,0.04
6685,0.04,0.04,0.04
6686,0.04,0.04,0.04
6687,0.04,0.04,0.04
6688,0.04,0.04,0.04
6689,0.04,0.04,0.04
6690,0.04,0.04,0.04
6691,0.04,0.04,0.04
6692,0.04,0.04,0.04
6693,0.04,0.04,0.04
6694,0.04,0.04,0.04
6695,0.04,0.04,0.04
6696,0.04,0.04,0.04
6697,0.04,0.04,0.04
6698,0.04,0.04,0.04
6699,0.04,0.04,0.04
6700,0.04,0.04,0.04
6701,0.04,0.04,0.04
6702,0.04,0.04,0.04
6703,0.04,0.04,0.04
6704,0.04,0.04,0.04
6705,0.04,0.04,0.04
6706,0.04,0.04,0.04
6707,0.04,0.04,0.04
6708,0.04,0.04,0.04
6709,0.04,0.04,0.04
6710,0.04,0.04,0.04
6711,0.04,0.04,0.04
6712,0.04,0.04,0.04
6713,0.04,0.04,0.04
6714,0.04,0.04,0.04
6715,0.04,0.04,0.04
6716,0.04,0.04,0.04
6717,0.04,0.04,0.04
6718,0.04,0.04,0.04
6719,0.04,0.04,0.04
6720,0.04,0.04,0.04
6721,0.04,0.04,0.04
6722,0.04,0.04,0.04
6723,0.04,0.04,0.04
6724,0.04,0.04,0.04
6725,0.04,0.04,0.04
6726,0.04,0.04,0.04
6727,0.04,0.04,0.04
6728,0.04,0.04,0.04
6729,0.04,0.04,0.04
6730,0.04,0.04,0.04
6731,0.04,0.04,0.04
6732,0.04,0.04,0.04
6733,0.04,0.04,0.04
6734,0.04,0.04,0.04
6735,0.04,0.04,0.04
6736,0.04,0.04,0.04
6737,0.04,0.04,0.04
6738,0.04,0.04,0.04
6739,0.04,0.04,0.04
6740,0.04,0.04,0.04
6741,0.04,0.04,0.04
6742,0.04,0.04,0.04
6743,0.04,0.04,0.04
6744,0.04,0.04,0.04
6745,0.04,0.04,0.04
6746,0.04,0.04,0.04
6747,0.04,0.04,0.04
6748,0.04,0.04,0.04
6749,0.04,0.04,0.04
6750,0.04,0.04,0.04
6751,0.04,0.04,0.04
6752,0.04,0.04,0.04
6753,0.04,0.04,0.04
6754,0.04,0.04,0.04
6755,0.04,0.04,0.04
6756,0.04,0.04,0.04
6757,0.04,0.04,0.04
6758,0.04,0.04,0.04
6759,0.04,0.04,0.04
6760,0.04,0.04,0.04
6761,0.04,0.04,0.04
6762,0.04,0.04,0.04
6763,0.04,0.04,0.04
6764,0.04,0.04,0.04
6765,0.04,0.04,0.04
6766,0.04,0.04,0.04
6767,0.04,0.04,0.04
6768,0.04,0.04,0.04
6769,0.04,0.04,0.04
6770,0.04,0.04,0.04
6771,0.04,0.04,0.04
6772,0.04,0.04,0.04
6773,0.04,0.04,0.04
6774,0.04,0.04,0.04
6775,0.04,0.04,0.04
6776,0.04,0.04,0.04
6777,0.04,0.04,0.04
6778,0.04,0.04,0.04
6779,0.04,0.04,0.04
6780,0.04,0.04,0.04
6781,0.04,0.04,0.04
6782,0.04,0.04,0.04
6783,0.04,0.04,0.04
6784,0.04,0.04,0.04
6785,0.04,0.04,0.04
6786,0.04,0.04,0.04
6787,0.04,0.04,0.04
6788,0.04,0.04,0.04
6789,0.04,0.04,0.04
6790,0.04,0.04,0.04
6791,0.04,0.04,0.04
6792,0.04,0.04,0.04
6793,0.04,0.04,0.04
6794,0.04,0.04,0.04
6795,0.04,0.04,0.04
6796,0.04,0.04,0.04
6797,0.04,0.04,0.04
6798,0.04,0.04,0.04
6799,0.04,0.04,0.04
6800,0.04,0.04,0.04
6801,0.04,0.04,0.04
6802,0.04,0.04,0.04
6803,0.04,0.04,0.04
6804,0.04,0.04,0.04
6805,0.04,0.04,0.04
6806,0.04,0.04,0.04
6807,0.04,0.04,0.04
6808,0.04,0.04,0.04
6809,0.04,0.04,0.04
6810,0.04,0.04,0.04
6811,0.04,0.04,0.04
6812,0.04,0.04,0.04
6813,0.04,0.04,0.04
6814,0.04,0.04,0.04
6815,0.04,0.04,0.04
6816,0.04,0.04,0.04
6817,0.04,0.04,0.04
6818,0.04,0.04,0.04
6819,0.04,0.04,0.04
6820,0.04,0.04,0.04
6821,0.04,0.04,0.04
6822,0.04,0.04,0.04
6823,0.04,0.04,0.04
6824,0.04,0.04,0.04
6825,0.04,0.04,0.04
6826,0.04,0.04,0.04
6827,0.04,0.04,0.04
6828,0.04,0.04,0.04
6829,0.04,0.04,0.04
6830,0.04,0.04,0.04
6831,0.04,0.04,0.04
6832,0.04,0.04,0.04
6833,0.04,0.04,0.04
6834,0.04,0.04,0.04
6835,0.04,0.04,0.04
6836,0.04,0.04,0.04
6837,0.04,0.04,0.04
6838,0.04,0.04,0.04
6839,0.04,0.04,0.04
6840,0.04,0.04,0.04
6841,0.04,0.04,0.04
6842,0.04,0.04,0.04
6843,0.04,0.04,0.04
6844,0.04,0.04,0.04
6845,0.04,0.04,0.04
6846,0.04,0.04,0.04
6847,0.04,0.04,0.04
6848,0.04,0.04,0.04
6849,0.04,0.04,0.04
6850,0.04,0.04,0.04
6851,0.04,0.04,0.04
6852,0.04,0.04,0.04
6853,0.04,0.04,0.04
6854,0.04,0.04,0.04
6855,0.04,0.04,0.04
6856,0.04,0.04,0.04
6857,0.04,0.04,0.04
6858,0.04,0.04,0.04
6859,0.04,0.04,0.04
6860,0.04,0.04,0.04
6861,0.04,0.04,0.04
6862,0.04,0.04,0.04
6863,0.04,0.04,0.04
6864,0.04,0.04,0.04
6865,0.04,0.04,0.04
6866,0.04,0.04,0.04
6867,0.04,0.04,0.04
6868,0.04,0.04,0.04
6869,0.04,0.04,0.04
6870,0.04,0.04,0.04
6871,0.04,0.04,0.04
6872,0.04,0.04,0.04
6873,0.04,0.04,0.04
6874,0.04,0.04,0.04
6875,0.04,0.04,0.04
6876,0.04,0.04,0.04
6877,0.04,0.04,0.04
6878,0.04,0.04,0.04
6879,0.04,0.04,0.04
6880,0.04,0.04,0.04
6881,0.04,0.04,0.04
6882,0.04,0.04,0.04
6883,0.04,0.04,0.04
6884,0.04,0.04,0.04
6885,0.04,0.04,0.04
6886,0.04,0.04,0.04
6887,0.04,0.04,0.04
6888,0.04,0.04,0.04
6889,0.04,0.04,0.04
6890,0.04,0.04,0.04
6891,0.04,0.04,0.04
6892,0.04,0.04,0.04
6893,0.04,0.04,0.04
6894,0.04,0.04,0.04
6895,0.04,0.04,0.04
6896,0.04,0.04,0.04
6897,0.04,0.04,0.04
6898,0.04,0.04,0.04
6899,0.04,0.04,0.04
6900,0.04,0.04,0.04
6901,0.04,0.04,0.04
6902,0.04,0.04,0.04
6903,0.04,0.04,0.04
6904,0.04,0.04,0.04
6905,0.04,0.04,0.04
6906,0.04,0.04,0.04
6907,0.04,0.04,0.04
6908,0.04,0.04,0.04
6909,0.04,0.04,0.04
6910,0.04,0.04,0.04
6911,0.04,0.04,0.04
6912,0.04,0.04,0.04
6913,0.04,0.04,0.04
6914,0.04,0.04,0.04
6915,0.04,0.04,0.04
6916,0.04,0.04,0.04
6917,0.04,0.04,0.04
6918,0.04,0.04,0.04
6919,0.04,0.04,0.04
6920,0.04,0.04,0.04
6921,0.04,0.04,0.04
6922,0.04,0.04,0.04
6923,0.04,0.04,0.04
6924,0.04,0.04,0.04
6925,0.04,0.04,0.04
6926,0.04,0.04,0.04
6927,0.04,0.04,0.04
6928,0.04,0.04,0.04
6929,0.04,0.04,0.04
6930,0.04,0.04,0.04
6931,0.04,0.04,0.04
6932,0.04,0.04,0.04
6933,0.04,0.04,0.04
6934,0.04,0.04,0.04
6935,0.04,0.04,0.04
6936,0.04,0.04,0.04
6937,0.04,0.04,0.04
6938,0.04,0.04,0.04
6939,0.04,0.04,0.04
6940,0.04,0.04,0.04
6941,0.04,0.04,0.04
6942,0.04,0.04,0.04
6943,0.04,0.04,0.04
6944,0.04,0.04,0.04
6945,0.04,0.04,0.04
6946,0.04,0.04,0.04
6947,0.04,0.04,0.04
6948,0.04,0.04,0.04
6949,0.04,0.04,0.04
6950,0.04,0.04,0.04
6951,0.04,0.04,0.04
6952,0.04,0.04,0.04
6953,0.04,0.04,0.04
6954,0.04,0.04,0.04
6955,0.04,0.04,0.04
6956,0.04,0.04,0.04
6957,0.04,0.04,0.04
6958,0.04,0.04,0.04
6959,0.04,0.04,0.04
6960,0.04,0.04,0.04
6961,0.04,0.04,0.04
6962,0.04,0.04,0.04
6963,0.04,0.04,0.04
6964,0.04,0.04,0.04
6965,0.04,0.04,0.04
6966,0.04,0.04,0.04
6967,0.04,0.04,0.04
6968,0.04,0.04,0.04
6969,0.04,0.04,0.04
6970,0.04,0.04,0.04
6971,0.04,0.04,0.04
6972,0.04,0.04,0.04
6973,0.04,0.04,0.04
6974,0.04,0.04,0.04
6975,0.04,0.04,0.04
6976,0.04,0.04,0.04
6977,0.04,0.04,0.04
6978,0.04,0.04,0.04
6979,0.04,0.04,0.04
6980,0.04,0.04,0.04
6981,0.04,0.04,0.04
6982,0.04,0.04,0.04
6983,0.04,0.04,0.04
6984,0.04,0.04,0.04
6985,0.04,0.04,0.04
6986,0.04,0.04,0.04
6987,0.04,0.04,0.04
6988,0.04,0.04,0.04
6989,0.04,0.04,0.04
6990,0.04,0.04,0.04
6991,0.04,0.04,0.04
6992,0.04,0.04,0.04
6993,0.04,0.04,0.04
6994,0.04,0.04,0.04
6995,0.04,0.04,0.04
6996,0.04,0.04,0.04
6997,0.04,0.04,0.04
6998,0.04,0.04,0.04
6999,0.04,0.04,0.04
7000,0.04,0.04,0.04
7001,0.04,0.04,0.04
7002,0.04,0.04,0.04
7003,0.04,0.04,0.04
7004,0.04,0.04,0.04
7005,0.04,0.04,0.04
7006,0.04,0.04,0.04
7007,0.04,0.04,0.04
7008,0.04,0.04,0.04
7009,0.04,0.04,0.04
7010,0.04,0.04,0.04
7011,0.04,0.04,0.04
7012,0.04,0.04,0.04
7013,0.04,0.04,0.04
7014,0.04,0.04,0.04
7015,0.04,0.04,0.04
7016,0.04,0.04,0.04
7017,0.04,0.04,0.04
7018,0.04,0.04,0.04
7019,0.04,0.04,0.04
7020,0.04,0.04,0.04
7021,0.04,0.04,0.04
7022,0.04,0.04,0.04
7023,0.04,0.04,0.04
7024,0.04,0.04,0.04
7025,0.04,0.04,0.04
7026,0.04,0.04,0.04
7027,0.04,0.04,0.04
7028,0.04,0.04,0.04
7029,0.04,0.04,0.04
7030,0.04,0.04,0.04
7031,0.04,0.04,0.04
7032,0.04,0.04,0.04
7033,0.04,0.04,0.04
7034,0.04,0.04,0.04
7035,0.04,0.04,0.04
7036,0.04,0.04,0.04
7037,0.04,0.04,0.04
7038,0.04,0.04,0.04
7039,0.04,0.04,0.04
7040,0.04,0.04,0.04
7041,0.04,0.04,0.04
7042,0.04,0.04,0.04
7043,0.04,0.04,0.04
7044,0.04,0.04,0.04
7045,0.04,0.04,0.04
7046,0.04,0.04,0.04
7047,0.04,0.04,0.04
7048,0.04,0.04,0.04
7049,0.04,0.04,0.04
7050,0.04,0.04,0.04
7051,0.04,0.04,0.04
7052,0.04,0.04,0.04
7053,0.04,0.04,0.04
7054,0.04,0.04,0.04
7055,0.04,0.04,0.04
7056,0.04,0.04,0.04
7057,0.04,0.04,0.04
7058,0.04,0.04,0.04
7059,0.04,0.04,0.04
7060,0.04,0.04,0.04
7061,0.04,0.04,0.04
7062,0.04,0.04,0.04
7063,0.04,0.04,0.04
7064,0.04,0.04,0.04
7065,0.04,0.04,0.04
7066,0.04,0.04,0.04
7067,0.04,0.04,0.04
7068,0.04,0.04,0.04
7069,0.04,0.04,0.04
7070,0.04,0.04,0.04
7071,0.04,0.04,0.04
7072,0.04,0.04,0.04
7073,0.04,0.04,0.04
7074,0.04,0.04,0.04
7075,0.04,0.04,0.04
7076,0.04,0.04,0.04
7077,0.04,0.04,0.04
7078,0.04,0.04,0.04
7079,0.04,0.04,0.04
7080,0.04,0.04,0.04
7081,0.04,0.04,0.04
7082,0.04,0.04,0.04
7083,0.04,0.04,0.04
7084,0.04,0.04,0.04
7085,0.04,0.04,0.04
7086,0.04,0.04,0.04
7087,0.04,0.04,0.04
7088,0.04,0.04,0.04
7089,0.04,0.04,0.04
7090,0.04,0.04,0.04
7091,0.04,0.04,0.04
7092,0.04,0.04,0.04
7093,0.04,0.04,0.04
7094,0.04,0.04,0.04
7095,0.04,0.04,0.04
7096,0.04,0.04,0.04
7097,0.04,0.04,0.04
7098,0.04,0.04,0.04
7099,0.04,0.04,0.04
7100,0.04,0.04,0.04
7101,0.04,0.04,0.04
7102,0.04,0.04,0.04
7103,0.04,0.04,0.04
7104,0.04,0.04,0.04
7105,0.04,0.04,0.04
7106,0.04,0.04,0.04
7107,0.04,0.04,0.04
7108,0.04,0.04,0.04
7109,0.04,0.04,0.04
7110,0.04,0.04,0.04
7111,0.04,0.04,0.04
7112,0.04,0.04,0.04
7113,0.04,0.04,0.04
7114,0.04,0.04,0.04
7115,0.04,0.04,0.04
7116,0.04,0.04,0.04
7117,0.04,0.04,0.04
7118,0.04,0.04,0.04
7119,0.04,0.04,0.04
7120,0.04,0.04,0.04
7121,0.04,0.04,0.04
7122,0.04,0.04,0.04
7123,0.04,0.04,0.04
7124,0.04,0.04,0.04
7125,0.04,0.04,0.04
7126,0.04,0.04,0.04
7127,0.04,0.04,0.04
7128,0.04,0.04,0.04
7129,0.04,0.04,0.04
7130,0.04,0.04,0.04
7131,0.04,0.04,0.04
7132,0.04,0.04,0.04
7133,0.04,0.04,0.04
7134,0.04,0.04,0.04
7135,0.04,0.04,0.04
7136,0.04,0.04,0.04
7137,0.04,0.04,0.04
7138,0.04,0.04,0.04
7139,0.04,0.04,0.04
7140,0.04,0.04,0.04
7141,0.04,0.04,0.04
7142,0.04,0.04,0.04
7143,0.04,0.04,0.04
7144,0.04,0.04,0.04
7145,0.04,0.04,0.04
7146,0.04,0.04,0.04
7147,0.04,0.04,0.04
7148,0.04,0.04,0.04
7149,0.04,0.04,0.04
7150,0.04,0.04,0.04
7151,0.04,0.04,0.04
7152,0.04,0.04,0.04
7153,0.04,0.04,0.04
7154,0.04,0.04,0.04
7155,0.04,0.04,0.04
7156,0.04,0.04,0.04
7157,0.04,0.04,0.04
7158,0.04,0.04,0.04
7159,0.04,0.04,0.04
7160,0.04,0.04,0.04
7161,0.04,0.04,0.04
7162,0.04,0.04,0.04
7163,0.04,0.04,0.04
7164,0.04,0.04,0.04
7165,0.04,0.04,0.04
7166,0.04,0.04,0.04
7167,0.04,0.04,0.04
7168,0.04,0.04,0.04
7169,0.04,0.04,0.04
7170,0.04,0.04,0.04
7171,0.04,0.04,0.04
7172,0.04,0.04,0.04
7173,0.04,0.04,0.04
7174,0.04,0.04,0.04
7175,0.04,0.04,0.04
7176,0.04,0.04,0.04
7177,0.04,0.04,0.04
7178,0.04,0.04,0.04
7179,0.04,0.04,0.04
7180,0.04,0.04,0.04
7181,0.04,0.04,0.04
7182,0.04,0.04,0.04
7183,0.04,0.04,0.04
7184,0.04,0.04,0.04
7185,0.04,0.04,0.04
7186,0.04,0.04,0.04
7187,0.04,0.04,0.04
7188,0.04,0.04,0.04
7189,0.04,0.04,0.04
7190,0.04,0.04,0.04
7191,0.04,0.04,0.04
7192,0.04,0.04,0.04
7193,0.04,0.04,0.04
7194,0.04,0.04,0.04
7195,0.04,0.04,0.04
7196,0.04,0.04,0.04
7197,0.04,0.04,0.04
7198,0.04,0.04,0.04
7199,0.04,0.04,0.04
7200,0.04,0.04,0.04
7201,0.04,0.04,0.04
7202,0.04,0.04,0.04
7203,0.04,0.04,0.04
7204,0.04,0.04,0.04
7205,0.04,0.04,0.04
7206,0.04,0.04,0.04
7207,0.04,0.04,0.04
7208,0.04,0.04,0.04
7209,0.04,0.04,0.04
7210,0.04,0.04,0.04
7211,0.04,0.04,0.04
7212,0.04,0.04,0.04
7213,0.04,0.04,0.04
7214,0.04,0.04,0.04
7215,0.04,0.04,0.04
7216,0.04,0.04,0.04
7217,0.04,0.04,0.04
7218,0.04,0.04,0.04
7219,0.04,0.04,0.04
7220,0.04,0.04,0.04
7221,0.04,0.04,0.04
7222,0.04,0.04,0.04
7223,0.04,0.04,0.04
7224,0.04,0.04,0.04
7225,0.04,0.04,0.04
7226,0.04,0.04,0.04
7227,0.04,0.04,0.04
7228,0.04,0.04,0.04
7229,0.04,0.04,0.04
7230,0.04,0.04,0.04
7231,0.04,0.04,0.04
7232,0.04,0.04,0.04
7233,0.04,0.04,0.04
7234,0.04,0.04,0.04
7235,0.04,0.04,0.04
7236,0.04,0.04,0.04
7237,0.04,0.04,0.04
7238,0.04,0.04,0.04
7239,0.04,0.04,0.04
7240,0.04,0.04,0.04
7241,0.04,0.04,0.04
7242,0.04,0.04,0.04
7243,0.04,0.04,0.04
7244,0.04,0.04,0.04
7245,0.04,0.04,0.04
7246,0.04,0.04,0.04
7247,0.04,0.04,0.04
7248,0.04,0.04,0.04
7249,0.04,0.04,0.04
7250,0.04,0.04,0.04
7251,0.04,0.04,0.04
7252,0.04,0.04,0.04
7253,0.04,0.04,0.04
7254,0.04,0.04,0.04
7255,0.04,0.04,0.04
7256,0.04,0.04,0.04
7257,0.04,0.04,0.04
7258,0.04,0.04,0.04
7259,0.04,0.04,0.04
7260,0.04,0.04,0.04
7261,0.04,0.04,0.04
7262,0.04,0.04,0.04
7263,0.04,0.04,0.04
7264,0.04,0.04,0.04
7265,0.04,0.04,0.04
7266,0.04,0.04,0.04
7267,0.04,0.04,0.04
7268,0.04,0.04,0.04
7269,0.04,0.04,0.04
7270,0.04,0.04,0.04
7271,0.04,0.04,0.04
7272,0.04,0.04,0.04
7273,0.04,0.04,0.04
7274,0.04,0.04,0.04
7275,0.04,0.04,0.04
7276,0.04,0.04,0.04
7277,0.04,0.04,0.04
7278,0.04,0.04,0.04
7279,0.04,0.04,0.04
7280,0.04,0.04,0.04
7281,0.04,0.04,0.04
7282,0.04,0.04,0.04
7283,0.04,0.04,0.04
7284,0.04,0.04,0.04
7285,0.04,0.04,0.04
7286,0.04,0.04,0.04
7287,0.04,0.04,0.04
7288,0.04,0.04,0.04
7289,0.04,0.04,0.04
7290,0.04,0.04,0.04
7291,0.04,0.04,0.04
7292,0.04,0.04,0.04
7293,0.04,0.04,0.04
7294,0.04,0.04,0.04
7295,0.04,0.04,0.04
7296,0.04,0.04,0.04
7297,0.04,0.04,0.04
7298,0.04,0.04,0.04
7299,0.04,0.04,0.04
7300,0.04,0.04,0.04
7301,0.04,0.04,0.04
7302,0.04,0.04,0.04
7303,0.04,0.04,0.04
7304,0.04,0.04,0.04
7305,0.04,0.04,0.04
7306,0.04,0.04,0.04
7307,0.04,0.04,0.04
7308,0.04,0.04,0.04
7309,0.04,0.04,0.04
7310,0.04,0.04,0.04
7311,0.04,0.04,0.04
7312,0.04,0.04,0.04
7313,0.04,0.04,0.04
7314,0.04,0.04,0.04
7315,0.04,0.04,0.04
7316,0.04,0.04,0.04
7317,0.04,0.04,0.04
7318,0.04,0.04,0.04
7319,0.04,0.04,0.04
7320,0.04,0.04,0.04
7321,0.04,0.04,0.04
7322,0.04,0.04,0.04
7323,0.04,0.04,0.04
7324,0.04,0.04,0.04
7325,0.04,0.04,0.04
7326,0.04,0.04,0.04
7327,0.04,0.04,0.04
7328,0.04,0.04,0.04
7329,0.04,0.04,0.04
7330,0.04,0.04,0.04
7331,0.04,0.04,0.04
7332,0.04,0.04,0.04
7333,0.04,0.04,0.04
7334,0.04,0.04,0.04
7335,0.04,0.04,0.04
7336,0.04,0.04,0.04
7337,0.04,0.04,0.04
7338,0.04,0.04,0.04
7339,0.04,0.04,0.04
7340,0.04,0.04,0.04
7341,0.04,0.04,0.04
7342,0.04,0.04,0.04
7343,0.04,0.04,0.04
7344,0.04,0.04,0.04
7345,0.04,0.04,0.04
7346,0.04,0.04,0.04
7347,0.04,0.04,0.04
7348,0.04,0.04,0.04
7349,0.04,0.04,0.04
7350,0.04,0.04,0.04
7351,0.04,0.04,0.04
7352,0.04,0.04,0.04
7353,0.04,0.04,0.04
7354,0.04,0.04,0.04
7355,0.04,0.04,0.04
7356,0.04,0.04,0.04
7357,0.04,0.04,0.04
7358,0.04,0.04,0.04
7359,0.04,0.04,0.04
7360,0.04,0.04,0.04
7361,0.04,0.04,0.04
7362,0.04,0.04,0.04
7363,0.04,0.04,0.04
7364,0.04,0.04,0.04
7365,0.04,0.04,0.04
7366,0.04,0.04,0.04
7367,0.04,0.04,0.04
7368,0.04,0.04,0.04
7369,0.04,0.04,0.04
7370,0.04,0.04,0.04
7371,0.04,0.04,0.04
7372,0.04,0.04,0.04
7373,0.04,0.04,0.04
7374,0.04,0.04,0.04
7375,0.04,0.04,0.04
7376,0.04,0.04,0.04
7377,0.04,0.04,0.04
7378,0.04,0.04,0.04
7379,0.04,0.04,0.04
7380,0.04,0.04,0.04
7381,0.04,0.04,0.04
7382,0.04,0.04,0.04
7383,0.04,0.04,0.04
7384,0.04,0.04,0.04
7385,0.04,0.04,0.04
7386,0.04,0.04,0.04
7387,0.04,0.04,0.04
7388,0.04,0.04,0.04
7389,0.04,0.04,0.04
7390,0.04,0.04,0.04
7391,0.04,0.04,0.04
7392,0.04,0.04,0.04
7393,0.04,0.04,0.04
7394,0.04,0.04,0.04
7395,0.04,0.04,0.04
7396,0.04,0.04,0.04
7397,0.04,0.04,0.04
7398,0.04,0.04,0.04
7399,0.04,0.04,0.04
7400,0.04,0.04,0.04
7401,0.04,0.04,0.04
7402,0.04,0.04,0.04
7403,0.04,0.04,0.04
7404,0.04,0.04,0.04
7405,0.04,0.04,0.04
7406,0.04,0.04,0.04
7407,0.04,0.04,0.04
7408,0.04,0.04,0.04
7409,0.04,0.04,0.04
7410,0.04,0.04,0.04
7411,0.04,0.04,0.04
7412,0.04,0.04,0.04
7413,0.04,0.04,0.04
7414,0.04,0.04,0.04
7415,0.04,0.04,0.04
7416,0.04,0.04,0.04
7417,0.04,0.04,0.04
7418,0.04,0.04,0.04
7419,0.04,0.04,0.04
7420,0.04,0.04,0.04
7421,0.04,0.04,0.04
7422,0.04,0.04,0.04
7423,0.04,0.04,0.04
7424,0.04,0.04,0.04
7425,0.04,0.04,0.04
7426,0.04,0.04,0.04
7427,0.04,0.04,0.04
7428,0.04,0.04,0.04
7429,0.04,0.04,0.04
7430,0.04,0.04,0.04
7431,0.04,0.04,0.04
7432,0.04,0.04,0.04
7433,0.04,0.04,0.04
7434,0.04,0.04,0.04
7435,0.04,0.04,0.04
7436,0.04,0.04,0.04
7437,0.04,0.04,0.04
7438,0.04,0.04,0.04
7439,0.04,0.04,0.04
7440,0.04,0.04,0.04
7441,0.04,0.04,0.04
7442,0.04,0.04,0.04
7443,0.04,0.04,0.04
7444,0.04,0.04,0.04
7445,0.04,0.04,0.04
7446,0.04,0.04,0.04
7447,0.04,0.04,0.04
7448,0.04,0.04,0.04
7449,0.04,0.04,0.04
7450,0.04,0.04,0.04
7451,0.04,0.04,0.04
7452,0.04,0.04,0.04
7453,0.04,0.04,0.04
7454,0.04,0.04,0.04
7455,0.04,0.04,0.04
7456,0.04,0.04,0.04
7457,0.04,0.04,0.04
7458,0.04,0.04,0.04
7459,0.04,0.04,0.04
7460,0.04,0.04,0.04
7461,0.04,0.04,0.04
7462,0.04,0.04,0.04
7463,0.04,0.04,0.04
7464,0.04,0.04,0.04
7465,0.04,0.04,0.04
7466,0.04,0.04,0.04
7467,0.04,0.04,0.04
7468,0.04,0.04,0.04
7469,0.04,0.04,0.04
7470,0.04,0.04,0.04
7471,0.04,0.04,0.04
7472,0.04,0.04,0.04
7473,0.04,0.04,0.04
7474,0.04,0.04,0.04
7475,0.04,0.04,0.04
7476,0.04,0.04,0.04
7477,0.04,0.04,0.04
7478,0.04,0.04,0.04
7479,0.04,0.04,0.04
7480,0.04,0.04,0.04
7481,0.04,0.04,0.04
7482,0.04,0.04,0.04
7483,0.04,0.04,0.04
7484,0.04,0.04,0.04
7485,0.04,0.04,0.04
7486,0.04,0.04,0.04
7487,0.04,0.04,0.04
7488,0.04,0.04,0.04
7489,0.04,0.04,0.04
7490,0.04,0.04,0.04
7491,0.04,0.04,0.04
7492,0.04,0.04,0.04
7493,0.04,0.04,0.04
7494,0.04,0.04,0.04
7495,0.04,0.04,0.04
7496,0.04,0.04,0.04
7497,0.04,0.04,0.04
7498,0.04,0.04,0.04
7499,0.04,0.04,0.04
7500,0.04,0.04,0.04
7501,0.04,0.04,0.04
7502,0.04,0.04,0.04
7503,0.04,0.04,0.04
7504,0.04,0.04,0.04
7505,0.04,0.04,0.04
7506,0.04,0.04,0.04
7507,0.04,0.04,0.04
7508,0.04,0.04,0.04
7509,0.04,0.04,0.04
7510,0.04,0.04,0.04
7511,0.04,0.04,0.04
7512,0.04,0.04,0.04
7513,0.04,0.04,0.04
7514,0.04,0.04,0.04
7515,0.04,0.04,0.04
7516,0.04,0.04,0.04
7517,0.04,0.04,0.04
7518,0.04,0.04,0.04
7519,0.04,0.04,0.04
7520,0.04,0.04,0.04
7521,0.04,0.04,0.04
7522,0.04,0.04,0.04
7523,0.04,0.04,0.04
7524,0.04,0.04,0.04
7525,0.04,0.04,0.04
7526,0.04,0.04,0.04
7527,0.04,0.04,0.04
7528,0.04,0.04,0.04
7529,0.04,0.04,0.04
7530,0.04,0.04,0.04
7531,0.04,0.04,0.04
7532,0.04,0.04,0.04
7533,0.04,0.04,0.04
7534,0.04,0.04,0.04
7535,0.04,0.04,0.04
7536,0.04,0.04,0.04
7537,0.04,0.04,0.04
7538,0.04,0.04,0.04
7539,0.04,0.04,0.04
7540,0.04,0.04,0.04
7541,0.04,0.04,0.04
7542,0.04,0.04,0.04
7543,0.04,0.04,0.04
7544,0.04,0.04,0.04
7545,0.04,0.04,0.04
7546,0.04,0.04,0.04
7547,0.04,0.04,0.04
7548,0.04,0.04,0.04
7549,0.04,0.04,0.04
7550,0.04,0.04,0.04
7551,0.04,0.04,0.04
7552,0.04,0.04,0.04
7553,0.04,0.04,0.04
7554,0.04,0.04,0.04
7555,0.04,0.04,0.04
7556,0.04,0.04,0.04
7557,0.04,0.04,0.04
7558,0.04,0.04,0.04
7559,0.04,0.04,0.04
7560,0.04,0.04,0.04
7561,0.04,0.04,0.04
7562,0.04,0.04,0.04
7563,0.04,0.04,0.04
7564,0.04,0.04,0.04
7565,0.04,0.04,0.04
7566,0.04,0.04,0.04
7567,0.04,0.04,0.04
7568,0.04,0.04,0.04
7569,0.04,0.04,0.04
7570,0.04,0.04,0.04
7571,0.04,0.04,0.04
7572,0.04,0.04,0.04
7573,0.04,0.04,0.04
7574,0.04,0.04,0.04
7575,0.04,0.04,0.04
7576,0.04,0.04,0.04
7577,0.04,0.04,0.04
7578,0.04,0.04,0.04
7579,0.04,0.04,0.04
7580,0.04,0.04,0.04
7581,0.04,0.04,0.04
7582,0.04,0.04,0.04
7583,0.04,0.04,0.04
7584,0.04,0.04,0.04
7585,0.04,0.04,0.04
7586,0.04,0.04,0.04
7587,0.04,0.04,0.04
7588,0.04,0.04,0.04
7589,0.04,0.04,0.04
7590,0.04,0.04,0.04
7591,0.04,0.04,0.04
7592,0.04,0.04,0.04
7593,0.04,0.04,0.04
7594,0.04,0.04,0.04
7595,0.04,0.04,0.04
7596,0.04,0.04,0.04
7597,0.04,0.04,0.04
7598,0.04,0.04,0.04
7599,0.04,0.04,0.04
7600,0.04,0.04,0.04
7601,0.04,0.04,0.04
7602,0.04,0.04,0.04
7603,0.04,0.04,0.04
7604,0.04,0.04,0.04
7605,0.04,0.04,0.04
7606,0.04,0.04,0.04
7607,0.04,0.04,0.04
7608,0.04,0.04,0.04
7609,0.04,0.04,0.04
7610,0.04,0.04,0.04
7611,0.04,0.04,0.04
7612,0.04,0.04,0.04
7613,0.04,0.04,0.04
7614,0.04,0.04,0.04
7615,0.04,0.04,0.04
7616,0.04,0.04,0.04
7617,0.04,0.04,0.04
7618,0.04,0.04,0.04
7619,0.04,0.04,0.04
7620,0.04,0.04,0.04
7621,0.04,0.04,0.04
7622,0.04,0.04,0.04
7623,0.04,0.04,0.04
7624,0.04,0.04,0.04
7625,0.04,0.04,0.04
7626,0.04,0.04,0.04
7627,0.04,0.04,0.04
7628,0.04,0.04,0.04
7629,0.04,0.04,0.04
7630,0.04,0.04,0.04
7631,0.04,0.04,0.04
7632,0.04,0.04,0.04
7633,0.04,0.04,0.04
7634,0.04,0.04,0.04
7635,0.04,0.04,0.04
7636,0.04,0.04,0.04
7637,0.04,0.04,0.04
7638,0.04,0.04,0.04
7639,0.04,0.04,0.04
7640,0.04,0.04,0.04
7641,0.04,0.04,0.04
7642,0.04,0.04,0.04
7643,0.04,0.04,0.04
7644,0.04,0.04,0.04
7645,0.04,0.04,0.04
7646,0.04,0.04,0.04
7647,0.04,0.04,0.04
7648,0.04,0.04,0.04
7649,0.04,0.04,0.04
7650,0.04,0.04,0.04
7651,0.04,0.04,0.04
7652,0.04,0.04,0.04
7653,0.04,0.04,0.04
7654,0.04,0.04,0.04
7655,0.04,0.04,0.04
7656,0.04,0.04,0.04
7657,0.04,0.04,0.04
7658,0.04,0.04,0.04
7659,0.04,0.04,0.04
7660,0.04,0.04,0.04
7661,0.04,0.04,0.04
7662,0.04,0.04,0.04
7663,0.04,0.04,0.04
7664,0.04,0.04,0.04
7665,0.04,0.04,0.04
7666,0.04,0.04,0.04
7667,0.04,0.04,0.04
7668,0.04,0.04,0.04
7669,0.04,0.04,0.04
7670,0.04,0.04,0.04
7671,0.04,0.04,0.04
7672,0.04,0.04,0.04
7673,0.04,0.04,0.04
7674,0.04,0.04,0.04
7675,0.04,0.04,0.04
7676,0.04,0.04,0.04
7677,0.04,0.04,0.04
7678,0.04,0.04,0.04
7679,0.04,0.04,0.04
7680,0.04,0.04,0.04
7681,0.04,0.04,0.04
7682,0.04,0.04,0.04
7683,0.04,0.04,0.04
7684,0.04,0.04,0.04
7685,0.04,0.04,0.04
7686,0.04,0.04,0.04
7687,0.04,0.04,0.04
7688,0.04,0.04,0.04
7689,0.04,0.04,0.04
7690,0.04,0.04,0.04
7691,0.04,0.04,0.04
7692,0.04,0.04,0.04
7693,0.04,0.04,0.04
7694,0.04,0.04,0.04
7695,0.04,0.04,0.04
7696,0.04,0.04,0.04
7697,0.04,0.04,0.04
7698,0.04,0.04,0.04
7699,0.04,0.04,0.04
7700,0.04,0.04,0.04
7701,0.04,0.04,0.04
7702,0.04,0.04,0.04
7703,0.04,0.04,0.04
7704,0.04,0.04,0.04
7705,0.04,0.04,0.04
7706,0.04,0.04,0.04
7707,0.04,0.04,0.04
7708,0.04,0.04,0.04
7709,0.04,0.04,0.04
7710,0.04,0.04,0.04
7711,0.04,0.04,0.04
7712,0.04,0.04,0.04
7713,0.04,0.04,0.04
7714,0.04,0.04,0.04
7715,0.04,0.04,0.04
7716,0.04,0.04,0.04
7717,0.04,0.04,0.04
7718,0.04,0.04,0.04
7719,0.04,0.04,0.04
7720,0.04,0.04,0.04
7721,0.04,0.04,0.04
7722,0.04,0.04,0.04
7723,0.04,0.04,0.04
7724,0.04,0.04,0.04
7725,0.04,0.04,0.04
7726,0.04,0.04,0.04
7727,0.04,0.04,0.04
7728,0.04,0.04,0.04
7729,0.04,0.04,0.04
7730,0.04,0.04,0.04
7731,0.04,0.04,0.04
7732,0.04,0.04,0.04
7733,0.04,0.04,0.04
7734,0.04,0.04,0.04
7735,0.04,0.04,0.04
7736,0.04,0.04,0.04
7737,0.04,0.04,0.04
7738,0.04,0.04,0.04
7739,0.04,0.04,0.04
7740,0.04,0.04,0.04
7741,0.04,0.04,0.04
7742,0.04,0.04,0.04
7743,0.04,0.04,0.04
7744,0.04,0.04,0.04
7745,0.04,0.04,0.04
7746,0.04,0.04,0.04
7747,0.04,0.04,0.04
7748,0.04,0.04,0.04
7749,0.04,0.04,0.04
7750,0.04,0.04,0.04
7751,0.04,0.04,0.04
7752,0.04,0.04,0.04
7753,0.04,0.04,0.04
7754,0.04,0.04,0.04
7755,0.04,0.04,0.04
7756,0.04,0.04,0.04
7757,0.04,0.04,0.04
7758,0.04,0.04,0.04
7759,0.04,0.04,0.04
7760,0.04,0.04,0.04
7761,0.04,0.04,0.04
7762,0.04,0.04,0.04
7763,0.04,0.04,0.04
7764,0.04,0.04,0.04
7765,0.04,0.04,0.04
7766,0.04,0.04,0.04
7767,0.04,0.04,0.04
7768,0.04,0.04,0.04
7769,0.04,0.04,0.04
7770,0.04,0.04,0.04
7771,0.04,0.04,0.04
7772,0.04,0.04,0.04
7773,0.04,0.04,0.04
7774,0.04,0.04,0.04
7775,0.04,0.04,0.04
7776,0.04,0.04,0.04
7777,0.04,0.04,0.04
7778,0.04,0.04,0.04
7779,0.04,0.04,0.04
7780,0.04,0.04,0.04
7781,0.04,0.04,0.04
7782,0.04,0.04,0.04
7783,0.04,0.04,0.04
7784,0.04,0.04,0.04
7785,0.04,0.04,0.04
7786,0.04,0.04,0.04
7787,0.04,0.04,0.04
7788,0.04,0.04,0.04
7789,0.04,0.04,0.04
7790,0.04,0.04,0.04
7791,0.04,0.04,0.04
7792,0.04,0.04,0.04
7793,0.04,0.04,0.04
7794,0.04,0.04,0.04
7795,0.04,0.04,0.04
7796,0.04,0.04,0.04
7797,0.04,0.04,0.04
7798,0.04,0.04,0.04
7799,0.04,0.04,0.04
7800,0.04,0.04,0.04
7801,0.04,0.04,0.04
7802,0.04,0.04,0.04
7803,0.04,0.04,0.04
7804,0.04,0.04,0.04
7805,0.04,0.04,0.04
7806,0.04,0.04,0.04
7807,0.04,0.04,0.04
7808,0.04,0.04,0.04
7809,0.04,0.04,0.04
7810,0.04,0.04,0.04
7811,0.04,0.04,0.04
7812,0.04,0.04,0.04
7813,0.04,0.04,0.04
7814,0.04,0.04,0.04
7815,0.04,0.04,0.04
7816,0.04,0.04,0.04
7817,0.04,0.04,0.04
7818,0.04,0.04,0.04
7819,0.04,0.04,0.04
7820,0.04,0.04,0.04
7821,0.04,0.04,0.04
7822,0.04,0.04,0.04
7823,0.04,0.04,0.04
7824,0.04,0.04,0.04
7825,0.04,0.04,0.04
7826,0.04,0.04,0.04
7827,0.04,0.04,0.04
7828,0.04,0.04,0.04
7829,0.04,0.04,0.04
7830,0.04,0.04,0.04
7831,0.04,0.04,0.04
7832,0.04,0.04,0.04
7833,0.04,0.04,0.04
7834,0.04,0.04,0.04
7835,0.04,0.04,0.04
7836,0.04,0.04,0.04
7837,0.04,0.04,0.04
7838,0.04,0.04,0.04
7839,0.04,0.04,0.04
7840,0.04,0.04,0.04
7841,0.04,0.04,0.04
7842,0.04,0.04,0.04
7843,0.04,0.04,0.04
7844,0.04,0.04,0.04
7845,0.04,0.04,0.04
7846,0.04,0.04,0.04
7847,0.04,0.04,0.04
7848,0.04,0.04,0.04
7849,0.04,0.04,0.04
7850,0.04,0.04,0.04
7851,0.04,0.04,0.04
7852,0.04,0.04,0.04
7853,0.04,0.04,0.04
7854,0.04,0.04,0.04
7855,0.04,0.04,0.04
7856,0.04,0.04,0.04
7857,0.04,0.04,0.04
7858,0.04,0.04,0.04
7859,0.04,0.04,0.04
7860,0.04,0.04,0.04
7861,0.04,0.04,0.04
7862,0.04,0.04,0.04
7863,0.04,0.04,0.04
7864,0.04,0.04,0.04
7865,0.04,0.04,0.04
7866,0.04,0.04,0.04
7867,0.04,0.04,0.04
7868,0.04,0.04,0.04
7869,0.04,0.04,0.04
7870,0.04,0.04,0.04
7871,0.04,0.04,0.04
7872,0.04,0.04,0.04
7873,0.04,0.04,0.04
7874,0.04,0.04,0.04
7875,0.04,0.04,0.04
7876,0.04,0.04,0.04
7877,0.04,0.04,0.04
7878,0.04,0.04,0.04
7879,0.04,0.04,0.04
7880,0.04,0.04,0.04
7881,0.04,0.04,0.04
7882,0.04,0.04,0.04
7883,0.04,0.04,0.04
7884,0.04,0.04,0.04
7885,0.04,0.04,0.04
7886,0.04,0.04,0.04
7887,0.04,0.04,0.04
7888,0.04,0.04,0.04
7889,0.04,0.04,0.04
7890,0.04,0.04,0.04
7891,0.04,0.04,0.04
7892,0.04,0.04,0.04
7893,0.04,0.04,0.04
7894,0.04,0.04,0.04
7895,0.04,0.04,0.04
7896,0.04,0.04,0.04
7897,0.04,0.04,0.04
7898,0.04,0.04,0.04
7899,0.04,0.04,0.04
7900,0.04,0.04,0.04
7901,0.04,0.04,0.04
7902,0.04,0.04,0.04
7903,0.04,0.04,0.04
7904,0.04,0.04,0.04
7905,0.04,0.04,0.04
7906,0.04,0.04,0.04
7907,0.04,0.04,0.04
7908,0.04,0.04,0.04
7909,0.04,0.04,0.04
7910,0.04,0.04,0.04
7911,0.04,0.04,0.04
7912,0.04,0.04,0.04
7913,0.04,0.04,0.04
7914,0.04,0.04,0.04
7915,0.04,0.04,0.04
7916,0.04,0.04,0.04
7917,0.04,0.04,0.04
7918,0.04,0.04,0.04
7919,0.04,0.04,0.04
7920,0.04,0.04,0.04
7921,0.04,0.04,0.04
7922,0.04,0.04,0.04
7923,0.04,0.04,0.04
7924,0.04,0.04,0.04
7925,0.04,0.04,0.04
7926,0.04,0.04,0.04
7927,0.04,0.04,0.04
7928,0.04,0.04,0.04
7929,0.04,0.04,0.04
7930,0.04,0.04,0.04
7931,0.04,0.04,0.04
7932,0.04,0.04,0.04
7933,0.04,0.04,0.04
7934,0.04,0.04,0.04
7935,0.04,0.04,0.04
7936,0.04,0.04,0.04
7937,0.04,0.04,0.04
7938,0.04,0.04,0.04
7939,0.04,0.04,0.04
7940,0.04,0.04,0.04
7941,0.04,0.04,0.04
7942,0.04,0.04,0.04
7943,0.04,0.04,0.04
7944,0.04,0.04,0.04
7945,0.04,0.04,0.04
7946,0.04,0.04,0.04
7947,0.04,0.04,0.04
7948,0.04,0.04,0.04
7949,0.04,0.04,0.04
7950,0.04,0.04,0.04
7951,0.04,0.04,0.04
7952,0.04,0.04,0.04
7953,0.04,0.04,0.04
7954,0.04,0.04,0.04
7955,0.04,0.04,0.04
7956,0.04,0.04,0.04
7957,0.04,0.04,0.04
7958,0.04,0.04,0.04
7959,0.04,0.04,0.04
7960,0.04,0.04,0.04
7961,0.04,0.04,0.04
7962,0.04,0.04,0.04
7963,0.04,0.04,0.04
7964,0.04,0.04,0.04
7965,0.04,0.04,0.04
7966,0.04,0.04,0.04
7967,0.04,0.04,0.04
7968,0.04,0.04,0.04
7969,0.04,0.04,0.04
7970,0.04,0.04,0.04
7971,0.04,0.04,0.04
7972,0.04,0.04,0.04
7973,0.04,0.04,0.04
7974,0.04,0.04,0.04
7975,0.04,0.04,0.04
7976,0.04,0.04,0.04
7977,0.04,0.04,0.04
7978,0.04,0.04,0.04
7979,0.04,0.04,0.04
7980,0.04,0.04,0.04
7981,0.04,0.04,0.04
7982,0.04,0.04,0.04
7983,0.04,0.04,0.04
7984,0.04,0.04,0.04
7985,0.04,0.04,0.04
7986,0.04,0.04,0.04
7987,0.04,0.04,0.04
7988,0.04,0.04,0.04
7989,0.04,0.04,0.04
7990,0.04,0.04,0.04
7991,0.04,0.04,0.04
7992,0.04,0.04,0.04
7993,0.04,0.04,0.04
7994,0.04,0.04,0.04
7995,0.04,0.04,0.04
7996,0.04,0.04,0.04
7997,0.04,0.04,0.04
7998,0.04,0.04,0.04
7999,0.04,0.04,0.04
8000,0.04,0.04,0.04
8001,0.04,0.04,0.04
8002,0.04,0.04,0.04
8003,0.04,0.04,0.04
8004,0.04,0.04,0.04
8005,0.04,0.04,0.04
8006,0.04,0.04,0.04
8007,0.04,0.04,0.04
8008,0.04,0.04,0.04
8009,0.04,0.04,0.04
8010,0.04,0.04,0.04
8011,0.04,0.04,0.04
8012,0.04,0.04,0.04
8013,0.04,0.04,0.04
8014,0.04,0.04,0.04
8015,0.04,0.04,0.04
8016,0.04,0.04,0.04
8017,0.04,0.04,0.04
8018,0.04,0.04,0.04
8019,0.04,0.04,0.04
8020,0.04,0.04,0.04
8021,0.04,0.04,0.04
8022,0.04,0.04,0.04
8023,0.04,0.04,0.04
8024,0.04,0.04,0.04
8025,0.04,0.04,0.04
8026,0.04,0.04,0.04
8027,0.04,0.04,0.04
8028,0.04,0.04,0.04
8029,0.04,0.04,0.04
8030,0.04,0.04,0.04
8031,0.04,0.04,0.04
8032,0.04,0.04,0.04
8033,0.04,0.04,0.04
8034,0.04,0.04,0.04
8035,0.04,0.04,0.04
8036,0.04,0.04,0.04
8037,0.04,0.04,0.04
8038,0.04,0.04,0.04
8039,0.04,0.04,0.04
8040,0.04,0.04,0.04
8041,0.04,0.04,0.04
8042,0.04,0.04,0.04
8043,0.04,0.04,0.04
8044,0.04,0.04,0.04
8045,0.04,0.04,0.04
8046,0.04,0.04,0.04
8047,0.04,0.04,0.04
8048,0.04,0.04,0.04
8049,0.04,0.04,0.04
8050,0.04,0.04,0.04
8051,0.04,0.04,0.04
8052,0.04,0.04,0.04
8053,0.04,0.04,0.04
8054,0.04,0.04,0.04
8055,0.04,0.04,0.04
8056,0.04,0.04,0.04
8057,0.04,0.04,0.04
8058,0.04,0.04,0.04
8059,0.04,0.04,0.04
8060,0.04,0.04,0.04
8061,0.04,0.04,0.04
8062,0.04,0.04,0.04
8063,0.04,0.04,0.04
8064,0.04,0.04,0.04
8065,0.04,0.04,0.04
8066,0.04,0.04,0.04
8067,0.04,0.04,0.04
8068,0.04,0.04,0.04
8069,0.04,0.04,0.04
8070,0.04,0.04,0.04
8071,0.04,0.04,0.04
8072,0.04,0.04,0.04
8073,0.04,0.04,0.04
8074,0.04,0.04,0.04
8075,0.04,0.04,0.04
8076,0.04,0.04,0.04
8077,0.04,0.04,0.04
8078,0.04,0.04,0.04
8079,0.04,0.04,0.04
8080,0.04,0.04,0.04
8081,0.04,0.04,0.04
8082,0.04,0.04,0.04
8083,0.04,0.04,0.04
8084,0.04,0.04,0.04
8085,0.04,0.04,0.04
8086,0.04,0.04,0.04
8087,0.04,0.04,0.04
8088,0.04,0.04,0.04
8089,0.04,0.04,0.04
8090,0.04,0.04,0.04
8091,0.04,0.04,0.04
8092,0.04,0.04,0.04
8093,0.04,0.04,0.04
8094,0.04,0.04,0.04
8095,0.04,0.04,0.04
8096,0.04,0.04,0.04
8097,0.04,0.04,0.04
8098,0.04,0.04,0.04
8099,0.04,0.04,0.04
8100,0.04,0.04,0.04
8101,0.04,0.04,0.04
8102,0.04,0.04,0.04
8103,0.04,0.04,0.04
8104,0.04,0.04,0.04
8105,0.04,0.04,0.04
8106,0.04,0.04,0.04
8107,0.04,0.04,0.04
8108,0.04,0.04,0.04
8109,0.04,0.04,0.04
8110,0.04,0.04,0.04
8111,0.04,0.04,0.04
8112,0.04,0.04,0.04
8113,0.04,0.04,0.04
8114,0.04,0.04,0.04
8115,0.04,0.04,0.04
8116,0.04,0.04,0.04
8117,0.04,0.04,0.04
8118,0.04,0.04,0.04
8119,0.04,0.04,0.04
8120,0.04,0.04,0.04
8121,0.04,0.04,0.04
8122,0.04,0.04,0.04
8123,0.04,0.04,0.04
8124,0.04,0.04,0.04
8125,0.04,0.04,0.04
8126,0.04,0.04,0.04
8127,0.04,0.04,0.04
8128,0.04,0.04,0.04
8129,0.04,0.04,0.04
8130,0.04,0.04,0.04
8131,0.04,0.04,0.04
8132,0.04,0.04,0.04
8133,0.04,0.04,0.04
8134,0.04,0.04,0.04
8135,0.04,0.04,0.04
8136,0.04,0.04,0.04
8137,0.04,0.04,0.04
8138,0.04,0.04,0.04
8139,0.04,0.04,0.04
8140,0.04,0.04,0.04
8141,0.04,0.04,0.04
8142,0.04,0.04,0.04
8143,0.04,0.04,0.04
8144,0.04,0.04,0.04
8145,0.04,0.04,0.04
8146,0.04,0.04,0.04
8147,0.04,0.04,0.04
8148,0.04,0.04,0.04
8149,0.04,0.04,0.04
8150,0.04,0.04,0.04
8151,0.04,0.04,0.04
8152,0.04,0.04,0.04
8153,0.04,0.04,0.04
8154,0.04,0.04,0.04
8155,0.04,0.04,0.04
8156,0.04,0.04,0.04
8157,0.04,0.04,0.04
8158,0.04,0.04,0.04
8159,0.04,0.04,0.04
8160,0.04,0.04,0.04
8161,0.04,0.04,0.04
8162,0.04,0.04,0.04
8163,0.04,0.04,0.04
8164,0.04,0.04,0.04
8165,0.04,0.04,0.04
8166,0.04,0.04,0.04
8167,0.04,0.04,0.04
8168,0.04,0.04,0.04
8169,0.04,0.04,0.04
8170,0.04,0.04,0.04
8171,0.04,0.04,0.04
8172,0.04,0.04,0.04
8173,0.04,0.04,0.04
8174,0.04,0.04,0.04
8175,0.04,0.04,0.04
8176,0.04,0.04,0.04
8177,0.04,0.04,0.04
8178,0.04,0.04,0.04
8179,0.04,0.04,0.04
8180,0.04,0.04,0.04
8181,0.04,0.04,0.04
8182,0.04,0.04,0.04
8183,0.04,0.04,0.04
8184,0.04,0.04,0.04
8185,0.04,0.04,0.04
8186,0.04,0.04,0.04
8187,0.04,0.04,0.04
8188,0.04,0.04,0.04
8189,0.04,0.04,0.04
8190,0.04,0.04,0.04
8191,0.04,0.04,0.04
8192,0.04,0.04,0.04
8193,0.04,0.04,0.04
8194,0.04,0.04,0.04
8195,0.04,0.04,0.04
8196,0.04,0.04,0.04
8197,0.04,0.04,0.04
8198,0.04,0.04,0.04
8199,0.04,0.04,0.04
8200,0.04,0.04,0.04
8201,0.04,0.04,0.04
8202,0.04,0.04,0.04
8203,0.04,0.04,0.04
8204,0.04,0.04,0.04
8205,0.04,0.04,0.04
8206,0.04,0.04,0.04
8207,0.04,0.04,0.04
8208,0.04,0.04,0.04
8209,0.04,0.04,0.04
8210,0.04,0.04,0.04
8211,0.04,0.04,0.04
8212,0.04,0.04,0.04
8213,0.04,0.04,0.04
8214,0.04,0.04,0.04
8215,0.04,0.04,0.04
8216,0.04,0.04,0.04
8217,0.04,0.04,0.04
8218,0.04,0.04,0.04
8219,0.04,0.04,0.04
8220,0.04,0.04,0.04
8221,0.04,0.04,0.04
8222,0.04,0.04,0.04
8223,0.04,0.04,0.04
8224,0.04,0.04,0.04
8225,0.04,0.04,0.04
8226,0.04,0.04,0.04
8227,0.04,0.04,0.04
8228,0.04,0.04,0.04
8229,0.04,0.04,0.04
8230,0.04,0.04,0.04
8231,0.04,0.04,0.04
8232,0.04,0.04,0.04
8233,0.04,0.04,0.04
8234,0.04,0.04,0.04
8235,0.04,0.04,0.04
8236,0.04,0.04,0.04
8237,0.04,0.04,0.04
8238,0.04,0.04,0.04
8239,0.04,0.04,0.04
8240,0.04,0.04,0.04
8241,0.04,0.04,0.04
8242,0.04,0.04,0.04
8243,0.04,0.04,0.04
8244,0.04,0.04,0.04
8245,0.04,0.04,0.04
8246,0.04,0.04,0.04
8247,0.04,0.04,0.04
8248,0.04,0.04,0.04
8249,0.04,0.04,0.04
8250,0.04,0.04,0.04
8251,0.04,0.04,0.04
8252,0.04,0.04,0.04
8253,0.04,0.04,0.04
8254,0.04,0.04,0.04
8255,0.04,0.04,0.04
8256,0.04,0.04,0.04
8257,0.04,0.04,0.04
8258,0.04,0.04,0.04
8259,0.04,0.04,0.04
8260,0.04,0.04,0.04
8261,0.04,0.04,0.04
8262,0.04,0.04,0.04
8263,0.04,0.04,0.04
8264,0.04,0.04,0.04
8265,0.04,0.04,0.04
8266,0.04,0.04,0.04
8267,0.04,0.04,0.04
8268,0.04,0.04,0.04
8269,0.04,0.04,0.04
8270,0.04,0.04,0.04
8271,0.04,0.04,0.04
8272,0.04,0.04,0.04
8273,0.04,0.04,0.04
8274,0.04,0.04,0.04
8275,0.04,0.04,0.04
8276,0.04,0.04,0.04
8277,0.04,0.04,0.04
8278,0.04,0.04,0.04
8279,0.04,0.04,0.04
8280,0.04,0.04,0.04
8281,0.04,0.04,0.04
8282,0.04,0.04,0.04
8283,0.04,0.04,0.04
8284,0.04,0.04,0.04
8285,0.04,0.04,0.04
8286,0.04,0.04,0.04
8287,0.04,0.04,0.04
8288,0.04,0.04,0.04
8289,0.04,0.04,0.04
8290,0.04,0.04,0.04
8291,0.04,0.04,0.04
8292,0.04,0.04,0.04
8293,0.04,0.04,0.04
8294,0.04,0.04,0.04
8295,0.04,0.04,0.04
8296,0.04,0.04,0.04
8297,0.04,0.04,0.04
8298,0.04,0.04,0.04
8299,0.04,0.04,0.04
8300,0.04,0.04,0.04
8301,0.04,0.04,0.04
8302,0.04,0.04,0.04
8303,0.04,0.04,0.04
8304,0.04,0.04,0.04
8305,0.04,0.04,0.04
8306,0.04,0.04,0.04
8307,0.04,0.04,0.04
8308,0.04,0.04,0.04
8309,0.04,0.04,0.04
8310,0.04,0.04,0.04
8311,0.04,0.04,0.04
8312,0.04,0.04,0.04
8313,0.04,0.04,0.04
8314,0.04,0.04,0.04
8315,0.04,0.04,0.04
8316,0.04,0.04,0.04
8317,0.04,0.04,0.04
8318,0.04,0.04,0.04
8319,0.04,0.04,0.04
8320,0.04,0.04,0.04
8321,0.04,0.04,0.04
8322,0.04,0.04,0.04
8323,0.04,0.04,0.04
8324,0.04,0.04,0.04
8325,0.04,0.04,0.04
8326,0.04,0.04,0.04
8327,0.04,0.04,0.04
8328,0.04,0.04,0.04
8329,0.04,0.04,0.04
8330,0.04,0.04,0.04
8331,0.04,0.04,0.04
8332,0.04,0.04,0.04
8333,0.04,0.04,0.04
8334,0.04,0.04,0.04
8335,0.04,0.04,0.04
8336,0.04,0.04,0.04
8337,0.04,0.04,0.04
8338,0.04,0.04,0.04
8339,0.04,0.04,0.04
8340,0.04,0.04,0.04
8341,0.04,0.04,0.04
8342,0.04,0.04,0.04
8343,0.04,0.04,0.04
8344,0.04,0.04,0.04
8345,0.04,0.04,0.04
8346,0.04,0.04,0.04
8347,0.04,0.04,0.04
8348,0.04,0.04,0.04
8349,0.04,0.04,0.04
8350,0.04,0.04,0.04
8351,0.04,0.04,0.04
8352,0.04,0.04,0.04
8353,0.04,0.04,0.04
8354,0.04,0.04,0.04
8355,0.04,0.04,0.04
8356,0.04,0.04,0.04
8357,0.04,0.04,0.04
8358,0.04,0.04,0.04
8359,0.04,0.04,0.04
8360,0.04,0.04,0.04
8361,0.04,0.04,0.04
8362,0.04,0.04,0.04
8363,0.04,0.04,0.04
8364,0.04,0.04,0.04
8365,0.04,0.04,0.04
8366,0.04,0.04,0.04
8367,0.04,0.04,0.04
8368,0.04,0.04,0.04
8369,0.04,0.04,0.04
8370,0.04,0.04,0.04
8371,0.04,0.04,0.04
8372,0.04,0.04,0.04
8373,0.04,0.04,0.04
8374,0.04,0.04,0.04
8375,0.04,0.04,0.04
8376,0.04,0.04,0.04
8377,0.04,0.04,0.04
8378,0.04,0.04,0.04
8379,0.04,0.04,0.04
8380,0.04,0.04,0.04
8381,0.04,0.04,0.04
8382,0.04,0.04,0.04
8383,0.04,0.04,0.04
8384,0.04,0.04,0.04
8385,0.04,0.04,0.04
8386,0.04,0.04,0.04
8387,0.04,0.04,0.04
8388,0.04,0.04,0.04
8389,0.04,0.04,0.04
8390,0.04,0.04,0.04
8391,0.04,0.04,0.04
8392,0.04,0.04,0.04
8393,0.04,0.04,0.04
8394,0.04,0.04,0.04
8395,0.04,0.04,0.04
8396,0.04,0.04,0.04
8397,0.04,0.04,0.04
8398,0.04,0.04,0.04
8399,0.04,0.04,0.04
8400,0.04,0.04,0.04
8401,0.04,0.04,0.04
8402,0.04,0.04,0.04
8403,0.04,0.04,0.04
8404,0.04,0.04,0.04
8405,0.04,0.04,0.04
8406,0.04,0.04,0.04
8407,0.04,0.04,0.04
8408,0.04,0.04,0.04
8409,0.04,0.04,0.04
8410,0.04,0.04,0.04
8411,0.04,0.04,0.04
8412,0.04,0.04,0.04
8413,0.04,0.04,0.04
8414,0.04,0.04,0.04
8415,0.04,0.04,0.04
8416,0.04,0.04,0.04
8417,0.04,0.04,0.04
8418,0.04,0.04,0.04
8419,0.04,0.04,0.04
8420,0.04,0.04,0.04
8421,0.04,0.04,0.04
8422,0.04,0.04,0.04
8423,0.04,0.04,0.04
8424,0.04,0.04,0.04
8425,0.04,0.04,0.04
8426,0.04,0.04,0.04
8427,0.04,0.04,0.04
8428,0.04,0.04,0.04
8429,0.04,0.04,0.04
8430,0.04,0.04,0.04
8431,0.04,0.04,0.04
8432,0.04,0.04,0.04
8433,0.04,0.04,0.04
8434,0.04,0.04,0.04
8435,0.04,0.04,0.04
8436,0.04,0.04,0.04
8437,0.04,0.04,0.04
8438,0.04,0.04,0.04
8439,0.04,0.04,0.04
8440,0.04,0.04,0.04
8441,0.04,0.04,0.04
8442,0.04,0.04,0.04
8443,0.04,0.04,0.04
8444,0.04,0.04,0.04
8445,0.04,0.04,0.04
8446,0.04,0.04,0.04
8447,0.04,0.04,0.04
8448,0.04,0.04,0.04
8449,0.04,0.04,0.04
8450,0.04,0.04,0.04
8451,0.04,0.04,0.04
8452,0.04,0.04,0.04
8453,0.04,0.04,0.04
8454,0.04,0.04,0.04
8455,0.04,0.04,0.04
8456,0.04,0.04,0.04
8457,0.04,0.04,0.04
8458,0.04,0.04,0.04
8459,0.04,0.04,0.04
8460,0.04,0.04,0.04
8461,0.04,0.04,0.04
8462,0.04,0.04,0.04
8463,0.04,0.04,0.04
8464,0.04,0.04,0.04
8465,0.04,0.04,0.04
8466,0.04,0.04,0.04
8467,0.04,0.04,0.04
8468,0.04,0.04,0.04
8469,0.04,0.04,0.04
8470,0.04,0.04,0.04
8471,0.04,0.04,0.04
8472,0.04,0.04,0.04
8473,0.04,0.04,0.04
8474,0.04,0.04,0.04
8475,0.04,0.04,0.04
8476,0.04,0.04,0.04
8477,0.04,0.04,0.04
8478,0.04,0.04,0.04
8479,0.04,0.04,0.04
8480,0.04,0.04,0.04
8481,0.04,0.04,0.04
8482,0.04,0.04,0.04
8483,0.04,0.04,0.04
8484,0.04,0.04,0.04
8485,0.04,0.04,0.04
8486,0.04,0.04,0.04
8487,0.04,0.04,0.04
8488,0.04,0.04,0.04
8489,0.04,0.04,0.04
8490,0.04,0.04,0.04
8491,0.04,0.04,0.04
8492,0.04,0.04,0.04
8493,0.04,0.04,0.04
8494,0.04,0.04,0.04
8495,0.04,0.04,0.04
8496,0.04,0.04,0.04
8497,0.04,0.04,0.04
8498,0.04,0.04,0.04
8499,0.04,0.04,0.04
8500,0.04,0.04,0.04
8501,0.04,0.04,0.04
8502,0.04,0.04,0.04
8503,0.04,0.04,0.04
8504,0.04,0.04,0.04
8505,0.04,0.04,0.04
8506,0.04,0.04,0.04
8507,0.04,0.04,0.04
8508,0.04,0.04,0.04
8509,0.04,0.04,0.04
8510,0.04,0.04,0.04
8511,0.04,0.04,0.04
8512,0.04,0.04,0.04
8513,0.04,0.04,0.04
8514,0.04,0.04,0.04
8515,0.04,0.04,0.04
8516,0.04,0.04,0.04
8517,0.04,0.04,0.04
8518,0.04,0.04,0.04
8519,0.04,0.04,0.04
8520,0.04,0.04,0.04
8521,0.04,0.04,0.04
8522,0.04,0.04,0.04
8523,0.04,0.04,0.04
8524,0.04,0.04,0.04
8525,0.04,0.04,0.04
8526,0.04,0.04,0.04
8527,0.04,0.04,0.04
8528,0.04,0.04,0.04
8529,0.04,0.04,0.04
8530,0.04,0.04,0.04
8531,0.04,0.04,0.04
8532,0.04,0.04,0.04
8533,0.04,0.04,0.04
8534,0.04,0.04,0.04
8535,0.04,0.04,0.04
8536,0.04,0.04,0.04
8537,0.04,0.04,0.04
8538,0.04,0.04,0.04
8539,0.04,0.04,0.04
8540,0.04,0.04,0.04
8541,0.04,0.04,0.04
8542,0.04,0.04,0.04
8543,0.04,0.04,0.04
8544,0.04,0.04,0.04
8545,0.04,0.04,0.04
8546,0.04,0.04,0.04
8547,0.04,0.04,0.04
8548,0.04,0.04,0.04
8549,0.04,0.04,0.04
8550,0.04,0.04,0.04
8551,0.04,0.04,0.04
8552,0.04,0.04,0.04
8553,0.04,0.04,0.04
8554,0.04,0.04,0.04
8555,0.04,0.04,0.04
8556,0.04,0.04,0.04
8557,0.04,0.04,0.04
8558,0.04,0.04,0.04
8559,0.04,0.04,0.04
8560,0.04,0.04,0.04
8561,0.04,0.04,0.04
8562,0.04,0.04,0.04
8563,0.04,0.04,0.04
8564,0.04,0.04,0.04
8565,0.04,0.04,0.04
8566,0.04,0.04,0.04
8567,0.04,0.04,0.04
8568,0.04,0.04,0.04
8569,0.04,0.04,0.04
8570,0.04,0.04,0.04
8571,0.04,0.04,0.04
8572,0.04,0.04,0.04
8573,0.04,0.04,0.04
8574,0.04,0.04,0.04
8575,0.04,0.04,0.04
8576,0.04,0.04,0.04
8577,0.04,0.04,0.04
8578,0.04,0.04,0.04
8579,0.04,0.04,0.04
8580,0.04,0.04,0.04
8581,0.04,0.04,0.04
8582,0.04,0.04,0.04
8583,0.04,0.04,0.04
8584,0.04,0.04,0.04
8585,0.04,0.04,0.04
8586,0.04,0.04,0.04
8587,0.04,0.04,0.04
8588,0.04,0.04,0.04
8589,0.04,0.04,0.04
8590,0.04,0.04,0.04
8591,0.04,0.04,0.04
8592,0.04,0.04,0.04
8593,0.04,0.04,0.04
8594,0.04,0.04,0.04
8595,0.04,0.04,0.04
8596,0.04,0.04,0.04
8597,0.04,0.04,0.04
8598,0.04,0.04,0.04
8599,0.04,0.04,0.04
8600,0.04,0.04,0.04
8601,0.04,0.04,0.04
8602,0.04,0.04,0.04
8603,0.04,0.04,0.04
8604,0.04,0.04,0.04
8605,0.04,0.04,0.04
8606,0.04,0.04,0.04
8607,0.04,0.04,0.04
8608,0.04,0.04,0.04
8609,0.04,0.04,0.04
8610,0.04,0.04,0.04
8611,0.04,0.04,0.04
8612,0.04,0.04,0.04
8613,0.04,0.04,0.04
8614,0.04,0.04,0.04
8615,0.04,0.04,0.04
8616,0.04,0.04,0.04
8617,0.04,0.04,0.04
8618,0.04,0.04,0.04
8619,0.04,0.04,0.04
8620,0.04,0.04,0.04
8621,0.04,0.04,0.04
8622,0.04,0.04,0.04
8623,0.04,0.04,0.04
8624,0.04,0.04,0.04
8625,0.04,0.04,0.04
8626,0.04,0.04,0.04
8627,0.04,0.04,0.04
8628,0.04,0.04,0.04
8629,0.04,0.04,0.04
8630,0.04,0.04,0.04
8631,0.04,0.04,0.04
8632,0.04,0.04,0.04
8633,0.04,0.04,0.04
8634,0.04,0.04,0.04
8635,0.04,0.04,0.04
8636,0.04,0.04,0.04
8637,0.04,0.04,0.04
8638,0.04,0.04,0.04
8639,0.04,0.04,0.04
8640,0.04,0.04,0.04
8641,0.04,0.04,0.04
8642,0.04,0.04,0.04
8643,0.04,0.04,0.04
8644,0.04,0.04,0.04
8645,0.04,0.04,0.04
8646,0.04,0.04,0.04
8647,0.04,0.04,0.04
8648,0.04,0.04,0.04
8649,0.04,0.04,0.04
8650,0.04,0.04,0.04
8651,0.04,0.04,0.04
8652,0.04,0.04,0.04
8653,0.04,0.04,0.04
8654,0.04,0.04,0.04
8655,0.04,0.04,0.04
8656,0.04,0.04,0.04
8657,0.04,0.04,0.04
8658,0.04,0.04,0.04
8659,0.04,0.04,0.04
8660,0.04,0.04,0.04
8661,0.04,0.04,0.04
8662,0.04,0.04,0.04
8663,0.04,0.04,0.04
8664,0.04,0.04,0.04
8665,0.04,0.04,0.04
8666,0.04,0.04,0.04
8667,0.04,0.04,0.04
8668,0.04,0.04,0.04
8669,0.04,0.04,0.04
8670,0.04,0.04,0.04
8671,0.04,0.04,0.04
8672,0.04,0.04,0.04
8673,0.04,0.04,0.04
8674,0.04,0.04,0.04
8675,0.04,0.04,0.04
8676,0.04,0.04,0.04
8677,0.04,0.04,0.04
8678,0.04,0.04,0.04
8679,0.04,0.04,0.04
8680,0.04,0.04,0.04
8681,0.04,0.04,0.04
8682,0.04,0.04,0.04
8683,0.04,0.04,0.04
8684,0.04,0.04,0.04
8685,0.04,0.04,0.04
8686,0.04,0.04,0.04
8687,0.04,0.04,0.04
8688,0.04,0.04,0.04
8689,0.04,0.04,0.04
8690,0.04,0.04,0.04
8691,0.04,0.04,0.04
8692,0.04,0.04,0.04
8693,0.04,0.04,0.04
8694,0.04,0.04,0.04
8695,0.04,0.04,0.04
8696,0.04,0.04,0.04
8697,0.04,0.04,0.04
8698,0.04,0.04,0.04
8699,0.04,0.04,0.04
8700,0.04,0.04,0.04
8701,0.04,0.04,0.04
8702,0.04,0.04,0.04
8703,0.04,0.04,0.04
8704,0.04,0.04,0.04
8705,0.04,0.04,0.04
8706,0.04,0.04,0.04
8707,0.04,0.04,0.04
8708,0.04,0.04,0.04
8709,0.04,0.04,0.04
8710,0.04,0.04,0.04
8711,0.04,0.04,0.04
8712,0.04,0.04,0.04
8713,0.04,0.04,0.04
8714,0.04,0.04,0.04
8715,0.04,0.04,0.04
8716,0.04,0.04,0.04
8717,0.04,0.04,0.04
8718,0.04,0.04,0.04
8719,0.04,0.04,0.04
8720,0.04,0.04,0.04
8721,0.04,0.04,0.04
8722,0.04,0.04,0.04
8723,0.04,0.04,0.04
8724,0.04,0.04,0.04
8725,0.04,0.04,0.04
8726,0.04,0.04,0.04
8727,0.04,0.04,0.04
8728,0.04,0.04,0.04
8729,0.04,0.04,0.04
8730,0.04,0.04,0.04
8731,0.04,0.04,0.04
8732,0.04,0.04,0.04
8733,0.04,0.04,0.04
8734,0.04,0.04,0.04
8735,0.04,0.04,0.04
8736,0.04,0.04,0.04
8737,0.04,0.04,0.04
8738,0.04,0.04,0.04
8739,0.04,0.04,0.04
8740,0.04,0.04,0.04
8741,0.04,0.04,0.04
8742,0.04,0.04,0.04
8743,0.04,0.04,0.04
8744,0.04,0.04,0.04
8745,0.04,0.04,0.04
8746,0.04,0.04,0.04
8747,0.04,0.04,0.04
8748,0.04,0.04,0.04
8749,0.04,0.04,0.04
8750,0.04,0.04,0.04
8751,0.04,0.04,0.04
8752,0.04,0.04,0.04
8753,0.04,0.04,0.04
8754,0.04,0.04,0.04
8755,0.04,0.04,0.04
8756,0.04,0.04,0.04
8757,0.04,0.04,0.04
8758,0.04,0.04,0.04
8759,0.04,0.04,0.04
8760,0.04,0.04,0.04