Costs,Total
cDACTotal,1.7967891318882143e6
cDACFix,1.779553939458423e6
cDACVar,17235.19242979116
cDACStart,0.0
