Time_Index,Price_mmbtu_z1,Price_mmbtu_z2,Price_mmbtu_z3,Price_mmbtu_z4,Price_mmbtu_z5,Price_mmbtu_z6,Price_mmbtu_z7,Price_mmbtu_z8,Price_mmbtu_z9
1,8.85,8.11,6.89,4.89,6.09,5.62,6.59,6.33,7.61
2,8.85,8.11,6.89,4.89,6.09,5.62,6.59,6.33,7.61
3,8.85,8.11,6.89,4.89,6.09,5.62,6.59,6.33,7.61
4,8.85,8.11,6.89,4.89,6.09,5.62,6.59,6.33,7.61
5,8.85,8.11,6.89,4.89,6.09,5.62,6.59,6.33,7.61
6,8.85,8.11,6.89,4.89,6.09,5.62,6.59,6.33,7.61
7,8.85,8.11,6.89,4.89,6.09,5.62,6.59,6.33,7.61
8,8.85,8.11,6.89,4.89,6.09,5.62,6.59,6.33,7.61
9,8.85,8.11,6.89,4.89,6.09,5.62,6.59,6.33,7.61
10,8.85,8.11,6.89,4.89,6.09,5.62,6.59,6.33,7.61
11,8.85,8.11,6.89,4.89,6.09,5.62,6.59,6.33,7.61
12,8.85,8.11,6.89,4.89,6.09,5.62,6.59,6.33,7.61
13,8.85,8.11,6.89,4.89,6.09,5.62,6.59,6.33,7.61
14,8.85,8.11,6.89,4.89,6.09,5.62,6.59,6.33,7.61
15,8.85,8.11,6.89,4.89,6.09,5.62,6.59,6.33,7.61
16,8.85,8.11,6.89,4.89,6.09,5.62,6.59,6.33,7.61
17,8.85,8.11,6.89,4.89,6.09,5.62,6.59,6.33,7.61
18,8.85,8.11,6.89,4.89,6.09,5.62,6.59,6.33,7.61
19,8.85,8.11,6.89,4.89,6.09,5.62,6.59,6.33,7.61
20,8.85,8.11,6.89,4.89,6.09,5.62,6.59,6.33,7.61
21,8.85,8.11,6.89,4.89,6.09,5.62,6.59,6.33,7.61
22,8.85,8.11,6.89,4.89,6.09,5.62,6.59,6.33,7.61
23,8.85,8.11,6.89,4.89,6.09,5.62,6.59,6.33,7.61
24,8.85,8.11,6.89,4.89,6.09,5.62,6.59,6.33,7.61
25,8.85,8.11,6.89,4.89,6.09,5.62,6.59,6.33,7.61
26,8.85,8.11,6.89,4.89,6.09,5.62,6.59,6.33,7.61
27,8.85,8.11,6.89,4.89,6.09,5.62,6.59,6.33,7.61
28,8.85,8.11,6.89,4.89,6.09,5.62,6.59,6.33,7.61
29,8.85,8.11,6.89,4.89,6.09,5.62,6.59,6.33,7.61
30,8.85,8.11,6.89,4.89,6.09,5.62,6.59,6.33,7.61
31,8.85,8.11,6.89,4.89,6.09,5.62,6.59,6.33,7.61
32,8.85,8.11,6.89,4.89,6.09,5.62,6.59,6.33,7.61
33,8.85,8.11,6.89,4.89,6.09,5.62,6.59,6.33,7.61
34,8.85,8.11,6.89,4.89,6.09,5.62,6.59,6.33,7.61
35,8.85,8.11,6.89,4.89,6.09,5.62,6.59,6.33,7.61
36,8.85,8.11,6.89,4.89,6.09,5.62,6.59,6.33,7.61
37,8.85,8.11,6.89,4.89,6.09,5.62,6.59,6.33,7.61
38,8.85,8.11,6.89,4.89,6.09,5.62,6.59,6.33,7.61
39,8.85,8.11,6.89,4.89,6.09,5.62,6.59,6.33,7.61
40,8.85,8.11,6.89,4.89,6.09,5.62,6.59,6.33,7.61
41,8.85,8.11,6.89,4.89,6.09,5.62,6.59,6.33,7.61
42,8.85,8.11,6.89,4.89,6.09,5.62,6.59,6.33,7.61
43,8.85,8.11,6.89,4.89,6.09,5.62,6.59,6.33,7.61
44,8.85,8.11,6.89,4.89,6.09,5.62,6.59,6.33,7.61
45,8.85,8.11,6.89,4.89,6.09,5.62,6.59,6.33,7.61
46,8.85,8.11,6.89,4.89,6.09,5.62,6.59,6.33,7.61
47,8.85,8.11,6.89,4.89,6.09,5.62,6.59,6.33,7.61
48,8.85,8.11,6.89,4.89,6.09,5.62,6.59,6.33,7.61
49,8.85,8.11,6.89,4.89,6.09,5.62,6.59,6.33,7.61
50,8.85,8.11,6.89,4.89,6.09,5.62,6.59,6.33,7.61
51,8.85,8.11,6.89,4.89,6.09,5.62,6.59,6.33,7.61
52,8.85,8.11,6.89,4.89,6.09,5.62,6.59,6.33,7.61
53,8.85,8.11,6.89,4.89,6.09,5.62,6.59,6.33,7.61
54,8.85,8.11,6.89,4.89,6.09,5.62,6.59,6.33,7.61
55,8.85,8.11,6.89,4.89,6.09,5.62,6.59,6.33,7.61
56,8.85,8.11,6.89,4.89,6.09,5.62,6.59,6.33,7.61
57,8.85,8.11,6.89,4.89,6.09,5.62,6.59,6.33,7.61
58,8.85,8.11,6.89,4.89,6.09,5.62,6.59,6.33,7.61
59,8.85,8.11,6.89,4.89,6.09,5.62,6.59,6.33,7.61
60,8.85,8.11,6.89,4.89,6.09,5.62,6.59,6.33,7.61
61,8.85,8.11,6.89,4.89,6.09,5.62,6.59,6.33,7.61
62,8.85,8.11,6.89,4.89,6.09,5.62,6.59,6.33,7.61
63,8.85,8.11,6.89,4.89,6.09,5.62,6.59,6.33,7.61
64,8.85,8.11,6.89,4.89,6.09,5.62,6.59,6.33,7.61
65,8.85,8.11,6.89,4.89,6.09,5.62,6.59,6.33,7.61
66,8.85,8.11,6.89,4.89,6.09,5.62,6.59,6.33,7.61
67,8.85,8.11,6.89,4.89,6.09,5.62,6.59,6.33,7.61
68,8.85,8.11,6.89,4.89,6.09,5.62,6.59,6.33,7.61
69,8.85,8.11,6.89,4.89,6.09,5.62,6.59,6.33,7.61
70,8.85,8.11,6.89,4.89,6.09,5.62,6.59,6.33,7.61
71,8.85,8.11,6.89,4.89,6.09,5.62,6.59,6.33,7.61
72,8.85,8.11,6.89,4.89,6.09,5.62,6.59,6.33,7.61
73,8.85,8.11,6.89,4.89,6.09,5.62,6.59,6.33,7.61
74,8.85,8.11,6.89,4.89,6.09,5.62,6.59,6.33,7.61
75,8.85,8.11,6.89,4.89,6.09,5.62,6.59,6.33,7.61
76,8.85,8.11,6.89,4.89,6.09,5.62,6.59,6.33,7.61
77,8.85,8.11,6.89,4.89,6.09,5.62,6.59,6.33,7.61
78,8.85,8.11,6.89,4.89,6.09,5.62,6.59,6.33,7.61
79,8.85,8.11,6.89,4.89,6.09,5.62,6.59,6.33,7.61
80,8.85,8.11,6.89,4.89,6.09,5.62,6.59,6.33,7.61
81,8.85,8.11,6.89,4.89,6.09,5.62,6.59,6.33,7.61
82,8.85,8.11,6.89,4.89,6.09,5.62,6.59,6.33,7.61
83,8.85,8.11,6.89,4.89,6.09,5.62,6.59,6.33,7.61
84,8.85,8.11,6.89,4.89,6.09,5.62,6.59,6.33,7.61
85,8.85,8.11,6.89,4.89,6.09,5.62,6.59,6.33,7.61
86,8.85,8.11,6.89,4.89,6.09,5.62,6.59,6.33,7.61
87,8.85,8.11,6.89,4.89,6.09,5.62,6.59,6.33,7.61
88,8.85,8.11,6.89,4.89,6.09,5.62,6.59,6.33,7.61
89,8.85,8.11,6.89,4.89,6.09,5.62,6.59,6.33,7.61
90,8.85,8.11,6.89,4.89,6.09,5.62,6.59,6.33,7.61
91,8.85,8.11,6.89,4.89,6.09,5.62,6.59,6.33,7.61
92,8.85,8.11,6.89,4.89,6.09,5.62,6.59,6.33,7.61
93,8.85,8.11,6.89,4.89,6.09,5.62,6.59,6.33,7.61
94,8.85,8.11,6.89,4.89,6.09,5.62,6.59,6.33,7.61
95,8.85,8.11,6.89,4.89,6.09,5.62,6.59,6.33,7.61
96,8.85,8.11,6.89,4.89,6.09,5.62,6.59,6.33,7.61
97,8.85,8.11,6.89,4.89,6.09,5.62,6.59,6.33,7.61
98,8.85,8.11,6.89,4.89,6.09,5.62,6.59,6.33,7.61
99,8.85,8.11,6.89,4.89,6.09,5.62,6.59,6.33,7.61
100,8.85,8.11,6.89,4.89,6.09,5.62,6.59,6.33,7.61
101,8.85,8.11,6.89,4.89,6.09,5.62,6.59,6.33,7.61
102,8.85,8.11,6.89,4.89,6.09,5.62,6.59,6.33,7.61
103,8.85,8.11,6.89,4.89,6.09,5.62,6.59,6.33,7.61
104,8.85,8.11,6.89,4.89,6.09,5.62,6.59,6.33,7.61
105,8.85,8.11,6.89,4.89,6.09,5.62,6.59,6.33,7.61
106,8.85,8.11,6.89,4.89,6.09,5.62,6.59,6.33,7.61
107,8.85,8.11,6.89,4.89,6.09,5.62,6.59,6.33,7.61
108,8.85,8.11,6.89,4.89,6.09,5.62,6.59,6.33,7.61
109,8.85,8.11,6.89,4.89,6.09,5.62,6.59,6.33,7.61
110,8.85,8.11,6.89,4.89,6.09,5.62,6.59,6.33,7.61
111,8.85,8.11,6.89,4.89,6.09,5.62,6.59,6.33,7.61
112,8.85,8.11,6.89,4.89,6.09,5.62,6.59,6.33,7.61
113,8.85,8.11,6.89,4.89,6.09,5.62,6.59,6.33,7.61
114,8.85,8.11,6.89,4.89,6.09,5.62,6.59,6.33,7.61
115,8.85,8.11,6.89,4.89,6.09,5.62,6.59,6.33,7.61
116,8.85,8.11,6.89,4.89,6.09,5.62,6.59,6.33,7.61
117,8.85,8.11,6.89,4.89,6.09,5.62,6.59,6.33,7.61
118,8.85,8.11,6.89,4.89,6.09,5.62,6.59,6.33,7.61
119,8.85,8.11,6.89,4.89,6.09,5.62,6.59,6.33,7.61
120,8.85,8.11,6.89,4.89,6.09,5.62,6.59,6.33,7.61
121,8.85,8.11,6.89,4.89,6.09,5.62,6.59,6.33,7.61
122,8.85,8.11,6.89,4.89,6.09,5.62,6.59,6.33,7.61
123,8.85,8.11,6.89,4.89,6.09,5.62,6.59,6.33,7.61
124,8.85,8.11,6.89,4.89,6.09,5.62,6.59,6.33,7.61
125,8.85,8.11,6.89,4.89,6.09,5.62,6.59,6.33,7.61
126,8.85,8.11,6.89,4.89,6.09,5.62,6.59,6.33,7.61
127,8.85,8.11,6.89,4.89,6.09,5.62,6.59,6.33,7.61
128,8.85,8.11,6.89,4.89,6.09,5.62,6.59,6.33,7.61
129,8.85,8.11,6.89,4.89,6.09,5.62,6.59,6.33,7.61
130,8.85,8.11,6.89,4.89,6.09,5.62,6.59,6.33,7.61
131,8.85,8.11,6.89,4.89,6.09,5.62,6.59,6.33,7.61
132,8.85,8.11,6.89,4.89,6.09,5.62,6.59,6.33,7.61
133,8.85,8.11,6.89,4.89,6.09,5.62,6.59,6.33,7.61
134,8.85,8.11,6.89,4.89,6.09,5.62,6.59,6.33,7.61
135,8.85,8.11,6.89,4.89,6.09,5.62,6.59,6.33,7.61
136,8.85,8.11,6.89,4.89,6.09,5.62,6.59,6.33,7.61
137,8.85,8.11,6.89,4.89,6.09,5.62,6.59,6.33,7.61
138,8.85,8.11,6.89,4.89,6.09,5.62,6.59,6.33,7.61
139,8.85,8.11,6.89,4.89,6.09,5.62,6.59,6.33,7.61
140,8.85,8.11,6.89,4.89,6.09,5.62,6.59,6.33,7.61
141,8.85,8.11,6.89,4.89,6.09,5.62,6.59,6.33,7.61
142,8.85,8.11,6.89,4.89,6.09,5.62,6.59,6.33,7.61
143,8.85,8.11,6.89,4.89,6.09,5.62,6.59,6.33,7.61
144,8.85,8.11,6.89,4.89,6.09,5.62,6.59,6.33,7.61
145,8.85,8.11,6.89,4.89,6.09,5.62,6.59,6.33,7.61
146,8.85,8.11,6.89,4.89,6.09,5.62,6.59,6.33,7.61
147,8.85,8.11,6.89,4.89,6.09,5.62,6.59,6.33,7.61
148,8.85,8.11,6.89,4.89,6.09,5.62,6.59,6.33,7.61
149,8.85,8.11,6.89,4.89,6.09,5.62,6.59,6.33,7.61
150,8.85,8.11,6.89,4.89,6.09,5.62,6.59,6.33,7.61
151,8.85,8.11,6.89,4.89,6.09,5.62,6.59,6.33,7.61
152,8.85,8.11,6.89,4.89,6.09,5.62,6.59,6.33,7.61
153,8.85,8.11,6.89,4.89,6.09,5.62,6.59,6.33,7.61
154,8.85,8.11,6.89,4.89,6.09,5.62,6.59,6.33,7.61
155,8.85,8.11,6.89,4.89,6.09,5.62,6.59,6.33,7.61
156,8.85,8.11,6.89,4.89,6.09,5.62,6.59,6.33,7.61
157,8.85,8.11,6.89,4.89,6.09,5.62,6.59,6.33,7.61
158,8.85,8.11,6.89,4.89,6.09,5.62,6.59,6.33,7.61
159,8.85,8.11,6.89,4.89,6.09,5.62,6.59,6.33,7.61
160,8.85,8.11,6.89,4.89,6.09,5.62,6.59,6.33,7.61
161,8.85,8.11,6.89,4.89,6.09,5.62,6.59,6.33,7.61
162,8.85,8.11,6.89,4.89,6.09,5.62,6.59,6.33,7.61
163,8.85,8.11,6.89,4.89,6.09,5.62,6.59,6.33,7.61
164,8.85,8.11,6.89,4.89,6.09,5.62,6.59,6.33,7.61
165,8.85,8.11,6.89,4.89,6.09,5.62,6.59,6.33,7.61
166,8.85,8.11,6.89,4.89,6.09,5.62,6.59,6.33,7.61
167,8.85,8.11,6.89,4.89,6.09,5.62,6.59,6.33,7.61
168,8.85,8.11,6.89,4.89,6.09,5.62,6.59,6.33,7.61
169,8.85,8.11,6.89,4.89,6.09,5.62,6.59,6.33,7.61
170,8.85,8.11,6.89,4.89,6.09,5.62,6.59,6.33,7.61
171,8.85,8.11,6.89,4.89,6.09,5.62,6.59,6.33,7.61
172,8.85,8.11,6.89,4.89,6.09,5.62,6.59,6.33,7.61
173,8.85,8.11,6.89,4.89,6.09,5.62,6.59,6.33,7.61
174,8.85,8.11,6.89,4.89,6.09,5.62,6.59,6.33,7.61
175,8.85,8.11,6.89,4.89,6.09,5.62,6.59,6.33,7.61
176,8.85,8.11,6.89,4.89,6.09,5.62,6.59,6.33,7.61
177,8.85,8.11,6.89,4.89,6.09,5.62,6.59,6.33,7.61
178,8.85,8.11,6.89,4.89,6.09,5.62,6.59,6.33,7.61
179,8.85,8.11,6.89,4.89,6.09,5.62,6.59,6.33,7.61
180,8.85,8.11,6.89,4.89,6.09,5.62,6.59,6.33,7.61
181,8.85,8.11,6.89,4.89,6.09,5.62,6.59,6.33,7.61
182,8.85,8.11,6.89,4.89,6.09,5.62,6.59,6.33,7.61
183,8.85,8.11,6.89,4.89,6.09,5.62,6.59,6.33,7.61
184,8.85,8.11,6.89,4.89,6.09,5.62,6.59,6.33,7.61
185,8.85,8.11,6.89,4.89,6.09,5.62,6.59,6.33,7.61
186,8.85,8.11,6.89,4.89,6.09,5.62,6.59,6.33,7.61
187,8.85,8.11,6.89,4.89,6.09,5.62,6.59,6.33,7.61
188,8.85,8.11,6.89,4.89,6.09,5.62,6.59,6.33,7.61
189,8.85,8.11,6.89,4.89,6.09,5.62,6.59,6.33,7.61
190,8.85,8.11,6.89,4.89,6.09,5.62,6.59,6.33,7.61
191,8.85,8.11,6.89,4.89,6.09,5.62,6.59,6.33,7.61
192,8.85,8.11,6.89,4.89,6.09,5.62,6.59,6.33,7.61
193,8.85,8.11,6.89,4.89,6.09,5.62,6.59,6.33,7.61
194,8.85,8.11,6.89,4.89,6.09,5.62,6.59,6.33,7.61
195,8.85,8.11,6.89,4.89,6.09,5.62,6.59,6.33,7.61
196,8.85,8.11,6.89,4.89,6.09,5.62,6.59,6.33,7.61
197,8.85,8.11,6.89,4.89,6.09,5.62,6.59,6.33,7.61
198,8.85,8.11,6.89,4.89,6.09,5.62,6.59,6.33,7.61
199,8.85,8.11,6.89,4.89,6.09,5.62,6.59,6.33,7.61
200,8.85,8.11,6.89,4.89,6.09,5.62,6.59,6.33,7.61
201,8.85,8.11,6.89,4.89,6.09,5.62,6.59,6.33,7.61
202,8.85,8.11,6.89,4.89,6.09,5.62,6.59,6.33,7.61
203,8.85,8.11,6.89,4.89,6.09,5.62,6.59,6.33,7.61
204,8.85,8.11,6.89,4.89,6.09,5.62,6.59,6.33,7.61
205,8.85,8.11,6.89,4.89,6.09,5.62,6.59,6.33,7.61
206,8.85,8.11,6.89,4.89,6.09,5.62,6.59,6.33,7.61
207,8.85,8.11,6.89,4.89,6.09,5.62,6.59,6.33,7.61
208,8.85,8.11,6.89,4.89,6.09,5.62,6.59,6.33,7.61
209,8.85,8.11,6.89,4.89,6.09,5.62,6.59,6.33,7.61
210,8.85,8.11,6.89,4.89,6.09,5.62,6.59,6.33,7.61
211,8.85,8.11,6.89,4.89,6.09,5.62,6.59,6.33,7.61
212,8.85,8.11,6.89,4.89,6.09,5.62,6.59,6.33,7.61
213,8.85,8.11,6.89,4.89,6.09,5.62,6.59,6.33,7.61
214,8.85,8.11,6.89,4.89,6.09,5.62,6.59,6.33,7.61
215,8.85,8.11,6.89,4.89,6.09,5.62,6.59,6.33,7.61
216,8.85,8.11,6.89,4.89,6.09,5.62,6.59,6.33,7.61
217,8.85,8.11,6.89,4.89,6.09,5.62,6.59,6.33,7.61
218,8.85,8.11,6.89,4.89,6.09,5.62,6.59,6.33,7.61
219,8.85,8.11,6.89,4.89,6.09,5.62,6.59,6.33,7.61
220,8.85,8.11,6.89,4.89,6.09,5.62,6.59,6.33,7.61
221,8.85,8.11,6.89,4.89,6.09,5.62,6.59,6.33,7.61
222,8.85,8.11,6.89,4.89,6.09,5.62,6.59,6.33,7.61
223,8.85,8.11,6.89,4.89,6.09,5.62,6.59,6.33,7.61
224,8.85,8.11,6.89,4.89,6.09,5.62,6.59,6.33,7.61
225,8.85,8.11,6.89,4.89,6.09,5.62,6.59,6.33,7.61
226,8.85,8.11,6.89,4.89,6.09,5.62,6.59,6.33,7.61
227,8.85,8.11,6.89,4.89,6.09,5.62,6.59,6.33,7.61
228,8.85,8.11,6.89,4.89,6.09,5.62,6.59,6.33,7.61
229,8.85,8.11,6.89,4.89,6.09,5.62,6.59,6.33,7.61
230,8.85,8.11,6.89,4.89,6.09,5.62,6.59,6.33,7.61
231,8.85,8.11,6.89,4.89,6.09,5.62,6.59,6.33,7.61
232,8.85,8.11,6.89,4.89,6.09,5.62,6.59,6.33,7.61
233,8.85,8.11,6.89,4.89,6.09,5.62,6.59,6.33,7.61
234,8.85,8.11,6.89,4.89,6.09,5.62,6.59,6.33,7.61
235,8.85,8.11,6.89,4.89,6.09,5.62,6.59,6.33,7.61
236,8.85,8.11,6.89,4.89,6.09,5.62,6.59,6.33,7.61
237,8.85,8.11,6.89,4.89,6.09,5.62,6.59,6.33,7.61
238,8.85,8.11,6.89,4.89,6.09,5.62,6.59,6.33,7.61
239,8.85,8.11,6.89,4.89,6.09,5.62,6.59,6.33,7.61
240,8.85,8.11,6.89,4.89,6.09,5.62,6.59,6.33,7.61
241,8.85,8.11,6.89,4.89,6.09,5.62,6.59,6.33,7.61
242,8.85,8.11,6.89,4.89,6.09,5.62,6.59,6.33,7.61
243,8.85,8.11,6.89,4.89,6.09,5.62,6.59,6.33,7.61
244,8.85,8.11,6.89,4.89,6.09,5.62,6.59,6.33,7.61
245,8.85,8.11,6.89,4.89,6.09,5.62,6.59,6.33,7.61
246,8.85,8.11,6.89,4.89,6.09,5.62,6.59,6.33,7.61
247,8.85,8.11,6.89,4.89,6.09,5.62,6.59,6.33,7.61
248,8.85,8.11,6.89,4.89,6.09,5.62,6.59,6.33,7.61
249,8.85,8.11,6.89,4.89,6.09,5.62,6.59,6.33,7.61
250,8.85,8.11,6.89,4.89,6.09,5.62,6.59,6.33,7.61
251,8.85,8.11,6.89,4.89,6.09,5.62,6.59,6.33,7.61
252,8.85,8.11,6.89,4.89,6.09,5.62,6.59,6.33,7.61
253,8.85,8.11,6.89,4.89,6.09,5.62,6.59,6.33,7.61
254,8.85,8.11,6.89,4.89,6.09,5.62,6.59,6.33,7.61
255,8.85,8.11,6.89,4.89,6.09,5.62,6.59,6.33,7.61
256,8.85,8.11,6.89,4.89,6.09,5.62,6.59,6.33,7.61
257,8.85,8.11,6.89,4.89,6.09,5.62,6.59,6.33,7.61
258,8.85,8.11,6.89,4.89,6.09,5.62,6.59,6.33,7.61
259,8.85,8.11,6.89,4.89,6.09,5.62,6.59,6.33,7.61
260,8.85,8.11,6.89,4.89,6.09,5.62,6.59,6.33,7.61
261,8.85,8.11,6.89,4.89,6.09,5.62,6.59,6.33,7.61
262,8.85,8.11,6.89,4.89,6.09,5.62,6.59,6.33,7.61
263,8.85,8.11,6.89,4.89,6.09,5.62,6.59,6.33,7.61
264,8.85,8.11,6.89,4.89,6.09,5.62,6.59,6.33,7.61
265,8.85,8.11,6.89,4.89,6.09,5.62,6.59,6.33,7.61
266,8.85,8.11,6.89,4.89,6.09,5.62,6.59,6.33,7.61
267,8.85,8.11,6.89,4.89,6.09,5.62,6.59,6.33,7.61
268,8.85,8.11,6.89,4.89,6.09,5.62,6.59,6.33,7.61
269,8.85,8.11,6.89,4.89,6.09,5.62,6.59,6.33,7.61
270,8.85,8.11,6.89,4.89,6.09,5.62,6.59,6.33,7.61
271,8.85,8.11,6.89,4.89,6.09,5.62,6.59,6.33,7.61
272,8.85,8.11,6.89,4.89,6.09,5.62,6.59,6.33,7.61
273,8.85,8.11,6.89,4.89,6.09,5.62,6.59,6.33,7.61
274,8.85,8.11,6.89,4.89,6.09,5.62,6.59,6.33,7.61
275,8.85,8.11,6.89,4.89,6.09,5.62,6.59,6.33,7.61
276,8.85,8.11,6.89,4.89,6.09,5.62,6.59,6.33,7.61
277,8.85,8.11,6.89,4.89,6.09,5.62,6.59,6.33,7.61
278,8.85,8.11,6.89,4.89,6.09,5.62,6.59,6.33,7.61
279,8.85,8.11,6.89,4.89,6.09,5.62,6.59,6.33,7.61
280,8.85,8.11,6.89,4.89,6.09,5.62,6.59,6.33,7.61
281,8.85,8.11,6.89,4.89,6.09,5.62,6.59,6.33,7.61
282,8.85,8.11,6.89,4.89,6.09,5.62,6.59,6.33,7.61
283,8.85,8.11,6.89,4.89,6.09,5.62,6.59,6.33,7.61
284,8.85,8.11,6.89,4.89,6.09,5.62,6.59,6.33,7.61
285,8.85,8.11,6.89,4.89,6.09,5.62,6.59,6.33,7.61
286,8.85,8.11,6.89,4.89,6.09,5.62,6.59,6.33,7.61
287,8.85,8.11,6.89,4.89,6.09,5.62,6.59,6.33,7.61
288,8.85,8.11,6.89,4.89,6.09,5.62,6.59,6.33,7.61
289,8.85,8.11,6.89,4.89,6.09,5.62,6.59,6.33,7.61
290,8.85,8.11,6.89,4.89,6.09,5.62,6.59,6.33,7.61
291,8.85,8.11,6.89,4.89,6.09,5.62,6.59,6.33,7.61
292,8.85,8.11,6.89,4.89,6.09,5.62,6.59,6.33,7.61
293,8.85,8.11,6.89,4.89,6.09,5.62,6.59,6.33,7.61
294,8.85,8.11,6.89,4.89,6.09,5.62,6.59,6.33,7.61
295,8.85,8.11,6.89,4.89,6.09,5.62,6.59,6.33,7.61
296,8.85,8.11,6.89,4.89,6.09,5.62,6.59,6.33,7.61
297,8.85,8.11,6.89,4.89,6.09,5.62,6.59,6.33,7.61
298,8.85,8.11,6.89,4.89,6.09,5.62,6.59,6.33,7.61
299,8.85,8.11,6.89,4.89,6.09,5.62,6.59,6.33,7.61
300,8.85,8.11,6.89,4.89,6.09,5.62,6.59,6.33,7.61
301,8.85,8.11,6.89,4.89,6.09,5.62,6.59,6.33,7.61
302,8.85,8.11,6.89,4.89,6.09,5.62,6.59,6.33,7.61
303,8.85,8.11,6.89,4.89,6.09,5.62,6.59,6.33,7.61
304,8.85,8.11,6.89,4.89,6.09,5.62,6.59,6.33,7.61
305,8.85,8.11,6.89,4.89,6.09,5.62,6.59,6.33,7.61
306,8.85,8.11,6.89,4.89,6.09,5.62,6.59,6.33,7.61
307,8.85,8.11,6.89,4.89,6.09,5.62,6.59,6.33,7.61
308,8.85,8.11,6.89,4.89,6.09,5.62,6.59,6.33,7.61
309,8.85,8.11,6.89,4.89,6.09,5.62,6.59,6.33,7.61
310,8.85,8.11,6.89,4.89,6.09,5.62,6.59,6.33,7.61
311,8.85,8.11,6.89,4.89,6.09,5.62,6.59,6.33,7.61
312,8.85,8.11,6.89,4.89,6.09,5.62,6.59,6.33,7.61
313,8.85,8.11,6.89,4.89,6.09,5.62,6.59,6.33,7.61
314,8.85,8.11,6.89,4.89,6.09,5.62,6.59,6.33,7.61
315,8.85,8.11,6.89,4.89,6.09,5.62,6.59,6.33,7.61
316,8.85,8.11,6.89,4.89,6.09,5.62,6.59,6.33,7.61
317,8.85,8.11,6.89,4.89,6.09,5.62,6.59,6.33,7.61
318,8.85,8.11,6.89,4.89,6.09,5.62,6.59,6.33,7.61
319,8.85,8.11,6.89,4.89,6.09,5.62,6.59,6.33,7.61
320,8.85,8.11,6.89,4.89,6.09,5.62,6.59,6.33,7.61
321,8.85,8.11,6.89,4.89,6.09,5.62,6.59,6.33,7.61
322,8.85,8.11,6.89,4.89,6.09,5.62,6.59,6.33,7.61
323,8.85,8.11,6.89,4.89,6.09,5.62,6.59,6.33,7.61
324,8.85,8.11,6.89,4.89,6.09,5.62,6.59,6.33,7.61
325,8.85,8.11,6.89,4.89,6.09,5.62,6.59,6.33,7.61
326,8.85,8.11,6.89,4.89,6.09,5.62,6.59,6.33,7.61
327,8.85,8.11,6.89,4.89,6.09,5.62,6.59,6.33,7.61
328,8.85,8.11,6.89,4.89,6.09,5.62,6.59,6.33,7.61
329,8.85,8.11,6.89,4.89,6.09,5.62,6.59,6.33,7.61
330,8.85,8.11,6.89,4.89,6.09,5.62,6.59,6.33,7.61
331,8.85,8.11,6.89,4.89,6.09,5.62,6.59,6.33,7.61
332,8.85,8.11,6.89,4.89,6.09,5.62,6.59,6.33,7.61
333,8.85,8.11,6.89,4.89,6.09,5.62,6.59,6.33,7.61
334,8.85,8.11,6.89,4.89,6.09,5.62,6.59,6.33,7.61
335,8.85,8.11,6.89,4.89,6.09,5.62,6.59,6.33,7.61
336,8.85,8.11,6.89,4.89,6.09,5.62,6.59,6.33,7.61
337,8.85,8.11,6.89,4.89,6.09,5.62,6.59,6.33,7.61
338,8.85,8.11,6.89,4.89,6.09,5.62,6.59,6.33,7.61
339,8.85,8.11,6.89,4.89,6.09,5.62,6.59,6.33,7.61
340,8.85,8.11,6.89,4.89,6.09,5.62,6.59,6.33,7.61
341,8.85,8.11,6.89,4.89,6.09,5.62,6.59,6.33,7.61
342,8.85,8.11,6.89,4.89,6.09,5.62,6.59,6.33,7.61
343,8.85,8.11,6.89,4.89,6.09,5.62,6.59,6.33,7.61
344,8.85,8.11,6.89,4.89,6.09,5.62,6.59,6.33,7.61
345,8.85,8.11,6.89,4.89,6.09,5.62,6.59,6.33,7.61
346,8.85,8.11,6.89,4.89,6.09,5.62,6.59,6.33,7.61
347,8.85,8.11,6.89,4.89,6.09,5.62,6.59,6.33,7.61
348,8.85,8.11,6.89,4.89,6.09,5.62,6.59,6.33,7.61
349,8.85,8.11,6.89,4.89,6.09,5.62,6.59,6.33,7.61
350,8.85,8.11,6.89,4.89,6.09,5.62,6.59,6.33,7.61
351,8.85,8.11,6.89,4.89,6.09,5.62,6.59,6.33,7.61
352,8.85,8.11,6.89,4.89,6.09,5.62,6.59,6.33,7.61
353,8.85,8.11,6.89,4.89,6.09,5.62,6.59,6.33,7.61
354,8.85,8.11,6.89,4.89,6.09,5.62,6.59,6.33,7.61
355,8.85,8.11,6.89,4.89,6.09,5.62,6.59,6.33,7.61
356,8.85,8.11,6.89,4.89,6.09,5.62,6.59,6.33,7.61
357,8.85,8.11,6.89,4.89,6.09,5.62,6.59,6.33,7.61
358,8.85,8.11,6.89,4.89,6.09,5.62,6.59,6.33,7.61
359,8.85,8.11,6.89,4.89,6.09,5.62,6.59,6.33,7.61
360,8.85,8.11,6.89,4.89,6.09,5.62,6.59,6.33,7.61
361,8.85,8.11,6.89,4.89,6.09,5.62,6.59,6.33,7.61
362,8.85,8.11,6.89,4.89,6.09,5.62,6.59,6.33,7.61
363,8.85,8.11,6.89,4.89,6.09,5.62,6.59,6.33,7.61
364,8.85,8.11,6.89,4.89,6.09,5.62,6.59,6.33,7.61
365,8.85,8.11,6.89,4.89,6.09,5.62,6.59,6.33,7.61
366,8.85,8.11,6.89,4.89,6.09,5.62,6.59,6.33,7.61
367,8.85,8.11,6.89,4.89,6.09,5.62,6.59,6.33,7.61
368,8.85,8.11,6.89,4.89,6.09,5.62,6.59,6.33,7.61
369,8.85,8.11,6.89,4.89,6.09,5.62,6.59,6.33,7.61
370,8.85,8.11,6.89,4.89,6.09,5.62,6.59,6.33,7.61
371,8.85,8.11,6.89,4.89,6.09,5.62,6.59,6.33,7.61
372,8.85,8.11,6.89,4.89,6.09,5.62,6.59,6.33,7.61
373,8.85,8.11,6.89,4.89,6.09,5.62,6.59,6.33,7.61
374,8.85,8.11,6.89,4.89,6.09,5.62,6.59,6.33,7.61
375,8.85,8.11,6.89,4.89,6.09,5.62,6.59,6.33,7.61
376,8.85,8.11,6.89,4.89,6.09,5.62,6.59,6.33,7.61
377,8.85,8.11,6.89,4.89,6.09,5.62,6.59,6.33,7.61
378,8.85,8.11,6.89,4.89,6.09,5.62,6.59,6.33,7.61
379,8.85,8.11,6.89,4.89,6.09,5.62,6.59,6.33,7.61
380,8.85,8.11,6.89,4.89,6.09,5.62,6.59,6.33,7.61
381,8.85,8.11,6.89,4.89,6.09,5.62,6.59,6.33,7.61
382,8.85,8.11,6.89,4.89,6.09,5.62,6.59,6.33,7.61
383,8.85,8.11,6.89,4.89,6.09,5.62,6.59,6.33,7.61
384,8.85,8.11,6.89,4.89,6.09,5.62,6.59,6.33,7.61
385,8.85,8.11,6.89,4.89,6.09,5.62,6.59,6.33,7.61
386,8.85,8.11,6.89,4.89,6.09,5.62,6.59,6.33,7.61
387,8.85,8.11,6.89,4.89,6.09,5.62,6.59,6.33,7.61
388,8.85,8.11,6.89,4.89,6.09,5.62,6.59,6.33,7.61
389,8.85,8.11,6.89,4.89,6.09,5.62,6.59,6.33,7.61
390,8.85,8.11,6.89,4.89,6.09,5.62,6.59,6.33,7.61
391,8.85,8.11,6.89,4.89,6.09,5.62,6.59,6.33,7.61
392,8.85,8.11,6.89,4.89,6.09,5.62,6.59,6.33,7.61
393,8.85,8.11,6.89,4.89,6.09,5.62,6.59,6.33,7.61
394,8.85,8.11,6.89,4.89,6.09,5.62,6.59,6.33,7.61
395,8.85,8.11,6.89,4.89,6.09,5.62,6.59,6.33,7.61
396,8.85,8.11,6.89,4.89,6.09,5.62,6.59,6.33,7.61
397,8.85,8.11,6.89,4.89,6.09,5.62,6.59,6.33,7.61
398,8.85,8.11,6.89,4.89,6.09,5.62,6.59,6.33,7.61
399,8.85,8.11,6.89,4.89,6.09,5.62,6.59,6.33,7.61
400,8.85,8.11,6.89,4.89,6.09,5.62,6.59,6.33,7.61
401,8.85,8.11,6.89,4.89,6.09,5.62,6.59,6.33,7.61
402,8.85,8.11,6.89,4.89,6.09,5.62,6.59,6.33,7.61
403,8.85,8.11,6.89,4.89,6.09,5.62,6.59,6.33,7.61
404,8.85,8.11,6.89,4.89,6.09,5.62,6.59,6.33,7.61
405,8.85,8.11,6.89,4.89,6.09,5.62,6.59,6.33,7.61
406,8.85,8.11,6.89,4.89,6.09,5.62,6.59,6.33,7.61
407,8.85,8.11,6.89,4.89,6.09,5.62,6.59,6.33,7.61
408,8.85,8.11,6.89,4.89,6.09,5.62,6.59,6.33,7.61
409,8.85,8.11,6.89,4.89,6.09,5.62,6.59,6.33,7.61
410,8.85,8.11,6.89,4.89,6.09,5.62,6.59,6.33,7.61
411,8.85,8.11,6.89,4.89,6.09,5.62,6.59,6.33,7.61
412,8.85,8.11,6.89,4.89,6.09,5.62,6.59,6.33,7.61
413,8.85,8.11,6.89,4.89,6.09,5.62,6.59,6.33,7.61
414,8.85,8.11,6.89,4.89,6.09,5.62,6.59,6.33,7.61
415,8.85,8.11,6.89,4.89,6.09,5.62,6.59,6.33,7.61
416,8.85,8.11,6.89,4.89,6.09,5.62,6.59,6.33,7.61
417,8.85,8.11,6.89,4.89,6.09,5.62,6.59,6.33,7.61
418,8.85,8.11,6.89,4.89,6.09,5.62,6.59,6.33,7.61
419,8.85,8.11,6.89,4.89,6.09,5.62,6.59,6.33,7.61
420,8.85,8.11,6.89,4.89,6.09,5.62,6.59,6.33,7.61
421,8.85,8.11,6.89,4.89,6.09,5.62,6.59,6.33,7.61
422,8.85,8.11,6.89,4.89,6.09,5.62,6.59,6.33,7.61
423,8.85,8.11,6.89,4.89,6.09,5.62,6.59,6.33,7.61
424,8.85,8.11,6.89,4.89,6.09,5.62,6.59,6.33,7.61
425,8.85,8.11,6.89,4.89,6.09,5.62,6.59,6.33,7.61
426,8.85,8.11,6.89,4.89,6.09,5.62,6.59,6.33,7.61
427,8.85,8.11,6.89,4.89,6.09,5.62,6.59,6.33,7.61
428,8.85,8.11,6.89,4.89,6.09,5.62,6.59,6.33,7.61
429,8.85,8.11,6.89,4.89,6.09,5.62,6.59,6.33,7.61
430,8.85,8.11,6.89,4.89,6.09,5.62,6.59,6.33,7.61
431,8.85,8.11,6.89,4.89,6.09,5.62,6.59,6.33,7.61
432,8.85,8.11,6.89,4.89,6.09,5.62,6.59,6.33,7.61
433,8.85,8.11,6.89,4.89,6.09,5.62,6.59,6.33,7.61
434,8.85,8.11,6.89,4.89,6.09,5.62,6.59,6.33,7.61
435,8.85,8.11,6.89,4.89,6.09,5.62,6.59,6.33,7.61
436,8.85,8.11,6.89,4.89,6.09,5.62,6.59,6.33,7.61
437,8.85,8.11,6.89,4.89,6.09,5.62,6.59,6.33,7.61
438,8.85,8.11,6.89,4.89,6.09,5.62,6.59,6.33,7.61
439,8.85,8.11,6.89,4.89,6.09,5.62,6.59,6.33,7.61
440,8.85,8.11,6.89,4.89,6.09,5.62,6.59,6.33,7.61
441,8.85,8.11,6.89,4.89,6.09,5.62,6.59,6.33,7.61
442,8.85,8.11,6.89,4.89,6.09,5.62,6.59,6.33,7.61
443,8.85,8.11,6.89,4.89,6.09,5.62,6.59,6.33,7.61
444,8.85,8.11,6.89,4.89,6.09,5.62,6.59,6.33,7.61
445,8.85,8.11,6.89,4.89,6.09,5.62,6.59,6.33,7.61
446,8.85,8.11,6.89,4.89,6.09,5.62,6.59,6.33,7.61
447,8.85,8.11,6.89,4.89,6.09,5.62,6.59,6.33,7.61
448,8.85,8.11,6.89,4.89,6.09,5.62,6.59,6.33,7.61
449,8.85,8.11,6.89,4.89,6.09,5.62,6.59,6.33,7.61
450,8.85,8.11,6.89,4.89,6.09,5.62,6.59,6.33,7.61
451,8.85,8.11,6.89,4.89,6.09,5.62,6.59,6.33,7.61
452,8.85,8.11,6.89,4.89,6.09,5.62,6.59,6.33,7.61
453,8.85,8.11,6.89,4.89,6.09,5.62,6.59,6.33,7.61
454,8.85,8.11,6.89,4.89,6.09,5.62,6.59,6.33,7.61
455,8.85,8.11,6.89,4.89,6.09,5.62,6.59,6.33,7.61
456,8.85,8.11,6.89,4.89,6.09,5.62,6.59,6.33,7.61
457,8.85,8.11,6.89,4.89,6.09,5.62,6.59,6.33,7.61
458,8.85,8.11,6.89,4.89,6.09,5.62,6.59,6.33,7.61
459,8.85,8.11,6.89,4.89,6.09,5.62,6.59,6.33,7.61
460,8.85,8.11,6.89,4.89,6.09,5.62,6.59,6.33,7.61
461,8.85,8.11,6.89,4.89,6.09,5.62,6.59,6.33,7.61
462,8.85,8.11,6.89,4.89,6.09,5.62,6.59,6.33,7.61
463,8.85,8.11,6.89,4.89,6.09,5.62,6.59,6.33,7.61
464,8.85,8.11,6.89,4.89,6.09,5.62,6.59,6.33,7.61
465,8.85,8.11,6.89,4.89,6.09,5.62,6.59,6.33,7.61
466,8.85,8.11,6.89,4.89,6.09,5.62,6.59,6.33,7.61
467,8.85,8.11,6.89,4.89,6.09,5.62,6.59,6.33,7.61
468,8.85,8.11,6.89,4.89,6.09,5.62,6.59,6.33,7.61
469,8.85,8.11,6.89,4.89,6.09,5.62,6.59,6.33,7.61
470,8.85,8.11,6.89,4.89,6.09,5.62,6.59,6.33,7.61
471,8.85,8.11,6.89,4.89,6.09,5.62,6.59,6.33,7.61
472,8.85,8.11,6.89,4.89,6.09,5.62,6.59,6.33,7.61
473,8.85,8.11,6.89,4.89,6.09,5.62,6.59,6.33,7.61
474,8.85,8.11,6.89,4.89,6.09,5.62,6.59,6.33,7.61
475,8.85,8.11,6.89,4.89,6.09,5.62,6.59,6.33,7.61
476,8.85,8.11,6.89,4.89,6.09,5.62,6.59,6.33,7.61
477,8.85,8.11,6.89,4.89,6.09,5.62,6.59,6.33,7.61
478,8.85,8.11,6.89,4.89,6.09,5.62,6.59,6.33,7.61
479,8.85,8.11,6.89,4.89,6.09,5.62,6.59,6.33,7.61
480,8.85,8.11,6.89,4.89,6.09,5.62,6.59,6.33,7.61
481,8.85,8.11,6.89,4.89,6.09,5.62,6.59,6.33,7.61
482,8.85,8.11,6.89,4.89,6.09,5.62,6.59,6.33,7.61
483,8.85,8.11,6.89,4.89,6.09,5.62,6.59,6.33,7.61
484,8.85,8.11,6.89,4.89,6.09,5.62,6.59,6.33,7.61
485,8.85,8.11,6.89,4.89,6.09,5.62,6.59,6.33,7.61
486,8.85,8.11,6.89,4.89,6.09,5.62,6.59,6.33,7.61
487,8.85,8.11,6.89,4.89,6.09,5.62,6.59,6.33,7.61
488,8.85,8.11,6.89,4.89,6.09,5.62,6.59,6.33,7.61
489,8.85,8.11,6.89,4.89,6.09,5.62,6.59,6.33,7.61
490,8.85,8.11,6.89,4.89,6.09,5.62,6.59,6.33,7.61
491,8.85,8.11,6.89,4.89,6.09,5.62,6.59,6.33,7.61
492,8.85,8.11,6.89,4.89,6.09,5.62,6.59,6.33,7.61
493,8.85,8.11,6.89,4.89,6.09,5.62,6.59,6.33,7.61
494,8.85,8.11,6.89,4.89,6.09,5.62,6.59,6.33,7.61
495,8.85,8.11,6.89,4.89,6.09,5.62,6.59,6.33,7.61
496,8.85,8.11,6.89,4.89,6.09,5.62,6.59,6.33,7.61
497,8.85,8.11,6.89,4.89,6.09,5.62,6.59,6.33,7.61
498,8.85,8.11,6.89,4.89,6.09,5.62,6.59,6.33,7.61
499,8.85,8.11,6.89,4.89,6.09,5.62,6.59,6.33,7.61
500,8.85,8.11,6.89,4.89,6.09,5.62,6.59,6.33,7.61
501,8.85,8.11,6.89,4.89,6.09,5.62,6.59,6.33,7.61
502,8.85,8.11,6.89,4.89,6.09,5.62,6.59,6.33,7.61
503,8.85,8.11,6.89,4.89,6.09,5.62,6.59,6.33,7.61
504,8.85,8.11,6.89,4.89,6.09,5.62,6.59,6.33,7.61
505,8.85,8.11,6.89,4.89,6.09,5.62,6.59,6.33,7.61
506,8.85,8.11,6.89,4.89,6.09,5.62,6.59,6.33,7.61
507,8.85,8.11,6.89,4.89,6.09,5.62,6.59,6.33,7.61
508,8.85,8.11,6.89,4.89,6.09,5.62,6.59,6.33,7.61
509,8.85,8.11,6.89,4.89,6.09,5.62,6.59,6.33,7.61
510,8.85,8.11,6.89,4.89,6.09,5.62,6.59,6.33,7.61
511,8.85,8.11,6.89,4.89,6.09,5.62,6.59,6.33,7.61
512,8.85,8.11,6.89,4.89,6.09,5.62,6.59,6.33,7.61
513,8.85,8.11,6.89,4.89,6.09,5.62,6.59,6.33,7.61
514,8.85,8.11,6.89,4.89,6.09,5.62,6.59,6.33,7.61
515,8.85,8.11,6.89,4.89,6.09,5.62,6.59,6.33,7.61
516,8.85,8.11,6.89,4.89,6.09,5.62,6.59,6.33,7.61
517,8.85,8.11,6.89,4.89,6.09,5.62,6.59,6.33,7.61
518,8.85,8.11,6.89,4.89,6.09,5.62,6.59,6.33,7.61
519,8.85,8.11,6.89,4.89,6.09,5.62,6.59,6.33,7.61
520,8.85,8.11,6.89,4.89,6.09,5.62,6.59,6.33,7.61
521,8.85,8.11,6.89,4.89,6.09,5.62,6.59,6.33,7.61
522,8.85,8.11,6.89,4.89,6.09,5.62,6.59,6.33,7.61
523,8.85,8.11,6.89,4.89,6.09,5.62,6.59,6.33,7.61
524,8.85,8.11,6.89,4.89,6.09,5.62,6.59,6.33,7.61
525,8.85,8.11,6.89,4.89,6.09,5.62,6.59,6.33,7.61
526,8.85,8.11,6.89,4.89,6.09,5.62,6.59,6.33,7.61
527,8.85,8.11,6.89,4.89,6.09,5.62,6.59,6.33,7.61
528,8.85,8.11,6.89,4.89,6.09,5.62,6.59,6.33,7.61
529,8.85,8.11,6.89,4.89,6.09,5.62,6.59,6.33,7.61
530,8.85,8.11,6.89,4.89,6.09,5.62,6.59,6.33,7.61
531,8.85,8.11,6.89,4.89,6.09,5.62,6.59,6.33,7.61
532,8.85,8.11,6.89,4.89,6.09,5.62,6.59,6.33,7.61
533,8.85,8.11,6.89,4.89,6.09,5.62,6.59,6.33,7.61
534,8.85,8.11,6.89,4.89,6.09,5.62,6.59,6.33,7.61
535,8.85,8.11,6.89,4.89,6.09,5.62,6.59,6.33,7.61
536,8.85,8.11,6.89,4.89,6.09,5.62,6.59,6.33,7.61
537,8.85,8.11,6.89,4.89,6.09,5.62,6.59,6.33,7.61
538,8.85,8.11,6.89,4.89,6.09,5.62,6.59,6.33,7.61
539,8.85,8.11,6.89,4.89,6.09,5.62,6.59,6.33,7.61
540,8.85,8.11,6.89,4.89,6.09,5.62,6.59,6.33,7.61
541,8.85,8.11,6.89,4.89,6.09,5.62,6.59,6.33,7.61
542,8.85,8.11,6.89,4.89,6.09,5.62,6.59,6.33,7.61
543,8.85,8.11,6.89,4.89,6.09,5.62,6.59,6.33,7.61
544,8.85,8.11,6.89,4.89,6.09,5.62,6.59,6.33,7.61
545,8.85,8.11,6.89,4.89,6.09,5.62,6.59,6.33,7.61
546,8.85,8.11,6.89,4.89,6.09,5.62,6.59,6.33,7.61
547,8.85,8.11,6.89,4.89,6.09,5.62,6.59,6.33,7.61
548,8.85,8.11,6.89,4.89,6.09,5.62,6.59,6.33,7.61
549,8.85,8.11,6.89,4.89,6.09,5.62,6.59,6.33,7.61
550,8.85,8.11,6.89,4.89,6.09,5.62,6.59,6.33,7.61
551,8.85,8.11,6.89,4.89,6.09,5.62,6.59,6.33,7.61
552,8.85,8.11,6.89,4.89,6.09,5.62,6.59,6.33,7.61
553,8.85,8.11,6.89,4.89,6.09,5.62,6.59,6.33,7.61
554,8.85,8.11,6.89,4.89,6.09,5.62,6.59,6.33,7.61
555,8.85,8.11,6.89,4.89,6.09,5.62,6.59,6.33,7.61
556,8.85,8.11,6.89,4.89,6.09,5.62,6.59,6.33,7.61
557,8.85,8.11,6.89,4.89,6.09,5.62,6.59,6.33,7.61
558,8.85,8.11,6.89,4.89,6.09,5.62,6.59,6.33,7.61
559,8.85,8.11,6.89,4.89,6.09,5.62,6.59,6.33,7.61
560,8.85,8.11,6.89,4.89,6.09,5.62,6.59,6.33,7.61
561,8.85,8.11,6.89,4.89,6.09,5.62,6.59,6.33,7.61
562,8.85,8.11,6.89,4.89,6.09,5.62,6.59,6.33,7.61
563,8.85,8.11,6.89,4.89,6.09,5.62,6.59,6.33,7.61
564,8.85,8.11,6.89,4.89,6.09,5.62,6.59,6.33,7.61
565,8.85,8.11,6.89,4.89,6.09,5.62,6.59,6.33,7.61
566,8.85,8.11,6.89,4.89,6.09,5.62,6.59,6.33,7.61
567,8.85,8.11,6.89,4.89,6.09,5.62,6.59,6.33,7.61
568,8.85,8.11,6.89,4.89,6.09,5.62,6.59,6.33,7.61
569,8.85,8.11,6.89,4.89,6.09,5.62,6.59,6.33,7.61
570,8.85,8.11,6.89,4.89,6.09,5.62,6.59,6.33,7.61
571,8.85,8.11,6.89,4.89,6.09,5.62,6.59,6.33,7.61
572,8.85,8.11,6.89,4.89,6.09,5.62,6.59,6.33,7.61
573,8.85,8.11,6.89,4.89,6.09,5.62,6.59,6.33,7.61
574,8.85,8.11,6.89,4.89,6.09,5.62,6.59,6.33,7.61
575,8.85,8.11,6.89,4.89,6.09,5.62,6.59,6.33,7.61
576,8.85,8.11,6.89,4.89,6.09,5.62,6.59,6.33,7.61
577,8.85,8.11,6.89,4.89,6.09,5.62,6.59,6.33,7.61
578,8.85,8.11,6.89,4.89,6.09,5.62,6.59,6.33,7.61
579,8.85,8.11,6.89,4.89,6.09,5.62,6.59,6.33,7.61
580,8.85,8.11,6.89,4.89,6.09,5.62,6.59,6.33,7.61
581,8.85,8.11,6.89,4.89,6.09,5.62,6.59,6.33,7.61
582,8.85,8.11,6.89,4.89,6.09,5.62,6.59,6.33,7.61
583,8.85,8.11,6.89,4.89,6.09,5.62,6.59,6.33,7.61
584,8.85,8.11,6.89,4.89,6.09,5.62,6.59,6.33,7.61
585,8.85,8.11,6.89,4.89,6.09,5.62,6.59,6.33,7.61
586,8.85,8.11,6.89,4.89,6.09,5.62,6.59,6.33,7.61
587,8.85,8.11,6.89,4.89,6.09,5.62,6.59,6.33,7.61
588,8.85,8.11,6.89,4.89,6.09,5.62,6.59,6.33,7.61
589,8.85,8.11,6.89,4.89,6.09,5.62,6.59,6.33,7.61
590,8.85,8.11,6.89,4.89,6.09,5.62,6.59,6.33,7.61
591,8.85,8.11,6.89,4.89,6.09,5.62,6.59,6.33,7.61
592,8.85,8.11,6.89,4.89,6.09,5.62,6.59,6.33,7.61
593,8.85,8.11,6.89,4.89,6.09,5.62,6.59,6.33,7.61
594,8.85,8.11,6.89,4.89,6.09,5.62,6.59,6.33,7.61
595,8.85,8.11,6.89,4.89,6.09,5.62,6.59,6.33,7.61
596,8.85,8.11,6.89,4.89,6.09,5.62,6.59,6.33,7.61
597,8.85,8.11,6.89,4.89,6.09,5.62,6.59,6.33,7.61
598,8.85,8.11,6.89,4.89,6.09,5.62,6.59,6.33,7.61
599,8.85,8.11,6.89,4.89,6.09,5.62,6.59,6.33,7.61
600,8.85,8.11,6.89,4.89,6.09,5.62,6.59,6.33,7.61
601,8.85,8.11,6.89,4.89,6.09,5.62,6.59,6.33,7.61
602,8.85,8.11,6.89,4.89,6.09,5.62,6.59,6.33,7.61
603,8.85,8.11,6.89,4.89,6.09,5.62,6.59,6.33,7.61
604,8.85,8.11,6.89,4.89,6.09,5.62,6.59,6.33,7.61
605,8.85,8.11,6.89,4.89,6.09,5.62,6.59,6.33,7.61
606,8.85,8.11,6.89,4.89,6.09,5.62,6.59,6.33,7.61
607,8.85,8.11,6.89,4.89,6.09,5.62,6.59,6.33,7.61
608,8.85,8.11,6.89,4.89,6.09,5.62,6.59,6.33,7.61
609,8.85,8.11,6.89,4.89,6.09,5.62,6.59,6.33,7.61
610,8.85,8.11,6.89,4.89,6.09,5.62,6.59,6.33,7.61
611,8.85,8.11,6.89,4.89,6.09,5.62,6.59,6.33,7.61
612,8.85,8.11,6.89,4.89,6.09,5.62,6.59,6.33,7.61
613,8.85,8.11,6.89,4.89,6.09,5.62,6.59,6.33,7.61
614,8.85,8.11,6.89,4.89,6.09,5.62,6.59,6.33,7.61
615,8.85,8.11,6.89,4.89,6.09,5.62,6.59,6.33,7.61
616,8.85,8.11,6.89,4.89,6.09,5.62,6.59,6.33,7.61
617,8.85,8.11,6.89,4.89,6.09,5.62,6.59,6.33,7.61
618,8.85,8.11,6.89,4.89,6.09,5.62,6.59,6.33,7.61
619,8.85,8.11,6.89,4.89,6.09,5.62,6.59,6.33,7.61
620,8.85,8.11,6.89,4.89,6.09,5.62,6.59,6.33,7.61
621,8.85,8.11,6.89,4.89,6.09,5.62,6.59,6.33,7.61
622,8.85,8.11,6.89,4.89,6.09,5.62,6.59,6.33,7.61
623,8.85,8.11,6.89,4.89,6.09,5.62,6.59,6.33,7.61
624,8.85,8.11,6.89,4.89,6.09,5.62,6.59,6.33,7.61
625,8.85,8.11,6.89,4.89,6.09,5.62,6.59,6.33,7.61
626,8.85,8.11,6.89,4.89,6.09,5.62,6.59,6.33,7.61
627,8.85,8.11,6.89,4.89,6.09,5.62,6.59,6.33,7.61
628,8.85,8.11,6.89,4.89,6.09,5.62,6.59,6.33,7.61
629,8.85,8.11,6.89,4.89,6.09,5.62,6.59,6.33,7.61
630,8.85,8.11,6.89,4.89,6.09,5.62,6.59,6.33,7.61
631,8.85,8.11,6.89,4.89,6.09,5.62,6.59,6.33,7.61
632,8.85,8.11,6.89,4.89,6.09,5.62,6.59,6.33,7.61
633,8.85,8.11,6.89,4.89,6.09,5.62,6.59,6.33,7.61
634,8.85,8.11,6.89,4.89,6.09,5.62,6.59,6.33,7.61
635,8.85,8.11,6.89,4.89,6.09,5.62,6.59,6.33,7.61
636,8.85,8.11,6.89,4.89,6.09,5.62,6.59,6.33,7.61
637,8.85,8.11,6.89,4.89,6.09,5.62,6.59,6.33,7.61
638,8.85,8.11,6.89,4.89,6.09,5.62,6.59,6.33,7.61
639,8.85,8.11,6.89,4.89,6.09,5.62,6.59,6.33,7.61
640,8.85,8.11,6.89,4.89,6.09,5.62,6.59,6.33,7.61
641,8.85,8.11,6.89,4.89,6.09,5.62,6.59,6.33,7.61
642,8.85,8.11,6.89,4.89,6.09,5.62,6.59,6.33,7.61
643,8.85,8.11,6.89,4.89,6.09,5.62,6.59,6.33,7.61
644,8.85,8.11,6.89,4.89,6.09,5.62,6.59,6.33,7.61
645,8.85,8.11,6.89,4.89,6.09,5.62,6.59,6.33,7.61
646,8.85,8.11,6.89,4.89,6.09,5.62,6.59,6.33,7.61
647,8.85,8.11,6.89,4.89,6.09,5.62,6.59,6.33,7.61
648,8.85,8.11,6.89,4.89,6.09,5.62,6.59,6.33,7.61
649,8.85,8.11,6.89,4.89,6.09,5.62,6.59,6.33,7.61
650,8.85,8.11,6.89,4.89,6.09,5.62,6.59,6.33,7.61
651,8.85,8.11,6.89,4.89,6.09,5.62,6.59,6.33,7.61
652,8.85,8.11,6.89,4.89,6.09,5.62,6.59,6.33,7.61
653,8.85,8.11,6.89,4.89,6.09,5.62,6.59,6.33,7.61
654,8.85,8.11,6.89,4.89,6.09,5.62,6.59,6.33,7.61
655,8.85,8.11,6.89,4.89,6.09,5.62,6.59,6.33,7.61
656,8.85,8.11,6.89,4.89,6.09,5.62,6.59,6.33,7.61
657,8.85,8.11,6.89,4.89,6.09,5.62,6.59,6.33,7.61
658,8.85,8.11,6.89,4.89,6.09,5.62,6.59,6.33,7.61
659,8.85,8.11,6.89,4.89,6.09,5.62,6.59,6.33,7.61
660,8.85,8.11,6.89,4.89,6.09,5.62,6.59,6.33,7.61
661,8.85,8.11,6.89,4.89,6.09,5.62,6.59,6.33,7.61
662,8.85,8.11,6.89,4.89,6.09,5.62,6.59,6.33,7.61
663,8.85,8.11,6.89,4.89,6.09,5.62,6.59,6.33,7.61
664,8.85,8.11,6.89,4.89,6.09,5.62,6.59,6.33,7.61
665,8.85,8.11,6.89,4.89,6.09,5.62,6.59,6.33,7.61
666,8.85,8.11,6.89,4.89,6.09,5.62,6.59,6.33,7.61
667,8.85,8.11,6.89,4.89,6.09,5.62,6.59,6.33,7.61
668,8.85,8.11,6.89,4.89,6.09,5.62,6.59,6.33,7.61
669,8.85,8.11,6.89,4.89,6.09,5.62,6.59,6.33,7.61
670,8.85,8.11,6.89,4.89,6.09,5.62,6.59,6.33,7.61
671,8.85,8.11,6.89,4.89,6.09,5.62,6.59,6.33,7.61
672,8.85,8.11,6.89,4.89,6.09,5.62,6.59,6.33,7.61
673,8.85,8.11,6.89,4.89,6.09,5.62,6.59,6.33,7.61
674,8.85,8.11,6.89,4.89,6.09,5.62,6.59,6.33,7.61
675,8.85,8.11,6.89,4.89,6.09,5.62,6.59,6.33,7.61
676,8.85,8.11,6.89,4.89,6.09,5.62,6.59,6.33,7.61
677,8.85,8.11,6.89,4.89,6.09,5.62,6.59,6.33,7.61
678,8.85,8.11,6.89,4.89,6.09,5.62,6.59,6.33,7.61
679,8.85,8.11,6.89,4.89,6.09,5.62,6.59,6.33,7.61
680,8.85,8.11,6.89,4.89,6.09,5.62,6.59,6.33,7.61
681,8.85,8.11,6.89,4.89,6.09,5.62,6.59,6.33,7.61
682,8.85,8.11,6.89,4.89,6.09,5.62,6.59,6.33,7.61
683,8.85,8.11,6.89,4.89,6.09,5.62,6.59,6.33,7.61
684,8.85,8.11,6.89,4.89,6.09,5.62,6.59,6.33,7.61
685,8.85,8.11,6.89,4.89,6.09,5.62,6.59,6.33,7.61
686,8.85,8.11,6.89,4.89,6.09,5.62,6.59,6.33,7.61
687,8.85,8.11,6.89,4.89,6.09,5.62,6.59,6.33,7.61
688,8.85,8.11,6.89,4.89,6.09,5.62,6.59,6.33,7.61
689,8.85,8.11,6.89,4.89,6.09,5.62,6.59,6.33,7.61
690,8.85,8.11,6.89,4.89,6.09,5.62,6.59,6.33,7.61
691,8.85,8.11,6.89,4.89,6.09,5.62,6.59,6.33,7.61
692,8.85,8.11,6.89,4.89,6.09,5.62,6.59,6.33,7.61
693,8.85,8.11,6.89,4.89,6.09,5.62,6.59,6.33,7.61
694,8.85,8.11,6.89,4.89,6.09,5.62,6.59,6.33,7.61
695,8.85,8.11,6.89,4.89,6.09,5.62,6.59,6.33,7.61
696,8.85,8.11,6.89,4.89,6.09,5.62,6.59,6.33,7.61
697,8.85,8.11,6.89,4.89,6.09,5.62,6.59,6.33,7.61
698,8.85,8.11,6.89,4.89,6.09,5.62,6.59,6.33,7.61
699,8.85,8.11,6.89,4.89,6.09,5.62,6.59,6.33,7.61
700,8.85,8.11,6.89,4.89,6.09,5.62,6.59,6.33,7.61
701,8.85,8.11,6.89,4.89,6.09,5.62,6.59,6.33,7.61
702,8.85,8.11,6.89,4.89,6.09,5.62,6.59,6.33,7.61
703,8.85,8.11,6.89,4.89,6.09,5.62,6.59,6.33,7.61
704,8.85,8.11,6.89,4.89,6.09,5.62,6.59,6.33,7.61
705,8.85,8.11,6.89,4.89,6.09,5.62,6.59,6.33,7.61
706,8.85,8.11,6.89,4.89,6.09,5.62,6.59,6.33,7.61
707,8.85,8.11,6.89,4.89,6.09,5.62,6.59,6.33,7.61
708,8.85,8.11,6.89,4.89,6.09,5.62,6.59,6.33,7.61
709,8.85,8.11,6.89,4.89,6.09,5.62,6.59,6.33,7.61
710,8.85,8.11,6.89,4.89,6.09,5.62,6.59,6.33,7.61
711,8.85,8.11,6.89,4.89,6.09,5.62,6.59,6.33,7.61
712,8.85,8.11,6.89,4.89,6.09,5.62,6.59,6.33,7.61
713,8.85,8.11,6.89,4.89,6.09,5.62,6.59,6.33,7.61
714,8.85,8.11,6.89,4.89,6.09,5.62,6.59,6.33,7.61
715,8.85,8.11,6.89,4.89,6.09,5.62,6.59,6.33,7.61
716,8.85,8.11,6.89,4.89,6.09,5.62,6.59,6.33,7.61
717,8.85,8.11,6.89,4.89,6.09,5.62,6.59,6.33,7.61
718,8.85,8.11,6.89,4.89,6.09,5.62,6.59,6.33,7.61
719,8.85,8.11,6.89,4.89,6.09,5.62,6.59,6.33,7.61
720,8.85,8.11,6.89,4.89,6.09,5.62,6.59,6.33,7.61
721,8.85,8.11,6.89,4.89,6.09,5.62,6.59,6.33,7.61
722,8.85,8.11,6.89,4.89,6.09,5.62,6.59,6.33,7.61
723,8.85,8.11,6.89,4.89,6.09,5.62,6.59,6.33,7.61
724,8.85,8.11,6.89,4.89,6.09,5.62,6.59,6.33,7.61
725,8.85,8.11,6.89,4.89,6.09,5.62,6.59,6.33,7.61
726,8.85,8.11,6.89,4.89,6.09,5.62,6.59,6.33,7.61
727,8.85,8.11,6.89,4.89,6.09,5.62,6.59,6.33,7.61
728,8.85,8.11,6.89,4.89,6.09,5.62,6.59,6.33,7.61
729,8.85,8.11,6.89,4.89,6.09,5.62,6.59,6.33,7.61
730,8.85,8.11,6.89,4.89,6.09,5.62,6.59,6.33,7.61
731,8.85,8.11,6.89,4.89,6.09,5.62,6.59,6.33,7.61
732,8.85,8.11,6.89,4.89,6.09,5.62,6.59,6.33,7.61
733,8.85,8.11,6.89,4.89,6.09,5.62,6.59,6.33,7.61
734,8.85,8.11,6.89,4.89,6.09,5.62,6.59,6.33,7.61
735,8.85,8.11,6.89,4.89,6.09,5.62,6.59,6.33,7.61
736,8.85,8.11,6.89,4.89,6.09,5.62,6.59,6.33,7.61
737,8.85,8.11,6.89,4.89,6.09,5.62,6.59,6.33,7.61
738,8.85,8.11,6.89,4.89,6.09,5.62,6.59,6.33,7.61
739,8.85,8.11,6.89,4.89,6.09,5.62,6.59,6.33,7.61
740,8.85,8.11,6.89,4.89,6.09,5.62,6.59,6.33,7.61
741,8.85,8.11,6.89,4.89,6.09,5.62,6.59,6.33,7.61
742,8.85,8.11,6.89,4.89,6.09,5.62,6.59,6.33,7.61
743,8.85,8.11,6.89,4.89,6.09,5.62,6.59,6.33,7.61
744,8.85,8.11,6.89,4.89,6.09,5.62,6.59,6.33,7.61
745,8.85,8.11,6.89,4.89,6.09,5.62,6.59,6.33,7.61
746,8.85,8.11,6.89,4.89,6.09,5.62,6.59,6.33,7.61
747,8.85,8.11,6.89,4.89,6.09,5.62,6.59,6.33,7.61
748,8.85,8.11,6.89,4.89,6.09,5.62,6.59,6.33,7.61
749,8.85,8.11,6.89,4.89,6.09,5.62,6.59,6.33,7.61
750,8.85,8.11,6.89,4.89,6.09,5.62,6.59,6.33,7.61
751,8.85,8.11,6.89,4.89,6.09,5.62,6.59,6.33,7.61
752,8.85,8.11,6.89,4.89,6.09,5.62,6.59,6.33,7.61
753,8.85,8.11,6.89,4.89,6.09,5.62,6.59,6.33,7.61
754,8.85,8.11,6.89,4.89,6.09,5.62,6.59,6.33,7.61
755,8.85,8.11,6.89,4.89,6.09,5.62,6.59,6.33,7.61
756,8.85,8.11,6.89,4.89,6.09,5.62,6.59,6.33,7.61
757,8.85,8.11,6.89,4.89,6.09,5.62,6.59,6.33,7.61
758,8.85,8.11,6.89,4.89,6.09,5.62,6.59,6.33,7.61
759,8.85,8.11,6.89,4.89,6.09,5.62,6.59,6.33,7.61
760,8.85,8.11,6.89,4.89,6.09,5.62,6.59,6.33,7.61
761,8.85,8.11,6.89,4.89,6.09,5.62,6.59,6.33,7.61
762,8.85,8.11,6.89,4.89,6.09,5.62,6.59,6.33,7.61
763,8.85,8.11,6.89,4.89,6.09,5.62,6.59,6.33,7.61
764,8.85,8.11,6.89,4.89,6.09,5.62,6.59,6.33,7.61
765,8.85,8.11,6.89,4.89,6.09,5.62,6.59,6.33,7.61
766,8.85,8.11,6.89,4.89,6.09,5.62,6.59,6.33,7.61
767,8.85,8.11,6.89,4.89,6.09,5.62,6.59,6.33,7.61
768,8.85,8.11,6.89,4.89,6.09,5.62,6.59,6.33,7.61
769,8.85,8.11,6.89,4.89,6.09,5.62,6.59,6.33,7.61
770,8.85,8.11,6.89,4.89,6.09,5.62,6.59,6.33,7.61
771,8.85,8.11,6.89,4.89,6.09,5.62,6.59,6.33,7.61
772,8.85,8.11,6.89,4.89,6.09,5.62,6.59,6.33,7.61
773,8.85,8.11,6.89,4.89,6.09,5.62,6.59,6.33,7.61
774,8.85,8.11,6.89,4.89,6.09,5.62,6.59,6.33,7.61
775,8.85,8.11,6.89,4.89,6.09,5.62,6.59,6.33,7.61
776,8.85,8.11,6.89,4.89,6.09,5.62,6.59,6.33,7.61
777,8.85,8.11,6.89,4.89,6.09,5.62,6.59,6.33,7.61
778,8.85,8.11,6.89,4.89,6.09,5.62,6.59,6.33,7.61
779,8.85,8.11,6.89,4.89,6.09,5.62,6.59,6.33,7.61
780,8.85,8.11,6.89,4.89,6.09,5.62,6.59,6.33,7.61
781,8.85,8.11,6.89,4.89,6.09,5.62,6.59,6.33,7.61
782,8.85,8.11,6.89,4.89,6.09,5.62,6.59,6.33,7.61
783,8.85,8.11,6.89,4.89,6.09,5.62,6.59,6.33,7.61
784,8.85,8.11,6.89,4.89,6.09,5.62,6.59,6.33,7.61
785,8.85,8.11,6.89,4.89,6.09,5.62,6.59,6.33,7.61
786,8.85,8.11,6.89,4.89,6.09,5.62,6.59,6.33,7.61
787,8.85,8.11,6.89,4.89,6.09,5.62,6.59,6.33,7.61
788,8.85,8.11,6.89,4.89,6.09,5.62,6.59,6.33,7.61
789,8.85,8.11,6.89,4.89,6.09,5.62,6.59,6.33,7.61
790,8.85,8.11,6.89,4.89,6.09,5.62,6.59,6.33,7.61
791,8.85,8.11,6.89,4.89,6.09,5.62,6.59,6.33,7.61
792,8.85,8.11,6.89,4.89,6.09,5.62,6.59,6.33,7.61
793,8.85,8.11,6.89,4.89,6.09,5.62,6.59,6.33,7.61
794,8.85,8.11,6.89,4.89,6.09,5.62,6.59,6.33,7.61
795,8.85,8.11,6.89,4.89,6.09,5.62,6.59,6.33,7.61
796,8.85,8.11,6.89,4.89,6.09,5.62,6.59,6.33,7.61
797,8.85,8.11,6.89,4.89,6.09,5.62,6.59,6.33,7.61
798,8.85,8.11,6.89,4.89,6.09,5.62,6.59,6.33,7.61
799,8.85,8.11,6.89,4.89,6.09,5.62,6.59,6.33,7.61
800,8.85,8.11,6.89,4.89,6.09,5.62,6.59,6.33,7.61
801,8.85,8.11,6.89,4.89,6.09,5.62,6.59,6.33,7.61
802,8.85,8.11,6.89,4.89,6.09,5.62,6.59,6.33,7.61
803,8.85,8.11,6.89,4.89,6.09,5.62,6.59,6.33,7.61
804,8.85,8.11,6.89,4.89,6.09,5.62,6.59,6.33,7.61
805,8.85,8.11,6.89,4.89,6.09,5.62,6.59,6.33,7.61
806,8.85,8.11,6.89,4.89,6.09,5.62,6.59,6.33,7.61
807,8.85,8.11,6.89,4.89,6.09,5.62,6.59,6.33,7.61
808,8.85,8.11,6.89,4.89,6.09,5.62,6.59,6.33,7.61
809,8.85,8.11,6.89,4.89,6.09,5.62,6.59,6.33,7.61
810,8.85,8.11,6.89,4.89,6.09,5.62,6.59,6.33,7.61
811,8.85,8.11,6.89,4.89,6.09,5.62,6.59,6.33,7.61
812,8.85,8.11,6.89,4.89,6.09,5.62,6.59,6.33,7.61
813,8.85,8.11,6.89,4.89,6.09,5.62,6.59,6.33,7.61
814,8.85,8.11,6.89,4.89,6.09,5.62,6.59,6.33,7.61
815,8.85,8.11,6.89,4.89,6.09,5.62,6.59,6.33,7.61
816,8.85,8.11,6.89,4.89,6.09,5.62,6.59,6.33,7.61
817,8.85,8.11,6.89,4.89,6.09,5.62,6.59,6.33,7.61
818,8.85,8.11,6.89,4.89,6.09,5.62,6.59,6.33,7.61
819,8.85,8.11,6.89,4.89,6.09,5.62,6.59,6.33,7.61
820,8.85,8.11,6.89,4.89,6.09,5.62,6.59,6.33,7.61
821,8.85,8.11,6.89,4.89,6.09,5.62,6.59,6.33,7.61
822,8.85,8.11,6.89,4.89,6.09,5.62,6.59,6.33,7.61
823,8.85,8.11,6.89,4.89,6.09,5.62,6.59,6.33,7.61
824,8.85,8.11,6.89,4.89,6.09,5.62,6.59,6.33,7.61
825,8.85,8.11,6.89,4.89,6.09,5.62,6.59,6.33,7.61
826,8.85,8.11,6.89,4.89,6.09,5.62,6.59,6.33,7.61
827,8.85,8.11,6.89,4.89,6.09,5.62,6.59,6.33,7.61
828,8.85,8.11,6.89,4.89,6.09,5.62,6.59,6.33,7.61
829,8.85,8.11,6.89,4.89,6.09,5.62,6.59,6.33,7.61
830,8.85,8.11,6.89,4.89,6.09,5.62,6.59,6.33,7.61
831,8.85,8.11,6.89,4.89,6.09,5.62,6.59,6.33,7.61
832,8.85,8.11,6.89,4.89,6.09,5.62,6.59,6.33,7.61
833,8.85,8.11,6.89,4.89,6.09,5.62,6.59,6.33,7.61
834,8.85,8.11,6.89,4.89,6.09,5.62,6.59,6.33,7.61
835,8.85,8.11,6.89,4.89,6.09,5.62,6.59,6.33,7.61
836,8.85,8.11,6.89,4.89,6.09,5.62,6.59,6.33,7.61
837,8.85,8.11,6.89,4.89,6.09,5.62,6.59,6.33,7.61
838,8.85,8.11,6.89,4.89,6.09,5.62,6.59,6.33,7.61
839,8.85,8.11,6.89,4.89,6.09,5.62,6.59,6.33,7.61
840,8.85,8.11,6.89,4.89,6.09,5.62,6.59,6.33,7.61
841,8.85,8.11,6.89,4.89,6.09,5.62,6.59,6.33,7.61
842,8.85,8.11,6.89,4.89,6.09,5.62,6.59,6.33,7.61
843,8.85,8.11,6.89,4.89,6.09,5.62,6.59,6.33,7.61
844,8.85,8.11,6.89,4.89,6.09,5.62,6.59,6.33,7.61
845,8.85,8.11,6.89,4.89,6.09,5.62,6.59,6.33,7.61
846,8.85,8.11,6.89,4.89,6.09,5.62,6.59,6.33,7.61
847,8.85,8.11,6.89,4.89,6.09,5.62,6.59,6.33,7.61
848,8.85,8.11,6.89,4.89,6.09,5.62,6.59,6.33,7.61
849,8.85,8.11,6.89,4.89,6.09,5.62,6.59,6.33,7.61
850,8.85,8.11,6.89,4.89,6.09,5.62,6.59,6.33,7.61
851,8.85,8.11,6.89,4.89,6.09,5.62,6.59,6.33,7.61
852,8.85,8.11,6.89,4.89,6.09,5.62,6.59,6.33,7.61
853,8.85,8.11,6.89,4.89,6.09,5.62,6.59,6.33,7.61
854,8.85,8.11,6.89,4.89,6.09,5.62,6.59,6.33,7.61
855,8.85,8.11,6.89,4.89,6.09,5.62,6.59,6.33,7.61
856,8.85,8.11,6.89,4.89,6.09,5.62,6.59,6.33,7.61
857,8.85,8.11,6.89,4.89,6.09,5.62,6.59,6.33,7.61
858,8.85,8.11,6.89,4.89,6.09,5.62,6.59,6.33,7.61
859,8.85,8.11,6.89,4.89,6.09,5.62,6.59,6.33,7.61
860,8.85,8.11,6.89,4.89,6.09,5.62,6.59,6.33,7.61
861,8.85,8.11,6.89,4.89,6.09,5.62,6.59,6.33,7.61
862,8.85,8.11,6.89,4.89,6.09,5.62,6.59,6.33,7.61
863,8.85,8.11,6.89,4.89,6.09,5.62,6.59,6.33,7.61
864,8.85,8.11,6.89,4.89,6.09,5.62,6.59,6.33,7.61
865,8.85,8.11,6.89,4.89,6.09,5.62,6.59,6.33,7.61
866,8.85,8.11,6.89,4.89,6.09,5.62,6.59,6.33,7.61
867,8.85,8.11,6.89,4.89,6.09,5.62,6.59,6.33,7.61
868,8.85,8.11,6.89,4.89,6.09,5.62,6.59,6.33,7.61
869,8.85,8.11,6.89,4.89,6.09,5.62,6.59,6.33,7.61
870,8.85,8.11,6.89,4.89,6.09,5.62,6.59,6.33,7.61
871,8.85,8.11,6.89,4.89,6.09,5.62,6.59,6.33,7.61
872,8.85,8.11,6.89,4.89,6.09,5.62,6.59,6.33,7.61
873,8.85,8.11,6.89,4.89,6.09,5.62,6.59,6.33,7.61
874,8.85,8.11,6.89,4.89,6.09,5.62,6.59,6.33,7.61
875,8.85,8.11,6.89,4.89,6.09,5.62,6.59,6.33,7.61
876,8.85,8.11,6.89,4.89,6.09,5.62,6.59,6.33,7.61
877,8.85,8.11,6.89,4.89,6.09,5.62,6.59,6.33,7.61
878,8.85,8.11,6.89,4.89,6.09,5.62,6.59,6.33,7.61
879,8.85,8.11,6.89,4.89,6.09,5.62,6.59,6.33,7.61
880,8.85,8.11,6.89,4.89,6.09,5.62,6.59,6.33,7.61
881,8.85,8.11,6.89,4.89,6.09,5.62,6.59,6.33,7.61
882,8.85,8.11,6.89,4.89,6.09,5.62,6.59,6.33,7.61
883,8.85,8.11,6.89,4.89,6.09,5.62,6.59,6.33,7.61
884,8.85,8.11,6.89,4.89,6.09,5.62,6.59,6.33,7.61
885,8.85,8.11,6.89,4.89,6.09,5.62,6.59,6.33,7.61
886,8.85,8.11,6.89,4.89,6.09,5.62,6.59,6.33,7.61
887,8.85,8.11,6.89,4.89,6.09,5.62,6.59,6.33,7.61
888,8.85,8.11,6.89,4.89,6.09,5.62,6.59,6.33,7.61
889,8.85,8.11,6.89,4.89,6.09,5.62,6.59,6.33,7.61
890,8.85,8.11,6.89,4.89,6.09,5.62,6.59,6.33,7.61
891,8.85,8.11,6.89,4.89,6.09,5.62,6.59,6.33,7.61
892,8.85,8.11,6.89,4.89,6.09,5.62,6.59,6.33,7.61
893,8.85,8.11,6.89,4.89,6.09,5.62,6.59,6.33,7.61
894,8.85,8.11,6.89,4.89,6.09,5.62,6.59,6.33,7.61
895,8.85,8.11,6.89,4.89,6.09,5.62,6.59,6.33,7.61
896,8.85,8.11,6.89,4.89,6.09,5.62,6.59,6.33,7.61
897,8.85,8.11,6.89,4.89,6.09,5.62,6.59,6.33,7.61
898,8.85,8.11,6.89,4.89,6.09,5.62,6.59,6.33,7.61
899,8.85,8.11,6.89,4.89,6.09,5.62,6.59,6.33,7.61
900,8.85,8.11,6.89,4.89,6.09,5.62,6.59,6.33,7.61
901,8.85,8.11,6.89,4.89,6.09,5.62,6.59,6.33,7.61
902,8.85,8.11,6.89,4.89,6.09,5.62,6.59,6.33,7.61
903,8.85,8.11,6.89,4.89,6.09,5.62,6.59,6.33,7.61
904,8.85,8.11,6.89,4.89,6.09,5.62,6.59,6.33,7.61
905,8.85,8.11,6.89,4.89,6.09,5.62,6.59,6.33,7.61
906,8.85,8.11,6.89,4.89,6.09,5.62,6.59,6.33,7.61
907,8.85,8.11,6.89,4.89,6.09,5.62,6.59,6.33,7.61
908,8.85,8.11,6.89,4.89,6.09,5.62,6.59,6.33,7.61
909,8.85,8.11,6.89,4.89,6.09,5.62,6.59,6.33,7.61
910,8.85,8.11,6.89,4.89,6.09,5.62,6.59,6.33,7.61
911,8.85,8.11,6.89,4.89,6.09,5.62,6.59,6.33,7.61
912,8.85,8.11,6.89,4.89,6.09,5.62,6.59,6.33,7.61
913,8.85,8.11,6.89,4.89,6.09,5.62,6.59,6.33,7.61
914,8.85,8.11,6.89,4.89,6.09,5.62,6.59,6.33,7.61
915,8.85,8.11,6.89,4.89,6.09,5.62,6.59,6.33,7.61
916,8.85,8.11,6.89,4.89,6.09,5.62,6.59,6.33,7.61
917,8.85,8.11,6.89,4.89,6.09,5.62,6.59,6.33,7.61
918,8.85,8.11,6.89,4.89,6.09,5.62,6.59,6.33,7.61
919,8.85,8.11,6.89,4.89,6.09,5.62,6.59,6.33,7.61
920,8.85,8.11,6.89,4.89,6.09,5.62,6.59,6.33,7.61
921,8.85,8.11,6.89,4.89,6.09,5.62,6.59,6.33,7.61
922,8.85,8.11,6.89,4.89,6.09,5.62,6.59,6.33,7.61
923,8.85,8.11,6.89,4.89,6.09,5.62,6.59,6.33,7.61
924,8.85,8.11,6.89,4.89,6.09,5.62,6.59,6.33,7.61
925,8.85,8.11,6.89,4.89,6.09,5.62,6.59,6.33,7.61
926,8.85,8.11,6.89,4.89,6.09,5.62,6.59,6.33,7.61
927,8.85,8.11,6.89,4.89,6.09,5.62,6.59,6.33,7.61
928,8.85,8.11,6.89,4.89,6.09,5.62,6.59,6.33,7.61
929,8.85,8.11,6.89,4.89,6.09,5.62,6.59,6.33,7.61
930,8.85,8.11,6.89,4.89,6.09,5.62,6.59,6.33,7.61
931,8.85,8.11,6.89,4.89,6.09,5.62,6.59,6.33,7.61
932,8.85,8.11,6.89,4.89,6.09,5.62,6.59,6.33,7.61
933,8.85,8.11,6.89,4.89,6.09,5.62,6.59,6.33,7.61
934,8.85,8.11,6.89,4.89,6.09,5.62,6.59,6.33,7.61
935,8.85,8.11,6.89,4.89,6.09,5.62,6.59,6.33,7.61
936,8.85,8.11,6.89,4.89,6.09,5.62,6.59,6.33,7.61
937,8.85,8.11,6.89,4.89,6.09,5.62,6.59,6.33,7.61
938,8.85,8.11,6.89,4.89,6.09,5.62,6.59,6.33,7.61
939,8.85,8.11,6.89,4.89,6.09,5.62,6.59,6.33,7.61
940,8.85,8.11,6.89,4.89,6.09,5.62,6.59,6.33,7.61
941,8.85,8.11,6.89,4.89,6.09,5.62,6.59,6.33,7.61
942,8.85,8.11,6.89,4.89,6.09,5.62,6.59,6.33,7.61
943,8.85,8.11,6.89,4.89,6.09,5.62,6.59,6.33,7.61
944,8.85,8.11,6.89,4.89,6.09,5.62,6.59,6.33,7.61
945,8.85,8.11,6.89,4.89,6.09,5.62,6.59,6.33,7.61
946,8.85,8.11,6.89,4.89,6.09,5.62,6.59,6.33,7.61
947,8.85,8.11,6.89,4.89,6.09,5.62,6.59,6.33,7.61
948,8.85,8.11,6.89,4.89,6.09,5.62,6.59,6.33,7.61
949,8.85,8.11,6.89,4.89,6.09,5.62,6.59,6.33,7.61
950,8.85,8.11,6.89,4.89,6.09,5.62,6.59,6.33,7.61
951,8.85,8.11,6.89,4.89,6.09,5.62,6.59,6.33,7.61
952,8.85,8.11,6.89,4.89,6.09,5.62,6.59,6.33,7.61
953,8.85,8.11,6.89,4.89,6.09,5.62,6.59,6.33,7.61
954,8.85,8.11,6.89,4.89,6.09,5.62,6.59,6.33,7.61
955,8.85,8.11,6.89,4.89,6.09,5.62,6.59,6.33,7.61
956,8.85,8.11,6.89,4.89,6.09,5.62,6.59,6.33,7.61
957,8.85,8.11,6.89,4.89,6.09,5.62,6.59,6.33,7.61
958,8.85,8.11,6.89,4.89,6.09,5.62,6.59,6.33,7.61
959,8.85,8.11,6.89,4.89,6.09,5.62,6.59,6.33,7.61
960,8.85,8.11,6.89,4.89,6.09,5.62,6.59,6.33,7.61
961,8.85,8.11,6.89,4.89,6.09,5.62,6.59,6.33,7.61
962,8.85,8.11,6.89,4.89,6.09,5.62,6.59,6.33,7.61
963,8.85,8.11,6.89,4.89,6.09,5.62,6.59,6.33,7.61
964,8.85,8.11,6.89,4.89,6.09,5.62,6.59,6.33,7.61
965,8.85,8.11,6.89,4.89,6.09,5.62,6.59,6.33,7.61
966,8.85,8.11,6.89,4.89,6.09,5.62,6.59,6.33,7.61
967,8.85,8.11,6.89,4.89,6.09,5.62,6.59,6.33,7.61
968,8.85,8.11,6.89,4.89,6.09,5.62,6.59,6.33,7.61
969,8.85,8.11,6.89,4.89,6.09,5.62,6.59,6.33,7.61
970,8.85,8.11,6.89,4.89,6.09,5.62,6.59,6.33,7.61
971,8.85,8.11,6.89,4.89,6.09,5.62,6.59,6.33,7.61
972,8.85,8.11,6.89,4.89,6.09,5.62,6.59,6.33,7.61
973,8.85,8.11,6.89,4.89,6.09,5.62,6.59,6.33,7.61
974,8.85,8.11,6.89,4.89,6.09,5.62,6.59,6.33,7.61
975,8.85,8.11,6.89,4.89,6.09,5.62,6.59,6.33,7.61
976,8.85,8.11,6.89,4.89,6.09,5.62,6.59,6.33,7.61
977,8.85,8.11,6.89,4.89,6.09,5.62,6.59,6.33,7.61
978,8.85,8.11,6.89,4.89,6.09,5.62,6.59,6.33,7.61
979,8.85,8.11,6.89,4.89,6.09,5.62,6.59,6.33,7.61
980,8.85,8.11,6.89,4.89,6.09,5.62,6.59,6.33,7.61
981,8.85,8.11,6.89,4.89,6.09,5.62,6.59,6.33,7.61
982,8.85,8.11,6.89,4.89,6.09,5.62,6.59,6.33,7.61
983,8.85,8.11,6.89,4.89,6.09,5.62,6.59,6.33,7.61
984,8.85,8.11,6.89,4.89,6.09,5.62,6.59,6.33,7.61
985,8.85,8.11,6.89,4.89,6.09,5.62,6.59,6.33,7.61
986,8.85,8.11,6.89,4.89,6.09,5.62,6.59,6.33,7.61
987,8.85,8.11,6.89,4.89,6.09,5.62,6.59,6.33,7.61
988,8.85,8.11,6.89,4.89,6.09,5.62,6.59,6.33,7.61
989,8.85,8.11,6.89,4.89,6.09,5.62,6.59,6.33,7.61
990,8.85,8.11,6.89,4.89,6.09,5.62,6.59,6.33,7.61
991,8.85,8.11,6.89,4.89,6.09,5.62,6.59,6.33,7.61
992,8.85,8.11,6.89,4.89,6.09,5.62,6.59,6.33,7.61
993,8.85,8.11,6.89,4.89,6.09,5.62,6.59,6.33,7.61
994,8.85,8.11,6.89,4.89,6.09,5.62,6.59,6.33,7.61
995,8.85,8.11,6.89,4.89,6.09,5.62,6.59,6.33,7.61
996,8.85,8.11,6.89,4.89,6.09,5.62,6.59,6.33,7.61
997,8.85,8.11,6.89,4.89,6.09,5.62,6.59,6.33,7.61
998,8.85,8.11,6.89,4.89,6.09,5.62,6.59,6.33,7.61
999,8.85,8.11,6.89,4.89,6.09,5.62,6.59,6.33,7.61
1000,8.85,8.11,6.89,4.89,6.09,5.62,6.59,6.33,7.61
1001,8.85,8.11,6.89,4.89,6.09,5.62,6.59,6.33,7.61
1002,8.85,8.11,6.89,4.89,6.09,5.62,6.59,6.33,7.61
1003,8.85,8.11,6.89,4.89,6.09,5.62,6.59,6.33,7.61
1004,8.85,8.11,6.89,4.89,6.09,5.62,6.59,6.33,7.61
1005,8.85,8.11,6.89,4.89,6.09,5.62,6.59,6.33,7.61
1006,8.85,8.11,6.89,4.89,6.09,5.62,6.59,6.33,7.61
1007,8.85,8.11,6.89,4.89,6.09,5.62,6.59,6.33,7.61
1008,8.85,8.11,6.89,4.89,6.09,5.62,6.59,6.33,7.61
1009,8.85,8.11,6.89,4.89,6.09,5.62,6.59,6.33,7.61
1010,8.85,8.11,6.89,4.89,6.09,5.62,6.59,6.33,7.61
1011,8.85,8.11,6.89,4.89,6.09,5.62,6.59,6.33,7.61
1012,8.85,8.11,6.89,4.89,6.09,5.62,6.59,6.33,7.61
1013,8.85,8.11,6.89,4.89,6.09,5.62,6.59,6.33,7.61
1014,8.85,8.11,6.89,4.89,6.09,5.62,6.59,6.33,7.61
1015,8.85,8.11,6.89,4.89,6.09,5.62,6.59,6.33,7.61
1016,8.85,8.11,6.89,4.89,6.09,5.62,6.59,6.33,7.61
1017,8.85,8.11,6.89,4.89,6.09,5.62,6.59,6.33,7.61
1018,8.85,8.11,6.89,4.89,6.09,5.62,6.59,6.33,7.61
1019,8.85,8.11,6.89,4.89,6.09,5.62,6.59,6.33,7.61
1020,8.85,8.11,6.89,4.89,6.09,5.62,6.59,6.33,7.61
1021,8.85,8.11,6.89,4.89,6.09,5.62,6.59,6.33,7.61
1022,8.85,8.11,6.89,4.89,6.09,5.62,6.59,6.33,7.61
1023,8.85,8.11,6.89,4.89,6.09,5.62,6.59,6.33,7.61
1024,8.85,8.11,6.89,4.89,6.09,5.62,6.59,6.33,7.61
1025,8.85,8.11,6.89,4.89,6.09,5.62,6.59,6.33,7.61
1026,8.85,8.11,6.89,4.89,6.09,5.62,6.59,6.33,7.61
1027,8.85,8.11,6.89,4.89,6.09,5.62,6.59,6.33,7.61
1028,8.85,8.11,6.89,4.89,6.09,5.62,6.59,6.33,7.61
1029,8.85,8.11,6.89,4.89,6.09,5.62,6.59,6.33,7.61
1030,8.85,8.11,6.89,4.89,6.09,5.62,6.59,6.33,7.61
1031,8.85,8.11,6.89,4.89,6.09,5.62,6.59,6.33,7.61
1032,8.85,8.11,6.89,4.89,6.09,5.62,6.59,6.33,7.61
1033,8.85,8.11,6.89,4.89,6.09,5.62,6.59,6.33,7.61
1034,8.85,8.11,6.89,4.89,6.09,5.62,6.59,6.33,7.61
1035,8.85,8.11,6.89,4.89,6.09,5.62,6.59,6.33,7.61
1036,8.85,8.11,6.89,4.89,6.09,5.62,6.59,6.33,7.61
1037,8.85,8.11,6.89,4.89,6.09,5.62,6.59,6.33,7.61
1038,8.85,8.11,6.89,4.89,6.09,5.62,6.59,6.33,7.61
1039,8.85,8.11,6.89,4.89,6.09,5.62,6.59,6.33,7.61
1040,8.85,8.11,6.89,4.89,6.09,5.62,6.59,6.33,7.61
1041,8.85,8.11,6.89,4.89,6.09,5.62,6.59,6.33,7.61
1042,8.85,8.11,6.89,4.89,6.09,5.62,6.59,6.33,7.61
1043,8.85,8.11,6.89,4.89,6.09,5.62,6.59,6.33,7.61
1044,8.85,8.11,6.89,4.89,6.09,5.62,6.59,6.33,7.61
1045,8.85,8.11,6.89,4.89,6.09,5.62,6.59,6.33,7.61
1046,8.85,8.11,6.89,4.89,6.09,5.62,6.59,6.33,7.61
1047,8.85,8.11,6.89,4.89,6.09,5.62,6.59,6.33,7.61
1048,8.85,8.11,6.89,4.89,6.09,5.62,6.59,6.33,7.61
1049,8.85,8.11,6.89,4.89,6.09,5.62,6.59,6.33,7.61
1050,8.85,8.11,6.89,4.89,6.09,5.62,6.59,6.33,7.61
1051,8.85,8.11,6.89,4.89,6.09,5.62,6.59,6.33,7.61
1052,8.85,8.11,6.89,4.89,6.09,5.62,6.59,6.33,7.61
1053,8.85,8.11,6.89,4.89,6.09,5.62,6.59,6.33,7.61
1054,8.85,8.11,6.89,4.89,6.09,5.62,6.59,6.33,7.61
1055,8.85,8.11,6.89,4.89,6.09,5.62,6.59,6.33,7.61
1056,8.85,8.11,6.89,4.89,6.09,5.62,6.59,6.33,7.61
1057,8.85,8.11,6.89,4.89,6.09,5.62,6.59,6.33,7.61
1058,8.85,8.11,6.89,4.89,6.09,5.62,6.59,6.33,7.61
1059,8.85,8.11,6.89,4.89,6.09,5.62,6.59,6.33,7.61
1060,8.85,8.11,6.89,4.89,6.09,5.62,6.59,6.33,7.61
1061,8.85,8.11,6.89,4.89,6.09,5.62,6.59,6.33,7.61
1062,8.85,8.11,6.89,4.89,6.09,5.62,6.59,6.33,7.61
1063,8.85,8.11,6.89,4.89,6.09,5.62,6.59,6.33,7.61
1064,8.85,8.11,6.89,4.89,6.09,5.62,6.59,6.33,7.61
1065,8.85,8.11,6.89,4.89,6.09,5.62,6.59,6.33,7.61
1066,8.85,8.11,6.89,4.89,6.09,5.62,6.59,6.33,7.61
1067,8.85,8.11,6.89,4.89,6.09,5.62,6.59,6.33,7.61
1068,8.85,8.11,6.89,4.89,6.09,5.62,6.59,6.33,7.61
1069,8.85,8.11,6.89,4.89,6.09,5.62,6.59,6.33,7.61
1070,8.85,8.11,6.89,4.89,6.09,5.62,6.59,6.33,7.61
1071,8.85,8.11,6.89,4.89,6.09,5.62,6.59,6.33,7.61
1072,8.85,8.11,6.89,4.89,6.09,5.62,6.59,6.33,7.61
1073,8.85,8.11,6.89,4.89,6.09,5.62,6.59,6.33,7.61
1074,8.85,8.11,6.89,4.89,6.09,5.62,6.59,6.33,7.61
1075,8.85,8.11,6.89,4.89,6.09,5.62,6.59,6.33,7.61
1076,8.85,8.11,6.89,4.89,6.09,5.62,6.59,6.33,7.61
1077,8.85,8.11,6.89,4.89,6.09,5.62,6.59,6.33,7.61
1078,8.85,8.11,6.89,4.89,6.09,5.62,6.59,6.33,7.61
1079,8.85,8.11,6.89,4.89,6.09,5.62,6.59,6.33,7.61
1080,8.85,8.11,6.89,4.89,6.09,5.62,6.59,6.33,7.61
1081,8.85,8.11,6.89,4.89,6.09,5.62,6.59,6.33,7.61
1082,8.85,8.11,6.89,4.89,6.09,5.62,6.59,6.33,7.61
1083,8.85,8.11,6.89,4.89,6.09,5.62,6.59,6.33,7.61
1084,8.85,8.11,6.89,4.89,6.09,5.62,6.59,6.33,7.61
1085,8.85,8.11,6.89,4.89,6.09,5.62,6.59,6.33,7.61
1086,8.85,8.11,6.89,4.89,6.09,5.62,6.59,6.33,7.61
1087,8.85,8.11,6.89,4.89,6.09,5.62,6.59,6.33,7.61
1088,8.85,8.11,6.89,4.89,6.09,5.62,6.59,6.33,7.61
1089,8.85,8.11,6.89,4.89,6.09,5.62,6.59,6.33,7.61
1090,8.85,8.11,6.89,4.89,6.09,5.62,6.59,6.33,7.61
1091,8.85,8.11,6.89,4.89,6.09,5.62,6.59,6.33,7.61
1092,8.85,8.11,6.89,4.89,6.09,5.62,6.59,6.33,7.61
1093,8.85,8.11,6.89,4.89,6.09,5.62,6.59,6.33,7.61
1094,8.85,8.11,6.89,4.89,6.09,5.62,6.59,6.33,7.61
1095,8.85,8.11,6.89,4.89,6.09,5.62,6.59,6.33,7.61
1096,8.85,8.11,6.89,4.89,6.09,5.62,6.59,6.33,7.61
1097,8.85,8.11,6.89,4.89,6.09,5.62,6.59,6.33,7.61
1098,8.85,8.11,6.89,4.89,6.09,5.62,6.59,6.33,7.61
1099,8.85,8.11,6.89,4.89,6.09,5.62,6.59,6.33,7.61
1100,8.85,8.11,6.89,4.89,6.09,5.62,6.59,6.33,7.61
1101,8.85,8.11,6.89,4.89,6.09,5.62,6.59,6.33,7.61
1102,8.85,8.11,6.89,4.89,6.09,5.62,6.59,6.33,7.61
1103,8.85,8.11,6.89,4.89,6.09,5.62,6.59,6.33,7.61
1104,8.85,8.11,6.89,4.89,6.09,5.62,6.59,6.33,7.61
1105,8.85,8.11,6.89,4.89,6.09,5.62,6.59,6.33,7.61
1106,8.85,8.11,6.89,4.89,6.09,5.62,6.59,6.33,7.61
1107,8.85,8.11,6.89,4.89,6.09,5.62,6.59,6.33,7.61
1108,8.85,8.11,6.89,4.89,6.09,5.62,6.59,6.33,7.61
1109,8.85,8.11,6.89,4.89,6.09,5.62,6.59,6.33,7.61
1110,8.85,8.11,6.89,4.89,6.09,5.62,6.59,6.33,7.61
1111,8.85,8.11,6.89,4.89,6.09,5.62,6.59,6.33,7.61
1112,8.85,8.11,6.89,4.89,6.09,5.62,6.59,6.33,7.61
1113,8.85,8.11,6.89,4.89,6.09,5.62,6.59,6.33,7.61
1114,8.85,8.11,6.89,4.89,6.09,5.62,6.59,6.33,7.61
1115,8.85,8.11,6.89,4.89,6.09,5.62,6.59,6.33,7.61
1116,8.85,8.11,6.89,4.89,6.09,5.62,6.59,6.33,7.61
1117,8.85,8.11,6.89,4.89,6.09,5.62,6.59,6.33,7.61
1118,8.85,8.11,6.89,4.89,6.09,5.62,6.59,6.33,7.61
1119,8.85,8.11,6.89,4.89,6.09,5.62,6.59,6.33,7.61
1120,8.85,8.11,6.89,4.89,6.09,5.62,6.59,6.33,7.61
1121,8.85,8.11,6.89,4.89,6.09,5.62,6.59,6.33,7.61
1122,8.85,8.11,6.89,4.89,6.09,5.62,6.59,6.33,7.61
1123,8.85,8.11,6.89,4.89,6.09,5.62,6.59,6.33,7.61
1124,8.85,8.11,6.89,4.89,6.09,5.62,6.59,6.33,7.61
1125,8.85,8.11,6.89,4.89,6.09,5.62,6.59,6.33,7.61
1126,8.85,8.11,6.89,4.89,6.09,5.62,6.59,6.33,7.61
1127,8.85,8.11,6.89,4.89,6.09,5.62,6.59,6.33,7.61
1128,8.85,8.11,6.89,4.89,6.09,5.62,6.59,6.33,7.61
1129,8.85,8.11,6.89,4.89,6.09,5.62,6.59,6.33,7.61
1130,8.85,8.11,6.89,4.89,6.09,5.62,6.59,6.33,7.61
1131,8.85,8.11,6.89,4.89,6.09,5.62,6.59,6.33,7.61
1132,8.85,8.11,6.89,4.89,6.09,5.62,6.59,6.33,7.61
1133,8.85,8.11,6.89,4.89,6.09,5.62,6.59,6.33,7.61
1134,8.85,8.11,6.89,4.89,6.09,5.62,6.59,6.33,7.61
1135,8.85,8.11,6.89,4.89,6.09,5.62,6.59,6.33,7.61
1136,8.85,8.11,6.89,4.89,6.09,5.62,6.59,6.33,7.61
1137,8.85,8.11,6.89,4.89,6.09,5.62,6.59,6.33,7.61
1138,8.85,8.11,6.89,4.89,6.09,5.62,6.59,6.33,7.61
1139,8.85,8.11,6.89,4.89,6.09,5.62,6.59,6.33,7.61
1140,8.85,8.11,6.89,4.89,6.09,5.62,6.59,6.33,7.61
1141,8.85,8.11,6.89,4.89,6.09,5.62,6.59,6.33,7.61
1142,8.85,8.11,6.89,4.89,6.09,5.62,6.59,6.33,7.61
1143,8.85,8.11,6.89,4.89,6.09,5.62,6.59,6.33,7.61
1144,8.85,8.11,6.89,4.89,6.09,5.62,6.59,6.33,7.61
1145,8.85,8.11,6.89,4.89,6.09,5.62,6.59,6.33,7.61
1146,8.85,8.11,6.89,4.89,6.09,5.62,6.59,6.33,7.61
1147,8.85,8.11,6.89,4.89,6.09,5.62,6.59,6.33,7.61
1148,8.85,8.11,6.89,4.89,6.09,5.62,6.59,6.33,7.61
1149,8.85,8.11,6.89,4.89,6.09,5.62,6.59,6.33,7.61
1150,8.85,8.11,6.89,4.89,6.09,5.62,6.59,6.33,7.61
1151,8.85,8.11,6.89,4.89,6.09,5.62,6.59,6.33,7.61
1152,8.85,8.11,6.89,4.89,6.09,5.62,6.59,6.33,7.61
1153,8.85,8.11,6.89,4.89,6.09,5.62,6.59,6.33,7.61
1154,8.85,8.11,6.89,4.89,6.09,5.62,6.59,6.33,7.61
1155,8.85,8.11,6.89,4.89,6.09,5.62,6.59,6.33,7.61
1156,8.85,8.11,6.89,4.89,6.09,5.62,6.59,6.33,7.61
1157,8.85,8.11,6.89,4.89,6.09,5.62,6.59,6.33,7.61
1158,8.85,8.11,6.89,4.89,6.09,5.62,6.59,6.33,7.61
1159,8.85,8.11,6.89,4.89,6.09,5.62,6.59,6.33,7.61
1160,8.85,8.11,6.89,4.89,6.09,5.62,6.59,6.33,7.61
1161,8.85,8.11,6.89,4.89,6.09,5.62,6.59,6.33,7.61
1162,8.85,8.11,6.89,4.89,6.09,5.62,6.59,6.33,7.61
1163,8.85,8.11,6.89,4.89,6.09,5.62,6.59,6.33,7.61
1164,8.85,8.11,6.89,4.89,6.09,5.62,6.59,6.33,7.61
1165,8.85,8.11,6.89,4.89,6.09,5.62,6.59,6.33,7.61
1166,8.85,8.11,6.89,4.89,6.09,5.62,6.59,6.33,7.61
1167,8.85,8.11,6.89,4.89,6.09,5.62,6.59,6.33,7.61
1168,8.85,8.11,6.89,4.89,6.09,5.62,6.59,6.33,7.61
1169,8.85,8.11,6.89,4.89,6.09,5.62,6.59,6.33,7.61
1170,8.85,8.11,6.89,4.89,6.09,5.62,6.59,6.33,7.61
1171,8.85,8.11,6.89,4.89,6.09,5.62,6.59,6.33,7.61
1172,8.85,8.11,6.89,4.89,6.09,5.62,6.59,6.33,7.61
1173,8.85,8.11,6.89,4.89,6.09,5.62,6.59,6.33,7.61
1174,8.85,8.11,6.89,4.89,6.09,5.62,6.59,6.33,7.61
1175,8.85,8.11,6.89,4.89,6.09,5.62,6.59,6.33,7.61
1176,8.85,8.11,6.89,4.89,6.09,5.62,6.59,6.33,7.61
1177,8.85,8.11,6.89,4.89,6.09,5.62,6.59,6.33,7.61
1178,8.85,8.11,6.89,4.89,6.09,5.62,6.59,6.33,7.61
1179,8.85,8.11,6.89,4.89,6.09,5.62,6.59,6.33,7.61
1180,8.85,8.11,6.89,4.89,6.09,5.62,6.59,6.33,7.61
1181,8.85,8.11,6.89,4.89,6.09,5.62,6.59,6.33,7.61
1182,8.85,8.11,6.89,4.89,6.09,5.62,6.59,6.33,7.61
1183,8.85,8.11,6.89,4.89,6.09,5.62,6.59,6.33,7.61
1184,8.85,8.11,6.89,4.89,6.09,5.62,6.59,6.33,7.61
1185,8.85,8.11,6.89,4.89,6.09,5.62,6.59,6.33,7.61
1186,8.85,8.11,6.89,4.89,6.09,5.62,6.59,6.33,7.61
1187,8.85,8.11,6.89,4.89,6.09,5.62,6.59,6.33,7.61
1188,8.85,8.11,6.89,4.89,6.09,5.62,6.59,6.33,7.61
1189,8.85,8.11,6.89,4.89,6.09,5.62,6.59,6.33,7.61
1190,8.85,8.11,6.89,4.89,6.09,5.62,6.59,6.33,7.61
1191,8.85,8.11,6.89,4.89,6.09,5.62,6.59,6.33,7.61
1192,8.85,8.11,6.89,4.89,6.09,5.62,6.59,6.33,7.61
1193,8.85,8.11,6.89,4.89,6.09,5.62,6.59,6.33,7.61
1194,8.85,8.11,6.89,4.89,6.09,5.62,6.59,6.33,7.61
1195,8.85,8.11,6.89,4.89,6.09,5.62,6.59,6.33,7.61
1196,8.85,8.11,6.89,4.89,6.09,5.62,6.59,6.33,7.61
1197,8.85,8.11,6.89,4.89,6.09,5.62,6.59,6.33,7.61
1198,8.85,8.11,6.89,4.89,6.09,5.62,6.59,6.33,7.61
1199,8.85,8.11,6.89,4.89,6.09,5.62,6.59,6.33,7.61
1200,8.85,8.11,6.89,4.89,6.09,5.62,6.59,6.33,7.61
1201,8.85,8.11,6.89,4.89,6.09,5.62,6.59,6.33,7.61
1202,8.85,8.11,6.89,4.89,6.09,5.62,6.59,6.33,7.61
1203,8.85,8.11,6.89,4.89,6.09,5.62,6.59,6.33,7.61
1204,8.85,8.11,6.89,4.89,6.09,5.62,6.59,6.33,7.61
1205,8.85,8.11,6.89,4.89,6.09,5.62,6.59,6.33,7.61
1206,8.85,8.11,6.89,4.89,6.09,5.62,6.59,6.33,7.61
1207,8.85,8.11,6.89,4.89,6.09,5.62,6.59,6.33,7.61
1208,8.85,8.11,6.89,4.89,6.09,5.62,6.59,6.33,7.61
1209,8.85,8.11,6.89,4.89,6.09,5.62,6.59,6.33,7.61
1210,8.85,8.11,6.89,4.89,6.09,5.62,6.59,6.33,7.61
1211,8.85,8.11,6.89,4.89,6.09,5.62,6.59,6.33,7.61
1212,8.85,8.11,6.89,4.89,6.09,5.62,6.59,6.33,7.61
1213,8.85,8.11,6.89,4.89,6.09,5.62,6.59,6.33,7.61
1214,8.85,8.11,6.89,4.89,6.09,5.62,6.59,6.33,7.61
1215,8.85,8.11,6.89,4.89,6.09,5.62,6.59,6.33,7.61
1216,8.85,8.11,6.89,4.89,6.09,5.62,6.59,6.33,7.61
1217,8.85,8.11,6.89,4.89,6.09,5.62,6.59,6.33,7.61
1218,8.85,8.11,6.89,4.89,6.09,5.62,6.59,6.33,7.61
1219,8.85,8.11,6.89,4.89,6.09,5.62,6.59,6.33,7.61
1220,8.85,8.11,6.89,4.89,6.09,5.62,6.59,6.33,7.61
1221,8.85,8.11,6.89,4.89,6.09,5.62,6.59,6.33,7.61
1222,8.85,8.11,6.89,4.89,6.09,5.62,6.59,6.33,7.61
1223,8.85,8.11,6.89,4.89,6.09,5.62,6.59,6.33,7.61
1224,8.85,8.11,6.89,4.89,6.09,5.62,6.59,6.33,7.61
1225,8.85,8.11,6.89,4.89,6.09,5.62,6.59,6.33,7.61
1226,8.85,8.11,6.89,4.89,6.09,5.62,6.59,6.33,7.61
1227,8.85,8.11,6.89,4.89,6.09,5.62,6.59,6.33,7.61
1228,8.85,8.11,6.89,4.89,6.09,5.62,6.59,6.33,7.61
1229,8.85,8.11,6.89,4.89,6.09,5.62,6.59,6.33,7.61
1230,8.85,8.11,6.89,4.89,6.09,5.62,6.59,6.33,7.61
1231,8.85,8.11,6.89,4.89,6.09,5.62,6.59,6.33,7.61
1232,8.85,8.11,6.89,4.89,6.09,5.62,6.59,6.33,7.61
1233,8.85,8.11,6.89,4.89,6.09,5.62,6.59,6.33,7.61
1234,8.85,8.11,6.89,4.89,6.09,5.62,6.59,6.33,7.61
1235,8.85,8.11,6.89,4.89,6.09,5.62,6.59,6.33,7.61
1236,8.85,8.11,6.89,4.89,6.09,5.62,6.59,6.33,7.61
1237,8.85,8.11,6.89,4.89,6.09,5.62,6.59,6.33,7.61
1238,8.85,8.11,6.89,4.89,6.09,5.62,6.59,6.33,7.61
1239,8.85,8.11,6.89,4.89,6.09,5.62,6.59,6.33,7.61
1240,8.85,8.11,6.89,4.89,6.09,5.62,6.59,6.33,7.61
1241,8.85,8.11,6.89,4.89,6.09,5.62,6.59,6.33,7.61
1242,8.85,8.11,6.89,4.89,6.09,5.62,6.59,6.33,7.61
1243,8.85,8.11,6.89,4.89,6.09,5.62,6.59,6.33,7.61
1244,8.85,8.11,6.89,4.89,6.09,5.62,6.59,6.33,7.61
1245,8.85,8.11,6.89,4.89,6.09,5.62,6.59,6.33,7.61
1246,8.85,8.11,6.89,4.89,6.09,5.62,6.59,6.33,7.61
1247,8.85,8.11,6.89,4.89,6.09,5.62,6.59,6.33,7.61
1248,8.85,8.11,6.89,4.89,6.09,5.62,6.59,6.33,7.61
1249,8.85,8.11,6.89,4.89,6.09,5.62,6.59,6.33,7.61
1250,8.85,8.11,6.89,4.89,6.09,5.62,6.59,6.33,7.61
1251,8.85,8.11,6.89,4.89,6.09,5.62,6.59,6.33,7.61
1252,8.85,8.11,6.89,4.89,6.09,5.62,6.59,6.33,7.61
1253,8.85,8.11,6.89,4.89,6.09,5.62,6.59,6.33,7.61
1254,8.85,8.11,6.89,4.89,6.09,5.62,6.59,6.33,7.61
1255,8.85,8.11,6.89,4.89,6.09,5.62,6.59,6.33,7.61
1256,8.85,8.11,6.89,4.89,6.09,5.62,6.59,6.33,7.61
1257,8.85,8.11,6.89,4.89,6.09,5.62,6.59,6.33,7.61
1258,8.85,8.11,6.89,4.89,6.09,5.62,6.59,6.33,7.61
1259,8.85,8.11,6.89,4.89,6.09,5.62,6.59,6.33,7.61
1260,8.85,8.11,6.89,4.89,6.09,5.62,6.59,6.33,7.61
1261,8.85,8.11,6.89,4.89,6.09,5.62,6.59,6.33,7.61
1262,8.85,8.11,6.89,4.89,6.09,5.62,6.59,6.33,7.61
1263,8.85,8.11,6.89,4.89,6.09,5.62,6.59,6.33,7.61
1264,8.85,8.11,6.89,4.89,6.09,5.62,6.59,6.33,7.61
1265,8.85,8.11,6.89,4.89,6.09,5.62,6.59,6.33,7.61
1266,8.85,8.11,6.89,4.89,6.09,5.62,6.59,6.33,7.61
1267,8.85,8.11,6.89,4.89,6.09,5.62,6.59,6.33,7.61
1268,8.85,8.11,6.89,4.89,6.09,5.62,6.59,6.33,7.61
1269,8.85,8.11,6.89,4.89,6.09,5.62,6.59,6.33,7.61
1270,8.85,8.11,6.89,4.89,6.09,5.62,6.59,6.33,7.61
1271,8.85,8.11,6.89,4.89,6.09,5.62,6.59,6.33,7.61
1272,8.85,8.11,6.89,4.89,6.09,5.62,6.59,6.33,7.61
1273,8.85,8.11,6.89,4.89,6.09,5.62,6.59,6.33,7.61
1274,8.85,8.11,6.89,4.89,6.09,5.62,6.59,6.33,7.61
1275,8.85,8.11,6.89,4.89,6.09,5.62,6.59,6.33,7.61
1276,8.85,8.11,6.89,4.89,6.09,5.62,6.59,6.33,7.61
1277,8.85,8.11,6.89,4.89,6.09,5.62,6.59,6.33,7.61
1278,8.85,8.11,6.89,4.89,6.09,5.62,6.59,6.33,7.61
1279,8.85,8.11,6.89,4.89,6.09,5.62,6.59,6.33,7.61
1280,8.85,8.11,6.89,4.89,6.09,5.62,6.59,6.33,7.61
1281,8.85,8.11,6.89,4.89,6.09,5.62,6.59,6.33,7.61
1282,8.85,8.11,6.89,4.89,6.09,5.62,6.59,6.33,7.61
1283,8.85,8.11,6.89,4.89,6.09,5.62,6.59,6.33,7.61
1284,8.85,8.11,6.89,4.89,6.09,5.62,6.59,6.33,7.61
1285,8.85,8.11,6.89,4.89,6.09,5.62,6.59,6.33,7.61
1286,8.85,8.11,6.89,4.89,6.09,5.62,6.59,6.33,7.61
1287,8.85,8.11,6.89,4.89,6.09,5.62,6.59,6.33,7.61
1288,8.85,8.11,6.89,4.89,6.09,5.62,6.59,6.33,7.61
1289,8.85,8.11,6.89,4.89,6.09,5.62,6.59,6.33,7.61
1290,8.85,8.11,6.89,4.89,6.09,5.62,6.59,6.33,7.61
1291,8.85,8.11,6.89,4.89,6.09,5.62,6.59,6.33,7.61
1292,8.85,8.11,6.89,4.89,6.09,5.62,6.59,6.33,7.61
1293,8.85,8.11,6.89,4.89,6.09,5.62,6.59,6.33,7.61
1294,8.85,8.11,6.89,4.89,6.09,5.62,6.59,6.33,7.61
1295,8.85,8.11,6.89,4.89,6.09,5.62,6.59,6.33,7.61
1296,8.85,8.11,6.89,4.89,6.09,5.62,6.59,6.33,7.61
1297,8.85,8.11,6.89,4.89,6.09,5.62,6.59,6.33,7.61
1298,8.85,8.11,6.89,4.89,6.09,5.62,6.59,6.33,7.61
1299,8.85,8.11,6.89,4.89,6.09,5.62,6.59,6.33,7.61
1300,8.85,8.11,6.89,4.89,6.09,5.62,6.59,6.33,7.61
1301,8.85,8.11,6.89,4.89,6.09,5.62,6.59,6.33,7.61
1302,8.85,8.11,6.89,4.89,6.09,5.62,6.59,6.33,7.61
1303,8.85,8.11,6.89,4.89,6.09,5.62,6.59,6.33,7.61
1304,8.85,8.11,6.89,4.89,6.09,5.62,6.59,6.33,7.61
1305,8.85,8.11,6.89,4.89,6.09,5.62,6.59,6.33,7.61
1306,8.85,8.11,6.89,4.89,6.09,5.62,6.59,6.33,7.61
1307,8.85,8.11,6.89,4.89,6.09,5.62,6.59,6.33,7.61
1308,8.85,8.11,6.89,4.89,6.09,5.62,6.59,6.33,7.61
1309,8.85,8.11,6.89,4.89,6.09,5.62,6.59,6.33,7.61
1310,8.85,8.11,6.89,4.89,6.09,5.62,6.59,6.33,7.61
1311,8.85,8.11,6.89,4.89,6.09,5.62,6.59,6.33,7.61
1312,8.85,8.11,6.89,4.89,6.09,5.62,6.59,6.33,7.61
1313,8.85,8.11,6.89,4.89,6.09,5.62,6.59,6.33,7.61
1314,8.85,8.11,6.89,4.89,6.09,5.62,6.59,6.33,7.61
1315,8.85,8.11,6.89,4.89,6.09,5.62,6.59,6.33,7.61
1316,8.85,8.11,6.89,4.89,6.09,5.62,6.59,6.33,7.61
1317,8.85,8.11,6.89,4.89,6.09,5.62,6.59,6.33,7.61
1318,8.85,8.11,6.89,4.89,6.09,5.62,6.59,6.33,7.61
1319,8.85,8.11,6.89,4.89,6.09,5.62,6.59,6.33,7.61
1320,8.85,8.11,6.89,4.89,6.09,5.62,6.59,6.33,7.61
1321,8.85,8.11,6.89,4.89,6.09,5.62,6.59,6.33,7.61
1322,8.85,8.11,6.89,4.89,6.09,5.62,6.59,6.33,7.61
1323,8.85,8.11,6.89,4.89,6.09,5.62,6.59,6.33,7.61
1324,8.85,8.11,6.89,4.89,6.09,5.62,6.59,6.33,7.61
1325,8.85,8.11,6.89,4.89,6.09,5.62,6.59,6.33,7.61
1326,8.85,8.11,6.89,4.89,6.09,5.62,6.59,6.33,7.61
1327,8.85,8.11,6.89,4.89,6.09,5.62,6.59,6.33,7.61
1328,8.85,8.11,6.89,4.89,6.09,5.62,6.59,6.33,7.61
1329,8.85,8.11,6.89,4.89,6.09,5.62,6.59,6.33,7.61
1330,8.85,8.11,6.89,4.89,6.09,5.62,6.59,6.33,7.61
1331,8.85,8.11,6.89,4.89,6.09,5.62,6.59,6.33,7.61
1332,8.85,8.11,6.89,4.89,6.09,5.62,6.59,6.33,7.61
1333,8.85,8.11,6.89,4.89,6.09,5.62,6.59,6.33,7.61
1334,8.85,8.11,6.89,4.89,6.09,5.62,6.59,6.33,7.61
1335,8.85,8.11,6.89,4.89,6.09,5.62,6.59,6.33,7.61
1336,8.85,8.11,6.89,4.89,6.09,5.62,6.59,6.33,7.61
1337,8.85,8.11,6.89,4.89,6.09,5.62,6.59,6.33,7.61
1338,8.85,8.11,6.89,4.89,6.09,5.62,6.59,6.33,7.61
1339,8.85,8.11,6.89,4.89,6.09,5.62,6.59,6.33,7.61
1340,8.85,8.11,6.89,4.89,6.09,5.62,6.59,6.33,7.61
1341,8.85,8.11,6.89,4.89,6.09,5.62,6.59,6.33,7.61
1342,8.85,8.11,6.89,4.89,6.09,5.62,6.59,6.33,7.61
1343,8.85,8.11,6.89,4.89,6.09,5.62,6.59,6.33,7.61
1344,8.85,8.11,6.89,4.89,6.09,5.62,6.59,6.33,7.61
1345,8.85,8.11,6.89,4.89,6.09,5.62,6.59,6.33,7.61
1346,8.85,8.11,6.89,4.89,6.09,5.62,6.59,6.33,7.61
1347,8.85,8.11,6.89,4.89,6.09,5.62,6.59,6.33,7.61
1348,8.85,8.11,6.89,4.89,6.09,5.62,6.59,6.33,7.61
1349,8.85,8.11,6.89,4.89,6.09,5.62,6.59,6.33,7.61
1350,8.85,8.11,6.89,4.89,6.09,5.62,6.59,6.33,7.61
1351,8.85,8.11,6.89,4.89,6.09,5.62,6.59,6.33,7.61
1352,8.85,8.11,6.89,4.89,6.09,5.62,6.59,6.33,7.61
1353,8.85,8.11,6.89,4.89,6.09,5.62,6.59,6.33,7.61
1354,8.85,8.11,6.89,4.89,6.09,5.62,6.59,6.33,7.61
1355,8.85,8.11,6.89,4.89,6.09,5.62,6.59,6.33,7.61
1356,8.85,8.11,6.89,4.89,6.09,5.62,6.59,6.33,7.61
1357,8.85,8.11,6.89,4.89,6.09,5.62,6.59,6.33,7.61
1358,8.85,8.11,6.89,4.89,6.09,5.62,6.59,6.33,7.61
1359,8.85,8.11,6.89,4.89,6.09,5.62,6.59,6.33,7.61
1360,8.85,8.11,6.89,4.89,6.09,5.62,6.59,6.33,7.61
1361,8.85,8.11,6.89,4.89,6.09,5.62,6.59,6.33,7.61
1362,8.85,8.11,6.89,4.89,6.09,5.62,6.59,6.33,7.61
1363,8.85,8.11,6.89,4.89,6.09,5.62,6.59,6.33,7.61
1364,8.85,8.11,6.89,4.89,6.09,5.62,6.59,6.33,7.61
1365,8.85,8.11,6.89,4.89,6.09,5.62,6.59,6.33,7.61
1366,8.85,8.11,6.89,4.89,6.09,5.62,6.59,6.33,7.61
1367,8.85,8.11,6.89,4.89,6.09,5.62,6.59,6.33,7.61
1368,8.85,8.11,6.89,4.89,6.09,5.62,6.59,6.33,7.61
1369,8.85,8.11,6.89,4.89,6.09,5.62,6.59,6.33,7.61
1370,8.85,8.11,6.89,4.89,6.09,5.62,6.59,6.33,7.61
1371,8.85,8.11,6.89,4.89,6.09,5.62,6.59,6.33,7.61
1372,8.85,8.11,6.89,4.89,6.09,5.62,6.59,6.33,7.61
1373,8.85,8.11,6.89,4.89,6.09,5.62,6.59,6.33,7.61
1374,8.85,8.11,6.89,4.89,6.09,5.62,6.59,6.33,7.61
1375,8.85,8.11,6.89,4.89,6.09,5.62,6.59,6.33,7.61
1376,8.85,8.11,6.89,4.89,6.09,5.62,6.59,6.33,7.61
1377,8.85,8.11,6.89,4.89,6.09,5.62,6.59,6.33,7.61
1378,8.85,8.11,6.89,4.89,6.09,5.62,6.59,6.33,7.61
1379,8.85,8.11,6.89,4.89,6.09,5.62,6.59,6.33,7.61
1380,8.85,8.11,6.89,4.89,6.09,5.62,6.59,6.33,7.61
1381,8.85,8.11,6.89,4.89,6.09,5.62,6.59,6.33,7.61
1382,8.85,8.11,6.89,4.89,6.09,5.62,6.59,6.33,7.61
1383,8.85,8.11,6.89,4.89,6.09,5.62,6.59,6.33,7.61
1384,8.85,8.11,6.89,4.89,6.09,5.62,6.59,6.33,7.61
1385,8.85,8.11,6.89,4.89,6.09,5.62,6.59,6.33,7.61
1386,8.85,8.11,6.89,4.89,6.09,5.62,6.59,6.33,7.61
1387,8.85,8.11,6.89,4.89,6.09,5.62,6.59,6.33,7.61
1388,8.85,8.11,6.89,4.89,6.09,5.62,6.59,6.33,7.61
1389,8.85,8.11,6.89,4.89,6.09,5.62,6.59,6.33,7.61
1390,8.85,8.11,6.89,4.89,6.09,5.62,6.59,6.33,7.61
1391,8.85,8.11,6.89,4.89,6.09,5.62,6.59,6.33,7.61
1392,8.85,8.11,6.89,4.89,6.09,5.62,6.59,6.33,7.61
1393,8.85,8.11,6.89,4.89,6.09,5.62,6.59,6.33,7.61
1394,8.85,8.11,6.89,4.89,6.09,5.62,6.59,6.33,7.61
1395,8.85,8.11,6.89,4.89,6.09,5.62,6.59,6.33,7.61
1396,8.85,8.11,6.89,4.89,6.09,5.62,6.59,6.33,7.61
1397,8.85,8.11,6.89,4.89,6.09,5.62,6.59,6.33,7.61
1398,8.85,8.11,6.89,4.89,6.09,5.62,6.59,6.33,7.61
1399,8.85,8.11,6.89,4.89,6.09,5.62,6.59,6.33,7.61
1400,8.85,8.11,6.89,4.89,6.09,5.62,6.59,6.33,7.61
1401,8.85,8.11,6.89,4.89,6.09,5.62,6.59,6.33,7.61
1402,8.85,8.11,6.89,4.89,6.09,5.62,6.59,6.33,7.61
1403,8.85,8.11,6.89,4.89,6.09,5.62,6.59,6.33,7.61
1404,8.85,8.11,6.89,4.89,6.09,5.62,6.59,6.33,7.61
1405,8.85,8.11,6.89,4.89,6.09,5.62,6.59,6.33,7.61
1406,8.85,8.11,6.89,4.89,6.09,5.62,6.59,6.33,7.61
1407,8.85,8.11,6.89,4.89,6.09,5.62,6.59,6.33,7.61
1408,8.85,8.11,6.89,4.89,6.09,5.62,6.59,6.33,7.61
1409,8.85,8.11,6.89,4.89,6.09,5.62,6.59,6.33,7.61
1410,8.85,8.11,6.89,4.89,6.09,5.62,6.59,6.33,7.61
1411,8.85,8.11,6.89,4.89,6.09,5.62,6.59,6.33,7.61
1412,8.85,8.11,6.89,4.89,6.09,5.62,6.59,6.33,7.61
1413,8.85,8.11,6.89,4.89,6.09,5.62,6.59,6.33,7.61
1414,8.85,8.11,6.89,4.89,6.09,5.62,6.59,6.33,7.61
1415,8.85,8.11,6.89,4.89,6.09,5.62,6.59,6.33,7.61
1416,8.85,8.11,6.89,4.89,6.09,5.62,6.59,6.33,7.61
1417,8.85,8.11,6.89,4.89,6.09,5.62,6.59,6.33,7.61
1418,8.85,8.11,6.89,4.89,6.09,5.62,6.59,6.33,7.61
1419,8.85,8.11,6.89,4.89,6.09,5.62,6.59,6.33,7.61
1420,8.85,8.11,6.89,4.89,6.09,5.62,6.59,6.33,7.61
1421,8.85,8.11,6.89,4.89,6.09,5.62,6.59,6.33,7.61
1422,8.85,8.11,6.89,4.89,6.09,5.62,6.59,6.33,7.61
1423,8.85,8.11,6.89,4.89,6.09,5.62,6.59,6.33,7.61
1424,8.85,8.11,6.89,4.89,6.09,5.62,6.59,6.33,7.61
1425,8.85,8.11,6.89,4.89,6.09,5.62,6.59,6.33,7.61
1426,8.85,8.11,6.89,4.89,6.09,5.62,6.59,6.33,7.61
1427,8.85,8.11,6.89,4.89,6.09,5.62,6.59,6.33,7.61
1428,8.85,8.11,6.89,4.89,6.09,5.62,6.59,6.33,7.61
1429,8.85,8.11,6.89,4.89,6.09,5.62,6.59,6.33,7.61
1430,8.85,8.11,6.89,4.89,6.09,5.62,6.59,6.33,7.61
1431,8.85,8.11,6.89,4.89,6.09,5.62,6.59,6.33,7.61
1432,8.85,8.11,6.89,4.89,6.09,5.62,6.59,6.33,7.61
1433,8.85,8.11,6.89,4.89,6.09,5.62,6.59,6.33,7.61
1434,8.85,8.11,6.89,4.89,6.09,5.62,6.59,6.33,7.61
1435,8.85,8.11,6.89,4.89,6.09,5.62,6.59,6.33,7.61
1436,8.85,8.11,6.89,4.89,6.09,5.62,6.59,6.33,7.61
1437,8.85,8.11,6.89,4.89,6.09,5.62,6.59,6.33,7.61
1438,8.85,8.11,6.89,4.89,6.09,5.62,6.59,6.33,7.61
1439,8.85,8.11,6.89,4.89,6.09,5.62,6.59,6.33,7.61
1440,8.85,8.11,6.89,4.89,6.09,5.62,6.59,6.33,7.61
1441,8.85,8.11,6.89,4.89,6.09,5.62,6.59,6.33,7.61
1442,8.85,8.11,6.89,4.89,6.09,5.62,6.59,6.33,7.61
1443,8.85,8.11,6.89,4.89,6.09,5.62,6.59,6.33,7.61
1444,8.85,8.11,6.89,4.89,6.09,5.62,6.59,6.33,7.61
1445,8.85,8.11,6.89,4.89,6.09,5.62,6.59,6.33,7.61
1446,8.85,8.11,6.89,4.89,6.09,5.62,6.59,6.33,7.61
1447,8.85,8.11,6.89,4.89,6.09,5.62,6.59,6.33,7.61
1448,8.85,8.11,6.89,4.89,6.09,5.62,6.59,6.33,7.61
1449,8.85,8.11,6.89,4.89,6.09,5.62,6.59,6.33,7.61
1450,8.85,8.11,6.89,4.89,6.09,5.62,6.59,6.33,7.61
1451,8.85,8.11,6.89,4.89,6.09,5.62,6.59,6.33,7.61
1452,8.85,8.11,6.89,4.89,6.09,5.62,6.59,6.33,7.61
1453,8.85,8.11,6.89,4.89,6.09,5.62,6.59,6.33,7.61
1454,8.85,8.11,6.89,4.89,6.09,5.62,6.59,6.33,7.61
1455,8.85,8.11,6.89,4.89,6.09,5.62,6.59,6.33,7.61
1456,8.85,8.11,6.89,4.89,6.09,5.62,6.59,6.33,7.61
1457,8.85,8.11,6.89,4.89,6.09,5.62,6.59,6.33,7.61
1458,8.85,8.11,6.89,4.89,6.09,5.62,6.59,6.33,7.61
1459,8.85,8.11,6.89,4.89,6.09,5.62,6.59,6.33,7.61
1460,8.85,8.11,6.89,4.89,6.09,5.62,6.59,6.33,7.61
1461,8.85,8.11,6.89,4.89,6.09,5.62,6.59,6.33,7.61
1462,8.85,8.11,6.89,4.89,6.09,5.62,6.59,6.33,7.61
1463,8.85,8.11,6.89,4.89,6.09,5.62,6.59,6.33,7.61
1464,8.85,8.11,6.89,4.89,6.09,5.62,6.59,6.33,7.61
1465,8.85,8.11,6.89,4.89,6.09,5.62,6.59,6.33,7.61
1466,8.85,8.11,6.89,4.89,6.09,5.62,6.59,6.33,7.61
1467,8.85,8.11,6.89,4.89,6.09,5.62,6.59,6.33,7.61
1468,8.85,8.11,6.89,4.89,6.09,5.62,6.59,6.33,7.61
1469,8.85,8.11,6.89,4.89,6.09,5.62,6.59,6.33,7.61
1470,8.85,8.11,6.89,4.89,6.09,5.62,6.59,6.33,7.61
1471,8.85,8.11,6.89,4.89,6.09,5.62,6.59,6.33,7.61
1472,8.85,8.11,6.89,4.89,6.09,5.62,6.59,6.33,7.61
1473,8.85,8.11,6.89,4.89,6.09,5.62,6.59,6.33,7.61
1474,8.85,8.11,6.89,4.89,6.09,5.62,6.59,6.33,7.61
1475,8.85,8.11,6.89,4.89,6.09,5.62,6.59,6.33,7.61
1476,8.85,8.11,6.89,4.89,6.09,5.62,6.59,6.33,7.61
1477,8.85,8.11,6.89,4.89,6.09,5.62,6.59,6.33,7.61
1478,8.85,8.11,6.89,4.89,6.09,5.62,6.59,6.33,7.61
1479,8.85,8.11,6.89,4.89,6.09,5.62,6.59,6.33,7.61
1480,8.85,8.11,6.89,4.89,6.09,5.62,6.59,6.33,7.61
1481,8.85,8.11,6.89,4.89,6.09,5.62,6.59,6.33,7.61
1482,8.85,8.11,6.89,4.89,6.09,5.62,6.59,6.33,7.61
1483,8.85,8.11,6.89,4.89,6.09,5.62,6.59,6.33,7.61
1484,8.85,8.11,6.89,4.89,6.09,5.62,6.59,6.33,7.61
1485,8.85,8.11,6.89,4.89,6.09,5.62,6.59,6.33,7.61
1486,8.85,8.11,6.89,4.89,6.09,5.62,6.59,6.33,7.61
1487,8.85,8.11,6.89,4.89,6.09,5.62,6.59,6.33,7.61
1488,8.85,8.11,6.89,4.89,6.09,5.62,6.59,6.33,7.61
1489,8.85,8.11,6.89,4.89,6.09,5.62,6.59,6.33,7.61
1490,8.85,8.11,6.89,4.89,6.09,5.62,6.59,6.33,7.61
1491,8.85,8.11,6.89,4.89,6.09,5.62,6.59,6.33,7.61
1492,8.85,8.11,6.89,4.89,6.09,5.62,6.59,6.33,7.61
1493,8.85,8.11,6.89,4.89,6.09,5.62,6.59,6.33,7.61
1494,8.85,8.11,6.89,4.89,6.09,5.62,6.59,6.33,7.61
1495,8.85,8.11,6.89,4.89,6.09,5.62,6.59,6.33,7.61
1496,8.85,8.11,6.89,4.89,6.09,5.62,6.59,6.33,7.61
1497,8.85,8.11,6.89,4.89,6.09,5.62,6.59,6.33,7.61
1498,8.85,8.11,6.89,4.89,6.09,5.62,6.59,6.33,7.61
1499,8.85,8.11,6.89,4.89,6.09,5.62,6.59,6.33,7.61
1500,8.85,8.11,6.89,4.89,6.09,5.62,6.59,6.33,7.61
1501,8.85,8.11,6.89,4.89,6.09,5.62,6.59,6.33,7.61
1502,8.85,8.11,6.89,4.89,6.09,5.62,6.59,6.33,7.61
1503,8.85,8.11,6.89,4.89,6.09,5.62,6.59,6.33,7.61
1504,8.85,8.11,6.89,4.89,6.09,5.62,6.59,6.33,7.61
1505,8.85,8.11,6.89,4.89,6.09,5.62,6.59,6.33,7.61
1506,8.85,8.11,6.89,4.89,6.09,5.62,6.59,6.33,7.61
1507,8.85,8.11,6.89,4.89,6.09,5.62,6.59,6.33,7.61
1508,8.85,8.11,6.89,4.89,6.09,5.62,6.59,6.33,7.61
1509,8.85,8.11,6.89,4.89,6.09,5.62,6.59,6.33,7.61
1510,8.85,8.11,6.89,4.89,6.09,5.62,6.59,6.33,7.61
1511,8.85,8.11,6.89,4.89,6.09,5.62,6.59,6.33,7.61
1512,8.85,8.11,6.89,4.89,6.09,5.62,6.59,6.33,7.61
1513,8.85,8.11,6.89,4.89,6.09,5.62,6.59,6.33,7.61
1514,8.85,8.11,6.89,4.89,6.09,5.62,6.59,6.33,7.61
1515,8.85,8.11,6.89,4.89,6.09,5.62,6.59,6.33,7.61
1516,8.85,8.11,6.89,4.89,6.09,5.62,6.59,6.33,7.61
1517,8.85,8.11,6.89,4.89,6.09,5.62,6.59,6.33,7.61
1518,8.85,8.11,6.89,4.89,6.09,5.62,6.59,6.33,7.61
1519,8.85,8.11,6.89,4.89,6.09,5.62,6.59,6.33,7.61
1520,8.85,8.11,6.89,4.89,6.09,5.62,6.59,6.33,7.61
1521,8.85,8.11,6.89,4.89,6.09,5.62,6.59,6.33,7.61
1522,8.85,8.11,6.89,4.89,6.09,5.62,6.59,6.33,7.61
1523,8.85,8.11,6.89,4.89,6.09,5.62,6.59,6.33,7.61
1524,8.85,8.11,6.89,4.89,6.09,5.62,6.59,6.33,7.61
1525,8.85,8.11,6.89,4.89,6.09,5.62,6.59,6.33,7.61
1526,8.85,8.11,6.89,4.89,6.09,5.62,6.59,6.33,7.61
1527,8.85,8.11,6.89,4.89,6.09,5.62,6.59,6.33,7.61
1528,8.85,8.11,6.89,4.89,6.09,5.62,6.59,6.33,7.61
1529,8.85,8.11,6.89,4.89,6.09,5.62,6.59,6.33,7.61
1530,8.85,8.11,6.89,4.89,6.09,5.62,6.59,6.33,7.61
1531,8.85,8.11,6.89,4.89,6.09,5.62,6.59,6.33,7.61
1532,8.85,8.11,6.89,4.89,6.09,5.62,6.59,6.33,7.61
1533,8.85,8.11,6.89,4.89,6.09,5.62,6.59,6.33,7.61
1534,8.85,8.11,6.89,4.89,6.09,5.62,6.59,6.33,7.61
1535,8.85,8.11,6.89,4.89,6.09,5.62,6.59,6.33,7.61
1536,8.85,8.11,6.89,4.89,6.09,5.62,6.59,6.33,7.61
1537,8.85,8.11,6.89,4.89,6.09,5.62,6.59,6.33,7.61
1538,8.85,8.11,6.89,4.89,6.09,5.62,6.59,6.33,7.61
1539,8.85,8.11,6.89,4.89,6.09,5.62,6.59,6.33,7.61
1540,8.85,8.11,6.89,4.89,6.09,5.62,6.59,6.33,7.61
1541,8.85,8.11,6.89,4.89,6.09,5.62,6.59,6.33,7.61
1542,8.85,8.11,6.89,4.89,6.09,5.62,6.59,6.33,7.61
1543,8.85,8.11,6.89,4.89,6.09,5.62,6.59,6.33,7.61
1544,8.85,8.11,6.89,4.89,6.09,5.62,6.59,6.33,7.61
1545,8.85,8.11,6.89,4.89,6.09,5.62,6.59,6.33,7.61
1546,8.85,8.11,6.89,4.89,6.09,5.62,6.59,6.33,7.61
1547,8.85,8.11,6.89,4.89,6.09,5.62,6.59,6.33,7.61
1548,8.85,8.11,6.89,4.89,6.09,5.62,6.59,6.33,7.61
1549,8.85,8.11,6.89,4.89,6.09,5.62,6.59,6.33,7.61
1550,8.85,8.11,6.89,4.89,6.09,5.62,6.59,6.33,7.61
1551,8.85,8.11,6.89,4.89,6.09,5.62,6.59,6.33,7.61
1552,8.85,8.11,6.89,4.89,6.09,5.62,6.59,6.33,7.61
1553,8.85,8.11,6.89,4.89,6.09,5.62,6.59,6.33,7.61
1554,8.85,8.11,6.89,4.89,6.09,5.62,6.59,6.33,7.61
1555,8.85,8.11,6.89,4.89,6.09,5.62,6.59,6.33,7.61
1556,8.85,8.11,6.89,4.89,6.09,5.62,6.59,6.33,7.61
1557,8.85,8.11,6.89,4.89,6.09,5.62,6.59,6.33,7.61
1558,8.85,8.11,6.89,4.89,6.09,5.62,6.59,6.33,7.61
1559,8.85,8.11,6.89,4.89,6.09,5.62,6.59,6.33,7.61
1560,8.85,8.11,6.89,4.89,6.09,5.62,6.59,6.33,7.61
1561,8.85,8.11,6.89,4.89,6.09,5.62,6.59,6.33,7.61
1562,8.85,8.11,6.89,4.89,6.09,5.62,6.59,6.33,7.61
1563,8.85,8.11,6.89,4.89,6.09,5.62,6.59,6.33,7.61
1564,8.85,8.11,6.89,4.89,6.09,5.62,6.59,6.33,7.61
1565,8.85,8.11,6.89,4.89,6.09,5.62,6.59,6.33,7.61
1566,8.85,8.11,6.89,4.89,6.09,5.62,6.59,6.33,7.61
1567,8.85,8.11,6.89,4.89,6.09,5.62,6.59,6.33,7.61
1568,8.85,8.11,6.89,4.89,6.09,5.62,6.59,6.33,7.61
1569,8.85,8.11,6.89,4.89,6.09,5.62,6.59,6.33,7.61
1570,8.85,8.11,6.89,4.89,6.09,5.62,6.59,6.33,7.61
1571,8.85,8.11,6.89,4.89,6.09,5.62,6.59,6.33,7.61
1572,8.85,8.11,6.89,4.89,6.09,5.62,6.59,6.33,7.61
1573,8.85,8.11,6.89,4.89,6.09,5.62,6.59,6.33,7.61
1574,8.85,8.11,6.89,4.89,6.09,5.62,6.59,6.33,7.61
1575,8.85,8.11,6.89,4.89,6.09,5.62,6.59,6.33,7.61
1576,8.85,8.11,6.89,4.89,6.09,5.62,6.59,6.33,7.61
1577,8.85,8.11,6.89,4.89,6.09,5.62,6.59,6.33,7.61
1578,8.85,8.11,6.89,4.89,6.09,5.62,6.59,6.33,7.61
1579,8.85,8.11,6.89,4.89,6.09,5.62,6.59,6.33,7.61
1580,8.85,8.11,6.89,4.89,6.09,5.62,6.59,6.33,7.61
1581,8.85,8.11,6.89,4.89,6.09,5.62,6.59,6.33,7.61
1582,8.85,8.11,6.89,4.89,6.09,5.62,6.59,6.33,7.61
1583,8.85,8.11,6.89,4.89,6.09,5.62,6.59,6.33,7.61
1584,8.85,8.11,6.89,4.89,6.09,5.62,6.59,6.33,7.61
1585,8.85,8.11,6.89,4.89,6.09,5.62,6.59,6.33,7.61
1586,8.85,8.11,6.89,4.89,6.09,5.62,6.59,6.33,7.61
1587,8.85,8.11,6.89,4.89,6.09,5.62,6.59,6.33,7.61
1588,8.85,8.11,6.89,4.89,6.09,5.62,6.59,6.33,7.61
1589,8.85,8.11,6.89,4.89,6.09,5.62,6.59,6.33,7.61
1590,8.85,8.11,6.89,4.89,6.09,5.62,6.59,6.33,7.61
1591,8.85,8.11,6.89,4.89,6.09,5.62,6.59,6.33,7.61
1592,8.85,8.11,6.89,4.89,6.09,5.62,6.59,6.33,7.61
1593,8.85,8.11,6.89,4.89,6.09,5.62,6.59,6.33,7.61
1594,8.85,8.11,6.89,4.89,6.09,5.62,6.59,6.33,7.61
1595,8.85,8.11,6.89,4.89,6.09,5.62,6.59,6.33,7.61
1596,8.85,8.11,6.89,4.89,6.09,5.62,6.59,6.33,7.61
1597,8.85,8.11,6.89,4.89,6.09,5.62,6.59,6.33,7.61
1598,8.85,8.11,6.89,4.89,6.09,5.62,6.59,6.33,7.61
1599,8.85,8.11,6.89,4.89,6.09,5.62,6.59,6.33,7.61
1600,8.85,8.11,6.89,4.89,6.09,5.62,6.59,6.33,7.61
1601,8.85,8.11,6.89,4.89,6.09,5.62,6.59,6.33,7.61
1602,8.85,8.11,6.89,4.89,6.09,5.62,6.59,6.33,7.61
1603,8.85,8.11,6.89,4.89,6.09,5.62,6.59,6.33,7.61
1604,8.85,8.11,6.89,4.89,6.09,5.62,6.59,6.33,7.61
1605,8.85,8.11,6.89,4.89,6.09,5.62,6.59,6.33,7.61
1606,8.85,8.11,6.89,4.89,6.09,5.62,6.59,6.33,7.61
1607,8.85,8.11,6.89,4.89,6.09,5.62,6.59,6.33,7.61
1608,8.85,8.11,6.89,4.89,6.09,5.62,6.59,6.33,7.61
1609,8.85,8.11,6.89,4.89,6.09,5.62,6.59,6.33,7.61
1610,8.85,8.11,6.89,4.89,6.09,5.62,6.59,6.33,7.61
1611,8.85,8.11,6.89,4.89,6.09,5.62,6.59,6.33,7.61
1612,8.85,8.11,6.89,4.89,6.09,5.62,6.59,6.33,7.61
1613,8.85,8.11,6.89,4.89,6.09,5.62,6.59,6.33,7.61
1614,8.85,8.11,6.89,4.89,6.09,5.62,6.59,6.33,7.61
1615,8.85,8.11,6.89,4.89,6.09,5.62,6.59,6.33,7.61
1616,8.85,8.11,6.89,4.89,6.09,5.62,6.59,6.33,7.61
1617,8.85,8.11,6.89,4.89,6.09,5.62,6.59,6.33,7.61
1618,8.85,8.11,6.89,4.89,6.09,5.62,6.59,6.33,7.61
1619,8.85,8.11,6.89,4.89,6.09,5.62,6.59,6.33,7.61
1620,8.85,8.11,6.89,4.89,6.09,5.62,6.59,6.33,7.61
1621,8.85,8.11,6.89,4.89,6.09,5.62,6.59,6.33,7.61
1622,8.85,8.11,6.89,4.89,6.09,5.62,6.59,6.33,7.61
1623,8.85,8.11,6.89,4.89,6.09,5.62,6.59,6.33,7.61
1624,8.85,8.11,6.89,4.89,6.09,5.62,6.59,6.33,7.61
1625,8.85,8.11,6.89,4.89,6.09,5.62,6.59,6.33,7.61
1626,8.85,8.11,6.89,4.89,6.09,5.62,6.59,6.33,7.61
1627,8.85,8.11,6.89,4.89,6.09,5.62,6.59,6.33,7.61
1628,8.85,8.11,6.89,4.89,6.09,5.62,6.59,6.33,7.61
1629,8.85,8.11,6.89,4.89,6.09,5.62,6.59,6.33,7.61
1630,8.85,8.11,6.89,4.89,6.09,5.62,6.59,6.33,7.61
1631,8.85,8.11,6.89,4.89,6.09,5.62,6.59,6.33,7.61
1632,8.85,8.11,6.89,4.89,6.09,5.62,6.59,6.33,7.61
1633,8.85,8.11,6.89,4.89,6.09,5.62,6.59,6.33,7.61
1634,8.85,8.11,6.89,4.89,6.09,5.62,6.59,6.33,7.61
1635,8.85,8.11,6.89,4.89,6.09,5.62,6.59,6.33,7.61
1636,8.85,8.11,6.89,4.89,6.09,5.62,6.59,6.33,7.61
1637,8.85,8.11,6.89,4.89,6.09,5.62,6.59,6.33,7.61
1638,8.85,8.11,6.89,4.89,6.09,5.62,6.59,6.33,7.61
1639,8.85,8.11,6.89,4.89,6.09,5.62,6.59,6.33,7.61
1640,8.85,8.11,6.89,4.89,6.09,5.62,6.59,6.33,7.61
1641,8.85,8.11,6.89,4.89,6.09,5.62,6.59,6.33,7.61
1642,8.85,8.11,6.89,4.89,6.09,5.62,6.59,6.33,7.61
1643,8.85,8.11,6.89,4.89,6.09,5.62,6.59,6.33,7.61
1644,8.85,8.11,6.89,4.89,6.09,5.62,6.59,6.33,7.61
1645,8.85,8.11,6.89,4.89,6.09,5.62,6.59,6.33,7.61
1646,8.85,8.11,6.89,4.89,6.09,5.62,6.59,6.33,7.61
1647,8.85,8.11,6.89,4.89,6.09,5.62,6.59,6.33,7.61
1648,8.85,8.11,6.89,4.89,6.09,5.62,6.59,6.33,7.61
1649,8.85,8.11,6.89,4.89,6.09,5.62,6.59,6.33,7.61
1650,8.85,8.11,6.89,4.89,6.09,5.62,6.59,6.33,7.61
1651,8.85,8.11,6.89,4.89,6.09,5.62,6.59,6.33,7.61
1652,8.85,8.11,6.89,4.89,6.09,5.62,6.59,6.33,7.61
1653,8.85,8.11,6.89,4.89,6.09,5.62,6.59,6.33,7.61
1654,8.85,8.11,6.89,4.89,6.09,5.62,6.59,6.33,7.61
1655,8.85,8.11,6.89,4.89,6.09,5.62,6.59,6.33,7.61
1656,8.85,8.11,6.89,4.89,6.09,5.62,6.59,6.33,7.61
1657,8.85,8.11,6.89,4.89,6.09,5.62,6.59,6.33,7.61
1658,8.85,8.11,6.89,4.89,6.09,5.62,6.59,6.33,7.61
1659,8.85,8.11,6.89,4.89,6.09,5.62,6.59,6.33,7.61
1660,8.85,8.11,6.89,4.89,6.09,5.62,6.59,6.33,7.61
1661,8.85,8.11,6.89,4.89,6.09,5.62,6.59,6.33,7.61
1662,8.85,8.11,6.89,4.89,6.09,5.62,6.59,6.33,7.61
1663,8.85,8.11,6.89,4.89,6.09,5.62,6.59,6.33,7.61
1664,8.85,8.11,6.89,4.89,6.09,5.62,6.59,6.33,7.61
1665,8.85,8.11,6.89,4.89,6.09,5.62,6.59,6.33,7.61
1666,8.85,8.11,6.89,4.89,6.09,5.62,6.59,6.33,7.61
1667,8.85,8.11,6.89,4.89,6.09,5.62,6.59,6.33,7.61
1668,8.85,8.11,6.89,4.89,6.09,5.62,6.59,6.33,7.61
1669,8.85,8.11,6.89,4.89,6.09,5.62,6.59,6.33,7.61
1670,8.85,8.11,6.89,4.89,6.09,5.62,6.59,6.33,7.61
1671,8.85,8.11,6.89,4.89,6.09,5.62,6.59,6.33,7.61
1672,8.85,8.11,6.89,4.89,6.09,5.62,6.59,6.33,7.61
1673,8.85,8.11,6.89,4.89,6.09,5.62,6.59,6.33,7.61
1674,8.85,8.11,6.89,4.89,6.09,5.62,6.59,6.33,7.61
1675,8.85,8.11,6.89,4.89,6.09,5.62,6.59,6.33,7.61
1676,8.85,8.11,6.89,4.89,6.09,5.62,6.59,6.33,7.61
1677,8.85,8.11,6.89,4.89,6.09,5.62,6.59,6.33,7.61
1678,8.85,8.11,6.89,4.89,6.09,5.62,6.59,6.33,7.61
1679,8.85,8.11,6.89,4.89,6.09,5.62,6.59,6.33,7.61
1680,8.85,8.11,6.89,4.89,6.09,5.62,6.59,6.33,7.61
1681,8.85,8.11,6.89,4.89,6.09,5.62,6.59,6.33,7.61
1682,8.85,8.11,6.89,4.89,6.09,5.62,6.59,6.33,7.61
1683,8.85,8.11,6.89,4.89,6.09,5.62,6.59,6.33,7.61
1684,8.85,8.11,6.89,4.89,6.09,5.62,6.59,6.33,7.61
1685,8.85,8.11,6.89,4.89,6.09,5.62,6.59,6.33,7.61
1686,8.85,8.11,6.89,4.89,6.09,5.62,6.59,6.33,7.61
1687,8.85,8.11,6.89,4.89,6.09,5.62,6.59,6.33,7.61
1688,8.85,8.11,6.89,4.89,6.09,5.62,6.59,6.33,7.61
1689,8.85,8.11,6.89,4.89,6.09,5.62,6.59,6.33,7.61
1690,8.85,8.11,6.89,4.89,6.09,5.62,6.59,6.33,7.61
1691,8.85,8.11,6.89,4.89,6.09,5.62,6.59,6.33,7.61
1692,8.85,8.11,6.89,4.89,6.09,5.62,6.59,6.33,7.61
1693,8.85,8.11,6.89,4.89,6.09,5.62,6.59,6.33,7.61
1694,8.85,8.11,6.89,4.89,6.09,5.62,6.59,6.33,7.61
1695,8.85,8.11,6.89,4.89,6.09,5.62,6.59,6.33,7.61
1696,8.85,8.11,6.89,4.89,6.09,5.62,6.59,6.33,7.61
1697,8.85,8.11,6.89,4.89,6.09,5.62,6.59,6.33,7.61
1698,8.85,8.11,6.89,4.89,6.09,5.62,6.59,6.33,7.61
1699,8.85,8.11,6.89,4.89,6.09,5.62,6.59,6.33,7.61
1700,8.85,8.11,6.89,4.89,6.09,5.62,6.59,6.33,7.61
1701,8.85,8.11,6.89,4.89,6.09,5.62,6.59,6.33,7.61
1702,8.85,8.11,6.89,4.89,6.09,5.62,6.59,6.33,7.61
1703,8.85,8.11,6.89,4.89,6.09,5.62,6.59,6.33,7.61
1704,8.85,8.11,6.89,4.89,6.09,5.62,6.59,6.33,7.61
1705,8.85,8.11,6.89,4.89,6.09,5.62,6.59,6.33,7.61
1706,8.85,8.11,6.89,4.89,6.09,5.62,6.59,6.33,7.61
1707,8.85,8.11,6.89,4.89,6.09,5.62,6.59,6.33,7.61
1708,8.85,8.11,6.89,4.89,6.09,5.62,6.59,6.33,7.61
1709,8.85,8.11,6.89,4.89,6.09,5.62,6.59,6.33,7.61
1710,8.85,8.11,6.89,4.89,6.09,5.62,6.59,6.33,7.61
1711,8.85,8.11,6.89,4.89,6.09,5.62,6.59,6.33,7.61
1712,8.85,8.11,6.89,4.89,6.09,5.62,6.59,6.33,7.61
1713,8.85,8.11,6.89,4.89,6.09,5.62,6.59,6.33,7.61
1714,8.85,8.11,6.89,4.89,6.09,5.62,6.59,6.33,7.61
1715,8.85,8.11,6.89,4.89,6.09,5.62,6.59,6.33,7.61
1716,8.85,8.11,6.89,4.89,6.09,5.62,6.59,6.33,7.61
1717,8.85,8.11,6.89,4.89,6.09,5.62,6.59,6.33,7.61
1718,8.85,8.11,6.89,4.89,6.09,5.62,6.59,6.33,7.61
1719,8.85,8.11,6.89,4.89,6.09,5.62,6.59,6.33,7.61
1720,8.85,8.11,6.89,4.89,6.09,5.62,6.59,6.33,7.61
1721,8.85,8.11,6.89,4.89,6.09,5.62,6.59,6.33,7.61
1722,8.85,8.11,6.89,4.89,6.09,5.62,6.59,6.33,7.61
1723,8.85,8.11,6.89,4.89,6.09,5.62,6.59,6.33,7.61
1724,8.85,8.11,6.89,4.89,6.09,5.62,6.59,6.33,7.61
1725,8.85,8.11,6.89,4.89,6.09,5.62,6.59,6.33,7.61
1726,8.85,8.11,6.89,4.89,6.09,5.62,6.59,6.33,7.61
1727,8.85,8.11,6.89,4.89,6.09,5.62,6.59,6.33,7.61
1728,8.85,8.11,6.89,4.89,6.09,5.62,6.59,6.33,7.61
1729,8.85,8.11,6.89,4.89,6.09,5.62,6.59,6.33,7.61
1730,8.85,8.11,6.89,4.89,6.09,5.62,6.59,6.33,7.61
1731,8.85,8.11,6.89,4.89,6.09,5.62,6.59,6.33,7.61
1732,8.85,8.11,6.89,4.89,6.09,5.62,6.59,6.33,7.61
1733,8.85,8.11,6.89,4.89,6.09,5.62,6.59,6.33,7.61
1734,8.85,8.11,6.89,4.89,6.09,5.62,6.59,6.33,7.61
1735,8.85,8.11,6.89,4.89,6.09,5.62,6.59,6.33,7.61
1736,8.85,8.11,6.89,4.89,6.09,5.62,6.59,6.33,7.61
1737,8.85,8.11,6.89,4.89,6.09,5.62,6.59,6.33,7.61
1738,8.85,8.11,6.89,4.89,6.09,5.62,6.59,6.33,7.61
1739,8.85,8.11,6.89,4.89,6.09,5.62,6.59,6.33,7.61
1740,8.85,8.11,6.89,4.89,6.09,5.62,6.59,6.33,7.61
1741,8.85,8.11,6.89,4.89,6.09,5.62,6.59,6.33,7.61
1742,8.85,8.11,6.89,4.89,6.09,5.62,6.59,6.33,7.61
1743,8.85,8.11,6.89,4.89,6.09,5.62,6.59,6.33,7.61
1744,8.85,8.11,6.89,4.89,6.09,5.62,6.59,6.33,7.61
1745,8.85,8.11,6.89,4.89,6.09,5.62,6.59,6.33,7.61
1746,8.85,8.11,6.89,4.89,6.09,5.62,6.59,6.33,7.61
1747,8.85,8.11,6.89,4.89,6.09,5.62,6.59,6.33,7.61
1748,8.85,8.11,6.89,4.89,6.09,5.62,6.59,6.33,7.61
1749,8.85,8.11,6.89,4.89,6.09,5.62,6.59,6.33,7.61
1750,8.85,8.11,6.89,4.89,6.09,5.62,6.59,6.33,7.61
1751,8.85,8.11,6.89,4.89,6.09,5.62,6.59,6.33,7.61
1752,8.85,8.11,6.89,4.89,6.09,5.62,6.59,6.33,7.61
1753,8.85,8.11,6.89,4.89,6.09,5.62,6.59,6.33,7.61
1754,8.85,8.11,6.89,4.89,6.09,5.62,6.59,6.33,7.61
1755,8.85,8.11,6.89,4.89,6.09,5.62,6.59,6.33,7.61
1756,8.85,8.11,6.89,4.89,6.09,5.62,6.59,6.33,7.61
1757,8.85,8.11,6.89,4.89,6.09,5.62,6.59,6.33,7.61
1758,8.85,8.11,6.89,4.89,6.09,5.62,6.59,6.33,7.61
1759,8.85,8.11,6.89,4.89,6.09,5.62,6.59,6.33,7.61
1760,8.85,8.11,6.89,4.89,6.09,5.62,6.59,6.33,7.61
1761,8.85,8.11,6.89,4.89,6.09,5.62,6.59,6.33,7.61
1762,8.85,8.11,6.89,4.89,6.09,5.62,6.59,6.33,7.61
1763,8.85,8.11,6.89,4.89,6.09,5.62,6.59,6.33,7.61
1764,8.85,8.11,6.89,4.89,6.09,5.62,6.59,6.33,7.61
1765,8.85,8.11,6.89,4.89,6.09,5.62,6.59,6.33,7.61
1766,8.85,8.11,6.89,4.89,6.09,5.62,6.59,6.33,7.61
1767,8.85,8.11,6.89,4.89,6.09,5.62,6.59,6.33,7.61
1768,8.85,8.11,6.89,4.89,6.09,5.62,6.59,6.33,7.61
1769,8.85,8.11,6.89,4.89,6.09,5.62,6.59,6.33,7.61
1770,8.85,8.11,6.89,4.89,6.09,5.62,6.59,6.33,7.61
1771,8.85,8.11,6.89,4.89,6.09,5.62,6.59,6.33,7.61
1772,8.85,8.11,6.89,4.89,6.09,5.62,6.59,6.33,7.61
1773,8.85,8.11,6.89,4.89,6.09,5.62,6.59,6.33,7.61
1774,8.85,8.11,6.89,4.89,6.09,5.62,6.59,6.33,7.61
1775,8.85,8.11,6.89,4.89,6.09,5.62,6.59,6.33,7.61
1776,8.85,8.11,6.89,4.89,6.09,5.62,6.59,6.33,7.61
1777,8.85,8.11,6.89,4.89,6.09,5.62,6.59,6.33,7.61
1778,8.85,8.11,6.89,4.89,6.09,5.62,6.59,6.33,7.61
1779,8.85,8.11,6.89,4.89,6.09,5.62,6.59,6.33,7.61
1780,8.85,8.11,6.89,4.89,6.09,5.62,6.59,6.33,7.61
1781,8.85,8.11,6.89,4.89,6.09,5.62,6.59,6.33,7.61
1782,8.85,8.11,6.89,4.89,6.09,5.62,6.59,6.33,7.61
1783,8.85,8.11,6.89,4.89,6.09,5.62,6.59,6.33,7.61
1784,8.85,8.11,6.89,4.89,6.09,5.62,6.59,6.33,7.61
1785,8.85,8.11,6.89,4.89,6.09,5.62,6.59,6.33,7.61
1786,8.85,8.11,6.89,4.89,6.09,5.62,6.59,6.33,7.61
1787,8.85,8.11,6.89,4.89,6.09,5.62,6.59,6.33,7.61
1788,8.85,8.11,6.89,4.89,6.09,5.62,6.59,6.33,7.61
1789,8.85,8.11,6.89,4.89,6.09,5.62,6.59,6.33,7.61
1790,8.85,8.11,6.89,4.89,6.09,5.62,6.59,6.33,7.61
1791,8.85,8.11,6.89,4.89,6.09,5.62,6.59,6.33,7.61
1792,8.85,8.11,6.89,4.89,6.09,5.62,6.59,6.33,7.61
1793,8.85,8.11,6.89,4.89,6.09,5.62,6.59,6.33,7.61
1794,8.85,8.11,6.89,4.89,6.09,5.62,6.59,6.33,7.61
1795,8.85,8.11,6.89,4.89,6.09,5.62,6.59,6.33,7.61
1796,8.85,8.11,6.89,4.89,6.09,5.62,6.59,6.33,7.61
1797,8.85,8.11,6.89,4.89,6.09,5.62,6.59,6.33,7.61
1798,8.85,8.11,6.89,4.89,6.09,5.62,6.59,6.33,7.61
1799,8.85,8.11,6.89,4.89,6.09,5.62,6.59,6.33,7.61
1800,8.85,8.11,6.89,4.89,6.09,5.62,6.59,6.33,7.61
1801,8.85,8.11,6.89,4.89,6.09,5.62,6.59,6.33,7.61
1802,8.85,8.11,6.89,4.89,6.09,5.62,6.59,6.33,7.61
1803,8.85,8.11,6.89,4.89,6.09,5.62,6.59,6.33,7.61
1804,8.85,8.11,6.89,4.89,6.09,5.62,6.59,6.33,7.61
1805,8.85,8.11,6.89,4.89,6.09,5.62,6.59,6.33,7.61
1806,8.85,8.11,6.89,4.89,6.09,5.62,6.59,6.33,7.61
1807,8.85,8.11,6.89,4.89,6.09,5.62,6.59,6.33,7.61
1808,8.85,8.11,6.89,4.89,6.09,5.62,6.59,6.33,7.61
1809,8.85,8.11,6.89,4.89,6.09,5.62,6.59,6.33,7.61
1810,8.85,8.11,6.89,4.89,6.09,5.62,6.59,6.33,7.61
1811,8.85,8.11,6.89,4.89,6.09,5.62,6.59,6.33,7.61
1812,8.85,8.11,6.89,4.89,6.09,5.62,6.59,6.33,7.61
1813,8.85,8.11,6.89,4.89,6.09,5.62,6.59,6.33,7.61
1814,8.85,8.11,6.89,4.89,6.09,5.62,6.59,6.33,7.61
1815,8.85,8.11,6.89,4.89,6.09,5.62,6.59,6.33,7.61
1816,8.85,8.11,6.89,4.89,6.09,5.62,6.59,6.33,7.61
1817,8.85,8.11,6.89,4.89,6.09,5.62,6.59,6.33,7.61
1818,8.85,8.11,6.89,4.89,6.09,5.62,6.59,6.33,7.61
1819,8.85,8.11,6.89,4.89,6.09,5.62,6.59,6.33,7.61
1820,8.85,8.11,6.89,4.89,6.09,5.62,6.59,6.33,7.61
1821,8.85,8.11,6.89,4.89,6.09,5.62,6.59,6.33,7.61
1822,8.85,8.11,6.89,4.89,6.09,5.62,6.59,6.33,7.61
1823,8.85,8.11,6.89,4.89,6.09,5.62,6.59,6.33,7.61
1824,8.85,8.11,6.89,4.89,6.09,5.62,6.59,6.33,7.61
1825,8.85,8.11,6.89,4.89,6.09,5.62,6.59,6.33,7.61
1826,8.85,8.11,6.89,4.89,6.09,5.62,6.59,6.33,7.61
1827,8.85,8.11,6.89,4.89,6.09,5.62,6.59,6.33,7.61
1828,8.85,8.11,6.89,4.89,6.09,5.62,6.59,6.33,7.61
1829,8.85,8.11,6.89,4.89,6.09,5.62,6.59,6.33,7.61
1830,8.85,8.11,6.89,4.89,6.09,5.62,6.59,6.33,7.61
1831,8.85,8.11,6.89,4.89,6.09,5.62,6.59,6.33,7.61
1832,8.85,8.11,6.89,4.89,6.09,5.62,6.59,6.33,7.61
1833,8.85,8.11,6.89,4.89,6.09,5.62,6.59,6.33,7.61
1834,8.85,8.11,6.89,4.89,6.09,5.62,6.59,6.33,7.61
1835,8.85,8.11,6.89,4.89,6.09,5.62,6.59,6.33,7.61
1836,8.85,8.11,6.89,4.89,6.09,5.62,6.59,6.33,7.61
1837,8.85,8.11,6.89,4.89,6.09,5.62,6.59,6.33,7.61
1838,8.85,8.11,6.89,4.89,6.09,5.62,6.59,6.33,7.61
1839,8.85,8.11,6.89,4.89,6.09,5.62,6.59,6.33,7.61
1840,8.85,8.11,6.89,4.89,6.09,5.62,6.59,6.33,7.61
1841,8.85,8.11,6.89,4.89,6.09,5.62,6.59,6.33,7.61
1842,8.85,8.11,6.89,4.89,6.09,5.62,6.59,6.33,7.61
1843,8.85,8.11,6.89,4.89,6.09,5.62,6.59,6.33,7.61
1844,8.85,8.11,6.89,4.89,6.09,5.62,6.59,6.33,7.61
1845,8.85,8.11,6.89,4.89,6.09,5.62,6.59,6.33,7.61
1846,8.85,8.11,6.89,4.89,6.09,5.62,6.59,6.33,7.61
1847,8.85,8.11,6.89,4.89,6.09,5.62,6.59,6.33,7.61
1848,8.85,8.11,6.89,4.89,6.09,5.62,6.59,6.33,7.61
1849,8.85,8.11,6.89,4.89,6.09,5.62,6.59,6.33,7.61
1850,8.85,8.11,6.89,4.89,6.09,5.62,6.59,6.33,7.61
1851,8.85,8.11,6.89,4.89,6.09,5.62,6.59,6.33,7.61
1852,8.85,8.11,6.89,4.89,6.09,5.62,6.59,6.33,7.61
1853,8.85,8.11,6.89,4.89,6.09,5.62,6.59,6.33,7.61
1854,8.85,8.11,6.89,4.89,6.09,5.62,6.59,6.33,7.61
1855,8.85,8.11,6.89,4.89,6.09,5.62,6.59,6.33,7.61
1856,8.85,8.11,6.89,4.89,6.09,5.62,6.59,6.33,7.61
1857,8.85,8.11,6.89,4.89,6.09,5.62,6.59,6.33,7.61
1858,8.85,8.11,6.89,4.89,6.09,5.62,6.59,6.33,7.61
1859,8.85,8.11,6.89,4.89,6.09,5.62,6.59,6.33,7.61
1860,8.85,8.11,6.89,4.89,6.09,5.62,6.59,6.33,7.61
1861,8.85,8.11,6.89,4.89,6.09,5.62,6.59,6.33,7.61
1862,8.85,8.11,6.89,4.89,6.09,5.62,6.59,6.33,7.61
1863,8.85,8.11,6.89,4.89,6.09,5.62,6.59,6.33,7.61
1864,8.85,8.11,6.89,4.89,6.09,5.62,6.59,6.33,7.61
1865,8.85,8.11,6.89,4.89,6.09,5.62,6.59,6.33,7.61
1866,8.85,8.11,6.89,4.89,6.09,5.62,6.59,6.33,7.61
1867,8.85,8.11,6.89,4.89,6.09,5.62,6.59,6.33,7.61
1868,8.85,8.11,6.89,4.89,6.09,5.62,6.59,6.33,7.61
1869,8.85,8.11,6.89,4.89,6.09,5.62,6.59,6.33,7.61
1870,8.85,8.11,6.89,4.89,6.09,5.62,6.59,6.33,7.61
1871,8.85,8.11,6.89,4.89,6.09,5.62,6.59,6.33,7.61
1872,8.85,8.11,6.89,4.89,6.09,5.62,6.59,6.33,7.61
1873,8.85,8.11,6.89,4.89,6.09,5.62,6.59,6.33,7.61
1874,8.85,8.11,6.89,4.89,6.09,5.62,6.59,6.33,7.61
1875,8.85,8.11,6.89,4.89,6.09,5.62,6.59,6.33,7.61
1876,8.85,8.11,6.89,4.89,6.09,5.62,6.59,6.33,7.61
1877,8.85,8.11,6.89,4.89,6.09,5.62,6.59,6.33,7.61
1878,8.85,8.11,6.89,4.89,6.09,5.62,6.59,6.33,7.61
1879,8.85,8.11,6.89,4.89,6.09,5.62,6.59,6.33,7.61
1880,8.85,8.11,6.89,4.89,6.09,5.62,6.59,6.33,7.61
1881,8.85,8.11,6.89,4.89,6.09,5.62,6.59,6.33,7.61
1882,8.85,8.11,6.89,4.89,6.09,5.62,6.59,6.33,7.61
1883,8.85,8.11,6.89,4.89,6.09,5.62,6.59,6.33,7.61
1884,8.85,8.11,6.89,4.89,6.09,5.62,6.59,6.33,7.61
1885,8.85,8.11,6.89,4.89,6.09,5.62,6.59,6.33,7.61
1886,8.85,8.11,6.89,4.89,6.09,5.62,6.59,6.33,7.61
1887,8.85,8.11,6.89,4.89,6.09,5.62,6.59,6.33,7.61
1888,8.85,8.11,6.89,4.89,6.09,5.62,6.59,6.33,7.61
1889,8.85,8.11,6.89,4.89,6.09,5.62,6.59,6.33,7.61
1890,8.85,8.11,6.89,4.89,6.09,5.62,6.59,6.33,7.61
1891,8.85,8.11,6.89,4.89,6.09,5.62,6.59,6.33,7.61
1892,8.85,8.11,6.89,4.89,6.09,5.62,6.59,6.33,7.61
1893,8.85,8.11,6.89,4.89,6.09,5.62,6.59,6.33,7.61
1894,8.85,8.11,6.89,4.89,6.09,5.62,6.59,6.33,7.61
1895,8.85,8.11,6.89,4.89,6.09,5.62,6.59,6.33,7.61
1896,8.85,8.11,6.89,4.89,6.09,5.62,6.59,6.33,7.61
1897,8.85,8.11,6.89,4.89,6.09,5.62,6.59,6.33,7.61
1898,8.85,8.11,6.89,4.89,6.09,5.62,6.59,6.33,7.61
1899,8.85,8.11,6.89,4.89,6.09,5.62,6.59,6.33,7.61
1900,8.85,8.11,6.89,4.89,6.09,5.62,6.59,6.33,7.61
1901,8.85,8.11,6.89,4.89,6.09,5.62,6.59,6.33,7.61
1902,8.85,8.11,6.89,4.89,6.09,5.62,6.59,6.33,7.61
1903,8.85,8.11,6.89,4.89,6.09,5.62,6.59,6.33,7.61
1904,8.85,8.11,6.89,4.89,6.09,5.62,6.59,6.33,7.61
1905,8.85,8.11,6.89,4.89,6.09,5.62,6.59,6.33,7.61
1906,8.85,8.11,6.89,4.89,6.09,5.62,6.59,6.33,7.61
1907,8.85,8.11,6.89,4.89,6.09,5.62,6.59,6.33,7.61
1908,8.85,8.11,6.89,4.89,6.09,5.62,6.59,6.33,7.61
1909,8.85,8.11,6.89,4.89,6.09,5.62,6.59,6.33,7.61
1910,8.85,8.11,6.89,4.89,6.09,5.62,6.59,6.33,7.61
1911,8.85,8.11,6.89,4.89,6.09,5.62,6.59,6.33,7.61
1912,8.85,8.11,6.89,4.89,6.09,5.62,6.59,6.33,7.61
1913,8.85,8.11,6.89,4.89,6.09,5.62,6.59,6.33,7.61
1914,8.85,8.11,6.89,4.89,6.09,5.62,6.59,6.33,7.61
1915,8.85,8.11,6.89,4.89,6.09,5.62,6.59,6.33,7.61
1916,8.85,8.11,6.89,4.89,6.09,5.62,6.59,6.33,7.61
1917,8.85,8.11,6.89,4.89,6.09,5.62,6.59,6.33,7.61
1918,8.85,8.11,6.89,4.89,6.09,5.62,6.59,6.33,7.61
1919,8.85,8.11,6.89,4.89,6.09,5.62,6.59,6.33,7.61
1920,8.85,8.11,6.89,4.89,6.09,5.62,6.59,6.33,7.61
1921,8.85,8.11,6.89,4.89,6.09,5.62,6.59,6.33,7.61
1922,8.85,8.11,6.89,4.89,6.09,5.62,6.59,6.33,7.61
1923,8.85,8.11,6.89,4.89,6.09,5.62,6.59,6.33,7.61
1924,8.85,8.11,6.89,4.89,6.09,5.62,6.59,6.33,7.61
1925,8.85,8.11,6.89,4.89,6.09,5.62,6.59,6.33,7.61
1926,8.85,8.11,6.89,4.89,6.09,5.62,6.59,6.33,7.61
1927,8.85,8.11,6.89,4.89,6.09,5.62,6.59,6.33,7.61
1928,8.85,8.11,6.89,4.89,6.09,5.62,6.59,6.33,7.61
1929,8.85,8.11,6.89,4.89,6.09,5.62,6.59,6.33,7.61
1930,8.85,8.11,6.89,4.89,6.09,5.62,6.59,6.33,7.61
1931,8.85,8.11,6.89,4.89,6.09,5.62,6.59,6.33,7.61
1932,8.85,8.11,6.89,4.89,6.09,5.62,6.59,6.33,7.61
1933,8.85,8.11,6.89,4.89,6.09,5.62,6.59,6.33,7.61
1934,8.85,8.11,6.89,4.89,6.09,5.62,6.59,6.33,7.61
1935,8.85,8.11,6.89,4.89,6.09,5.62,6.59,6.33,7.61
1936,8.85,8.11,6.89,4.89,6.09,5.62,6.59,6.33,7.61
1937,8.85,8.11,6.89,4.89,6.09,5.62,6.59,6.33,7.61
1938,8.85,8.11,6.89,4.89,6.09,5.62,6.59,6.33,7.61
1939,8.85,8.11,6.89,4.89,6.09,5.62,6.59,6.33,7.61
1940,8.85,8.11,6.89,4.89,6.09,5.62,6.59,6.33,7.61
1941,8.85,8.11,6.89,4.89,6.09,5.62,6.59,6.33,7.61
1942,8.85,8.11,6.89,4.89,6.09,5.62,6.59,6.33,7.61
1943,8.85,8.11,6.89,4.89,6.09,5.62,6.59,6.33,7.61
1944,8.85,8.11,6.89,4.89,6.09,5.62,6.59,6.33,7.61
1945,8.85,8.11,6.89,4.89,6.09,5.62,6.59,6.33,7.61
1946,8.85,8.11,6.89,4.89,6.09,5.62,6.59,6.33,7.61
1947,8.85,8.11,6.89,4.89,6.09,5.62,6.59,6.33,7.61
1948,8.85,8.11,6.89,4.89,6.09,5.62,6.59,6.33,7.61
1949,8.85,8.11,6.89,4.89,6.09,5.62,6.59,6.33,7.61
1950,8.85,8.11,6.89,4.89,6.09,5.62,6.59,6.33,7.61
1951,8.85,8.11,6.89,4.89,6.09,5.62,6.59,6.33,7.61
1952,8.85,8.11,6.89,4.89,6.09,5.62,6.59,6.33,7.61
1953,8.85,8.11,6.89,4.89,6.09,5.62,6.59,6.33,7.61
1954,8.85,8.11,6.89,4.89,6.09,5.62,6.59,6.33,7.61
1955,8.85,8.11,6.89,4.89,6.09,5.62,6.59,6.33,7.61
1956,8.85,8.11,6.89,4.89,6.09,5.62,6.59,6.33,7.61
1957,8.85,8.11,6.89,4.89,6.09,5.62,6.59,6.33,7.61
1958,8.85,8.11,6.89,4.89,6.09,5.62,6.59,6.33,7.61
1959,8.85,8.11,6.89,4.89,6.09,5.62,6.59,6.33,7.61
1960,8.85,8.11,6.89,4.89,6.09,5.62,6.59,6.33,7.61
1961,8.85,8.11,6.89,4.89,6.09,5.62,6.59,6.33,7.61
1962,8.85,8.11,6.89,4.89,6.09,5.62,6.59,6.33,7.61
1963,8.85,8.11,6.89,4.89,6.09,5.62,6.59,6.33,7.61
1964,8.85,8.11,6.89,4.89,6.09,5.62,6.59,6.33,7.61
1965,8.85,8.11,6.89,4.89,6.09,5.62,6.59,6.33,7.61
1966,8.85,8.11,6.89,4.89,6.09,5.62,6.59,6.33,7.61
1967,8.85,8.11,6.89,4.89,6.09,5.62,6.59,6.33,7.61
1968,8.85,8.11,6.89,4.89,6.09,5.62,6.59,6.33,7.61
1969,8.85,8.11,6.89,4.89,6.09,5.62,6.59,6.33,7.61
1970,8.85,8.11,6.89,4.89,6.09,5.62,6.59,6.33,7.61
1971,8.85,8.11,6.89,4.89,6.09,5.62,6.59,6.33,7.61
1972,8.85,8.11,6.89,4.89,6.09,5.62,6.59,6.33,7.61
1973,8.85,8.11,6.89,4.89,6.09,5.62,6.59,6.33,7.61
1974,8.85,8.11,6.89,4.89,6.09,5.62,6.59,6.33,7.61
1975,8.85,8.11,6.89,4.89,6.09,5.62,6.59,6.33,7.61
1976,8.85,8.11,6.89,4.89,6.09,5.62,6.59,6.33,7.61
1977,8.85,8.11,6.89,4.89,6.09,5.62,6.59,6.33,7.61
1978,8.85,8.11,6.89,4.89,6.09,5.62,6.59,6.33,7.61
1979,8.85,8.11,6.89,4.89,6.09,5.62,6.59,6.33,7.61
1980,8.85,8.11,6.89,4.89,6.09,5.62,6.59,6.33,7.61
1981,8.85,8.11,6.89,4.89,6.09,5.62,6.59,6.33,7.61
1982,8.85,8.11,6.89,4.89,6.09,5.62,6.59,6.33,7.61
1983,8.85,8.11,6.89,4.89,6.09,5.62,6.59,6.33,7.61
1984,8.85,8.11,6.89,4.89,6.09,5.62,6.59,6.33,7.61
1985,8.85,8.11,6.89,4.89,6.09,5.62,6.59,6.33,7.61
1986,8.85,8.11,6.89,4.89,6.09,5.62,6.59,6.33,7.61
1987,8.85,8.11,6.89,4.89,6.09,5.62,6.59,6.33,7.61
1988,8.85,8.11,6.89,4.89,6.09,5.62,6.59,6.33,7.61
1989,8.85,8.11,6.89,4.89,6.09,5.62,6.59,6.33,7.61
1990,8.85,8.11,6.89,4.89,6.09,5.62,6.59,6.33,7.61
1991,8.85,8.11,6.89,4.89,6.09,5.62,6.59,6.33,7.61
1992,8.85,8.11,6.89,4.89,6.09,5.62,6.59,6.33,7.61
1993,8.85,8.11,6.89,4.89,6.09,5.62,6.59,6.33,7.61
1994,8.85,8.11,6.89,4.89,6.09,5.62,6.59,6.33,7.61
1995,8.85,8.11,6.89,4.89,6.09,5.62,6.59,6.33,7.61
1996,8.85,8.11,6.89,4.89,6.09,5.62,6.59,6.33,7.61
1997,8.85,8.11,6.89,4.89,6.09,5.62,6.59,6.33,7.61
1998,8.85,8.11,6.89,4.89,6.09,5.62,6.59,6.33,7.61
1999,8.85,8.11,6.89,4.89,6.09,5.62,6.59,6.33,7.61
2000,8.85,8.11,6.89,4.89,6.09,5.62,6.59,6.33,7.61
2001,8.85,8.11,6.89,4.89,6.09,5.62,6.59,6.33,7.61
2002,8.85,8.11,6.89,4.89,6.09,5.62,6.59,6.33,7.61
2003,8.85,8.11,6.89,4.89,6.09,5.62,6.59,6.33,7.61
2004,8.85,8.11,6.89,4.89,6.09,5.62,6.59,6.33,7.61
2005,8.85,8.11,6.89,4.89,6.09,5.62,6.59,6.33,7.61
2006,8.85,8.11,6.89,4.89,6.09,5.62,6.59,6.33,7.61
2007,8.85,8.11,6.89,4.89,6.09,5.62,6.59,6.33,7.61
2008,8.85,8.11,6.89,4.89,6.09,5.62,6.59,6.33,7.61
2009,8.85,8.11,6.89,4.89,6.09,5.62,6.59,6.33,7.61
2010,8.85,8.11,6.89,4.89,6.09,5.62,6.59,6.33,7.61
2011,8.85,8.11,6.89,4.89,6.09,5.62,6.59,6.33,7.61
2012,8.85,8.11,6.89,4.89,6.09,5.62,6.59,6.33,7.61
2013,8.85,8.11,6.89,4.89,6.09,5.62,6.59,6.33,7.61
2014,8.85,8.11,6.89,4.89,6.09,5.62,6.59,6.33,7.61
2015,8.85,8.11,6.89,4.89,6.09,5.62,6.59,6.33,7.61
2016,8.85,8.11,6.89,4.89,6.09,5.62,6.59,6.33,7.61
2017,8.85,8.11,6.89,4.89,6.09,5.62,6.59,6.33,7.61
2018,8.85,8.11,6.89,4.89,6.09,5.62,6.59,6.33,7.61
2019,8.85,8.11,6.89,4.89,6.09,5.62,6.59,6.33,7.61
2020,8.85,8.11,6.89,4.89,6.09,5.62,6.59,6.33,7.61
2021,8.85,8.11,6.89,4.89,6.09,5.62,6.59,6.33,7.61
2022,8.85,8.11,6.89,4.89,6.09,5.62,6.59,6.33,7.61
2023,8.85,8.11,6.89,4.89,6.09,5.62,6.59,6.33,7.61
2024,8.85,8.11,6.89,4.89,6.09,5.62,6.59,6.33,7.61
2025,8.85,8.11,6.89,4.89,6.09,5.62,6.59,6.33,7.61
2026,8.85,8.11,6.89,4.89,6.09,5.62,6.59,6.33,7.61
2027,8.85,8.11,6.89,4.89,6.09,5.62,6.59,6.33,7.61
2028,8.85,8.11,6.89,4.89,6.09,5.62,6.59,6.33,7.61
2029,8.85,8.11,6.89,4.89,6.09,5.62,6.59,6.33,7.61
2030,8.85,8.11,6.89,4.89,6.09,5.62,6.59,6.33,7.61
2031,8.85,8.11,6.89,4.89,6.09,5.62,6.59,6.33,7.61
2032,8.85,8.11,6.89,4.89,6.09,5.62,6.59,6.33,7.61
2033,8.85,8.11,6.89,4.89,6.09,5.62,6.59,6.33,7.61
2034,8.85,8.11,6.89,4.89,6.09,5.62,6.59,6.33,7.61
2035,8.85,8.11,6.89,4.89,6.09,5.62,6.59,6.33,7.61
2036,8.85,8.11,6.89,4.89,6.09,5.62,6.59,6.33,7.61
2037,8.85,8.11,6.89,4.89,6.09,5.62,6.59,6.33,7.61
2038,8.85,8.11,6.89,4.89,6.09,5.62,6.59,6.33,7.61
2039,8.85,8.11,6.89,4.89,6.09,5.62,6.59,6.33,7.61
2040,8.85,8.11,6.89,4.89,6.09,5.62,6.59,6.33,7.61
2041,8.85,8.11,6.89,4.89,6.09,5.62,6.59,6.33,7.61
2042,8.85,8.11,6.89,4.89,6.09,5.62,6.59,6.33,7.61
2043,8.85,8.11,6.89,4.89,6.09,5.62,6.59,6.33,7.61
2044,8.85,8.11,6.89,4.89,6.09,5.62,6.59,6.33,7.61
2045,8.85,8.11,6.89,4.89,6.09,5.62,6.59,6.33,7.61
2046,8.85,8.11,6.89,4.89,6.09,5.62,6.59,6.33,7.61
2047,8.85,8.11,6.89,4.89,6.09,5.62,6.59,6.33,7.61
2048,8.85,8.11,6.89,4.89,6.09,5.62,6.59,6.33,7.61
2049,8.85,8.11,6.89,4.89,6.09,5.62,6.59,6.33,7.61
2050,8.85,8.11,6.89,4.89,6.09,5.62,6.59,6.33,7.61
2051,8.85,8.11,6.89,4.89,6.09,5.62,6.59,6.33,7.61
2052,8.85,8.11,6.89,4.89,6.09,5.62,6.59,6.33,7.61
2053,8.85,8.11,6.89,4.89,6.09,5.62,6.59,6.33,7.61
2054,8.85,8.11,6.89,4.89,6.09,5.62,6.59,6.33,7.61
2055,8.85,8.11,6.89,4.89,6.09,5.62,6.59,6.33,7.61
2056,8.85,8.11,6.89,4.89,6.09,5.62,6.59,6.33,7.61
2057,8.85,8.11,6.89,4.89,6.09,5.62,6.59,6.33,7.61
2058,8.85,8.11,6.89,4.89,6.09,5.62,6.59,6.33,7.61
2059,8.85,8.11,6.89,4.89,6.09,5.62,6.59,6.33,7.61
2060,8.85,8.11,6.89,4.89,6.09,5.62,6.59,6.33,7.61
2061,8.85,8.11,6.89,4.89,6.09,5.62,6.59,6.33,7.61
2062,8.85,8.11,6.89,4.89,6.09,5.62,6.59,6.33,7.61
2063,8.85,8.11,6.89,4.89,6.09,5.62,6.59,6.33,7.61
2064,8.85,8.11,6.89,4.89,6.09,5.62,6.59,6.33,7.61
2065,8.85,8.11,6.89,4.89,6.09,5.62,6.59,6.33,7.61
2066,8.85,8.11,6.89,4.89,6.09,5.62,6.59,6.33,7.61
2067,8.85,8.11,6.89,4.89,6.09,5.62,6.59,6.33,7.61
2068,8.85,8.11,6.89,4.89,6.09,5.62,6.59,6.33,7.61
2069,8.85,8.11,6.89,4.89,6.09,5.62,6.59,6.33,7.61
2070,8.85,8.11,6.89,4.89,6.09,5.62,6.59,6.33,7.61
2071,8.85,8.11,6.89,4.89,6.09,5.62,6.59,6.33,7.61
2072,8.85,8.11,6.89,4.89,6.09,5.62,6.59,6.33,7.61
2073,8.85,8.11,6.89,4.89,6.09,5.62,6.59,6.33,7.61
2074,8.85,8.11,6.89,4.89,6.09,5.62,6.59,6.33,7.61
2075,8.85,8.11,6.89,4.89,6.09,5.62,6.59,6.33,7.61
2076,8.85,8.11,6.89,4.89,6.09,5.62,6.59,6.33,7.61
2077,8.85,8.11,6.89,4.89,6.09,5.62,6.59,6.33,7.61
2078,8.85,8.11,6.89,4.89,6.09,5.62,6.59,6.33,7.61
2079,8.85,8.11,6.89,4.89,6.09,5.62,6.59,6.33,7.61
2080,8.85,8.11,6.89,4.89,6.09,5.62,6.59,6.33,7.61
2081,8.85,8.11,6.89,4.89,6.09,5.62,6.59,6.33,7.61
2082,8.85,8.11,6.89,4.89,6.09,5.62,6.59,6.33,7.61
2083,8.85,8.11,6.89,4.89,6.09,5.62,6.59,6.33,7.61
2084,8.85,8.11,6.89,4.89,6.09,5.62,6.59,6.33,7.61
2085,8.85,8.11,6.89,4.89,6.09,5.62,6.59,6.33,7.61
2086,8.85,8.11,6.89,4.89,6.09,5.62,6.59,6.33,7.61
2087,8.85,8.11,6.89,4.89,6.09,5.62,6.59,6.33,7.61
2088,8.85,8.11,6.89,4.89,6.09,5.62,6.59,6.33,7.61
2089,8.85,8.11,6.89,4.89,6.09,5.62,6.59,6.33,7.61
2090,8.85,8.11,6.89,4.89,6.09,5.62,6.59,6.33,7.61
2091,8.85,8.11,6.89,4.89,6.09,5.62,6.59,6.33,7.61
2092,8.85,8.11,6.89,4.89,6.09,5.62,6.59,6.33,7.61
2093,8.85,8.11,6.89,4.89,6.09,5.62,6.59,6.33,7.61
2094,8.85,8.11,6.89,4.89,6.09,5.62,6.59,6.33,7.61
2095,8.85,8.11,6.89,4.89,6.09,5.62,6.59,6.33,7.61
2096,8.85,8.11,6.89,4.89,6.09,5.62,6.59,6.33,7.61
2097,8.85,8.11,6.89,4.89,6.09,5.62,6.59,6.33,7.61
2098,8.85,8.11,6.89,4.89,6.09,5.62,6.59,6.33,7.61
2099,8.85,8.11,6.89,4.89,6.09,5.62,6.59,6.33,7.61
2100,8.85,8.11,6.89,4.89,6.09,5.62,6.59,6.33,7.61
2101,8.85,8.11,6.89,4.89,6.09,5.62,6.59,6.33,7.61
2102,8.85,8.11,6.89,4.89,6.09,5.62,6.59,6.33,7.61
2103,8.85,8.11,6.89,4.89,6.09,5.62,6.59,6.33,7.61
2104,8.85,8.11,6.89,4.89,6.09,5.62,6.59,6.33,7.61
2105,8.85,8.11,6.89,4.89,6.09,5.62,6.59,6.33,7.61
2106,8.85,8.11,6.89,4.89,6.09,5.62,6.59,6.33,7.61
2107,8.85,8.11,6.89,4.89,6.09,5.62,6.59,6.33,7.61
2108,8.85,8.11,6.89,4.89,6.09,5.62,6.59,6.33,7.61
2109,8.85,8.11,6.89,4.89,6.09,5.62,6.59,6.33,7.61
2110,8.85,8.11,6.89,4.89,6.09,5.62,6.59,6.33,7.61
2111,8.85,8.11,6.89,4.89,6.09,5.62,6.59,6.33,7.61
2112,8.85,8.11,6.89,4.89,6.09,5.62,6.59,6.33,7.61
2113,8.85,8.11,6.89,4.89,6.09,5.62,6.59,6.33,7.61
2114,8.85,8.11,6.89,4.89,6.09,5.62,6.59,6.33,7.61
2115,8.85,8.11,6.89,4.89,6.09,5.62,6.59,6.33,7.61
2116,8.85,8.11,6.89,4.89,6.09,5.62,6.59,6.33,7.61
2117,8.85,8.11,6.89,4.89,6.09,5.62,6.59,6.33,7.61
2118,8.85,8.11,6.89,4.89,6.09,5.62,6.59,6.33,7.61
2119,8.85,8.11,6.89,4.89,6.09,5.62,6.59,6.33,7.61
2120,8.85,8.11,6.89,4.89,6.09,5.62,6.59,6.33,7.61
2121,8.85,8.11,6.89,4.89,6.09,5.62,6.59,6.33,7.61
2122,8.85,8.11,6.89,4.89,6.09,5.62,6.59,6.33,7.61
2123,8.85,8.11,6.89,4.89,6.09,5.62,6.59,6.33,7.61
2124,8.85,8.11,6.89,4.89,6.09,5.62,6.59,6.33,7.61
2125,8.85,8.11,6.89,4.89,6.09,5.62,6.59,6.33,7.61
2126,8.85,8.11,6.89,4.89,6.09,5.62,6.59,6.33,7.61
2127,8.85,8.11,6.89,4.89,6.09,5.62,6.59,6.33,7.61
2128,8.85,8.11,6.89,4.89,6.09,5.62,6.59,6.33,7.61
2129,8.85,8.11,6.89,4.89,6.09,5.62,6.59,6.33,7.61
2130,8.85,8.11,6.89,4.89,6.09,5.62,6.59,6.33,7.61
2131,8.85,8.11,6.89,4.89,6.09,5.62,6.59,6.33,7.61
2132,8.85,8.11,6.89,4.89,6.09,5.62,6.59,6.33,7.61
2133,8.85,8.11,6.89,4.89,6.09,5.62,6.59,6.33,7.61
2134,8.85,8.11,6.89,4.89,6.09,5.62,6.59,6.33,7.61
2135,8.85,8.11,6.89,4.89,6.09,5.62,6.59,6.33,7.61
2136,8.85,8.11,6.89,4.89,6.09,5.62,6.59,6.33,7.61
2137,8.85,8.11,6.89,4.89,6.09,5.62,6.59,6.33,7.61
2138,8.85,8.11,6.89,4.89,6.09,5.62,6.59,6.33,7.61
2139,8.85,8.11,6.89,4.89,6.09,5.62,6.59,6.33,7.61
2140,8.85,8.11,6.89,4.89,6.09,5.62,6.59,6.33,7.61
2141,8.85,8.11,6.89,4.89,6.09,5.62,6.59,6.33,7.61
2142,8.85,8.11,6.89,4.89,6.09,5.62,6.59,6.33,7.61
2143,8.85,8.11,6.89,4.89,6.09,5.62,6.59,6.33,7.61
2144,8.85,8.11,6.89,4.89,6.09,5.62,6.59,6.33,7.61
2145,8.85,8.11,6.89,4.89,6.09,5.62,6.59,6.33,7.61
2146,8.85,8.11,6.89,4.89,6.09,5.62,6.59,6.33,7.61
2147,8.85,8.11,6.89,4.89,6.09,5.62,6.59,6.33,7.61
2148,8.85,8.11,6.89,4.89,6.09,5.62,6.59,6.33,7.61
2149,8.85,8.11,6.89,4.89,6.09,5.62,6.59,6.33,7.61
2150,8.85,8.11,6.89,4.89,6.09,5.62,6.59,6.33,7.61
2151,8.85,8.11,6.89,4.89,6.09,5.62,6.59,6.33,7.61
2152,8.85,8.11,6.89,4.89,6.09,5.62,6.59,6.33,7.61
2153,8.85,8.11,6.89,4.89,6.09,5.62,6.59,6.33,7.61
2154,8.85,8.11,6.89,4.89,6.09,5.62,6.59,6.33,7.61
2155,8.85,8.11,6.89,4.89,6.09,5.62,6.59,6.33,7.61
2156,8.85,8.11,6.89,4.89,6.09,5.62,6.59,6.33,7.61
2157,8.85,8.11,6.89,4.89,6.09,5.62,6.59,6.33,7.61
2158,8.85,8.11,6.89,4.89,6.09,5.62,6.59,6.33,7.61
2159,8.85,8.11,6.89,4.89,6.09,5.62,6.59,6.33,7.61
2160,8.85,8.11,6.89,4.89,6.09,5.62,6.59,6.33,7.61
2161,8.85,8.11,6.89,4.89,6.09,5.62,6.59,6.33,7.61
2162,8.85,8.11,6.89,4.89,6.09,5.62,6.59,6.33,7.61
2163,8.85,8.11,6.89,4.89,6.09,5.62,6.59,6.33,7.61
2164,8.85,8.11,6.89,4.89,6.09,5.62,6.59,6.33,7.61
2165,8.85,8.11,6.89,4.89,6.09,5.62,6.59,6.33,7.61
2166,8.85,8.11,6.89,4.89,6.09,5.62,6.59,6.33,7.61
2167,8.85,8.11,6.89,4.89,6.09,5.62,6.59,6.33,7.61
2168,8.85,8.11,6.89,4.89,6.09,5.62,6.59,6.33,7.61
2169,8.85,8.11,6.89,4.89,6.09,5.62,6.59,6.33,7.61
2170,8.85,8.11,6.89,4.89,6.09,5.62,6.59,6.33,7.61
2171,8.85,8.11,6.89,4.89,6.09,5.62,6.59,6.33,7.61
2172,8.85,8.11,6.89,4.89,6.09,5.62,6.59,6.33,7.61
2173,8.85,8.11,6.89,4.89,6.09,5.62,6.59,6.33,7.61
2174,8.85,8.11,6.89,4.89,6.09,5.62,6.59,6.33,7.61
2175,8.85,8.11,6.89,4.89,6.09,5.62,6.59,6.33,7.61
2176,8.85,8.11,6.89,4.89,6.09,5.62,6.59,6.33,7.61
2177,8.85,8.11,6.89,4.89,6.09,5.62,6.59,6.33,7.61
2178,8.85,8.11,6.89,4.89,6.09,5.62,6.59,6.33,7.61
2179,8.85,8.11,6.89,4.89,6.09,5.62,6.59,6.33,7.61
2180,8.85,8.11,6.89,4.89,6.09,5.62,6.59,6.33,7.61
2181,8.85,8.11,6.89,4.89,6.09,5.62,6.59,6.33,7.61
2182,8.85,8.11,6.89,4.89,6.09,5.62,6.59,6.33,7.61
2183,8.85,8.11,6.89,4.89,6.09,5.62,6.59,6.33,7.61
2184,8.85,8.11,6.89,4.89,6.09,5.62,6.59,6.33,7.61
2185,8.85,8.11,6.89,4.89,6.09,5.62,6.59,6.33,7.61
2186,8.85,8.11,6.89,4.89,6.09,5.62,6.59,6.33,7.61
2187,8.85,8.11,6.89,4.89,6.09,5.62,6.59,6.33,7.61
2188,8.85,8.11,6.89,4.89,6.09,5.62,6.59,6.33,7.61
2189,8.85,8.11,6.89,4.89,6.09,5.62,6.59,6.33,7.61
2190,8.85,8.11,6.89,4.89,6.09,5.62,6.59,6.33,7.61
2191,8.85,8.11,6.89,4.89,6.09,5.62,6.59,6.33,7.61
2192,8.85,8.11,6.89,4.89,6.09,5.62,6.59,6.33,7.61
2193,8.85,8.11,6.89,4.89,6.09,5.62,6.59,6.33,7.61
2194,8.85,8.11,6.89,4.89,6.09,5.62,6.59,6.33,7.61
2195,8.85,8.11,6.89,4.89,6.09,5.62,6.59,6.33,7.61
2196,8.85,8.11,6.89,4.89,6.09,5.62,6.59,6.33,7.61
2197,8.85,8.11,6.89,4.89,6.09,5.62,6.59,6.33,7.61
2198,8.85,8.11,6.89,4.89,6.09,5.62,6.59,6.33,7.61
2199,8.85,8.11,6.89,4.89,6.09,5.62,6.59,6.33,7.61
2200,8.85,8.11,6.89,4.89,6.09,5.62,6.59,6.33,7.61
2201,8.85,8.11,6.89,4.89,6.09,5.62,6.59,6.33,7.61
2202,8.85,8.11,6.89,4.89,6.09,5.62,6.59,6.33,7.61
2203,8.85,8.11,6.89,4.89,6.09,5.62,6.59,6.33,7.61
2204,8.85,8.11,6.89,4.89,6.09,5.62,6.59,6.33,7.61
2205,8.85,8.11,6.89,4.89,6.09,5.62,6.59,6.33,7.61
2206,8.85,8.11,6.89,4.89,6.09,5.62,6.59,6.33,7.61
2207,8.85,8.11,6.89,4.89,6.09,5.62,6.59,6.33,7.61
2208,8.85,8.11,6.89,4.89,6.09,5.62,6.59,6.33,7.61
2209,8.85,8.11,6.89,4.89,6.09,5.62,6.59,6.33,7.61
2210,8.85,8.11,6.89,4.89,6.09,5.62,6.59,6.33,7.61
2211,8.85,8.11,6.89,4.89,6.09,5.62,6.59,6.33,7.61
2212,8.85,8.11,6.89,4.89,6.09,5.62,6.59,6.33,7.61
2213,8.85,8.11,6.89,4.89,6.09,5.62,6.59,6.33,7.61
2214,8.85,8.11,6.89,4.89,6.09,5.62,6.59,6.33,7.61
2215,8.85,8.11,6.89,4.89,6.09,5.62,6.59,6.33,7.61
2216,8.85,8.11,6.89,4.89,6.09,5.62,6.59,6.33,7.61
2217,8.85,8.11,6.89,4.89,6.09,5.62,6.59,6.33,7.61
2218,8.85,8.11,6.89,4.89,6.09,5.62,6.59,6.33,7.61
2219,8.85,8.11,6.89,4.89,6.09,5.62,6.59,6.33,7.61
2220,8.85,8.11,6.89,4.89,6.09,5.62,6.59,6.33,7.61
2221,8.85,8.11,6.89,4.89,6.09,5.62,6.59,6.33,7.61
2222,8.85,8.11,6.89,4.89,6.09,5.62,6.59,6.33,7.61
2223,8.85,8.11,6.89,4.89,6.09,5.62,6.59,6.33,7.61
2224,8.85,8.11,6.89,4.89,6.09,5.62,6.59,6.33,7.61
2225,8.85,8.11,6.89,4.89,6.09,5.62,6.59,6.33,7.61
2226,8.85,8.11,6.89,4.89,6.09,5.62,6.59,6.33,7.61
2227,8.85,8.11,6.89,4.89,6.09,5.62,6.59,6.33,7.61
2228,8.85,8.11,6.89,4.89,6.09,5.62,6.59,6.33,7.61
2229,8.85,8.11,6.89,4.89,6.09,5.62,6.59,6.33,7.61
2230,8.85,8.11,6.89,4.89,6.09,5.62,6.59,6.33,7.61
2231,8.85,8.11,6.89,4.89,6.09,5.62,6.59,6.33,7.61
2232,8.85,8.11,6.89,4.89,6.09,5.62,6.59,6.33,7.61
2233,8.85,8.11,6.89,4.89,6.09,5.62,6.59,6.33,7.61
2234,8.85,8.11,6.89,4.89,6.09,5.62,6.59,6.33,7.61
2235,8.85,8.11,6.89,4.89,6.09,5.62,6.59,6.33,7.61
2236,8.85,8.11,6.89,4.89,6.09,5.62,6.59,6.33,7.61
2237,8.85,8.11,6.89,4.89,6.09,5.62,6.59,6.33,7.61
2238,8.85,8.11,6.89,4.89,6.09,5.62,6.59,6.33,7.61
2239,8.85,8.11,6.89,4.89,6.09,5.62,6.59,6.33,7.61
2240,8.85,8.11,6.89,4.89,6.09,5.62,6.59,6.33,7.61
2241,8.85,8.11,6.89,4.89,6.09,5.62,6.59,6.33,7.61
2242,8.85,8.11,6.89,4.89,6.09,5.62,6.59,6.33,7.61
2243,8.85,8.11,6.89,4.89,6.09,5.62,6.59,6.33,7.61
2244,8.85,8.11,6.89,4.89,6.09,5.62,6.59,6.33,7.61
2245,8.85,8.11,6.89,4.89,6.09,5.62,6.59,6.33,7.61
2246,8.85,8.11,6.89,4.89,6.09,5.62,6.59,6.33,7.61
2247,8.85,8.11,6.89,4.89,6.09,5.62,6.59,6.33,7.61
2248,8.85,8.11,6.89,4.89,6.09,5.62,6.59,6.33,7.61
2249,8.85,8.11,6.89,4.89,6.09,5.62,6.59,6.33,7.61
2250,8.85,8.11,6.89,4.89,6.09,5.62,6.59,6.33,7.61
2251,8.85,8.11,6.89,4.89,6.09,5.62,6.59,6.33,7.61
2252,8.85,8.11,6.89,4.89,6.09,5.62,6.59,6.33,7.61
2253,8.85,8.11,6.89,4.89,6.09,5.62,6.59,6.33,7.61
2254,8.85,8.11,6.89,4.89,6.09,5.62,6.59,6.33,7.61
2255,8.85,8.11,6.89,4.89,6.09,5.62,6.59,6.33,7.61
2256,8.85,8.11,6.89,4.89,6.09,5.62,6.59,6.33,7.61
2257,8.85,8.11,6.89,4.89,6.09,5.62,6.59,6.33,7.61
2258,8.85,8.11,6.89,4.89,6.09,5.62,6.59,6.33,7.61
2259,8.85,8.11,6.89,4.89,6.09,5.62,6.59,6.33,7.61
2260,8.85,8.11,6.89,4.89,6.09,5.62,6.59,6.33,7.61
2261,8.85,8.11,6.89,4.89,6.09,5.62,6.59,6.33,7.61
2262,8.85,8.11,6.89,4.89,6.09,5.62,6.59,6.33,7.61
2263,8.85,8.11,6.89,4.89,6.09,5.62,6.59,6.33,7.61
2264,8.85,8.11,6.89,4.89,6.09,5.62,6.59,6.33,7.61
2265,8.85,8.11,6.89,4.89,6.09,5.62,6.59,6.33,7.61
2266,8.85,8.11,6.89,4.89,6.09,5.62,6.59,6.33,7.61
2267,8.85,8.11,6.89,4.89,6.09,5.62,6.59,6.33,7.61
2268,8.85,8.11,6.89,4.89,6.09,5.62,6.59,6.33,7.61
2269,8.85,8.11,6.89,4.89,6.09,5.62,6.59,6.33,7.61
2270,8.85,8.11,6.89,4.89,6.09,5.62,6.59,6.33,7.61
2271,8.85,8.11,6.89,4.89,6.09,5.62,6.59,6.33,7.61
2272,8.85,8.11,6.89,4.89,6.09,5.62,6.59,6.33,7.61
2273,8.85,8.11,6.89,4.89,6.09,5.62,6.59,6.33,7.61
2274,8.85,8.11,6.89,4.89,6.09,5.62,6.59,6.33,7.61
2275,8.85,8.11,6.89,4.89,6.09,5.62,6.59,6.33,7.61
2276,8.85,8.11,6.89,4.89,6.09,5.62,6.59,6.33,7.61
2277,8.85,8.11,6.89,4.89,6.09,5.62,6.59,6.33,7.61
2278,8.85,8.11,6.89,4.89,6.09,5.62,6.59,6.33,7.61
2279,8.85,8.11,6.89,4.89,6.09,5.62,6.59,6.33,7.61
2280,8.85,8.11,6.89,4.89,6.09,5.62,6.59,6.33,7.61
2281,8.85,8.11,6.89,4.89,6.09,5.62,6.59,6.33,7.61
2282,8.85,8.11,6.89,4.89,6.09,5.62,6.59,6.33,7.61
2283,8.85,8.11,6.89,4.89,6.09,5.62,6.59,6.33,7.61
2284,8.85,8.11,6.89,4.89,6.09,5.62,6.59,6.33,7.61
2285,8.85,8.11,6.89,4.89,6.09,5.62,6.59,6.33,7.61
2286,8.85,8.11,6.89,4.89,6.09,5.62,6.59,6.33,7.61
2287,8.85,8.11,6.89,4.89,6.09,5.62,6.59,6.33,7.61
2288,8.85,8.11,6.89,4.89,6.09,5.62,6.59,6.33,7.61
2289,8.85,8.11,6.89,4.89,6.09,5.62,6.59,6.33,7.61
2290,8.85,8.11,6.89,4.89,6.09,5.62,6.59,6.33,7.61
2291,8.85,8.11,6.89,4.89,6.09,5.62,6.59,6.33,7.61
2292,8.85,8.11,6.89,4.89,6.09,5.62,6.59,6.33,7.61
2293,8.85,8.11,6.89,4.89,6.09,5.62,6.59,6.33,7.61
2294,8.85,8.11,6.89,4.89,6.09,5.62,6.59,6.33,7.61
2295,8.85,8.11,6.89,4.89,6.09,5.62,6.59,6.33,7.61
2296,8.85,8.11,6.89,4.89,6.09,5.62,6.59,6.33,7.61
2297,8.85,8.11,6.89,4.89,6.09,5.62,6.59,6.33,7.61
2298,8.85,8.11,6.89,4.89,6.09,5.62,6.59,6.33,7.61
2299,8.85,8.11,6.89,4.89,6.09,5.62,6.59,6.33,7.61
2300,8.85,8.11,6.89,4.89,6.09,5.62,6.59,6.33,7.61
2301,8.85,8.11,6.89,4.89,6.09,5.62,6.59,6.33,7.61
2302,8.85,8.11,6.89,4.89,6.09,5.62,6.59,6.33,7.61
2303,8.85,8.11,6.89,4.89,6.09,5.62,6.59,6.33,7.61
2304,8.85,8.11,6.89,4.89,6.09,5.62,6.59,6.33,7.61
2305,8.85,8.11,6.89,4.89,6.09,5.62,6.59,6.33,7.61
2306,8.85,8.11,6.89,4.89,6.09,5.62,6.59,6.33,7.61
2307,8.85,8.11,6.89,4.89,6.09,5.62,6.59,6.33,7.61
2308,8.85,8.11,6.89,4.89,6.09,5.62,6.59,6.33,7.61
2309,8.85,8.11,6.89,4.89,6.09,5.62,6.59,6.33,7.61
2310,8.85,8.11,6.89,4.89,6.09,5.62,6.59,6.33,7.61
2311,8.85,8.11,6.89,4.89,6.09,5.62,6.59,6.33,7.61
2312,8.85,8.11,6.89,4.89,6.09,5.62,6.59,6.33,7.61
2313,8.85,8.11,6.89,4.89,6.09,5.62,6.59,6.33,7.61
2314,8.85,8.11,6.89,4.89,6.09,5.62,6.59,6.33,7.61
2315,8.85,8.11,6.89,4.89,6.09,5.62,6.59,6.33,7.61
2316,8.85,8.11,6.89,4.89,6.09,5.62,6.59,6.33,7.61
2317,8.85,8.11,6.89,4.89,6.09,5.62,6.59,6.33,7.61
2318,8.85,8.11,6.89,4.89,6.09,5.62,6.59,6.33,7.61
2319,8.85,8.11,6.89,4.89,6.09,5.62,6.59,6.33,7.61
2320,8.85,8.11,6.89,4.89,6.09,5.62,6.59,6.33,7.61
2321,8.85,8.11,6.89,4.89,6.09,5.62,6.59,6.33,7.61
2322,8.85,8.11,6.89,4.89,6.09,5.62,6.59,6.33,7.61
2323,8.85,8.11,6.89,4.89,6.09,5.62,6.59,6.33,7.61
2324,8.85,8.11,6.89,4.89,6.09,5.62,6.59,6.33,7.61
2325,8.85,8.11,6.89,4.89,6.09,5.62,6.59,6.33,7.61
2326,8.85,8.11,6.89,4.89,6.09,5.62,6.59,6.33,7.61
2327,8.85,8.11,6.89,4.89,6.09,5.62,6.59,6.33,7.61
2328,8.85,8.11,6.89,4.89,6.09,5.62,6.59,6.33,7.61
2329,8.85,8.11,6.89,4.89,6.09,5.62,6.59,6.33,7.61
2330,8.85,8.11,6.89,4.89,6.09,5.62,6.59,6.33,7.61
2331,8.85,8.11,6.89,4.89,6.09,5.62,6.59,6.33,7.61
2332,8.85,8.11,6.89,4.89,6.09,5.62,6.59,6.33,7.61
2333,8.85,8.11,6.89,4.89,6.09,5.62,6.59,6.33,7.61
2334,8.85,8.11,6.89,4.89,6.09,5.62,6.59,6.33,7.61
2335,8.85,8.11,6.89,4.89,6.09,5.62,6.59,6.33,7.61
2336,8.85,8.11,6.89,4.89,6.09,5.62,6.59,6.33,7.61
2337,8.85,8.11,6.89,4.89,6.09,5.62,6.59,6.33,7.61
2338,8.85,8.11,6.89,4.89,6.09,5.62,6.59,6.33,7.61
2339,8.85,8.11,6.89,4.89,6.09,5.62,6.59,6.33,7.61
2340,8.85,8.11,6.89,4.89,6.09,5.62,6.59,6.33,7.61
2341,8.85,8.11,6.89,4.89,6.09,5.62,6.59,6.33,7.61
2342,8.85,8.11,6.89,4.89,6.09,5.62,6.59,6.33,7.61
2343,8.85,8.11,6.89,4.89,6.09,5.62,6.59,6.33,7.61
2344,8.85,8.11,6.89,4.89,6.09,5.62,6.59,6.33,7.61
2345,8.85,8.11,6.89,4.89,6.09,5.62,6.59,6.33,7.61
2346,8.85,8.11,6.89,4.89,6.09,5.62,6.59,6.33,7.61
2347,8.85,8.11,6.89,4.89,6.09,5.62,6.59,6.33,7.61
2348,8.85,8.11,6.89,4.89,6.09,5.62,6.59,6.33,7.61
2349,8.85,8.11,6.89,4.89,6.09,5.62,6.59,6.33,7.61
2350,8.85,8.11,6.89,4.89,6.09,5.62,6.59,6.33,7.61
2351,8.85,8.11,6.89,4.89,6.09,5.62,6.59,6.33,7.61
2352,8.85,8.11,6.89,4.89,6.09,5.62,6.59,6.33,7.61
2353,8.85,8.11,6.89,4.89,6.09,5.62,6.59,6.33,7.61
2354,8.85,8.11,6.89,4.89,6.09,5.62,6.59,6.33,7.61
2355,8.85,8.11,6.89,4.89,6.09,5.62,6.59,6.33,7.61
2356,8.85,8.11,6.89,4.89,6.09,5.62,6.59,6.33,7.61
2357,8.85,8.11,6.89,4.89,6.09,5.62,6.59,6.33,7.61
2358,8.85,8.11,6.89,4.89,6.09,5.62,6.59,6.33,7.61
2359,8.85,8.11,6.89,4.89,6.09,5.62,6.59,6.33,7.61
2360,8.85,8.11,6.89,4.89,6.09,5.62,6.59,6.33,7.61
2361,8.85,8.11,6.89,4.89,6.09,5.62,6.59,6.33,7.61
2362,8.85,8.11,6.89,4.89,6.09,5.62,6.59,6.33,7.61
2363,8.85,8.11,6.89,4.89,6.09,5.62,6.59,6.33,7.61
2364,8.85,8.11,6.89,4.89,6.09,5.62,6.59,6.33,7.61
2365,8.85,8.11,6.89,4.89,6.09,5.62,6.59,6.33,7.61
2366,8.85,8.11,6.89,4.89,6.09,5.62,6.59,6.33,7.61
2367,8.85,8.11,6.89,4.89,6.09,5.62,6.59,6.33,7.61
2368,8.85,8.11,6.89,4.89,6.09,5.62,6.59,6.33,7.61
2369,8.85,8.11,6.89,4.89,6.09,5.62,6.59,6.33,7.61
2370,8.85,8.11,6.89,4.89,6.09,5.62,6.59,6.33,7.61
2371,8.85,8.11,6.89,4.89,6.09,5.62,6.59,6.33,7.61
2372,8.85,8.11,6.89,4.89,6.09,5.62,6.59,6.33,7.61
2373,8.85,8.11,6.89,4.89,6.09,5.62,6.59,6.33,7.61
2374,8.85,8.11,6.89,4.89,6.09,5.62,6.59,6.33,7.61
2375,8.85,8.11,6.89,4.89,6.09,5.62,6.59,6.33,7.61
2376,8.85,8.11,6.89,4.89,6.09,5.62,6.59,6.33,7.61
2377,8.85,8.11,6.89,4.89,6.09,5.62,6.59,6.33,7.61
2378,8.85,8.11,6.89,4.89,6.09,5.62,6.59,6.33,7.61
2379,8.85,8.11,6.89,4.89,6.09,5.62,6.59,6.33,7.61
2380,8.85,8.11,6.89,4.89,6.09,5.62,6.59,6.33,7.61
2381,8.85,8.11,6.89,4.89,6.09,5.62,6.59,6.33,7.61
2382,8.85,8.11,6.89,4.89,6.09,5.62,6.59,6.33,7.61
2383,8.85,8.11,6.89,4.89,6.09,5.62,6.59,6.33,7.61
2384,8.85,8.11,6.89,4.89,6.09,5.62,6.59,6.33,7.61
2385,8.85,8.11,6.89,4.89,6.09,5.62,6.59,6.33,7.61
2386,8.85,8.11,6.89,4.89,6.09,5.62,6.59,6.33,7.61
2387,8.85,8.11,6.89,4.89,6.09,5.62,6.59,6.33,7.61
2388,8.85,8.11,6.89,4.89,6.09,5.62,6.59,6.33,7.61
2389,8.85,8.11,6.89,4.89,6.09,5.62,6.59,6.33,7.61
2390,8.85,8.11,6.89,4.89,6.09,5.62,6.59,6.33,7.61
2391,8.85,8.11,6.89,4.89,6.09,5.62,6.59,6.33,7.61
2392,8.85,8.11,6.89,4.89,6.09,5.62,6.59,6.33,7.61
2393,8.85,8.11,6.89,4.89,6.09,5.62,6.59,6.33,7.61
2394,8.85,8.11,6.89,4.89,6.09,5.62,6.59,6.33,7.61
2395,8.85,8.11,6.89,4.89,6.09,5.62,6.59,6.33,7.61
2396,8.85,8.11,6.89,4.89,6.09,5.62,6.59,6.33,7.61
2397,8.85,8.11,6.89,4.89,6.09,5.62,6.59,6.33,7.61
2398,8.85,8.11,6.89,4.89,6.09,5.62,6.59,6.33,7.61
2399,8.85,8.11,6.89,4.89,6.09,5.62,6.59,6.33,7.61
2400,8.85,8.11,6.89,4.89,6.09,5.62,6.59,6.33,7.61
2401,8.85,8.11,6.89,4.89,6.09,5.62,6.59,6.33,7.61
2402,8.85,8.11,6.89,4.89,6.09,5.62,6.59,6.33,7.61
2403,8.85,8.11,6.89,4.89,6.09,5.62,6.59,6.33,7.61
2404,8.85,8.11,6.89,4.89,6.09,5.62,6.59,6.33,7.61
2405,8.85,8.11,6.89,4.89,6.09,5.62,6.59,6.33,7.61
2406,8.85,8.11,6.89,4.89,6.09,5.62,6.59,6.33,7.61
2407,8.85,8.11,6.89,4.89,6.09,5.62,6.59,6.33,7.61
2408,8.85,8.11,6.89,4.89,6.09,5.62,6.59,6.33,7.61
2409,8.85,8.11,6.89,4.89,6.09,5.62,6.59,6.33,7.61
2410,8.85,8.11,6.89,4.89,6.09,5.62,6.59,6.33,7.61
2411,8.85,8.11,6.89,4.89,6.09,5.62,6.59,6.33,7.61
2412,8.85,8.11,6.89,4.89,6.09,5.62,6.59,6.33,7.61
2413,8.85,8.11,6.89,4.89,6.09,5.62,6.59,6.33,7.61
2414,8.85,8.11,6.89,4.89,6.09,5.62,6.59,6.33,7.61
2415,8.85,8.11,6.89,4.89,6.09,5.62,6.59,6.33,7.61
2416,8.85,8.11,6.89,4.89,6.09,5.62,6.59,6.33,7.61
2417,8.85,8.11,6.89,4.89,6.09,5.62,6.59,6.33,7.61
2418,8.85,8.11,6.89,4.89,6.09,5.62,6.59,6.33,7.61
2419,8.85,8.11,6.89,4.89,6.09,5.62,6.59,6.33,7.61
2420,8.85,8.11,6.89,4.89,6.09,5.62,6.59,6.33,7.61
2421,8.85,8.11,6.89,4.89,6.09,5.62,6.59,6.33,7.61
2422,8.85,8.11,6.89,4.89,6.09,5.62,6.59,6.33,7.61
2423,8.85,8.11,6.89,4.89,6.09,5.62,6.59,6.33,7.61
2424,8.85,8.11,6.89,4.89,6.09,5.62,6.59,6.33,7.61
2425,8.85,8.11,6.89,4.89,6.09,5.62,6.59,6.33,7.61
2426,8.85,8.11,6.89,4.89,6.09,5.62,6.59,6.33,7.61
2427,8.85,8.11,6.89,4.89,6.09,5.62,6.59,6.33,7.61
2428,8.85,8.11,6.89,4.89,6.09,5.62,6.59,6.33,7.61
2429,8.85,8.11,6.89,4.89,6.09,5.62,6.59,6.33,7.61
2430,8.85,8.11,6.89,4.89,6.09,5.62,6.59,6.33,7.61
2431,8.85,8.11,6.89,4.89,6.09,5.62,6.59,6.33,7.61
2432,8.85,8.11,6.89,4.89,6.09,5.62,6.59,6.33,7.61
2433,8.85,8.11,6.89,4.89,6.09,5.62,6.59,6.33,7.61
2434,8.85,8.11,6.89,4.89,6.09,5.62,6.59,6.33,7.61
2435,8.85,8.11,6.89,4.89,6.09,5.62,6.59,6.33,7.61
2436,8.85,8.11,6.89,4.89,6.09,5.62,6.59,6.33,7.61
2437,8.85,8.11,6.89,4.89,6.09,5.62,6.59,6.33,7.61
2438,8.85,8.11,6.89,4.89,6.09,5.62,6.59,6.33,7.61
2439,8.85,8.11,6.89,4.89,6.09,5.62,6.59,6.33,7.61
2440,8.85,8.11,6.89,4.89,6.09,5.62,6.59,6.33,7.61
2441,8.85,8.11,6.89,4.89,6.09,5.62,6.59,6.33,7.61
2442,8.85,8.11,6.89,4.89,6.09,5.62,6.59,6.33,7.61
2443,8.85,8.11,6.89,4.89,6.09,5.62,6.59,6.33,7.61
2444,8.85,8.11,6.89,4.89,6.09,5.62,6.59,6.33,7.61
2445,8.85,8.11,6.89,4.89,6.09,5.62,6.59,6.33,7.61
2446,8.85,8.11,6.89,4.89,6.09,5.62,6.59,6.33,7.61
2447,8.85,8.11,6.89,4.89,6.09,5.62,6.59,6.33,7.61
2448,8.85,8.11,6.89,4.89,6.09,5.62,6.59,6.33,7.61
2449,8.85,8.11,6.89,4.89,6.09,5.62,6.59,6.33,7.61
2450,8.85,8.11,6.89,4.89,6.09,5.62,6.59,6.33,7.61
2451,8.85,8.11,6.89,4.89,6.09,5.62,6.59,6.33,7.61
2452,8.85,8.11,6.89,4.89,6.09,5.62,6.59,6.33,7.61
2453,8.85,8.11,6.89,4.89,6.09,5.62,6.59,6.33,7.61
2454,8.85,8.11,6.89,4.89,6.09,5.62,6.59,6.33,7.61
2455,8.85,8.11,6.89,4.89,6.09,5.62,6.59,6.33,7.61
2456,8.85,8.11,6.89,4.89,6.09,5.62,6.59,6.33,7.61
2457,8.85,8.11,6.89,4.89,6.09,5.62,6.59,6.33,7.61
2458,8.85,8.11,6.89,4.89,6.09,5.62,6.59,6.33,7.61
2459,8.85,8.11,6.89,4.89,6.09,5.62,6.59,6.33,7.61
2460,8.85,8.11,6.89,4.89,6.09,5.62,6.59,6.33,7.61
2461,8.85,8.11,6.89,4.89,6.09,5.62,6.59,6.33,7.61
2462,8.85,8.11,6.89,4.89,6.09,5.62,6.59,6.33,7.61
2463,8.85,8.11,6.89,4.89,6.09,5.62,6.59,6.33,7.61
2464,8.85,8.11,6.89,4.89,6.09,5.62,6.59,6.33,7.61
2465,8.85,8.11,6.89,4.89,6.09,5.62,6.59,6.33,7.61
2466,8.85,8.11,6.89,4.89,6.09,5.62,6.59,6.33,7.61
2467,8.85,8.11,6.89,4.89,6.09,5.62,6.59,6.33,7.61
2468,8.85,8.11,6.89,4.89,6.09,5.62,6.59,6.33,7.61
2469,8.85,8.11,6.89,4.89,6.09,5.62,6.59,6.33,7.61
2470,8.85,8.11,6.89,4.89,6.09,5.62,6.59,6.33,7.61
2471,8.85,8.11,6.89,4.89,6.09,5.62,6.59,6.33,7.61
2472,8.85,8.11,6.89,4.89,6.09,5.62,6.59,6.33,7.61
2473,8.85,8.11,6.89,4.89,6.09,5.62,6.59,6.33,7.61
2474,8.85,8.11,6.89,4.89,6.09,5.62,6.59,6.33,7.61
2475,8.85,8.11,6.89,4.89,6.09,5.62,6.59,6.33,7.61
2476,8.85,8.11,6.89,4.89,6.09,5.62,6.59,6.33,7.61
2477,8.85,8.11,6.89,4.89,6.09,5.62,6.59,6.33,7.61
2478,8.85,8.11,6.89,4.89,6.09,5.62,6.59,6.33,7.61
2479,8.85,8.11,6.89,4.89,6.09,5.62,6.59,6.33,7.61
2480,8.85,8.11,6.89,4.89,6.09,5.62,6.59,6.33,7.61
2481,8.85,8.11,6.89,4.89,6.09,5.62,6.59,6.33,7.61
2482,8.85,8.11,6.89,4.89,6.09,5.62,6.59,6.33,7.61
2483,8.85,8.11,6.89,4.89,6.09,5.62,6.59,6.33,7.61
2484,8.85,8.11,6.89,4.89,6.09,5.62,6.59,6.33,7.61
2485,8.85,8.11,6.89,4.89,6.09,5.62,6.59,6.33,7.61
2486,8.85,8.11,6.89,4.89,6.09,5.62,6.59,6.33,7.61
2487,8.85,8.11,6.89,4.89,6.09,5.62,6.59,6.33,7.61
2488,8.85,8.11,6.89,4.89,6.09,5.62,6.59,6.33,7.61
2489,8.85,8.11,6.89,4.89,6.09,5.62,6.59,6.33,7.61
2490,8.85,8.11,6.89,4.89,6.09,5.62,6.59,6.33,7.61
2491,8.85,8.11,6.89,4.89,6.09,5.62,6.59,6.33,7.61
2492,8.85,8.11,6.89,4.89,6.09,5.62,6.59,6.33,7.61
2493,8.85,8.11,6.89,4.89,6.09,5.62,6.59,6.33,7.61
2494,8.85,8.11,6.89,4.89,6.09,5.62,6.59,6.33,7.61
2495,8.85,8.11,6.89,4.89,6.09,5.62,6.59,6.33,7.61
2496,8.85,8.11,6.89,4.89,6.09,5.62,6.59,6.33,7.61
2497,8.85,8.11,6.89,4.89,6.09,5.62,6.59,6.33,7.61
2498,8.85,8.11,6.89,4.89,6.09,5.62,6.59,6.33,7.61
2499,8.85,8.11,6.89,4.89,6.09,5.62,6.59,6.33,7.61
2500,8.85,8.11,6.89,4.89,6.09,5.62,6.59,6.33,7.61
2501,8.85,8.11,6.89,4.89,6.09,5.62,6.59,6.33,7.61
2502,8.85,8.11,6.89,4.89,6.09,5.62,6.59,6.33,7.61
2503,8.85,8.11,6.89,4.89,6.09,5.62,6.59,6.33,7.61
2504,8.85,8.11,6.89,4.89,6.09,5.62,6.59,6.33,7.61
2505,8.85,8.11,6.89,4.89,6.09,5.62,6.59,6.33,7.61
2506,8.85,8.11,6.89,4.89,6.09,5.62,6.59,6.33,7.61
2507,8.85,8.11,6.89,4.89,6.09,5.62,6.59,6.33,7.61
2508,8.85,8.11,6.89,4.89,6.09,5.62,6.59,6.33,7.61
2509,8.85,8.11,6.89,4.89,6.09,5.62,6.59,6.33,7.61
2510,8.85,8.11,6.89,4.89,6.09,5.62,6.59,6.33,7.61
2511,8.85,8.11,6.89,4.89,6.09,5.62,6.59,6.33,7.61
2512,8.85,8.11,6.89,4.89,6.09,5.62,6.59,6.33,7.61
2513,8.85,8.11,6.89,4.89,6.09,5.62,6.59,6.33,7.61
2514,8.85,8.11,6.89,4.89,6.09,5.62,6.59,6.33,7.61
2515,8.85,8.11,6.89,4.89,6.09,5.62,6.59,6.33,7.61
2516,8.85,8.11,6.89,4.89,6.09,5.62,6.59,6.33,7.61
2517,8.85,8.11,6.89,4.89,6.09,5.62,6.59,6.33,7.61
2518,8.85,8.11,6.89,4.89,6.09,5.62,6.59,6.33,7.61
2519,8.85,8.11,6.89,4.89,6.09,5.62,6.59,6.33,7.61
2520,8.85,8.11,6.89,4.89,6.09,5.62,6.59,6.33,7.61
2521,8.85,8.11,6.89,4.89,6.09,5.62,6.59,6.33,7.61
2522,8.85,8.11,6.89,4.89,6.09,5.62,6.59,6.33,7.61
2523,8.85,8.11,6.89,4.89,6.09,5.62,6.59,6.33,7.61
2524,8.85,8.11,6.89,4.89,6.09,5.62,6.59,6.33,7.61
2525,8.85,8.11,6.89,4.89,6.09,5.62,6.59,6.33,7.61
2526,8.85,8.11,6.89,4.89,6.09,5.62,6.59,6.33,7.61
2527,8.85,8.11,6.89,4.89,6.09,5.62,6.59,6.33,7.61
2528,8.85,8.11,6.89,4.89,6.09,5.62,6.59,6.33,7.61
2529,8.85,8.11,6.89,4.89,6.09,5.62,6.59,6.33,7.61
2530,8.85,8.11,6.89,4.89,6.09,5.62,6.59,6.33,7.61
2531,8.85,8.11,6.89,4.89,6.09,5.62,6.59,6.33,7.61
2532,8.85,8.11,6.89,4.89,6.09,5.62,6.59,6.33,7.61
2533,8.85,8.11,6.89,4.89,6.09,5.62,6.59,6.33,7.61
2534,8.85,8.11,6.89,4.89,6.09,5.62,6.59,6.33,7.61
2535,8.85,8.11,6.89,4.89,6.09,5.62,6.59,6.33,7.61
2536,8.85,8.11,6.89,4.89,6.09,5.62,6.59,6.33,7.61
2537,8.85,8.11,6.89,4.89,6.09,5.62,6.59,6.33,7.61
2538,8.85,8.11,6.89,4.89,6.09,5.62,6.59,6.33,7.61
2539,8.85,8.11,6.89,4.89,6.09,5.62,6.59,6.33,7.61
2540,8.85,8.11,6.89,4.89,6.09,5.62,6.59,6.33,7.61
2541,8.85,8.11,6.89,4.89,6.09,5.62,6.59,6.33,7.61
2542,8.85,8.11,6.89,4.89,6.09,5.62,6.59,6.33,7.61
2543,8.85,8.11,6.89,4.89,6.09,5.62,6.59,6.33,7.61
2544,8.85,8.11,6.89,4.89,6.09,5.62,6.59,6.33,7.61
2545,8.85,8.11,6.89,4.89,6.09,5.62,6.59,6.33,7.61
2546,8.85,8.11,6.89,4.89,6.09,5.62,6.59,6.33,7.61
2547,8.85,8.11,6.89,4.89,6.09,5.62,6.59,6.33,7.61
2548,8.85,8.11,6.89,4.89,6.09,5.62,6.59,6.33,7.61
2549,8.85,8.11,6.89,4.89,6.09,5.62,6.59,6.33,7.61
2550,8.85,8.11,6.89,4.89,6.09,5.62,6.59,6.33,7.61
2551,8.85,8.11,6.89,4.89,6.09,5.62,6.59,6.33,7.61
2552,8.85,8.11,6.89,4.89,6.09,5.62,6.59,6.33,7.61
2553,8.85,8.11,6.89,4.89,6.09,5.62,6.59,6.33,7.61
2554,8.85,8.11,6.89,4.89,6.09,5.62,6.59,6.33,7.61
2555,8.85,8.11,6.89,4.89,6.09,5.62,6.59,6.33,7.61
2556,8.85,8.11,6.89,4.89,6.09,5.62,6.59,6.33,7.61
2557,8.85,8.11,6.89,4.89,6.09,5.62,6.59,6.33,7.61
2558,8.85,8.11,6.89,4.89,6.09,5.62,6.59,6.33,7.61
2559,8.85,8.11,6.89,4.89,6.09,5.62,6.59,6.33,7.61
2560,8.85,8.11,6.89,4.89,6.09,5.62,6.59,6.33,7.61
2561,8.85,8.11,6.89,4.89,6.09,5.62,6.59,6.33,7.61
2562,8.85,8.11,6.89,4.89,6.09,5.62,6.59,6.33,7.61
2563,8.85,8.11,6.89,4.89,6.09,5.62,6.59,6.33,7.61
2564,8.85,8.11,6.89,4.89,6.09,5.62,6.59,6.33,7.61
2565,8.85,8.11,6.89,4.89,6.09,5.62,6.59,6.33,7.61
2566,8.85,8.11,6.89,4.89,6.09,5.62,6.59,6.33,7.61
2567,8.85,8.11,6.89,4.89,6.09,5.62,6.59,6.33,7.61
2568,8.85,8.11,6.89,4.89,6.09,5.62,6.59,6.33,7.61
2569,8.85,8.11,6.89,4.89,6.09,5.62,6.59,6.33,7.61
2570,8.85,8.11,6.89,4.89,6.09,5.62,6.59,6.33,7.61
2571,8.85,8.11,6.89,4.89,6.09,5.62,6.59,6.33,7.61
2572,8.85,8.11,6.89,4.89,6.09,5.62,6.59,6.33,7.61
2573,8.85,8.11,6.89,4.89,6.09,5.62,6.59,6.33,7.61
2574,8.85,8.11,6.89,4.89,6.09,5.62,6.59,6.33,7.61
2575,8.85,8.11,6.89,4.89,6.09,5.62,6.59,6.33,7.61
2576,8.85,8.11,6.89,4.89,6.09,5.62,6.59,6.33,7.61
2577,8.85,8.11,6.89,4.89,6.09,5.62,6.59,6.33,7.61
2578,8.85,8.11,6.89,4.89,6.09,5.62,6.59,6.33,7.61
2579,8.85,8.11,6.89,4.89,6.09,5.62,6.59,6.33,7.61
2580,8.85,8.11,6.89,4.89,6.09,5.62,6.59,6.33,7.61
2581,8.85,8.11,6.89,4.89,6.09,5.62,6.59,6.33,7.61
2582,8.85,8.11,6.89,4.89,6.09,5.62,6.59,6.33,7.61
2583,8.85,8.11,6.89,4.89,6.09,5.62,6.59,6.33,7.61
2584,8.85,8.11,6.89,4.89,6.09,5.62,6.59,6.33,7.61
2585,8.85,8.11,6.89,4.89,6.09,5.62,6.59,6.33,7.61
2586,8.85,8.11,6.89,4.89,6.09,5.62,6.59,6.33,7.61
2587,8.85,8.11,6.89,4.89,6.09,5.62,6.59,6.33,7.61
2588,8.85,8.11,6.89,4.89,6.09,5.62,6.59,6.33,7.61
2589,8.85,8.11,6.89,4.89,6.09,5.62,6.59,6.33,7.61
2590,8.85,8.11,6.89,4.89,6.09,5.62,6.59,6.33,7.61
2591,8.85,8.11,6.89,4.89,6.09,5.62,6.59,6.33,7.61
2592,8.85,8.11,6.89,4.89,6.09,5.62,6.59,6.33,7.61
2593,8.85,8.11,6.89,4.89,6.09,5.62,6.59,6.33,7.61
2594,8.85,8.11,6.89,4.89,6.09,5.62,6.59,6.33,7.61
2595,8.85,8.11,6.89,4.89,6.09,5.62,6.59,6.33,7.61
2596,8.85,8.11,6.89,4.89,6.09,5.62,6.59,6.33,7.61
2597,8.85,8.11,6.89,4.89,6.09,5.62,6.59,6.33,7.61
2598,8.85,8.11,6.89,4.89,6.09,5.62,6.59,6.33,7.61
2599,8.85,8.11,6.89,4.89,6.09,5.62,6.59,6.33,7.61
2600,8.85,8.11,6.89,4.89,6.09,5.62,6.59,6.33,7.61
2601,8.85,8.11,6.89,4.89,6.09,5.62,6.59,6.33,7.61
2602,8.85,8.11,6.89,4.89,6.09,5.62,6.59,6.33,7.61
2603,8.85,8.11,6.89,4.89,6.09,5.62,6.59,6.33,7.61
2604,8.85,8.11,6.89,4.89,6.09,5.62,6.59,6.33,7.61
2605,8.85,8.11,6.89,4.89,6.09,5.62,6.59,6.33,7.61
2606,8.85,8.11,6.89,4.89,6.09,5.62,6.59,6.33,7.61
2607,8.85,8.11,6.89,4.89,6.09,5.62,6.59,6.33,7.61
2608,8.85,8.11,6.89,4.89,6.09,5.62,6.59,6.33,7.61
2609,8.85,8.11,6.89,4.89,6.09,5.62,6.59,6.33,7.61
2610,8.85,8.11,6.89,4.89,6.09,5.62,6.59,6.33,7.61
2611,8.85,8.11,6.89,4.89,6.09,5.62,6.59,6.33,7.61
2612,8.85,8.11,6.89,4.89,6.09,5.62,6.59,6.33,7.61
2613,8.85,8.11,6.89,4.89,6.09,5.62,6.59,6.33,7.61
2614,8.85,8.11,6.89,4.89,6.09,5.62,6.59,6.33,7.61
2615,8.85,8.11,6.89,4.89,6.09,5.62,6.59,6.33,7.61
2616,8.85,8.11,6.89,4.89,6.09,5.62,6.59,6.33,7.61
2617,8.85,8.11,6.89,4.89,6.09,5.62,6.59,6.33,7.61
2618,8.85,8.11,6.89,4.89,6.09,5.62,6.59,6.33,7.61
2619,8.85,8.11,6.89,4.89,6.09,5.62,6.59,6.33,7.61
2620,8.85,8.11,6.89,4.89,6.09,5.62,6.59,6.33,7.61
2621,8.85,8.11,6.89,4.89,6.09,5.62,6.59,6.33,7.61
2622,8.85,8.11,6.89,4.89,6.09,5.62,6.59,6.33,7.61
2623,8.85,8.11,6.89,4.89,6.09,5.62,6.59,6.33,7.61
2624,8.85,8.11,6.89,4.89,6.09,5.62,6.59,6.33,7.61
2625,8.85,8.11,6.89,4.89,6.09,5.62,6.59,6.33,7.61
2626,8.85,8.11,6.89,4.89,6.09,5.62,6.59,6.33,7.61
2627,8.85,8.11,6.89,4.89,6.09,5.62,6.59,6.33,7.61
2628,8.85,8.11,6.89,4.89,6.09,5.62,6.59,6.33,7.61
2629,8.85,8.11,6.89,4.89,6.09,5.62,6.59,6.33,7.61
2630,8.85,8.11,6.89,4.89,6.09,5.62,6.59,6.33,7.61
2631,8.85,8.11,6.89,4.89,6.09,5.62,6.59,6.33,7.61
2632,8.85,8.11,6.89,4.89,6.09,5.62,6.59,6.33,7.61
2633,8.85,8.11,6.89,4.89,6.09,5.62,6.59,6.33,7.61
2634,8.85,8.11,6.89,4.89,6.09,5.62,6.59,6.33,7.61
2635,8.85,8.11,6.89,4.89,6.09,5.62,6.59,6.33,7.61
2636,8.85,8.11,6.89,4.89,6.09,5.62,6.59,6.33,7.61
2637,8.85,8.11,6.89,4.89,6.09,5.62,6.59,6.33,7.61
2638,8.85,8.11,6.89,4.89,6.09,5.62,6.59,6.33,7.61
2639,8.85,8.11,6.89,4.89,6.09,5.62,6.59,6.33,7.61
2640,8.85,8.11,6.89,4.89,6.09,5.62,6.59,6.33,7.61
2641,8.85,8.11,6.89,4.89,6.09,5.62,6.59,6.33,7.61
2642,8.85,8.11,6.89,4.89,6.09,5.62,6.59,6.33,7.61
2643,8.85,8.11,6.89,4.89,6.09,5.62,6.59,6.33,7.61
2644,8.85,8.11,6.89,4.89,6.09,5.62,6.59,6.33,7.61
2645,8.85,8.11,6.89,4.89,6.09,5.62,6.59,6.33,7.61
2646,8.85,8.11,6.89,4.89,6.09,5.62,6.59,6.33,7.61
2647,8.85,8.11,6.89,4.89,6.09,5.62,6.59,6.33,7.61
2648,8.85,8.11,6.89,4.89,6.09,5.62,6.59,6.33,7.61
2649,8.85,8.11,6.89,4.89,6.09,5.62,6.59,6.33,7.61
2650,8.85,8.11,6.89,4.89,6.09,5.62,6.59,6.33,7.61
2651,8.85,8.11,6.89,4.89,6.09,5.62,6.59,6.33,7.61
2652,8.85,8.11,6.89,4.89,6.09,5.62,6.59,6.33,7.61
2653,8.85,8.11,6.89,4.89,6.09,5.62,6.59,6.33,7.61
2654,8.85,8.11,6.89,4.89,6.09,5.62,6.59,6.33,7.61
2655,8.85,8.11,6.89,4.89,6.09,5.62,6.59,6.33,7.61
2656,8.85,8.11,6.89,4.89,6.09,5.62,6.59,6.33,7.61
2657,8.85,8.11,6.89,4.89,6.09,5.62,6.59,6.33,7.61
2658,8.85,8.11,6.89,4.89,6.09,5.62,6.59,6.33,7.61
2659,8.85,8.11,6.89,4.89,6.09,5.62,6.59,6.33,7.61
2660,8.85,8.11,6.89,4.89,6.09,5.62,6.59,6.33,7.61
2661,8.85,8.11,6.89,4.89,6.09,5.62,6.59,6.33,7.61
2662,8.85,8.11,6.89,4.89,6.09,5.62,6.59,6.33,7.61
2663,8.85,8.11,6.89,4.89,6.09,5.62,6.59,6.33,7.61
2664,8.85,8.11,6.89,4.89,6.09,5.62,6.59,6.33,7.61
2665,8.85,8.11,6.89,4.89,6.09,5.62,6.59,6.33,7.61
2666,8.85,8.11,6.89,4.89,6.09,5.62,6.59,6.33,7.61
2667,8.85,8.11,6.89,4.89,6.09,5.62,6.59,6.33,7.61
2668,8.85,8.11,6.89,4.89,6.09,5.62,6.59,6.33,7.61
2669,8.85,8.11,6.89,4.89,6.09,5.62,6.59,6.33,7.61
2670,8.85,8.11,6.89,4.89,6.09,5.62,6.59,6.33,7.61
2671,8.85,8.11,6.89,4.89,6.09,5.62,6.59,6.33,7.61
2672,8.85,8.11,6.89,4.89,6.09,5.62,6.59,6.33,7.61
2673,8.85,8.11,6.89,4.89,6.09,5.62,6.59,6.33,7.61
2674,8.85,8.11,6.89,4.89,6.09,5.62,6.59,6.33,7.61
2675,8.85,8.11,6.89,4.89,6.09,5.62,6.59,6.33,7.61
2676,8.85,8.11,6.89,4.89,6.09,5.62,6.59,6.33,7.61
2677,8.85,8.11,6.89,4.89,6.09,5.62,6.59,6.33,7.61
2678,8.85,8.11,6.89,4.89,6.09,5.62,6.59,6.33,7.61
2679,8.85,8.11,6.89,4.89,6.09,5.62,6.59,6.33,7.61
2680,8.85,8.11,6.89,4.89,6.09,5.62,6.59,6.33,7.61
2681,8.85,8.11,6.89,4.89,6.09,5.62,6.59,6.33,7.61
2682,8.85,8.11,6.89,4.89,6.09,5.62,6.59,6.33,7.61
2683,8.85,8.11,6.89,4.89,6.09,5.62,6.59,6.33,7.61
2684,8.85,8.11,6.89,4.89,6.09,5.62,6.59,6.33,7.61
2685,8.85,8.11,6.89,4.89,6.09,5.62,6.59,6.33,7.61
2686,8.85,8.11,6.89,4.89,6.09,5.62,6.59,6.33,7.61
2687,8.85,8.11,6.89,4.89,6.09,5.62,6.59,6.33,7.61
2688,8.85,8.11,6.89,4.89,6.09,5.62,6.59,6.33,7.61
2689,8.85,8.11,6.89,4.89,6.09,5.62,6.59,6.33,7.61
2690,8.85,8.11,6.89,4.89,6.09,5.62,6.59,6.33,7.61
2691,8.85,8.11,6.89,4.89,6.09,5.62,6.59,6.33,7.61
2692,8.85,8.11,6.89,4.89,6.09,5.62,6.59,6.33,7.61
2693,8.85,8.11,6.89,4.89,6.09,5.62,6.59,6.33,7.61
2694,8.85,8.11,6.89,4.89,6.09,5.62,6.59,6.33,7.61
2695,8.85,8.11,6.89,4.89,6.09,5.62,6.59,6.33,7.61
2696,8.85,8.11,6.89,4.89,6.09,5.62,6.59,6.33,7.61
2697,8.85,8.11,6.89,4.89,6.09,5.62,6.59,6.33,7.61
2698,8.85,8.11,6.89,4.89,6.09,5.62,6.59,6.33,7.61
2699,8.85,8.11,6.89,4.89,6.09,5.62,6.59,6.33,7.61
2700,8.85,8.11,6.89,4.89,6.09,5.62,6.59,6.33,7.61
2701,8.85,8.11,6.89,4.89,6.09,5.62,6.59,6.33,7.61
2702,8.85,8.11,6.89,4.89,6.09,5.62,6.59,6.33,7.61
2703,8.85,8.11,6.89,4.89,6.09,5.62,6.59,6.33,7.61
2704,8.85,8.11,6.89,4.89,6.09,5.62,6.59,6.33,7.61
2705,8.85,8.11,6.89,4.89,6.09,5.62,6.59,6.33,7.61
2706,8.85,8.11,6.89,4.89,6.09,5.62,6.59,6.33,7.61
2707,8.85,8.11,6.89,4.89,6.09,5.62,6.59,6.33,7.61
2708,8.85,8.11,6.89,4.89,6.09,5.62,6.59,6.33,7.61
2709,8.85,8.11,6.89,4.89,6.09,5.62,6.59,6.33,7.61
2710,8.85,8.11,6.89,4.89,6.09,5.62,6.59,6.33,7.61
2711,8.85,8.11,6.89,4.89,6.09,5.62,6.59,6.33,7.61
2712,8.85,8.11,6.89,4.89,6.09,5.62,6.59,6.33,7.61
2713,8.85,8.11,6.89,4.89,6.09,5.62,6.59,6.33,7.61
2714,8.85,8.11,6.89,4.89,6.09,5.62,6.59,6.33,7.61
2715,8.85,8.11,6.89,4.89,6.09,5.62,6.59,6.33,7.61
2716,8.85,8.11,6.89,4.89,6.09,5.62,6.59,6.33,7.61
2717,8.85,8.11,6.89,4.89,6.09,5.62,6.59,6.33,7.61
2718,8.85,8.11,6.89,4.89,6.09,5.62,6.59,6.33,7.61
2719,8.85,8.11,6.89,4.89,6.09,5.62,6.59,6.33,7.61
2720,8.85,8.11,6.89,4.89,6.09,5.62,6.59,6.33,7.61
2721,8.85,8.11,6.89,4.89,6.09,5.62,6.59,6.33,7.61
2722,8.85,8.11,6.89,4.89,6.09,5.62,6.59,6.33,7.61
2723,8.85,8.11,6.89,4.89,6.09,5.62,6.59,6.33,7.61
2724,8.85,8.11,6.89,4.89,6.09,5.62,6.59,6.33,7.61
2725,8.85,8.11,6.89,4.89,6.09,5.62,6.59,6.33,7.61
2726,8.85,8.11,6.89,4.89,6.09,5.62,6.59,6.33,7.61
2727,8.85,8.11,6.89,4.89,6.09,5.62,6.59,6.33,7.61
2728,8.85,8.11,6.89,4.89,6.09,5.62,6.59,6.33,7.61
2729,8.85,8.11,6.89,4.89,6.09,5.62,6.59,6.33,7.61
2730,8.85,8.11,6.89,4.89,6.09,5.62,6.59,6.33,7.61
2731,8.85,8.11,6.89,4.89,6.09,5.62,6.59,6.33,7.61
2732,8.85,8.11,6.89,4.89,6.09,5.62,6.59,6.33,7.61
2733,8.85,8.11,6.89,4.89,6.09,5.62,6.59,6.33,7.61
2734,8.85,8.11,6.89,4.89,6.09,5.62,6.59,6.33,7.61
2735,8.85,8.11,6.89,4.89,6.09,5.62,6.59,6.33,7.61
2736,8.85,8.11,6.89,4.89,6.09,5.62,6.59,6.33,7.61
2737,8.85,8.11,6.89,4.89,6.09,5.62,6.59,6.33,7.61
2738,8.85,8.11,6.89,4.89,6.09,5.62,6.59,6.33,7.61
2739,8.85,8.11,6.89,4.89,6.09,5.62,6.59,6.33,7.61
2740,8.85,8.11,6.89,4.89,6.09,5.62,6.59,6.33,7.61
2741,8.85,8.11,6.89,4.89,6.09,5.62,6.59,6.33,7.61
2742,8.85,8.11,6.89,4.89,6.09,5.62,6.59,6.33,7.61
2743,8.85,8.11,6.89,4.89,6.09,5.62,6.59,6.33,7.61
2744,8.85,8.11,6.89,4.89,6.09,5.62,6.59,6.33,7.61
2745,8.85,8.11,6.89,4.89,6.09,5.62,6.59,6.33,7.61
2746,8.85,8.11,6.89,4.89,6.09,5.62,6.59,6.33,7.61
2747,8.85,8.11,6.89,4.89,6.09,5.62,6.59,6.33,7.61
2748,8.85,8.11,6.89,4.89,6.09,5.62,6.59,6.33,7.61
2749,8.85,8.11,6.89,4.89,6.09,5.62,6.59,6.33,7.61
2750,8.85,8.11,6.89,4.89,6.09,5.62,6.59,6.33,7.61
2751,8.85,8.11,6.89,4.89,6.09,5.62,6.59,6.33,7.61
2752,8.85,8.11,6.89,4.89,6.09,5.62,6.59,6.33,7.61
2753,8.85,8.11,6.89,4.89,6.09,5.62,6.59,6.33,7.61
2754,8.85,8.11,6.89,4.89,6.09,5.62,6.59,6.33,7.61
2755,8.85,8.11,6.89,4.89,6.09,5.62,6.59,6.33,7.61
2756,8.85,8.11,6.89,4.89,6.09,5.62,6.59,6.33,7.61
2757,8.85,8.11,6.89,4.89,6.09,5.62,6.59,6.33,7.61
2758,8.85,8.11,6.89,4.89,6.09,5.62,6.59,6.33,7.61
2759,8.85,8.11,6.89,4.89,6.09,5.62,6.59,6.33,7.61
2760,8.85,8.11,6.89,4.89,6.09,5.62,6.59,6.33,7.61
2761,8.85,8.11,6.89,4.89,6.09,5.62,6.59,6.33,7.61
2762,8.85,8.11,6.89,4.89,6.09,5.62,6.59,6.33,7.61
2763,8.85,8.11,6.89,4.89,6.09,5.62,6.59,6.33,7.61
2764,8.85,8.11,6.89,4.89,6.09,5.62,6.59,6.33,7.61
2765,8.85,8.11,6.89,4.89,6.09,5.62,6.59,6.33,7.61
2766,8.85,8.11,6.89,4.89,6.09,5.62,6.59,6.33,7.61
2767,8.85,8.11,6.89,4.89,6.09,5.62,6.59,6.33,7.61
2768,8.85,8.11,6.89,4.89,6.09,5.62,6.59,6.33,7.61
2769,8.85,8.11,6.89,4.89,6.09,5.62,6.59,6.33,7.61
2770,8.85,8.11,6.89,4.89,6.09,5.62,6.59,6.33,7.61
2771,8.85,8.11,6.89,4.89,6.09,5.62,6.59,6.33,7.61
2772,8.85,8.11,6.89,4.89,6.09,5.62,6.59,6.33,7.61
2773,8.85,8.11,6.89,4.89,6.09,5.62,6.59,6.33,7.61
2774,8.85,8.11,6.89,4.89,6.09,5.62,6.59,6.33,7.61
2775,8.85,8.11,6.89,4.89,6.09,5.62,6.59,6.33,7.61
2776,8.85,8.11,6.89,4.89,6.09,5.62,6.59,6.33,7.61
2777,8.85,8.11,6.89,4.89,6.09,5.62,6.59,6.33,7.61
2778,8.85,8.11,6.89,4.89,6.09,5.62,6.59,6.33,7.61
2779,8.85,8.11,6.89,4.89,6.09,5.62,6.59,6.33,7.61
2780,8.85,8.11,6.89,4.89,6.09,5.62,6.59,6.33,7.61
2781,8.85,8.11,6.89,4.89,6.09,5.62,6.59,6.33,7.61
2782,8.85,8.11,6.89,4.89,6.09,5.62,6.59,6.33,7.61
2783,8.85,8.11,6.89,4.89,6.09,5.62,6.59,6.33,7.61
2784,8.85,8.11,6.89,4.89,6.09,5.62,6.59,6.33,7.61
2785,8.85,8.11,6.89,4.89,6.09,5.62,6.59,6.33,7.61
2786,8.85,8.11,6.89,4.89,6.09,5.62,6.59,6.33,7.61
2787,8.85,8.11,6.89,4.89,6.09,5.62,6.59,6.33,7.61
2788,8.85,8.11,6.89,4.89,6.09,5.62,6.59,6.33,7.61
2789,8.85,8.11,6.89,4.89,6.09,5.62,6.59,6.33,7.61
2790,8.85,8.11,6.89,4.89,6.09,5.62,6.59,6.33,7.61
2791,8.85,8.11,6.89,4.89,6.09,5.62,6.59,6.33,7.61
2792,8.85,8.11,6.89,4.89,6.09,5.62,6.59,6.33,7.61
2793,8.85,8.11,6.89,4.89,6.09,5.62,6.59,6.33,7.61
2794,8.85,8.11,6.89,4.89,6.09,5.62,6.59,6.33,7.61
2795,8.85,8.11,6.89,4.89,6.09,5.62,6.59,6.33,7.61
2796,8.85,8.11,6.89,4.89,6.09,5.62,6.59,6.33,7.61
2797,8.85,8.11,6.89,4.89,6.09,5.62,6.59,6.33,7.61
2798,8.85,8.11,6.89,4.89,6.09,5.62,6.59,6.33,7.61
2799,8.85,8.11,6.89,4.89,6.09,5.62,6.59,6.33,7.61
2800,8.85,8.11,6.89,4.89,6.09,5.62,6.59,6.33,7.61
2801,8.85,8.11,6.89,4.89,6.09,5.62,6.59,6.33,7.61
2802,8.85,8.11,6.89,4.89,6.09,5.62,6.59,6.33,7.61
2803,8.85,8.11,6.89,4.89,6.09,5.62,6.59,6.33,7.61
2804,8.85,8.11,6.89,4.89,6.09,5.62,6.59,6.33,7.61
2805,8.85,8.11,6.89,4.89,6.09,5.62,6.59,6.33,7.61
2806,8.85,8.11,6.89,4.89,6.09,5.62,6.59,6.33,7.61
2807,8.85,8.11,6.89,4.89,6.09,5.62,6.59,6.33,7.61
2808,8.85,8.11,6.89,4.89,6.09,5.62,6.59,6.33,7.61
2809,8.85,8.11,6.89,4.89,6.09,5.62,6.59,6.33,7.61
2810,8.85,8.11,6.89,4.89,6.09,5.62,6.59,6.33,7.61
2811,8.85,8.11,6.89,4.89,6.09,5.62,6.59,6.33,7.61
2812,8.85,8.11,6.89,4.89,6.09,5.62,6.59,6.33,7.61
2813,8.85,8.11,6.89,4.89,6.09,5.62,6.59,6.33,7.61
2814,8.85,8.11,6.89,4.89,6.09,5.62,6.59,6.33,7.61
2815,8.85,8.11,6.89,4.89,6.09,5.62,6.59,6.33,7.61
2816,8.85,8.11,6.89,4.89,6.09,5.62,6.59,6.33,7.61
2817,8.85,8.11,6.89,4.89,6.09,5.62,6.59,6.33,7.61
2818,8.85,8.11,6.89,4.89,6.09,5.62,6.59,6.33,7.61
2819,8.85,8.11,6.89,4.89,6.09,5.62,6.59,6.33,7.61
2820,8.85,8.11,6.89,4.89,6.09,5.62,6.59,6.33,7.61
2821,8.85,8.11,6.89,4.89,6.09,5.62,6.59,6.33,7.61
2822,8.85,8.11,6.89,4.89,6.09,5.62,6.59,6.33,7.61
2823,8.85,8.11,6.89,4.89,6.09,5.62,6.59,6.33,7.61
2824,8.85,8.11,6.89,4.89,6.09,5.62,6.59,6.33,7.61
2825,8.85,8.11,6.89,4.89,6.09,5.62,6.59,6.33,7.61
2826,8.85,8.11,6.89,4.89,6.09,5.62,6.59,6.33,7.61
2827,8.85,8.11,6.89,4.89,6.09,5.62,6.59,6.33,7.61
2828,8.85,8.11,6.89,4.89,6.09,5.62,6.59,6.33,7.61
2829,8.85,8.11,6.89,4.89,6.09,5.62,6.59,6.33,7.61
2830,8.85,8.11,6.89,4.89,6.09,5.62,6.59,6.33,7.61
2831,8.85,8.11,6.89,4.89,6.09,5.62,6.59,6.33,7.61
2832,8.85,8.11,6.89,4.89,6.09,5.62,6.59,6.33,7.61
2833,8.85,8.11,6.89,4.89,6.09,5.62,6.59,6.33,7.61
2834,8.85,8.11,6.89,4.89,6.09,5.62,6.59,6.33,7.61
2835,8.85,8.11,6.89,4.89,6.09,5.62,6.59,6.33,7.61
2836,8.85,8.11,6.89,4.89,6.09,5.62,6.59,6.33,7.61
2837,8.85,8.11,6.89,4.89,6.09,5.62,6.59,6.33,7.61
2838,8.85,8.11,6.89,4.89,6.09,5.62,6.59,6.33,7.61
2839,8.85,8.11,6.89,4.89,6.09,5.62,6.59,6.33,7.61
2840,8.85,8.11,6.89,4.89,6.09,5.62,6.59,6.33,7.61
2841,8.85,8.11,6.89,4.89,6.09,5.62,6.59,6.33,7.61
2842,8.85,8.11,6.89,4.89,6.09,5.62,6.59,6.33,7.61
2843,8.85,8.11,6.89,4.89,6.09,5.62,6.59,6.33,7.61
2844,8.85,8.11,6.89,4.89,6.09,5.62,6.59,6.33,7.61
2845,8.85,8.11,6.89,4.89,6.09,5.62,6.59,6.33,7.61
2846,8.85,8.11,6.89,4.89,6.09,5.62,6.59,6.33,7.61
2847,8.85,8.11,6.89,4.89,6.09,5.62,6.59,6.33,7.61
2848,8.85,8.11,6.89,4.89,6.09,5.62,6.59,6.33,7.61
2849,8.85,8.11,6.89,4.89,6.09,5.62,6.59,6.33,7.61
2850,8.85,8.11,6.89,4.89,6.09,5.62,6.59,6.33,7.61
2851,8.85,8.11,6.89,4.89,6.09,5.62,6.59,6.33,7.61
2852,8.85,8.11,6.89,4.89,6.09,5.62,6.59,6.33,7.61
2853,8.85,8.11,6.89,4.89,6.09,5.62,6.59,6.33,7.61
2854,8.85,8.11,6.89,4.89,6.09,5.62,6.59,6.33,7.61
2855,8.85,8.11,6.89,4.89,6.09,5.62,6.59,6.33,7.61
2856,8.85,8.11,6.89,4.89,6.09,5.62,6.59,6.33,7.61
2857,8.85,8.11,6.89,4.89,6.09,5.62,6.59,6.33,7.61
2858,8.85,8.11,6.89,4.89,6.09,5.62,6.59,6.33,7.61
2859,8.85,8.11,6.89,4.89,6.09,5.62,6.59,6.33,7.61
2860,8.85,8.11,6.89,4.89,6.09,5.62,6.59,6.33,7.61
2861,8.85,8.11,6.89,4.89,6.09,5.62,6.59,6.33,7.61
2862,8.85,8.11,6.89,4.89,6.09,5.62,6.59,6.33,7.61
2863,8.85,8.11,6.89,4.89,6.09,5.62,6.59,6.33,7.61
2864,8.85,8.11,6.89,4.89,6.09,5.62,6.59,6.33,7.61
2865,8.85,8.11,6.89,4.89,6.09,5.62,6.59,6.33,7.61
2866,8.85,8.11,6.89,4.89,6.09,5.62,6.59,6.33,7.61
2867,8.85,8.11,6.89,4.89,6.09,5.62,6.59,6.33,7.61
2868,8.85,8.11,6.89,4.89,6.09,5.62,6.59,6.33,7.61
2869,8.85,8.11,6.89,4.89,6.09,5.62,6.59,6.33,7.61
2870,8.85,8.11,6.89,4.89,6.09,5.62,6.59,6.33,7.61
2871,8.85,8.11,6.89,4.89,6.09,5.62,6.59,6.33,7.61
2872,8.85,8.11,6.89,4.89,6.09,5.62,6.59,6.33,7.61
2873,8.85,8.11,6.89,4.89,6.09,5.62,6.59,6.33,7.61
2874,8.85,8.11,6.89,4.89,6.09,5.62,6.59,6.33,7.61
2875,8.85,8.11,6.89,4.89,6.09,5.62,6.59,6.33,7.61
2876,8.85,8.11,6.89,4.89,6.09,5.62,6.59,6.33,7.61
2877,8.85,8.11,6.89,4.89,6.09,5.62,6.59,6.33,7.61
2878,8.85,8.11,6.89,4.89,6.09,5.62,6.59,6.33,7.61
2879,8.85,8.11,6.89,4.89,6.09,5.62,6.59,6.33,7.61
2880,8.85,8.11,6.89,4.89,6.09,5.62,6.59,6.33,7.61
2881,8.85,8.11,6.89,4.89,6.09,5.62,6.59,6.33,7.61
2882,8.85,8.11,6.89,4.89,6.09,5.62,6.59,6.33,7.61
2883,8.85,8.11,6.89,4.89,6.09,5.62,6.59,6.33,7.61
2884,8.85,8.11,6.89,4.89,6.09,5.62,6.59,6.33,7.61
2885,8.85,8.11,6.89,4.89,6.09,5.62,6.59,6.33,7.61
2886,8.85,8.11,6.89,4.89,6.09,5.62,6.59,6.33,7.61
2887,8.85,8.11,6.89,4.89,6.09,5.62,6.59,6.33,7.61
2888,8.85,8.11,6.89,4.89,6.09,5.62,6.59,6.33,7.61
2889,8.85,8.11,6.89,4.89,6.09,5.62,6.59,6.33,7.61
2890,8.85,8.11,6.89,4.89,6.09,5.62,6.59,6.33,7.61
2891,8.85,8.11,6.89,4.89,6.09,5.62,6.59,6.33,7.61
2892,8.85,8.11,6.89,4.89,6.09,5.62,6.59,6.33,7.61
2893,8.85,8.11,6.89,4.89,6.09,5.62,6.59,6.33,7.61
2894,8.85,8.11,6.89,4.89,6.09,5.62,6.59,6.33,7.61
2895,8.85,8.11,6.89,4.89,6.09,5.62,6.59,6.33,7.61
2896,8.85,8.11,6.89,4.89,6.09,5.62,6.59,6.33,7.61
2897,8.85,8.11,6.89,4.89,6.09,5.62,6.59,6.33,7.61
2898,8.85,8.11,6.89,4.89,6.09,5.62,6.59,6.33,7.61
2899,8.85,8.11,6.89,4.89,6.09,5.62,6.59,6.33,7.61
2900,8.85,8.11,6.89,4.89,6.09,5.62,6.59,6.33,7.61
2901,8.85,8.11,6.89,4.89,6.09,5.62,6.59,6.33,7.61
2902,8.85,8.11,6.89,4.89,6.09,5.62,6.59,6.33,7.61
2903,8.85,8.11,6.89,4.89,6.09,5.62,6.59,6.33,7.61
2904,8.85,8.11,6.89,4.89,6.09,5.62,6.59,6.33,7.61
2905,8.85,8.11,6.89,4.89,6.09,5.62,6.59,6.33,7.61
2906,8.85,8.11,6.89,4.89,6.09,5.62,6.59,6.33,7.61
2907,8.85,8.11,6.89,4.89,6.09,5.62,6.59,6.33,7.61
2908,8.85,8.11,6.89,4.89,6.09,5.62,6.59,6.33,7.61
2909,8.85,8.11,6.89,4.89,6.09,5.62,6.59,6.33,7.61
2910,8.85,8.11,6.89,4.89,6.09,5.62,6.59,6.33,7.61
2911,8.85,8.11,6.89,4.89,6.09,5.62,6.59,6.33,7.61
2912,8.85,8.11,6.89,4.89,6.09,5.62,6.59,6.33,7.61
2913,8.85,8.11,6.89,4.89,6.09,5.62,6.59,6.33,7.61
2914,8.85,8.11,6.89,4.89,6.09,5.62,6.59,6.33,7.61
2915,8.85,8.11,6.89,4.89,6.09,5.62,6.59,6.33,7.61
2916,8.85,8.11,6.89,4.89,6.09,5.62,6.59,6.33,7.61
2917,8.85,8.11,6.89,4.89,6.09,5.62,6.59,6.33,7.61
2918,8.85,8.11,6.89,4.89,6.09,5.62,6.59,6.33,7.61
2919,8.85,8.11,6.89,4.89,6.09,5.62,6.59,6.33,7.61
2920,8.85,8.11,6.89,4.89,6.09,5.62,6.59,6.33,7.61
2921,8.85,8.11,6.89,4.89,6.09,5.62,6.59,6.33,7.61
2922,8.85,8.11,6.89,4.89,6.09,5.62,6.59,6.33,7.61
2923,8.85,8.11,6.89,4.89,6.09,5.62,6.59,6.33,7.61
2924,8.85,8.11,6.89,4.89,6.09,5.62,6.59,6.33,7.61
2925,8.85,8.11,6.89,4.89,6.09,5.62,6.59,6.33,7.61
2926,8.85,8.11,6.89,4.89,6.09,5.62,6.59,6.33,7.61
2927,8.85,8.11,6.89,4.89,6.09,5.62,6.59,6.33,7.61
2928,8.85,8.11,6.89,4.89,6.09,5.62,6.59,6.33,7.61
2929,8.85,8.11,6.89,4.89,6.09,5.62,6.59,6.33,7.61
2930,8.85,8.11,6.89,4.89,6.09,5.62,6.59,6.33,7.61
2931,8.85,8.11,6.89,4.89,6.09,5.62,6.59,6.33,7.61
2932,8.85,8.11,6.89,4.89,6.09,5.62,6.59,6.33,7.61
2933,8.85,8.11,6.89,4.89,6.09,5.62,6.59,6.33,7.61
2934,8.85,8.11,6.89,4.89,6.09,5.62,6.59,6.33,7.61
2935,8.85,8.11,6.89,4.89,6.09,5.62,6.59,6.33,7.61
2936,8.85,8.11,6.89,4.89,6.09,5.62,6.59,6.33,7.61
2937,8.85,8.11,6.89,4.89,6.09,5.62,6.59,6.33,7.61
2938,8.85,8.11,6.89,4.89,6.09,5.62,6.59,6.33,7.61
2939,8.85,8.11,6.89,4.89,6.09,5.62,6.59,6.33,7.61
2940,8.85,8.11,6.89,4.89,6.09,5.62,6.59,6.33,7.61
2941,8.85,8.11,6.89,4.89,6.09,5.62,6.59,6.33,7.61
2942,8.85,8.11,6.89,4.89,6.09,5.62,6.59,6.33,7.61
2943,8.85,8.11,6.89,4.89,6.09,5.62,6.59,6.33,7.61
2944,8.85,8.11,6.89,4.89,6.09,5.62,6.59,6.33,7.61
2945,8.85,8.11,6.89,4.89,6.09,5.62,6.59,6.33,7.61
2946,8.85,8.11,6.89,4.89,6.09,5.62,6.59,6.33,7.61
2947,8.85,8.11,6.89,4.89,6.09,5.62,6.59,6.33,7.61
2948,8.85,8.11,6.89,4.89,6.09,5.62,6.59,6.33,7.61
2949,8.85,8.11,6.89,4.89,6.09,5.62,6.59,6.33,7.61
2950,8.85,8.11,6.89,4.89,6.09,5.62,6.59,6.33,7.61
2951,8.85,8.11,6.89,4.89,6.09,5.62,6.59,6.33,7.61
2952,8.85,8.11,6.89,4.89,6.09,5.62,6.59,6.33,7.61
2953,8.85,8.11,6.89,4.89,6.09,5.62,6.59,6.33,7.61
2954,8.85,8.11,6.89,4.89,6.09,5.62,6.59,6.33,7.61
2955,8.85,8.11,6.89,4.89,6.09,5.62,6.59,6.33,7.61
2956,8.85,8.11,6.89,4.89,6.09,5.62,6.59,6.33,7.61
2957,8.85,8.11,6.89,4.89,6.09,5.62,6.59,6.33,7.61
2958,8.85,8.11,6.89,4.89,6.09,5.62,6.59,6.33,7.61
2959,8.85,8.11,6.89,4.89,6.09,5.62,6.59,6.33,7.61
2960,8.85,8.11,6.89,4.89,6.09,5.62,6.59,6.33,7.61
2961,8.85,8.11,6.89,4.89,6.09,5.62,6.59,6.33,7.61
2962,8.85,8.11,6.89,4.89,6.09,5.62,6.59,6.33,7.61
2963,8.85,8.11,6.89,4.89,6.09,5.62,6.59,6.33,7.61
2964,8.85,8.11,6.89,4.89,6.09,5.62,6.59,6.33,7.61
2965,8.85,8.11,6.89,4.89,6.09,5.62,6.59,6.33,7.61
2966,8.85,8.11,6.89,4.89,6.09,5.62,6.59,6.33,7.61
2967,8.85,8.11,6.89,4.89,6.09,5.62,6.59,6.33,7.61
2968,8.85,8.11,6.89,4.89,6.09,5.62,6.59,6.33,7.61
2969,8.85,8.11,6.89,4.89,6.09,5.62,6.59,6.33,7.61
2970,8.85,8.11,6.89,4.89,6.09,5.62,6.59,6.33,7.61
2971,8.85,8.11,6.89,4.89,6.09,5.62,6.59,6.33,7.61
2972,8.85,8.11,6.89,4.89,6.09,5.62,6.59,6.33,7.61
2973,8.85,8.11,6.89,4.89,6.09,5.62,6.59,6.33,7.61
2974,8.85,8.11,6.89,4.89,6.09,5.62,6.59,6.33,7.61
2975,8.85,8.11,6.89,4.89,6.09,5.62,6.59,6.33,7.61
2976,8.85,8.11,6.89,4.89,6.09,5.62,6.59,6.33,7.61
2977,8.85,8.11,6.89,4.89,6.09,5.62,6.59,6.33,7.61
2978,8.85,8.11,6.89,4.89,6.09,5.62,6.59,6.33,7.61
2979,8.85,8.11,6.89,4.89,6.09,5.62,6.59,6.33,7.61
2980,8.85,8.11,6.89,4.89,6.09,5.62,6.59,6.33,7.61
2981,8.85,8.11,6.89,4.89,6.09,5.62,6.59,6.33,7.61
2982,8.85,8.11,6.89,4.89,6.09,5.62,6.59,6.33,7.61
2983,8.85,8.11,6.89,4.89,6.09,5.62,6.59,6.33,7.61
2984,8.85,8.11,6.89,4.89,6.09,5.62,6.59,6.33,7.61
2985,8.85,8.11,6.89,4.89,6.09,5.62,6.59,6.33,7.61
2986,8.85,8.11,6.89,4.89,6.09,5.62,6.59,6.33,7.61
2987,8.85,8.11,6.89,4.89,6.09,5.62,6.59,6.33,7.61
2988,8.85,8.11,6.89,4.89,6.09,5.62,6.59,6.33,7.61
2989,8.85,8.11,6.89,4.89,6.09,5.62,6.59,6.33,7.61
2990,8.85,8.11,6.89,4.89,6.09,5.62,6.59,6.33,7.61
2991,8.85,8.11,6.89,4.89,6.09,5.62,6.59,6.33,7.61
2992,8.85,8.11,6.89,4.89,6.09,5.62,6.59,6.33,7.61
2993,8.85,8.11,6.89,4.89,6.09,5.62,6.59,6.33,7.61
2994,8.85,8.11,6.89,4.89,6.09,5.62,6.59,6.33,7.61
2995,8.85,8.11,6.89,4.89,6.09,5.62,6.59,6.33,7.61
2996,8.85,8.11,6.89,4.89,6.09,5.62,6.59,6.33,7.61
2997,8.85,8.11,6.89,4.89,6.09,5.62,6.59,6.33,7.61
2998,8.85,8.11,6.89,4.89,6.09,5.62,6.59,6.33,7.61
2999,8.85,8.11,6.89,4.89,6.09,5.62,6.59,6.33,7.61
3000,8.85,8.11,6.89,4.89,6.09,5.62,6.59,6.33,7.61
3001,8.85,8.11,6.89,4.89,6.09,5.62,6.59,6.33,7.61
3002,8.85,8.11,6.89,4.89,6.09,5.62,6.59,6.33,7.61
3003,8.85,8.11,6.89,4.89,6.09,5.62,6.59,6.33,7.61
3004,8.85,8.11,6.89,4.89,6.09,5.62,6.59,6.33,7.61
3005,8.85,8.11,6.89,4.89,6.09,5.62,6.59,6.33,7.61
3006,8.85,8.11,6.89,4.89,6.09,5.62,6.59,6.33,7.61
3007,8.85,8.11,6.89,4.89,6.09,5.62,6.59,6.33,7.61
3008,8.85,8.11,6.89,4.89,6.09,5.62,6.59,6.33,7.61
3009,8.85,8.11,6.89,4.89,6.09,5.62,6.59,6.33,7.61
3010,8.85,8.11,6.89,4.89,6.09,5.62,6.59,6.33,7.61
3011,8.85,8.11,6.89,4.89,6.09,5.62,6.59,6.33,7.61
3012,8.85,8.11,6.89,4.89,6.09,5.62,6.59,6.33,7.61
3013,8.85,8.11,6.89,4.89,6.09,5.62,6.59,6.33,7.61
3014,8.85,8.11,6.89,4.89,6.09,5.62,6.59,6.33,7.61
3015,8.85,8.11,6.89,4.89,6.09,5.62,6.59,6.33,7.61
3016,8.85,8.11,6.89,4.89,6.09,5.62,6.59,6.33,7.61
3017,8.85,8.11,6.89,4.89,6.09,5.62,6.59,6.33,7.61
3018,8.85,8.11,6.89,4.89,6.09,5.62,6.59,6.33,7.61
3019,8.85,8.11,6.89,4.89,6.09,5.62,6.59,6.33,7.61
3020,8.85,8.11,6.89,4.89,6.09,5.62,6.59,6.33,7.61
3021,8.85,8.11,6.89,4.89,6.09,5.62,6.59,6.33,7.61
3022,8.85,8.11,6.89,4.89,6.09,5.62,6.59,6.33,7.61
3023,8.85,8.11,6.89,4.89,6.09,5.62,6.59,6.33,7.61
3024,8.85,8.11,6.89,4.89,6.09,5.62,6.59,6.33,7.61
3025,8.85,8.11,6.89,4.89,6.09,5.62,6.59,6.33,7.61
3026,8.85,8.11,6.89,4.89,6.09,5.62,6.59,6.33,7.61
3027,8.85,8.11,6.89,4.89,6.09,5.62,6.59,6.33,7.61
3028,8.85,8.11,6.89,4.89,6.09,5.62,6.59,6.33,7.61
3029,8.85,8.11,6.89,4.89,6.09,5.62,6.59,6.33,7.61
3030,8.85,8.11,6.89,4.89,6.09,5.62,6.59,6.33,7.61
3031,8.85,8.11,6.89,4.89,6.09,5.62,6.59,6.33,7.61
3032,8.85,8.11,6.89,4.89,6.09,5.62,6.59,6.33,7.61
3033,8.85,8.11,6.89,4.89,6.09,5.62,6.59,6.33,7.61
3034,8.85,8.11,6.89,4.89,6.09,5.62,6.59,6.33,7.61
3035,8.85,8.11,6.89,4.89,6.09,5.62,6.59,6.33,7.61
3036,8.85,8.11,6.89,4.89,6.09,5.62,6.59,6.33,7.61
3037,8.85,8.11,6.89,4.89,6.09,5.62,6.59,6.33,7.61
3038,8.85,8.11,6.89,4.89,6.09,5.62,6.59,6.33,7.61
3039,8.85,8.11,6.89,4.89,6.09,5.62,6.59,6.33,7.61
3040,8.85,8.11,6.89,4.89,6.09,5.62,6.59,6.33,7.61
3041,8.85,8.11,6.89,4.89,6.09,5.62,6.59,6.33,7.61
3042,8.85,8.11,6.89,4.89,6.09,5.62,6.59,6.33,7.61
3043,8.85,8.11,6.89,4.89,6.09,5.62,6.59,6.33,7.61
3044,8.85,8.11,6.89,4.89,6.09,5.62,6.59,6.33,7.61
3045,8.85,8.11,6.89,4.89,6.09,5.62,6.59,6.33,7.61
3046,8.85,8.11,6.89,4.89,6.09,5.62,6.59,6.33,7.61
3047,8.85,8.11,6.89,4.89,6.09,5.62,6.59,6.33,7.61
3048,8.85,8.11,6.89,4.89,6.09,5.62,6.59,6.33,7.61
3049,8.85,8.11,6.89,4.89,6.09,5.62,6.59,6.33,7.61
3050,8.85,8.11,6.89,4.89,6.09,5.62,6.59,6.33,7.61
3051,8.85,8.11,6.89,4.89,6.09,5.62,6.59,6.33,7.61
3052,8.85,8.11,6.89,4.89,6.09,5.62,6.59,6.33,7.61
3053,8.85,8.11,6.89,4.89,6.09,5.62,6.59,6.33,7.61
3054,8.85,8.11,6.89,4.89,6.09,5.62,6.59,6.33,7.61
3055,8.85,8.11,6.89,4.89,6.09,5.62,6.59,6.33,7.61
3056,8.85,8.11,6.89,4.89,6.09,5.62,6.59,6.33,7.61
3057,8.85,8.11,6.89,4.89,6.09,5.62,6.59,6.33,7.61
3058,8.85,8.11,6.89,4.89,6.09,5.62,6.59,6.33,7.61
3059,8.85,8.11,6.89,4.89,6.09,5.62,6.59,6.33,7.61
3060,8.85,8.11,6.89,4.89,6.09,5.62,6.59,6.33,7.61
3061,8.85,8.11,6.89,4.89,6.09,5.62,6.59,6.33,7.61
3062,8.85,8.11,6.89,4.89,6.09,5.62,6.59,6.33,7.61
3063,8.85,8.11,6.89,4.89,6.09,5.62,6.59,6.33,7.61
3064,8.85,8.11,6.89,4.89,6.09,5.62,6.59,6.33,7.61
3065,8.85,8.11,6.89,4.89,6.09,5.62,6.59,6.33,7.61
3066,8.85,8.11,6.89,4.89,6.09,5.62,6.59,6.33,7.61
3067,8.85,8.11,6.89,4.89,6.09,5.62,6.59,6.33,7.61
3068,8.85,8.11,6.89,4.89,6.09,5.62,6.59,6.33,7.61
3069,8.85,8.11,6.89,4.89,6.09,5.62,6.59,6.33,7.61
3070,8.85,8.11,6.89,4.89,6.09,5.62,6.59,6.33,7.61
3071,8.85,8.11,6.89,4.89,6.09,5.62,6.59,6.33,7.61
3072,8.85,8.11,6.89,4.89,6.09,5.62,6.59,6.33,7.61
3073,8.85,8.11,6.89,4.89,6.09,5.62,6.59,6.33,7.61
3074,8.85,8.11,6.89,4.89,6.09,5.62,6.59,6.33,7.61
3075,8.85,8.11,6.89,4.89,6.09,5.62,6.59,6.33,7.61
3076,8.85,8.11,6.89,4.89,6.09,5.62,6.59,6.33,7.61
3077,8.85,8.11,6.89,4.89,6.09,5.62,6.59,6.33,7.61
3078,8.85,8.11,6.89,4.89,6.09,5.62,6.59,6.33,7.61
3079,8.85,8.11,6.89,4.89,6.09,5.62,6.59,6.33,7.61
3080,8.85,8.11,6.89,4.89,6.09,5.62,6.59,6.33,7.61
3081,8.85,8.11,6.89,4.89,6.09,5.62,6.59,6.33,7.61
3082,8.85,8.11,6.89,4.89,6.09,5.62,6.59,6.33,7.61
3083,8.85,8.11,6.89,4.89,6.09,5.62,6.59,6.33,7.61
3084,8.85,8.11,6.89,4.89,6.09,5.62,6.59,6.33,7.61
3085,8.85,8.11,6.89,4.89,6.09,5.62,6.59,6.33,7.61
3086,8.85,8.11,6.89,4.89,6.09,5.62,6.59,6.33,7.61
3087,8.85,8.11,6.89,4.89,6.09,5.62,6.59,6.33,7.61
3088,8.85,8.11,6.89,4.89,6.09,5.62,6.59,6.33,7.61
3089,8.85,8.11,6.89,4.89,6.09,5.62,6.59,6.33,7.61
3090,8.85,8.11,6.89,4.89,6.09,5.62,6.59,6.33,7.61
3091,8.85,8.11,6.89,4.89,6.09,5.62,6.59,6.33,7.61
3092,8.85,8.11,6.89,4.89,6.09,5.62,6.59,6.33,7.61
3093,8.85,8.11,6.89,4.89,6.09,5.62,6.59,6.33,7.61
3094,8.85,8.11,6.89,4.89,6.09,5.62,6.59,6.33,7.61
3095,8.85,8.11,6.89,4.89,6.09,5.62,6.59,6.33,7.61
3096,8.85,8.11,6.89,4.89,6.09,5.62,6.59,6.33,7.61
3097,8.85,8.11,6.89,4.89,6.09,5.62,6.59,6.33,7.61
3098,8.85,8.11,6.89,4.89,6.09,5.62,6.59,6.33,7.61
3099,8.85,8.11,6.89,4.89,6.09,5.62,6.59,6.33,7.61
3100,8.85,8.11,6.89,4.89,6.09,5.62,6.59,6.33,7.61
3101,8.85,8.11,6.89,4.89,6.09,5.62,6.59,6.33,7.61
3102,8.85,8.11,6.89,4.89,6.09,5.62,6.59,6.33,7.61
3103,8.85,8.11,6.89,4.89,6.09,5.62,6.59,6.33,7.61
3104,8.85,8.11,6.89,4.89,6.09,5.62,6.59,6.33,7.61
3105,8.85,8.11,6.89,4.89,6.09,5.62,6.59,6.33,7.61
3106,8.85,8.11,6.89,4.89,6.09,5.62,6.59,6.33,7.61
3107,8.85,8.11,6.89,4.89,6.09,5.62,6.59,6.33,7.61
3108,8.85,8.11,6.89,4.89,6.09,5.62,6.59,6.33,7.61
3109,8.85,8.11,6.89,4.89,6.09,5.62,6.59,6.33,7.61
3110,8.85,8.11,6.89,4.89,6.09,5.62,6.59,6.33,7.61
3111,8.85,8.11,6.89,4.89,6.09,5.62,6.59,6.33,7.61
3112,8.85,8.11,6.89,4.89,6.09,5.62,6.59,6.33,7.61
3113,8.85,8.11,6.89,4.89,6.09,5.62,6.59,6.33,7.61
3114,8.85,8.11,6.89,4.89,6.09,5.62,6.59,6.33,7.61
3115,8.85,8.11,6.89,4.89,6.09,5.62,6.59,6.33,7.61
3116,8.85,8.11,6.89,4.89,6.09,5.62,6.59,6.33,7.61
3117,8.85,8.11,6.89,4.89,6.09,5.62,6.59,6.33,7.61
3118,8.85,8.11,6.89,4.89,6.09,5.62,6.59,6.33,7.61
3119,8.85,8.11,6.89,4.89,6.09,5.62,6.59,6.33,7.61
3120,8.85,8.11,6.89,4.89,6.09,5.62,6.59,6.33,7.61
3121,8.85,8.11,6.89,4.89,6.09,5.62,6.59,6.33,7.61
3122,8.85,8.11,6.89,4.89,6.09,5.62,6.59,6.33,7.61
3123,8.85,8.11,6.89,4.89,6.09,5.62,6.59,6.33,7.61
3124,8.85,8.11,6.89,4.89,6.09,5.62,6.59,6.33,7.61
3125,8.85,8.11,6.89,4.89,6.09,5.62,6.59,6.33,7.61
3126,8.85,8.11,6.89,4.89,6.09,5.62,6.59,6.33,7.61
3127,8.85,8.11,6.89,4.89,6.09,5.62,6.59,6.33,7.61
3128,8.85,8.11,6.89,4.89,6.09,5.62,6.59,6.33,7.61
3129,8.85,8.11,6.89,4.89,6.09,5.62,6.59,6.33,7.61
3130,8.85,8.11,6.89,4.89,6.09,5.62,6.59,6.33,7.61
3131,8.85,8.11,6.89,4.89,6.09,5.62,6.59,6.33,7.61
3132,8.85,8.11,6.89,4.89,6.09,5.62,6.59,6.33,7.61
3133,8.85,8.11,6.89,4.89,6.09,5.62,6.59,6.33,7.61
3134,8.85,8.11,6.89,4.89,6.09,5.62,6.59,6.33,7.61
3135,8.85,8.11,6.89,4.89,6.09,5.62,6.59,6.33,7.61
3136,8.85,8.11,6.89,4.89,6.09,5.62,6.59,6.33,7.61
3137,8.85,8.11,6.89,4.89,6.09,5.62,6.59,6.33,7.61
3138,8.85,8.11,6.89,4.89,6.09,5.62,6.59,6.33,7.61
3139,8.85,8.11,6.89,4.89,6.09,5.62,6.59,6.33,7.61
3140,8.85,8.11,6.89,4.89,6.09,5.62,6.59,6.33,7.61
3141,8.85,8.11,6.89,4.89,6.09,5.62,6.59,6.33,7.61
3142,8.85,8.11,6.89,4.89,6.09,5.62,6.59,6.33,7.61
3143,8.85,8.11,6.89,4.89,6.09,5.62,6.59,6.33,7.61
3144,8.85,8.11,6.89,4.89,6.09,5.62,6.59,6.33,7.61
3145,8.85,8.11,6.89,4.89,6.09,5.62,6.59,6.33,7.61
3146,8.85,8.11,6.89,4.89,6.09,5.62,6.59,6.33,7.61
3147,8.85,8.11,6.89,4.89,6.09,5.62,6.59,6.33,7.61
3148,8.85,8.11,6.89,4.89,6.09,5.62,6.59,6.33,7.61
3149,8.85,8.11,6.89,4.89,6.09,5.62,6.59,6.33,7.61
3150,8.85,8.11,6.89,4.89,6.09,5.62,6.59,6.33,7.61
3151,8.85,8.11,6.89,4.89,6.09,5.62,6.59,6.33,7.61
3152,8.85,8.11,6.89,4.89,6.09,5.62,6.59,6.33,7.61
3153,8.85,8.11,6.89,4.89,6.09,5.62,6.59,6.33,7.61
3154,8.85,8.11,6.89,4.89,6.09,5.62,6.59,6.33,7.61
3155,8.85,8.11,6.89,4.89,6.09,5.62,6.59,6.33,7.61
3156,8.85,8.11,6.89,4.89,6.09,5.62,6.59,6.33,7.61
3157,8.85,8.11,6.89,4.89,6.09,5.62,6.59,6.33,7.61
3158,8.85,8.11,6.89,4.89,6.09,5.62,6.59,6.33,7.61
3159,8.85,8.11,6.89,4.89,6.09,5.62,6.59,6.33,7.61
3160,8.85,8.11,6.89,4.89,6.09,5.62,6.59,6.33,7.61
3161,8.85,8.11,6.89,4.89,6.09,5.62,6.59,6.33,7.61
3162,8.85,8.11,6.89,4.89,6.09,5.62,6.59,6.33,7.61
3163,8.85,8.11,6.89,4.89,6.09,5.62,6.59,6.33,7.61
3164,8.85,8.11,6.89,4.89,6.09,5.62,6.59,6.33,7.61
3165,8.85,8.11,6.89,4.89,6.09,5.62,6.59,6.33,7.61
3166,8.85,8.11,6.89,4.89,6.09,5.62,6.59,6.33,7.61
3167,8.85,8.11,6.89,4.89,6.09,5.62,6.59,6.33,7.61
3168,8.85,8.11,6.89,4.89,6.09,5.62,6.59,6.33,7.61
3169,8.85,8.11,6.89,4.89,6.09,5.62,6.59,6.33,7.61
3170,8.85,8.11,6.89,4.89,6.09,5.62,6.59,6.33,7.61
3171,8.85,8.11,6.89,4.89,6.09,5.62,6.59,6.33,7.61
3172,8.85,8.11,6.89,4.89,6.09,5.62,6.59,6.33,7.61
3173,8.85,8.11,6.89,4.89,6.09,5.62,6.59,6.33,7.61
3174,8.85,8.11,6.89,4.89,6.09,5.62,6.59,6.33,7.61
3175,8.85,8.11,6.89,4.89,6.09,5.62,6.59,6.33,7.61
3176,8.85,8.11,6.89,4.89,6.09,5.62,6.59,6.33,7.61
3177,8.85,8.11,6.89,4.89,6.09,5.62,6.59,6.33,7.61
3178,8.85,8.11,6.89,4.89,6.09,5.62,6.59,6.33,7.61
3179,8.85,8.11,6.89,4.89,6.09,5.62,6.59,6.33,7.61
3180,8.85,8.11,6.89,4.89,6.09,5.62,6.59,6.33,7.61
3181,8.85,8.11,6.89,4.89,6.09,5.62,6.59,6.33,7.61
3182,8.85,8.11,6.89,4.89,6.09,5.62,6.59,6.33,7.61
3183,8.85,8.11,6.89,4.89,6.09,5.62,6.59,6.33,7.61
3184,8.85,8.11,6.89,4.89,6.09,5.62,6.59,6.33,7.61
3185,8.85,8.11,6.89,4.89,6.09,5.62,6.59,6.33,7.61
3186,8.85,8.11,6.89,4.89,6.09,5.62,6.59,6.33,7.61
3187,8.85,8.11,6.89,4.89,6.09,5.62,6.59,6.33,7.61
3188,8.85,8.11,6.89,4.89,6.09,5.62,6.59,6.33,7.61
3189,8.85,8.11,6.89,4.89,6.09,5.62,6.59,6.33,7.61
3190,8.85,8.11,6.89,4.89,6.09,5.62,6.59,6.33,7.61
3191,8.85,8.11,6.89,4.89,6.09,5.62,6.59,6.33,7.61
3192,8.85,8.11,6.89,4.89,6.09,5.62,6.59,6.33,7.61
3193,8.85,8.11,6.89,4.89,6.09,5.62,6.59,6.33,7.61
3194,8.85,8.11,6.89,4.89,6.09,5.62,6.59,6.33,7.61
3195,8.85,8.11,6.89,4.89,6.09,5.62,6.59,6.33,7.61
3196,8.85,8.11,6.89,4.89,6.09,5.62,6.59,6.33,7.61
3197,8.85,8.11,6.89,4.89,6.09,5.62,6.59,6.33,7.61
3198,8.85,8.11,6.89,4.89,6.09,5.62,6.59,6.33,7.61
3199,8.85,8.11,6.89,4.89,6.09,5.62,6.59,6.33,7.61
3200,8.85,8.11,6.89,4.89,6.09,5.62,6.59,6.33,7.61
3201,8.85,8.11,6.89,4.89,6.09,5.62,6.59,6.33,7.61
3202,8.85,8.11,6.89,4.89,6.09,5.62,6.59,6.33,7.61
3203,8.85,8.11,6.89,4.89,6.09,5.62,6.59,6.33,7.61
3204,8.85,8.11,6.89,4.89,6.09,5.62,6.59,6.33,7.61
3205,8.85,8.11,6.89,4.89,6.09,5.62,6.59,6.33,7.61
3206,8.85,8.11,6.89,4.89,6.09,5.62,6.59,6.33,7.61
3207,8.85,8.11,6.89,4.89,6.09,5.62,6.59,6.33,7.61
3208,8.85,8.11,6.89,4.89,6.09,5.62,6.59,6.33,7.61
3209,8.85,8.11,6.89,4.89,6.09,5.62,6.59,6.33,7.61
3210,8.85,8.11,6.89,4.89,6.09,5.62,6.59,6.33,7.61
3211,8.85,8.11,6.89,4.89,6.09,5.62,6.59,6.33,7.61
3212,8.85,8.11,6.89,4.89,6.09,5.62,6.59,6.33,7.61
3213,8.85,8.11,6.89,4.89,6.09,5.62,6.59,6.33,7.61
3214,8.85,8.11,6.89,4.89,6.09,5.62,6.59,6.33,7.61
3215,8.85,8.11,6.89,4.89,6.09,5.62,6.59,6.33,7.61
3216,8.85,8.11,6.89,4.89,6.09,5.62,6.59,6.33,7.61
3217,8.85,8.11,6.89,4.89,6.09,5.62,6.59,6.33,7.61
3218,8.85,8.11,6.89,4.89,6.09,5.62,6.59,6.33,7.61
3219,8.85,8.11,6.89,4.89,6.09,5.62,6.59,6.33,7.61
3220,8.85,8.11,6.89,4.89,6.09,5.62,6.59,6.33,7.61
3221,8.85,8.11,6.89,4.89,6.09,5.62,6.59,6.33,7.61
3222,8.85,8.11,6.89,4.89,6.09,5.62,6.59,6.33,7.61
3223,8.85,8.11,6.89,4.89,6.09,5.62,6.59,6.33,7.61
3224,8.85,8.11,6.89,4.89,6.09,5.62,6.59,6.33,7.61
3225,8.85,8.11,6.89,4.89,6.09,5.62,6.59,6.33,7.61
3226,8.85,8.11,6.89,4.89,6.09,5.62,6.59,6.33,7.61
3227,8.85,8.11,6.89,4.89,6.09,5.62,6.59,6.33,7.61
3228,8.85,8.11,6.89,4.89,6.09,5.62,6.59,6.33,7.61
3229,8.85,8.11,6.89,4.89,6.09,5.62,6.59,6.33,7.61
3230,8.85,8.11,6.89,4.89,6.09,5.62,6.59,6.33,7.61
3231,8.85,8.11,6.89,4.89,6.09,5.62,6.59,6.33,7.61
3232,8.85,8.11,6.89,4.89,6.09,5.62,6.59,6.33,7.61
3233,8.85,8.11,6.89,4.89,6.09,5.62,6.59,6.33,7.61
3234,8.85,8.11,6.89,4.89,6.09,5.62,6.59,6.33,7.61
3235,8.85,8.11,6.89,4.89,6.09,5.62,6.59,6.33,7.61
3236,8.85,8.11,6.89,4.89,6.09,5.62,6.59,6.33,7.61
3237,8.85,8.11,6.89,4.89,6.09,5.62,6.59,6.33,7.61
3238,8.85,8.11,6.89,4.89,6.09,5.62,6.59,6.33,7.61
3239,8.85,8.11,6.89,4.89,6.09,5.62,6.59,6.33,7.61
3240,8.85,8.11,6.89,4.89,6.09,5.62,6.59,6.33,7.61
3241,8.85,8.11,6.89,4.89,6.09,5.62,6.59,6.33,7.61
3242,8.85,8.11,6.89,4.89,6.09,5.62,6.59,6.33,7.61
3243,8.85,8.11,6.89,4.89,6.09,5.62,6.59,6.33,7.61
3244,8.85,8.11,6.89,4.89,6.09,5.62,6.59,6.33,7.61
3245,8.85,8.11,6.89,4.89,6.09,5.62,6.59,6.33,7.61
3246,8.85,8.11,6.89,4.89,6.09,5.62,6.59,6.33,7.61
3247,8.85,8.11,6.89,4.89,6.09,5.62,6.59,6.33,7.61
3248,8.85,8.11,6.89,4.89,6.09,5.62,6.59,6.33,7.61
3249,8.85,8.11,6.89,4.89,6.09,5.62,6.59,6.33,7.61
3250,8.85,8.11,6.89,4.89,6.09,5.62,6.59,6.33,7.61
3251,8.85,8.11,6.89,4.89,6.09,5.62,6.59,6.33,7.61
3252,8.85,8.11,6.89,4.89,6.09,5.62,6.59,6.33,7.61
3253,8.85,8.11,6.89,4.89,6.09,5.62,6.59,6.33,7.61
3254,8.85,8.11,6.89,4.89,6.09,5.62,6.59,6.33,7.61
3255,8.85,8.11,6.89,4.89,6.09,5.62,6.59,6.33,7.61
3256,8.85,8.11,6.89,4.89,6.09,5.62,6.59,6.33,7.61
3257,8.85,8.11,6.89,4.89,6.09,5.62,6.59,6.33,7.61
3258,8.85,8.11,6.89,4.89,6.09,5.62,6.59,6.33,7.61
3259,8.85,8.11,6.89,4.89,6.09,5.62,6.59,6.33,7.61
3260,8.85,8.11,6.89,4.89,6.09,5.62,6.59,6.33,7.61
3261,8.85,8.11,6.89,4.89,6.09,5.62,6.59,6.33,7.61
3262,8.85,8.11,6.89,4.89,6.09,5.62,6.59,6.33,7.61
3263,8.85,8.11,6.89,4.89,6.09,5.62,6.59,6.33,7.61
3264,8.85,8.11,6.89,4.89,6.09,5.62,6.59,6.33,7.61
3265,8.85,8.11,6.89,4.89,6.09,5.62,6.59,6.33,7.61
3266,8.85,8.11,6.89,4.89,6.09,5.62,6.59,6.33,7.61
3267,8.85,8.11,6.89,4.89,6.09,5.62,6.59,6.33,7.61
3268,8.85,8.11,6.89,4.89,6.09,5.62,6.59,6.33,7.61
3269,8.85,8.11,6.89,4.89,6.09,5.62,6.59,6.33,7.61
3270,8.85,8.11,6.89,4.89,6.09,5.62,6.59,6.33,7.61
3271,8.85,8.11,6.89,4.89,6.09,5.62,6.59,6.33,7.61
3272,8.85,8.11,6.89,4.89,6.09,5.62,6.59,6.33,7.61
3273,8.85,8.11,6.89,4.89,6.09,5.62,6.59,6.33,7.61
3274,8.85,8.11,6.89,4.89,6.09,5.62,6.59,6.33,7.61
3275,8.85,8.11,6.89,4.89,6.09,5.62,6.59,6.33,7.61
3276,8.85,8.11,6.89,4.89,6.09,5.62,6.59,6.33,7.61
3277,8.85,8.11,6.89,4.89,6.09,5.62,6.59,6.33,7.61
3278,8.85,8.11,6.89,4.89,6.09,5.62,6.59,6.33,7.61
3279,8.85,8.11,6.89,4.89,6.09,5.62,6.59,6.33,7.61
3280,8.85,8.11,6.89,4.89,6.09,5.62,6.59,6.33,7.61
3281,8.85,8.11,6.89,4.89,6.09,5.62,6.59,6.33,7.61
3282,8.85,8.11,6.89,4.89,6.09,5.62,6.59,6.33,7.61
3283,8.85,8.11,6.89,4.89,6.09,5.62,6.59,6.33,7.61
3284,8.85,8.11,6.89,4.89,6.09,5.62,6.59,6.33,7.61
3285,8.85,8.11,6.89,4.89,6.09,5.62,6.59,6.33,7.61
3286,8.85,8.11,6.89,4.89,6.09,5.62,6.59,6.33,7.61
3287,8.85,8.11,6.89,4.89,6.09,5.62,6.59,6.33,7.61
3288,8.85,8.11,6.89,4.89,6.09,5.62,6.59,6.33,7.61
3289,8.85,8.11,6.89,4.89,6.09,5.62,6.59,6.33,7.61
3290,8.85,8.11,6.89,4.89,6.09,5.62,6.59,6.33,7.61
3291,8.85,8.11,6.89,4.89,6.09,5.62,6.59,6.33,7.61
3292,8.85,8.11,6.89,4.89,6.09,5.62,6.59,6.33,7.61
3293,8.85,8.11,6.89,4.89,6.09,5.62,6.59,6.33,7.61
3294,8.85,8.11,6.89,4.89,6.09,5.62,6.59,6.33,7.61
3295,8.85,8.11,6.89,4.89,6.09,5.62,6.59,6.33,7.61
3296,8.85,8.11,6.89,4.89,6.09,5.62,6.59,6.33,7.61
3297,8.85,8.11,6.89,4.89,6.09,5.62,6.59,6.33,7.61
3298,8.85,8.11,6.89,4.89,6.09,5.62,6.59,6.33,7.61
3299,8.85,8.11,6.89,4.89,6.09,5.62,6.59,6.33,7.61
3300,8.85,8.11,6.89,4.89,6.09,5.62,6.59,6.33,7.61
3301,8.85,8.11,6.89,4.89,6.09,5.62,6.59,6.33,7.61
3302,8.85,8.11,6.89,4.89,6.09,5.62,6.59,6.33,7.61
3303,8.85,8.11,6.89,4.89,6.09,5.62,6.59,6.33,7.61
3304,8.85,8.11,6.89,4.89,6.09,5.62,6.59,6.33,7.61
3305,8.85,8.11,6.89,4.89,6.09,5.62,6.59,6.33,7.61
3306,8.85,8.11,6.89,4.89,6.09,5.62,6.59,6.33,7.61
3307,8.85,8.11,6.89,4.89,6.09,5.62,6.59,6.33,7.61
3308,8.85,8.11,6.89,4.89,6.09,5.62,6.59,6.33,7.61
3309,8.85,8.11,6.89,4.89,6.09,5.62,6.59,6.33,7.61
3310,8.85,8.11,6.89,4.89,6.09,5.62,6.59,6.33,7.61
3311,8.85,8.11,6.89,4.89,6.09,5.62,6.59,6.33,7.61
3312,8.85,8.11,6.89,4.89,6.09,5.62,6.59,6.33,7.61
3313,8.85,8.11,6.89,4.89,6.09,5.62,6.59,6.33,7.61
3314,8.85,8.11,6.89,4.89,6.09,5.62,6.59,6.33,7.61
3315,8.85,8.11,6.89,4.89,6.09,5.62,6.59,6.33,7.61
3316,8.85,8.11,6.89,4.89,6.09,5.62,6.59,6.33,7.61
3317,8.85,8.11,6.89,4.89,6.09,5.62,6.59,6.33,7.61
3318,8.85,8.11,6.89,4.89,6.09,5.62,6.59,6.33,7.61
3319,8.85,8.11,6.89,4.89,6.09,5.62,6.59,6.33,7.61
3320,8.85,8.11,6.89,4.89,6.09,5.62,6.59,6.33,7.61
3321,8.85,8.11,6.89,4.89,6.09,5.62,6.59,6.33,7.61
3322,8.85,8.11,6.89,4.89,6.09,5.62,6.59,6.33,7.61
3323,8.85,8.11,6.89,4.89,6.09,5.62,6.59,6.33,7.61
3324,8.85,8.11,6.89,4.89,6.09,5.62,6.59,6.33,7.61
3325,8.85,8.11,6.89,4.89,6.09,5.62,6.59,6.33,7.61
3326,8.85,8.11,6.89,4.89,6.09,5.62,6.59,6.33,7.61
3327,8.85,8.11,6.89,4.89,6.09,5.62,6.59,6.33,7.61
3328,8.85,8.11,6.89,4.89,6.09,5.62,6.59,6.33,7.61
3329,8.85,8.11,6.89,4.89,6.09,5.62,6.59,6.33,7.61
3330,8.85,8.11,6.89,4.89,6.09,5.62,6.59,6.33,7.61
3331,8.85,8.11,6.89,4.89,6.09,5.62,6.59,6.33,7.61
3332,8.85,8.11,6.89,4.89,6.09,5.62,6.59,6.33,7.61
3333,8.85,8.11,6.89,4.89,6.09,5.62,6.59,6.33,7.61
3334,8.85,8.11,6.89,4.89,6.09,5.62,6.59,6.33,7.61
3335,8.85,8.11,6.89,4.89,6.09,5.62,6.59,6.33,7.61
3336,8.85,8.11,6.89,4.89,6.09,5.62,6.59,6.33,7.61
3337,8.85,8.11,6.89,4.89,6.09,5.62,6.59,6.33,7.61
3338,8.85,8.11,6.89,4.89,6.09,5.62,6.59,6.33,7.61
3339,8.85,8.11,6.89,4.89,6.09,5.62,6.59,6.33,7.61
3340,8.85,8.11,6.89,4.89,6.09,5.62,6.59,6.33,7.61
3341,8.85,8.11,6.89,4.89,6.09,5.62,6.59,6.33,7.61
3342,8.85,8.11,6.89,4.89,6.09,5.62,6.59,6.33,7.61
3343,8.85,8.11,6.89,4.89,6.09,5.62,6.59,6.33,7.61
3344,8.85,8.11,6.89,4.89,6.09,5.62,6.59,6.33,7.61
3345,8.85,8.11,6.89,4.89,6.09,5.62,6.59,6.33,7.61
3346,8.85,8.11,6.89,4.89,6.09,5.62,6.59,6.33,7.61
3347,8.85,8.11,6.89,4.89,6.09,5.62,6.59,6.33,7.61
3348,8.85,8.11,6.89,4.89,6.09,5.62,6.59,6.33,7.61
3349,8.85,8.11,6.89,4.89,6.09,5.62,6.59,6.33,7.61
3350,8.85,8.11,6.89,4.89,6.09,5.62,6.59,6.33,7.61
3351,8.85,8.11,6.89,4.89,6.09,5.62,6.59,6.33,7.61
3352,8.85,8.11,6.89,4.89,6.09,5.62,6.59,6.33,7.61
3353,8.85,8.11,6.89,4.89,6.09,5.62,6.59,6.33,7.61
3354,8.85,8.11,6.89,4.89,6.09,5.62,6.59,6.33,7.61
3355,8.85,8.11,6.89,4.89,6.09,5.62,6.59,6.33,7.61
3356,8.85,8.11,6.89,4.89,6.09,5.62,6.59,6.33,7.61
3357,8.85,8.11,6.89,4.89,6.09,5.62,6.59,6.33,7.61
3358,8.85,8.11,6.89,4.89,6.09,5.62,6.59,6.33,7.61
3359,8.85,8.11,6.89,4.89,6.09,5.62,6.59,6.33,7.61
3360,8.85,8.11,6.89,4.89,6.09,5.62,6.59,6.33,7.61
3361,8.85,8.11,6.89,4.89,6.09,5.62,6.59,6.33,7.61
3362,8.85,8.11,6.89,4.89,6.09,5.62,6.59,6.33,7.61
3363,8.85,8.11,6.89,4.89,6.09,5.62,6.59,6.33,7.61
3364,8.85,8.11,6.89,4.89,6.09,5.62,6.59,6.33,7.61
3365,8.85,8.11,6.89,4.89,6.09,5.62,6.59,6.33,7.61
3366,8.85,8.11,6.89,4.89,6.09,5.62,6.59,6.33,7.61
3367,8.85,8.11,6.89,4.89,6.09,5.62,6.59,6.33,7.61
3368,8.85,8.11,6.89,4.89,6.09,5.62,6.59,6.33,7.61
3369,8.85,8.11,6.89,4.89,6.09,5.62,6.59,6.33,7.61
3370,8.85,8.11,6.89,4.89,6.09,5.62,6.59,6.33,7.61
3371,8.85,8.11,6.89,4.89,6.09,5.62,6.59,6.33,7.61
3372,8.85,8.11,6.89,4.89,6.09,5.62,6.59,6.33,7.61
3373,8.85,8.11,6.89,4.89,6.09,5.62,6.59,6.33,7.61
3374,8.85,8.11,6.89,4.89,6.09,5.62,6.59,6.33,7.61
3375,8.85,8.11,6.89,4.89,6.09,5.62,6.59,6.33,7.61
3376,8.85,8.11,6.89,4.89,6.09,5.62,6.59,6.33,7.61
3377,8.85,8.11,6.89,4.89,6.09,5.62,6.59,6.33,7.61
3378,8.85,8.11,6.89,4.89,6.09,5.62,6.59,6.33,7.61
3379,8.85,8.11,6.89,4.89,6.09,5.62,6.59,6.33,7.61
3380,8.85,8.11,6.89,4.89,6.09,5.62,6.59,6.33,7.61
3381,8.85,8.11,6.89,4.89,6.09,5.62,6.59,6.33,7.61
3382,8.85,8.11,6.89,4.89,6.09,5.62,6.59,6.33,7.61
3383,8.85,8.11,6.89,4.89,6.09,5.62,6.59,6.33,7.61
3384,8.85,8.11,6.89,4.89,6.09,5.62,6.59,6.33,7.61
3385,8.85,8.11,6.89,4.89,6.09,5.62,6.59,6.33,7.61
3386,8.85,8.11,6.89,4.89,6.09,5.62,6.59,6.33,7.61
3387,8.85,8.11,6.89,4.89,6.09,5.62,6.59,6.33,7.61
3388,8.85,8.11,6.89,4.89,6.09,5.62,6.59,6.33,7.61
3389,8.85,8.11,6.89,4.89,6.09,5.62,6.59,6.33,7.61
3390,8.85,8.11,6.89,4.89,6.09,5.62,6.59,6.33,7.61
3391,8.85,8.11,6.89,4.89,6.09,5.62,6.59,6.33,7.61
3392,8.85,8.11,6.89,4.89,6.09,5.62,6.59,6.33,7.61
3393,8.85,8.11,6.89,4.89,6.09,5.62,6.59,6.33,7.61
3394,8.85,8.11,6.89,4.89,6.09,5.62,6.59,6.33,7.61
3395,8.85,8.11,6.89,4.89,6.09,5.62,6.59,6.33,7.61
3396,8.85,8.11,6.89,4.89,6.09,5.62,6.59,6.33,7.61
3397,8.85,8.11,6.89,4.89,6.09,5.62,6.59,6.33,7.61
3398,8.85,8.11,6.89,4.89,6.09,5.62,6.59,6.33,7.61
3399,8.85,8.11,6.89,4.89,6.09,5.62,6.59,6.33,7.61
3400,8.85,8.11,6.89,4.89,6.09,5.62,6.59,6.33,7.61
3401,8.85,8.11,6.89,4.89,6.09,5.62,6.59,6.33,7.61
3402,8.85,8.11,6.89,4.89,6.09,5.62,6.59,6.33,7.61
3403,8.85,8.11,6.89,4.89,6.09,5.62,6.59,6.33,7.61
3404,8.85,8.11,6.89,4.89,6.09,5.62,6.59,6.33,7.61
3405,8.85,8.11,6.89,4.89,6.09,5.62,6.59,6.33,7.61
3406,8.85,8.11,6.89,4.89,6.09,5.62,6.59,6.33,7.61
3407,8.85,8.11,6.89,4.89,6.09,5.62,6.59,6.33,7.61
3408,8.85,8.11,6.89,4.89,6.09,5.62,6.59,6.33,7.61
3409,8.85,8.11,6.89,4.89,6.09,5.62,6.59,6.33,7.61
3410,8.85,8.11,6.89,4.89,6.09,5.62,6.59,6.33,7.61
3411,8.85,8.11,6.89,4.89,6.09,5.62,6.59,6.33,7.61
3412,8.85,8.11,6.89,4.89,6.09,5.62,6.59,6.33,7.61
3413,8.85,8.11,6.89,4.89,6.09,5.62,6.59,6.33,7.61
3414,8.85,8.11,6.89,4.89,6.09,5.62,6.59,6.33,7.61
3415,8.85,8.11,6.89,4.89,6.09,5.62,6.59,6.33,7.61
3416,8.85,8.11,6.89,4.89,6.09,5.62,6.59,6.33,7.61
3417,8.85,8.11,6.89,4.89,6.09,5.62,6.59,6.33,7.61
3418,8.85,8.11,6.89,4.89,6.09,5.62,6.59,6.33,7.61
3419,8.85,8.11,6.89,4.89,6.09,5.62,6.59,6.33,7.61
3420,8.85,8.11,6.89,4.89,6.09,5.62,6.59,6.33,7.61
3421,8.85,8.11,6.89,4.89,6.09,5.62,6.59,6.33,7.61
3422,8.85,8.11,6.89,4.89,6.09,5.62,6.59,6.33,7.61
3423,8.85,8.11,6.89,4.89,6.09,5.62,6.59,6.33,7.61
3424,8.85,8.11,6.89,4.89,6.09,5.62,6.59,6.33,7.61
3425,8.85,8.11,6.89,4.89,6.09,5.62,6.59,6.33,7.61
3426,8.85,8.11,6.89,4.89,6.09,5.62,6.59,6.33,7.61
3427,8.85,8.11,6.89,4.89,6.09,5.62,6.59,6.33,7.61
3428,8.85,8.11,6.89,4.89,6.09,5.62,6.59,6.33,7.61
3429,8.85,8.11,6.89,4.89,6.09,5.62,6.59,6.33,7.61
3430,8.85,8.11,6.89,4.89,6.09,5.62,6.59,6.33,7.61
3431,8.85,8.11,6.89,4.89,6.09,5.62,6.59,6.33,7.61
3432,8.85,8.11,6.89,4.89,6.09,5.62,6.59,6.33,7.61
3433,8.85,8.11,6.89,4.89,6.09,5.62,6.59,6.33,7.61
3434,8.85,8.11,6.89,4.89,6.09,5.62,6.59,6.33,7.61
3435,8.85,8.11,6.89,4.89,6.09,5.62,6.59,6.33,7.61
3436,8.85,8.11,6.89,4.89,6.09,5.62,6.59,6.33,7.61
3437,8.85,8.11,6.89,4.89,6.09,5.62,6.59,6.33,7.61
3438,8.85,8.11,6.89,4.89,6.09,5.62,6.59,6.33,7.61
3439,8.85,8.11,6.89,4.89,6.09,5.62,6.59,6.33,7.61
3440,8.85,8.11,6.89,4.89,6.09,5.62,6.59,6.33,7.61
3441,8.85,8.11,6.89,4.89,6.09,5.62,6.59,6.33,7.61
3442,8.85,8.11,6.89,4.89,6.09,5.62,6.59,6.33,7.61
3443,8.85,8.11,6.89,4.89,6.09,5.62,6.59,6.33,7.61
3444,8.85,8.11,6.89,4.89,6.09,5.62,6.59,6.33,7.61
3445,8.85,8.11,6.89,4.89,6.09,5.62,6.59,6.33,7.61
3446,8.85,8.11,6.89,4.89,6.09,5.62,6.59,6.33,7.61
3447,8.85,8.11,6.89,4.89,6.09,5.62,6.59,6.33,7.61
3448,8.85,8.11,6.89,4.89,6.09,5.62,6.59,6.33,7.61
3449,8.85,8.11,6.89,4.89,6.09,5.62,6.59,6.33,7.61
3450,8.85,8.11,6.89,4.89,6.09,5.62,6.59,6.33,7.61
3451,8.85,8.11,6.89,4.89,6.09,5.62,6.59,6.33,7.61
3452,8.85,8.11,6.89,4.89,6.09,5.62,6.59,6.33,7.61
3453,8.85,8.11,6.89,4.89,6.09,5.62,6.59,6.33,7.61
3454,8.85,8.11,6.89,4.89,6.09,5.62,6.59,6.33,7.61
3455,8.85,8.11,6.89,4.89,6.09,5.62,6.59,6.33,7.61
3456,8.85,8.11,6.89,4.89,6.09,5.62,6.59,6.33,7.61
3457,8.85,8.11,6.89,4.89,6.09,5.62,6.59,6.33,7.61
3458,8.85,8.11,6.89,4.89,6.09,5.62,6.59,6.33,7.61
3459,8.85,8.11,6.89,4.89,6.09,5.62,6.59,6.33,7.61
3460,8.85,8.11,6.89,4.89,6.09,5.62,6.59,6.33,7.61
3461,8.85,8.11,6.89,4.89,6.09,5.62,6.59,6.33,7.61
3462,8.85,8.11,6.89,4.89,6.09,5.62,6.59,6.33,7.61
3463,8.85,8.11,6.89,4.89,6.09,5.62,6.59,6.33,7.61
3464,8.85,8.11,6.89,4.89,6.09,5.62,6.59,6.33,7.61
3465,8.85,8.11,6.89,4.89,6.09,5.62,6.59,6.33,7.61
3466,8.85,8.11,6.89,4.89,6.09,5.62,6.59,6.33,7.61
3467,8.85,8.11,6.89,4.89,6.09,5.62,6.59,6.33,7.61
3468,8.85,8.11,6.89,4.89,6.09,5.62,6.59,6.33,7.61
3469,8.85,8.11,6.89,4.89,6.09,5.62,6.59,6.33,7.61
3470,8.85,8.11,6.89,4.89,6.09,5.62,6.59,6.33,7.61
3471,8.85,8.11,6.89,4.89,6.09,5.62,6.59,6.33,7.61
3472,8.85,8.11,6.89,4.89,6.09,5.62,6.59,6.33,7.61
3473,8.85,8.11,6.89,4.89,6.09,5.62,6.59,6.33,7.61
3474,8.85,8.11,6.89,4.89,6.09,5.62,6.59,6.33,7.61
3475,8.85,8.11,6.89,4.89,6.09,5.62,6.59,6.33,7.61
3476,8.85,8.11,6.89,4.89,6.09,5.62,6.59,6.33,7.61
3477,8.85,8.11,6.89,4.89,6.09,5.62,6.59,6.33,7.61
3478,8.85,8.11,6.89,4.89,6.09,5.62,6.59,6.33,7.61
3479,8.85,8.11,6.89,4.89,6.09,5.62,6.59,6.33,7.61
3480,8.85,8.11,6.89,4.89,6.09,5.62,6.59,6.33,7.61
3481,8.85,8.11,6.89,4.89,6.09,5.62,6.59,6.33,7.61
3482,8.85,8.11,6.89,4.89,6.09,5.62,6.59,6.33,7.61
3483,8.85,8.11,6.89,4.89,6.09,5.62,6.59,6.33,7.61
3484,8.85,8.11,6.89,4.89,6.09,5.62,6.59,6.33,7.61
3485,8.85,8.11,6.89,4.89,6.09,5.62,6.59,6.33,7.61
3486,8.85,8.11,6.89,4.89,6.09,5.62,6.59,6.33,7.61
3487,8.85,8.11,6.89,4.89,6.09,5.62,6.59,6.33,7.61
3488,8.85,8.11,6.89,4.89,6.09,5.62,6.59,6.33,7.61
3489,8.85,8.11,6.89,4.89,6.09,5.62,6.59,6.33,7.61
3490,8.85,8.11,6.89,4.89,6.09,5.62,6.59,6.33,7.61
3491,8.85,8.11,6.89,4.89,6.09,5.62,6.59,6.33,7.61
3492,8.85,8.11,6.89,4.89,6.09,5.62,6.59,6.33,7.61
3493,8.85,8.11,6.89,4.89,6.09,5.62,6.59,6.33,7.61
3494,8.85,8.11,6.89,4.89,6.09,5.62,6.59,6.33,7.61
3495,8.85,8.11,6.89,4.89,6.09,5.62,6.59,6.33,7.61
3496,8.85,8.11,6.89,4.89,6.09,5.62,6.59,6.33,7.61
3497,8.85,8.11,6.89,4.89,6.09,5.62,6.59,6.33,7.61
3498,8.85,8.11,6.89,4.89,6.09,5.62,6.59,6.33,7.61
3499,8.85,8.11,6.89,4.89,6.09,5.62,6.59,6.33,7.61
3500,8.85,8.11,6.89,4.89,6.09,5.62,6.59,6.33,7.61
3501,8.85,8.11,6.89,4.89,6.09,5.62,6.59,6.33,7.61
3502,8.85,8.11,6.89,4.89,6.09,5.62,6.59,6.33,7.61
3503,8.85,8.11,6.89,4.89,6.09,5.62,6.59,6.33,7.61
3504,8.85,8.11,6.89,4.89,6.09,5.62,6.59,6.33,7.61
3505,8.85,8.11,6.89,4.89,6.09,5.62,6.59,6.33,7.61
3506,8.85,8.11,6.89,4.89,6.09,5.62,6.59,6.33,7.61
3507,8.85,8.11,6.89,4.89,6.09,5.62,6.59,6.33,7.61
3508,8.85,8.11,6.89,4.89,6.09,5.62,6.59,6.33,7.61
3509,8.85,8.11,6.89,4.89,6.09,5.62,6.59,6.33,7.61
3510,8.85,8.11,6.89,4.89,6.09,5.62,6.59,6.33,7.61
3511,8.85,8.11,6.89,4.89,6.09,5.62,6.59,6.33,7.61
3512,8.85,8.11,6.89,4.89,6.09,5.62,6.59,6.33,7.61
3513,8.85,8.11,6.89,4.89,6.09,5.62,6.59,6.33,7.61
3514,8.85,8.11,6.89,4.89,6.09,5.62,6.59,6.33,7.61
3515,8.85,8.11,6.89,4.89,6.09,5.62,6.59,6.33,7.61
3516,8.85,8.11,6.89,4.89,6.09,5.62,6.59,6.33,7.61
3517,8.85,8.11,6.89,4.89,6.09,5.62,6.59,6.33,7.61
3518,8.85,8.11,6.89,4.89,6.09,5.62,6.59,6.33,7.61
3519,8.85,8.11,6.89,4.89,6.09,5.62,6.59,6.33,7.61
3520,8.85,8.11,6.89,4.89,6.09,5.62,6.59,6.33,7.61
3521,8.85,8.11,6.89,4.89,6.09,5.62,6.59,6.33,7.61
3522,8.85,8.11,6.89,4.89,6.09,5.62,6.59,6.33,7.61
3523,8.85,8.11,6.89,4.89,6.09,5.62,6.59,6.33,7.61
3524,8.85,8.11,6.89,4.89,6.09,5.62,6.59,6.33,7.61
3525,8.85,8.11,6.89,4.89,6.09,5.62,6.59,6.33,7.61
3526,8.85,8.11,6.89,4.89,6.09,5.62,6.59,6.33,7.61
3527,8.85,8.11,6.89,4.89,6.09,5.62,6.59,6.33,7.61
3528,8.85,8.11,6.89,4.89,6.09,5.62,6.59,6.33,7.61
3529,8.85,8.11,6.89,4.89,6.09,5.62,6.59,6.33,7.61
3530,8.85,8.11,6.89,4.89,6.09,5.62,6.59,6.33,7.61
3531,8.85,8.11,6.89,4.89,6.09,5.62,6.59,6.33,7.61
3532,8.85,8.11,6.89,4.89,6.09,5.62,6.59,6.33,7.61
3533,8.85,8.11,6.89,4.89,6.09,5.62,6.59,6.33,7.61
3534,8.85,8.11,6.89,4.89,6.09,5.62,6.59,6.33,7.61
3535,8.85,8.11,6.89,4.89,6.09,5.62,6.59,6.33,7.61
3536,8.85,8.11,6.89,4.89,6.09,5.62,6.59,6.33,7.61
3537,8.85,8.11,6.89,4.89,6.09,5.62,6.59,6.33,7.61
3538,8.85,8.11,6.89,4.89,6.09,5.62,6.59,6.33,7.61
3539,8.85,8.11,6.89,4.89,6.09,5.62,6.59,6.33,7.61
3540,8.85,8.11,6.89,4.89,6.09,5.62,6.59,6.33,7.61
3541,8.85,8.11,6.89,4.89,6.09,5.62,6.59,6.33,7.61
3542,8.85,8.11,6.89,4.89,6.09,5.62,6.59,6.33,7.61
3543,8.85,8.11,6.89,4.89,6.09,5.62,6.59,6.33,7.61
3544,8.85,8.11,6.89,4.89,6.09,5.62,6.59,6.33,7.61
3545,8.85,8.11,6.89,4.89,6.09,5.62,6.59,6.33,7.61
3546,8.85,8.11,6.89,4.89,6.09,5.62,6.59,6.33,7.61
3547,8.85,8.11,6.89,4.89,6.09,5.62,6.59,6.33,7.61
3548,8.85,8.11,6.89,4.89,6.09,5.62,6.59,6.33,7.61
3549,8.85,8.11,6.89,4.89,6.09,5.62,6.59,6.33,7.61
3550,8.85,8.11,6.89,4.89,6.09,5.62,6.59,6.33,7.61
3551,8.85,8.11,6.89,4.89,6.09,5.62,6.59,6.33,7.61
3552,8.85,8.11,6.89,4.89,6.09,5.62,6.59,6.33,7.61
3553,8.85,8.11,6.89,4.89,6.09,5.62,6.59,6.33,7.61
3554,8.85,8.11,6.89,4.89,6.09,5.62,6.59,6.33,7.61
3555,8.85,8.11,6.89,4.89,6.09,5.62,6.59,6.33,7.61
3556,8.85,8.11,6.89,4.89,6.09,5.62,6.59,6.33,7.61
3557,8.85,8.11,6.89,4.89,6.09,5.62,6.59,6.33,7.61
3558,8.85,8.11,6.89,4.89,6.09,5.62,6.59,6.33,7.61
3559,8.85,8.11,6.89,4.89,6.09,5.62,6.59,6.33,7.61
3560,8.85,8.11,6.89,4.89,6.09,5.62,6.59,6.33,7.61
3561,8.85,8.11,6.89,4.89,6.09,5.62,6.59,6.33,7.61
3562,8.85,8.11,6.89,4.89,6.09,5.62,6.59,6.33,7.61
3563,8.85,8.11,6.89,4.89,6.09,5.62,6.59,6.33,7.61
3564,8.85,8.11,6.89,4.89,6.09,5.62,6.59,6.33,7.61
3565,8.85,8.11,6.89,4.89,6.09,5.62,6.59,6.33,7.61
3566,8.85,8.11,6.89,4.89,6.09,5.62,6.59,6.33,7.61
3567,8.85,8.11,6.89,4.89,6.09,5.62,6.59,6.33,7.61
3568,8.85,8.11,6.89,4.89,6.09,5.62,6.59,6.33,7.61
3569,8.85,8.11,6.89,4.89,6.09,5.62,6.59,6.33,7.61
3570,8.85,8.11,6.89,4.89,6.09,5.62,6.59,6.33,7.61
3571,8.85,8.11,6.89,4.89,6.09,5.62,6.59,6.33,7.61
3572,8.85,8.11,6.89,4.89,6.09,5.62,6.59,6.33,7.61
3573,8.85,8.11,6.89,4.89,6.09,5.62,6.59,6.33,7.61
3574,8.85,8.11,6.89,4.89,6.09,5.62,6.59,6.33,7.61
3575,8.85,8.11,6.89,4.89,6.09,5.62,6.59,6.33,7.61
3576,8.85,8.11,6.89,4.89,6.09,5.62,6.59,6.33,7.61
3577,8.85,8.11,6.89,4.89,6.09,5.62,6.59,6.33,7.61
3578,8.85,8.11,6.89,4.89,6.09,5.62,6.59,6.33,7.61
3579,8.85,8.11,6.89,4.89,6.09,5.62,6.59,6.33,7.61
3580,8.85,8.11,6.89,4.89,6.09,5.62,6.59,6.33,7.61
3581,8.85,8.11,6.89,4.89,6.09,5.62,6.59,6.33,7.61
3582,8.85,8.11,6.89,4.89,6.09,5.62,6.59,6.33,7.61
3583,8.85,8.11,6.89,4.89,6.09,5.62,6.59,6.33,7.61
3584,8.85,8.11,6.89,4.89,6.09,5.62,6.59,6.33,7.61
3585,8.85,8.11,6.89,4.89,6.09,5.62,6.59,6.33,7.61
3586,8.85,8.11,6.89,4.89,6.09,5.62,6.59,6.33,7.61
3587,8.85,8.11,6.89,4.89,6.09,5.62,6.59,6.33,7.61
3588,8.85,8.11,6.89,4.89,6.09,5.62,6.59,6.33,7.61
3589,8.85,8.11,6.89,4.89,6.09,5.62,6.59,6.33,7.61
3590,8.85,8.11,6.89,4.89,6.09,5.62,6.59,6.33,7.61
3591,8.85,8.11,6.89,4.89,6.09,5.62,6.59,6.33,7.61
3592,8.85,8.11,6.89,4.89,6.09,5.62,6.59,6.33,7.61
3593,8.85,8.11,6.89,4.89,6.09,5.62,6.59,6.33,7.61
3594,8.85,8.11,6.89,4.89,6.09,5.62,6.59,6.33,7.61
3595,8.85,8.11,6.89,4.89,6.09,5.62,6.59,6.33,7.61
3596,8.85,8.11,6.89,4.89,6.09,5.62,6.59,6.33,7.61
3597,8.85,8.11,6.89,4.89,6.09,5.62,6.59,6.33,7.61
3598,8.85,8.11,6.89,4.89,6.09,5.62,6.59,6.33,7.61
3599,8.85,8.11,6.89,4.89,6.09,5.62,6.59,6.33,7.61
3600,8.85,8.11,6.89,4.89,6.09,5.62,6.59,6.33,7.61
3601,8.85,8.11,6.89,4.89,6.09,5.62,6.59,6.33,7.61
3602,8.85,8.11,6.89,4.89,6.09,5.62,6.59,6.33,7.61
3603,8.85,8.11,6.89,4.89,6.09,5.62,6.59,6.33,7.61
3604,8.85,8.11,6.89,4.89,6.09,5.62,6.59,6.33,7.61
3605,8.85,8.11,6.89,4.89,6.09,5.62,6.59,6.33,7.61
3606,8.85,8.11,6.89,4.89,6.09,5.62,6.59,6.33,7.61
3607,8.85,8.11,6.89,4.89,6.09,5.62,6.59,6.33,7.61
3608,8.85,8.11,6.89,4.89,6.09,5.62,6.59,6.33,7.61
3609,8.85,8.11,6.89,4.89,6.09,5.62,6.59,6.33,7.61
3610,8.85,8.11,6.89,4.89,6.09,5.62,6.59,6.33,7.61
3611,8.85,8.11,6.89,4.89,6.09,5.62,6.59,6.33,7.61
3612,8.85,8.11,6.89,4.89,6.09,5.62,6.59,6.33,7.61
3613,8.85,8.11,6.89,4.89,6.09,5.62,6.59,6.33,7.61
3614,8.85,8.11,6.89,4.89,6.09,5.62,6.59,6.33,7.61
3615,8.85,8.11,6.89,4.89,6.09,5.62,6.59,6.33,7.61
3616,8.85,8.11,6.89,4.89,6.09,5.62,6.59,6.33,7.61
3617,8.85,8.11,6.89,4.89,6.09,5.62,6.59,6.33,7.61
3618,8.85,8.11,6.89,4.89,6.09,5.62,6.59,6.33,7.61
3619,8.85,8.11,6.89,4.89,6.09,5.62,6.59,6.33,7.61
3620,8.85,8.11,6.89,4.89,6.09,5.62,6.59,6.33,7.61
3621,8.85,8.11,6.89,4.89,6.09,5.62,6.59,6.33,7.61
3622,8.85,8.11,6.89,4.89,6.09,5.62,6.59,6.33,7.61
3623,8.85,8.11,6.89,4.89,6.09,5.62,6.59,6.33,7.61
3624,8.85,8.11,6.89,4.89,6.09,5.62,6.59,6.33,7.61
3625,8.85,8.11,6.89,4.89,6.09,5.62,6.59,6.33,7.61
3626,8.85,8.11,6.89,4.89,6.09,5.62,6.59,6.33,7.61
3627,8.85,8.11,6.89,4.89,6.09,5.62,6.59,6.33,7.61
3628,8.85,8.11,6.89,4.89,6.09,5.62,6.59,6.33,7.61
3629,8.85,8.11,6.89,4.89,6.09,5.62,6.59,6.33,7.61
3630,8.85,8.11,6.89,4.89,6.09,5.62,6.59,6.33,7.61
3631,8.85,8.11,6.89,4.89,6.09,5.62,6.59,6.33,7.61
3632,8.85,8.11,6.89,4.89,6.09,5.62,6.59,6.33,7.61
3633,8.85,8.11,6.89,4.89,6.09,5.62,6.59,6.33,7.61
3634,8.85,8.11,6.89,4.89,6.09,5.62,6.59,6.33,7.61
3635,8.85,8.11,6.89,4.89,6.09,5.62,6.59,6.33,7.61
3636,8.85,8.11,6.89,4.89,6.09,5.62,6.59,6.33,7.61
3637,8.85,8.11,6.89,4.89,6.09,5.62,6.59,6.33,7.61
3638,8.85,8.11,6.89,4.89,6.09,5.62,6.59,6.33,7.61
3639,8.85,8.11,6.89,4.89,6.09,5.62,6.59,6.33,7.61
3640,8.85,8.11,6.89,4.89,6.09,5.62,6.59,6.33,7.61
3641,8.85,8.11,6.89,4.89,6.09,5.62,6.59,6.33,7.61
3642,8.85,8.11,6.89,4.89,6.09,5.62,6.59,6.33,7.61
3643,8.85,8.11,6.89,4.89,6.09,5.62,6.59,6.33,7.61
3644,8.85,8.11,6.89,4.89,6.09,5.62,6.59,6.33,7.61
3645,8.85,8.11,6.89,4.89,6.09,5.62,6.59,6.33,7.61
3646,8.85,8.11,6.89,4.89,6.09,5.62,6.59,6.33,7.61
3647,8.85,8.11,6.89,4.89,6.09,5.62,6.59,6.33,7.61
3648,8.85,8.11,6.89,4.89,6.09,5.62,6.59,6.33,7.61
3649,8.85,8.11,6.89,4.89,6.09,5.62,6.59,6.33,7.61
3650,8.85,8.11,6.89,4.89,6.09,5.62,6.59,6.33,7.61
3651,8.85,8.11,6.89,4.89,6.09,5.62,6.59,6.33,7.61
3652,8.85,8.11,6.89,4.89,6.09,5.62,6.59,6.33,7.61
3653,8.85,8.11,6.89,4.89,6.09,5.62,6.59,6.33,7.61
3654,8.85,8.11,6.89,4.89,6.09,5.62,6.59,6.33,7.61
3655,8.85,8.11,6.89,4.89,6.09,5.62,6.59,6.33,7.61
3656,8.85,8.11,6.89,4.89,6.09,5.62,6.59,6.33,7.61
3657,8.85,8.11,6.89,4.89,6.09,5.62,6.59,6.33,7.61
3658,8.85,8.11,6.89,4.89,6.09,5.62,6.59,6.33,7.61
3659,8.85,8.11,6.89,4.89,6.09,5.62,6.59,6.33,7.61
3660,8.85,8.11,6.89,4.89,6.09,5.62,6.59,6.33,7.61
3661,8.85,8.11,6.89,4.89,6.09,5.62,6.59,6.33,7.61
3662,8.85,8.11,6.89,4.89,6.09,5.62,6.59,6.33,7.61
3663,8.85,8.11,6.89,4.89,6.09,5.62,6.59,6.33,7.61
3664,8.85,8.11,6.89,4.89,6.09,5.62,6.59,6.33,7.61
3665,8.85,8.11,6.89,4.89,6.09,5.62,6.59,6.33,7.61
3666,8.85,8.11,6.89,4.89,6.09,5.62,6.59,6.33,7.61
3667,8.85,8.11,6.89,4.89,6.09,5.62,6.59,6.33,7.61
3668,8.85,8.11,6.89,4.89,6.09,5.62,6.59,6.33,7.61
3669,8.85,8.11,6.89,4.89,6.09,5.62,6.59,6.33,7.61
3670,8.85,8.11,6.89,4.89,6.09,5.62,6.59,6.33,7.61
3671,8.85,8.11,6.89,4.89,6.09,5.62,6.59,6.33,7.61
3672,8.85,8.11,6.89,4.89,6.09,5.62,6.59,6.33,7.61
3673,8.85,8.11,6.89,4.89,6.09,5.62,6.59,6.33,7.61
3674,8.85,8.11,6.89,4.89,6.09,5.62,6.59,6.33,7.61
3675,8.85,8.11,6.89,4.89,6.09,5.62,6.59,6.33,7.61
3676,8.85,8.11,6.89,4.89,6.09,5.62,6.59,6.33,7.61
3677,8.85,8.11,6.89,4.89,6.09,5.62,6.59,6.33,7.61
3678,8.85,8.11,6.89,4.89,6.09,5.62,6.59,6.33,7.61
3679,8.85,8.11,6.89,4.89,6.09,5.62,6.59,6.33,7.61
3680,8.85,8.11,6.89,4.89,6.09,5.62,6.59,6.33,7.61
3681,8.85,8.11,6.89,4.89,6.09,5.62,6.59,6.33,7.61
3682,8.85,8.11,6.89,4.89,6.09,5.62,6.59,6.33,7.61
3683,8.85,8.11,6.89,4.89,6.09,5.62,6.59,6.33,7.61
3684,8.85,8.11,6.89,4.89,6.09,5.62,6.59,6.33,7.61
3685,8.85,8.11,6.89,4.89,6.09,5.62,6.59,6.33,7.61
3686,8.85,8.11,6.89,4.89,6.09,5.62,6.59,6.33,7.61
3687,8.85,8.11,6.89,4.89,6.09,5.62,6.59,6.33,7.61
3688,8.85,8.11,6.89,4.89,6.09,5.62,6.59,6.33,7.61
3689,8.85,8.11,6.89,4.89,6.09,5.62,6.59,6.33,7.61
3690,8.85,8.11,6.89,4.89,6.09,5.62,6.59,6.33,7.61
3691,8.85,8.11,6.89,4.89,6.09,5.62,6.59,6.33,7.61
3692,8.85,8.11,6.89,4.89,6.09,5.62,6.59,6.33,7.61
3693,8.85,8.11,6.89,4.89,6.09,5.62,6.59,6.33,7.61
3694,8.85,8.11,6.89,4.89,6.09,5.62,6.59,6.33,7.61
3695,8.85,8.11,6.89,4.89,6.09,5.62,6.59,6.33,7.61
3696,8.85,8.11,6.89,4.89,6.09,5.62,6.59,6.33,7.61
3697,8.85,8.11,6.89,4.89,6.09,5.62,6.59,6.33,7.61
3698,8.85,8.11,6.89,4.89,6.09,5.62,6.59,6.33,7.61
3699,8.85,8.11,6.89,4.89,6.09,5.62,6.59,6.33,7.61
3700,8.85,8.11,6.89,4.89,6.09,5.62,6.59,6.33,7.61
3701,8.85,8.11,6.89,4.89,6.09,5.62,6.59,6.33,7.61
3702,8.85,8.11,6.89,4.89,6.09,5.62,6.59,6.33,7.61
3703,8.85,8.11,6.89,4.89,6.09,5.62,6.59,6.33,7.61
3704,8.85,8.11,6.89,4.89,6.09,5.62,6.59,6.33,7.61
3705,8.85,8.11,6.89,4.89,6.09,5.62,6.59,6.33,7.61
3706,8.85,8.11,6.89,4.89,6.09,5.62,6.59,6.33,7.61
3707,8.85,8.11,6.89,4.89,6.09,5.62,6.59,6.33,7.61
3708,8.85,8.11,6.89,4.89,6.09,5.62,6.59,6.33,7.61
3709,8.85,8.11,6.89,4.89,6.09,5.62,6.59,6.33,7.61
3710,8.85,8.11,6.89,4.89,6.09,5.62,6.59,6.33,7.61
3711,8.85,8.11,6.89,4.89,6.09,5.62,6.59,6.33,7.61
3712,8.85,8.11,6.89,4.89,6.09,5.62,6.59,6.33,7.61
3713,8.85,8.11,6.89,4.89,6.09,5.62,6.59,6.33,7.61
3714,8.85,8.11,6.89,4.89,6.09,5.62,6.59,6.33,7.61
3715,8.85,8.11,6.89,4.89,6.09,5.62,6.59,6.33,7.61
3716,8.85,8.11,6.89,4.89,6.09,5.62,6.59,6.33,7.61
3717,8.85,8.11,6.89,4.89,6.09,5.62,6.59,6.33,7.61
3718,8.85,8.11,6.89,4.89,6.09,5.62,6.59,6.33,7.61
3719,8.85,8.11,6.89,4.89,6.09,5.62,6.59,6.33,7.61
3720,8.85,8.11,6.89,4.89,6.09,5.62,6.59,6.33,7.61
3721,8.85,8.11,6.89,4.89,6.09,5.62,6.59,6.33,7.61
3722,8.85,8.11,6.89,4.89,6.09,5.62,6.59,6.33,7.61
3723,8.85,8.11,6.89,4.89,6.09,5.62,6.59,6.33,7.61
3724,8.85,8.11,6.89,4.89,6.09,5.62,6.59,6.33,7.61
3725,8.85,8.11,6.89,4.89,6.09,5.62,6.59,6.33,7.61
3726,8.85,8.11,6.89,4.89,6.09,5.62,6.59,6.33,7.61
3727,8.85,8.11,6.89,4.89,6.09,5.62,6.59,6.33,7.61
3728,8.85,8.11,6.89,4.89,6.09,5.62,6.59,6.33,7.61
3729,8.85,8.11,6.89,4.89,6.09,5.62,6.59,6.33,7.61
3730,8.85,8.11,6.89,4.89,6.09,5.62,6.59,6.33,7.61
3731,8.85,8.11,6.89,4.89,6.09,5.62,6.59,6.33,7.61
3732,8.85,8.11,6.89,4.89,6.09,5.62,6.59,6.33,7.61
3733,8.85,8.11,6.89,4.89,6.09,5.62,6.59,6.33,7.61
3734,8.85,8.11,6.89,4.89,6.09,5.62,6.59,6.33,7.61
3735,8.85,8.11,6.89,4.89,6.09,5.62,6.59,6.33,7.61
3736,8.85,8.11,6.89,4.89,6.09,5.62,6.59,6.33,7.61
3737,8.85,8.11,6.89,4.89,6.09,5.62,6.59,6.33,7.61
3738,8.85,8.11,6.89,4.89,6.09,5.62,6.59,6.33,7.61
3739,8.85,8.11,6.89,4.89,6.09,5.62,6.59,6.33,7.61
3740,8.85,8.11,6.89,4.89,6.09,5.62,6.59,6.33,7.61
3741,8.85,8.11,6.89,4.89,6.09,5.62,6.59,6.33,7.61
3742,8.85,8.11,6.89,4.89,6.09,5.62,6.59,6.33,7.61
3743,8.85,8.11,6.89,4.89,6.09,5.62,6.59,6.33,7.61
3744,8.85,8.11,6.89,4.89,6.09,5.62,6.59,6.33,7.61
3745,8.85,8.11,6.89,4.89,6.09,5.62,6.59,6.33,7.61
3746,8.85,8.11,6.89,4.89,6.09,5.62,6.59,6.33,7.61
3747,8.85,8.11,6.89,4.89,6.09,5.62,6.59,6.33,7.61
3748,8.85,8.11,6.89,4.89,6.09,5.62,6.59,6.33,7.61
3749,8.85,8.11,6.89,4.89,6.09,5.62,6.59,6.33,7.61
3750,8.85,8.11,6.89,4.89,6.09,5.62,6.59,6.33,7.61
3751,8.85,8.11,6.89,4.89,6.09,5.62,6.59,6.33,7.61
3752,8.85,8.11,6.89,4.89,6.09,5.62,6.59,6.33,7.61
3753,8.85,8.11,6.89,4.89,6.09,5.62,6.59,6.33,7.61
3754,8.85,8.11,6.89,4.89,6.09,5.62,6.59,6.33,7.61
3755,8.85,8.11,6.89,4.89,6.09,5.62,6.59,6.33,7.61
3756,8.85,8.11,6.89,4.89,6.09,5.62,6.59,6.33,7.61
3757,8.85,8.11,6.89,4.89,6.09,5.62,6.59,6.33,7.61
3758,8.85,8.11,6.89,4.89,6.09,5.62,6.59,6.33,7.61
3759,8.85,8.11,6.89,4.89,6.09,5.62,6.59,6.33,7.61
3760,8.85,8.11,6.89,4.89,6.09,5.62,6.59,6.33,7.61
3761,8.85,8.11,6.89,4.89,6.09,5.62,6.59,6.33,7.61
3762,8.85,8.11,6.89,4.89,6.09,5.62,6.59,6.33,7.61
3763,8.85,8.11,6.89,4.89,6.09,5.62,6.59,6.33,7.61
3764,8.85,8.11,6.89,4.89,6.09,5.62,6.59,6.33,7.61
3765,8.85,8.11,6.89,4.89,6.09,5.62,6.59,6.33,7.61
3766,8.85,8.11,6.89,4.89,6.09,5.62,6.59,6.33,7.61
3767,8.85,8.11,6.89,4.89,6.09,5.62,6.59,6.33,7.61
3768,8.85,8.11,6.89,4.89,6.09,5.62,6.59,6.33,7.61
3769,8.85,8.11,6.89,4.89,6.09,5.62,6.59,6.33,7.61
3770,8.85,8.11,6.89,4.89,6.09,5.62,6.59,6.33,7.61
3771,8.85,8.11,6.89,4.89,6.09,5.62,6.59,6.33,7.61
3772,8.85,8.11,6.89,4.89,6.09,5.62,6.59,6.33,7.61
3773,8.85,8.11,6.89,4.89,6.09,5.62,6.59,6.33,7.61
3774,8.85,8.11,6.89,4.89,6.09,5.62,6.59,6.33,7.61
3775,8.85,8.11,6.89,4.89,6.09,5.62,6.59,6.33,7.61
3776,8.85,8.11,6.89,4.89,6.09,5.62,6.59,6.33,7.61
3777,8.85,8.11,6.89,4.89,6.09,5.62,6.59,6.33,7.61
3778,8.85,8.11,6.89,4.89,6.09,5.62,6.59,6.33,7.61
3779,8.85,8.11,6.89,4.89,6.09,5.62,6.59,6.33,7.61
3780,8.85,8.11,6.89,4.89,6.09,5.62,6.59,6.33,7.61
3781,8.85,8.11,6.89,4.89,6.09,5.62,6.59,6.33,7.61
3782,8.85,8.11,6.89,4.89,6.09,5.62,6.59,6.33,7.61
3783,8.85,8.11,6.89,4.89,6.09,5.62,6.59,6.33,7.61
3784,8.85,8.11,6.89,4.89,6.09,5.62,6.59,6.33,7.61
3785,8.85,8.11,6.89,4.89,6.09,5.62,6.59,6.33,7.61
3786,8.85,8.11,6.89,4.89,6.09,5.62,6.59,6.33,7.61
3787,8.85,8.11,6.89,4.89,6.09,5.62,6.59,6.33,7.61
3788,8.85,8.11,6.89,4.89,6.09,5.62,6.59,6.33,7.61
3789,8.85,8.11,6.89,4.89,6.09,5.62,6.59,6.33,7.61
3790,8.85,8.11,6.89,4.89,6.09,5.62,6.59,6.33,7.61
3791,8.85,8.11,6.89,4.89,6.09,5.62,6.59,6.33,7.61
3792,8.85,8.11,6.89,4.89,6.09,5.62,6.59,6.33,7.61
3793,8.85,8.11,6.89,4.89,6.09,5.62,6.59,6.33,7.61
3794,8.85,8.11,6.89,4.89,6.09,5.62,6.59,6.33,7.61
3795,8.85,8.11,6.89,4.89,6.09,5.62,6.59,6.33,7.61
3796,8.85,8.11,6.89,4.89,6.09,5.62,6.59,6.33,7.61
3797,8.85,8.11,6.89,4.89,6.09,5.62,6.59,6.33,7.61
3798,8.85,8.11,6.89,4.89,6.09,5.62,6.59,6.33,7.61
3799,8.85,8.11,6.89,4.89,6.09,5.62,6.59,6.33,7.61
3800,8.85,8.11,6.89,4.89,6.09,5.62,6.59,6.33,7.61
3801,8.85,8.11,6.89,4.89,6.09,5.62,6.59,6.33,7.61
3802,8.85,8.11,6.89,4.89,6.09,5.62,6.59,6.33,7.61
3803,8.85,8.11,6.89,4.89,6.09,5.62,6.59,6.33,7.61
3804,8.85,8.11,6.89,4.89,6.09,5.62,6.59,6.33,7.61
3805,8.85,8.11,6.89,4.89,6.09,5.62,6.59,6.33,7.61
3806,8.85,8.11,6.89,4.89,6.09,5.62,6.59,6.33,7.61
3807,8.85,8.11,6.89,4.89,6.09,5.62,6.59,6.33,7.61
3808,8.85,8.11,6.89,4.89,6.09,5.62,6.59,6.33,7.61
3809,8.85,8.11,6.89,4.89,6.09,5.62,6.59,6.33,7.61
3810,8.85,8.11,6.89,4.89,6.09,5.62,6.59,6.33,7.61
3811,8.85,8.11,6.89,4.89,6.09,5.62,6.59,6.33,7.61
3812,8.85,8.11,6.89,4.89,6.09,5.62,6.59,6.33,7.61
3813,8.85,8.11,6.89,4.89,6.09,5.62,6.59,6.33,7.61
3814,8.85,8.11,6.89,4.89,6.09,5.62,6.59,6.33,7.61
3815,8.85,8.11,6.89,4.89,6.09,5.62,6.59,6.33,7.61
3816,8.85,8.11,6.89,4.89,6.09,5.62,6.59,6.33,7.61
3817,8.85,8.11,6.89,4.89,6.09,5.62,6.59,6.33,7.61
3818,8.85,8.11,6.89,4.89,6.09,5.62,6.59,6.33,7.61
3819,8.85,8.11,6.89,4.89,6.09,5.62,6.59,6.33,7.61
3820,8.85,8.11,6.89,4.89,6.09,5.62,6.59,6.33,7.61
3821,8.85,8.11,6.89,4.89,6.09,5.62,6.59,6.33,7.61
3822,8.85,8.11,6.89,4.89,6.09,5.62,6.59,6.33,7.61
3823,8.85,8.11,6.89,4.89,6.09,5.62,6.59,6.33,7.61
3824,8.85,8.11,6.89,4.89,6.09,5.62,6.59,6.33,7.61
3825,8.85,8.11,6.89,4.89,6.09,5.62,6.59,6.33,7.61
3826,8.85,8.11,6.89,4.89,6.09,5.62,6.59,6.33,7.61
3827,8.85,8.11,6.89,4.89,6.09,5.62,6.59,6.33,7.61
3828,8.85,8.11,6.89,4.89,6.09,5.62,6.59,6.33,7.61
3829,8.85,8.11,6.89,4.89,6.09,5.62,6.59,6.33,7.61
3830,8.85,8.11,6.89,4.89,6.09,5.62,6.59,6.33,7.61
3831,8.85,8.11,6.89,4.89,6.09,5.62,6.59,6.33,7.61
3832,8.85,8.11,6.89,4.89,6.09,5.62,6.59,6.33,7.61
3833,8.85,8.11,6.89,4.89,6.09,5.62,6.59,6.33,7.61
3834,8.85,8.11,6.89,4.89,6.09,5.62,6.59,6.33,7.61
3835,8.85,8.11,6.89,4.89,6.09,5.62,6.59,6.33,7.61
3836,8.85,8.11,6.89,4.89,6.09,5.62,6.59,6.33,7.61
3837,8.85,8.11,6.89,4.89,6.09,5.62,6.59,6.33,7.61
3838,8.85,8.11,6.89,4.89,6.09,5.62,6.59,6.33,7.61
3839,8.85,8.11,6.89,4.89,6.09,5.62,6.59,6.33,7.61
3840,8.85,8.11,6.89,4.89,6.09,5.62,6.59,6.33,7.61
3841,8.85,8.11,6.89,4.89,6.09,5.62,6.59,6.33,7.61
3842,8.85,8.11,6.89,4.89,6.09,5.62,6.59,6.33,7.61
3843,8.85,8.11,6.89,4.89,6.09,5.62,6.59,6.33,7.61
3844,8.85,8.11,6.89,4.89,6.09,5.62,6.59,6.33,7.61
3845,8.85,8.11,6.89,4.89,6.09,5.62,6.59,6.33,7.61
3846,8.85,8.11,6.89,4.89,6.09,5.62,6.59,6.33,7.61
3847,8.85,8.11,6.89,4.89,6.09,5.62,6.59,6.33,7.61
3848,8.85,8.11,6.89,4.89,6.09,5.62,6.59,6.33,7.61
3849,8.85,8.11,6.89,4.89,6.09,5.62,6.59,6.33,7.61
3850,8.85,8.11,6.89,4.89,6.09,5.62,6.59,6.33,7.61
3851,8.85,8.11,6.89,4.89,6.09,5.62,6.59,6.33,7.61
3852,8.85,8.11,6.89,4.89,6.09,5.62,6.59,6.33,7.61
3853,8.85,8.11,6.89,4.89,6.09,5.62,6.59,6.33,7.61
3854,8.85,8.11,6.89,4.89,6.09,5.62,6.59,6.33,7.61
3855,8.85,8.11,6.89,4.89,6.09,5.62,6.59,6.33,7.61
3856,8.85,8.11,6.89,4.89,6.09,5.62,6.59,6.33,7.61
3857,8.85,8.11,6.89,4.89,6.09,5.62,6.59,6.33,7.61
3858,8.85,8.11,6.89,4.89,6.09,5.62,6.59,6.33,7.61
3859,8.85,8.11,6.89,4.89,6.09,5.62,6.59,6.33,7.61
3860,8.85,8.11,6.89,4.89,6.09,5.62,6.59,6.33,7.61
3861,8.85,8.11,6.89,4.89,6.09,5.62,6.59,6.33,7.61
3862,8.85,8.11,6.89,4.89,6.09,5.62,6.59,6.33,7.61
3863,8.85,8.11,6.89,4.89,6.09,5.62,6.59,6.33,7.61
3864,8.85,8.11,6.89,4.89,6.09,5.62,6.59,6.33,7.61
3865,8.85,8.11,6.89,4.89,6.09,5.62,6.59,6.33,7.61
3866,8.85,8.11,6.89,4.89,6.09,5.62,6.59,6.33,7.61
3867,8.85,8.11,6.89,4.89,6.09,5.62,6.59,6.33,7.61
3868,8.85,8.11,6.89,4.89,6.09,5.62,6.59,6.33,7.61
3869,8.85,8.11,6.89,4.89,6.09,5.62,6.59,6.33,7.61
3870,8.85,8.11,6.89,4.89,6.09,5.62,6.59,6.33,7.61
3871,8.85,8.11,6.89,4.89,6.09,5.62,6.59,6.33,7.61
3872,8.85,8.11,6.89,4.89,6.09,5.62,6.59,6.33,7.61
3873,8.85,8.11,6.89,4.89,6.09,5.62,6.59,6.33,7.61
3874,8.85,8.11,6.89,4.89,6.09,5.62,6.59,6.33,7.61
3875,8.85,8.11,6.89,4.89,6.09,5.62,6.59,6.33,7.61
3876,8.85,8.11,6.89,4.89,6.09,5.62,6.59,6.33,7.61
3877,8.85,8.11,6.89,4.89,6.09,5.62,6.59,6.33,7.61
3878,8.85,8.11,6.89,4.89,6.09,5.62,6.59,6.33,7.61
3879,8.85,8.11,6.89,4.89,6.09,5.62,6.59,6.33,7.61
3880,8.85,8.11,6.89,4.89,6.09,5.62,6.59,6.33,7.61
3881,8.85,8.11,6.89,4.89,6.09,5.62,6.59,6.33,7.61
3882,8.85,8.11,6.89,4.89,6.09,5.62,6.59,6.33,7.61
3883,8.85,8.11,6.89,4.89,6.09,5.62,6.59,6.33,7.61
3884,8.85,8.11,6.89,4.89,6.09,5.62,6.59,6.33,7.61
3885,8.85,8.11,6.89,4.89,6.09,5.62,6.59,6.33,7.61
3886,8.85,8.11,6.89,4.89,6.09,5.62,6.59,6.33,7.61
3887,8.85,8.11,6.89,4.89,6.09,5.62,6.59,6.33,7.61
3888,8.85,8.11,6.89,4.89,6.09,5.62,6.59,6.33,7.61
3889,8.85,8.11,6.89,4.89,6.09,5.62,6.59,6.33,7.61
3890,8.85,8.11,6.89,4.89,6.09,5.62,6.59,6.33,7.61
3891,8.85,8.11,6.89,4.89,6.09,5.62,6.59,6.33,7.61
3892,8.85,8.11,6.89,4.89,6.09,5.62,6.59,6.33,7.61
3893,8.85,8.11,6.89,4.89,6.09,5.62,6.59,6.33,7.61
3894,8.85,8.11,6.89,4.89,6.09,5.62,6.59,6.33,7.61
3895,8.85,8.11,6.89,4.89,6.09,5.62,6.59,6.33,7.61
3896,8.85,8.11,6.89,4.89,6.09,5.62,6.59,6.33,7.61
3897,8.85,8.11,6.89,4.89,6.09,5.62,6.59,6.33,7.61
3898,8.85,8.11,6.89,4.89,6.09,5.62,6.59,6.33,7.61
3899,8.85,8.11,6.89,4.89,6.09,5.62,6.59,6.33,7.61
3900,8.85,8.11,6.89,4.89,6.09,5.62,6.59,6.33,7.61
3901,8.85,8.11,6.89,4.89,6.09,5.62,6.59,6.33,7.61
3902,8.85,8.11,6.89,4.89,6.09,5.62,6.59,6.33,7.61
3903,8.85,8.11,6.89,4.89,6.09,5.62,6.59,6.33,7.61
3904,8.85,8.11,6.89,4.89,6.09,5.62,6.59,6.33,7.61
3905,8.85,8.11,6.89,4.89,6.09,5.62,6.59,6.33,7.61
3906,8.85,8.11,6.89,4.89,6.09,5.62,6.59,6.33,7.61
3907,8.85,8.11,6.89,4.89,6.09,5.62,6.59,6.33,7.61
3908,8.85,8.11,6.89,4.89,6.09,5.62,6.59,6.33,7.61
3909,8.85,8.11,6.89,4.89,6.09,5.62,6.59,6.33,7.61
3910,8.85,8.11,6.89,4.89,6.09,5.62,6.59,6.33,7.61
3911,8.85,8.11,6.89,4.89,6.09,5.62,6.59,6.33,7.61
3912,8.85,8.11,6.89,4.89,6.09,5.62,6.59,6.33,7.61
3913,8.85,8.11,6.89,4.89,6.09,5.62,6.59,6.33,7.61
3914,8.85,8.11,6.89,4.89,6.09,5.62,6.59,6.33,7.61
3915,8.85,8.11,6.89,4.89,6.09,5.62,6.59,6.33,7.61
3916,8.85,8.11,6.89,4.89,6.09,5.62,6.59,6.33,7.61
3917,8.85,8.11,6.89,4.89,6.09,5.62,6.59,6.33,7.61
3918,8.85,8.11,6.89,4.89,6.09,5.62,6.59,6.33,7.61
3919,8.85,8.11,6.89,4.89,6.09,5.62,6.59,6.33,7.61
3920,8.85,8.11,6.89,4.89,6.09,5.62,6.59,6.33,7.61
3921,8.85,8.11,6.89,4.89,6.09,5.62,6.59,6.33,7.61
3922,8.85,8.11,6.89,4.89,6.09,5.62,6.59,6.33,7.61
3923,8.85,8.11,6.89,4.89,6.09,5.62,6.59,6.33,7.61
3924,8.85,8.11,6.89,4.89,6.09,5.62,6.59,6.33,7.61
3925,8.85,8.11,6.89,4.89,6.09,5.62,6.59,6.33,7.61
3926,8.85,8.11,6.89,4.89,6.09,5.62,6.59,6.33,7.61
3927,8.85,8.11,6.89,4.89,6.09,5.62,6.59,6.33,7.61
3928,8.85,8.11,6.89,4.89,6.09,5.62,6.59,6.33,7.61
3929,8.85,8.11,6.89,4.89,6.09,5.62,6.59,6.33,7.61
3930,8.85,8.11,6.89,4.89,6.09,5.62,6.59,6.33,7.61
3931,8.85,8.11,6.89,4.89,6.09,5.62,6.59,6.33,7.61
3932,8.85,8.11,6.89,4.89,6.09,5.62,6.59,6.33,7.61
3933,8.85,8.11,6.89,4.89,6.09,5.62,6.59,6.33,7.61
3934,8.85,8.11,6.89,4.89,6.09,5.62,6.59,6.33,7.61
3935,8.85,8.11,6.89,4.89,6.09,5.62,6.59,6.33,7.61
3936,8.85,8.11,6.89,4.89,6.09,5.62,6.59,6.33,7.61
3937,8.85,8.11,6.89,4.89,6.09,5.62,6.59,6.33,7.61
3938,8.85,8.11,6.89,4.89,6.09,5.62,6.59,6.33,7.61
3939,8.85,8.11,6.89,4.89,6.09,5.62,6.59,6.33,7.61
3940,8.85,8.11,6.89,4.89,6.09,5.62,6.59,6.33,7.61
3941,8.85,8.11,6.89,4.89,6.09,5.62,6.59,6.33,7.61
3942,8.85,8.11,6.89,4.89,6.09,5.62,6.59,6.33,7.61
3943,8.85,8.11,6.89,4.89,6.09,5.62,6.59,6.33,7.61
3944,8.85,8.11,6.89,4.89,6.09,5.62,6.59,6.33,7.61
3945,8.85,8.11,6.89,4.89,6.09,5.62,6.59,6.33,7.61
3946,8.85,8.11,6.89,4.89,6.09,5.62,6.59,6.33,7.61
3947,8.85,8.11,6.89,4.89,6.09,5.62,6.59,6.33,7.61
3948,8.85,8.11,6.89,4.89,6.09,5.62,6.59,6.33,7.61
3949,8.85,8.11,6.89,4.89,6.09,5.62,6.59,6.33,7.61
3950,8.85,8.11,6.89,4.89,6.09,5.62,6.59,6.33,7.61
3951,8.85,8.11,6.89,4.89,6.09,5.62,6.59,6.33,7.61
3952,8.85,8.11,6.89,4.89,6.09,5.62,6.59,6.33,7.61
3953,8.85,8.11,6.89,4.89,6.09,5.62,6.59,6.33,7.61
3954,8.85,8.11,6.89,4.89,6.09,5.62,6.59,6.33,7.61
3955,8.85,8.11,6.89,4.89,6.09,5.62,6.59,6.33,7.61
3956,8.85,8.11,6.89,4.89,6.09,5.62,6.59,6.33,7.61
3957,8.85,8.11,6.89,4.89,6.09,5.62,6.59,6.33,7.61
3958,8.85,8.11,6.89,4.89,6.09,5.62,6.59,6.33,7.61
3959,8.85,8.11,6.89,4.89,6.09,5.62,6.59,6.33,7.61
3960,8.85,8.11,6.89,4.89,6.09,5.62,6.59,6.33,7.61
3961,8.85,8.11,6.89,4.89,6.09,5.62,6.59,6.33,7.61
3962,8.85,8.11,6.89,4.89,6.09,5.62,6.59,6.33,7.61
3963,8.85,8.11,6.89,4.89,6.09,5.62,6.59,6.33,7.61
3964,8.85,8.11,6.89,4.89,6.09,5.62,6.59,6.33,7.61
3965,8.85,8.11,6.89,4.89,6.09,5.62,6.59,6.33,7.61
3966,8.85,8.11,6.89,4.89,6.09,5.62,6.59,6.33,7.61
3967,8.85,8.11,6.89,4.89,6.09,5.62,6.59,6.33,7.61
3968,8.85,8.11,6.89,4.89,6.09,5.62,6.59,6.33,7.61
3969,8.85,8.11,6.89,4.89,6.09,5.62,6.59,6.33,7.61
3970,8.85,8.11,6.89,4.89,6.09,5.62,6.59,6.33,7.61
3971,8.85,8.11,6.89,4.89,6.09,5.62,6.59,6.33,7.61
3972,8.85,8.11,6.89,4.89,6.09,5.62,6.59,6.33,7.61
3973,8.85,8.11,6.89,4.89,6.09,5.62,6.59,6.33,7.61
3974,8.85,8.11,6.89,4.89,6.09,5.62,6.59,6.33,7.61
3975,8.85,8.11,6.89,4.89,6.09,5.62,6.59,6.33,7.61
3976,8.85,8.11,6.89,4.89,6.09,5.62,6.59,6.33,7.61
3977,8.85,8.11,6.89,4.89,6.09,5.62,6.59,6.33,7.61
3978,8.85,8.11,6.89,4.89,6.09,5.62,6.59,6.33,7.61
3979,8.85,8.11,6.89,4.89,6.09,5.62,6.59,6.33,7.61
3980,8.85,8.11,6.89,4.89,6.09,5.62,6.59,6.33,7.61
3981,8.85,8.11,6.89,4.89,6.09,5.62,6.59,6.33,7.61
3982,8.85,8.11,6.89,4.89,6.09,5.62,6.59,6.33,7.61
3983,8.85,8.11,6.89,4.89,6.09,5.62,6.59,6.33,7.61
3984,8.85,8.11,6.89,4.89,6.09,5.62,6.59,6.33,7.61
3985,8.85,8.11,6.89,4.89,6.09,5.62,6.59,6.33,7.61
3986,8.85,8.11,6.89,4.89,6.09,5.62,6.59,6.33,7.61
3987,8.85,8.11,6.89,4.89,6.09,5.62,6.59,6.33,7.61
3988,8.85,8.11,6.89,4.89,6.09,5.62,6.59,6.33,7.61
3989,8.85,8.11,6.89,4.89,6.09,5.62,6.59,6.33,7.61
3990,8.85,8.11,6.89,4.89,6.09,5.62,6.59,6.33,7.61
3991,8.85,8.11,6.89,4.89,6.09,5.62,6.59,6.33,7.61
3992,8.85,8.11,6.89,4.89,6.09,5.62,6.59,6.33,7.61
3993,8.85,8.11,6.89,4.89,6.09,5.62,6.59,6.33,7.61
3994,8.85,8.11,6.89,4.89,6.09,5.62,6.59,6.33,7.61
3995,8.85,8.11,6.89,4.89,6.09,5.62,6.59,6.33,7.61
3996,8.85,8.11,6.89,4.89,6.09,5.62,6.59,6.33,7.61
3997,8.85,8.11,6.89,4.89,6.09,5.62,6.59,6.33,7.61
3998,8.85,8.11,6.89,4.89,6.09,5.62,6.59,6.33,7.61
3999,8.85,8.11,6.89,4.89,6.09,5.62,6.59,6.33,7.61
4000,8.85,8.11,6.89,4.89,6.09,5.62,6.59,6.33,7.61
4001,8.85,8.11,6.89,4.89,6.09,5.62,6.59,6.33,7.61
4002,8.85,8.11,6.89,4.89,6.09,5.62,6.59,6.33,7.61
4003,8.85,8.11,6.89,4.89,6.09,5.62,6.59,6.33,7.61
4004,8.85,8.11,6.89,4.89,6.09,5.62,6.59,6.33,7.61
4005,8.85,8.11,6.89,4.89,6.09,5.62,6.59,6.33,7.61
4006,8.85,8.11,6.89,4.89,6.09,5.62,6.59,6.33,7.61
4007,8.85,8.11,6.89,4.89,6.09,5.62,6.59,6.33,7.61
4008,8.85,8.11,6.89,4.89,6.09,5.62,6.59,6.33,7.61
4009,8.85,8.11,6.89,4.89,6.09,5.62,6.59,6.33,7.61
4010,8.85,8.11,6.89,4.89,6.09,5.62,6.59,6.33,7.61
4011,8.85,8.11,6.89,4.89,6.09,5.62,6.59,6.33,7.61
4012,8.85,8.11,6.89,4.89,6.09,5.62,6.59,6.33,7.61
4013,8.85,8.11,6.89,4.89,6.09,5.62,6.59,6.33,7.61
4014,8.85,8.11,6.89,4.89,6.09,5.62,6.59,6.33,7.61
4015,8.85,8.11,6.89,4.89,6.09,5.62,6.59,6.33,7.61
4016,8.85,8.11,6.89,4.89,6.09,5.62,6.59,6.33,7.61
4017,8.85,8.11,6.89,4.89,6.09,5.62,6.59,6.33,7.61
4018,8.85,8.11,6.89,4.89,6.09,5.62,6.59,6.33,7.61
4019,8.85,8.11,6.89,4.89,6.09,5.62,6.59,6.33,7.61
4020,8.85,8.11,6.89,4.89,6.09,5.62,6.59,6.33,7.61
4021,8.85,8.11,6.89,4.89,6.09,5.62,6.59,6.33,7.61
4022,8.85,8.11,6.89,4.89,6.09,5.62,6.59,6.33,7.61
4023,8.85,8.11,6.89,4.89,6.09,5.62,6.59,6.33,7.61
4024,8.85,8.11,6.89,4.89,6.09,5.62,6.59,6.33,7.61
4025,8.85,8.11,6.89,4.89,6.09,5.62,6.59,6.33,7.61
4026,8.85,8.11,6.89,4.89,6.09,5.62,6.59,6.33,7.61
4027,8.85,8.11,6.89,4.89,6.09,5.62,6.59,6.33,7.61
4028,8.85,8.11,6.89,4.89,6.09,5.62,6.59,6.33,7.61
4029,8.85,8.11,6.89,4.89,6.09,5.62,6.59,6.33,7.61
4030,8.85,8.11,6.89,4.89,6.09,5.62,6.59,6.33,7.61
4031,8.85,8.11,6.89,4.89,6.09,5.62,6.59,6.33,7.61
4032,8.85,8.11,6.89,4.89,6.09,5.62,6.59,6.33,7.61
4033,8.85,8.11,6.89,4.89,6.09,5.62,6.59,6.33,7.61
4034,8.85,8.11,6.89,4.89,6.09,5.62,6.59,6.33,7.61
4035,8.85,8.11,6.89,4.89,6.09,5.62,6.59,6.33,7.61
4036,8.85,8.11,6.89,4.89,6.09,5.62,6.59,6.33,7.61
4037,8.85,8.11,6.89,4.89,6.09,5.62,6.59,6.33,7.61
4038,8.85,8.11,6.89,4.89,6.09,5.62,6.59,6.33,7.61
4039,8.85,8.11,6.89,4.89,6.09,5.62,6.59,6.33,7.61
4040,8.85,8.11,6.89,4.89,6.09,5.62,6.59,6.33,7.61
4041,8.85,8.11,6.89,4.89,6.09,5.62,6.59,6.33,7.61
4042,8.85,8.11,6.89,4.89,6.09,5.62,6.59,6.33,7.61
4043,8.85,8.11,6.89,4.89,6.09,5.62,6.59,6.33,7.61
4044,8.85,8.11,6.89,4.89,6.09,5.62,6.59,6.33,7.61
4045,8.85,8.11,6.89,4.89,6.09,5.62,6.59,6.33,7.61
4046,8.85,8.11,6.89,4.89,6.09,5.62,6.59,6.33,7.61
4047,8.85,8.11,6.89,4.89,6.09,5.62,6.59,6.33,7.61
4048,8.85,8.11,6.89,4.89,6.09,5.62,6.59,6.33,7.61
4049,8.85,8.11,6.89,4.89,6.09,5.62,6.59,6.33,7.61
4050,8.85,8.11,6.89,4.89,6.09,5.62,6.59,6.33,7.61
4051,8.85,8.11,6.89,4.89,6.09,5.62,6.59,6.33,7.61
4052,8.85,8.11,6.89,4.89,6.09,5.62,6.59,6.33,7.61
4053,8.85,8.11,6.89,4.89,6.09,5.62,6.59,6.33,7.61
4054,8.85,8.11,6.89,4.89,6.09,5.62,6.59,6.33,7.61
4055,8.85,8.11,6.89,4.89,6.09,5.62,6.59,6.33,7.61
4056,8.85,8.11,6.89,4.89,6.09,5.62,6.59,6.33,7.61
4057,8.85,8.11,6.89,4.89,6.09,5.62,6.59,6.33,7.61
4058,8.85,8.11,6.89,4.89,6.09,5.62,6.59,6.33,7.61
4059,8.85,8.11,6.89,4.89,6.09,5.62,6.59,6.33,7.61
4060,8.85,8.11,6.89,4.89,6.09,5.62,6.59,6.33,7.61
4061,8.85,8.11,6.89,4.89,6.09,5.62,6.59,6.33,7.61
4062,8.85,8.11,6.89,4.89,6.09,5.62,6.59,6.33,7.61
4063,8.85,8.11,6.89,4.89,6.09,5.62,6.59,6.33,7.61
4064,8.85,8.11,6.89,4.89,6.09,5.62,6.59,6.33,7.61
4065,8.85,8.11,6.89,4.89,6.09,5.62,6.59,6.33,7.61
4066,8.85,8.11,6.89,4.89,6.09,5.62,6.59,6.33,7.61
4067,8.85,8.11,6.89,4.89,6.09,5.62,6.59,6.33,7.61
4068,8.85,8.11,6.89,4.89,6.09,5.62,6.59,6.33,7.61
4069,8.85,8.11,6.89,4.89,6.09,5.62,6.59,6.33,7.61
4070,8.85,8.11,6.89,4.89,6.09,5.62,6.59,6.33,7.61
4071,8.85,8.11,6.89,4.89,6.09,5.62,6.59,6.33,7.61
4072,8.85,8.11,6.89,4.89,6.09,5.62,6.59,6.33,7.61
4073,8.85,8.11,6.89,4.89,6.09,5.62,6.59,6.33,7.61
4074,8.85,8.11,6.89,4.89,6.09,5.62,6.59,6.33,7.61
4075,8.85,8.11,6.89,4.89,6.09,5.62,6.59,6.33,7.61
4076,8.85,8.11,6.89,4.89,6.09,5.62,6.59,6.33,7.61
4077,8.85,8.11,6.89,4.89,6.09,5.62,6.59,6.33,7.61
4078,8.85,8.11,6.89,4.89,6.09,5.62,6.59,6.33,7.61
4079,8.85,8.11,6.89,4.89,6.09,5.62,6.59,6.33,7.61
4080,8.85,8.11,6.89,4.89,6.09,5.62,6.59,6.33,7.61
4081,8.85,8.11,6.89,4.89,6.09,5.62,6.59,6.33,7.61
4082,8.85,8.11,6.89,4.89,6.09,5.62,6.59,6.33,7.61
4083,8.85,8.11,6.89,4.89,6.09,5.62,6.59,6.33,7.61
4084,8.85,8.11,6.89,4.89,6.09,5.62,6.59,6.33,7.61
4085,8.85,8.11,6.89,4.89,6.09,5.62,6.59,6.33,7.61
4086,8.85,8.11,6.89,4.89,6.09,5.62,6.59,6.33,7.61
4087,8.85,8.11,6.89,4.89,6.09,5.62,6.59,6.33,7.61
4088,8.85,8.11,6.89,4.89,6.09,5.62,6.59,6.33,7.61
4089,8.85,8.11,6.89,4.89,6.09,5.62,6.59,6.33,7.61
4090,8.85,8.11,6.89,4.89,6.09,5.62,6.59,6.33,7.61
4091,8.85,8.11,6.89,4.89,6.09,5.62,6.59,6.33,7.61
4092,8.85,8.11,6.89,4.89,6.09,5.62,6.59,6.33,7.61
4093,8.85,8.11,6.89,4.89,6.09,5.62,6.59,6.33,7.61
4094,8.85,8.11,6.89,4.89,6.09,5.62,6.59,6.33,7.61
4095,8.85,8.11,6.89,4.89,6.09,5.62,6.59,6.33,7.61
4096,8.85,8.11,6.89,4.89,6.09,5.62,6.59,6.33,7.61
4097,8.85,8.11,6.89,4.89,6.09,5.62,6.59,6.33,7.61
4098,8.85,8.11,6.89,4.89,6.09,5.62,6.59,6.33,7.61
4099,8.85,8.11,6.89,4.89,6.09,5.62,6.59,6.33,7.61
4100,8.85,8.11,6.89,4.89,6.09,5.62,6.59,6.33,7.61
4101,8.85,8.11,6.89,4.89,6.09,5.62,6.59,6.33,7.61
4102,8.85,8.11,6.89,4.89,6.09,5.62,6.59,6.33,7.61
4103,8.85,8.11,6.89,4.89,6.09,5.62,6.59,6.33,7.61
4104,8.85,8.11,6.89,4.89,6.09,5.62,6.59,6.33,7.61
4105,8.85,8.11,6.89,4.89,6.09,5.62,6.59,6.33,7.61
4106,8.85,8.11,6.89,4.89,6.09,5.62,6.59,6.33,7.61
4107,8.85,8.11,6.89,4.89,6.09,5.62,6.59,6.33,7.61
4108,8.85,8.11,6.89,4.89,6.09,5.62,6.59,6.33,7.61
4109,8.85,8.11,6.89,4.89,6.09,5.62,6.59,6.33,7.61
4110,8.85,8.11,6.89,4.89,6.09,5.62,6.59,6.33,7.61
4111,8.85,8.11,6.89,4.89,6.09,5.62,6.59,6.33,7.61
4112,8.85,8.11,6.89,4.89,6.09,5.62,6.59,6.33,7.61
4113,8.85,8.11,6.89,4.89,6.09,5.62,6.59,6.33,7.61
4114,8.85,8.11,6.89,4.89,6.09,5.62,6.59,6.33,7.61
4115,8.85,8.11,6.89,4.89,6.09,5.62,6.59,6.33,7.61
4116,8.85,8.11,6.89,4.89,6.09,5.62,6.59,6.33,7.61
4117,8.85,8.11,6.89,4.89,6.09,5.62,6.59,6.33,7.61
4118,8.85,8.11,6.89,4.89,6.09,5.62,6.59,6.33,7.61
4119,8.85,8.11,6.89,4.89,6.09,5.62,6.59,6.33,7.61
4120,8.85,8.11,6.89,4.89,6.09,5.62,6.59,6.33,7.61
4121,8.85,8.11,6.89,4.89,6.09,5.62,6.59,6.33,7.61
4122,8.85,8.11,6.89,4.89,6.09,5.62,6.59,6.33,7.61
4123,8.85,8.11,6.89,4.89,6.09,5.62,6.59,6.33,7.61
4124,8.85,8.11,6.89,4.89,6.09,5.62,6.59,6.33,7.61
4125,8.85,8.11,6.89,4.89,6.09,5.62,6.59,6.33,7.61
4126,8.85,8.11,6.89,4.89,6.09,5.62,6.59,6.33,7.61
4127,8.85,8.11,6.89,4.89,6.09,5.62,6.59,6.33,7.61
4128,8.85,8.11,6.89,4.89,6.09,5.62,6.59,6.33,7.61
4129,8.85,8.11,6.89,4.89,6.09,5.62,6.59,6.33,7.61
4130,8.85,8.11,6.89,4.89,6.09,5.62,6.59,6.33,7.61
4131,8.85,8.11,6.89,4.89,6.09,5.62,6.59,6.33,7.61
4132,8.85,8.11,6.89,4.89,6.09,5.62,6.59,6.33,7.61
4133,8.85,8.11,6.89,4.89,6.09,5.62,6.59,6.33,7.61
4134,8.85,8.11,6.89,4.89,6.09,5.62,6.59,6.33,7.61
4135,8.85,8.11,6.89,4.89,6.09,5.62,6.59,6.33,7.61
4136,8.85,8.11,6.89,4.89,6.09,5.62,6.59,6.33,7.61
4137,8.85,8.11,6.89,4.89,6.09,5.62,6.59,6.33,7.61
4138,8.85,8.11,6.89,4.89,6.09,5.62,6.59,6.33,7.61
4139,8.85,8.11,6.89,4.89,6.09,5.62,6.59,6.33,7.61
4140,8.85,8.11,6.89,4.89,6.09,5.62,6.59,6.33,7.61
4141,8.85,8.11,6.89,4.89,6.09,5.62,6.59,6.33,7.61
4142,8.85,8.11,6.89,4.89,6.09,5.62,6.59,6.33,7.61
4143,8.85,8.11,6.89,4.89,6.09,5.62,6.59,6.33,7.61
4144,8.85,8.11,6.89,4.89,6.09,5.62,6.59,6.33,7.61
4145,8.85,8.11,6.89,4.89,6.09,5.62,6.59,6.33,7.61
4146,8.85,8.11,6.89,4.89,6.09,5.62,6.59,6.33,7.61
4147,8.85,8.11,6.89,4.89,6.09,5.62,6.59,6.33,7.61
4148,8.85,8.11,6.89,4.89,6.09,5.62,6.59,6.33,7.61
4149,8.85,8.11,6.89,4.89,6.09,5.62,6.59,6.33,7.61
4150,8.85,8.11,6.89,4.89,6.09,5.62,6.59,6.33,7.61
4151,8.85,8.11,6.89,4.89,6.09,5.62,6.59,6.33,7.61
4152,8.85,8.11,6.89,4.89,6.09,5.62,6.59,6.33,7.61
4153,8.85,8.11,6.89,4.89,6.09,5.62,6.59,6.33,7.61
4154,8.85,8.11,6.89,4.89,6.09,5.62,6.59,6.33,7.61
4155,8.85,8.11,6.89,4.89,6.09,5.62,6.59,6.33,7.61
4156,8.85,8.11,6.89,4.89,6.09,5.62,6.59,6.33,7.61
4157,8.85,8.11,6.89,4.89,6.09,5.62,6.59,6.33,7.61
4158,8.85,8.11,6.89,4.89,6.09,5.62,6.59,6.33,7.61
4159,8.85,8.11,6.89,4.89,6.09,5.62,6.59,6.33,7.61
4160,8.85,8.11,6.89,4.89,6.09,5.62,6.59,6.33,7.61
4161,8.85,8.11,6.89,4.89,6.09,5.62,6.59,6.33,7.61
4162,8.85,8.11,6.89,4.89,6.09,5.62,6.59,6.33,7.61
4163,8.85,8.11,6.89,4.89,6.09,5.62,6.59,6.33,7.61
4164,8.85,8.11,6.89,4.89,6.09,5.62,6.59,6.33,7.61
4165,8.85,8.11,6.89,4.89,6.09,5.62,6.59,6.33,7.61
4166,8.85,8.11,6.89,4.89,6.09,5.62,6.59,6.33,7.61
4167,8.85,8.11,6.89,4.89,6.09,5.62,6.59,6.33,7.61
4168,8.85,8.11,6.89,4.89,6.09,5.62,6.59,6.33,7.61
4169,8.85,8.11,6.89,4.89,6.09,5.62,6.59,6.33,7.61
4170,8.85,8.11,6.89,4.89,6.09,5.62,6.59,6.33,7.61
4171,8.85,8.11,6.89,4.89,6.09,5.62,6.59,6.33,7.61
4172,8.85,8.11,6.89,4.89,6.09,5.62,6.59,6.33,7.61
4173,8.85,8.11,6.89,4.89,6.09,5.62,6.59,6.33,7.61
4174,8.85,8.11,6.89,4.89,6.09,5.62,6.59,6.33,7.61
4175,8.85,8.11,6.89,4.89,6.09,5.62,6.59,6.33,7.61
4176,8.85,8.11,6.89,4.89,6.09,5.62,6.59,6.33,7.61
4177,8.85,8.11,6.89,4.89,6.09,5.62,6.59,6.33,7.61
4178,8.85,8.11,6.89,4.89,6.09,5.62,6.59,6.33,7.61
4179,8.85,8.11,6.89,4.89,6.09,5.62,6.59,6.33,7.61
4180,8.85,8.11,6.89,4.89,6.09,5.62,6.59,6.33,7.61
4181,8.85,8.11,6.89,4.89,6.09,5.62,6.59,6.33,7.61
4182,8.85,8.11,6.89,4.89,6.09,5.62,6.59,6.33,7.61
4183,8.85,8.11,6.89,4.89,6.09,5.62,6.59,6.33,7.61
4184,8.85,8.11,6.89,4.89,6.09,5.62,6.59,6.33,7.61
4185,8.85,8.11,6.89,4.89,6.09,5.62,6.59,6.33,7.61
4186,8.85,8.11,6.89,4.89,6.09,5.62,6.59,6.33,7.61
4187,8.85,8.11,6.89,4.89,6.09,5.62,6.59,6.33,7.61
4188,8.85,8.11,6.89,4.89,6.09,5.62,6.59,6.33,7.61
4189,8.85,8.11,6.89,4.89,6.09,5.62,6.59,6.33,7.61
4190,8.85,8.11,6.89,4.89,6.09,5.62,6.59,6.33,7.61
4191,8.85,8.11,6.89,4.89,6.09,5.62,6.59,6.33,7.61
4192,8.85,8.11,6.89,4.89,6.09,5.62,6.59,6.33,7.61
4193,8.85,8.11,6.89,4.89,6.09,5.62,6.59,6.33,7.61
4194,8.85,8.11,6.89,4.89,6.09,5.62,6.59,6.33,7.61
4195,8.85,8.11,6.89,4.89,6.09,5.62,6.59,6.33,7.61
4196,8.85,8.11,6.89,4.89,6.09,5.62,6.59,6.33,7.61
4197,8.85,8.11,6.89,4.89,6.09,5.62,6.59,6.33,7.61
4198,8.85,8.11,6.89,4.89,6.09,5.62,6.59,6.33,7.61
4199,8.85,8.11,6.89,4.89,6.09,5.62,6.59,6.33,7.61
4200,8.85,8.11,6.89,4.89,6.09,5.62,6.59,6.33,7.61
4201,8.85,8.11,6.89,4.89,6.09,5.62,6.59,6.33,7.61
4202,8.85,8.11,6.89,4.89,6.09,5.62,6.59,6.33,7.61
4203,8.85,8.11,6.89,4.89,6.09,5.62,6.59,6.33,7.61
4204,8.85,8.11,6.89,4.89,6.09,5.62,6.59,6.33,7.61
4205,8.85,8.11,6.89,4.89,6.09,5.62,6.59,6.33,7.61
4206,8.85,8.11,6.89,4.89,6.09,5.62,6.59,6.33,7.61
4207,8.85,8.11,6.89,4.89,6.09,5.62,6.59,6.33,7.61
4208,8.85,8.11,6.89,4.89,6.09,5.62,6.59,6.33,7.61
4209,8.85,8.11,6.89,4.89,6.09,5.62,6.59,6.33,7.61
4210,8.85,8.11,6.89,4.89,6.09,5.62,6.59,6.33,7.61
4211,8.85,8.11,6.89,4.89,6.09,5.62,6.59,6.33,7.61
4212,8.85,8.11,6.89,4.89,6.09,5.62,6.59,6.33,7.61
4213,8.85,8.11,6.89,4.89,6.09,5.62,6.59,6.33,7.61
4214,8.85,8.11,6.89,4.89,6.09,5.62,6.59,6.33,7.61
4215,8.85,8.11,6.89,4.89,6.09,5.62,6.59,6.33,7.61
4216,8.85,8.11,6.89,4.89,6.09,5.62,6.59,6.33,7.61
4217,8.85,8.11,6.89,4.89,6.09,5.62,6.59,6.33,7.61
4218,8.85,8.11,6.89,4.89,6.09,5.62,6.59,6.33,7.61
4219,8.85,8.11,6.89,4.89,6.09,5.62,6.59,6.33,7.61
4220,8.85,8.11,6.89,4.89,6.09,5.62,6.59,6.33,7.61
4221,8.85,8.11,6.89,4.89,6.09,5.62,6.59,6.33,7.61
4222,8.85,8.11,6.89,4.89,6.09,5.62,6.59,6.33,7.61
4223,8.85,8.11,6.89,4.89,6.09,5.62,6.59,6.33,7.61
4224,8.85,8.11,6.89,4.89,6.09,5.62,6.59,6.33,7.61
4225,8.85,8.11,6.89,4.89,6.09,5.62,6.59,6.33,7.61
4226,8.85,8.11,6.89,4.89,6.09,5.62,6.59,6.33,7.61
4227,8.85,8.11,6.89,4.89,6.09,5.62,6.59,6.33,7.61
4228,8.85,8.11,6.89,4.89,6.09,5.62,6.59,6.33,7.61
4229,8.85,8.11,6.89,4.89,6.09,5.62,6.59,6.33,7.61
4230,8.85,8.11,6.89,4.89,6.09,5.62,6.59,6.33,7.61
4231,8.85,8.11,6.89,4.89,6.09,5.62,6.59,6.33,7.61
4232,8.85,8.11,6.89,4.89,6.09,5.62,6.59,6.33,7.61
4233,8.85,8.11,6.89,4.89,6.09,5.62,6.59,6.33,7.61
4234,8.85,8.11,6.89,4.89,6.09,5.62,6.59,6.33,7.61
4235,8.85,8.11,6.89,4.89,6.09,5.62,6.59,6.33,7.61
4236,8.85,8.11,6.89,4.89,6.09,5.62,6.59,6.33,7.61
4237,8.85,8.11,6.89,4.89,6.09,5.62,6.59,6.33,7.61
4238,8.85,8.11,6.89,4.89,6.09,5.62,6.59,6.33,7.61
4239,8.85,8.11,6.89,4.89,6.09,5.62,6.59,6.33,7.61
4240,8.85,8.11,6.89,4.89,6.09,5.62,6.59,6.33,7.61
4241,8.85,8.11,6.89,4.89,6.09,5.62,6.59,6.33,7.61
4242,8.85,8.11,6.89,4.89,6.09,5.62,6.59,6.33,7.61
4243,8.85,8.11,6.89,4.89,6.09,5.62,6.59,6.33,7.61
4244,8.85,8.11,6.89,4.89,6.09,5.62,6.59,6.33,7.61
4245,8.85,8.11,6.89,4.89,6.09,5.62,6.59,6.33,7.61
4246,8.85,8.11,6.89,4.89,6.09,5.62,6.59,6.33,7.61
4247,8.85,8.11,6.89,4.89,6.09,5.62,6.59,6.33,7.61
4248,8.85,8.11,6.89,4.89,6.09,5.62,6.59,6.33,7.61
4249,8.85,8.11,6.89,4.89,6.09,5.62,6.59,6.33,7.61
4250,8.85,8.11,6.89,4.89,6.09,5.62,6.59,6.33,7.61
4251,8.85,8.11,6.89,4.89,6.09,5.62,6.59,6.33,7.61
4252,8.85,8.11,6.89,4.89,6.09,5.62,6.59,6.33,7.61
4253,8.85,8.11,6.89,4.89,6.09,5.62,6.59,6.33,7.61
4254,8.85,8.11,6.89,4.89,6.09,5.62,6.59,6.33,7.61
4255,8.85,8.11,6.89,4.89,6.09,5.62,6.59,6.33,7.61
4256,8.85,8.11,6.89,4.89,6.09,5.62,6.59,6.33,7.61
4257,8.85,8.11,6.89,4.89,6.09,5.62,6.59,6.33,7.61
4258,8.85,8.11,6.89,4.89,6.09,5.62,6.59,6.33,7.61
4259,8.85,8.11,6.89,4.89,6.09,5.62,6.59,6.33,7.61
4260,8.85,8.11,6.89,4.89,6.09,5.62,6.59,6.33,7.61
4261,8.85,8.11,6.89,4.89,6.09,5.62,6.59,6.33,7.61
4262,8.85,8.11,6.89,4.89,6.09,5.62,6.59,6.33,7.61
4263,8.85,8.11,6.89,4.89,6.09,5.62,6.59,6.33,7.61
4264,8.85,8.11,6.89,4.89,6.09,5.62,6.59,6.33,7.61
4265,8.85,8.11,6.89,4.89,6.09,5.62,6.59,6.33,7.61
4266,8.85,8.11,6.89,4.89,6.09,5.62,6.59,6.33,7.61
4267,8.85,8.11,6.89,4.89,6.09,5.62,6.59,6.33,7.61
4268,8.85,8.11,6.89,4.89,6.09,5.62,6.59,6.33,7.61
4269,8.85,8.11,6.89,4.89,6.09,5.62,6.59,6.33,7.61
4270,8.85,8.11,6.89,4.89,6.09,5.62,6.59,6.33,7.61
4271,8.85,8.11,6.89,4.89,6.09,5.62,6.59,6.33,7.61
4272,8.85,8.11,6.89,4.89,6.09,5.62,6.59,6.33,7.61
4273,8.85,8.11,6.89,4.89,6.09,5.62,6.59,6.33,7.61
4274,8.85,8.11,6.89,4.89,6.09,5.62,6.59,6.33,7.61
4275,8.85,8.11,6.89,4.89,6.09,5.62,6.59,6.33,7.61
4276,8.85,8.11,6.89,4.89,6.09,5.62,6.59,6.33,7.61
4277,8.85,8.11,6.89,4.89,6.09,5.62,6.59,6.33,7.61
4278,8.85,8.11,6.89,4.89,6.09,5.62,6.59,6.33,7.61
4279,8.85,8.11,6.89,4.89,6.09,5.62,6.59,6.33,7.61
4280,8.85,8.11,6.89,4.89,6.09,5.62,6.59,6.33,7.61
4281,8.85,8.11,6.89,4.89,6.09,5.62,6.59,6.33,7.61
4282,8.85,8.11,6.89,4.89,6.09,5.62,6.59,6.33,7.61
4283,8.85,8.11,6.89,4.89,6.09,5.62,6.59,6.33,7.61
4284,8.85,8.11,6.89,4.89,6.09,5.62,6.59,6.33,7.61
4285,8.85,8.11,6.89,4.89,6.09,5.62,6.59,6.33,7.61
4286,8.85,8.11,6.89,4.89,6.09,5.62,6.59,6.33,7.61
4287,8.85,8.11,6.89,4.89,6.09,5.62,6.59,6.33,7.61
4288,8.85,8.11,6.89,4.89,6.09,5.62,6.59,6.33,7.61
4289,8.85,8.11,6.89,4.89,6.09,5.62,6.59,6.33,7.61
4290,8.85,8.11,6.89,4.89,6.09,5.62,6.59,6.33,7.61
4291,8.85,8.11,6.89,4.89,6.09,5.62,6.59,6.33,7.61
4292,8.85,8.11,6.89,4.89,6.09,5.62,6.59,6.33,7.61
4293,8.85,8.11,6.89,4.89,6.09,5.62,6.59,6.33,7.61
4294,8.85,8.11,6.89,4.89,6.09,5.62,6.59,6.33,7.61
4295,8.85,8.11,6.89,4.89,6.09,5.62,6.59,6.33,7.61
4296,8.85,8.11,6.89,4.89,6.09,5.62,6.59,6.33,7.61
4297,8.85,8.11,6.89,4.89,6.09,5.62,6.59,6.33,7.61
4298,8.85,8.11,6.89,4.89,6.09,5.62,6.59,6.33,7.61
4299,8.85,8.11,6.89,4.89,6.09,5.62,6.59,6.33,7.61
4300,8.85,8.11,6.89,4.89,6.09,5.62,6.59,6.33,7.61
4301,8.85,8.11,6.89,4.89,6.09,5.62,6.59,6.33,7.61
4302,8.85,8.11,6.89,4.89,6.09,5.62,6.59,6.33,7.61
4303,8.85,8.11,6.89,4.89,6.09,5.62,6.59,6.33,7.61
4304,8.85,8.11,6.89,4.89,6.09,5.62,6.59,6.33,7.61
4305,8.85,8.11,6.89,4.89,6.09,5.62,6.59,6.33,7.61
4306,8.85,8.11,6.89,4.89,6.09,5.62,6.59,6.33,7.61
4307,8.85,8.11,6.89,4.89,6.09,5.62,6.59,6.33,7.61
4308,8.85,8.11,6.89,4.89,6.09,5.62,6.59,6.33,7.61
4309,8.85,8.11,6.89,4.89,6.09,5.62,6.59,6.33,7.61
4310,8.85,8.11,6.89,4.89,6.09,5.62,6.59,6.33,7.61
4311,8.85,8.11,6.89,4.89,6.09,5.62,6.59,6.33,7.61
4312,8.85,8.11,6.89,4.89,6.09,5.62,6.59,6.33,7.61
4313,8.85,8.11,6.89,4.89,6.09,5.62,6.59,6.33,7.61
4314,8.85,8.11,6.89,4.89,6.09,5.62,6.59,6.33,7.61
4315,8.85,8.11,6.89,4.89,6.09,5.62,6.59,6.33,7.61
4316,8.85,8.11,6.89,4.89,6.09,5.62,6.59,6.33,7.61
4317,8.85,8.11,6.89,4.89,6.09,5.62,6.59,6.33,7.61
4318,8.85,8.11,6.89,4.89,6.09,5.62,6.59,6.33,7.61
4319,8.85,8.11,6.89,4.89,6.09,5.62,6.59,6.33,7.61
4320,8.85,8.11,6.89,4.89,6.09,5.62,6.59,6.33,7.61
4321,8.85,8.11,6.89,4.89,6.09,5.62,6.59,6.33,7.61
4322,8.85,8.11,6.89,4.89,6.09,5.62,6.59,6.33,7.61
4323,8.85,8.11,6.89,4.89,6.09,5.62,6.59,6.33,7.61
4324,8.85,8.11,6.89,4.89,6.09,5.62,6.59,6.33,7.61
4325,8.85,8.11,6.89,4.89,6.09,5.62,6.59,6.33,7.61
4326,8.85,8.11,6.89,4.89,6.09,5.62,6.59,6.33,7.61
4327,8.85,8.11,6.89,4.89,6.09,5.62,6.59,6.33,7.61
4328,8.85,8.11,6.89,4.89,6.09,5.62,6.59,6.33,7.61
4329,8.85,8.11,6.89,4.89,6.09,5.62,6.59,6.33,7.61
4330,8.85,8.11,6.89,4.89,6.09,5.62,6.59,6.33,7.61
4331,8.85,8.11,6.89,4.89,6.09,5.62,6.59,6.33,7.61
4332,8.85,8.11,6.89,4.89,6.09,5.62,6.59,6.33,7.61
4333,8.85,8.11,6.89,4.89,6.09,5.62,6.59,6.33,7.61
4334,8.85,8.11,6.89,4.89,6.09,5.62,6.59,6.33,7.61
4335,8.85,8.11,6.89,4.89,6.09,5.62,6.59,6.33,7.61
4336,8.85,8.11,6.89,4.89,6.09,5.62,6.59,6.33,7.61
4337,8.85,8.11,6.89,4.89,6.09,5.62,6.59,6.33,7.61
4338,8.85,8.11,6.89,4.89,6.09,5.62,6.59,6.33,7.61
4339,8.85,8.11,6.89,4.89,6.09,5.62,6.59,6.33,7.61
4340,8.85,8.11,6.89,4.89,6.09,5.62,6.59,6.33,7.61
4341,8.85,8.11,6.89,4.89,6.09,5.62,6.59,6.33,7.61
4342,8.85,8.11,6.89,4.89,6.09,5.62,6.59,6.33,7.61
4343,8.85,8.11,6.89,4.89,6.09,5.62,6.59,6.33,7.61
4344,8.85,8.11,6.89,4.89,6.09,5.62,6.59,6.33,7.61
4345,8.85,8.11,6.89,4.89,6.09,5.62,6.59,6.33,7.61
4346,8.85,8.11,6.89,4.89,6.09,5.62,6.59,6.33,7.61
4347,8.85,8.11,6.89,4.89,6.09,5.62,6.59,6.33,7.61
4348,8.85,8.11,6.89,4.89,6.09,5.62,6.59,6.33,7.61
4349,8.85,8.11,6.89,4.89,6.09,5.62,6.59,6.33,7.61
4350,8.85,8.11,6.89,4.89,6.09,5.62,6.59,6.33,7.61
4351,8.85,8.11,6.89,4.89,6.09,5.62,6.59,6.33,7.61
4352,8.85,8.11,6.89,4.89,6.09,5.62,6.59,6.33,7.61
4353,8.85,8.11,6.89,4.89,6.09,5.62,6.59,6.33,7.61
4354,8.85,8.11,6.89,4.89,6.09,5.62,6.59,6.33,7.61
4355,8.85,8.11,6.89,4.89,6.09,5.62,6.59,6.33,7.61
4356,8.85,8.11,6.89,4.89,6.09,5.62,6.59,6.33,7.61
4357,8.85,8.11,6.89,4.89,6.09,5.62,6.59,6.33,7.61
4358,8.85,8.11,6.89,4.89,6.09,5.62,6.59,6.33,7.61
4359,8.85,8.11,6.89,4.89,6.09,5.62,6.59,6.33,7.61
4360,8.85,8.11,6.89,4.89,6.09,5.62,6.59,6.33,7.61
4361,8.85,8.11,6.89,4.89,6.09,5.62,6.59,6.33,7.61
4362,8.85,8.11,6.89,4.89,6.09,5.62,6.59,6.33,7.61
4363,8.85,8.11,6.89,4.89,6.09,5.62,6.59,6.33,7.61
4364,8.85,8.11,6.89,4.89,6.09,5.62,6.59,6.33,7.61
4365,8.85,8.11,6.89,4.89,6.09,5.62,6.59,6.33,7.61
4366,8.85,8.11,6.89,4.89,6.09,5.62,6.59,6.33,7.61
4367,8.85,8.11,6.89,4.89,6.09,5.62,6.59,6.33,7.61
4368,8.85,8.11,6.89,4.89,6.09,5.62,6.59,6.33,7.61
4369,8.85,8.11,6.89,4.89,6.09,5.62,6.59,6.33,7.61
4370,8.85,8.11,6.89,4.89,6.09,5.62,6.59,6.33,7.61
4371,8.85,8.11,6.89,4.89,6.09,5.62,6.59,6.33,7.61
4372,8.85,8.11,6.89,4.89,6.09,5.62,6.59,6.33,7.61
4373,8.85,8.11,6.89,4.89,6.09,5.62,6.59,6.33,7.61
4374,8.85,8.11,6.89,4.89,6.09,5.62,6.59,6.33,7.61
4375,8.85,8.11,6.89,4.89,6.09,5.62,6.59,6.33,7.61
4376,8.85,8.11,6.89,4.89,6.09,5.62,6.59,6.33,7.61
4377,8.85,8.11,6.89,4.89,6.09,5.62,6.59,6.33,7.61
4378,8.85,8.11,6.89,4.89,6.09,5.62,6.59,6.33,7.61
4379,8.85,8.11,6.89,4.89,6.09,5.62,6.59,6.33,7.61
4380,8.85,8.11,6.89,4.89,6.09,5.62,6.59,6.33,7.61
4381,8.85,8.11,6.89,4.89,6.09,5.62,6.59,6.33,7.61
4382,8.85,8.11,6.89,4.89,6.09,5.62,6.59,6.33,7.61
4383,8.85,8.11,6.89,4.89,6.09,5.62,6.59,6.33,7.61
4384,8.85,8.11,6.89,4.89,6.09,5.62,6.59,6.33,7.61
4385,8.85,8.11,6.89,4.89,6.09,5.62,6.59,6.33,7.61
4386,8.85,8.11,6.89,4.89,6.09,5.62,6.59,6.33,7.61
4387,8.85,8.11,6.89,4.89,6.09,5.62,6.59,6.33,7.61
4388,8.85,8.11,6.89,4.89,6.09,5.62,6.59,6.33,7.61
4389,8.85,8.11,6.89,4.89,6.09,5.62,6.59,6.33,7.61
4390,8.85,8.11,6.89,4.89,6.09,5.62,6.59,6.33,7.61
4391,8.85,8.11,6.89,4.89,6.09,5.62,6.59,6.33,7.61
4392,8.85,8.11,6.89,4.89,6.09,5.62,6.59,6.33,7.61
4393,8.85,8.11,6.89,4.89,6.09,5.62,6.59,6.33,7.61
4394,8.85,8.11,6.89,4.89,6.09,5.62,6.59,6.33,7.61
4395,8.85,8.11,6.89,4.89,6.09,5.62,6.59,6.33,7.61
4396,8.85,8.11,6.89,4.89,6.09,5.62,6.59,6.33,7.61
4397,8.85,8.11,6.89,4.89,6.09,5.62,6.59,6.33,7.61
4398,8.85,8.11,6.89,4.89,6.09,5.62,6.59,6.33,7.61
4399,8.85,8.11,6.89,4.89,6.09,5.62,6.59,6.33,7.61
4400,8.85,8.11,6.89,4.89,6.09,5.62,6.59,6.33,7.61
4401,8.85,8.11,6.89,4.89,6.09,5.62,6.59,6.33,7.61
4402,8.85,8.11,6.89,4.89,6.09,5.62,6.59,6.33,7.61
4403,8.85,8.11,6.89,4.89,6.09,5.62,6.59,6.33,7.61
4404,8.85,8.11,6.89,4.89,6.09,5.62,6.59,6.33,7.61
4405,8.85,8.11,6.89,4.89,6.09,5.62,6.59,6.33,7.61
4406,8.85,8.11,6.89,4.89,6.09,5.62,6.59,6.33,7.61
4407,8.85,8.11,6.89,4.89,6.09,5.62,6.59,6.33,7.61
4408,8.85,8.11,6.89,4.89,6.09,5.62,6.59,6.33,7.61
4409,8.85,8.11,6.89,4.89,6.09,5.62,6.59,6.33,7.61
4410,8.85,8.11,6.89,4.89,6.09,5.62,6.59,6.33,7.61
4411,8.85,8.11,6.89,4.89,6.09,5.62,6.59,6.33,7.61
4412,8.85,8.11,6.89,4.89,6.09,5.62,6.59,6.33,7.61
4413,8.85,8.11,6.89,4.89,6.09,5.62,6.59,6.33,7.61
4414,8.85,8.11,6.89,4.89,6.09,5.62,6.59,6.33,7.61
4415,8.85,8.11,6.89,4.89,6.09,5.62,6.59,6.33,7.61
4416,8.85,8.11,6.89,4.89,6.09,5.62,6.59,6.33,7.61
4417,8.85,8.11,6.89,4.89,6.09,5.62,6.59,6.33,7.61
4418,8.85,8.11,6.89,4.89,6.09,5.62,6.59,6.33,7.61
4419,8.85,8.11,6.89,4.89,6.09,5.62,6.59,6.33,7.61
4420,8.85,8.11,6.89,4.89,6.09,5.62,6.59,6.33,7.61
4421,8.85,8.11,6.89,4.89,6.09,5.62,6.59,6.33,7.61
4422,8.85,8.11,6.89,4.89,6.09,5.62,6.59,6.33,7.61
4423,8.85,8.11,6.89,4.89,6.09,5.62,6.59,6.33,7.61
4424,8.85,8.11,6.89,4.89,6.09,5.62,6.59,6.33,7.61
4425,8.85,8.11,6.89,4.89,6.09,5.62,6.59,6.33,7.61
4426,8.85,8.11,6.89,4.89,6.09,5.62,6.59,6.33,7.61
4427,8.85,8.11,6.89,4.89,6.09,5.62,6.59,6.33,7.61
4428,8.85,8.11,6.89,4.89,6.09,5.62,6.59,6.33,7.61
4429,8.85,8.11,6.89,4.89,6.09,5.62,6.59,6.33,7.61
4430,8.85,8.11,6.89,4.89,6.09,5.62,6.59,6.33,7.61
4431,8.85,8.11,6.89,4.89,6.09,5.62,6.59,6.33,7.61
4432,8.85,8.11,6.89,4.89,6.09,5.62,6.59,6.33,7.61
4433,8.85,8.11,6.89,4.89,6.09,5.62,6.59,6.33,7.61
4434,8.85,8.11,6.89,4.89,6.09,5.62,6.59,6.33,7.61
4435,8.85,8.11,6.89,4.89,6.09,5.62,6.59,6.33,7.61
4436,8.85,8.11,6.89,4.89,6.09,5.62,6.59,6.33,7.61
4437,8.85,8.11,6.89,4.89,6.09,5.62,6.59,6.33,7.61
4438,8.85,8.11,6.89,4.89,6.09,5.62,6.59,6.33,7.61
4439,8.85,8.11,6.89,4.89,6.09,5.62,6.59,6.33,7.61
4440,8.85,8.11,6.89,4.89,6.09,5.62,6.59,6.33,7.61
4441,8.85,8.11,6.89,4.89,6.09,5.62,6.59,6.33,7.61
4442,8.85,8.11,6.89,4.89,6.09,5.62,6.59,6.33,7.61
4443,8.85,8.11,6.89,4.89,6.09,5.62,6.59,6.33,7.61
4444,8.85,8.11,6.89,4.89,6.09,5.62,6.59,6.33,7.61
4445,8.85,8.11,6.89,4.89,6.09,5.62,6.59,6.33,7.61
4446,8.85,8.11,6.89,4.89,6.09,5.62,6.59,6.33,7.61
4447,8.85,8.11,6.89,4.89,6.09,5.62,6.59,6.33,7.61
4448,8.85,8.11,6.89,4.89,6.09,5.62,6.59,6.33,7.61
4449,8.85,8.11,6.89,4.89,6.09,5.62,6.59,6.33,7.61
4450,8.85,8.11,6.89,4.89,6.09,5.62,6.59,6.33,7.61
4451,8.85,8.11,6.89,4.89,6.09,5.62,6.59,6.33,7.61
4452,8.85,8.11,6.89,4.89,6.09,5.62,6.59,6.33,7.61
4453,8.85,8.11,6.89,4.89,6.09,5.62,6.59,6.33,7.61
4454,8.85,8.11,6.89,4.89,6.09,5.62,6.59,6.33,7.61
4455,8.85,8.11,6.89,4.89,6.09,5.62,6.59,6.33,7.61
4456,8.85,8.11,6.89,4.89,6.09,5.62,6.59,6.33,7.61
4457,8.85,8.11,6.89,4.89,6.09,5.62,6.59,6.33,7.61
4458,8.85,8.11,6.89,4.89,6.09,5.62,6.59,6.33,7.61
4459,8.85,8.11,6.89,4.89,6.09,5.62,6.59,6.33,7.61
4460,8.85,8.11,6.89,4.89,6.09,5.62,6.59,6.33,7.61
4461,8.85,8.11,6.89,4.89,6.09,5.62,6.59,6.33,7.61
4462,8.85,8.11,6.89,4.89,6.09,5.62,6.59,6.33,7.61
4463,8.85,8.11,6.89,4.89,6.09,5.62,6.59,6.33,7.61
4464,8.85,8.11,6.89,4.89,6.09,5.62,6.59,6.33,7.61
4465,8.85,8.11,6.89,4.89,6.09,5.62,6.59,6.33,7.61
4466,8.85,8.11,6.89,4.89,6.09,5.62,6.59,6.33,7.61
4467,8.85,8.11,6.89,4.89,6.09,5.62,6.59,6.33,7.61
4468,8.85,8.11,6.89,4.89,6.09,5.62,6.59,6.33,7.61
4469,8.85,8.11,6.89,4.89,6.09,5.62,6.59,6.33,7.61
4470,8.85,8.11,6.89,4.89,6.09,5.62,6.59,6.33,7.61
4471,8.85,8.11,6.89,4.89,6.09,5.62,6.59,6.33,7.61
4472,8.85,8.11,6.89,4.89,6.09,5.62,6.59,6.33,7.61
4473,8.85,8.11,6.89,4.89,6.09,5.62,6.59,6.33,7.61
4474,8.85,8.11,6.89,4.89,6.09,5.62,6.59,6.33,7.61
4475,8.85,8.11,6.89,4.89,6.09,5.62,6.59,6.33,7.61
4476,8.85,8.11,6.89,4.89,6.09,5.62,6.59,6.33,7.61
4477,8.85,8.11,6.89,4.89,6.09,5.62,6.59,6.33,7.61
4478,8.85,8.11,6.89,4.89,6.09,5.62,6.59,6.33,7.61
4479,8.85,8.11,6.89,4.89,6.09,5.62,6.59,6.33,7.61
4480,8.85,8.11,6.89,4.89,6.09,5.62,6.59,6.33,7.61
4481,8.85,8.11,6.89,4.89,6.09,5.62,6.59,6.33,7.61
4482,8.85,8.11,6.89,4.89,6.09,5.62,6.59,6.33,7.61
4483,8.85,8.11,6.89,4.89,6.09,5.62,6.59,6.33,7.61
4484,8.85,8.11,6.89,4.89,6.09,5.62,6.59,6.33,7.61
4485,8.85,8.11,6.89,4.89,6.09,5.62,6.59,6.33,7.61
4486,8.85,8.11,6.89,4.89,6.09,5.62,6.59,6.33,7.61
4487,8.85,8.11,6.89,4.89,6.09,5.62,6.59,6.33,7.61
4488,8.85,8.11,6.89,4.89,6.09,5.62,6.59,6.33,7.61
4489,8.85,8.11,6.89,4.89,6.09,5.62,6.59,6.33,7.61
4490,8.85,8.11,6.89,4.89,6.09,5.62,6.59,6.33,7.61
4491,8.85,8.11,6.89,4.89,6.09,5.62,6.59,6.33,7.61
4492,8.85,8.11,6.89,4.89,6.09,5.62,6.59,6.33,7.61
4493,8.85,8.11,6.89,4.89,6.09,5.62,6.59,6.33,7.61
4494,8.85,8.11,6.89,4.89,6.09,5.62,6.59,6.33,7.61
4495,8.85,8.11,6.89,4.89,6.09,5.62,6.59,6.33,7.61
4496,8.85,8.11,6.89,4.89,6.09,5.62,6.59,6.33,7.61
4497,8.85,8.11,6.89,4.89,6.09,5.62,6.59,6.33,7.61
4498,8.85,8.11,6.89,4.89,6.09,5.62,6.59,6.33,7.61
4499,8.85,8.11,6.89,4.89,6.09,5.62,6.59,6.33,7.61
4500,8.85,8.11,6.89,4.89,6.09,5.62,6.59,6.33,7.61
4501,8.85,8.11,6.89,4.89,6.09,5.62,6.59,6.33,7.61
4502,8.85,8.11,6.89,4.89,6.09,5.62,6.59,6.33,7.61
4503,8.85,8.11,6.89,4.89,6.09,5.62,6.59,6.33,7.61
4504,8.85,8.11,6.89,4.89,6.09,5.62,6.59,6.33,7.61
4505,8.85,8.11,6.89,4.89,6.09,5.62,6.59,6.33,7.61
4506,8.85,8.11,6.89,4.89,6.09,5.62,6.59,6.33,7.61
4507,8.85,8.11,6.89,4.89,6.09,5.62,6.59,6.33,7.61
4508,8.85,8.11,6.89,4.89,6.09,5.62,6.59,6.33,7.61
4509,8.85,8.11,6.89,4.89,6.09,5.62,6.59,6.33,7.61
4510,8.85,8.11,6.89,4.89,6.09,5.62,6.59,6.33,7.61
4511,8.85,8.11,6.89,4.89,6.09,5.62,6.59,6.33,7.61
4512,8.85,8.11,6.89,4.89,6.09,5.62,6.59,6.33,7.61
4513,8.85,8.11,6.89,4.89,6.09,5.62,6.59,6.33,7.61
4514,8.85,8.11,6.89,4.89,6.09,5.62,6.59,6.33,7.61
4515,8.85,8.11,6.89,4.89,6.09,5.62,6.59,6.33,7.61
4516,8.85,8.11,6.89,4.89,6.09,5.62,6.59,6.33,7.61
4517,8.85,8.11,6.89,4.89,6.09,5.62,6.59,6.33,7.61
4518,8.85,8.11,6.89,4.89,6.09,5.62,6.59,6.33,7.61
4519,8.85,8.11,6.89,4.89,6.09,5.62,6.59,6.33,7.61
4520,8.85,8.11,6.89,4.89,6.09,5.62,6.59,6.33,7.61
4521,8.85,8.11,6.89,4.89,6.09,5.62,6.59,6.33,7.61
4522,8.85,8.11,6.89,4.89,6.09,5.62,6.59,6.33,7.61
4523,8.85,8.11,6.89,4.89,6.09,5.62,6.59,6.33,7.61
4524,8.85,8.11,6.89,4.89,6.09,5.62,6.59,6.33,7.61
4525,8.85,8.11,6.89,4.89,6.09,5.62,6.59,6.33,7.61
4526,8.85,8.11,6.89,4.89,6.09,5.62,6.59,6.33,7.61
4527,8.85,8.11,6.89,4.89,6.09,5.62,6.59,6.33,7.61
4528,8.85,8.11,6.89,4.89,6.09,5.62,6.59,6.33,7.61
4529,8.85,8.11,6.89,4.89,6.09,5.62,6.59,6.33,7.61
4530,8.85,8.11,6.89,4.89,6.09,5.62,6.59,6.33,7.61
4531,8.85,8.11,6.89,4.89,6.09,5.62,6.59,6.33,7.61
4532,8.85,8.11,6.89,4.89,6.09,5.62,6.59,6.33,7.61
4533,8.85,8.11,6.89,4.89,6.09,5.62,6.59,6.33,7.61
4534,8.85,8.11,6.89,4.89,6.09,5.62,6.59,6.33,7.61
4535,8.85,8.11,6.89,4.89,6.09,5.62,6.59,6.33,7.61
4536,8.85,8.11,6.89,4.89,6.09,5.62,6.59,6.33,7.61
4537,8.85,8.11,6.89,4.89,6.09,5.62,6.59,6.33,7.61
4538,8.85,8.11,6.89,4.89,6.09,5.62,6.59,6.33,7.61
4539,8.85,8.11,6.89,4.89,6.09,5.62,6.59,6.33,7.61
4540,8.85,8.11,6.89,4.89,6.09,5.62,6.59,6.33,7.61
4541,8.85,8.11,6.89,4.89,6.09,5.62,6.59,6.33,7.61
4542,8.85,8.11,6.89,4.89,6.09,5.62,6.59,6.33,7.61
4543,8.85,8.11,6.89,4.89,6.09,5.62,6.59,6.33,7.61
4544,8.85,8.11,6.89,4.89,6.09,5.62,6.59,6.33,7.61
4545,8.85,8.11,6.89,4.89,6.09,5.62,6.59,6.33,7.61
4546,8.85,8.11,6.89,4.89,6.09,5.62,6.59,6.33,7.61
4547,8.85,8.11,6.89,4.89,6.09,5.62,6.59,6.33,7.61
4548,8.85,8.11,6.89,4.89,6.09,5.62,6.59,6.33,7.61
4549,8.85,8.11,6.89,4.89,6.09,5.62,6.59,6.33,7.61
4550,8.85,8.11,6.89,4.89,6.09,5.62,6.59,6.33,7.61
4551,8.85,8.11,6.89,4.89,6.09,5.62,6.59,6.33,7.61
4552,8.85,8.11,6.89,4.89,6.09,5.62,6.59,6.33,7.61
4553,8.85,8.11,6.89,4.89,6.09,5.62,6.59,6.33,7.61
4554,8.85,8.11,6.89,4.89,6.09,5.62,6.59,6.33,7.61
4555,8.85,8.11,6.89,4.89,6.09,5.62,6.59,6.33,7.61
4556,8.85,8.11,6.89,4.89,6.09,5.62,6.59,6.33,7.61
4557,8.85,8.11,6.89,4.89,6.09,5.62,6.59,6.33,7.61
4558,8.85,8.11,6.89,4.89,6.09,5.62,6.59,6.33,7.61
4559,8.85,8.11,6.89,4.89,6.09,5.62,6.59,6.33,7.61
4560,8.85,8.11,6.89,4.89,6.09,5.62,6.59,6.33,7.61
4561,8.85,8.11,6.89,4.89,6.09,5.62,6.59,6.33,7.61
4562,8.85,8.11,6.89,4.89,6.09,5.62,6.59,6.33,7.61
4563,8.85,8.11,6.89,4.89,6.09,5.62,6.59,6.33,7.61
4564,8.85,8.11,6.89,4.89,6.09,5.62,6.59,6.33,7.61
4565,8.85,8.11,6.89,4.89,6.09,5.62,6.59,6.33,7.61
4566,8.85,8.11,6.89,4.89,6.09,5.62,6.59,6.33,7.61
4567,8.85,8.11,6.89,4.89,6.09,5.62,6.59,6.33,7.61
4568,8.85,8.11,6.89,4.89,6.09,5.62,6.59,6.33,7.61
4569,8.85,8.11,6.89,4.89,6.09,5.62,6.59,6.33,7.61
4570,8.85,8.11,6.89,4.89,6.09,5.62,6.59,6.33,7.61
4571,8.85,8.11,6.89,4.89,6.09,5.62,6.59,6.33,7.61
4572,8.85,8.11,6.89,4.89,6.09,5.62,6.59,6.33,7.61
4573,8.85,8.11,6.89,4.89,6.09,5.62,6.59,6.33,7.61
4574,8.85,8.11,6.89,4.89,6.09,5.62,6.59,6.33,7.61
4575,8.85,8.11,6.89,4.89,6.09,5.62,6.59,6.33,7.61
4576,8.85,8.11,6.89,4.89,6.09,5.62,6.59,6.33,7.61
4577,8.85,8.11,6.89,4.89,6.09,5.62,6.59,6.33,7.61
4578,8.85,8.11,6.89,4.89,6.09,5.62,6.59,6.33,7.61
4579,8.85,8.11,6.89,4.89,6.09,5.62,6.59,6.33,7.61
4580,8.85,8.11,6.89,4.89,6.09,5.62,6.59,6.33,7.61
4581,8.85,8.11,6.89,4.89,6.09,5.62,6.59,6.33,7.61
4582,8.85,8.11,6.89,4.89,6.09,5.62,6.59,6.33,7.61
4583,8.85,8.11,6.89,4.89,6.09,5.62,6.59,6.33,7.61
4584,8.85,8.11,6.89,4.89,6.09,5.62,6.59,6.33,7.61
4585,8.85,8.11,6.89,4.89,6.09,5.62,6.59,6.33,7.61
4586,8.85,8.11,6.89,4.89,6.09,5.62,6.59,6.33,7.61
4587,8.85,8.11,6.89,4.89,6.09,5.62,6.59,6.33,7.61
4588,8.85,8.11,6.89,4.89,6.09,5.62,6.59,6.33,7.61
4589,8.85,8.11,6.89,4.89,6.09,5.62,6.59,6.33,7.61
4590,8.85,8.11,6.89,4.89,6.09,5.62,6.59,6.33,7.61
4591,8.85,8.11,6.89,4.89,6.09,5.62,6.59,6.33,7.61
4592,8.85,8.11,6.89,4.89,6.09,5.62,6.59,6.33,7.61
4593,8.85,8.11,6.89,4.89,6.09,5.62,6.59,6.33,7.61
4594,8.85,8.11,6.89,4.89,6.09,5.62,6.59,6.33,7.61
4595,8.85,8.11,6.89,4.89,6.09,5.62,6.59,6.33,7.61
4596,8.85,8.11,6.89,4.89,6.09,5.62,6.59,6.33,7.61
4597,8.85,8.11,6.89,4.89,6.09,5.62,6.59,6.33,7.61
4598,8.85,8.11,6.89,4.89,6.09,5.62,6.59,6.33,7.61
4599,8.85,8.11,6.89,4.89,6.09,5.62,6.59,6.33,7.61
4600,8.85,8.11,6.89,4.89,6.09,5.62,6.59,6.33,7.61
4601,8.85,8.11,6.89,4.89,6.09,5.62,6.59,6.33,7.61
4602,8.85,8.11,6.89,4.89,6.09,5.62,6.59,6.33,7.61
4603,8.85,8.11,6.89,4.89,6.09,5.62,6.59,6.33,7.61
4604,8.85,8.11,6.89,4.89,6.09,5.62,6.59,6.33,7.61
4605,8.85,8.11,6.89,4.89,6.09,5.62,6.59,6.33,7.61
4606,8.85,8.11,6.89,4.89,6.09,5.62,6.59,6.33,7.61
4607,8.85,8.11,6.89,4.89,6.09,5.62,6.59,6.33,7.61
4608,8.85,8.11,6.89,4.89,6.09,5.62,6.59,6.33,7.61
4609,8.85,8.11,6.89,4.89,6.09,5.62,6.59,6.33,7.61
4610,8.85,8.11,6.89,4.89,6.09,5.62,6.59,6.33,7.61
4611,8.85,8.11,6.89,4.89,6.09,5.62,6.59,6.33,7.61
4612,8.85,8.11,6.89,4.89,6.09,5.62,6.59,6.33,7.61
4613,8.85,8.11,6.89,4.89,6.09,5.62,6.59,6.33,7.61
4614,8.85,8.11,6.89,4.89,6.09,5.62,6.59,6.33,7.61
4615,8.85,8.11,6.89,4.89,6.09,5.62,6.59,6.33,7.61
4616,8.85,8.11,6.89,4.89,6.09,5.62,6.59,6.33,7.61
4617,8.85,8.11,6.89,4.89,6.09,5.62,6.59,6.33,7.61
4618,8.85,8.11,6.89,4.89,6.09,5.62,6.59,6.33,7.61
4619,8.85,8.11,6.89,4.89,6.09,5.62,6.59,6.33,7.61
4620,8.85,8.11,6.89,4.89,6.09,5.62,6.59,6.33,7.61
4621,8.85,8.11,6.89,4.89,6.09,5.62,6.59,6.33,7.61
4622,8.85,8.11,6.89,4.89,6.09,5.62,6.59,6.33,7.61
4623,8.85,8.11,6.89,4.89,6.09,5.62,6.59,6.33,7.61
4624,8.85,8.11,6.89,4.89,6.09,5.62,6.59,6.33,7.61
4625,8.85,8.11,6.89,4.89,6.09,5.62,6.59,6.33,7.61
4626,8.85,8.11,6.89,4.89,6.09,5.62,6.59,6.33,7.61
4627,8.85,8.11,6.89,4.89,6.09,5.62,6.59,6.33,7.61
4628,8.85,8.11,6.89,4.89,6.09,5.62,6.59,6.33,7.61
4629,8.85,8.11,6.89,4.89,6.09,5.62,6.59,6.33,7.61
4630,8.85,8.11,6.89,4.89,6.09,5.62,6.59,6.33,7.61
4631,8.85,8.11,6.89,4.89,6.09,5.62,6.59,6.33,7.61
4632,8.85,8.11,6.89,4.89,6.09,5.62,6.59,6.33,7.61
4633,8.85,8.11,6.89,4.89,6.09,5.62,6.59,6.33,7.61
4634,8.85,8.11,6.89,4.89,6.09,5.62,6.59,6.33,7.61
4635,8.85,8.11,6.89,4.89,6.09,5.62,6.59,6.33,7.61
4636,8.85,8.11,6.89,4.89,6.09,5.62,6.59,6.33,7.61
4637,8.85,8.11,6.89,4.89,6.09,5.62,6.59,6.33,7.61
4638,8.85,8.11,6.89,4.89,6.09,5.62,6.59,6.33,7.61
4639,8.85,8.11,6.89,4.89,6.09,5.62,6.59,6.33,7.61
4640,8.85,8.11,6.89,4.89,6.09,5.62,6.59,6.33,7.61
4641,8.85,8.11,6.89,4.89,6.09,5.62,6.59,6.33,7.61
4642,8.85,8.11,6.89,4.89,6.09,5.62,6.59,6.33,7.61
4643,8.85,8.11,6.89,4.89,6.09,5.62,6.59,6.33,7.61
4644,8.85,8.11,6.89,4.89,6.09,5.62,6.59,6.33,7.61
4645,8.85,8.11,6.89,4.89,6.09,5.62,6.59,6.33,7.61
4646,8.85,8.11,6.89,4.89,6.09,5.62,6.59,6.33,7.61
4647,8.85,8.11,6.89,4.89,6.09,5.62,6.59,6.33,7.61
4648,8.85,8.11,6.89,4.89,6.09,5.62,6.59,6.33,7.61
4649,8.85,8.11,6.89,4.89,6.09,5.62,6.59,6.33,7.61
4650,8.85,8.11,6.89,4.89,6.09,5.62,6.59,6.33,7.61
4651,8.85,8.11,6.89,4.89,6.09,5.62,6.59,6.33,7.61
4652,8.85,8.11,6.89,4.89,6.09,5.62,6.59,6.33,7.61
4653,8.85,8.11,6.89,4.89,6.09,5.62,6.59,6.33,7.61
4654,8.85,8.11,6.89,4.89,6.09,5.62,6.59,6.33,7.61
4655,8.85,8.11,6.89,4.89,6.09,5.62,6.59,6.33,7.61
4656,8.85,8.11,6.89,4.89,6.09,5.62,6.59,6.33,7.61
4657,8.85,8.11,6.89,4.89,6.09,5.62,6.59,6.33,7.61
4658,8.85,8.11,6.89,4.89,6.09,5.62,6.59,6.33,7.61
4659,8.85,8.11,6.89,4.89,6.09,5.62,6.59,6.33,7.61
4660,8.85,8.11,6.89,4.89,6.09,5.62,6.59,6.33,7.61
4661,8.85,8.11,6.89,4.89,6.09,5.62,6.59,6.33,7.61
4662,8.85,8.11,6.89,4.89,6.09,5.62,6.59,6.33,7.61
4663,8.85,8.11,6.89,4.89,6.09,5.62,6.59,6.33,7.61
4664,8.85,8.11,6.89,4.89,6.09,5.62,6.59,6.33,7.61
4665,8.85,8.11,6.89,4.89,6.09,5.62,6.59,6.33,7.61
4666,8.85,8.11,6.89,4.89,6.09,5.62,6.59,6.33,7.61
4667,8.85,8.11,6.89,4.89,6.09,5.62,6.59,6.33,7.61
4668,8.85,8.11,6.89,4.89,6.09,5.62,6.59,6.33,7.61
4669,8.85,8.11,6.89,4.89,6.09,5.62,6.59,6.33,7.61
4670,8.85,8.11,6.89,4.89,6.09,5.62,6.59,6.33,7.61
4671,8.85,8.11,6.89,4.89,6.09,5.62,6.59,6.33,7.61
4672,8.85,8.11,6.89,4.89,6.09,5.62,6.59,6.33,7.61
4673,8.85,8.11,6.89,4.89,6.09,5.62,6.59,6.33,7.61
4674,8.85,8.11,6.89,4.89,6.09,5.62,6.59,6.33,7.61
4675,8.85,8.11,6.89,4.89,6.09,5.62,6.59,6.33,7.61
4676,8.85,8.11,6.89,4.89,6.09,5.62,6.59,6.33,7.61
4677,8.85,8.11,6.89,4.89,6.09,5.62,6.59,6.33,7.61
4678,8.85,8.11,6.89,4.89,6.09,5.62,6.59,6.33,7.61
4679,8.85,8.11,6.89,4.89,6.09,5.62,6.59,6.33,7.61
4680,8.85,8.11,6.89,4.89,6.09,5.62,6.59,6.33,7.61
4681,8.85,8.11,6.89,4.89,6.09,5.62,6.59,6.33,7.61
4682,8.85,8.11,6.89,4.89,6.09,5.62,6.59,6.33,7.61
4683,8.85,8.11,6.89,4.89,6.09,5.62,6.59,6.33,7.61
4684,8.85,8.11,6.89,4.89,6.09,5.62,6.59,6.33,7.61
4685,8.85,8.11,6.89,4.89,6.09,5.62,6.59,6.33,7.61
4686,8.85,8.11,6.89,4.89,6.09,5.62,6.59,6.33,7.61
4687,8.85,8.11,6.89,4.89,6.09,5.62,6.59,6.33,7.61
4688,8.85,8.11,6.89,4.89,6.09,5.62,6.59,6.33,7.61
4689,8.85,8.11,6.89,4.89,6.09,5.62,6.59,6.33,7.61
4690,8.85,8.11,6.89,4.89,6.09,5.62,6.59,6.33,7.61
4691,8.85,8.11,6.89,4.89,6.09,5.62,6.59,6.33,7.61
4692,8.85,8.11,6.89,4.89,6.09,5.62,6.59,6.33,7.61
4693,8.85,8.11,6.89,4.89,6.09,5.62,6.59,6.33,7.61
4694,8.85,8.11,6.89,4.89,6.09,5.62,6.59,6.33,7.61
4695,8.85,8.11,6.89,4.89,6.09,5.62,6.59,6.33,7.61
4696,8.85,8.11,6.89,4.89,6.09,5.62,6.59,6.33,7.61
4697,8.85,8.11,6.89,4.89,6.09,5.62,6.59,6.33,7.61
4698,8.85,8.11,6.89,4.89,6.09,5.62,6.59,6.33,7.61
4699,8.85,8.11,6.89,4.89,6.09,5.62,6.59,6.33,7.61
4700,8.85,8.11,6.89,4.89,6.09,5.62,6.59,6.33,7.61
4701,8.85,8.11,6.89,4.89,6.09,5.62,6.59,6.33,7.61
4702,8.85,8.11,6.89,4.89,6.09,5.62,6.59,6.33,7.61
4703,8.85,8.11,6.89,4.89,6.09,5.62,6.59,6.33,7.61
4704,8.85,8.11,6.89,4.89,6.09,5.62,6.59,6.33,7.61
4705,8.85,8.11,6.89,4.89,6.09,5.62,6.59,6.33,7.61
4706,8.85,8.11,6.89,4.89,6.09,5.62,6.59,6.33,7.61
4707,8.85,8.11,6.89,4.89,6.09,5.62,6.59,6.33,7.61
4708,8.85,8.11,6.89,4.89,6.09,5.62,6.59,6.33,7.61
4709,8.85,8.11,6.89,4.89,6.09,5.62,6.59,6.33,7.61
4710,8.85,8.11,6.89,4.89,6.09,5.62,6.59,6.33,7.61
4711,8.85,8.11,6.89,4.89,6.09,5.62,6.59,6.33,7.61
4712,8.85,8.11,6.89,4.89,6.09,5.62,6.59,6.33,7.61
4713,8.85,8.11,6.89,4.89,6.09,5.62,6.59,6.33,7.61
4714,8.85,8.11,6.89,4.89,6.09,5.62,6.59,6.33,7.61
4715,8.85,8.11,6.89,4.89,6.09,5.62,6.59,6.33,7.61
4716,8.85,8.11,6.89,4.89,6.09,5.62,6.59,6.33,7.61
4717,8.85,8.11,6.89,4.89,6.09,5.62,6.59,6.33,7.61
4718,8.85,8.11,6.89,4.89,6.09,5.62,6.59,6.33,7.61
4719,8.85,8.11,6.89,4.89,6.09,5.62,6.59,6.33,7.61
4720,8.85,8.11,6.89,4.89,6.09,5.62,6.59,6.33,7.61
4721,8.85,8.11,6.89,4.89,6.09,5.62,6.59,6.33,7.61
4722,8.85,8.11,6.89,4.89,6.09,5.62,6.59,6.33,7.61
4723,8.85,8.11,6.89,4.89,6.09,5.62,6.59,6.33,7.61
4724,8.85,8.11,6.89,4.89,6.09,5.62,6.59,6.33,7.61
4725,8.85,8.11,6.89,4.89,6.09,5.62,6.59,6.33,7.61
4726,8.85,8.11,6.89,4.89,6.09,5.62,6.59,6.33,7.61
4727,8.85,8.11,6.89,4.89,6.09,5.62,6.59,6.33,7.61
4728,8.85,8.11,6.89,4.89,6.09,5.62,6.59,6.33,7.61
4729,8.85,8.11,6.89,4.89,6.09,5.62,6.59,6.33,7.61
4730,8.85,8.11,6.89,4.89,6.09,5.62,6.59,6.33,7.61
4731,8.85,8.11,6.89,4.89,6.09,5.62,6.59,6.33,7.61
4732,8.85,8.11,6.89,4.89,6.09,5.62,6.59,6.33,7.61
4733,8.85,8.11,6.89,4.89,6.09,5.62,6.59,6.33,7.61
4734,8.85,8.11,6.89,4.89,6.09,5.62,6.59,6.33,7.61
4735,8.85,8.11,6.89,4.89,6.09,5.62,6.59,6.33,7.61
4736,8.85,8.11,6.89,4.89,6.09,5.62,6.59,6.33,7.61
4737,8.85,8.11,6.89,4.89,6.09,5.62,6.59,6.33,7.61
4738,8.85,8.11,6.89,4.89,6.09,5.62,6.59,6.33,7.61
4739,8.85,8.11,6.89,4.89,6.09,5.62,6.59,6.33,7.61
4740,8.85,8.11,6.89,4.89,6.09,5.62,6.59,6.33,7.61
4741,8.85,8.11,6.89,4.89,6.09,5.62,6.59,6.33,7.61
4742,8.85,8.11,6.89,4.89,6.09,5.62,6.59,6.33,7.61
4743,8.85,8.11,6.89,4.89,6.09,5.62,6.59,6.33,7.61
4744,8.85,8.11,6.89,4.89,6.09,5.62,6.59,6.33,7.61
4745,8.85,8.11,6.89,4.89,6.09,5.62,6.59,6.33,7.61
4746,8.85,8.11,6.89,4.89,6.09,5.62,6.59,6.33,7.61
4747,8.85,8.11,6.89,4.89,6.09,5.62,6.59,6.33,7.61
4748,8.85,8.11,6.89,4.89,6.09,5.62,6.59,6.33,7.61
4749,8.85,8.11,6.89,4.89,6.09,5.62,6.59,6.33,7.61
4750,8.85,8.11,6.89,4.89,6.09,5.62,6.59,6.33,7.61
4751,8.85,8.11,6.89,4.89,6.09,5.62,6.59,6.33,7.61
4752,8.85,8.11,6.89,4.89,6.09,5.62,6.59,6.33,7.61
4753,8.85,8.11,6.89,4.89,6.09,5.62,6.59,6.33,7.61
4754,8.85,8.11,6.89,4.89,6.09,5.62,6.59,6.33,7.61
4755,8.85,8.11,6.89,4.89,6.09,5.62,6.59,6.33,7.61
4756,8.85,8.11,6.89,4.89,6.09,5.62,6.59,6.33,7.61
4757,8.85,8.11,6.89,4.89,6.09,5.62,6.59,6.33,7.61
4758,8.85,8.11,6.89,4.89,6.09,5.62,6.59,6.33,7.61
4759,8.85,8.11,6.89,4.89,6.09,5.62,6.59,6.33,7.61
4760,8.85,8.11,6.89,4.89,6.09,5.62,6.59,6.33,7.61
4761,8.85,8.11,6.89,4.89,6.09,5.62,6.59,6.33,7.61
4762,8.85,8.11,6.89,4.89,6.09,5.62,6.59,6.33,7.61
4763,8.85,8.11,6.89,4.89,6.09,5.62,6.59,6.33,7.61
4764,8.85,8.11,6.89,4.89,6.09,5.62,6.59,6.33,7.61
4765,8.85,8.11,6.89,4.89,6.09,5.62,6.59,6.33,7.61
4766,8.85,8.11,6.89,4.89,6.09,5.62,6.59,6.33,7.61
4767,8.85,8.11,6.89,4.89,6.09,5.62,6.59,6.33,7.61
4768,8.85,8.11,6.89,4.89,6.09,5.62,6.59,6.33,7.61
4769,8.85,8.11,6.89,4.89,6.09,5.62,6.59,6.33,7.61
4770,8.85,8.11,6.89,4.89,6.09,5.62,6.59,6.33,7.61
4771,8.85,8.11,6.89,4.89,6.09,5.62,6.59,6.33,7.61
4772,8.85,8.11,6.89,4.89,6.09,5.62,6.59,6.33,7.61
4773,8.85,8.11,6.89,4.89,6.09,5.62,6.59,6.33,7.61
4774,8.85,8.11,6.89,4.89,6.09,5.62,6.59,6.33,7.61
4775,8.85,8.11,6.89,4.89,6.09,5.62,6.59,6.33,7.61
4776,8.85,8.11,6.89,4.89,6.09,5.62,6.59,6.33,7.61
4777,8.85,8.11,6.89,4.89,6.09,5.62,6.59,6.33,7.61
4778,8.85,8.11,6.89,4.89,6.09,5.62,6.59,6.33,7.61
4779,8.85,8.11,6.89,4.89,6.09,5.62,6.59,6.33,7.61
4780,8.85,8.11,6.89,4.89,6.09,5.62,6.59,6.33,7.61
4781,8.85,8.11,6.89,4.89,6.09,5.62,6.59,6.33,7.61
4782,8.85,8.11,6.89,4.89,6.09,5.62,6.59,6.33,7.61
4783,8.85,8.11,6.89,4.89,6.09,5.62,6.59,6.33,7.61
4784,8.85,8.11,6.89,4.89,6.09,5.62,6.59,6.33,7.61
4785,8.85,8.11,6.89,4.89,6.09,5.62,6.59,6.33,7.61
4786,8.85,8.11,6.89,4.89,6.09,5.62,6.59,6.33,7.61
4787,8.85,8.11,6.89,4.89,6.09,5.62,6.59,6.33,7.61
4788,8.85,8.11,6.89,4.89,6.09,5.62,6.59,6.33,7.61
4789,8.85,8.11,6.89,4.89,6.09,5.62,6.59,6.33,7.61
4790,8.85,8.11,6.89,4.89,6.09,5.62,6.59,6.33,7.61
4791,8.85,8.11,6.89,4.89,6.09,5.62,6.59,6.33,7.61
4792,8.85,8.11,6.89,4.89,6.09,5.62,6.59,6.33,7.61
4793,8.85,8.11,6.89,4.89,6.09,5.62,6.59,6.33,7.61
4794,8.85,8.11,6.89,4.89,6.09,5.62,6.59,6.33,7.61
4795,8.85,8.11,6.89,4.89,6.09,5.62,6.59,6.33,7.61
4796,8.85,8.11,6.89,4.89,6.09,5.62,6.59,6.33,7.61
4797,8.85,8.11,6.89,4.89,6.09,5.62,6.59,6.33,7.61
4798,8.85,8.11,6.89,4.89,6.09,5.62,6.59,6.33,7.61
4799,8.85,8.11,6.89,4.89,6.09,5.62,6.59,6.33,7.61
4800,8.85,8.11,6.89,4.89,6.09,5.62,6.59,6.33,7.61
4801,8.85,8.11,6.89,4.89,6.09,5.62,6.59,6.33,7.61
4802,8.85,8.11,6.89,4.89,6.09,5.62,6.59,6.33,7.61
4803,8.85,8.11,6.89,4.89,6.09,5.62,6.59,6.33,7.61
4804,8.85,8.11,6.89,4.89,6.09,5.62,6.59,6.33,7.61
4805,8.85,8.11,6.89,4.89,6.09,5.62,6.59,6.33,7.61
4806,8.85,8.11,6.89,4.89,6.09,5.62,6.59,6.33,7.61
4807,8.85,8.11,6.89,4.89,6.09,5.62,6.59,6.33,7.61
4808,8.85,8.11,6.89,4.89,6.09,5.62,6.59,6.33,7.61
4809,8.85,8.11,6.89,4.89,6.09,5.62,6.59,6.33,7.61
4810,8.85,8.11,6.89,4.89,6.09,5.62,6.59,6.33,7.61
4811,8.85,8.11,6.89,4.89,6.09,5.62,6.59,6.33,7.61
4812,8.85,8.11,6.89,4.89,6.09,5.62,6.59,6.33,7.61
4813,8.85,8.11,6.89,4.89,6.09,5.62,6.59,6.33,7.61
4814,8.85,8.11,6.89,4.89,6.09,5.62,6.59,6.33,7.61
4815,8.85,8.11,6.89,4.89,6.09,5.62,6.59,6.33,7.61
4816,8.85,8.11,6.89,4.89,6.09,5.62,6.59,6.33,7.61
4817,8.85,8.11,6.89,4.89,6.09,5.62,6.59,6.33,7.61
4818,8.85,8.11,6.89,4.89,6.09,5.62,6.59,6.33,7.61
4819,8.85,8.11,6.89,4.89,6.09,5.62,6.59,6.33,7.61
4820,8.85,8.11,6.89,4.89,6.09,5.62,6.59,6.33,7.61
4821,8.85,8.11,6.89,4.89,6.09,5.62,6.59,6.33,7.61
4822,8.85,8.11,6.89,4.89,6.09,5.62,6.59,6.33,7.61
4823,8.85,8.11,6.89,4.89,6.09,5.62,6.59,6.33,7.61
4824,8.85,8.11,6.89,4.89,6.09,5.62,6.59,6.33,7.61
4825,8.85,8.11,6.89,4.89,6.09,5.62,6.59,6.33,7.61
4826,8.85,8.11,6.89,4.89,6.09,5.62,6.59,6.33,7.61
4827,8.85,8.11,6.89,4.89,6.09,5.62,6.59,6.33,7.61
4828,8.85,8.11,6.89,4.89,6.09,5.62,6.59,6.33,7.61
4829,8.85,8.11,6.89,4.89,6.09,5.62,6.59,6.33,7.61
4830,8.85,8.11,6.89,4.89,6.09,5.62,6.59,6.33,7.61
4831,8.85,8.11,6.89,4.89,6.09,5.62,6.59,6.33,7.61
4832,8.85,8.11,6.89,4.89,6.09,5.62,6.59,6.33,7.61
4833,8.85,8.11,6.89,4.89,6.09,5.62,6.59,6.33,7.61
4834,8.85,8.11,6.89,4.89,6.09,5.62,6.59,6.33,7.61
4835,8.85,8.11,6.89,4.89,6.09,5.62,6.59,6.33,7.61
4836,8.85,8.11,6.89,4.89,6.09,5.62,6.59,6.33,7.61
4837,8.85,8.11,6.89,4.89,6.09,5.62,6.59,6.33,7.61
4838,8.85,8.11,6.89,4.89,6.09,5.62,6.59,6.33,7.61
4839,8.85,8.11,6.89,4.89,6.09,5.62,6.59,6.33,7.61
4840,8.85,8.11,6.89,4.89,6.09,5.62,6.59,6.33,7.61
4841,8.85,8.11,6.89,4.89,6.09,5.62,6.59,6.33,7.61
4842,8.85,8.11,6.89,4.89,6.09,5.62,6.59,6.33,7.61
4843,8.85,8.11,6.89,4.89,6.09,5.62,6.59,6.33,7.61
4844,8.85,8.11,6.89,4.89,6.09,5.62,6.59,6.33,7.61
4845,8.85,8.11,6.89,4.89,6.09,5.62,6.59,6.33,7.61
4846,8.85,8.11,6.89,4.89,6.09,5.62,6.59,6.33,7.61
4847,8.85,8.11,6.89,4.89,6.09,5.62,6.59,6.33,7.61
4848,8.85,8.11,6.89,4.89,6.09,5.62,6.59,6.33,7.61
4849,8.85,8.11,6.89,4.89,6.09,5.62,6.59,6.33,7.61
4850,8.85,8.11,6.89,4.89,6.09,5.62,6.59,6.33,7.61
4851,8.85,8.11,6.89,4.89,6.09,5.62,6.59,6.33,7.61
4852,8.85,8.11,6.89,4.89,6.09,5.62,6.59,6.33,7.61
4853,8.85,8.11,6.89,4.89,6.09,5.62,6.59,6.33,7.61
4854,8.85,8.11,6.89,4.89,6.09,5.62,6.59,6.33,7.61
4855,8.85,8.11,6.89,4.89,6.09,5.62,6.59,6.33,7.61
4856,8.85,8.11,6.89,4.89,6.09,5.62,6.59,6.33,7.61
4857,8.85,8.11,6.89,4.89,6.09,5.62,6.59,6.33,7.61
4858,8.85,8.11,6.89,4.89,6.09,5.62,6.59,6.33,7.61
4859,8.85,8.11,6.89,4.89,6.09,5.62,6.59,6.33,7.61
4860,8.85,8.11,6.89,4.89,6.09,5.62,6.59,6.33,7.61
4861,8.85,8.11,6.89,4.89,6.09,5.62,6.59,6.33,7.61
4862,8.85,8.11,6.89,4.89,6.09,5.62,6.59,6.33,7.61
4863,8.85,8.11,6.89,4.89,6.09,5.62,6.59,6.33,7.61
4864,8.85,8.11,6.89,4.89,6.09,5.62,6.59,6.33,7.61
4865,8.85,8.11,6.89,4.89,6.09,5.62,6.59,6.33,7.61
4866,8.85,8.11,6.89,4.89,6.09,5.62,6.59,6.33,7.61
4867,8.85,8.11,6.89,4.89,6.09,5.62,6.59,6.33,7.61
4868,8.85,8.11,6.89,4.89,6.09,5.62,6.59,6.33,7.61
4869,8.85,8.11,6.89,4.89,6.09,5.62,6.59,6.33,7.61
4870,8.85,8.11,6.89,4.89,6.09,5.62,6.59,6.33,7.61
4871,8.85,8.11,6.89,4.89,6.09,5.62,6.59,6.33,7.61
4872,8.85,8.11,6.89,4.89,6.09,5.62,6.59,6.33,7.61
4873,8.85,8.11,6.89,4.89,6.09,5.62,6.59,6.33,7.61
4874,8.85,8.11,6.89,4.89,6.09,5.62,6.59,6.33,7.61
4875,8.85,8.11,6.89,4.89,6.09,5.62,6.59,6.33,7.61
4876,8.85,8.11,6.89,4.89,6.09,5.62,6.59,6.33,7.61
4877,8.85,8.11,6.89,4.89,6.09,5.62,6.59,6.33,7.61
4878,8.85,8.11,6.89,4.89,6.09,5.62,6.59,6.33,7.61
4879,8.85,8.11,6.89,4.89,6.09,5.62,6.59,6.33,7.61
4880,8.85,8.11,6.89,4.89,6.09,5.62,6.59,6.33,7.61
4881,8.85,8.11,6.89,4.89,6.09,5.62,6.59,6.33,7.61
4882,8.85,8.11,6.89,4.89,6.09,5.62,6.59,6.33,7.61
4883,8.85,8.11,6.89,4.89,6.09,5.62,6.59,6.33,7.61
4884,8.85,8.11,6.89,4.89,6.09,5.62,6.59,6.33,7.61
4885,8.85,8.11,6.89,4.89,6.09,5.62,6.59,6.33,7.61
4886,8.85,8.11,6.89,4.89,6.09,5.62,6.59,6.33,7.61
4887,8.85,8.11,6.89,4.89,6.09,5.62,6.59,6.33,7.61
4888,8.85,8.11,6.89,4.89,6.09,5.62,6.59,6.33,7.61
4889,8.85,8.11,6.89,4.89,6.09,5.62,6.59,6.33,7.61
4890,8.85,8.11,6.89,4.89,6.09,5.62,6.59,6.33,7.61
4891,8.85,8.11,6.89,4.89,6.09,5.62,6.59,6.33,7.61
4892,8.85,8.11,6.89,4.89,6.09,5.62,6.59,6.33,7.61
4893,8.85,8.11,6.89,4.89,6.09,5.62,6.59,6.33,7.61
4894,8.85,8.11,6.89,4.89,6.09,5.62,6.59,6.33,7.61
4895,8.85,8.11,6.89,4.89,6.09,5.62,6.59,6.33,7.61
4896,8.85,8.11,6.89,4.89,6.09,5.62,6.59,6.33,7.61
4897,8.85,8.11,6.89,4.89,6.09,5.62,6.59,6.33,7.61
4898,8.85,8.11,6.89,4.89,6.09,5.62,6.59,6.33,7.61
4899,8.85,8.11,6.89,4.89,6.09,5.62,6.59,6.33,7.61
4900,8.85,8.11,6.89,4.89,6.09,5.62,6.59,6.33,7.61
4901,8.85,8.11,6.89,4.89,6.09,5.62,6.59,6.33,7.61
4902,8.85,8.11,6.89,4.89,6.09,5.62,6.59,6.33,7.61
4903,8.85,8.11,6.89,4.89,6.09,5.62,6.59,6.33,7.61
4904,8.85,8.11,6.89,4.89,6.09,5.62,6.59,6.33,7.61
4905,8.85,8.11,6.89,4.89,6.09,5.62,6.59,6.33,7.61
4906,8.85,8.11,6.89,4.89,6.09,5.62,6.59,6.33,7.61
4907,8.85,8.11,6.89,4.89,6.09,5.62,6.59,6.33,7.61
4908,8.85,8.11,6.89,4.89,6.09,5.62,6.59,6.33,7.61
4909,8.85,8.11,6.89,4.89,6.09,5.62,6.59,6.33,7.61
4910,8.85,8.11,6.89,4.89,6.09,5.62,6.59,6.33,7.61
4911,8.85,8.11,6.89,4.89,6.09,5.62,6.59,6.33,7.61
4912,8.85,8.11,6.89,4.89,6.09,5.62,6.59,6.33,7.61
4913,8.85,8.11,6.89,4.89,6.09,5.62,6.59,6.33,7.61
4914,8.85,8.11,6.89,4.89,6.09,5.62,6.59,6.33,7.61
4915,8.85,8.11,6.89,4.89,6.09,5.62,6.59,6.33,7.61
4916,8.85,8.11,6.89,4.89,6.09,5.62,6.59,6.33,7.61
4917,8.85,8.11,6.89,4.89,6.09,5.62,6.59,6.33,7.61
4918,8.85,8.11,6.89,4.89,6.09,5.62,6.59,6.33,7.61
4919,8.85,8.11,6.89,4.89,6.09,5.62,6.59,6.33,7.61
4920,8.85,8.11,6.89,4.89,6.09,5.62,6.59,6.33,7.61
4921,8.85,8.11,6.89,4.89,6.09,5.62,6.59,6.33,7.61
4922,8.85,8.11,6.89,4.89,6.09,5.62,6.59,6.33,7.61
4923,8.85,8.11,6.89,4.89,6.09,5.62,6.59,6.33,7.61
4924,8.85,8.11,6.89,4.89,6.09,5.62,6.59,6.33,7.61
4925,8.85,8.11,6.89,4.89,6.09,5.62,6.59,6.33,7.61
4926,8.85,8.11,6.89,4.89,6.09,5.62,6.59,6.33,7.61
4927,8.85,8.11,6.89,4.89,6.09,5.62,6.59,6.33,7.61
4928,8.85,8.11,6.89,4.89,6.09,5.62,6.59,6.33,7.61
4929,8.85,8.11,6.89,4.89,6.09,5.62,6.59,6.33,7.61
4930,8.85,8.11,6.89,4.89,6.09,5.62,6.59,6.33,7.61
4931,8.85,8.11,6.89,4.89,6.09,5.62,6.59,6.33,7.61
4932,8.85,8.11,6.89,4.89,6.09,5.62,6.59,6.33,7.61
4933,8.85,8.11,6.89,4.89,6.09,5.62,6.59,6.33,7.61
4934,8.85,8.11,6.89,4.89,6.09,5.62,6.59,6.33,7.61
4935,8.85,8.11,6.89,4.89,6.09,5.62,6.59,6.33,7.61
4936,8.85,8.11,6.89,4.89,6.09,5.62,6.59,6.33,7.61
4937,8.85,8.11,6.89,4.89,6.09,5.62,6.59,6.33,7.61
4938,8.85,8.11,6.89,4.89,6.09,5.62,6.59,6.33,7.61
4939,8.85,8.11,6.89,4.89,6.09,5.62,6.59,6.33,7.61
4940,8.85,8.11,6.89,4.89,6.09,5.62,6.59,6.33,7.61
4941,8.85,8.11,6.89,4.89,6.09,5.62,6.59,6.33,7.61
4942,8.85,8.11,6.89,4.89,6.09,5.62,6.59,6.33,7.61
4943,8.85,8.11,6.89,4.89,6.09,5.62,6.59,6.33,7.61
4944,8.85,8.11,6.89,4.89,6.09,5.62,6.59,6.33,7.61
4945,8.85,8.11,6.89,4.89,6.09,5.62,6.59,6.33,7.61
4946,8.85,8.11,6.89,4.89,6.09,5.62,6.59,6.33,7.61
4947,8.85,8.11,6.89,4.89,6.09,5.62,6.59,6.33,7.61
4948,8.85,8.11,6.89,4.89,6.09,5.62,6.59,6.33,7.61
4949,8.85,8.11,6.89,4.89,6.09,5.62,6.59,6.33,7.61
4950,8.85,8.11,6.89,4.89,6.09,5.62,6.59,6.33,7.61
4951,8.85,8.11,6.89,4.89,6.09,5.62,6.59,6.33,7.61
4952,8.85,8.11,6.89,4.89,6.09,5.62,6.59,6.33,7.61
4953,8.85,8.11,6.89,4.89,6.09,5.62,6.59,6.33,7.61
4954,8.85,8.11,6.89,4.89,6.09,5.62,6.59,6.33,7.61
4955,8.85,8.11,6.89,4.89,6.09,5.62,6.59,6.33,7.61
4956,8.85,8.11,6.89,4.89,6.09,5.62,6.59,6.33,7.61
4957,8.85,8.11,6.89,4.89,6.09,5.62,6.59,6.33,7.61
4958,8.85,8.11,6.89,4.89,6.09,5.62,6.59,6.33,7.61
4959,8.85,8.11,6.89,4.89,6.09,5.62,6.59,6.33,7.61
4960,8.85,8.11,6.89,4.89,6.09,5.62,6.59,6.33,7.61
4961,8.85,8.11,6.89,4.89,6.09,5.62,6.59,6.33,7.61
4962,8.85,8.11,6.89,4.89,6.09,5.62,6.59,6.33,7.61
4963,8.85,8.11,6.89,4.89,6.09,5.62,6.59,6.33,7.61
4964,8.85,8.11,6.89,4.89,6.09,5.62,6.59,6.33,7.61
4965,8.85,8.11,6.89,4.89,6.09,5.62,6.59,6.33,7.61
4966,8.85,8.11,6.89,4.89,6.09,5.62,6.59,6.33,7.61
4967,8.85,8.11,6.89,4.89,6.09,5.62,6.59,6.33,7.61
4968,8.85,8.11,6.89,4.89,6.09,5.62,6.59,6.33,7.61
4969,8.85,8.11,6.89,4.89,6.09,5.62,6.59,6.33,7.61
4970,8.85,8.11,6.89,4.89,6.09,5.62,6.59,6.33,7.61
4971,8.85,8.11,6.89,4.89,6.09,5.62,6.59,6.33,7.61
4972,8.85,8.11,6.89,4.89,6.09,5.62,6.59,6.33,7.61
4973,8.85,8.11,6.89,4.89,6.09,5.62,6.59,6.33,7.61
4974,8.85,8.11,6.89,4.89,6.09,5.62,6.59,6.33,7.61
4975,8.85,8.11,6.89,4.89,6.09,5.62,6.59,6.33,7.61
4976,8.85,8.11,6.89,4.89,6.09,5.62,6.59,6.33,7.61
4977,8.85,8.11,6.89,4.89,6.09,5.62,6.59,6.33,7.61
4978,8.85,8.11,6.89,4.89,6.09,5.62,6.59,6.33,7.61
4979,8.85,8.11,6.89,4.89,6.09,5.62,6.59,6.33,7.61
4980,8.85,8.11,6.89,4.89,6.09,5.62,6.59,6.33,7.61
4981,8.85,8.11,6.89,4.89,6.09,5.62,6.59,6.33,7.61
4982,8.85,8.11,6.89,4.89,6.09,5.62,6.59,6.33,7.61
4983,8.85,8.11,6.89,4.89,6.09,5.62,6.59,6.33,7.61
4984,8.85,8.11,6.89,4.89,6.09,5.62,6.59,6.33,7.61
4985,8.85,8.11,6.89,4.89,6.09,5.62,6.59,6.33,7.61
4986,8.85,8.11,6.89,4.89,6.09,5.62,6.59,6.33,7.61
4987,8.85,8.11,6.89,4.89,6.09,5.62,6.59,6.33,7.61
4988,8.85,8.11,6.89,4.89,6.09,5.62,6.59,6.33,7.61
4989,8.85,8.11,6.89,4.89,6.09,5.62,6.59,6.33,7.61
4990,8.85,8.11,6.89,4.89,6.09,5.62,6.59,6.33,7.61
4991,8.85,8.11,6.89,4.89,6.09,5.62,6.59,6.33,7.61
4992,8.85,8.11,6.89,4.89,6.09,5.62,6.59,6.33,7.61
4993,8.85,8.11,6.89,4.89,6.09,5.62,6.59,6.33,7.61
4994,8.85,8.11,6.89,4.89,6.09,5.62,6.59,6.33,7.61
4995,8.85,8.11,6.89,4.89,6.09,5.62,6.59,6.33,7.61
4996,8.85,8.11,6.89,4.89,6.09,5.62,6.59,6.33,7.61
4997,8.85,8.11,6.89,4.89,6.09,5.62,6.59,6.33,7.61
4998,8.85,8.11,6.89,4.89,6.09,5.62,6.59,6.33,7.61
4999,8.85,8.11,6.89,4.89,6.09,5.62,6.59,6.33,7.61
5000,8.85,8.11,6.89,4.89,6.09,5.62,6.59,6.33,7.61
5001,8.85,8.11,6.89,4.89,6.09,5.62,6.59,6.33,7.61
5002,8.85,8.11,6.89,4.89,6.09,5.62,6.59,6.33,7.61
5003,8.85,8.11,6.89,4.89,6.09,5.62,6.59,6.33,7.61
5004,8.85,8.11,6.89,4.89,6.09,5.62,6.59,6.33,7.61
5005,8.85,8.11,6.89,4.89,6.09,5.62,6.59,6.33,7.61
5006,8.85,8.11,6.89,4.89,6.09,5.62,6.59,6.33,7.61
5007,8.85,8.11,6.89,4.89,6.09,5.62,6.59,6.33,7.61
5008,8.85,8.11,6.89,4.89,6.09,5.62,6.59,6.33,7.61
5009,8.85,8.11,6.89,4.89,6.09,5.62,6.59,6.33,7.61
5010,8.85,8.11,6.89,4.89,6.09,5.62,6.59,6.33,7.61
5011,8.85,8.11,6.89,4.89,6.09,5.62,6.59,6.33,7.61
5012,8.85,8.11,6.89,4.89,6.09,5.62,6.59,6.33,7.61
5013,8.85,8.11,6.89,4.89,6.09,5.62,6.59,6.33,7.61
5014,8.85,8.11,6.89,4.89,6.09,5.62,6.59,6.33,7.61
5015,8.85,8.11,6.89,4.89,6.09,5.62,6.59,6.33,7.61
5016,8.85,8.11,6.89,4.89,6.09,5.62,6.59,6.33,7.61
5017,8.85,8.11,6.89,4.89,6.09,5.62,6.59,6.33,7.61
5018,8.85,8.11,6.89,4.89,6.09,5.62,6.59,6.33,7.61
5019,8.85,8.11,6.89,4.89,6.09,5.62,6.59,6.33,7.61
5020,8.85,8.11,6.89,4.89,6.09,5.62,6.59,6.33,7.61
5021,8.85,8.11,6.89,4.89,6.09,5.62,6.59,6.33,7.61
5022,8.85,8.11,6.89,4.89,6.09,5.62,6.59,6.33,7.61
5023,8.85,8.11,6.89,4.89,6.09,5.62,6.59,6.33,7.61
5024,8.85,8.11,6.89,4.89,6.09,5.62,6.59,6.33,7.61
5025,8.85,8.11,6.89,4.89,6.09,5.62,6.59,6.33,7.61
5026,8.85,8.11,6.89,4.89,6.09,5.62,6.59,6.33,7.61
5027,8.85,8.11,6.89,4.89,6.09,5.62,6.59,6.33,7.61
5028,8.85,8.11,6.89,4.89,6.09,5.62,6.59,6.33,7.61
5029,8.85,8.11,6.89,4.89,6.09,5.62,6.59,6.33,7.61
5030,8.85,8.11,6.89,4.89,6.09,5.62,6.59,6.33,7.61
5031,8.85,8.11,6.89,4.89,6.09,5.62,6.59,6.33,7.61
5032,8.85,8.11,6.89,4.89,6.09,5.62,6.59,6.33,7.61
5033,8.85,8.11,6.89,4.89,6.09,5.62,6.59,6.33,7.61
5034,8.85,8.11,6.89,4.89,6.09,5.62,6.59,6.33,7.61
5035,8.85,8.11,6.89,4.89,6.09,5.62,6.59,6.33,7.61
5036,8.85,8.11,6.89,4.89,6.09,5.62,6.59,6.33,7.61
5037,8.85,8.11,6.89,4.89,6.09,5.62,6.59,6.33,7.61
5038,8.85,8.11,6.89,4.89,6.09,5.62,6.59,6.33,7.61
5039,8.85,8.11,6.89,4.89,6.09,5.62,6.59,6.33,7.61
5040,8.85,8.11,6.89,4.89,6.09,5.62,6.59,6.33,7.61
5041,8.85,8.11,6.89,4.89,6.09,5.62,6.59,6.33,7.61
5042,8.85,8.11,6.89,4.89,6.09,5.62,6.59,6.33,7.61
5043,8.85,8.11,6.89,4.89,6.09,5.62,6.59,6.33,7.61
5044,8.85,8.11,6.89,4.89,6.09,5.62,6.59,6.33,7.61
5045,8.85,8.11,6.89,4.89,6.09,5.62,6.59,6.33,7.61
5046,8.85,8.11,6.89,4.89,6.09,5.62,6.59,6.33,7.61
5047,8.85,8.11,6.89,4.89,6.09,5.62,6.59,6.33,7.61
5048,8.85,8.11,6.89,4.89,6.09,5.62,6.59,6.33,7.61
5049,8.85,8.11,6.89,4.89,6.09,5.62,6.59,6.33,7.61
5050,8.85,8.11,6.89,4.89,6.09,5.62,6.59,6.33,7.61
5051,8.85,8.11,6.89,4.89,6.09,5.62,6.59,6.33,7.61
5052,8.85,8.11,6.89,4.89,6.09,5.62,6.59,6.33,7.61
5053,8.85,8.11,6.89,4.89,6.09,5.62,6.59,6.33,7.61
5054,8.85,8.11,6.89,4.89,6.09,5.62,6.59,6.33,7.61
5055,8.85,8.11,6.89,4.89,6.09,5.62,6.59,6.33,7.61
5056,8.85,8.11,6.89,4.89,6.09,5.62,6.59,6.33,7.61
5057,8.85,8.11,6.89,4.89,6.09,5.62,6.59,6.33,7.61
5058,8.85,8.11,6.89,4.89,6.09,5.62,6.59,6.33,7.61
5059,8.85,8.11,6.89,4.89,6.09,5.62,6.59,6.33,7.61
5060,8.85,8.11,6.89,4.89,6.09,5.62,6.59,6.33,7.61
5061,8.85,8.11,6.89,4.89,6.09,5.62,6.59,6.33,7.61
5062,8.85,8.11,6.89,4.89,6.09,5.62,6.59,6.33,7.61
5063,8.85,8.11,6.89,4.89,6.09,5.62,6.59,6.33,7.61
5064,8.85,8.11,6.89,4.89,6.09,5.62,6.59,6.33,7.61
5065,8.85,8.11,6.89,4.89,6.09,5.62,6.59,6.33,7.61
5066,8.85,8.11,6.89,4.89,6.09,5.62,6.59,6.33,7.61
5067,8.85,8.11,6.89,4.89,6.09,5.62,6.59,6.33,7.61
5068,8.85,8.11,6.89,4.89,6.09,5.62,6.59,6.33,7.61
5069,8.85,8.11,6.89,4.89,6.09,5.62,6.59,6.33,7.61
5070,8.85,8.11,6.89,4.89,6.09,5.62,6.59,6.33,7.61
5071,8.85,8.11,6.89,4.89,6.09,5.62,6.59,6.33,7.61
5072,8.85,8.11,6.89,4.89,6.09,5.62,6.59,6.33,7.61
5073,8.85,8.11,6.89,4.89,6.09,5.62,6.59,6.33,7.61
5074,8.85,8.11,6.89,4.89,6.09,5.62,6.59,6.33,7.61
5075,8.85,8.11,6.89,4.89,6.09,5.62,6.59,6.33,7.61
5076,8.85,8.11,6.89,4.89,6.09,5.62,6.59,6.33,7.61
5077,8.85,8.11,6.89,4.89,6.09,5.62,6.59,6.33,7.61
5078,8.85,8.11,6.89,4.89,6.09,5.62,6.59,6.33,7.61
5079,8.85,8.11,6.89,4.89,6.09,5.62,6.59,6.33,7.61
5080,8.85,8.11,6.89,4.89,6.09,5.62,6.59,6.33,7.61
5081,8.85,8.11,6.89,4.89,6.09,5.62,6.59,6.33,7.61
5082,8.85,8.11,6.89,4.89,6.09,5.62,6.59,6.33,7.61
5083,8.85,8.11,6.89,4.89,6.09,5.62,6.59,6.33,7.61
5084,8.85,8.11,6.89,4.89,6.09,5.62,6.59,6.33,7.61
5085,8.85,8.11,6.89,4.89,6.09,5.62,6.59,6.33,7.61
5086,8.85,8.11,6.89,4.89,6.09,5.62,6.59,6.33,7.61
5087,8.85,8.11,6.89,4.89,6.09,5.62,6.59,6.33,7.61
5088,8.85,8.11,6.89,4.89,6.09,5.62,6.59,6.33,7.61
5089,8.85,8.11,6.89,4.89,6.09,5.62,6.59,6.33,7.61
5090,8.85,8.11,6.89,4.89,6.09,5.62,6.59,6.33,7.61
5091,8.85,8.11,6.89,4.89,6.09,5.62,6.59,6.33,7.61
5092,8.85,8.11,6.89,4.89,6.09,5.62,6.59,6.33,7.61
5093,8.85,8.11,6.89,4.89,6.09,5.62,6.59,6.33,7.61
5094,8.85,8.11,6.89,4.89,6.09,5.62,6.59,6.33,7.61
5095,8.85,8.11,6.89,4.89,6.09,5.62,6.59,6.33,7.61
5096,8.85,8.11,6.89,4.89,6.09,5.62,6.59,6.33,7.61
5097,8.85,8.11,6.89,4.89,6.09,5.62,6.59,6.33,7.61
5098,8.85,8.11,6.89,4.89,6.09,5.62,6.59,6.33,7.61
5099,8.85,8.11,6.89,4.89,6.09,5.62,6.59,6.33,7.61
5100,8.85,8.11,6.89,4.89,6.09,5.62,6.59,6.33,7.61
5101,8.85,8.11,6.89,4.89,6.09,5.62,6.59,6.33,7.61
5102,8.85,8.11,6.89,4.89,6.09,5.62,6.59,6.33,7.61
5103,8.85,8.11,6.89,4.89,6.09,5.62,6.59,6.33,7.61
5104,8.85,8.11,6.89,4.89,6.09,5.62,6.59,6.33,7.61
5105,8.85,8.11,6.89,4.89,6.09,5.62,6.59,6.33,7.61
5106,8.85,8.11,6.89,4.89,6.09,5.62,6.59,6.33,7.61
5107,8.85,8.11,6.89,4.89,6.09,5.62,6.59,6.33,7.61
5108,8.85,8.11,6.89,4.89,6.09,5.62,6.59,6.33,7.61
5109,8.85,8.11,6.89,4.89,6.09,5.62,6.59,6.33,7.61
5110,8.85,8.11,6.89,4.89,6.09,5.62,6.59,6.33,7.61
5111,8.85,8.11,6.89,4.89,6.09,5.62,6.59,6.33,7.61
5112,8.85,8.11,6.89,4.89,6.09,5.62,6.59,6.33,7.61
5113,8.85,8.11,6.89,4.89,6.09,5.62,6.59,6.33,7.61
5114,8.85,8.11,6.89,4.89,6.09,5.62,6.59,6.33,7.61
5115,8.85,8.11,6.89,4.89,6.09,5.62,6.59,6.33,7.61
5116,8.85,8.11,6.89,4.89,6.09,5.62,6.59,6.33,7.61
5117,8.85,8.11,6.89,4.89,6.09,5.62,6.59,6.33,7.61
5118,8.85,8.11,6.89,4.89,6.09,5.62,6.59,6.33,7.61
5119,8.85,8.11,6.89,4.89,6.09,5.62,6.59,6.33,7.61
5120,8.85,8.11,6.89,4.89,6.09,5.62,6.59,6.33,7.61
5121,8.85,8.11,6.89,4.89,6.09,5.62,6.59,6.33,7.61
5122,8.85,8.11,6.89,4.89,6.09,5.62,6.59,6.33,7.61
5123,8.85,8.11,6.89,4.89,6.09,5.62,6.59,6.33,7.61
5124,8.85,8.11,6.89,4.89,6.09,5.62,6.59,6.33,7.61
5125,8.85,8.11,6.89,4.89,6.09,5.62,6.59,6.33,7.61
5126,8.85,8.11,6.89,4.89,6.09,5.62,6.59,6.33,7.61
5127,8.85,8.11,6.89,4.89,6.09,5.62,6.59,6.33,7.61
5128,8.85,8.11,6.89,4.89,6.09,5.62,6.59,6.33,7.61
5129,8.85,8.11,6.89,4.89,6.09,5.62,6.59,6.33,7.61
5130,8.85,8.11,6.89,4.89,6.09,5.62,6.59,6.33,7.61
5131,8.85,8.11,6.89,4.89,6.09,5.62,6.59,6.33,7.61
5132,8.85,8.11,6.89,4.89,6.09,5.62,6.59,6.33,7.61
5133,8.85,8.11,6.89,4.89,6.09,5.62,6.59,6.33,7.61
5134,8.85,8.11,6.89,4.89,6.09,5.62,6.59,6.33,7.61
5135,8.85,8.11,6.89,4.89,6.09,5.62,6.59,6.33,7.61
5136,8.85,8.11,6.89,4.89,6.09,5.62,6.59,6.33,7.61
5137,8.85,8.11,6.89,4.89,6.09,5.62,6.59,6.33,7.61
5138,8.85,8.11,6.89,4.89,6.09,5.62,6.59,6.33,7.61
5139,8.85,8.11,6.89,4.89,6.09,5.62,6.59,6.33,7.61
5140,8.85,8.11,6.89,4.89,6.09,5.62,6.59,6.33,7.61
5141,8.85,8.11,6.89,4.89,6.09,5.62,6.59,6.33,7.61
5142,8.85,8.11,6.89,4.89,6.09,5.62,6.59,6.33,7.61
5143,8.85,8.11,6.89,4.89,6.09,5.62,6.59,6.33,7.61
5144,8.85,8.11,6.89,4.89,6.09,5.62,6.59,6.33,7.61
5145,8.85,8.11,6.89,4.89,6.09,5.62,6.59,6.33,7.61
5146,8.85,8.11,6.89,4.89,6.09,5.62,6.59,6.33,7.61
5147,8.85,8.11,6.89,4.89,6.09,5.62,6.59,6.33,7.61
5148,8.85,8.11,6.89,4.89,6.09,5.62,6.59,6.33,7.61
5149,8.85,8.11,6.89,4.89,6.09,5.62,6.59,6.33,7.61
5150,8.85,8.11,6.89,4.89,6.09,5.62,6.59,6.33,7.61
5151,8.85,8.11,6.89,4.89,6.09,5.62,6.59,6.33,7.61
5152,8.85,8.11,6.89,4.89,6.09,5.62,6.59,6.33,7.61
5153,8.85,8.11,6.89,4.89,6.09,5.62,6.59,6.33,7.61
5154,8.85,8.11,6.89,4.89,6.09,5.62,6.59,6.33,7.61
5155,8.85,8.11,6.89,4.89,6.09,5.62,6.59,6.33,7.61
5156,8.85,8.11,6.89,4.89,6.09,5.62,6.59,6.33,7.61
5157,8.85,8.11,6.89,4.89,6.09,5.62,6.59,6.33,7.61
5158,8.85,8.11,6.89,4.89,6.09,5.62,6.59,6.33,7.61
5159,8.85,8.11,6.89,4.89,6.09,5.62,6.59,6.33,7.61
5160,8.85,8.11,6.89,4.89,6.09,5.62,6.59,6.33,7.61
5161,8.85,8.11,6.89,4.89,6.09,5.62,6.59,6.33,7.61
5162,8.85,8.11,6.89,4.89,6.09,5.62,6.59,6.33,7.61
5163,8.85,8.11,6.89,4.89,6.09,5.62,6.59,6.33,7.61
5164,8.85,8.11,6.89,4.89,6.09,5.62,6.59,6.33,7.61
5165,8.85,8.11,6.89,4.89,6.09,5.62,6.59,6.33,7.61
5166,8.85,8.11,6.89,4.89,6.09,5.62,6.59,6.33,7.61
5167,8.85,8.11,6.89,4.89,6.09,5.62,6.59,6.33,7.61
5168,8.85,8.11,6.89,4.89,6.09,5.62,6.59,6.33,7.61
5169,8.85,8.11,6.89,4.89,6.09,5.62,6.59,6.33,7.61
5170,8.85,8.11,6.89,4.89,6.09,5.62,6.59,6.33,7.61
5171,8.85,8.11,6.89,4.89,6.09,5.62,6.59,6.33,7.61
5172,8.85,8.11,6.89,4.89,6.09,5.62,6.59,6.33,7.61
5173,8.85,8.11,6.89,4.89,6.09,5.62,6.59,6.33,7.61
5174,8.85,8.11,6.89,4.89,6.09,5.62,6.59,6.33,7.61
5175,8.85,8.11,6.89,4.89,6.09,5.62,6.59,6.33,7.61
5176,8.85,8.11,6.89,4.89,6.09,5.62,6.59,6.33,7.61
5177,8.85,8.11,6.89,4.89,6.09,5.62,6.59,6.33,7.61
5178,8.85,8.11,6.89,4.89,6.09,5.62,6.59,6.33,7.61
5179,8.85,8.11,6.89,4.89,6.09,5.62,6.59,6.33,7.61
5180,8.85,8.11,6.89,4.89,6.09,5.62,6.59,6.33,7.61
5181,8.85,8.11,6.89,4.89,6.09,5.62,6.59,6.33,7.61
5182,8.85,8.11,6.89,4.89,6.09,5.62,6.59,6.33,7.61
5183,8.85,8.11,6.89,4.89,6.09,5.62,6.59,6.33,7.61
5184,8.85,8.11,6.89,4.89,6.09,5.62,6.59,6.33,7.61
5185,8.85,8.11,6.89,4.89,6.09,5.62,6.59,6.33,7.61
5186,8.85,8.11,6.89,4.89,6.09,5.62,6.59,6.33,7.61
5187,8.85,8.11,6.89,4.89,6.09,5.62,6.59,6.33,7.61
5188,8.85,8.11,6.89,4.89,6.09,5.62,6.59,6.33,7.61
5189,8.85,8.11,6.89,4.89,6.09,5.62,6.59,6.33,7.61
5190,8.85,8.11,6.89,4.89,6.09,5.62,6.59,6.33,7.61
5191,8.85,8.11,6.89,4.89,6.09,5.62,6.59,6.33,7.61
5192,8.85,8.11,6.89,4.89,6.09,5.62,6.59,6.33,7.61
5193,8.85,8.11,6.89,4.89,6.09,5.62,6.59,6.33,7.61
5194,8.85,8.11,6.89,4.89,6.09,5.62,6.59,6.33,7.61
5195,8.85,8.11,6.89,4.89,6.09,5.62,6.59,6.33,7.61
5196,8.85,8.11,6.89,4.89,6.09,5.62,6.59,6.33,7.61
5197,8.85,8.11,6.89,4.89,6.09,5.62,6.59,6.33,7.61
5198,8.85,8.11,6.89,4.89,6.09,5.62,6.59,6.33,7.61
5199,8.85,8.11,6.89,4.89,6.09,5.62,6.59,6.33,7.61
5200,8.85,8.11,6.89,4.89,6.09,5.62,6.59,6.33,7.61
5201,8.85,8.11,6.89,4.89,6.09,5.62,6.59,6.33,7.61
5202,8.85,8.11,6.89,4.89,6.09,5.62,6.59,6.33,7.61
5203,8.85,8.11,6.89,4.89,6.09,5.62,6.59,6.33,7.61
5204,8.85,8.11,6.89,4.89,6.09,5.62,6.59,6.33,7.61
5205,8.85,8.11,6.89,4.89,6.09,5.62,6.59,6.33,7.61
5206,8.85,8.11,6.89,4.89,6.09,5.62,6.59,6.33,7.61
5207,8.85,8.11,6.89,4.89,6.09,5.62,6.59,6.33,7.61
5208,8.85,8.11,6.89,4.89,6.09,5.62,6.59,6.33,7.61
5209,8.85,8.11,6.89,4.89,6.09,5.62,6.59,6.33,7.61
5210,8.85,8.11,6.89,4.89,6.09,5.62,6.59,6.33,7.61
5211,8.85,8.11,6.89,4.89,6.09,5.62,6.59,6.33,7.61
5212,8.85,8.11,6.89,4.89,6.09,5.62,6.59,6.33,7.61
5213,8.85,8.11,6.89,4.89,6.09,5.62,6.59,6.33,7.61
5214,8.85,8.11,6.89,4.89,6.09,5.62,6.59,6.33,7.61
5215,8.85,8.11,6.89,4.89,6.09,5.62,6.59,6.33,7.61
5216,8.85,8.11,6.89,4.89,6.09,5.62,6.59,6.33,7.61
5217,8.85,8.11,6.89,4.89,6.09,5.62,6.59,6.33,7.61
5218,8.85,8.11,6.89,4.89,6.09,5.62,6.59,6.33,7.61
5219,8.85,8.11,6.89,4.89,6.09,5.62,6.59,6.33,7.61
5220,8.85,8.11,6.89,4.89,6.09,5.62,6.59,6.33,7.61
5221,8.85,8.11,6.89,4.89,6.09,5.62,6.59,6.33,7.61
5222,8.85,8.11,6.89,4.89,6.09,5.62,6.59,6.33,7.61
5223,8.85,8.11,6.89,4.89,6.09,5.62,6.59,6.33,7.61
5224,8.85,8.11,6.89,4.89,6.09,5.62,6.59,6.33,7.61
5225,8.85,8.11,6.89,4.89,6.09,5.62,6.59,6.33,7.61
5226,8.85,8.11,6.89,4.89,6.09,5.62,6.59,6.33,7.61
5227,8.85,8.11,6.89,4.89,6.09,5.62,6.59,6.33,7.61
5228,8.85,8.11,6.89,4.89,6.09,5.62,6.59,6.33,7.61
5229,8.85,8.11,6.89,4.89,6.09,5.62,6.59,6.33,7.61
5230,8.85,8.11,6.89,4.89,6.09,5.62,6.59,6.33,7.61
5231,8.85,8.11,6.89,4.89,6.09,5.62,6.59,6.33,7.61
5232,8.85,8.11,6.89,4.89,6.09,5.62,6.59,6.33,7.61
5233,8.85,8.11,6.89,4.89,6.09,5.62,6.59,6.33,7.61
5234,8.85,8.11,6.89,4.89,6.09,5.62,6.59,6.33,7.61
5235,8.85,8.11,6.89,4.89,6.09,5.62,6.59,6.33,7.61
5236,8.85,8.11,6.89,4.89,6.09,5.62,6.59,6.33,7.61
5237,8.85,8.11,6.89,4.89,6.09,5.62,6.59,6.33,7.61
5238,8.85,8.11,6.89,4.89,6.09,5.62,6.59,6.33,7.61
5239,8.85,8.11,6.89,4.89,6.09,5.62,6.59,6.33,7.61
5240,8.85,8.11,6.89,4.89,6.09,5.62,6.59,6.33,7.61
5241,8.85,8.11,6.89,4.89,6.09,5.62,6.59,6.33,7.61
5242,8.85,8.11,6.89,4.89,6.09,5.62,6.59,6.33,7.61
5243,8.85,8.11,6.89,4.89,6.09,5.62,6.59,6.33,7.61
5244,8.85,8.11,6.89,4.89,6.09,5.62,6.59,6.33,7.61
5245,8.85,8.11,6.89,4.89,6.09,5.62,6.59,6.33,7.61
5246,8.85,8.11,6.89,4.89,6.09,5.62,6.59,6.33,7.61
5247,8.85,8.11,6.89,4.89,6.09,5.62,6.59,6.33,7.61
5248,8.85,8.11,6.89,4.89,6.09,5.62,6.59,6.33,7.61
5249,8.85,8.11,6.89,4.89,6.09,5.62,6.59,6.33,7.61
5250,8.85,8.11,6.89,4.89,6.09,5.62,6.59,6.33,7.61
5251,8.85,8.11,6.89,4.89,6.09,5.62,6.59,6.33,7.61
5252,8.85,8.11,6.89,4.89,6.09,5.62,6.59,6.33,7.61
5253,8.85,8.11,6.89,4.89,6.09,5.62,6.59,6.33,7.61
5254,8.85,8.11,6.89,4.89,6.09,5.62,6.59,6.33,7.61
5255,8.85,8.11,6.89,4.89,6.09,5.62,6.59,6.33,7.61
5256,8.85,8.11,6.89,4.89,6.09,5.62,6.59,6.33,7.61
5257,8.85,8.11,6.89,4.89,6.09,5.62,6.59,6.33,7.61
5258,8.85,8.11,6.89,4.89,6.09,5.62,6.59,6.33,7.61
5259,8.85,8.11,6.89,4.89,6.09,5.62,6.59,6.33,7.61
5260,8.85,8.11,6.89,4.89,6.09,5.62,6.59,6.33,7.61
5261,8.85,8.11,6.89,4.89,6.09,5.62,6.59,6.33,7.61
5262,8.85,8.11,6.89,4.89,6.09,5.62,6.59,6.33,7.61
5263,8.85,8.11,6.89,4.89,6.09,5.62,6.59,6.33,7.61
5264,8.85,8.11,6.89,4.89,6.09,5.62,6.59,6.33,7.61
5265,8.85,8.11,6.89,4.89,6.09,5.62,6.59,6.33,7.61
5266,8.85,8.11,6.89,4.89,6.09,5.62,6.59,6.33,7.61
5267,8.85,8.11,6.89,4.89,6.09,5.62,6.59,6.33,7.61
5268,8.85,8.11,6.89,4.89,6.09,5.62,6.59,6.33,7.61
5269,8.85,8.11,6.89,4.89,6.09,5.62,6.59,6.33,7.61
5270,8.85,8.11,6.89,4.89,6.09,5.62,6.59,6.33,7.61
5271,8.85,8.11,6.89,4.89,6.09,5.62,6.59,6.33,7.61
5272,8.85,8.11,6.89,4.89,6.09,5.62,6.59,6.33,7.61
5273,8.85,8.11,6.89,4.89,6.09,5.62,6.59,6.33,7.61
5274,8.85,8.11,6.89,4.89,6.09,5.62,6.59,6.33,7.61
5275,8.85,8.11,6.89,4.89,6.09,5.62,6.59,6.33,7.61
5276,8.85,8.11,6.89,4.89,6.09,5.62,6.59,6.33,7.61
5277,8.85,8.11,6.89,4.89,6.09,5.62,6.59,6.33,7.61
5278,8.85,8.11,6.89,4.89,6.09,5.62,6.59,6.33,7.61
5279,8.85,8.11,6.89,4.89,6.09,5.62,6.59,6.33,7.61
5280,8.85,8.11,6.89,4.89,6.09,5.62,6.59,6.33,7.61
5281,8.85,8.11,6.89,4.89,6.09,5.62,6.59,6.33,7.61
5282,8.85,8.11,6.89,4.89,6.09,5.62,6.59,6.33,7.61
5283,8.85,8.11,6.89,4.89,6.09,5.62,6.59,6.33,7.61
5284,8.85,8.11,6.89,4.89,6.09,5.62,6.59,6.33,7.61
5285,8.85,8.11,6.89,4.89,6.09,5.62,6.59,6.33,7.61
5286,8.85,8.11,6.89,4.89,6.09,5.62,6.59,6.33,7.61
5287,8.85,8.11,6.89,4.89,6.09,5.62,6.59,6.33,7.61
5288,8.85,8.11,6.89,4.89,6.09,5.62,6.59,6.33,7.61
5289,8.85,8.11,6.89,4.89,6.09,5.62,6.59,6.33,7.61
5290,8.85,8.11,6.89,4.89,6.09,5.62,6.59,6.33,7.61
5291,8.85,8.11,6.89,4.89,6.09,5.62,6.59,6.33,7.61
5292,8.85,8.11,6.89,4.89,6.09,5.62,6.59,6.33,7.61
5293,8.85,8.11,6.89,4.89,6.09,5.62,6.59,6.33,7.61
5294,8.85,8.11,6.89,4.89,6.09,5.62,6.59,6.33,7.61
5295,8.85,8.11,6.89,4.89,6.09,5.62,6.59,6.33,7.61
5296,8.85,8.11,6.89,4.89,6.09,5.62,6.59,6.33,7.61
5297,8.85,8.11,6.89,4.89,6.09,5.62,6.59,6.33,7.61
5298,8.85,8.11,6.89,4.89,6.09,5.62,6.59,6.33,7.61
5299,8.85,8.11,6.89,4.89,6.09,5.62,6.59,6.33,7.61
5300,8.85,8.11,6.89,4.89,6.09,5.62,6.59,6.33,7.61
5301,8.85,8.11,6.89,4.89,6.09,5.62,6.59,6.33,7.61
5302,8.85,8.11,6.89,4.89,6.09,5.62,6.59,6.33,7.61
5303,8.85,8.11,6.89,4.89,6.09,5.62,6.59,6.33,7.61
5304,8.85,8.11,6.89,4.89,6.09,5.62,6.59,6.33,7.61
5305,8.85,8.11,6.89,4.89,6.09,5.62,6.59,6.33,7.61
5306,8.85,8.11,6.89,4.89,6.09,5.62,6.59,6.33,7.61
5307,8.85,8.11,6.89,4.89,6.09,5.62,6.59,6.33,7.61
5308,8.85,8.11,6.89,4.89,6.09,5.62,6.59,6.33,7.61
5309,8.85,8.11,6.89,4.89,6.09,5.62,6.59,6.33,7.61
5310,8.85,8.11,6.89,4.89,6.09,5.62,6.59,6.33,7.61
5311,8.85,8.11,6.89,4.89,6.09,5.62,6.59,6.33,7.61
5312,8.85,8.11,6.89,4.89,6.09,5.62,6.59,6.33,7.61
5313,8.85,8.11,6.89,4.89,6.09,5.62,6.59,6.33,7.61
5314,8.85,8.11,6.89,4.89,6.09,5.62,6.59,6.33,7.61
5315,8.85,8.11,6.89,4.89,6.09,5.62,6.59,6.33,7.61
5316,8.85,8.11,6.89,4.89,6.09,5.62,6.59,6.33,7.61
5317,8.85,8.11,6.89,4.89,6.09,5.62,6.59,6.33,7.61
5318,8.85,8.11,6.89,4.89,6.09,5.62,6.59,6.33,7.61
5319,8.85,8.11,6.89,4.89,6.09,5.62,6.59,6.33,7.61
5320,8.85,8.11,6.89,4.89,6.09,5.62,6.59,6.33,7.61
5321,8.85,8.11,6.89,4.89,6.09,5.62,6.59,6.33,7.61
5322,8.85,8.11,6.89,4.89,6.09,5.62,6.59,6.33,7.61
5323,8.85,8.11,6.89,4.89,6.09,5.62,6.59,6.33,7.61
5324,8.85,8.11,6.89,4.89,6.09,5.62,6.59,6.33,7.61
5325,8.85,8.11,6.89,4.89,6.09,5.62,6.59,6.33,7.61
5326,8.85,8.11,6.89,4.89,6.09,5.62,6.59,6.33,7.61
5327,8.85,8.11,6.89,4.89,6.09,5.62,6.59,6.33,7.61
5328,8.85,8.11,6.89,4.89,6.09,5.62,6.59,6.33,7.61
5329,8.85,8.11,6.89,4.89,6.09,5.62,6.59,6.33,7.61
5330,8.85,8.11,6.89,4.89,6.09,5.62,6.59,6.33,7.61
5331,8.85,8.11,6.89,4.89,6.09,5.62,6.59,6.33,7.61
5332,8.85,8.11,6.89,4.89,6.09,5.62,6.59,6.33,7.61
5333,8.85,8.11,6.89,4.89,6.09,5.62,6.59,6.33,7.61
5334,8.85,8.11,6.89,4.89,6.09,5.62,6.59,6.33,7.61
5335,8.85,8.11,6.89,4.89,6.09,5.62,6.59,6.33,7.61
5336,8.85,8.11,6.89,4.89,6.09,5.62,6.59,6.33,7.61
5337,8.85,8.11,6.89,4.89,6.09,5.62,6.59,6.33,7.61
5338,8.85,8.11,6.89,4.89,6.09,5.62,6.59,6.33,7.61
5339,8.85,8.11,6.89,4.89,6.09,5.62,6.59,6.33,7.61
5340,8.85,8.11,6.89,4.89,6.09,5.62,6.59,6.33,7.61
5341,8.85,8.11,6.89,4.89,6.09,5.62,6.59,6.33,7.61
5342,8.85,8.11,6.89,4.89,6.09,5.62,6.59,6.33,7.61
5343,8.85,8.11,6.89,4.89,6.09,5.62,6.59,6.33,7.61
5344,8.85,8.11,6.89,4.89,6.09,5.62,6.59,6.33,7.61
5345,8.85,8.11,6.89,4.89,6.09,5.62,6.59,6.33,7.61
5346,8.85,8.11,6.89,4.89,6.09,5.62,6.59,6.33,7.61
5347,8.85,8.11,6.89,4.89,6.09,5.62,6.59,6.33,7.61
5348,8.85,8.11,6.89,4.89,6.09,5.62,6.59,6.33,7.61
5349,8.85,8.11,6.89,4.89,6.09,5.62,6.59,6.33,7.61
5350,8.85,8.11,6.89,4.89,6.09,5.62,6.59,6.33,7.61
5351,8.85,8.11,6.89,4.89,6.09,5.62,6.59,6.33,7.61
5352,8.85,8.11,6.89,4.89,6.09,5.62,6.59,6.33,7.61
5353,8.85,8.11,6.89,4.89,6.09,5.62,6.59,6.33,7.61
5354,8.85,8.11,6.89,4.89,6.09,5.62,6.59,6.33,7.61
5355,8.85,8.11,6.89,4.89,6.09,5.62,6.59,6.33,7.61
5356,8.85,8.11,6.89,4.89,6.09,5.62,6.59,6.33,7.61
5357,8.85,8.11,6.89,4.89,6.09,5.62,6.59,6.33,7.61
5358,8.85,8.11,6.89,4.89,6.09,5.62,6.59,6.33,7.61
5359,8.85,8.11,6.89,4.89,6.09,5.62,6.59,6.33,7.61
5360,8.85,8.11,6.89,4.89,6.09,5.62,6.59,6.33,7.61
5361,8.85,8.11,6.89,4.89,6.09,5.62,6.59,6.33,7.61
5362,8.85,8.11,6.89,4.89,6.09,5.62,6.59,6.33,7.61
5363,8.85,8.11,6.89,4.89,6.09,5.62,6.59,6.33,7.61
5364,8.85,8.11,6.89,4.89,6.09,5.62,6.59,6.33,7.61
5365,8.85,8.11,6.89,4.89,6.09,5.62,6.59,6.33,7.61
5366,8.85,8.11,6.89,4.89,6.09,5.62,6.59,6.33,7.61
5367,8.85,8.11,6.89,4.89,6.09,5.62,6.59,6.33,7.61
5368,8.85,8.11,6.89,4.89,6.09,5.62,6.59,6.33,7.61
5369,8.85,8.11,6.89,4.89,6.09,5.62,6.59,6.33,7.61
5370,8.85,8.11,6.89,4.89,6.09,5.62,6.59,6.33,7.61
5371,8.85,8.11,6.89,4.89,6.09,5.62,6.59,6.33,7.61
5372,8.85,8.11,6.89,4.89,6.09,5.62,6.59,6.33,7.61
5373,8.85,8.11,6.89,4.89,6.09,5.62,6.59,6.33,7.61
5374,8.85,8.11,6.89,4.89,6.09,5.62,6.59,6.33,7.61
5375,8.85,8.11,6.89,4.89,6.09,5.62,6.59,6.33,7.61
5376,8.85,8.11,6.89,4.89,6.09,5.62,6.59,6.33,7.61
5377,8.85,8.11,6.89,4.89,6.09,5.62,6.59,6.33,7.61
5378,8.85,8.11,6.89,4.89,6.09,5.62,6.59,6.33,7.61
5379,8.85,8.11,6.89,4.89,6.09,5.62,6.59,6.33,7.61
5380,8.85,8.11,6.89,4.89,6.09,5.62,6.59,6.33,7.61
5381,8.85,8.11,6.89,4.89,6.09,5.62,6.59,6.33,7.61
5382,8.85,8.11,6.89,4.89,6.09,5.62,6.59,6.33,7.61
5383,8.85,8.11,6.89,4.89,6.09,5.62,6.59,6.33,7.61
5384,8.85,8.11,6.89,4.89,6.09,5.62,6.59,6.33,7.61
5385,8.85,8.11,6.89,4.89,6.09,5.62,6.59,6.33,7.61
5386,8.85,8.11,6.89,4.89,6.09,5.62,6.59,6.33,7.61
5387,8.85,8.11,6.89,4.89,6.09,5.62,6.59,6.33,7.61
5388,8.85,8.11,6.89,4.89,6.09,5.62,6.59,6.33,7.61
5389,8.85,8.11,6.89,4.89,6.09,5.62,6.59,6.33,7.61
5390,8.85,8.11,6.89,4.89,6.09,5.62,6.59,6.33,7.61
5391,8.85,8.11,6.89,4.89,6.09,5.62,6.59,6.33,7.61
5392,8.85,8.11,6.89,4.89,6.09,5.62,6.59,6.33,7.61
5393,8.85,8.11,6.89,4.89,6.09,5.62,6.59,6.33,7.61
5394,8.85,8.11,6.89,4.89,6.09,5.62,6.59,6.33,7.61
5395,8.85,8.11,6.89,4.89,6.09,5.62,6.59,6.33,7.61
5396,8.85,8.11,6.89,4.89,6.09,5.62,6.59,6.33,7.61
5397,8.85,8.11,6.89,4.89,6.09,5.62,6.59,6.33,7.61
5398,8.85,8.11,6.89,4.89,6.09,5.62,6.59,6.33,7.61
5399,8.85,8.11,6.89,4.89,6.09,5.62,6.59,6.33,7.61
5400,8.85,8.11,6.89,4.89,6.09,5.62,6.59,6.33,7.61
5401,8.85,8.11,6.89,4.89,6.09,5.62,6.59,6.33,7.61
5402,8.85,8.11,6.89,4.89,6.09,5.62,6.59,6.33,7.61
5403,8.85,8.11,6.89,4.89,6.09,5.62,6.59,6.33,7.61
5404,8.85,8.11,6.89,4.89,6.09,5.62,6.59,6.33,7.61
5405,8.85,8.11,6.89,4.89,6.09,5.62,6.59,6.33,7.61
5406,8.85,8.11,6.89,4.89,6.09,5.62,6.59,6.33,7.61
5407,8.85,8.11,6.89,4.89,6.09,5.62,6.59,6.33,7.61
5408,8.85,8.11,6.89,4.89,6.09,5.62,6.59,6.33,7.61
5409,8.85,8.11,6.89,4.89,6.09,5.62,6.59,6.33,7.61
5410,8.85,8.11,6.89,4.89,6.09,5.62,6.59,6.33,7.61
5411,8.85,8.11,6.89,4.89,6.09,5.62,6.59,6.33,7.61
5412,8.85,8.11,6.89,4.89,6.09,5.62,6.59,6.33,7.61
5413,8.85,8.11,6.89,4.89,6.09,5.62,6.59,6.33,7.61
5414,8.85,8.11,6.89,4.89,6.09,5.62,6.59,6.33,7.61
5415,8.85,8.11,6.89,4.89,6.09,5.62,6.59,6.33,7.61
5416,8.85,8.11,6.89,4.89,6.09,5.62,6.59,6.33,7.61
5417,8.85,8.11,6.89,4.89,6.09,5.62,6.59,6.33,7.61
5418,8.85,8.11,6.89,4.89,6.09,5.62,6.59,6.33,7.61
5419,8.85,8.11,6.89,4.89,6.09,5.62,6.59,6.33,7.61
5420,8.85,8.11,6.89,4.89,6.09,5.62,6.59,6.33,7.61
5421,8.85,8.11,6.89,4.89,6.09,5.62,6.59,6.33,7.61
5422,8.85,8.11,6.89,4.89,6.09,5.62,6.59,6.33,7.61
5423,8.85,8.11,6.89,4.89,6.09,5.62,6.59,6.33,7.61
5424,8.85,8.11,6.89,4.89,6.09,5.62,6.59,6.33,7.61
5425,8.85,8.11,6.89,4.89,6.09,5.62,6.59,6.33,7.61
5426,8.85,8.11,6.89,4.89,6.09,5.62,6.59,6.33,7.61
5427,8.85,8.11,6.89,4.89,6.09,5.62,6.59,6.33,7.61
5428,8.85,8.11,6.89,4.89,6.09,5.62,6.59,6.33,7.61
5429,8.85,8.11,6.89,4.89,6.09,5.62,6.59,6.33,7.61
5430,8.85,8.11,6.89,4.89,6.09,5.62,6.59,6.33,7.61
5431,8.85,8.11,6.89,4.89,6.09,5.62,6.59,6.33,7.61
5432,8.85,8.11,6.89,4.89,6.09,5.62,6.59,6.33,7.61
5433,8.85,8.11,6.89,4.89,6.09,5.62,6.59,6.33,7.61
5434,8.85,8.11,6.89,4.89,6.09,5.62,6.59,6.33,7.61
5435,8.85,8.11,6.89,4.89,6.09,5.62,6.59,6.33,7.61
5436,8.85,8.11,6.89,4.89,6.09,5.62,6.59,6.33,7.61
5437,8.85,8.11,6.89,4.89,6.09,5.62,6.59,6.33,7.61
5438,8.85,8.11,6.89,4.89,6.09,5.62,6.59,6.33,7.61
5439,8.85,8.11,6.89,4.89,6.09,5.62,6.59,6.33,7.61
5440,8.85,8.11,6.89,4.89,6.09,5.62,6.59,6.33,7.61
5441,8.85,8.11,6.89,4.89,6.09,5.62,6.59,6.33,7.61
5442,8.85,8.11,6.89,4.89,6.09,5.62,6.59,6.33,7.61
5443,8.85,8.11,6.89,4.89,6.09,5.62,6.59,6.33,7.61
5444,8.85,8.11,6.89,4.89,6.09,5.62,6.59,6.33,7.61
5445,8.85,8.11,6.89,4.89,6.09,5.62,6.59,6.33,7.61
5446,8.85,8.11,6.89,4.89,6.09,5.62,6.59,6.33,7.61
5447,8.85,8.11,6.89,4.89,6.09,5.62,6.59,6.33,7.61
5448,8.85,8.11,6.89,4.89,6.09,5.62,6.59,6.33,7.61
5449,8.85,8.11,6.89,4.89,6.09,5.62,6.59,6.33,7.61
5450,8.85,8.11,6.89,4.89,6.09,5.62,6.59,6.33,7.61
5451,8.85,8.11,6.89,4.89,6.09,5.62,6.59,6.33,7.61
5452,8.85,8.11,6.89,4.89,6.09,5.62,6.59,6.33,7.61
5453,8.85,8.11,6.89,4.89,6.09,5.62,6.59,6.33,7.61
5454,8.85,8.11,6.89,4.89,6.09,5.62,6.59,6.33,7.61
5455,8.85,8.11,6.89,4.89,6.09,5.62,6.59,6.33,7.61
5456,8.85,8.11,6.89,4.89,6.09,5.62,6.59,6.33,7.61
5457,8.85,8.11,6.89,4.89,6.09,5.62,6.59,6.33,7.61
5458,8.85,8.11,6.89,4.89,6.09,5.62,6.59,6.33,7.61
5459,8.85,8.11,6.89,4.89,6.09,5.62,6.59,6.33,7.61
5460,8.85,8.11,6.89,4.89,6.09,5.62,6.59,6.33,7.61
5461,8.85,8.11,6.89,4.89,6.09,5.62,6.59,6.33,7.61
5462,8.85,8.11,6.89,4.89,6.09,5.62,6.59,6.33,7.61
5463,8.85,8.11,6.89,4.89,6.09,5.62,6.59,6.33,7.61
5464,8.85,8.11,6.89,4.89,6.09,5.62,6.59,6.33,7.61
5465,8.85,8.11,6.89,4.89,6.09,5.62,6.59,6.33,7.61
5466,8.85,8.11,6.89,4.89,6.09,5.62,6.59,6.33,7.61
5467,8.85,8.11,6.89,4.89,6.09,5.62,6.59,6.33,7.61
5468,8.85,8.11,6.89,4.89,6.09,5.62,6.59,6.33,7.61
5469,8.85,8.11,6.89,4.89,6.09,5.62,6.59,6.33,7.61
5470,8.85,8.11,6.89,4.89,6.09,5.62,6.59,6.33,7.61
5471,8.85,8.11,6.89,4.89,6.09,5.62,6.59,6.33,7.61
5472,8.85,8.11,6.89,4.89,6.09,5.62,6.59,6.33,7.61
5473,8.85,8.11,6.89,4.89,6.09,5.62,6.59,6.33,7.61
5474,8.85,8.11,6.89,4.89,6.09,5.62,6.59,6.33,7.61
5475,8.85,8.11,6.89,4.89,6.09,5.62,6.59,6.33,7.61
5476,8.85,8.11,6.89,4.89,6.09,5.62,6.59,6.33,7.61
5477,8.85,8.11,6.89,4.89,6.09,5.62,6.59,6.33,7.61
5478,8.85,8.11,6.89,4.89,6.09,5.62,6.59,6.33,7.61
5479,8.85,8.11,6.89,4.89,6.09,5.62,6.59,6.33,7.61
5480,8.85,8.11,6.89,4.89,6.09,5.62,6.59,6.33,7.61
5481,8.85,8.11,6.89,4.89,6.09,5.62,6.59,6.33,7.61
5482,8.85,8.11,6.89,4.89,6.09,5.62,6.59,6.33,7.61
5483,8.85,8.11,6.89,4.89,6.09,5.62,6.59,6.33,7.61
5484,8.85,8.11,6.89,4.89,6.09,5.62,6.59,6.33,7.61
5485,8.85,8.11,6.89,4.89,6.09,5.62,6.59,6.33,7.61
5486,8.85,8.11,6.89,4.89,6.09,5.62,6.59,6.33,7.61
5487,8.85,8.11,6.89,4.89,6.09,5.62,6.59,6.33,7.61
5488,8.85,8.11,6.89,4.89,6.09,5.62,6.59,6.33,7.61
5489,8.85,8.11,6.89,4.89,6.09,5.62,6.59,6.33,7.61
5490,8.85,8.11,6.89,4.89,6.09,5.62,6.59,6.33,7.61
5491,8.85,8.11,6.89,4.89,6.09,5.62,6.59,6.33,7.61
5492,8.85,8.11,6.89,4.89,6.09,5.62,6.59,6.33,7.61
5493,8.85,8.11,6.89,4.89,6.09,5.62,6.59,6.33,7.61
5494,8.85,8.11,6.89,4.89,6.09,5.62,6.59,6.33,7.61
5495,8.85,8.11,6.89,4.89,6.09,5.62,6.59,6.33,7.61
5496,8.85,8.11,6.89,4.89,6.09,5.62,6.59,6.33,7.61
5497,8.85,8.11,6.89,4.89,6.09,5.62,6.59,6.33,7.61
5498,8.85,8.11,6.89,4.89,6.09,5.62,6.59,6.33,7.61
5499,8.85,8.11,6.89,4.89,6.09,5.62,6.59,6.33,7.61
5500,8.85,8.11,6.89,4.89,6.09,5.62,6.59,6.33,7.61
5501,8.85,8.11,6.89,4.89,6.09,5.62,6.59,6.33,7.61
5502,8.85,8.11,6.89,4.89,6.09,5.62,6.59,6.33,7.61
5503,8.85,8.11,6.89,4.89,6.09,5.62,6.59,6.33,7.61
5504,8.85,8.11,6.89,4.89,6.09,5.62,6.59,6.33,7.61
5505,8.85,8.11,6.89,4.89,6.09,5.62,6.59,6.33,7.61
5506,8.85,8.11,6.89,4.89,6.09,5.62,6.59,6.33,7.61
5507,8.85,8.11,6.89,4.89,6.09,5.62,6.59,6.33,7.61
5508,8.85,8.11,6.89,4.89,6.09,5.62,6.59,6.33,7.61
5509,8.85,8.11,6.89,4.89,6.09,5.62,6.59,6.33,7.61
5510,8.85,8.11,6.89,4.89,6.09,5.62,6.59,6.33,7.61
5511,8.85,8.11,6.89,4.89,6.09,5.62,6.59,6.33,7.61
5512,8.85,8.11,6.89,4.89,6.09,5.62,6.59,6.33,7.61
5513,8.85,8.11,6.89,4.89,6.09,5.62,6.59,6.33,7.61
5514,8.85,8.11,6.89,4.89,6.09,5.62,6.59,6.33,7.61
5515,8.85,8.11,6.89,4.89,6.09,5.62,6.59,6.33,7.61
5516,8.85,8.11,6.89,4.89,6.09,5.62,6.59,6.33,7.61
5517,8.85,8.11,6.89,4.89,6.09,5.62,6.59,6.33,7.61
5518,8.85,8.11,6.89,4.89,6.09,5.62,6.59,6.33,7.61
5519,8.85,8.11,6.89,4.89,6.09,5.62,6.59,6.33,7.61
5520,8.85,8.11,6.89,4.89,6.09,5.62,6.59,6.33,7.61
5521,8.85,8.11,6.89,4.89,6.09,5.62,6.59,6.33,7.61
5522,8.85,8.11,6.89,4.89,6.09,5.62,6.59,6.33,7.61
5523,8.85,8.11,6.89,4.89,6.09,5.62,6.59,6.33,7.61
5524,8.85,8.11,6.89,4.89,6.09,5.62,6.59,6.33,7.61
5525,8.85,8.11,6.89,4.89,6.09,5.62,6.59,6.33,7.61
5526,8.85,8.11,6.89,4.89,6.09,5.62,6.59,6.33,7.61
5527,8.85,8.11,6.89,4.89,6.09,5.62,6.59,6.33,7.61
5528,8.85,8.11,6.89,4.89,6.09,5.62,6.59,6.33,7.61
5529,8.85,8.11,6.89,4.89,6.09,5.62,6.59,6.33,7.61
5530,8.85,8.11,6.89,4.89,6.09,5.62,6.59,6.33,7.61
5531,8.85,8.11,6.89,4.89,6.09,5.62,6.59,6.33,7.61
5532,8.85,8.11,6.89,4.89,6.09,5.62,6.59,6.33,7.61
5533,8.85,8.11,6.89,4.89,6.09,5.62,6.59,6.33,7.61
5534,8.85,8.11,6.89,4.89,6.09,5.62,6.59,6.33,7.61
5535,8.85,8.11,6.89,4.89,6.09,5.62,6.59,6.33,7.61
5536,8.85,8.11,6.89,4.89,6.09,5.62,6.59,6.33,7.61
5537,8.85,8.11,6.89,4.89,6.09,5.62,6.59,6.33,7.61
5538,8.85,8.11,6.89,4.89,6.09,5.62,6.59,6.33,7.61
5539,8.85,8.11,6.89,4.89,6.09,5.62,6.59,6.33,7.61
5540,8.85,8.11,6.89,4.89,6.09,5.62,6.59,6.33,7.61
5541,8.85,8.11,6.89,4.89,6.09,5.62,6.59,6.33,7.61
5542,8.85,8.11,6.89,4.89,6.09,5.62,6.59,6.33,7.61
5543,8.85,8.11,6.89,4.89,6.09,5.62,6.59,6.33,7.61
5544,8.85,8.11,6.89,4.89,6.09,5.62,6.59,6.33,7.61
5545,8.85,8.11,6.89,4.89,6.09,5.62,6.59,6.33,7.61
5546,8.85,8.11,6.89,4.89,6.09,5.62,6.59,6.33,7.61
5547,8.85,8.11,6.89,4.89,6.09,5.62,6.59,6.33,7.61
5548,8.85,8.11,6.89,4.89,6.09,5.62,6.59,6.33,7.61
5549,8.85,8.11,6.89,4.89,6.09,5.62,6.59,6.33,7.61
5550,8.85,8.11,6.89,4.89,6.09,5.62,6.59,6.33,7.61
5551,8.85,8.11,6.89,4.89,6.09,5.62,6.59,6.33,7.61
5552,8.85,8.11,6.89,4.89,6.09,5.62,6.59,6.33,7.61
5553,8.85,8.11,6.89,4.89,6.09,5.62,6.59,6.33,7.61
5554,8.85,8.11,6.89,4.89,6.09,5.62,6.59,6.33,7.61
5555,8.85,8.11,6.89,4.89,6.09,5.62,6.59,6.33,7.61
5556,8.85,8.11,6.89,4.89,6.09,5.62,6.59,6.33,7.61
5557,8.85,8.11,6.89,4.89,6.09,5.62,6.59,6.33,7.61
5558,8.85,8.11,6.89,4.89,6.09,5.62,6.59,6.33,7.61
5559,8.85,8.11,6.89,4.89,6.09,5.62,6.59,6.33,7.61
5560,8.85,8.11,6.89,4.89,6.09,5.62,6.59,6.33,7.61
5561,8.85,8.11,6.89,4.89,6.09,5.62,6.59,6.33,7.61
5562,8.85,8.11,6.89,4.89,6.09,5.62,6.59,6.33,7.61
5563,8.85,8.11,6.89,4.89,6.09,5.62,6.59,6.33,7.61
5564,8.85,8.11,6.89,4.89,6.09,5.62,6.59,6.33,7.61
5565,8.85,8.11,6.89,4.89,6.09,5.62,6.59,6.33,7.61
5566,8.85,8.11,6.89,4.89,6.09,5.62,6.59,6.33,7.61
5567,8.85,8.11,6.89,4.89,6.09,5.62,6.59,6.33,7.61
5568,8.85,8.11,6.89,4.89,6.09,5.62,6.59,6.33,7.61
5569,8.85,8.11,6.89,4.89,6.09,5.62,6.59,6.33,7.61
5570,8.85,8.11,6.89,4.89,6.09,5.62,6.59,6.33,7.61
5571,8.85,8.11,6.89,4.89,6.09,5.62,6.59,6.33,7.61
5572,8.85,8.11,6.89,4.89,6.09,5.62,6.59,6.33,7.61
5573,8.85,8.11,6.89,4.89,6.09,5.62,6.59,6.33,7.61
5574,8.85,8.11,6.89,4.89,6.09,5.62,6.59,6.33,7.61
5575,8.85,8.11,6.89,4.89,6.09,5.62,6.59,6.33,7.61
5576,8.85,8.11,6.89,4.89,6.09,5.62,6.59,6.33,7.61
5577,8.85,8.11,6.89,4.89,6.09,5.62,6.59,6.33,7.61
5578,8.85,8.11,6.89,4.89,6.09,5.62,6.59,6.33,7.61
5579,8.85,8.11,6.89,4.89,6.09,5.62,6.59,6.33,7.61
5580,8.85,8.11,6.89,4.89,6.09,5.62,6.59,6.33,7.61
5581,8.85,8.11,6.89,4.89,6.09,5.62,6.59,6.33,7.61
5582,8.85,8.11,6.89,4.89,6.09,5.62,6.59,6.33,7.61
5583,8.85,8.11,6.89,4.89,6.09,5.62,6.59,6.33,7.61
5584,8.85,8.11,6.89,4.89,6.09,5.62,6.59,6.33,7.61
5585,8.85,8.11,6.89,4.89,6.09,5.62,6.59,6.33,7.61
5586,8.85,8.11,6.89,4.89,6.09,5.62,6.59,6.33,7.61
5587,8.85,8.11,6.89,4.89,6.09,5.62,6.59,6.33,7.61
5588,8.85,8.11,6.89,4.89,6.09,5.62,6.59,6.33,7.61
5589,8.85,8.11,6.89,4.89,6.09,5.62,6.59,6.33,7.61
5590,8.85,8.11,6.89,4.89,6.09,5.62,6.59,6.33,7.61
5591,8.85,8.11,6.89,4.89,6.09,5.62,6.59,6.33,7.61
5592,8.85,8.11,6.89,4.89,6.09,5.62,6.59,6.33,7.61
5593,8.85,8.11,6.89,4.89,6.09,5.62,6.59,6.33,7.61
5594,8.85,8.11,6.89,4.89,6.09,5.62,6.59,6.33,7.61
5595,8.85,8.11,6.89,4.89,6.09,5.62,6.59,6.33,7.61
5596,8.85,8.11,6.89,4.89,6.09,5.62,6.59,6.33,7.61
5597,8.85,8.11,6.89,4.89,6.09,5.62,6.59,6.33,7.61
5598,8.85,8.11,6.89,4.89,6.09,5.62,6.59,6.33,7.61
5599,8.85,8.11,6.89,4.89,6.09,5.62,6.59,6.33,7.61
5600,8.85,8.11,6.89,4.89,6.09,5.62,6.59,6.33,7.61
5601,8.85,8.11,6.89,4.89,6.09,5.62,6.59,6.33,7.61
5602,8.85,8.11,6.89,4.89,6.09,5.62,6.59,6.33,7.61
5603,8.85,8.11,6.89,4.89,6.09,5.62,6.59,6.33,7.61
5604,8.85,8.11,6.89,4.89,6.09,5.62,6.59,6.33,7.61
5605,8.85,8.11,6.89,4.89,6.09,5.62,6.59,6.33,7.61
5606,8.85,8.11,6.89,4.89,6.09,5.62,6.59,6.33,7.61
5607,8.85,8.11,6.89,4.89,6.09,5.62,6.59,6.33,7.61
5608,8.85,8.11,6.89,4.89,6.09,5.62,6.59,6.33,7.61
5609,8.85,8.11,6.89,4.89,6.09,5.62,6.59,6.33,7.61
5610,8.85,8.11,6.89,4.89,6.09,5.62,6.59,6.33,7.61
5611,8.85,8.11,6.89,4.89,6.09,5.62,6.59,6.33,7.61
5612,8.85,8.11,6.89,4.89,6.09,5.62,6.59,6.33,7.61
5613,8.85,8.11,6.89,4.89,6.09,5.62,6.59,6.33,7.61
5614,8.85,8.11,6.89,4.89,6.09,5.62,6.59,6.33,7.61
5615,8.85,8.11,6.89,4.89,6.09,5.62,6.59,6.33,7.61
5616,8.85,8.11,6.89,4.89,6.09,5.62,6.59,6.33,7.61
5617,8.85,8.11,6.89,4.89,6.09,5.62,6.59,6.33,7.61
5618,8.85,8.11,6.89,4.89,6.09,5.62,6.59,6.33,7.61
5619,8.85,8.11,6.89,4.89,6.09,5.62,6.59,6.33,7.61
5620,8.85,8.11,6.89,4.89,6.09,5.62,6.59,6.33,7.61
5621,8.85,8.11,6.89,4.89,6.09,5.62,6.59,6.33,7.61
5622,8.85,8.11,6.89,4.89,6.09,5.62,6.59,6.33,7.61
5623,8.85,8.11,6.89,4.89,6.09,5.62,6.59,6.33,7.61
5624,8.85,8.11,6.89,4.89,6.09,5.62,6.59,6.33,7.61
5625,8.85,8.11,6.89,4.89,6.09,5.62,6.59,6.33,7.61
5626,8.85,8.11,6.89,4.89,6.09,5.62,6.59,6.33,7.61
5627,8.85,8.11,6.89,4.89,6.09,5.62,6.59,6.33,7.61
5628,8.85,8.11,6.89,4.89,6.09,5.62,6.59,6.33,7.61
5629,8.85,8.11,6.89,4.89,6.09,5.62,6.59,6.33,7.61
5630,8.85,8.11,6.89,4.89,6.09,5.62,6.59,6.33,7.61
5631,8.85,8.11,6.89,4.89,6.09,5.62,6.59,6.33,7.61
5632,8.85,8.11,6.89,4.89,6.09,5.62,6.59,6.33,7.61
5633,8.85,8.11,6.89,4.89,6.09,5.62,6.59,6.33,7.61
5634,8.85,8.11,6.89,4.89,6.09,5.62,6.59,6.33,7.61
5635,8.85,8.11,6.89,4.89,6.09,5.62,6.59,6.33,7.61
5636,8.85,8.11,6.89,4.89,6.09,5.62,6.59,6.33,7.61
5637,8.85,8.11,6.89,4.89,6.09,5.62,6.59,6.33,7.61
5638,8.85,8.11,6.89,4.89,6.09,5.62,6.59,6.33,7.61
5639,8.85,8.11,6.89,4.89,6.09,5.62,6.59,6.33,7.61
5640,8.85,8.11,6.89,4.89,6.09,5.62,6.59,6.33,7.61
5641,8.85,8.11,6.89,4.89,6.09,5.62,6.59,6.33,7.61
5642,8.85,8.11,6.89,4.89,6.09,5.62,6.59,6.33,7.61
5643,8.85,8.11,6.89,4.89,6.09,5.62,6.59,6.33,7.61
5644,8.85,8.11,6.89,4.89,6.09,5.62,6.59,6.33,7.61
5645,8.85,8.11,6.89,4.89,6.09,5.62,6.59,6.33,7.61
5646,8.85,8.11,6.89,4.89,6.09,5.62,6.59,6.33,7.61
5647,8.85,8.11,6.89,4.89,6.09,5.62,6.59,6.33,7.61
5648,8.85,8.11,6.89,4.89,6.09,5.62,6.59,6.33,7.61
5649,8.85,8.11,6.89,4.89,6.09,5.62,6.59,6.33,7.61
5650,8.85,8.11,6.89,4.89,6.09,5.62,6.59,6.33,7.61
5651,8.85,8.11,6.89,4.89,6.09,5.62,6.59,6.33,7.61
5652,8.85,8.11,6.89,4.89,6.09,5.62,6.59,6.33,7.61
5653,8.85,8.11,6.89,4.89,6.09,5.62,6.59,6.33,7.61
5654,8.85,8.11,6.89,4.89,6.09,5.62,6.59,6.33,7.61
5655,8.85,8.11,6.89,4.89,6.09,5.62,6.59,6.33,7.61
5656,8.85,8.11,6.89,4.89,6.09,5.62,6.59,6.33,7.61
5657,8.85,8.11,6.89,4.89,6.09,5.62,6.59,6.33,7.61
5658,8.85,8.11,6.89,4.89,6.09,5.62,6.59,6.33,7.61
5659,8.85,8.11,6.89,4.89,6.09,5.62,6.59,6.33,7.61
5660,8.85,8.11,6.89,4.89,6.09,5.62,6.59,6.33,7.61
5661,8.85,8.11,6.89,4.89,6.09,5.62,6.59,6.33,7.61
5662,8.85,8.11,6.89,4.89,6.09,5.62,6.59,6.33,7.61
5663,8.85,8.11,6.89,4.89,6.09,5.62,6.59,6.33,7.61
5664,8.85,8.11,6.89,4.89,6.09,5.62,6.59,6.33,7.61
5665,8.85,8.11,6.89,4.89,6.09,5.62,6.59,6.33,7.61
5666,8.85,8.11,6.89,4.89,6.09,5.62,6.59,6.33,7.61
5667,8.85,8.11,6.89,4.89,6.09,5.62,6.59,6.33,7.61
5668,8.85,8.11,6.89,4.89,6.09,5.62,6.59,6.33,7.61
5669,8.85,8.11,6.89,4.89,6.09,5.62,6.59,6.33,7.61
5670,8.85,8.11,6.89,4.89,6.09,5.62,6.59,6.33,7.61
5671,8.85,8.11,6.89,4.89,6.09,5.62,6.59,6.33,7.61
5672,8.85,8.11,6.89,4.89,6.09,5.62,6.59,6.33,7.61
5673,8.85,8.11,6.89,4.89,6.09,5.62,6.59,6.33,7.61
5674,8.85,8.11,6.89,4.89,6.09,5.62,6.59,6.33,7.61
5675,8.85,8.11,6.89,4.89,6.09,5.62,6.59,6.33,7.61
5676,8.85,8.11,6.89,4.89,6.09,5.62,6.59,6.33,7.61
5677,8.85,8.11,6.89,4.89,6.09,5.62,6.59,6.33,7.61
5678,8.85,8.11,6.89,4.89,6.09,5.62,6.59,6.33,7.61
5679,8.85,8.11,6.89,4.89,6.09,5.62,6.59,6.33,7.61
5680,8.85,8.11,6.89,4.89,6.09,5.62,6.59,6.33,7.61
5681,8.85,8.11,6.89,4.89,6.09,5.62,6.59,6.33,7.61
5682,8.85,8.11,6.89,4.89,6.09,5.62,6.59,6.33,7.61
5683,8.85,8.11,6.89,4.89,6.09,5.62,6.59,6.33,7.61
5684,8.85,8.11,6.89,4.89,6.09,5.62,6.59,6.33,7.61
5685,8.85,8.11,6.89,4.89,6.09,5.62,6.59,6.33,7.61
5686,8.85,8.11,6.89,4.89,6.09,5.62,6.59,6.33,7.61
5687,8.85,8.11,6.89,4.89,6.09,5.62,6.59,6.33,7.61
5688,8.85,8.11,6.89,4.89,6.09,5.62,6.59,6.33,7.61
5689,8.85,8.11,6.89,4.89,6.09,5.62,6.59,6.33,7.61
5690,8.85,8.11,6.89,4.89,6.09,5.62,6.59,6.33,7.61
5691,8.85,8.11,6.89,4.89,6.09,5.62,6.59,6.33,7.61
5692,8.85,8.11,6.89,4.89,6.09,5.62,6.59,6.33,7.61
5693,8.85,8.11,6.89,4.89,6.09,5.62,6.59,6.33,7.61
5694,8.85,8.11,6.89,4.89,6.09,5.62,6.59,6.33,7.61
5695,8.85,8.11,6.89,4.89,6.09,5.62,6.59,6.33,7.61
5696,8.85,8.11,6.89,4.89,6.09,5.62,6.59,6.33,7.61
5697,8.85,8.11,6.89,4.89,6.09,5.62,6.59,6.33,7.61
5698,8.85,8.11,6.89,4.89,6.09,5.62,6.59,6.33,7.61
5699,8.85,8.11,6.89,4.89,6.09,5.62,6.59,6.33,7.61
5700,8.85,8.11,6.89,4.89,6.09,5.62,6.59,6.33,7.61
5701,8.85,8.11,6.89,4.89,6.09,5.62,6.59,6.33,7.61
5702,8.85,8.11,6.89,4.89,6.09,5.62,6.59,6.33,7.61
5703,8.85,8.11,6.89,4.89,6.09,5.62,6.59,6.33,7.61
5704,8.85,8.11,6.89,4.89,6.09,5.62,6.59,6.33,7.61
5705,8.85,8.11,6.89,4.89,6.09,5.62,6.59,6.33,7.61
5706,8.85,8.11,6.89,4.89,6.09,5.62,6.59,6.33,7.61
5707,8.85,8.11,6.89,4.89,6.09,5.62,6.59,6.33,7.61
5708,8.85,8.11,6.89,4.89,6.09,5.62,6.59,6.33,7.61
5709,8.85,8.11,6.89,4.89,6.09,5.62,6.59,6.33,7.61
5710,8.85,8.11,6.89,4.89,6.09,5.62,6.59,6.33,7.61
5711,8.85,8.11,6.89,4.89,6.09,5.62,6.59,6.33,7.61
5712,8.85,8.11,6.89,4.89,6.09,5.62,6.59,6.33,7.61
5713,8.85,8.11,6.89,4.89,6.09,5.62,6.59,6.33,7.61
5714,8.85,8.11,6.89,4.89,6.09,5.62,6.59,6.33,7.61
5715,8.85,8.11,6.89,4.89,6.09,5.62,6.59,6.33,7.61
5716,8.85,8.11,6.89,4.89,6.09,5.62,6.59,6.33,7.61
5717,8.85,8.11,6.89,4.89,6.09,5.62,6.59,6.33,7.61
5718,8.85,8.11,6.89,4.89,6.09,5.62,6.59,6.33,7.61
5719,8.85,8.11,6.89,4.89,6.09,5.62,6.59,6.33,7.61
5720,8.85,8.11,6.89,4.89,6.09,5.62,6.59,6.33,7.61
5721,8.85,8.11,6.89,4.89,6.09,5.62,6.59,6.33,7.61
5722,8.85,8.11,6.89,4.89,6.09,5.62,6.59,6.33,7.61
5723,8.85,8.11,6.89,4.89,6.09,5.62,6.59,6.33,7.61
5724,8.85,8.11,6.89,4.89,6.09,5.62,6.59,6.33,7.61
5725,8.85,8.11,6.89,4.89,6.09,5.62,6.59,6.33,7.61
5726,8.85,8.11,6.89,4.89,6.09,5.62,6.59,6.33,7.61
5727,8.85,8.11,6.89,4.89,6.09,5.62,6.59,6.33,7.61
5728,8.85,8.11,6.89,4.89,6.09,5.62,6.59,6.33,7.61
5729,8.85,8.11,6.89,4.89,6.09,5.62,6.59,6.33,7.61
5730,8.85,8.11,6.89,4.89,6.09,5.62,6.59,6.33,7.61
5731,8.85,8.11,6.89,4.89,6.09,5.62,6.59,6.33,7.61
5732,8.85,8.11,6.89,4.89,6.09,5.62,6.59,6.33,7.61
5733,8.85,8.11,6.89,4.89,6.09,5.62,6.59,6.33,7.61
5734,8.85,8.11,6.89,4.89,6.09,5.62,6.59,6.33,7.61
5735,8.85,8.11,6.89,4.89,6.09,5.62,6.59,6.33,7.61
5736,8.85,8.11,6.89,4.89,6.09,5.62,6.59,6.33,7.61
5737,8.85,8.11,6.89,4.89,6.09,5.62,6.59,6.33,7.61
5738,8.85,8.11,6.89,4.89,6.09,5.62,6.59,6.33,7.61
5739,8.85,8.11,6.89,4.89,6.09,5.62,6.59,6.33,7.61
5740,8.85,8.11,6.89,4.89,6.09,5.62,6.59,6.33,7.61
5741,8.85,8.11,6.89,4.89,6.09,5.62,6.59,6.33,7.61
5742,8.85,8.11,6.89,4.89,6.09,5.62,6.59,6.33,7.61
5743,8.85,8.11,6.89,4.89,6.09,5.62,6.59,6.33,7.61
5744,8.85,8.11,6.89,4.89,6.09,5.62,6.59,6.33,7.61
5745,8.85,8.11,6.89,4.89,6.09,5.62,6.59,6.33,7.61
5746,8.85,8.11,6.89,4.89,6.09,5.62,6.59,6.33,7.61
5747,8.85,8.11,6.89,4.89,6.09,5.62,6.59,6.33,7.61
5748,8.85,8.11,6.89,4.89,6.09,5.62,6.59,6.33,7.61
5749,8.85,8.11,6.89,4.89,6.09,5.62,6.59,6.33,7.61
5750,8.85,8.11,6.89,4.89,6.09,5.62,6.59,6.33,7.61
5751,8.85,8.11,6.89,4.89,6.09,5.62,6.59,6.33,7.61
5752,8.85,8.11,6.89,4.89,6.09,5.62,6.59,6.33,7.61
5753,8.85,8.11,6.89,4.89,6.09,5.62,6.59,6.33,7.61
5754,8.85,8.11,6.89,4.89,6.09,5.62,6.59,6.33,7.61
5755,8.85,8.11,6.89,4.89,6.09,5.62,6.59,6.33,7.61
5756,8.85,8.11,6.89,4.89,6.09,5.62,6.59,6.33,7.61
5757,8.85,8.11,6.89,4.89,6.09,5.62,6.59,6.33,7.61
5758,8.85,8.11,6.89,4.89,6.09,5.62,6.59,6.33,7.61
5759,8.85,8.11,6.89,4.89,6.09,5.62,6.59,6.33,7.61
5760,8.85,8.11,6.89,4.89,6.09,5.62,6.59,6.33,7.61
5761,8.85,8.11,6.89,4.89,6.09,5.62,6.59,6.33,7.61
5762,8.85,8.11,6.89,4.89,6.09,5.62,6.59,6.33,7.61
5763,8.85,8.11,6.89,4.89,6.09,5.62,6.59,6.33,7.61
5764,8.85,8.11,6.89,4.89,6.09,5.62,6.59,6.33,7.61
5765,8.85,8.11,6.89,4.89,6.09,5.62,6.59,6.33,7.61
5766,8.85,8.11,6.89,4.89,6.09,5.62,6.59,6.33,7.61
5767,8.85,8.11,6.89,4.89,6.09,5.62,6.59,6.33,7.61
5768,8.85,8.11,6.89,4.89,6.09,5.62,6.59,6.33,7.61
5769,8.85,8.11,6.89,4.89,6.09,5.62,6.59,6.33,7.61
5770,8.85,8.11,6.89,4.89,6.09,5.62,6.59,6.33,7.61
5771,8.85,8.11,6.89,4.89,6.09,5.62,6.59,6.33,7.61
5772,8.85,8.11,6.89,4.89,6.09,5.62,6.59,6.33,7.61
5773,8.85,8.11,6.89,4.89,6.09,5.62,6.59,6.33,7.61
5774,8.85,8.11,6.89,4.89,6.09,5.62,6.59,6.33,7.61
5775,8.85,8.11,6.89,4.89,6.09,5.62,6.59,6.33,7.61
5776,8.85,8.11,6.89,4.89,6.09,5.62,6.59,6.33,7.61
5777,8.85,8.11,6.89,4.89,6.09,5.62,6.59,6.33,7.61
5778,8.85,8.11,6.89,4.89,6.09,5.62,6.59,6.33,7.61
5779,8.85,8.11,6.89,4.89,6.09,5.62,6.59,6.33,7.61
5780,8.85,8.11,6.89,4.89,6.09,5.62,6.59,6.33,7.61
5781,8.85,8.11,6.89,4.89,6.09,5.62,6.59,6.33,7.61
5782,8.85,8.11,6.89,4.89,6.09,5.62,6.59,6.33,7.61
5783,8.85,8.11,6.89,4.89,6.09,5.62,6.59,6.33,7.61
5784,8.85,8.11,6.89,4.89,6.09,5.62,6.59,6.33,7.61
5785,8.85,8.11,6.89,4.89,6.09,5.62,6.59,6.33,7.61
5786,8.85,8.11,6.89,4.89,6.09,5.62,6.59,6.33,7.61
5787,8.85,8.11,6.89,4.89,6.09,5.62,6.59,6.33,7.61
5788,8.85,8.11,6.89,4.89,6.09,5.62,6.59,6.33,7.61
5789,8.85,8.11,6.89,4.89,6.09,5.62,6.59,6.33,7.61
5790,8.85,8.11,6.89,4.89,6.09,5.62,6.59,6.33,7.61
5791,8.85,8.11,6.89,4.89,6.09,5.62,6.59,6.33,7.61
5792,8.85,8.11,6.89,4.89,6.09,5.62,6.59,6.33,7.61
5793,8.85,8.11,6.89,4.89,6.09,5.62,6.59,6.33,7.61
5794,8.85,8.11,6.89,4.89,6.09,5.62,6.59,6.33,7.61
5795,8.85,8.11,6.89,4.89,6.09,5.62,6.59,6.33,7.61
5796,8.85,8.11,6.89,4.89,6.09,5.62,6.59,6.33,7.61
5797,8.85,8.11,6.89,4.89,6.09,5.62,6.59,6.33,7.61
5798,8.85,8.11,6.89,4.89,6.09,5.62,6.59,6.33,7.61
5799,8.85,8.11,6.89,4.89,6.09,5.62,6.59,6.33,7.61
5800,8.85,8.11,6.89,4.89,6.09,5.62,6.59,6.33,7.61
5801,8.85,8.11,6.89,4.89,6.09,5.62,6.59,6.33,7.61
5802,8.85,8.11,6.89,4.89,6.09,5.62,6.59,6.33,7.61
5803,8.85,8.11,6.89,4.89,6.09,5.62,6.59,6.33,7.61
5804,8.85,8.11,6.89,4.89,6.09,5.62,6.59,6.33,7.61
5805,8.85,8.11,6.89,4.89,6.09,5.62,6.59,6.33,7.61
5806,8.85,8.11,6.89,4.89,6.09,5.62,6.59,6.33,7.61
5807,8.85,8.11,6.89,4.89,6.09,5.62,6.59,6.33,7.61
5808,8.85,8.11,6.89,4.89,6.09,5.62,6.59,6.33,7.61
5809,8.85,8.11,6.89,4.89,6.09,5.62,6.59,6.33,7.61
5810,8.85,8.11,6.89,4.89,6.09,5.62,6.59,6.33,7.61
5811,8.85,8.11,6.89,4.89,6.09,5.62,6.59,6.33,7.61
5812,8.85,8.11,6.89,4.89,6.09,5.62,6.59,6.33,7.61
5813,8.85,8.11,6.89,4.89,6.09,5.62,6.59,6.33,7.61
5814,8.85,8.11,6.89,4.89,6.09,5.62,6.59,6.33,7.61
5815,8.85,8.11,6.89,4.89,6.09,5.62,6.59,6.33,7.61
5816,8.85,8.11,6.89,4.89,6.09,5.62,6.59,6.33,7.61
5817,8.85,8.11,6.89,4.89,6.09,5.62,6.59,6.33,7.61
5818,8.85,8.11,6.89,4.89,6.09,5.62,6.59,6.33,7.61
5819,8.85,8.11,6.89,4.89,6.09,5.62,6.59,6.33,7.61
5820,8.85,8.11,6.89,4.89,6.09,5.62,6.59,6.33,7.61
5821,8.85,8.11,6.89,4.89,6.09,5.62,6.59,6.33,7.61
5822,8.85,8.11,6.89,4.89,6.09,5.62,6.59,6.33,7.61
5823,8.85,8.11,6.89,4.89,6.09,5.62,6.59,6.33,7.61
5824,8.85,8.11,6.89,4.89,6.09,5.62,6.59,6.33,7.61
5825,8.85,8.11,6.89,4.89,6.09,5.62,6.59,6.33,7.61
5826,8.85,8.11,6.89,4.89,6.09,5.62,6.59,6.33,7.61
5827,8.85,8.11,6.89,4.89,6.09,5.62,6.59,6.33,7.61
5828,8.85,8.11,6.89,4.89,6.09,5.62,6.59,6.33,7.61
5829,8.85,8.11,6.89,4.89,6.09,5.62,6.59,6.33,7.61
5830,8.85,8.11,6.89,4.89,6.09,5.62,6.59,6.33,7.61
5831,8.85,8.11,6.89,4.89,6.09,5.62,6.59,6.33,7.61
5832,8.85,8.11,6.89,4.89,6.09,5.62,6.59,6.33,7.61
5833,8.85,8.11,6.89,4.89,6.09,5.62,6.59,6.33,7.61
5834,8.85,8.11,6.89,4.89,6.09,5.62,6.59,6.33,7.61
5835,8.85,8.11,6.89,4.89,6.09,5.62,6.59,6.33,7.61
5836,8.85,8.11,6.89,4.89,6.09,5.62,6.59,6.33,7.61
5837,8.85,8.11,6.89,4.89,6.09,5.62,6.59,6.33,7.61
5838,8.85,8.11,6.89,4.89,6.09,5.62,6.59,6.33,7.61
5839,8.85,8.11,6.89,4.89,6.09,5.62,6.59,6.33,7.61
5840,8.85,8.11,6.89,4.89,6.09,5.62,6.59,6.33,7.61
5841,8.85,8.11,6.89,4.89,6.09,5.62,6.59,6.33,7.61
5842,8.85,8.11,6.89,4.89,6.09,5.62,6.59,6.33,7.61
5843,8.85,8.11,6.89,4.89,6.09,5.62,6.59,6.33,7.61
5844,8.85,8.11,6.89,4.89,6.09,5.62,6.59,6.33,7.61
5845,8.85,8.11,6.89,4.89,6.09,5.62,6.59,6.33,7.61
5846,8.85,8.11,6.89,4.89,6.09,5.62,6.59,6.33,7.61
5847,8.85,8.11,6.89,4.89,6.09,5.62,6.59,6.33,7.61
5848,8.85,8.11,6.89,4.89,6.09,5.62,6.59,6.33,7.61
5849,8.85,8.11,6.89,4.89,6.09,5.62,6.59,6.33,7.61
5850,8.85,8.11,6.89,4.89,6.09,5.62,6.59,6.33,7.61
5851,8.85,8.11,6.89,4.89,6.09,5.62,6.59,6.33,7.61
5852,8.85,8.11,6.89,4.89,6.09,5.62,6.59,6.33,7.61
5853,8.85,8.11,6.89,4.89,6.09,5.62,6.59,6.33,7.61
5854,8.85,8.11,6.89,4.89,6.09,5.62,6.59,6.33,7.61
5855,8.85,8.11,6.89,4.89,6.09,5.62,6.59,6.33,7.61
5856,8.85,8.11,6.89,4.89,6.09,5.62,6.59,6.33,7.61
5857,8.85,8.11,6.89,4.89,6.09,5.62,6.59,6.33,7.61
5858,8.85,8.11,6.89,4.89,6.09,5.62,6.59,6.33,7.61
5859,8.85,8.11,6.89,4.89,6.09,5.62,6.59,6.33,7.61
5860,8.85,8.11,6.89,4.89,6.09,5.62,6.59,6.33,7.61
5861,8.85,8.11,6.89,4.89,6.09,5.62,6.59,6.33,7.61
5862,8.85,8.11,6.89,4.89,6.09,5.62,6.59,6.33,7.61
5863,8.85,8.11,6.89,4.89,6.09,5.62,6.59,6.33,7.61
5864,8.85,8.11,6.89,4.89,6.09,5.62,6.59,6.33,7.61
5865,8.85,8.11,6.89,4.89,6.09,5.62,6.59,6.33,7.61
5866,8.85,8.11,6.89,4.89,6.09,5.62,6.59,6.33,7.61
5867,8.85,8.11,6.89,4.89,6.09,5.62,6.59,6.33,7.61
5868,8.85,8.11,6.89,4.89,6.09,5.62,6.59,6.33,7.61
5869,8.85,8.11,6.89,4.89,6.09,5.62,6.59,6.33,7.61
5870,8.85,8.11,6.89,4.89,6.09,5.62,6.59,6.33,7.61
5871,8.85,8.11,6.89,4.89,6.09,5.62,6.59,6.33,7.61
5872,8.85,8.11,6.89,4.89,6.09,5.62,6.59,6.33,7.61
5873,8.85,8.11,6.89,4.89,6.09,5.62,6.59,6.33,7.61
5874,8.85,8.11,6.89,4.89,6.09,5.62,6.59,6.33,7.61
5875,8.85,8.11,6.89,4.89,6.09,5.62,6.59,6.33,7.61
5876,8.85,8.11,6.89,4.89,6.09,5.62,6.59,6.33,7.61
5877,8.85,8.11,6.89,4.89,6.09,5.62,6.59,6.33,7.61
5878,8.85,8.11,6.89,4.89,6.09,5.62,6.59,6.33,7.61
5879,8.85,8.11,6.89,4.89,6.09,5.62,6.59,6.33,7.61
5880,8.85,8.11,6.89,4.89,6.09,5.62,6.59,6.33,7.61
5881,8.85,8.11,6.89,4.89,6.09,5.62,6.59,6.33,7.61
5882,8.85,8.11,6.89,4.89,6.09,5.62,6.59,6.33,7.61
5883,8.85,8.11,6.89,4.89,6.09,5.62,6.59,6.33,7.61
5884,8.85,8.11,6.89,4.89,6.09,5.62,6.59,6.33,7.61
5885,8.85,8.11,6.89,4.89,6.09,5.62,6.59,6.33,7.61
5886,8.85,8.11,6.89,4.89,6.09,5.62,6.59,6.33,7.61
5887,8.85,8.11,6.89,4.89,6.09,5.62,6.59,6.33,7.61
5888,8.85,8.11,6.89,4.89,6.09,5.62,6.59,6.33,7.61
5889,8.85,8.11,6.89,4.89,6.09,5.62,6.59,6.33,7.61
5890,8.85,8.11,6.89,4.89,6.09,5.62,6.59,6.33,7.61
5891,8.85,8.11,6.89,4.89,6.09,5.62,6.59,6.33,7.61
5892,8.85,8.11,6.89,4.89,6.09,5.62,6.59,6.33,7.61
5893,8.85,8.11,6.89,4.89,6.09,5.62,6.59,6.33,7.61
5894,8.85,8.11,6.89,4.89,6.09,5.62,6.59,6.33,7.61
5895,8.85,8.11,6.89,4.89,6.09,5.62,6.59,6.33,7.61
5896,8.85,8.11,6.89,4.89,6.09,5.62,6.59,6.33,7.61
5897,8.85,8.11,6.89,4.89,6.09,5.62,6.59,6.33,7.61
5898,8.85,8.11,6.89,4.89,6.09,5.62,6.59,6.33,7.61
5899,8.85,8.11,6.89,4.89,6.09,5.62,6.59,6.33,7.61
5900,8.85,8.11,6.89,4.89,6.09,5.62,6.59,6.33,7.61
5901,8.85,8.11,6.89,4.89,6.09,5.62,6.59,6.33,7.61
5902,8.85,8.11,6.89,4.89,6.09,5.62,6.59,6.33,7.61
5903,8.85,8.11,6.89,4.89,6.09,5.62,6.59,6.33,7.61
5904,8.85,8.11,6.89,4.89,6.09,5.62,6.59,6.33,7.61
5905,8.85,8.11,6.89,4.89,6.09,5.62,6.59,6.33,7.61
5906,8.85,8.11,6.89,4.89,6.09,5.62,6.59,6.33,7.61
5907,8.85,8.11,6.89,4.89,6.09,5.62,6.59,6.33,7.61
5908,8.85,8.11,6.89,4.89,6.09,5.62,6.59,6.33,7.61
5909,8.85,8.11,6.89,4.89,6.09,5.62,6.59,6.33,7.61
5910,8.85,8.11,6.89,4.89,6.09,5.62,6.59,6.33,7.61
5911,8.85,8.11,6.89,4.89,6.09,5.62,6.59,6.33,7.61
5912,8.85,8.11,6.89,4.89,6.09,5.62,6.59,6.33,7.61
5913,8.85,8.11,6.89,4.89,6.09,5.62,6.59,6.33,7.61
5914,8.85,8.11,6.89,4.89,6.09,5.62,6.59,6.33,7.61
5915,8.85,8.11,6.89,4.89,6.09,5.62,6.59,6.33,7.61
5916,8.85,8.11,6.89,4.89,6.09,5.62,6.59,6.33,7.61
5917,8.85,8.11,6.89,4.89,6.09,5.62,6.59,6.33,7.61
5918,8.85,8.11,6.89,4.89,6.09,5.62,6.59,6.33,7.61
5919,8.85,8.11,6.89,4.89,6.09,5.62,6.59,6.33,7.61
5920,8.85,8.11,6.89,4.89,6.09,5.62,6.59,6.33,7.61
5921,8.85,8.11,6.89,4.89,6.09,5.62,6.59,6.33,7.61
5922,8.85,8.11,6.89,4.89,6.09,5.62,6.59,6.33,7.61
5923,8.85,8.11,6.89,4.89,6.09,5.62,6.59,6.33,7.61
5924,8.85,8.11,6.89,4.89,6.09,5.62,6.59,6.33,7.61
5925,8.85,8.11,6.89,4.89,6.09,5.62,6.59,6.33,7.61
5926,8.85,8.11,6.89,4.89,6.09,5.62,6.59,6.33,7.61
5927,8.85,8.11,6.89,4.89,6.09,5.62,6.59,6.33,7.61
5928,8.85,8.11,6.89,4.89,6.09,5.62,6.59,6.33,7.61
5929,8.85,8.11,6.89,4.89,6.09,5.62,6.59,6.33,7.61
5930,8.85,8.11,6.89,4.89,6.09,5.62,6.59,6.33,7.61
5931,8.85,8.11,6.89,4.89,6.09,5.62,6.59,6.33,7.61
5932,8.85,8.11,6.89,4.89,6.09,5.62,6.59,6.33,7.61
5933,8.85,8.11,6.89,4.89,6.09,5.62,6.59,6.33,7.61
5934,8.85,8.11,6.89,4.89,6.09,5.62,6.59,6.33,7.61
5935,8.85,8.11,6.89,4.89,6.09,5.62,6.59,6.33,7.61
5936,8.85,8.11,6.89,4.89,6.09,5.62,6.59,6.33,7.61
5937,8.85,8.11,6.89,4.89,6.09,5.62,6.59,6.33,7.61
5938,8.85,8.11,6.89,4.89,6.09,5.62,6.59,6.33,7.61
5939,8.85,8.11,6.89,4.89,6.09,5.62,6.59,6.33,7.61
5940,8.85,8.11,6.89,4.89,6.09,5.62,6.59,6.33,7.61
5941,8.85,8.11,6.89,4.89,6.09,5.62,6.59,6.33,7.61
5942,8.85,8.11,6.89,4.89,6.09,5.62,6.59,6.33,7.61
5943,8.85,8.11,6.89,4.89,6.09,5.62,6.59,6.33,7.61
5944,8.85,8.11,6.89,4.89,6.09,5.62,6.59,6.33,7.61
5945,8.85,8.11,6.89,4.89,6.09,5.62,6.59,6.33,7.61
5946,8.85,8.11,6.89,4.89,6.09,5.62,6.59,6.33,7.61
5947,8.85,8.11,6.89,4.89,6.09,5.62,6.59,6.33,7.61
5948,8.85,8.11,6.89,4.89,6.09,5.62,6.59,6.33,7.61
5949,8.85,8.11,6.89,4.89,6.09,5.62,6.59,6.33,7.61
5950,8.85,8.11,6.89,4.89,6.09,5.62,6.59,6.33,7.61
5951,8.85,8.11,6.89,4.89,6.09,5.62,6.59,6.33,7.61
5952,8.85,8.11,6.89,4.89,6.09,5.62,6.59,6.33,7.61
5953,8.85,8.11,6.89,4.89,6.09,5.62,6.59,6.33,7.61
5954,8.85,8.11,6.89,4.89,6.09,5.62,6.59,6.33,7.61
5955,8.85,8.11,6.89,4.89,6.09,5.62,6.59,6.33,7.61
5956,8.85,8.11,6.89,4.89,6.09,5.62,6.59,6.33,7.61
5957,8.85,8.11,6.89,4.89,6.09,5.62,6.59,6.33,7.61
5958,8.85,8.11,6.89,4.89,6.09,5.62,6.59,6.33,7.61
5959,8.85,8.11,6.89,4.89,6.09,5.62,6.59,6.33,7.61
5960,8.85,8.11,6.89,4.89,6.09,5.62,6.59,6.33,7.61
5961,8.85,8.11,6.89,4.89,6.09,5.62,6.59,6.33,7.61
5962,8.85,8.11,6.89,4.89,6.09,5.62,6.59,6.33,7.61
5963,8.85,8.11,6.89,4.89,6.09,5.62,6.59,6.33,7.61
5964,8.85,8.11,6.89,4.89,6.09,5.62,6.59,6.33,7.61
5965,8.85,8.11,6.89,4.89,6.09,5.62,6.59,6.33,7.61
5966,8.85,8.11,6.89,4.89,6.09,5.62,6.59,6.33,7.61
5967,8.85,8.11,6.89,4.89,6.09,5.62,6.59,6.33,7.61
5968,8.85,8.11,6.89,4.89,6.09,5.62,6.59,6.33,7.61
5969,8.85,8.11,6.89,4.89,6.09,5.62,6.59,6.33,7.61
5970,8.85,8.11,6.89,4.89,6.09,5.62,6.59,6.33,7.61
5971,8.85,8.11,6.89,4.89,6.09,5.62,6.59,6.33,7.61
5972,8.85,8.11,6.89,4.89,6.09,5.62,6.59,6.33,7.61
5973,8.85,8.11,6.89,4.89,6.09,5.62,6.59,6.33,7.61
5974,8.85,8.11,6.89,4.89,6.09,5.62,6.59,6.33,7.61
5975,8.85,8.11,6.89,4.89,6.09,5.62,6.59,6.33,7.61
5976,8.85,8.11,6.89,4.89,6.09,5.62,6.59,6.33,7.61
5977,8.85,8.11,6.89,4.89,6.09,5.62,6.59,6.33,7.61
5978,8.85,8.11,6.89,4.89,6.09,5.62,6.59,6.33,7.61
5979,8.85,8.11,6.89,4.89,6.09,5.62,6.59,6.33,7.61
5980,8.85,8.11,6.89,4.89,6.09,5.62,6.59,6.33,7.61
5981,8.85,8.11,6.89,4.89,6.09,5.62,6.59,6.33,7.61
5982,8.85,8.11,6.89,4.89,6.09,5.62,6.59,6.33,7.61
5983,8.85,8.11,6.89,4.89,6.09,5.62,6.59,6.33,7.61
5984,8.85,8.11,6.89,4.89,6.09,5.62,6.59,6.33,7.61
5985,8.85,8.11,6.89,4.89,6.09,5.62,6.59,6.33,7.61
5986,8.85,8.11,6.89,4.89,6.09,5.62,6.59,6.33,7.61
5987,8.85,8.11,6.89,4.89,6.09,5.62,6.59,6.33,7.61
5988,8.85,8.11,6.89,4.89,6.09,5.62,6.59,6.33,7.61
5989,8.85,8.11,6.89,4.89,6.09,5.62,6.59,6.33,7.61
5990,8.85,8.11,6.89,4.89,6.09,5.62,6.59,6.33,7.61
5991,8.85,8.11,6.89,4.89,6.09,5.62,6.59,6.33,7.61
5992,8.85,8.11,6.89,4.89,6.09,5.62,6.59,6.33,7.61
5993,8.85,8.11,6.89,4.89,6.09,5.62,6.59,6.33,7.61
5994,8.85,8.11,6.89,4.89,6.09,5.62,6.59,6.33,7.61
5995,8.85,8.11,6.89,4.89,6.09,5.62,6.59,6.33,7.61
5996,8.85,8.11,6.89,4.89,6.09,5.62,6.59,6.33,7.61
5997,8.85,8.11,6.89,4.89,6.09,5.62,6.59,6.33,7.61
5998,8.85,8.11,6.89,4.89,6.09,5.62,6.59,6.33,7.61
5999,8.85,8.11,6.89,4.89,6.09,5.62,6.59,6.33,7.61
6000,8.85,8.11,6.89,4.89,6.09,5.62,6.59,6.33,7.61
6001,8.85,8.11,6.89,4.89,6.09,5.62,6.59,6.33,7.61
6002,8.85,8.11,6.89,4.89,6.09,5.62,6.59,6.33,7.61
6003,8.85,8.11,6.89,4.89,6.09,5.62,6.59,6.33,7.61
6004,8.85,8.11,6.89,4.89,6.09,5.62,6.59,6.33,7.61
6005,8.85,8.11,6.89,4.89,6.09,5.62,6.59,6.33,7.61
6006,8.85,8.11,6.89,4.89,6.09,5.62,6.59,6.33,7.61
6007,8.85,8.11,6.89,4.89,6.09,5.62,6.59,6.33,7.61
6008,8.85,8.11,6.89,4.89,6.09,5.62,6.59,6.33,7.61
6009,8.85,8.11,6.89,4.89,6.09,5.62,6.59,6.33,7.61
6010,8.85,8.11,6.89,4.89,6.09,5.62,6.59,6.33,7.61
6011,8.85,8.11,6.89,4.89,6.09,5.62,6.59,6.33,7.61
6012,8.85,8.11,6.89,4.89,6.09,5.62,6.59,6.33,7.61
6013,8.85,8.11,6.89,4.89,6.09,5.62,6.59,6.33,7.61
6014,8.85,8.11,6.89,4.89,6.09,5.62,6.59,6.33,7.61
6015,8.85,8.11,6.89,4.89,6.09,5.62,6.59,6.33,7.61
6016,8.85,8.11,6.89,4.89,6.09,5.62,6.59,6.33,7.61
6017,8.85,8.11,6.89,4.89,6.09,5.62,6.59,6.33,7.61
6018,8.85,8.11,6.89,4.89,6.09,5.62,6.59,6.33,7.61
6019,8.85,8.11,6.89,4.89,6.09,5.62,6.59,6.33,7.61
6020,8.85,8.11,6.89,4.89,6.09,5.62,6.59,6.33,7.61
6021,8.85,8.11,6.89,4.89,6.09,5.62,6.59,6.33,7.61
6022,8.85,8.11,6.89,4.89,6.09,5.62,6.59,6.33,7.61
6023,8.85,8.11,6.89,4.89,6.09,5.62,6.59,6.33,7.61
6024,8.85,8.11,6.89,4.89,6.09,5.62,6.59,6.33,7.61
6025,8.85,8.11,6.89,4.89,6.09,5.62,6.59,6.33,7.61
6026,8.85,8.11,6.89,4.89,6.09,5.62,6.59,6.33,7.61
6027,8.85,8.11,6.89,4.89,6.09,5.62,6.59,6.33,7.61
6028,8.85,8.11,6.89,4.89,6.09,5.62,6.59,6.33,7.61
6029,8.85,8.11,6.89,4.89,6.09,5.62,6.59,6.33,7.61
6030,8.85,8.11,6.89,4.89,6.09,5.62,6.59,6.33,7.61
6031,8.85,8.11,6.89,4.89,6.09,5.62,6.59,6.33,7.61
6032,8.85,8.11,6.89,4.89,6.09,5.62,6.59,6.33,7.61
6033,8.85,8.11,6.89,4.89,6.09,5.62,6.59,6.33,7.61
6034,8.85,8.11,6.89,4.89,6.09,5.62,6.59,6.33,7.61
6035,8.85,8.11,6.89,4.89,6.09,5.62,6.59,6.33,7.61
6036,8.85,8.11,6.89,4.89,6.09,5.62,6.59,6.33,7.61
6037,8.85,8.11,6.89,4.89,6.09,5.62,6.59,6.33,7.61
6038,8.85,8.11,6.89,4.89,6.09,5.62,6.59,6.33,7.61
6039,8.85,8.11,6.89,4.89,6.09,5.62,6.59,6.33,7.61
6040,8.85,8.11,6.89,4.89,6.09,5.62,6.59,6.33,7.61
6041,8.85,8.11,6.89,4.89,6.09,5.62,6.59,6.33,7.61
6042,8.85,8.11,6.89,4.89,6.09,5.62,6.59,6.33,7.61
6043,8.85,8.11,6.89,4.89,6.09,5.62,6.59,6.33,7.61
6044,8.85,8.11,6.89,4.89,6.09,5.62,6.59,6.33,7.61
6045,8.85,8.11,6.89,4.89,6.09,5.62,6.59,6.33,7.61
6046,8.85,8.11,6.89,4.89,6.09,5.62,6.59,6.33,7.61
6047,8.85,8.11,6.89,4.89,6.09,5.62,6.59,6.33,7.61
6048,8.85,8.11,6.89,4.89,6.09,5.62,6.59,6.33,7.61
6049,8.85,8.11,6.89,4.89,6.09,5.62,6.59,6.33,7.61
6050,8.85,8.11,6.89,4.89,6.09,5.62,6.59,6.33,7.61
6051,8.85,8.11,6.89,4.89,6.09,5.62,6.59,6.33,7.61
6052,8.85,8.11,6.89,4.89,6.09,5.62,6.59,6.33,7.61
6053,8.85,8.11,6.89,4.89,6.09,5.62,6.59,6.33,7.61
6054,8.85,8.11,6.89,4.89,6.09,5.62,6.59,6.33,7.61
6055,8.85,8.11,6.89,4.89,6.09,5.62,6.59,6.33,7.61
6056,8.85,8.11,6.89,4.89,6.09,5.62,6.59,6.33,7.61
6057,8.85,8.11,6.89,4.89,6.09,5.62,6.59,6.33,7.61
6058,8.85,8.11,6.89,4.89,6.09,5.62,6.59,6.33,7.61
6059,8.85,8.11,6.89,4.89,6.09,5.62,6.59,6.33,7.61
6060,8.85,8.11,6.89,4.89,6.09,5.62,6.59,6.33,7.61
6061,8.85,8.11,6.89,4.89,6.09,5.62,6.59,6.33,7.61
6062,8.85,8.11,6.89,4.89,6.09,5.62,6.59,6.33,7.61
6063,8.85,8.11,6.89,4.89,6.09,5.62,6.59,6.33,7.61
6064,8.85,8.11,6.89,4.89,6.09,5.62,6.59,6.33,7.61
6065,8.85,8.11,6.89,4.89,6.09,5.62,6.59,6.33,7.61
6066,8.85,8.11,6.89,4.89,6.09,5.62,6.59,6.33,7.61
6067,8.85,8.11,6.89,4.89,6.09,5.62,6.59,6.33,7.61
6068,8.85,8.11,6.89,4.89,6.09,5.62,6.59,6.33,7.61
6069,8.85,8.11,6.89,4.89,6.09,5.62,6.59,6.33,7.61
6070,8.85,8.11,6.89,4.89,6.09,5.62,6.59,6.33,7.61
6071,8.85,8.11,6.89,4.89,6.09,5.62,6.59,6.33,7.61
6072,8.85,8.11,6.89,4.89,6.09,5.62,6.59,6.33,7.61
6073,8.85,8.11,6.89,4.89,6.09,5.62,6.59,6.33,7.61
6074,8.85,8.11,6.89,4.89,6.09,5.62,6.59,6.33,7.61
6075,8.85,8.11,6.89,4.89,6.09,5.62,6.59,6.33,7.61
6076,8.85,8.11,6.89,4.89,6.09,5.62,6.59,6.33,7.61
6077,8.85,8.11,6.89,4.89,6.09,5.62,6.59,6.33,7.61
6078,8.85,8.11,6.89,4.89,6.09,5.62,6.59,6.33,7.61
6079,8.85,8.11,6.89,4.89,6.09,5.62,6.59,6.33,7.61
6080,8.85,8.11,6.89,4.89,6.09,5.62,6.59,6.33,7.61
6081,8.85,8.11,6.89,4.89,6.09,5.62,6.59,6.33,7.61
6082,8.85,8.11,6.89,4.89,6.09,5.62,6.59,6.33,7.61
6083,8.85,8.11,6.89,4.89,6.09,5.62,6.59,6.33,7.61
6084,8.85,8.11,6.89,4.89,6.09,5.62,6.59,6.33,7.61
6085,8.85,8.11,6.89,4.89,6.09,5.62,6.59,6.33,7.61
6086,8.85,8.11,6.89,4.89,6.09,5.62,6.59,6.33,7.61
6087,8.85,8.11,6.89,4.89,6.09,5.62,6.59,6.33,7.61
6088,8.85,8.11,6.89,4.89,6.09,5.62,6.59,6.33,7.61
6089,8.85,8.11,6.89,4.89,6.09,5.62,6.59,6.33,7.61
6090,8.85,8.11,6.89,4.89,6.09,5.62,6.59,6.33,7.61
6091,8.85,8.11,6.89,4.89,6.09,5.62,6.59,6.33,7.61
6092,8.85,8.11,6.89,4.89,6.09,5.62,6.59,6.33,7.61
6093,8.85,8.11,6.89,4.89,6.09,5.62,6.59,6.33,7.61
6094,8.85,8.11,6.89,4.89,6.09,5.62,6.59,6.33,7.61
6095,8.85,8.11,6.89,4.89,6.09,5.62,6.59,6.33,7.61
6096,8.85,8.11,6.89,4.89,6.09,5.62,6.59,6.33,7.61
6097,8.85,8.11,6.89,4.89,6.09,5.62,6.59,6.33,7.61
6098,8.85,8.11,6.89,4.89,6.09,5.62,6.59,6.33,7.61
6099,8.85,8.11,6.89,4.89,6.09,5.62,6.59,6.33,7.61
6100,8.85,8.11,6.89,4.89,6.09,5.62,6.59,6.33,7.61
6101,8.85,8.11,6.89,4.89,6.09,5.62,6.59,6.33,7.61
6102,8.85,8.11,6.89,4.89,6.09,5.62,6.59,6.33,7.61
6103,8.85,8.11,6.89,4.89,6.09,5.62,6.59,6.33,7.61
6104,8.85,8.11,6.89,4.89,6.09,5.62,6.59,6.33,7.61
6105,8.85,8.11,6.89,4.89,6.09,5.62,6.59,6.33,7.61
6106,8.85,8.11,6.89,4.89,6.09,5.62,6.59,6.33,7.61
6107,8.85,8.11,6.89,4.89,6.09,5.62,6.59,6.33,7.61
6108,8.85,8.11,6.89,4.89,6.09,5.62,6.59,6.33,7.61
6109,8.85,8.11,6.89,4.89,6.09,5.62,6.59,6.33,7.61
6110,8.85,8.11,6.89,4.89,6.09,5.62,6.59,6.33,7.61
6111,8.85,8.11,6.89,4.89,6.09,5.62,6.59,6.33,7.61
6112,8.85,8.11,6.89,4.89,6.09,5.62,6.59,6.33,7.61
6113,8.85,8.11,6.89,4.89,6.09,5.62,6.59,6.33,7.61
6114,8.85,8.11,6.89,4.89,6.09,5.62,6.59,6.33,7.61
6115,8.85,8.11,6.89,4.89,6.09,5.62,6.59,6.33,7.61
6116,8.85,8.11,6.89,4.89,6.09,5.62,6.59,6.33,7.61
6117,8.85,8.11,6.89,4.89,6.09,5.62,6.59,6.33,7.61
6118,8.85,8.11,6.89,4.89,6.09,5.62,6.59,6.33,7.61
6119,8.85,8.11,6.89,4.89,6.09,5.62,6.59,6.33,7.61
6120,8.85,8.11,6.89,4.89,6.09,5.62,6.59,6.33,7.61
6121,8.85,8.11,6.89,4.89,6.09,5.62,6.59,6.33,7.61
6122,8.85,8.11,6.89,4.89,6.09,5.62,6.59,6.33,7.61
6123,8.85,8.11,6.89,4.89,6.09,5.62,6.59,6.33,7.61
6124,8.85,8.11,6.89,4.89,6.09,5.62,6.59,6.33,7.61
6125,8.85,8.11,6.89,4.89,6.09,5.62,6.59,6.33,7.61
6126,8.85,8.11,6.89,4.89,6.09,5.62,6.59,6.33,7.61
6127,8.85,8.11,6.89,4.89,6.09,5.62,6.59,6.33,7.61
6128,8.85,8.11,6.89,4.89,6.09,5.62,6.59,6.33,7.61
6129,8.85,8.11,6.89,4.89,6.09,5.62,6.59,6.33,7.61
6130,8.85,8.11,6.89,4.89,6.09,5.62,6.59,6.33,7.61
6131,8.85,8.11,6.89,4.89,6.09,5.62,6.59,6.33,7.61
6132,8.85,8.11,6.89,4.89,6.09,5.62,6.59,6.33,7.61
6133,8.85,8.11,6.89,4.89,6.09,5.62,6.59,6.33,7.61
6134,8.85,8.11,6.89,4.89,6.09,5.62,6.59,6.33,7.61
6135,8.85,8.11,6.89,4.89,6.09,5.62,6.59,6.33,7.61
6136,8.85,8.11,6.89,4.89,6.09,5.62,6.59,6.33,7.61
6137,8.85,8.11,6.89,4.89,6.09,5.62,6.59,6.33,7.61
6138,8.85,8.11,6.89,4.89,6.09,5.62,6.59,6.33,7.61
6139,8.85,8.11,6.89,4.89,6.09,5.62,6.59,6.33,7.61
6140,8.85,8.11,6.89,4.89,6.09,5.62,6.59,6.33,7.61
6141,8.85,8.11,6.89,4.89,6.09,5.62,6.59,6.33,7.61
6142,8.85,8.11,6.89,4.89,6.09,5.62,6.59,6.33,7.61
6143,8.85,8.11,6.89,4.89,6.09,5.62,6.59,6.33,7.61
6144,8.85,8.11,6.89,4.89,6.09,5.62,6.59,6.33,7.61
6145,8.85,8.11,6.89,4.89,6.09,5.62,6.59,6.33,7.61
6146,8.85,8.11,6.89,4.89,6.09,5.62,6.59,6.33,7.61
6147,8.85,8.11,6.89,4.89,6.09,5.62,6.59,6.33,7.61
6148,8.85,8.11,6.89,4.89,6.09,5.62,6.59,6.33,7.61
6149,8.85,8.11,6.89,4.89,6.09,5.62,6.59,6.33,7.61
6150,8.85,8.11,6.89,4.89,6.09,5.62,6.59,6.33,7.61
6151,8.85,8.11,6.89,4.89,6.09,5.62,6.59,6.33,7.61
6152,8.85,8.11,6.89,4.89,6.09,5.62,6.59,6.33,7.61
6153,8.85,8.11,6.89,4.89,6.09,5.62,6.59,6.33,7.61
6154,8.85,8.11,6.89,4.89,6.09,5.62,6.59,6.33,7.61
6155,8.85,8.11,6.89,4.89,6.09,5.62,6.59,6.33,7.61
6156,8.85,8.11,6.89,4.89,6.09,5.62,6.59,6.33,7.61
6157,8.85,8.11,6.89,4.89,6.09,5.62,6.59,6.33,7.61
6158,8.85,8.11,6.89,4.89,6.09,5.62,6.59,6.33,7.61
6159,8.85,8.11,6.89,4.89,6.09,5.62,6.59,6.33,7.61
6160,8.85,8.11,6.89,4.89,6.09,5.62,6.59,6.33,7.61
6161,8.85,8.11,6.89,4.89,6.09,5.62,6.59,6.33,7.61
6162,8.85,8.11,6.89,4.89,6.09,5.62,6.59,6.33,7.61
6163,8.85,8.11,6.89,4.89,6.09,5.62,6.59,6.33,7.61
6164,8.85,8.11,6.89,4.89,6.09,5.62,6.59,6.33,7.61
6165,8.85,8.11,6.89,4.89,6.09,5.62,6.59,6.33,7.61
6166,8.85,8.11,6.89,4.89,6.09,5.62,6.59,6.33,7.61
6167,8.85,8.11,6.89,4.89,6.09,5.62,6.59,6.33,7.61
6168,8.85,8.11,6.89,4.89,6.09,5.62,6.59,6.33,7.61
6169,8.85,8.11,6.89,4.89,6.09,5.62,6.59,6.33,7.61
6170,8.85,8.11,6.89,4.89,6.09,5.62,6.59,6.33,7.61
6171,8.85,8.11,6.89,4.89,6.09,5.62,6.59,6.33,7.61
6172,8.85,8.11,6.89,4.89,6.09,5.62,6.59,6.33,7.61
6173,8.85,8.11,6.89,4.89,6.09,5.62,6.59,6.33,7.61
6174,8.85,8.11,6.89,4.89,6.09,5.62,6.59,6.33,7.61
6175,8.85,8.11,6.89,4.89,6.09,5.62,6.59,6.33,7.61
6176,8.85,8.11,6.89,4.89,6.09,5.62,6.59,6.33,7.61
6177,8.85,8.11,6.89,4.89,6.09,5.62,6.59,6.33,7.61
6178,8.85,8.11,6.89,4.89,6.09,5.62,6.59,6.33,7.61
6179,8.85,8.11,6.89,4.89,6.09,5.62,6.59,6.33,7.61
6180,8.85,8.11,6.89,4.89,6.09,5.62,6.59,6.33,7.61
6181,8.85,8.11,6.89,4.89,6.09,5.62,6.59,6.33,7.61
6182,8.85,8.11,6.89,4.89,6.09,5.62,6.59,6.33,7.61
6183,8.85,8.11,6.89,4.89,6.09,5.62,6.59,6.33,7.61
6184,8.85,8.11,6.89,4.89,6.09,5.62,6.59,6.33,7.61
6185,8.85,8.11,6.89,4.89,6.09,5.62,6.59,6.33,7.61
6186,8.85,8.11,6.89,4.89,6.09,5.62,6.59,6.33,7.61
6187,8.85,8.11,6.89,4.89,6.09,5.62,6.59,6.33,7.61
6188,8.85,8.11,6.89,4.89,6.09,5.62,6.59,6.33,7.61
6189,8.85,8.11,6.89,4.89,6.09,5.62,6.59,6.33,7.61
6190,8.85,8.11,6.89,4.89,6.09,5.62,6.59,6.33,7.61
6191,8.85,8.11,6.89,4.89,6.09,5.62,6.59,6.33,7.61
6192,8.85,8.11,6.89,4.89,6.09,5.62,6.59,6.33,7.61
6193,8.85,8.11,6.89,4.89,6.09,5.62,6.59,6.33,7.61
6194,8.85,8.11,6.89,4.89,6.09,5.62,6.59,6.33,7.61
6195,8.85,8.11,6.89,4.89,6.09,5.62,6.59,6.33,7.61
6196,8.85,8.11,6.89,4.89,6.09,5.62,6.59,6.33,7.61
6197,8.85,8.11,6.89,4.89,6.09,5.62,6.59,6.33,7.61
6198,8.85,8.11,6.89,4.89,6.09,5.62,6.59,6.33,7.61
6199,8.85,8.11,6.89,4.89,6.09,5.62,6.59,6.33,7.61
6200,8.85,8.11,6.89,4.89,6.09,5.62,6.59,6.33,7.61
6201,8.85,8.11,6.89,4.89,6.09,5.62,6.59,6.33,7.61
6202,8.85,8.11,6.89,4.89,6.09,5.62,6.59,6.33,7.61
6203,8.85,8.11,6.89,4.89,6.09,5.62,6.59,6.33,7.61
6204,8.85,8.11,6.89,4.89,6.09,5.62,6.59,6.33,7.61
6205,8.85,8.11,6.89,4.89,6.09,5.62,6.59,6.33,7.61
6206,8.85,8.11,6.89,4.89,6.09,5.62,6.59,6.33,7.61
6207,8.85,8.11,6.89,4.89,6.09,5.62,6.59,6.33,7.61
6208,8.85,8.11,6.89,4.89,6.09,5.62,6.59,6.33,7.61
6209,8.85,8.11,6.89,4.89,6.09,5.62,6.59,6.33,7.61
6210,8.85,8.11,6.89,4.89,6.09,5.62,6.59,6.33,7.61
6211,8.85,8.11,6.89,4.89,6.09,5.62,6.59,6.33,7.61
6212,8.85,8.11,6.89,4.89,6.09,5.62,6.59,6.33,7.61
6213,8.85,8.11,6.89,4.89,6.09,5.62,6.59,6.33,7.61
6214,8.85,8.11,6.89,4.89,6.09,5.62,6.59,6.33,7.61
6215,8.85,8.11,6.89,4.89,6.09,5.62,6.59,6.33,7.61
6216,8.85,8.11,6.89,4.89,6.09,5.62,6.59,6.33,7.61
6217,8.85,8.11,6.89,4.89,6.09,5.62,6.59,6.33,7.61
6218,8.85,8.11,6.89,4.89,6.09,5.62,6.59,6.33,7.61
6219,8.85,8.11,6.89,4.89,6.09,5.62,6.59,6.33,7.61
6220,8.85,8.11,6.89,4.89,6.09,5.62,6.59,6.33,7.61
6221,8.85,8.11,6.89,4.89,6.09,5.62,6.59,6.33,7.61
6222,8.85,8.11,6.89,4.89,6.09,5.62,6.59,6.33,7.61
6223,8.85,8.11,6.89,4.89,6.09,5.62,6.59,6.33,7.61
6224,8.85,8.11,6.89,4.89,6.09,5.62,6.59,6.33,7.61
6225,8.85,8.11,6.89,4.89,6.09,5.62,6.59,6.33,7.61
6226,8.85,8.11,6.89,4.89,6.09,5.62,6.59,6.33,7.61
6227,8.85,8.11,6.89,4.89,6.09,5.62,6.59,6.33,7.61
6228,8.85,8.11,6.89,4.89,6.09,5.62,6.59,6.33,7.61
6229,8.85,8.11,6.89,4.89,6.09,5.62,6.59,6.33,7.61
6230,8.85,8.11,6.89,4.89,6.09,5.62,6.59,6.33,7.61
6231,8.85,8.11,6.89,4.89,6.09,5.62,6.59,6.33,7.61
6232,8.85,8.11,6.89,4.89,6.09,5.62,6.59,6.33,7.61
6233,8.85,8.11,6.89,4.89,6.09,5.62,6.59,6.33,7.61
6234,8.85,8.11,6.89,4.89,6.09,5.62,6.59,6.33,7.61
6235,8.85,8.11,6.89,4.89,6.09,5.62,6.59,6.33,7.61
6236,8.85,8.11,6.89,4.89,6.09,5.62,6.59,6.33,7.61
6237,8.85,8.11,6.89,4.89,6.09,5.62,6.59,6.33,7.61
6238,8.85,8.11,6.89,4.89,6.09,5.62,6.59,6.33,7.61
6239,8.85,8.11,6.89,4.89,6.09,5.62,6.59,6.33,7.61
6240,8.85,8.11,6.89,4.89,6.09,5.62,6.59,6.33,7.61
6241,8.85,8.11,6.89,4.89,6.09,5.62,6.59,6.33,7.61
6242,8.85,8.11,6.89,4.89,6.09,5.62,6.59,6.33,7.61
6243,8.85,8.11,6.89,4.89,6.09,5.62,6.59,6.33,7.61
6244,8.85,8.11,6.89,4.89,6.09,5.62,6.59,6.33,7.61
6245,8.85,8.11,6.89,4.89,6.09,5.62,6.59,6.33,7.61
6246,8.85,8.11,6.89,4.89,6.09,5.62,6.59,6.33,7.61
6247,8.85,8.11,6.89,4.89,6.09,5.62,6.59,6.33,7.61
6248,8.85,8.11,6.89,4.89,6.09,5.62,6.59,6.33,7.61
6249,8.85,8.11,6.89,4.89,6.09,5.62,6.59,6.33,7.61
6250,8.85,8.11,6.89,4.89,6.09,5.62,6.59,6.33,7.61
6251,8.85,8.11,6.89,4.89,6.09,5.62,6.59,6.33,7.61
6252,8.85,8.11,6.89,4.89,6.09,5.62,6.59,6.33,7.61
6253,8.85,8.11,6.89,4.89,6.09,5.62,6.59,6.33,7.61
6254,8.85,8.11,6.89,4.89,6.09,5.62,6.59,6.33,7.61
6255,8.85,8.11,6.89,4.89,6.09,5.62,6.59,6.33,7.61
6256,8.85,8.11,6.89,4.89,6.09,5.62,6.59,6.33,7.61
6257,8.85,8.11,6.89,4.89,6.09,5.62,6.59,6.33,7.61
6258,8.85,8.11,6.89,4.89,6.09,5.62,6.59,6.33,7.61
6259,8.85,8.11,6.89,4.89,6.09,5.62,6.59,6.33,7.61
6260,8.85,8.11,6.89,4.89,6.09,5.62,6.59,6.33,7.61
6261,8.85,8.11,6.89,4.89,6.09,5.62,6.59,6.33,7.61
6262,8.85,8.11,6.89,4.89,6.09,5.62,6.59,6.33,7.61
6263,8.85,8.11,6.89,4.89,6.09,5.62,6.59,6.33,7.61
6264,8.85,8.11,6.89,4.89,6.09,5.62,6.59,6.33,7.61
6265,8.85,8.11,6.89,4.89,6.09,5.62,6.59,6.33,7.61
6266,8.85,8.11,6.89,4.89,6.09,5.62,6.59,6.33,7.61
6267,8.85,8.11,6.89,4.89,6.09,5.62,6.59,6.33,7.61
6268,8.85,8.11,6.89,4.89,6.09,5.62,6.59,6.33,7.61
6269,8.85,8.11,6.89,4.89,6.09,5.62,6.59,6.33,7.61
6270,8.85,8.11,6.89,4.89,6.09,5.62,6.59,6.33,7.61
6271,8.85,8.11,6.89,4.89,6.09,5.62,6.59,6.33,7.61
6272,8.85,8.11,6.89,4.89,6.09,5.62,6.59,6.33,7.61
6273,8.85,8.11,6.89,4.89,6.09,5.62,6.59,6.33,7.61
6274,8.85,8.11,6.89,4.89,6.09,5.62,6.59,6.33,7.61
6275,8.85,8.11,6.89,4.89,6.09,5.62,6.59,6.33,7.61
6276,8.85,8.11,6.89,4.89,6.09,5.62,6.59,6.33,7.61
6277,8.85,8.11,6.89,4.89,6.09,5.62,6.59,6.33,7.61
6278,8.85,8.11,6.89,4.89,6.09,5.62,6.59,6.33,7.61
6279,8.85,8.11,6.89,4.89,6.09,5.62,6.59,6.33,7.61
6280,8.85,8.11,6.89,4.89,6.09,5.62,6.59,6.33,7.61
6281,8.85,8.11,6.89,4.89,6.09,5.62,6.59,6.33,7.61
6282,8.85,8.11,6.89,4.89,6.09,5.62,6.59,6.33,7.61
6283,8.85,8.11,6.89,4.89,6.09,5.62,6.59,6.33,7.61
6284,8.85,8.11,6.89,4.89,6.09,5.62,6.59,6.33,7.61
6285,8.85,8.11,6.89,4.89,6.09,5.62,6.59,6.33,7.61
6286,8.85,8.11,6.89,4.89,6.09,5.62,6.59,6.33,7.61
6287,8.85,8.11,6.89,4.89,6.09,5.62,6.59,6.33,7.61
6288,8.85,8.11,6.89,4.89,6.09,5.62,6.59,6.33,7.61
6289,8.85,8.11,6.89,4.89,6.09,5.62,6.59,6.33,7.61
6290,8.85,8.11,6.89,4.89,6.09,5.62,6.59,6.33,7.61
6291,8.85,8.11,6.89,4.89,6.09,5.62,6.59,6.33,7.61
6292,8.85,8.11,6.89,4.89,6.09,5.62,6.59,6.33,7.61
6293,8.85,8.11,6.89,4.89,6.09,5.62,6.59,6.33,7.61
6294,8.85,8.11,6.89,4.89,6.09,5.62,6.59,6.33,7.61
6295,8.85,8.11,6.89,4.89,6.09,5.62,6.59,6.33,7.61
6296,8.85,8.11,6.89,4.89,6.09,5.62,6.59,6.33,7.61
6297,8.85,8.11,6.89,4.89,6.09,5.62,6.59,6.33,7.61
6298,8.85,8.11,6.89,4.89,6.09,5.62,6.59,6.33,7.61
6299,8.85,8.11,6.89,4.89,6.09,5.62,6.59,6.33,7.61
6300,8.85,8.11,6.89,4.89,6.09,5.62,6.59,6.33,7.61
6301,8.85,8.11,6.89,4.89,6.09,5.62,6.59,6.33,7.61
6302,8.85,8.11,6.89,4.89,6.09,5.62,6.59,6.33,7.61
6303,8.85,8.11,6.89,4.89,6.09,5.62,6.59,6.33,7.61
6304,8.85,8.11,6.89,4.89,6.09,5.62,6.59,6.33,7.61
6305,8.85,8.11,6.89,4.89,6.09,5.62,6.59,6.33,7.61
6306,8.85,8.11,6.89,4.89,6.09,5.62,6.59,6.33,7.61
6307,8.85,8.11,6.89,4.89,6.09,5.62,6.59,6.33,7.61
6308,8.85,8.11,6.89,4.89,6.09,5.62,6.59,6.33,7.61
6309,8.85,8.11,6.89,4.89,6.09,5.62,6.59,6.33,7.61
6310,8.85,8.11,6.89,4.89,6.09,5.62,6.59,6.33,7.61
6311,8.85,8.11,6.89,4.89,6.09,5.62,6.59,6.33,7.61
6312,8.85,8.11,6.89,4.89,6.09,5.62,6.59,6.33,7.61
6313,8.85,8.11,6.89,4.89,6.09,5.62,6.59,6.33,7.61
6314,8.85,8.11,6.89,4.89,6.09,5.62,6.59,6.33,7.61
6315,8.85,8.11,6.89,4.89,6.09,5.62,6.59,6.33,7.61
6316,8.85,8.11,6.89,4.89,6.09,5.62,6.59,6.33,7.61
6317,8.85,8.11,6.89,4.89,6.09,5.62,6.59,6.33,7.61
6318,8.85,8.11,6.89,4.89,6.09,5.62,6.59,6.33,7.61
6319,8.85,8.11,6.89,4.89,6.09,5.62,6.59,6.33,7.61
6320,8.85,8.11,6.89,4.89,6.09,5.62,6.59,6.33,7.61
6321,8.85,8.11,6.89,4.89,6.09,5.62,6.59,6.33,7.61
6322,8.85,8.11,6.89,4.89,6.09,5.62,6.59,6.33,7.61
6323,8.85,8.11,6.89,4.89,6.09,5.62,6.59,6.33,7.61
6324,8.85,8.11,6.89,4.89,6.09,5.62,6.59,6.33,7.61
6325,8.85,8.11,6.89,4.89,6.09,5.62,6.59,6.33,7.61
6326,8.85,8.11,6.89,4.89,6.09,5.62,6.59,6.33,7.61
6327,8.85,8.11,6.89,4.89,6.09,5.62,6.59,6.33,7.61
6328,8.85,8.11,6.89,4.89,6.09,5.62,6.59,6.33,7.61
6329,8.85,8.11,6.89,4.89,6.09,5.62,6.59,6.33,7.61
6330,8.85,8.11,6.89,4.89,6.09,5.62,6.59,6.33,7.61
6331,8.85,8.11,6.89,4.89,6.09,5.62,6.59,6.33,7.61
6332,8.85,8.11,6.89,4.89,6.09,5.62,6.59,6.33,7.61
6333,8.85,8.11,6.89,4.89,6.09,5.62,6.59,6.33,7.61
6334,8.85,8.11,6.89,4.89,6.09,5.62,6.59,6.33,7.61
6335,8.85,8.11,6.89,4.89,6.09,5.62,6.59,6.33,7.61
6336,8.85,8.11,6.89,4.89,6.09,5.62,6.59,6.33,7.61
6337,8.85,8.11,6.89,4.89,6.09,5.62,6.59,6.33,7.61
6338,8.85,8.11,6.89,4.89,6.09,5.62,6.59,6.33,7.61
6339,8.85,8.11,6.89,4.89,6.09,5.62,6.59,6.33,7.61
6340,8.85,8.11,6.89,4.89,6.09,5.62,6.59,6.33,7.61
6341,8.85,8.11,6.89,4.89,6.09,5.62,6.59,6.33,7.61
6342,8.85,8.11,6.89,4.89,6.09,5.62,6.59,6.33,7.61
6343,8.85,8.11,6.89,4.89,6.09,5.62,6.59,6.33,7.61
6344,8.85,8.11,6.89,4.89,6.09,5.62,6.59,6.33,7.61
6345,8.85,8.11,6.89,4.89,6.09,5.62,6.59,6.33,7.61
6346,8.85,8.11,6.89,4.89,6.09,5.62,6.59,6.33,7.61
6347,8.85,8.11,6.89,4.89,6.09,5.62,6.59,6.33,7.61
6348,8.85,8.11,6.89,4.89,6.09,5.62,6.59,6.33,7.61
6349,8.85,8.11,6.89,4.89,6.09,5.62,6.59,6.33,7.61
6350,8.85,8.11,6.89,4.89,6.09,5.62,6.59,6.33,7.61
6351,8.85,8.11,6.89,4.89,6.09,5.62,6.59,6.33,7.61
6352,8.85,8.11,6.89,4.89,6.09,5.62,6.59,6.33,7.61
6353,8.85,8.11,6.89,4.89,6.09,5.62,6.59,6.33,7.61
6354,8.85,8.11,6.89,4.89,6.09,5.62,6.59,6.33,7.61
6355,8.85,8.11,6.89,4.89,6.09,5.62,6.59,6.33,7.61
6356,8.85,8.11,6.89,4.89,6.09,5.62,6.59,6.33,7.61
6357,8.85,8.11,6.89,4.89,6.09,5.62,6.59,6.33,7.61
6358,8.85,8.11,6.89,4.89,6.09,5.62,6.59,6.33,7.61
6359,8.85,8.11,6.89,4.89,6.09,5.62,6.59,6.33,7.61
6360,8.85,8.11,6.89,4.89,6.09,5.62,6.59,6.33,7.61
6361,8.85,8.11,6.89,4.89,6.09,5.62,6.59,6.33,7.61
6362,8.85,8.11,6.89,4.89,6.09,5.62,6.59,6.33,7.61
6363,8.85,8.11,6.89,4.89,6.09,5.62,6.59,6.33,7.61
6364,8.85,8.11,6.89,4.89,6.09,5.62,6.59,6.33,7.61
6365,8.85,8.11,6.89,4.89,6.09,5.62,6.59,6.33,7.61
6366,8.85,8.11,6.89,4.89,6.09,5.62,6.59,6.33,7.61
6367,8.85,8.11,6.89,4.89,6.09,5.62,6.59,6.33,7.61
6368,8.85,8.11,6.89,4.89,6.09,5.62,6.59,6.33,7.61
6369,8.85,8.11,6.89,4.89,6.09,5.62,6.59,6.33,7.61
6370,8.85,8.11,6.89,4.89,6.09,5.62,6.59,6.33,7.61
6371,8.85,8.11,6.89,4.89,6.09,5.62,6.59,6.33,7.61
6372,8.85,8.11,6.89,4.89,6.09,5.62,6.59,6.33,7.61
6373,8.85,8.11,6.89,4.89,6.09,5.62,6.59,6.33,7.61
6374,8.85,8.11,6.89,4.89,6.09,5.62,6.59,6.33,7.61
6375,8.85,8.11,6.89,4.89,6.09,5.62,6.59,6.33,7.61
6376,8.85,8.11,6.89,4.89,6.09,5.62,6.59,6.33,7.61
6377,8.85,8.11,6.89,4.89,6.09,5.62,6.59,6.33,7.61
6378,8.85,8.11,6.89,4.89,6.09,5.62,6.59,6.33,7.61
6379,8.85,8.11,6.89,4.89,6.09,5.62,6.59,6.33,7.61
6380,8.85,8.11,6.89,4.89,6.09,5.62,6.59,6.33,7.61
6381,8.85,8.11,6.89,4.89,6.09,5.62,6.59,6.33,7.61
6382,8.85,8.11,6.89,4.89,6.09,5.62,6.59,6.33,7.61
6383,8.85,8.11,6.89,4.89,6.09,5.62,6.59,6.33,7.61
6384,8.85,8.11,6.89,4.89,6.09,5.62,6.59,6.33,7.61
6385,8.85,8.11,6.89,4.89,6.09,5.62,6.59,6.33,7.61
6386,8.85,8.11,6.89,4.89,6.09,5.62,6.59,6.33,7.61
6387,8.85,8.11,6.89,4.89,6.09,5.62,6.59,6.33,7.61
6388,8.85,8.11,6.89,4.89,6.09,5.62,6.59,6.33,7.61
6389,8.85,8.11,6.89,4.89,6.09,5.62,6.59,6.33,7.61
6390,8.85,8.11,6.89,4.89,6.09,5.62,6.59,6.33,7.61
6391,8.85,8.11,6.89,4.89,6.09,5.62,6.59,6.33,7.61
6392,8.85,8.11,6.89,4.89,6.09,5.62,6.59,6.33,7.61
6393,8.85,8.11,6.89,4.89,6.09,5.62,6.59,6.33,7.61
6394,8.85,8.11,6.89,4.89,6.09,5.62,6.59,6.33,7.61
6395,8.85,8.11,6.89,4.89,6.09,5.62,6.59,6.33,7.61
6396,8.85,8.11,6.89,4.89,6.09,5.62,6.59,6.33,7.61
6397,8.85,8.11,6.89,4.89,6.09,5.62,6.59,6.33,7.61
6398,8.85,8.11,6.89,4.89,6.09,5.62,6.59,6.33,7.61
6399,8.85,8.11,6.89,4.89,6.09,5.62,6.59,6.33,7.61
6400,8.85,8.11,6.89,4.89,6.09,5.62,6.59,6.33,7.61
6401,8.85,8.11,6.89,4.89,6.09,5.62,6.59,6.33,7.61
6402,8.85,8.11,6.89,4.89,6.09,5.62,6.59,6.33,7.61
6403,8.85,8.11,6.89,4.89,6.09,5.62,6.59,6.33,7.61
6404,8.85,8.11,6.89,4.89,6.09,5.62,6.59,6.33,7.61
6405,8.85,8.11,6.89,4.89,6.09,5.62,6.59,6.33,7.61
6406,8.85,8.11,6.89,4.89,6.09,5.62,6.59,6.33,7.61
6407,8.85,8.11,6.89,4.89,6.09,5.62,6.59,6.33,7.61
6408,8.85,8.11,6.89,4.89,6.09,5.62,6.59,6.33,7.61
6409,8.85,8.11,6.89,4.89,6.09,5.62,6.59,6.33,7.61
6410,8.85,8.11,6.89,4.89,6.09,5.62,6.59,6.33,7.61
6411,8.85,8.11,6.89,4.89,6.09,5.62,6.59,6.33,7.61
6412,8.85,8.11,6.89,4.89,6.09,5.62,6.59,6.33,7.61
6413,8.85,8.11,6.89,4.89,6.09,5.62,6.59,6.33,7.61
6414,8.85,8.11,6.89,4.89,6.09,5.62,6.59,6.33,7.61
6415,8.85,8.11,6.89,4.89,6.09,5.62,6.59,6.33,7.61
6416,8.85,8.11,6.89,4.89,6.09,5.62,6.59,6.33,7.61
6417,8.85,8.11,6.89,4.89,6.09,5.62,6.59,6.33,7.61
6418,8.85,8.11,6.89,4.89,6.09,5.62,6.59,6.33,7.61
6419,8.85,8.11,6.89,4.89,6.09,5.62,6.59,6.33,7.61
6420,8.85,8.11,6.89,4.89,6.09,5.62,6.59,6.33,7.61
6421,8.85,8.11,6.89,4.89,6.09,5.62,6.59,6.33,7.61
6422,8.85,8.11,6.89,4.89,6.09,5.62,6.59,6.33,7.61
6423,8.85,8.11,6.89,4.89,6.09,5.62,6.59,6.33,7.61
6424,8.85,8.11,6.89,4.89,6.09,5.62,6.59,6.33,7.61
6425,8.85,8.11,6.89,4.89,6.09,5.62,6.59,6.33,7.61
6426,8.85,8.11,6.89,4.89,6.09,5.62,6.59,6.33,7.61
6427,8.85,8.11,6.89,4.89,6.09,5.62,6.59,6.33,7.61
6428,8.85,8.11,6.89,4.89,6.09,5.62,6.59,6.33,7.61
6429,8.85,8.11,6.89,4.89,6.09,5.62,6.59,6.33,7.61
6430,8.85,8.11,6.89,4.89,6.09,5.62,6.59,6.33,7.61
6431,8.85,8.11,6.89,4.89,6.09,5.62,6.59,6.33,7.61
6432,8.85,8.11,6.89,4.89,6.09,5.62,6.59,6.33,7.61
6433,8.85,8.11,6.89,4.89,6.09,5.62,6.59,6.33,7.61
6434,8.85,8.11,6.89,4.89,6.09,5.62,6.59,6.33,7.61
6435,8.85,8.11,6.89,4.89,6.09,5.62,6.59,6.33,7.61
6436,8.85,8.11,6.89,4.89,6.09,5.62,6.59,6.33,7.61
6437,8.85,8.11,6.89,4.89,6.09,5.62,6.59,6.33,7.61
6438,8.85,8.11,6.89,4.89,6.09,5.62,6.59,6.33,7.61
6439,8.85,8.11,6.89,4.89,6.09,5.62,6.59,6.33,7.61
6440,8.85,8.11,6.89,4.89,6.09,5.62,6.59,6.33,7.61
6441,8.85,8.11,6.89,4.89,6.09,5.62,6.59,6.33,7.61
6442,8.85,8.11,6.89,4.89,6.09,5.62,6.59,6.33,7.61
6443,8.85,8.11,6.89,4.89,6.09,5.62,6.59,6.33,7.61
6444,8.85,8.11,6.89,4.89,6.09,5.62,6.59,6.33,7.61
6445,8.85,8.11,6.89,4.89,6.09,5.62,6.59,6.33,7.61
6446,8.85,8.11,6.89,4.89,6.09,5.62,6.59,6.33,7.61
6447,8.85,8.11,6.89,4.89,6.09,5.62,6.59,6.33,7.61
6448,8.85,8.11,6.89,4.89,6.09,5.62,6.59,6.33,7.61
6449,8.85,8.11,6.89,4.89,6.09,5.62,6.59,6.33,7.61
6450,8.85,8.11,6.89,4.89,6.09,5.62,6.59,6.33,7.61
6451,8.85,8.11,6.89,4.89,6.09,5.62,6.59,6.33,7.61
6452,8.85,8.11,6.89,4.89,6.09,5.62,6.59,6.33,7.61
6453,8.85,8.11,6.89,4.89,6.09,5.62,6.59,6.33,7.61
6454,8.85,8.11,6.89,4.89,6.09,5.62,6.59,6.33,7.61
6455,8.85,8.11,6.89,4.89,6.09,5.62,6.59,6.33,7.61
6456,8.85,8.11,6.89,4.89,6.09,5.62,6.59,6.33,7.61
6457,8.85,8.11,6.89,4.89,6.09,5.62,6.59,6.33,7.61
6458,8.85,8.11,6.89,4.89,6.09,5.62,6.59,6.33,7.61
6459,8.85,8.11,6.89,4.89,6.09,5.62,6.59,6.33,7.61
6460,8.85,8.11,6.89,4.89,6.09,5.62,6.59,6.33,7.61
6461,8.85,8.11,6.89,4.89,6.09,5.62,6.59,6.33,7.61
6462,8.85,8.11,6.89,4.89,6.09,5.62,6.59,6.33,7.61
6463,8.85,8.11,6.89,4.89,6.09,5.62,6.59,6.33,7.61
6464,8.85,8.11,6.89,4.89,6.09,5.62,6.59,6.33,7.61
6465,8.85,8.11,6.89,4.89,6.09,5.62,6.59,6.33,7.61
6466,8.85,8.11,6.89,4.89,6.09,5.62,6.59,6.33,7.61
6467,8.85,8.11,6.89,4.89,6.09,5.62,6.59,6.33,7.61
6468,8.85,8.11,6.89,4.89,6.09,5.62,6.59,6.33,7.61
6469,8.85,8.11,6.89,4.89,6.09,5.62,6.59,6.33,7.61
6470,8.85,8.11,6.89,4.89,6.09,5.62,6.59,6.33,7.61
6471,8.85,8.11,6.89,4.89,6.09,5.62,6.59,6.33,7.61
6472,8.85,8.11,6.89,4.89,6.09,5.62,6.59,6.33,7.61
6473,8.85,8.11,6.89,4.89,6.09,5.62,6.59,6.33,7.61
6474,8.85,8.11,6.89,4.89,6.09,5.62,6.59,6.33,7.61
6475,8.85,8.11,6.89,4.89,6.09,5.62,6.59,6.33,7.61
6476,8.85,8.11,6.89,4.89,6.09,5.62,6.59,6.33,7.61
6477,8.85,8.11,6.89,4.89,6.09,5.62,6.59,6.33,7.61
6478,8.85,8.11,6.89,4.89,6.09,5.62,6.59,6.33,7.61
6479,8.85,8.11,6.89,4.89,6.09,5.62,6.59,6.33,7.61
6480,8.85,8.11,6.89,4.89,6.09,5.62,6.59,6.33,7.61
6481,8.85,8.11,6.89,4.89,6.09,5.62,6.59,6.33,7.61
6482,8.85,8.11,6.89,4.89,6.09,5.62,6.59,6.33,7.61
6483,8.85,8.11,6.89,4.89,6.09,5.62,6.59,6.33,7.61
6484,8.85,8.11,6.89,4.89,6.09,5.62,6.59,6.33,7.61
6485,8.85,8.11,6.89,4.89,6.09,5.62,6.59,6.33,7.61
6486,8.85,8.11,6.89,4.89,6.09,5.62,6.59,6.33,7.61
6487,8.85,8.11,6.89,4.89,6.09,5.62,6.59,6.33,7.61
6488,8.85,8.11,6.89,4.89,6.09,5.62,6.59,6.33,7.61
6489,8.85,8.11,6.89,4.89,6.09,5.62,6.59,6.33,7.61
6490,8.85,8.11,6.89,4.89,6.09,5.62,6.59,6.33,7.61
6491,8.85,8.11,6.89,4.89,6.09,5.62,6.59,6.33,7.61
6492,8.85,8.11,6.89,4.89,6.09,5.62,6.59,6.33,7.61
6493,8.85,8.11,6.89,4.89,6.09,5.62,6.59,6.33,7.61
6494,8.85,8.11,6.89,4.89,6.09,5.62,6.59,6.33,7.61
6495,8.85,8.11,6.89,4.89,6.09,5.62,6.59,6.33,7.61
6496,8.85,8.11,6.89,4.89,6.09,5.62,6.59,6.33,7.61
6497,8.85,8.11,6.89,4.89,6.09,5.62,6.59,6.33,7.61
6498,8.85,8.11,6.89,4.89,6.09,5.62,6.59,6.33,7.61
6499,8.85,8.11,6.89,4.89,6.09,5.62,6.59,6.33,7.61
6500,8.85,8.11,6.89,4.89,6.09,5.62,6.59,6.33,7.61
6501,8.85,8.11,6.89,4.89,6.09,5.62,6.59,6.33,7.61
6502,8.85,8.11,6.89,4.89,6.09,5.62,6.59,6.33,7.61
6503,8.85,8.11,6.89,4.89,6.09,5.62,6.59,6.33,7.61
6504,8.85,8.11,6.89,4.89,6.09,5.62,6.59,6.33,7.61
6505,8.85,8.11,6.89,4.89,6.09,5.62,6.59,6.33,7.61
6506,8.85,8.11,6.89,4.89,6.09,5.62,6.59,6.33,7.61
6507,8.85,8.11,6.89,4.89,6.09,5.62,6.59,6.33,7.61
6508,8.85,8.11,6.89,4.89,6.09,5.62,6.59,6.33,7.61
6509,8.85,8.11,6.89,4.89,6.09,5.62,6.59,6.33,7.61
6510,8.85,8.11,6.89,4.89,6.09,5.62,6.59,6.33,7.61
6511,8.85,8.11,6.89,4.89,6.09,5.62,6.59,6.33,7.61
6512,8.85,8.11,6.89,4.89,6.09,5.62,6.59,6.33,7.61
6513,8.85,8.11,6.89,4.89,6.09,5.62,6.59,6.33,7.61
6514,8.85,8.11,6.89,4.89,6.09,5.62,6.59,6.33,7.61
6515,8.85,8.11,6.89,4.89,6.09,5.62,6.59,6.33,7.61
6516,8.85,8.11,6.89,4.89,6.09,5.62,6.59,6.33,7.61
6517,8.85,8.11,6.89,4.89,6.09,5.62,6.59,6.33,7.61
6518,8.85,8.11,6.89,4.89,6.09,5.62,6.59,6.33,7.61
6519,8.85,8.11,6.89,4.89,6.09,5.62,6.59,6.33,7.61
6520,8.85,8.11,6.89,4.89,6.09,5.62,6.59,6.33,7.61
6521,8.85,8.11,6.89,4.89,6.09,5.62,6.59,6.33,7.61
6522,8.85,8.11,6.89,4.89,6.09,5.62,6.59,6.33,7.61
6523,8.85,8.11,6.89,4.89,6.09,5.62,6.59,6.33,7.61
6524,8.85,8.11,6.89,4.89,6.09,5.62,6.59,6.33,7.61
6525,8.85,8.11,6.89,4.89,6.09,5.62,6.59,6.33,7.61
6526,8.85,8.11,6.89,4.89,6.09,5.62,6.59,6.33,7.61
6527,8.85,8.11,6.89,4.89,6.09,5.62,6.59,6.33,7.61
6528,8.85,8.11,6.89,4.89,6.09,5.62,6.59,6.33,7.61
6529,8.85,8.11,6.89,4.89,6.09,5.62,6.59,6.33,7.61
6530,8.85,8.11,6.89,4.89,6.09,5.62,6.59,6.33,7.61
6531,8.85,8.11,6.89,4.89,6.09,5.62,6.59,6.33,7.61
6532,8.85,8.11,6.89,4.89,6.09,5.62,6.59,6.33,7.61
6533,8.85,8.11,6.89,4.89,6.09,5.62,6.59,6.33,7.61
6534,8.85,8.11,6.89,4.89,6.09,5.62,6.59,6.33,7.61
6535,8.85,8.11,6.89,4.89,6.09,5.62,6.59,6.33,7.61
6536,8.85,8.11,6.89,4.89,6.09,5.62,6.59,6.33,7.61
6537,8.85,8.11,6.89,4.89,6.09,5.62,6.59,6.33,7.61
6538,8.85,8.11,6.89,4.89,6.09,5.62,6.59,6.33,7.61
6539,8.85,8.11,6.89,4.89,6.09,5.62,6.59,6.33,7.61
6540,8.85,8.11,6.89,4.89,6.09,5.62,6.59,6.33,7.61
6541,8.85,8.11,6.89,4.89,6.09,5.62,6.59,6.33,7.61
6542,8.85,8.11,6.89,4.89,6.09,5.62,6.59,6.33,7.61
6543,8.85,8.11,6.89,4.89,6.09,5.62,6.59,6.33,7.61
6544,8.85,8.11,6.89,4.89,6.09,5.62,6.59,6.33,7.61
6545,8.85,8.11,6.89,4.89,6.09,5.62,6.59,6.33,7.61
6546,8.85,8.11,6.89,4.89,6.09,5.62,6.59,6.33,7.61
6547,8.85,8.11,6.89,4.89,6.09,5.62,6.59,6.33,7.61
6548,8.85,8.11,6.89,4.89,6.09,5.62,6.59,6.33,7.61
6549,8.85,8.11,6.89,4.89,6.09,5.62,6.59,6.33,7.61
6550,8.85,8.11,6.89,4.89,6.09,5.62,6.59,6.33,7.61
6551,8.85,8.11,6.89,4.89,6.09,5.62,6.59,6.33,7.61
6552,8.85,8.11,6.89,4.89,6.09,5.62,6.59,6.33,7.61
6553,8.85,8.11,6.89,4.89,6.09,5.62,6.59,6.33,7.61
6554,8.85,8.11,6.89,4.89,6.09,5.62,6.59,6.33,7.61
6555,8.85,8.11,6.89,4.89,6.09,5.62,6.59,6.33,7.61
6556,8.85,8.11,6.89,4.89,6.09,5.62,6.59,6.33,7.61
6557,8.85,8.11,6.89,4.89,6.09,5.62,6.59,6.33,7.61
6558,8.85,8.11,6.89,4.89,6.09,5.62,6.59,6.33,7.61
6559,8.85,8.11,6.89,4.89,6.09,5.62,6.59,6.33,7.61
6560,8.85,8.11,6.89,4.89,6.09,5.62,6.59,6.33,7.61
6561,8.85,8.11,6.89,4.89,6.09,5.62,6.59,6.33,7.61
6562,8.85,8.11,6.89,4.89,6.09,5.62,6.59,6.33,7.61
6563,8.85,8.11,6.89,4.89,6.09,5.62,6.59,6.33,7.61
6564,8.85,8.11,6.89,4.89,6.09,5.62,6.59,6.33,7.61
6565,8.85,8.11,6.89,4.89,6.09,5.62,6.59,6.33,7.61
6566,8.85,8.11,6.89,4.89,6.09,5.62,6.59,6.33,7.61
6567,8.85,8.11,6.89,4.89,6.09,5.62,6.59,6.33,7.61
6568,8.85,8.11,6.89,4.89,6.09,5.62,6.59,6.33,7.61
6569,8.85,8.11,6.89,4.89,6.09,5.62,6.59,6.33,7.61
6570,8.85,8.11,6.89,4.89,6.09,5.62,6.59,6.33,7.61
6571,8.85,8.11,6.89,4.89,6.09,5.62,6.59,6.33,7.61
6572,8.85,8.11,6.89,4.89,6.09,5.62,6.59,6.33,7.61
6573,8.85,8.11,6.89,4.89,6.09,5.62,6.59,6.33,7.61
6574,8.85,8.11,6.89,4.89,6.09,5.62,6.59,6.33,7.61
6575,8.85,8.11,6.89,4.89,6.09,5.62,6.59,6.33,7.61
6576,8.85,8.11,6.89,4.89,6.09,5.62,6.59,6.33,7.61
6577,8.85,8.11,6.89,4.89,6.09,5.62,6.59,6.33,7.61
6578,8.85,8.11,6.89,4.89,6.09,5.62,6.59,6.33,7.61
6579,8.85,8.11,6.89,4.89,6.09,5.62,6.59,6.33,7.61
6580,8.85,8.11,6.89,4.89,6.09,5.62,6.59,6.33,7.61
6581,8.85,8.11,6.89,4.89,6.09,5.62,6.59,6.33,7.61
6582,8.85,8.11,6.89,4.89,6.09,5.62,6.59,6.33,7.61
6583,8.85,8.11,6.89,4.89,6.09,5.62,6.59,6.33,7.61
6584,8.85,8.11,6.89,4.89,6.09,5.62,6.59,6.33,7.61
6585,8.85,8.11,6.89,4.89,6.09,5.62,6.59,6.33,7.61
6586,8.85,8.11,6.89,4.89,6.09,5.62,6.59,6.33,7.61
6587,8.85,8.11,6.89,4.89,6.09,5.62,6.59,6.33,7.61
6588,8.85,8.11,6.89,4.89,6.09,5.62,6.59,6.33,7.61
6589,8.85,8.11,6.89,4.89,6.09,5.62,6.59,6.33,7.61
6590,8.85,8.11,6.89,4.89,6.09,5.62,6.59,6.33,7.61
6591,8.85,8.11,6.89,4.89,6.09,5.62,6.59,6.33,7.61
6592,8.85,8.11,6.89,4.89,6.09,5.62,6.59,6.33,7.61
6593,8.85,8.11,6.89,4.89,6.09,5.62,6.59,6.33,7.61
6594,8.85,8.11,6.89,4.89,6.09,5.62,6.59,6.33,7.61
6595,8.85,8.11,6.89,4.89,6.09,5.62,6.59,6.33,7.61
6596,8.85,8.11,6.89,4.89,6.09,5.62,6.59,6.33,7.61
6597,8.85,8.11,6.89,4.89,6.09,5.62,6.59,6.33,7.61
6598,8.85,8.11,6.89,4.89,6.09,5.62,6.59,6.33,7.61
6599,8.85,8.11,6.89,4.89,6.09,5.62,6.59,6.33,7.61
6600,8.85,8.11,6.89,4.89,6.09,5.62,6.59,6.33,7.61
6601,8.85,8.11,6.89,4.89,6.09,5.62,6.59,6.33,7.61
6602,8.85,8.11,6.89,4.89,6.09,5.62,6.59,6.33,7.61
6603,8.85,8.11,6.89,4.89,6.09,5.62,6.59,6.33,7.61
6604,8.85,8.11,6.89,4.89,6.09,5.62,6.59,6.33,7.61
6605,8.85,8.11,6.89,4.89,6.09,5.62,6.59,6.33,7.61
6606,8.85,8.11,6.89,4.89,6.09,5.62,6.59,6.33,7.61
6607,8.85,8.11,6.89,4.89,6.09,5.62,6.59,6.33,7.61
6608,8.85,8.11,6.89,4.89,6.09,5.62,6.59,6.33,7.61
6609,8.85,8.11,6.89,4.89,6.09,5.62,6.59,6.33,7.61
6610,8.85,8.11,6.89,4.89,6.09,5.62,6.59,6.33,7.61
6611,8.85,8.11,6.89,4.89,6.09,5.62,6.59,6.33,7.61
6612,8.85,8.11,6.89,4.89,6.09,5.62,6.59,6.33,7.61
6613,8.85,8.11,6.89,4.89,6.09,5.62,6.59,6.33,7.61
6614,8.85,8.11,6.89,4.89,6.09,5.62,6.59,6.33,7.61
6615,8.85,8.11,6.89,4.89,6.09,5.62,6.59,6.33,7.61
6616,8.85,8.11,6.89,4.89,6.09,5.62,6.59,6.33,7.61
6617,8.85,8.11,6.89,4.89,6.09,5.62,6.59,6.33,7.61
6618,8.85,8.11,6.89,4.89,6.09,5.62,6.59,6.33,7.61
6619,8.85,8.11,6.89,4.89,6.09,5.62,6.59,6.33,7.61
6620,8.85,8.11,6.89,4.89,6.09,5.62,6.59,6.33,7.61
6621,8.85,8.11,6.89,4.89,6.09,5.62,6.59,6.33,7.61
6622,8.85,8.11,6.89,4.89,6.09,5.62,6.59,6.33,7.61
6623,8.85,8.11,6.89,4.89,6.09,5.62,6.59,6.33,7.61
6624,8.85,8.11,6.89,4.89,6.09,5.62,6.59,6.33,7.61
6625,8.85,8.11,6.89,4.89,6.09,5.62,6.59,6.33,7.61
6626,8.85,8.11,6.89,4.89,6.09,5.62,6.59,6.33,7.61
6627,8.85,8.11,6.89,4.89,6.09,5.62,6.59,6.33,7.61
6628,8.85,8.11,6.89,4.89,6.09,5.62,6.59,6.33,7.61
6629,8.85,8.11,6.89,4.89,6.09,5.62,6.59,6.33,7.61
6630,8.85,8.11,6.89,4.89,6.09,5.62,6.59,6.33,7.61
6631,8.85,8.11,6.89,4.89,6.09,5.62,6.59,6.33,7.61
6632,8.85,8.11,6.89,4.89,6.09,5.62,6.59,6.33,7.61
6633,8.85,8.11,6.89,4.89,6.09,5.62,6.59,6.33,7.61
6634,8.85,8.11,6.89,4.89,6.09,5.62,6.59,6.33,7.61
6635,8.85,8.11,6.89,4.89,6.09,5.62,6.59,6.33,7.61
6636,8.85,8.11,6.89,4.89,6.09,5.62,6.59,6.33,7.61
6637,8.85,8.11,6.89,4.89,6.09,5.62,6.59,6.33,7.61
6638,8.85,8.11,6.89,4.89,6.09,5.62,6.59,6.33,7.61
6639,8.85,8.11,6.89,4.89,6.09,5.62,6.59,6.33,7.61
6640,8.85,8.11,6.89,4.89,6.09,5.62,6.59,6.33,7.61
6641,8.85,8.11,6.89,4.89,6.09,5.62,6.59,6.33,7.61
6642,8.85,8.11,6.89,4.89,6.09,5.62,6.59,6.33,7.61
6643,8.85,8.11,6.89,4.89,6.09,5.62,6.59,6.33,7.61
6644,8.85,8.11,6.89,4.89,6.09,5.62,6.59,6.33,7.61
6645,8.85,8.11,6.89,4.89,6.09,5.62,6.59,6.33,7.61
6646,8.85,8.11,6.89,4.89,6.09,5.62,6.59,6.33,7.61
6647,8.85,8.11,6.89,4.89,6.09,5.62,6.59,6.33,7.61
6648,8.85,8.11,6.89,4.89,6.09,5.62,6.59,6.33,7.61
6649,8.85,8.11,6.89,4.89,6.09,5.62,6.59,6.33,7.61
6650,8.85,8.11,6.89,4.89,6.09,5.62,6.59,6.33,7.61
6651,8.85,8.11,6.89,4.89,6.09,5.62,6.59,6.33,7.61
6652,8.85,8.11,6.89,4.89,6.09,5.62,6.59,6.33,7.61
6653,8.85,8.11,6.89,4.89,6.09,5.62,6.59,6.33,7.61
6654,8.85,8.11,6.89,4.89,6.09,5.62,6.59,6.33,7.61
6655,8.85,8.11,6.89,4.89,6.09,5.62,6.59,6.33,7.61
6656,8.85,8.11,6.89,4.89,6.09,5.62,6.59,6.33,7.61
6657,8.85,8.11,6.89,4.89,6.09,5.62,6.59,6.33,7.61
6658,8.85,8.11,6.89,4.89,6.09,5.62,6.59,6.33,7.61
6659,8.85,8.11,6.89,4.89,6.09,5.62,6.59,6.33,7.61
6660,8.85,8.11,6.89,4.89,6.09,5.62,6.59,6.33,7.61
6661,8.85,8.11,6.89,4.89,6.09,5.62,6.59,6.33,7.61
6662,8.85,8.11,6.89,4.89,6.09,5.62,6.59,6.33,7.61
6663,8.85,8.11,6.89,4.89,6.09,5.62,6.59,6.33,7.61
6664,8.85,8.11,6.89,4.89,6.09,5.62,6.59,6.33,7.61
6665,8.85,8.11,6.89,4.89,6.09,5.62,6.59,6.33,7.61
6666,8.85,8.11,6.89,4.89,6.09,5.62,6.59,6.33,7.61
6667,8.85,8.11,6.89,4.89,6.09,5.62,6.59,6.33,7.61
6668,8.85,8.11,6.89,4.89,6.09,5.62,6.59,6.33,7.61
6669,8.85,8.11,6.89,4.89,6.09,5.62,6.59,6.33,7.61
6670,8.85,8.11,6.89,4.89,6.09,5.62,6.59,6.33,7.61
6671,8.85,8.11,6.89,4.89,6.09,5.62,6.59,6.33,7.61
6672,8.85,8.11,6.89,4.89,6.09,5.62,6.59,6.33,7.61
6673,8.85,8.11,6.89,4.89,6.09,5.62,6.59,6.33,7.61
6674,8.85,8.11,6.89,4.89,6.09,5.62,6.59,6.33,7.61
6675,8.85,8.11,6.89,4.89,6.09,5.62,6.59,6.33,7.61
6676,8.85,8.11,6.89,4.89,6.09,5.62,6.59,6.33,7.61
6677,8.85,8.11,6.89,4.89,6.09,5.62,6.59,6.33,7.61
6678,8.85,8.11,6.89,4.89,6.09,5.62,6.59,6.33,7.61
6679,8.85,8.11,6.89,4.89,6.09,5.62,6.59,6.33,7.61
6680,8.85,8.11,6.89,4.89,6.09,5.62,6.59,6.33,7.61
6681,8.85,8.11,6.89,4.89,6.09,5.62,6.59,6.33,7.61
6682,8.85,8.11,6.89,4.89,6.09,5.62,6.59,6.33,7.61
6683,8.85,8.11,6.89,4.89,6.09,5.62,6.59,6.33,7.61
6684,8.85,8.11,6.89,4.89,6.09,5.62,6.59,6.33,7.61
6685,8.85,8.11,6.89,4.89,6.09,5.62,6.59,6.33,7.61
6686,8.85,8.11,6.89,4.89,6.09,5.62,6.59,6.33,7.61
6687,8.85,8.11,6.89,4.89,6.09,5.62,6.59,6.33,7.61
6688,8.85,8.11,6.89,4.89,6.09,5.62,6.59,6.33,7.61
6689,8.85,8.11,6.89,4.89,6.09,5.62,6.59,6.33,7.61
6690,8.85,8.11,6.89,4.89,6.09,5.62,6.59,6.33,7.61
6691,8.85,8.11,6.89,4.89,6.09,5.62,6.59,6.33,7.61
6692,8.85,8.11,6.89,4.89,6.09,5.62,6.59,6.33,7.61
6693,8.85,8.11,6.89,4.89,6.09,5.62,6.59,6.33,7.61
6694,8.85,8.11,6.89,4.89,6.09,5.62,6.59,6.33,7.61
6695,8.85,8.11,6.89,4.89,6.09,5.62,6.59,6.33,7.61
6696,8.85,8.11,6.89,4.89,6.09,5.62,6.59,6.33,7.61
6697,8.85,8.11,6.89,4.89,6.09,5.62,6.59,6.33,7.61
6698,8.85,8.11,6.89,4.89,6.09,5.62,6.59,6.33,7.61
6699,8.85,8.11,6.89,4.89,6.09,5.62,6.59,6.33,7.61
6700,8.85,8.11,6.89,4.89,6.09,5.62,6.59,6.33,7.61
6701,8.85,8.11,6.89,4.89,6.09,5.62,6.59,6.33,7.61
6702,8.85,8.11,6.89,4.89,6.09,5.62,6.59,6.33,7.61
6703,8.85,8.11,6.89,4.89,6.09,5.62,6.59,6.33,7.61
6704,8.85,8.11,6.89,4.89,6.09,5.62,6.59,6.33,7.61
6705,8.85,8.11,6.89,4.89,6.09,5.62,6.59,6.33,7.61
6706,8.85,8.11,6.89,4.89,6.09,5.62,6.59,6.33,7.61
6707,8.85,8.11,6.89,4.89,6.09,5.62,6.59,6.33,7.61
6708,8.85,8.11,6.89,4.89,6.09,5.62,6.59,6.33,7.61
6709,8.85,8.11,6.89,4.89,6.09,5.62,6.59,6.33,7.61
6710,8.85,8.11,6.89,4.89,6.09,5.62,6.59,6.33,7.61
6711,8.85,8.11,6.89,4.89,6.09,5.62,6.59,6.33,7.61
6712,8.85,8.11,6.89,4.89,6.09,5.62,6.59,6.33,7.61
6713,8.85,8.11,6.89,4.89,6.09,5.62,6.59,6.33,7.61
6714,8.85,8.11,6.89,4.89,6.09,5.62,6.59,6.33,7.61
6715,8.85,8.11,6.89,4.89,6.09,5.62,6.59,6.33,7.61
6716,8.85,8.11,6.89,4.89,6.09,5.62,6.59,6.33,7.61
6717,8.85,8.11,6.89,4.89,6.09,5.62,6.59,6.33,7.61
6718,8.85,8.11,6.89,4.89,6.09,5.62,6.59,6.33,7.61
6719,8.85,8.11,6.89,4.89,6.09,5.62,6.59,6.33,7.61
6720,8.85,8.11,6.89,4.89,6.09,5.62,6.59,6.33,7.61
6721,8.85,8.11,6.89,4.89,6.09,5.62,6.59,6.33,7.61
6722,8.85,8.11,6.89,4.89,6.09,5.62,6.59,6.33,7.61
6723,8.85,8.11,6.89,4.89,6.09,5.62,6.59,6.33,7.61
6724,8.85,8.11,6.89,4.89,6.09,5.62,6.59,6.33,7.61
6725,8.85,8.11,6.89,4.89,6.09,5.62,6.59,6.33,7.61
6726,8.85,8.11,6.89,4.89,6.09,5.62,6.59,6.33,7.61
6727,8.85,8.11,6.89,4.89,6.09,5.62,6.59,6.33,7.61
6728,8.85,8.11,6.89,4.89,6.09,5.62,6.59,6.33,7.61
6729,8.85,8.11,6.89,4.89,6.09,5.62,6.59,6.33,7.61
6730,8.85,8.11,6.89,4.89,6.09,5.62,6.59,6.33,7.61
6731,8.85,8.11,6.89,4.89,6.09,5.62,6.59,6.33,7.61
6732,8.85,8.11,6.89,4.89,6.09,5.62,6.59,6.33,7.61
6733,8.85,8.11,6.89,4.89,6.09,5.62,6.59,6.33,7.61
6734,8.85,8.11,6.89,4.89,6.09,5.62,6.59,6.33,7.61
6735,8.85,8.11,6.89,4.89,6.09,5.62,6.59,6.33,7.61
6736,8.85,8.11,6.89,4.89,6.09,5.62,6.59,6.33,7.61
6737,8.85,8.11,6.89,4.89,6.09,5.62,6.59,6.33,7.61
6738,8.85,8.11,6.89,4.89,6.09,5.62,6.59,6.33,7.61
6739,8.85,8.11,6.89,4.89,6.09,5.62,6.59,6.33,7.61
6740,8.85,8.11,6.89,4.89,6.09,5.62,6.59,6.33,7.61
6741,8.85,8.11,6.89,4.89,6.09,5.62,6.59,6.33,7.61
6742,8.85,8.11,6.89,4.89,6.09,5.62,6.59,6.33,7.61
6743,8.85,8.11,6.89,4.89,6.09,5.62,6.59,6.33,7.61
6744,8.85,8.11,6.89,4.89,6.09,5.62,6.59,6.33,7.61
6745,8.85,8.11,6.89,4.89,6.09,5.62,6.59,6.33,7.61
6746,8.85,8.11,6.89,4.89,6.09,5.62,6.59,6.33,7.61
6747,8.85,8.11,6.89,4.89,6.09,5.62,6.59,6.33,7.61
6748,8.85,8.11,6.89,4.89,6.09,5.62,6.59,6.33,7.61
6749,8.85,8.11,6.89,4.89,6.09,5.62,6.59,6.33,7.61
6750,8.85,8.11,6.89,4.89,6.09,5.62,6.59,6.33,7.61
6751,8.85,8.11,6.89,4.89,6.09,5.62,6.59,6.33,7.61
6752,8.85,8.11,6.89,4.89,6.09,5.62,6.59,6.33,7.61
6753,8.85,8.11,6.89,4.89,6.09,5.62,6.59,6.33,7.61
6754,8.85,8.11,6.89,4.89,6.09,5.62,6.59,6.33,7.61
6755,8.85,8.11,6.89,4.89,6.09,5.62,6.59,6.33,7.61
6756,8.85,8.11,6.89,4.89,6.09,5.62,6.59,6.33,7.61
6757,8.85,8.11,6.89,4.89,6.09,5.62,6.59,6.33,7.61
6758,8.85,8.11,6.89,4.89,6.09,5.62,6.59,6.33,7.61
6759,8.85,8.11,6.89,4.89,6.09,5.62,6.59,6.33,7.61
6760,8.85,8.11,6.89,4.89,6.09,5.62,6.59,6.33,7.61
6761,8.85,8.11,6.89,4.89,6.09,5.62,6.59,6.33,7.61
6762,8.85,8.11,6.89,4.89,6.09,5.62,6.59,6.33,7.61
6763,8.85,8.11,6.89,4.89,6.09,5.62,6.59,6.33,7.61
6764,8.85,8.11,6.89,4.89,6.09,5.62,6.59,6.33,7.61
6765,8.85,8.11,6.89,4.89,6.09,5.62,6.59,6.33,7.61
6766,8.85,8.11,6.89,4.89,6.09,5.62,6.59,6.33,7.61
6767,8.85,8.11,6.89,4.89,6.09,5.62,6.59,6.33,7.61
6768,8.85,8.11,6.89,4.89,6.09,5.62,6.59,6.33,7.61
6769,8.85,8.11,6.89,4.89,6.09,5.62,6.59,6.33,7.61
6770,8.85,8.11,6.89,4.89,6.09,5.62,6.59,6.33,7.61
6771,8.85,8.11,6.89,4.89,6.09,5.62,6.59,6.33,7.61
6772,8.85,8.11,6.89,4.89,6.09,5.62,6.59,6.33,7.61
6773,8.85,8.11,6.89,4.89,6.09,5.62,6.59,6.33,7.61
6774,8.85,8.11,6.89,4.89,6.09,5.62,6.59,6.33,7.61
6775,8.85,8.11,6.89,4.89,6.09,5.62,6.59,6.33,7.61
6776,8.85,8.11,6.89,4.89,6.09,5.62,6.59,6.33,7.61
6777,8.85,8.11,6.89,4.89,6.09,5.62,6.59,6.33,7.61
6778,8.85,8.11,6.89,4.89,6.09,5.62,6.59,6.33,7.61
6779,8.85,8.11,6.89,4.89,6.09,5.62,6.59,6.33,7.61
6780,8.85,8.11,6.89,4.89,6.09,5.62,6.59,6.33,7.61
6781,8.85,8.11,6.89,4.89,6.09,5.62,6.59,6.33,7.61
6782,8.85,8.11,6.89,4.89,6.09,5.62,6.59,6.33,7.61
6783,8.85,8.11,6.89,4.89,6.09,5.62,6.59,6.33,7.61
6784,8.85,8.11,6.89,4.89,6.09,5.62,6.59,6.33,7.61
6785,8.85,8.11,6.89,4.89,6.09,5.62,6.59,6.33,7.61
6786,8.85,8.11,6.89,4.89,6.09,5.62,6.59,6.33,7.61
6787,8.85,8.11,6.89,4.89,6.09,5.62,6.59,6.33,7.61
6788,8.85,8.11,6.89,4.89,6.09,5.62,6.59,6.33,7.61
6789,8.85,8.11,6.89,4.89,6.09,5.62,6.59,6.33,7.61
6790,8.85,8.11,6.89,4.89,6.09,5.62,6.59,6.33,7.61
6791,8.85,8.11,6.89,4.89,6.09,5.62,6.59,6.33,7.61
6792,8.85,8.11,6.89,4.89,6.09,5.62,6.59,6.33,7.61
6793,8.85,8.11,6.89,4.89,6.09,5.62,6.59,6.33,7.61
6794,8.85,8.11,6.89,4.89,6.09,5.62,6.59,6.33,7.61
6795,8.85,8.11,6.89,4.89,6.09,5.62,6.59,6.33,7.61
6796,8.85,8.11,6.89,4.89,6.09,5.62,6.59,6.33,7.61
6797,8.85,8.11,6.89,4.89,6.09,5.62,6.59,6.33,7.61
6798,8.85,8.11,6.89,4.89,6.09,5.62,6.59,6.33,7.61
6799,8.85,8.11,6.89,4.89,6.09,5.62,6.59,6.33,7.61
6800,8.85,8.11,6.89,4.89,6.09,5.62,6.59,6.33,7.61
6801,8.85,8.11,6.89,4.89,6.09,5.62,6.59,6.33,7.61
6802,8.85,8.11,6.89,4.89,6.09,5.62,6.59,6.33,7.61
6803,8.85,8.11,6.89,4.89,6.09,5.62,6.59,6.33,7.61
6804,8.85,8.11,6.89,4.89,6.09,5.62,6.59,6.33,7.61
6805,8.85,8.11,6.89,4.89,6.09,5.62,6.59,6.33,7.61
6806,8.85,8.11,6.89,4.89,6.09,5.62,6.59,6.33,7.61
6807,8.85,8.11,6.89,4.89,6.09,5.62,6.59,6.33,7.61
6808,8.85,8.11,6.89,4.89,6.09,5.62,6.59,6.33,7.61
6809,8.85,8.11,6.89,4.89,6.09,5.62,6.59,6.33,7.61
6810,8.85,8.11,6.89,4.89,6.09,5.62,6.59,6.33,7.61
6811,8.85,8.11,6.89,4.89,6.09,5.62,6.59,6.33,7.61
6812,8.85,8.11,6.89,4.89,6.09,5.62,6.59,6.33,7.61
6813,8.85,8.11,6.89,4.89,6.09,5.62,6.59,6.33,7.61
6814,8.85,8.11,6.89,4.89,6.09,5.62,6.59,6.33,7.61
6815,8.85,8.11,6.89,4.89,6.09,5.62,6.59,6.33,7.61
6816,8.85,8.11,6.89,4.89,6.09,5.62,6.59,6.33,7.61
6817,8.85,8.11,6.89,4.89,6.09,5.62,6.59,6.33,7.61
6818,8.85,8.11,6.89,4.89,6.09,5.62,6.59,6.33,7.61
6819,8.85,8.11,6.89,4.89,6.09,5.62,6.59,6.33,7.61
6820,8.85,8.11,6.89,4.89,6.09,5.62,6.59,6.33,7.61
6821,8.85,8.11,6.89,4.89,6.09,5.62,6.59,6.33,7.61
6822,8.85,8.11,6.89,4.89,6.09,5.62,6.59,6.33,7.61
6823,8.85,8.11,6.89,4.89,6.09,5.62,6.59,6.33,7.61
6824,8.85,8.11,6.89,4.89,6.09,5.62,6.59,6.33,7.61
6825,8.85,8.11,6.89,4.89,6.09,5.62,6.59,6.33,7.61
6826,8.85,8.11,6.89,4.89,6.09,5.62,6.59,6.33,7.61
6827,8.85,8.11,6.89,4.89,6.09,5.62,6.59,6.33,7.61
6828,8.85,8.11,6.89,4.89,6.09,5.62,6.59,6.33,7.61
6829,8.85,8.11,6.89,4.89,6.09,5.62,6.59,6.33,7.61
6830,8.85,8.11,6.89,4.89,6.09,5.62,6.59,6.33,7.61
6831,8.85,8.11,6.89,4.89,6.09,5.62,6.59,6.33,7.61
6832,8.85,8.11,6.89,4.89,6.09,5.62,6.59,6.33,7.61
6833,8.85,8.11,6.89,4.89,6.09,5.62,6.59,6.33,7.61
6834,8.85,8.11,6.89,4.89,6.09,5.62,6.59,6.33,7.61
6835,8.85,8.11,6.89,4.89,6.09,5.62,6.59,6.33,7.61
6836,8.85,8.11,6.89,4.89,6.09,5.62,6.59,6.33,7.61
6837,8.85,8.11,6.89,4.89,6.09,5.62,6.59,6.33,7.61
6838,8.85,8.11,6.89,4.89,6.09,5.62,6.59,6.33,7.61
6839,8.85,8.11,6.89,4.89,6.09,5.62,6.59,6.33,7.61
6840,8.85,8.11,6.89,4.89,6.09,5.62,6.59,6.33,7.61
6841,8.85,8.11,6.89,4.89,6.09,5.62,6.59,6.33,7.61
6842,8.85,8.11,6.89,4.89,6.09,5.62,6.59,6.33,7.61
6843,8.85,8.11,6.89,4.89,6.09,5.62,6.59,6.33,7.61
6844,8.85,8.11,6.89,4.89,6.09,5.62,6.59,6.33,7.61
6845,8.85,8.11,6.89,4.89,6.09,5.62,6.59,6.33,7.61
6846,8.85,8.11,6.89,4.89,6.09,5.62,6.59,6.33,7.61
6847,8.85,8.11,6.89,4.89,6.09,5.62,6.59,6.33,7.61
6848,8.85,8.11,6.89,4.89,6.09,5.62,6.59,6.33,7.61
6849,8.85,8.11,6.89,4.89,6.09,5.62,6.59,6.33,7.61
6850,8.85,8.11,6.89,4.89,6.09,5.62,6.59,6.33,7.61
6851,8.85,8.11,6.89,4.89,6.09,5.62,6.59,6.33,7.61
6852,8.85,8.11,6.89,4.89,6.09,5.62,6.59,6.33,7.61
6853,8.85,8.11,6.89,4.89,6.09,5.62,6.59,6.33,7.61
6854,8.85,8.11,6.89,4.89,6.09,5.62,6.59,6.33,7.61
6855,8.85,8.11,6.89,4.89,6.09,5.62,6.59,6.33,7.61
6856,8.85,8.11,6.89,4.89,6.09,5.62,6.59,6.33,7.61
6857,8.85,8.11,6.89,4.89,6.09,5.62,6.59,6.33,7.61
6858,8.85,8.11,6.89,4.89,6.09,5.62,6.59,6.33,7.61
6859,8.85,8.11,6.89,4.89,6.09,5.62,6.59,6.33,7.61
6860,8.85,8.11,6.89,4.89,6.09,5.62,6.59,6.33,7.61
6861,8.85,8.11,6.89,4.89,6.09,5.62,6.59,6.33,7.61
6862,8.85,8.11,6.89,4.89,6.09,5.62,6.59,6.33,7.61
6863,8.85,8.11,6.89,4.89,6.09,5.62,6.59,6.33,7.61
6864,8.85,8.11,6.89,4.89,6.09,5.62,6.59,6.33,7.61
6865,8.85,8.11,6.89,4.89,6.09,5.62,6.59,6.33,7.61
6866,8.85,8.11,6.89,4.89,6.09,5.62,6.59,6.33,7.61
6867,8.85,8.11,6.89,4.89,6.09,5.62,6.59,6.33,7.61
6868,8.85,8.11,6.89,4.89,6.09,5.62,6.59,6.33,7.61
6869,8.85,8.11,6.89,4.89,6.09,5.62,6.59,6.33,7.61
6870,8.85,8.11,6.89,4.89,6.09,5.62,6.59,6.33,7.61
6871,8.85,8.11,6.89,4.89,6.09,5.62,6.59,6.33,7.61
6872,8.85,8.11,6.89,4.89,6.09,5.62,6.59,6.33,7.61
6873,8.85,8.11,6.89,4.89,6.09,5.62,6.59,6.33,7.61
6874,8.85,8.11,6.89,4.89,6.09,5.62,6.59,6.33,7.61
6875,8.85,8.11,6.89,4.89,6.09,5.62,6.59,6.33,7.61
6876,8.85,8.11,6.89,4.89,6.09,5.62,6.59,6.33,7.61
6877,8.85,8.11,6.89,4.89,6.09,5.62,6.59,6.33,7.61
6878,8.85,8.11,6.89,4.89,6.09,5.62,6.59,6.33,7.61
6879,8.85,8.11,6.89,4.89,6.09,5.62,6.59,6.33,7.61
6880,8.85,8.11,6.89,4.89,6.09,5.62,6.59,6.33,7.61
6881,8.85,8.11,6.89,4.89,6.09,5.62,6.59,6.33,7.61
6882,8.85,8.11,6.89,4.89,6.09,5.62,6.59,6.33,7.61
6883,8.85,8.11,6.89,4.89,6.09,5.62,6.59,6.33,7.61
6884,8.85,8.11,6.89,4.89,6.09,5.62,6.59,6.33,7.61
6885,8.85,8.11,6.89,4.89,6.09,5.62,6.59,6.33,7.61
6886,8.85,8.11,6.89,4.89,6.09,5.62,6.59,6.33,7.61
6887,8.85,8.11,6.89,4.89,6.09,5.62,6.59,6.33,7.61
6888,8.85,8.11,6.89,4.89,6.09,5.62,6.59,6.33,7.61
6889,8.85,8.11,6.89,4.89,6.09,5.62,6.59,6.33,7.61
6890,8.85,8.11,6.89,4.89,6.09,5.62,6.59,6.33,7.61
6891,8.85,8.11,6.89,4.89,6.09,5.62,6.59,6.33,7.61
6892,8.85,8.11,6.89,4.89,6.09,5.62,6.59,6.33,7.61
6893,8.85,8.11,6.89,4.89,6.09,5.62,6.59,6.33,7.61
6894,8.85,8.11,6.89,4.89,6.09,5.62,6.59,6.33,7.61
6895,8.85,8.11,6.89,4.89,6.09,5.62,6.59,6.33,7.61
6896,8.85,8.11,6.89,4.89,6.09,5.62,6.59,6.33,7.61
6897,8.85,8.11,6.89,4.89,6.09,5.62,6.59,6.33,7.61
6898,8.85,8.11,6.89,4.89,6.09,5.62,6.59,6.33,7.61
6899,8.85,8.11,6.89,4.89,6.09,5.62,6.59,6.33,7.61
6900,8.85,8.11,6.89,4.89,6.09,5.62,6.59,6.33,7.61
6901,8.85,8.11,6.89,4.89,6.09,5.62,6.59,6.33,7.61
6902,8.85,8.11,6.89,4.89,6.09,5.62,6.59,6.33,7.61
6903,8.85,8.11,6.89,4.89,6.09,5.62,6.59,6.33,7.61
6904,8.85,8.11,6.89,4.89,6.09,5.62,6.59,6.33,7.61
6905,8.85,8.11,6.89,4.89,6.09,5.62,6.59,6.33,7.61
6906,8.85,8.11,6.89,4.89,6.09,5.62,6.59,6.33,7.61
6907,8.85,8.11,6.89,4.89,6.09,5.62,6.59,6.33,7.61
6908,8.85,8.11,6.89,4.89,6.09,5.62,6.59,6.33,7.61
6909,8.85,8.11,6.89,4.89,6.09,5.62,6.59,6.33,7.61
6910,8.85,8.11,6.89,4.89,6.09,5.62,6.59,6.33,7.61
6911,8.85,8.11,6.89,4.89,6.09,5.62,6.59,6.33,7.61
6912,8.85,8.11,6.89,4.89,6.09,5.62,6.59,6.33,7.61
6913,8.85,8.11,6.89,4.89,6.09,5.62,6.59,6.33,7.61
6914,8.85,8.11,6.89,4.89,6.09,5.62,6.59,6.33,7.61
6915,8.85,8.11,6.89,4.89,6.09,5.62,6.59,6.33,7.61
6916,8.85,8.11,6.89,4.89,6.09,5.62,6.59,6.33,7.61
6917,8.85,8.11,6.89,4.89,6.09,5.62,6.59,6.33,7.61
6918,8.85,8.11,6.89,4.89,6.09,5.62,6.59,6.33,7.61
6919,8.85,8.11,6.89,4.89,6.09,5.62,6.59,6.33,7.61
6920,8.85,8.11,6.89,4.89,6.09,5.62,6.59,6.33,7.61
6921,8.85,8.11,6.89,4.89,6.09,5.62,6.59,6.33,7.61
6922,8.85,8.11,6.89,4.89,6.09,5.62,6.59,6.33,7.61
6923,8.85,8.11,6.89,4.89,6.09,5.62,6.59,6.33,7.61
6924,8.85,8.11,6.89,4.89,6.09,5.62,6.59,6.33,7.61
6925,8.85,8.11,6.89,4.89,6.09,5.62,6.59,6.33,7.61
6926,8.85,8.11,6.89,4.89,6.09,5.62,6.59,6.33,7.61
6927,8.85,8.11,6.89,4.89,6.09,5.62,6.59,6.33,7.61
6928,8.85,8.11,6.89,4.89,6.09,5.62,6.59,6.33,7.61
6929,8.85,8.11,6.89,4.89,6.09,5.62,6.59,6.33,7.61
6930,8.85,8.11,6.89,4.89,6.09,5.62,6.59,6.33,7.61
6931,8.85,8.11,6.89,4.89,6.09,5.62,6.59,6.33,7.61
6932,8.85,8.11,6.89,4.89,6.09,5.62,6.59,6.33,7.61
6933,8.85,8.11,6.89,4.89,6.09,5.62,6.59,6.33,7.61
6934,8.85,8.11,6.89,4.89,6.09,5.62,6.59,6.33,7.61
6935,8.85,8.11,6.89,4.89,6.09,5.62,6.59,6.33,7.61
6936,8.85,8.11,6.89,4.89,6.09,5.62,6.59,6.33,7.61
6937,8.85,8.11,6.89,4.89,6.09,5.62,6.59,6.33,7.61
6938,8.85,8.11,6.89,4.89,6.09,5.62,6.59,6.33,7.61
6939,8.85,8.11,6.89,4.89,6.09,5.62,6.59,6.33,7.61
6940,8.85,8.11,6.89,4.89,6.09,5.62,6.59,6.33,7.61
6941,8.85,8.11,6.89,4.89,6.09,5.62,6.59,6.33,7.61
6942,8.85,8.11,6.89,4.89,6.09,5.62,6.59,6.33,7.61
6943,8.85,8.11,6.89,4.89,6.09,5.62,6.59,6.33,7.61
6944,8.85,8.11,6.89,4.89,6.09,5.62,6.59,6.33,7.61
6945,8.85,8.11,6.89,4.89,6.09,5.62,6.59,6.33,7.61
6946,8.85,8.11,6.89,4.89,6.09,5.62,6.59,6.33,7.61
6947,8.85,8.11,6.89,4.89,6.09,5.62,6.59,6.33,7.61
6948,8.85,8.11,6.89,4.89,6.09,5.62,6.59,6.33,7.61
6949,8.85,8.11,6.89,4.89,6.09,5.62,6.59,6.33,7.61
6950,8.85,8.11,6.89,4.89,6.09,5.62,6.59,6.33,7.61
6951,8.85,8.11,6.89,4.89,6.09,5.62,6.59,6.33,7.61
6952,8.85,8.11,6.89,4.89,6.09,5.62,6.59,6.33,7.61
6953,8.85,8.11,6.89,4.89,6.09,5.62,6.59,6.33,7.61
6954,8.85,8.11,6.89,4.89,6.09,5.62,6.59,6.33,7.61
6955,8.85,8.11,6.89,4.89,6.09,5.62,6.59,6.33,7.61
6956,8.85,8.11,6.89,4.89,6.09,5.62,6.59,6.33,7.61
6957,8.85,8.11,6.89,4.89,6.09,5.62,6.59,6.33,7.61
6958,8.85,8.11,6.89,4.89,6.09,5.62,6.59,6.33,7.61
6959,8.85,8.11,6.89,4.89,6.09,5.62,6.59,6.33,7.61
6960,8.85,8.11,6.89,4.89,6.09,5.62,6.59,6.33,7.61
6961,8.85,8.11,6.89,4.89,6.09,5.62,6.59,6.33,7.61
6962,8.85,8.11,6.89,4.89,6.09,5.62,6.59,6.33,7.61
6963,8.85,8.11,6.89,4.89,6.09,5.62,6.59,6.33,7.61
6964,8.85,8.11,6.89,4.89,6.09,5.62,6.59,6.33,7.61
6965,8.85,8.11,6.89,4.89,6.09,5.62,6.59,6.33,7.61
6966,8.85,8.11,6.89,4.89,6.09,5.62,6.59,6.33,7.61
6967,8.85,8.11,6.89,4.89,6.09,5.62,6.59,6.33,7.61
6968,8.85,8.11,6.89,4.89,6.09,5.62,6.59,6.33,7.61
6969,8.85,8.11,6.89,4.89,6.09,5.62,6.59,6.33,7.61
6970,8.85,8.11,6.89,4.89,6.09,5.62,6.59,6.33,7.61
6971,8.85,8.11,6.89,4.89,6.09,5.62,6.59,6.33,7.61
6972,8.85,8.11,6.89,4.89,6.09,5.62,6.59,6.33,7.61
6973,8.85,8.11,6.89,4.89,6.09,5.62,6.59,6.33,7.61
6974,8.85,8.11,6.89,4.89,6.09,5.62,6.59,6.33,7.61
6975,8.85,8.11,6.89,4.89,6.09,5.62,6.59,6.33,7.61
6976,8.85,8.11,6.89,4.89,6.09,5.62,6.59,6.33,7.61
6977,8.85,8.11,6.89,4.89,6.09,5.62,6.59,6.33,7.61
6978,8.85,8.11,6.89,4.89,6.09,5.62,6.59,6.33,7.61
6979,8.85,8.11,6.89,4.89,6.09,5.62,6.59,6.33,7.61
6980,8.85,8.11,6.89,4.89,6.09,5.62,6.59,6.33,7.61
6981,8.85,8.11,6.89,4.89,6.09,5.62,6.59,6.33,7.61
6982,8.85,8.11,6.89,4.89,6.09,5.62,6.59,6.33,7.61
6983,8.85,8.11,6.89,4.89,6.09,5.62,6.59,6.33,7.61
6984,8.85,8.11,6.89,4.89,6.09,5.62,6.59,6.33,7.61
6985,8.85,8.11,6.89,4.89,6.09,5.62,6.59,6.33,7.61
6986,8.85,8.11,6.89,4.89,6.09,5.62,6.59,6.33,7.61
6987,8.85,8.11,6.89,4.89,6.09,5.62,6.59,6.33,7.61
6988,8.85,8.11,6.89,4.89,6.09,5.62,6.59,6.33,7.61
6989,8.85,8.11,6.89,4.89,6.09,5.62,6.59,6.33,7.61
6990,8.85,8.11,6.89,4.89,6.09,5.62,6.59,6.33,7.61
6991,8.85,8.11,6.89,4.89,6.09,5.62,6.59,6.33,7.61
6992,8.85,8.11,6.89,4.89,6.09,5.62,6.59,6.33,7.61
6993,8.85,8.11,6.89,4.89,6.09,5.62,6.59,6.33,7.61
6994,8.85,8.11,6.89,4.89,6.09,5.62,6.59,6.33,7.61
6995,8.85,8.11,6.89,4.89,6.09,5.62,6.59,6.33,7.61
6996,8.85,8.11,6.89,4.89,6.09,5.62,6.59,6.33,7.61
6997,8.85,8.11,6.89,4.89,6.09,5.62,6.59,6.33,7.61
6998,8.85,8.11,6.89,4.89,6.09,5.62,6.59,6.33,7.61
6999,8.85,8.11,6.89,4.89,6.09,5.62,6.59,6.33,7.61
7000,8.85,8.11,6.89,4.89,6.09,5.62,6.59,6.33,7.61
7001,8.85,8.11,6.89,4.89,6.09,5.62,6.59,6.33,7.61
7002,8.85,8.11,6.89,4.89,6.09,5.62,6.59,6.33,7.61
7003,8.85,8.11,6.89,4.89,6.09,5.62,6.59,6.33,7.61
7004,8.85,8.11,6.89,4.89,6.09,5.62,6.59,6.33,7.61
7005,8.85,8.11,6.89,4.89,6.09,5.62,6.59,6.33,7.61
7006,8.85,8.11,6.89,4.89,6.09,5.62,6.59,6.33,7.61
7007,8.85,8.11,6.89,4.89,6.09,5.62,6.59,6.33,7.61
7008,8.85,8.11,6.89,4.89,6.09,5.62,6.59,6.33,7.61
7009,8.85,8.11,6.89,4.89,6.09,5.62,6.59,6.33,7.61
7010,8.85,8.11,6.89,4.89,6.09,5.62,6.59,6.33,7.61
7011,8.85,8.11,6.89,4.89,6.09,5.62,6.59,6.33,7.61
7012,8.85,8.11,6.89,4.89,6.09,5.62,6.59,6.33,7.61
7013,8.85,8.11,6.89,4.89,6.09,5.62,6.59,6.33,7.61
7014,8.85,8.11,6.89,4.89,6.09,5.62,6.59,6.33,7.61
7015,8.85,8.11,6.89,4.89,6.09,5.62,6.59,6.33,7.61
7016,8.85,8.11,6.89,4.89,6.09,5.62,6.59,6.33,7.61
7017,8.85,8.11,6.89,4.89,6.09,5.62,6.59,6.33,7.61
7018,8.85,8.11,6.89,4.89,6.09,5.62,6.59,6.33,7.61
7019,8.85,8.11,6.89,4.89,6.09,5.62,6.59,6.33,7.61
7020,8.85,8.11,6.89,4.89,6.09,5.62,6.59,6.33,7.61
7021,8.85,8.11,6.89,4.89,6.09,5.62,6.59,6.33,7.61
7022,8.85,8.11,6.89,4.89,6.09,5.62,6.59,6.33,7.61
7023,8.85,8.11,6.89,4.89,6.09,5.62,6.59,6.33,7.61
7024,8.85,8.11,6.89,4.89,6.09,5.62,6.59,6.33,7.61
7025,8.85,8.11,6.89,4.89,6.09,5.62,6.59,6.33,7.61
7026,8.85,8.11,6.89,4.89,6.09,5.62,6.59,6.33,7.61
7027,8.85,8.11,6.89,4.89,6.09,5.62,6.59,6.33,7.61
7028,8.85,8.11,6.89,4.89,6.09,5.62,6.59,6.33,7.61
7029,8.85,8.11,6.89,4.89,6.09,5.62,6.59,6.33,7.61
7030,8.85,8.11,6.89,4.89,6.09,5.62,6.59,6.33,7.61
7031,8.85,8.11,6.89,4.89,6.09,5.62,6.59,6.33,7.61
7032,8.85,8.11,6.89,4.89,6.09,5.62,6.59,6.33,7.61
7033,8.85,8.11,6.89,4.89,6.09,5.62,6.59,6.33,7.61
7034,8.85,8.11,6.89,4.89,6.09,5.62,6.59,6.33,7.61
7035,8.85,8.11,6.89,4.89,6.09,5.62,6.59,6.33,7.61
7036,8.85,8.11,6.89,4.89,6.09,5.62,6.59,6.33,7.61
7037,8.85,8.11,6.89,4.89,6.09,5.62,6.59,6.33,7.61
7038,8.85,8.11,6.89,4.89,6.09,5.62,6.59,6.33,7.61
7039,8.85,8.11,6.89,4.89,6.09,5.62,6.59,6.33,7.61
7040,8.85,8.11,6.89,4.89,6.09,5.62,6.59,6.33,7.61
7041,8.85,8.11,6.89,4.89,6.09,5.62,6.59,6.33,7.61
7042,8.85,8.11,6.89,4.89,6.09,5.62,6.59,6.33,7.61
7043,8.85,8.11,6.89,4.89,6.09,5.62,6.59,6.33,7.61
7044,8.85,8.11,6.89,4.89,6.09,5.62,6.59,6.33,7.61
7045,8.85,8.11,6.89,4.89,6.09,5.62,6.59,6.33,7.61
7046,8.85,8.11,6.89,4.89,6.09,5.62,6.59,6.33,7.61
7047,8.85,8.11,6.89,4.89,6.09,5.62,6.59,6.33,7.61
7048,8.85,8.11,6.89,4.89,6.09,5.62,6.59,6.33,7.61
7049,8.85,8.11,6.89,4.89,6.09,5.62,6.59,6.33,7.61
7050,8.85,8.11,6.89,4.89,6.09,5.62,6.59,6.33,7.61
7051,8.85,8.11,6.89,4.89,6.09,5.62,6.59,6.33,7.61
7052,8.85,8.11,6.89,4.89,6.09,5.62,6.59,6.33,7.61
7053,8.85,8.11,6.89,4.89,6.09,5.62,6.59,6.33,7.61
7054,8.85,8.11,6.89,4.89,6.09,5.62,6.59,6.33,7.61
7055,8.85,8.11,6.89,4.89,6.09,5.62,6.59,6.33,7.61
7056,8.85,8.11,6.89,4.89,6.09,5.62,6.59,6.33,7.61
7057,8.85,8.11,6.89,4.89,6.09,5.62,6.59,6.33,7.61
7058,8.85,8.11,6.89,4.89,6.09,5.62,6.59,6.33,7.61
7059,8.85,8.11,6.89,4.89,6.09,5.62,6.59,6.33,7.61
7060,8.85,8.11,6.89,4.89,6.09,5.62,6.59,6.33,7.61
7061,8.85,8.11,6.89,4.89,6.09,5.62,6.59,6.33,7.61
7062,8.85,8.11,6.89,4.89,6.09,5.62,6.59,6.33,7.61
7063,8.85,8.11,6.89,4.89,6.09,5.62,6.59,6.33,7.61
7064,8.85,8.11,6.89,4.89,6.09,5.62,6.59,6.33,7.61
7065,8.85,8.11,6.89,4.89,6.09,5.62,6.59,6.33,7.61
7066,8.85,8.11,6.89,4.89,6.09,5.62,6.59,6.33,7.61
7067,8.85,8.11,6.89,4.89,6.09,5.62,6.59,6.33,7.61
7068,8.85,8.11,6.89,4.89,6.09,5.62,6.59,6.33,7.61
7069,8.85,8.11,6.89,4.89,6.09,5.62,6.59,6.33,7.61
7070,8.85,8.11,6.89,4.89,6.09,5.62,6.59,6.33,7.61
7071,8.85,8.11,6.89,4.89,6.09,5.62,6.59,6.33,7.61
7072,8.85,8.11,6.89,4.89,6.09,5.62,6.59,6.33,7.61
7073,8.85,8.11,6.89,4.89,6.09,5.62,6.59,6.33,7.61
7074,8.85,8.11,6.89,4.89,6.09,5.62,6.59,6.33,7.61
7075,8.85,8.11,6.89,4.89,6.09,5.62,6.59,6.33,7.61
7076,8.85,8.11,6.89,4.89,6.09,5.62,6.59,6.33,7.61
7077,8.85,8.11,6.89,4.89,6.09,5.62,6.59,6.33,7.61
7078,8.85,8.11,6.89,4.89,6.09,5.62,6.59,6.33,7.61
7079,8.85,8.11,6.89,4.89,6.09,5.62,6.59,6.33,7.61
7080,8.85,8.11,6.89,4.89,6.09,5.62,6.59,6.33,7.61
7081,8.85,8.11,6.89,4.89,6.09,5.62,6.59,6.33,7.61
7082,8.85,8.11,6.89,4.89,6.09,5.62,6.59,6.33,7.61
7083,8.85,8.11,6.89,4.89,6.09,5.62,6.59,6.33,7.61
7084,8.85,8.11,6.89,4.89,6.09,5.62,6.59,6.33,7.61
7085,8.85,8.11,6.89,4.89,6.09,5.62,6.59,6.33,7.61
7086,8.85,8.11,6.89,4.89,6.09,5.62,6.59,6.33,7.61
7087,8.85,8.11,6.89,4.89,6.09,5.62,6.59,6.33,7.61
7088,8.85,8.11,6.89,4.89,6.09,5.62,6.59,6.33,7.61
7089,8.85,8.11,6.89,4.89,6.09,5.62,6.59,6.33,7.61
7090,8.85,8.11,6.89,4.89,6.09,5.62,6.59,6.33,7.61
7091,8.85,8.11,6.89,4.89,6.09,5.62,6.59,6.33,7.61
7092,8.85,8.11,6.89,4.89,6.09,5.62,6.59,6.33,7.61
7093,8.85,8.11,6.89,4.89,6.09,5.62,6.59,6.33,7.61
7094,8.85,8.11,6.89,4.89,6.09,5.62,6.59,6.33,7.61
7095,8.85,8.11,6.89,4.89,6.09,5.62,6.59,6.33,7.61
7096,8.85,8.11,6.89,4.89,6.09,5.62,6.59,6.33,7.61
7097,8.85,8.11,6.89,4.89,6.09,5.62,6.59,6.33,7.61
7098,8.85,8.11,6.89,4.89,6.09,5.62,6.59,6.33,7.61
7099,8.85,8.11,6.89,4.89,6.09,5.62,6.59,6.33,7.61
7100,8.85,8.11,6.89,4.89,6.09,5.62,6.59,6.33,7.61
7101,8.85,8.11,6.89,4.89,6.09,5.62,6.59,6.33,7.61
7102,8.85,8.11,6.89,4.89,6.09,5.62,6.59,6.33,7.61
7103,8.85,8.11,6.89,4.89,6.09,5.62,6.59,6.33,7.61
7104,8.85,8.11,6.89,4.89,6.09,5.62,6.59,6.33,7.61
7105,8.85,8.11,6.89,4.89,6.09,5.62,6.59,6.33,7.61
7106,8.85,8.11,6.89,4.89,6.09,5.62,6.59,6.33,7.61
7107,8.85,8.11,6.89,4.89,6.09,5.62,6.59,6.33,7.61
7108,8.85,8.11,6.89,4.89,6.09,5.62,6.59,6.33,7.61
7109,8.85,8.11,6.89,4.89,6.09,5.62,6.59,6.33,7.61
7110,8.85,8.11,6.89,4.89,6.09,5.62,6.59,6.33,7.61
7111,8.85,8.11,6.89,4.89,6.09,5.62,6.59,6.33,7.61
7112,8.85,8.11,6.89,4.89,6.09,5.62,6.59,6.33,7.61
7113,8.85,8.11,6.89,4.89,6.09,5.62,6.59,6.33,7.61
7114,8.85,8.11,6.89,4.89,6.09,5.62,6.59,6.33,7.61
7115,8.85,8.11,6.89,4.89,6.09,5.62,6.59,6.33,7.61
7116,8.85,8.11,6.89,4.89,6.09,5.62,6.59,6.33,7.61
7117,8.85,8.11,6.89,4.89,6.09,5.62,6.59,6.33,7.61
7118,8.85,8.11,6.89,4.89,6.09,5.62,6.59,6.33,7.61
7119,8.85,8.11,6.89,4.89,6.09,5.62,6.59,6.33,7.61
7120,8.85,8.11,6.89,4.89,6.09,5.62,6.59,6.33,7.61
7121,8.85,8.11,6.89,4.89,6.09,5.62,6.59,6.33,7.61
7122,8.85,8.11,6.89,4.89,6.09,5.62,6.59,6.33,7.61
7123,8.85,8.11,6.89,4.89,6.09,5.62,6.59,6.33,7.61
7124,8.85,8.11,6.89,4.89,6.09,5.62,6.59,6.33,7.61
7125,8.85,8.11,6.89,4.89,6.09,5.62,6.59,6.33,7.61
7126,8.85,8.11,6.89,4.89,6.09,5.62,6.59,6.33,7.61
7127,8.85,8.11,6.89,4.89,6.09,5.62,6.59,6.33,7.61
7128,8.85,8.11,6.89,4.89,6.09,5.62,6.59,6.33,7.61
7129,8.85,8.11,6.89,4.89,6.09,5.62,6.59,6.33,7.61
7130,8.85,8.11,6.89,4.89,6.09,5.62,6.59,6.33,7.61
7131,8.85,8.11,6.89,4.89,6.09,5.62,6.59,6.33,7.61
7132,8.85,8.11,6.89,4.89,6.09,5.62,6.59,6.33,7.61
7133,8.85,8.11,6.89,4.89,6.09,5.62,6.59,6.33,7.61
7134,8.85,8.11,6.89,4.89,6.09,5.62,6.59,6.33,7.61
7135,8.85,8.11,6.89,4.89,6.09,5.62,6.59,6.33,7.61
7136,8.85,8.11,6.89,4.89,6.09,5.62,6.59,6.33,7.61
7137,8.85,8.11,6.89,4.89,6.09,5.62,6.59,6.33,7.61
7138,8.85,8.11,6.89,4.89,6.09,5.62,6.59,6.33,7.61
7139,8.85,8.11,6.89,4.89,6.09,5.62,6.59,6.33,7.61
7140,8.85,8.11,6.89,4.89,6.09,5.62,6.59,6.33,7.61
7141,8.85,8.11,6.89,4.89,6.09,5.62,6.59,6.33,7.61
7142,8.85,8.11,6.89,4.89,6.09,5.62,6.59,6.33,7.61
7143,8.85,8.11,6.89,4.89,6.09,5.62,6.59,6.33,7.61
7144,8.85,8.11,6.89,4.89,6.09,5.62,6.59,6.33,7.61
7145,8.85,8.11,6.89,4.89,6.09,5.62,6.59,6.33,7.61
7146,8.85,8.11,6.89,4.89,6.09,5.62,6.59,6.33,7.61
7147,8.85,8.11,6.89,4.89,6.09,5.62,6.59,6.33,7.61
7148,8.85,8.11,6.89,4.89,6.09,5.62,6.59,6.33,7.61
7149,8.85,8.11,6.89,4.89,6.09,5.62,6.59,6.33,7.61
7150,8.85,8.11,6.89,4.89,6.09,5.62,6.59,6.33,7.61
7151,8.85,8.11,6.89,4.89,6.09,5.62,6.59,6.33,7.61
7152,8.85,8.11,6.89,4.89,6.09,5.62,6.59,6.33,7.61
7153,8.85,8.11,6.89,4.89,6.09,5.62,6.59,6.33,7.61
7154,8.85,8.11,6.89,4.89,6.09,5.62,6.59,6.33,7.61
7155,8.85,8.11,6.89,4.89,6.09,5.62,6.59,6.33,7.61
7156,8.85,8.11,6.89,4.89,6.09,5.62,6.59,6.33,7.61
7157,8.85,8.11,6.89,4.89,6.09,5.62,6.59,6.33,7.61
7158,8.85,8.11,6.89,4.89,6.09,5.62,6.59,6.33,7.61
7159,8.85,8.11,6.89,4.89,6.09,5.62,6.59,6.33,7.61
7160,8.85,8.11,6.89,4.89,6.09,5.62,6.59,6.33,7.61
7161,8.85,8.11,6.89,4.89,6.09,5.62,6.59,6.33,7.61
7162,8.85,8.11,6.89,4.89,6.09,5.62,6.59,6.33,7.61
7163,8.85,8.11,6.89,4.89,6.09,5.62,6.59,6.33,7.61
7164,8.85,8.11,6.89,4.89,6.09,5.62,6.59,6.33,7.61
7165,8.85,8.11,6.89,4.89,6.09,5.62,6.59,6.33,7.61
7166,8.85,8.11,6.89,4.89,6.09,5.62,6.59,6.33,7.61
7167,8.85,8.11,6.89,4.89,6.09,5.62,6.59,6.33,7.61
7168,8.85,8.11,6.89,4.89,6.09,5.62,6.59,6.33,7.61
7169,8.85,8.11,6.89,4.89,6.09,5.62,6.59,6.33,7.61
7170,8.85,8.11,6.89,4.89,6.09,5.62,6.59,6.33,7.61
7171,8.85,8.11,6.89,4.89,6.09,5.62,6.59,6.33,7.61
7172,8.85,8.11,6.89,4.89,6.09,5.62,6.59,6.33,7.61
7173,8.85,8.11,6.89,4.89,6.09,5.62,6.59,6.33,7.61
7174,8.85,8.11,6.89,4.89,6.09,5.62,6.59,6.33,7.61
7175,8.85,8.11,6.89,4.89,6.09,5.62,6.59,6.33,7.61
7176,8.85,8.11,6.89,4.89,6.09,5.62,6.59,6.33,7.61
7177,8.85,8.11,6.89,4.89,6.09,5.62,6.59,6.33,7.61
7178,8.85,8.11,6.89,4.89,6.09,5.62,6.59,6.33,7.61
7179,8.85,8.11,6.89,4.89,6.09,5.62,6.59,6.33,7.61
7180,8.85,8.11,6.89,4.89,6.09,5.62,6.59,6.33,7.61
7181,8.85,8.11,6.89,4.89,6.09,5.62,6.59,6.33,7.61
7182,8.85,8.11,6.89,4.89,6.09,5.62,6.59,6.33,7.61
7183,8.85,8.11,6.89,4.89,6.09,5.62,6.59,6.33,7.61
7184,8.85,8.11,6.89,4.89,6.09,5.62,6.59,6.33,7.61
7185,8.85,8.11,6.89,4.89,6.09,5.62,6.59,6.33,7.61
7186,8.85,8.11,6.89,4.89,6.09,5.62,6.59,6.33,7.61
7187,8.85,8.11,6.89,4.89,6.09,5.62,6.59,6.33,7.61
7188,8.85,8.11,6.89,4.89,6.09,5.62,6.59,6.33,7.61
7189,8.85,8.11,6.89,4.89,6.09,5.62,6.59,6.33,7.61
7190,8.85,8.11,6.89,4.89,6.09,5.62,6.59,6.33,7.61
7191,8.85,8.11,6.89,4.89,6.09,5.62,6.59,6.33,7.61
7192,8.85,8.11,6.89,4.89,6.09,5.62,6.59,6.33,7.61
7193,8.85,8.11,6.89,4.89,6.09,5.62,6.59,6.33,7.61
7194,8.85,8.11,6.89,4.89,6.09,5.62,6.59,6.33,7.61
7195,8.85,8.11,6.89,4.89,6.09,5.62,6.59,6.33,7.61
7196,8.85,8.11,6.89,4.89,6.09,5.62,6.59,6.33,7.61
7197,8.85,8.11,6.89,4.89,6.09,5.62,6.59,6.33,7.61
7198,8.85,8.11,6.89,4.89,6.09,5.62,6.59,6.33,7.61
7199,8.85,8.11,6.89,4.89,6.09,5.62,6.59,6.33,7.61
7200,8.85,8.11,6.89,4.89,6.09,5.62,6.59,6.33,7.61
7201,8.85,8.11,6.89,4.89,6.09,5.62,6.59,6.33,7.61
7202,8.85,8.11,6.89,4.89,6.09,5.62,6.59,6.33,7.61
7203,8.85,8.11,6.89,4.89,6.09,5.62,6.59,6.33,7.61
7204,8.85,8.11,6.89,4.89,6.09,5.62,6.59,6.33,7.61
7205,8.85,8.11,6.89,4.89,6.09,5.62,6.59,6.33,7.61
7206,8.85,8.11,6.89,4.89,6.09,5.62,6.59,6.33,7.61
7207,8.85,8.11,6.89,4.89,6.09,5.62,6.59,6.33,7.61
7208,8.85,8.11,6.89,4.89,6.09,5.62,6.59,6.33,7.61
7209,8.85,8.11,6.89,4.89,6.09,5.62,6.59,6.33,7.61
7210,8.85,8.11,6.89,4.89,6.09,5.62,6.59,6.33,7.61
7211,8.85,8.11,6.89,4.89,6.09,5.62,6.59,6.33,7.61
7212,8.85,8.11,6.89,4.89,6.09,5.62,6.59,6.33,7.61
7213,8.85,8.11,6.89,4.89,6.09,5.62,6.59,6.33,7.61
7214,8.85,8.11,6.89,4.89,6.09,5.62,6.59,6.33,7.61
7215,8.85,8.11,6.89,4.89,6.09,5.62,6.59,6.33,7.61
7216,8.85,8.11,6.89,4.89,6.09,5.62,6.59,6.33,7.61
7217,8.85,8.11,6.89,4.89,6.09,5.62,6.59,6.33,7.61
7218,8.85,8.11,6.89,4.89,6.09,5.62,6.59,6.33,7.61
7219,8.85,8.11,6.89,4.89,6.09,5.62,6.59,6.33,7.61
7220,8.85,8.11,6.89,4.89,6.09,5.62,6.59,6.33,7.61
7221,8.85,8.11,6.89,4.89,6.09,5.62,6.59,6.33,7.61
7222,8.85,8.11,6.89,4.89,6.09,5.62,6.59,6.33,7.61
7223,8.85,8.11,6.89,4.89,6.09,5.62,6.59,6.33,7.61
7224,8.85,8.11,6.89,4.89,6.09,5.62,6.59,6.33,7.61
7225,8.85,8.11,6.89,4.89,6.09,5.62,6.59,6.33,7.61
7226,8.85,8.11,6.89,4.89,6.09,5.62,6.59,6.33,7.61
7227,8.85,8.11,6.89,4.89,6.09,5.62,6.59,6.33,7.61
7228,8.85,8.11,6.89,4.89,6.09,5.62,6.59,6.33,7.61
7229,8.85,8.11,6.89,4.89,6.09,5.62,6.59,6.33,7.61
7230,8.85,8.11,6.89,4.89,6.09,5.62,6.59,6.33,7.61
7231,8.85,8.11,6.89,4.89,6.09,5.62,6.59,6.33,7.61
7232,8.85,8.11,6.89,4.89,6.09,5.62,6.59,6.33,7.61
7233,8.85,8.11,6.89,4.89,6.09,5.62,6.59,6.33,7.61
7234,8.85,8.11,6.89,4.89,6.09,5.62,6.59,6.33,7.61
7235,8.85,8.11,6.89,4.89,6.09,5.62,6.59,6.33,7.61
7236,8.85,8.11,6.89,4.89,6.09,5.62,6.59,6.33,7.61
7237,8.85,8.11,6.89,4.89,6.09,5.62,6.59,6.33,7.61
7238,8.85,8.11,6.89,4.89,6.09,5.62,6.59,6.33,7.61
7239,8.85,8.11,6.89,4.89,6.09,5.62,6.59,6.33,7.61
7240,8.85,8.11,6.89,4.89,6.09,5.62,6.59,6.33,7.61
7241,8.85,8.11,6.89,4.89,6.09,5.62,6.59,6.33,7.61
7242,8.85,8.11,6.89,4.89,6.09,5.62,6.59,6.33,7.61
7243,8.85,8.11,6.89,4.89,6.09,5.62,6.59,6.33,7.61
7244,8.85,8.11,6.89,4.89,6.09,5.62,6.59,6.33,7.61
7245,8.85,8.11,6.89,4.89,6.09,5.62,6.59,6.33,7.61
7246,8.85,8.11,6.89,4.89,6.09,5.62,6.59,6.33,7.61
7247,8.85,8.11,6.89,4.89,6.09,5.62,6.59,6.33,7.61
7248,8.85,8.11,6.89,4.89,6.09,5.62,6.59,6.33,7.61
7249,8.85,8.11,6.89,4.89,6.09,5.62,6.59,6.33,7.61
7250,8.85,8.11,6.89,4.89,6.09,5.62,6.59,6.33,7.61
7251,8.85,8.11,6.89,4.89,6.09,5.62,6.59,6.33,7.61
7252,8.85,8.11,6.89,4.89,6.09,5.62,6.59,6.33,7.61
7253,8.85,8.11,6.89,4.89,6.09,5.62,6.59,6.33,7.61
7254,8.85,8.11,6.89,4.89,6.09,5.62,6.59,6.33,7.61
7255,8.85,8.11,6.89,4.89,6.09,5.62,6.59,6.33,7.61
7256,8.85,8.11,6.89,4.89,6.09,5.62,6.59,6.33,7.61
7257,8.85,8.11,6.89,4.89,6.09,5.62,6.59,6.33,7.61
7258,8.85,8.11,6.89,4.89,6.09,5.62,6.59,6.33,7.61
7259,8.85,8.11,6.89,4.89,6.09,5.62,6.59,6.33,7.61
7260,8.85,8.11,6.89,4.89,6.09,5.62,6.59,6.33,7.61
7261,8.85,8.11,6.89,4.89,6.09,5.62,6.59,6.33,7.61
7262,8.85,8.11,6.89,4.89,6.09,5.62,6.59,6.33,7.61
7263,8.85,8.11,6.89,4.89,6.09,5.62,6.59,6.33,7.61
7264,8.85,8.11,6.89,4.89,6.09,5.62,6.59,6.33,7.61
7265,8.85,8.11,6.89,4.89,6.09,5.62,6.59,6.33,7.61
7266,8.85,8.11,6.89,4.89,6.09,5.62,6.59,6.33,7.61
7267,8.85,8.11,6.89,4.89,6.09,5.62,6.59,6.33,7.61
7268,8.85,8.11,6.89,4.89,6.09,5.62,6.59,6.33,7.61
7269,8.85,8.11,6.89,4.89,6.09,5.62,6.59,6.33,7.61
7270,8.85,8.11,6.89,4.89,6.09,5.62,6.59,6.33,7.61
7271,8.85,8.11,6.89,4.89,6.09,5.62,6.59,6.33,7.61
7272,8.85,8.11,6.89,4.89,6.09,5.62,6.59,6.33,7.61
7273,8.85,8.11,6.89,4.89,6.09,5.62,6.59,6.33,7.61
7274,8.85,8.11,6.89,4.89,6.09,5.62,6.59,6.33,7.61
7275,8.85,8.11,6.89,4.89,6.09,5.62,6.59,6.33,7.61
7276,8.85,8.11,6.89,4.89,6.09,5.62,6.59,6.33,7.61
7277,8.85,8.11,6.89,4.89,6.09,5.62,6.59,6.33,7.61
7278,8.85,8.11,6.89,4.89,6.09,5.62,6.59,6.33,7.61
7279,8.85,8.11,6.89,4.89,6.09,5.62,6.59,6.33,7.61
7280,8.85,8.11,6.89,4.89,6.09,5.62,6.59,6.33,7.61
7281,8.85,8.11,6.89,4.89,6.09,5.62,6.59,6.33,7.61
7282,8.85,8.11,6.89,4.89,6.09,5.62,6.59,6.33,7.61
7283,8.85,8.11,6.89,4.89,6.09,5.62,6.59,6.33,7.61
7284,8.85,8.11,6.89,4.89,6.09,5.62,6.59,6.33,7.61
7285,8.85,8.11,6.89,4.89,6.09,5.62,6.59,6.33,7.61
7286,8.85,8.11,6.89,4.89,6.09,5.62,6.59,6.33,7.61
7287,8.85,8.11,6.89,4.89,6.09,5.62,6.59,6.33,7.61
7288,8.85,8.11,6.89,4.89,6.09,5.62,6.59,6.33,7.61
7289,8.85,8.11,6.89,4.89,6.09,5.62,6.59,6.33,7.61
7290,8.85,8.11,6.89,4.89,6.09,5.62,6.59,6.33,7.61
7291,8.85,8.11,6.89,4.89,6.09,5.62,6.59,6.33,7.61
7292,8.85,8.11,6.89,4.89,6.09,5.62,6.59,6.33,7.61
7293,8.85,8.11,6.89,4.89,6.09,5.62,6.59,6.33,7.61
7294,8.85,8.11,6.89,4.89,6.09,5.62,6.59,6.33,7.61
7295,8.85,8.11,6.89,4.89,6.09,5.62,6.59,6.33,7.61
7296,8.85,8.11,6.89,4.89,6.09,5.62,6.59,6.33,7.61
7297,8.85,8.11,6.89,4.89,6.09,5.62,6.59,6.33,7.61
7298,8.85,8.11,6.89,4.89,6.09,5.62,6.59,6.33,7.61
7299,8.85,8.11,6.89,4.89,6.09,5.62,6.59,6.33,7.61
7300,8.85,8.11,6.89,4.89,6.09,5.62,6.59,6.33,7.61
7301,8.85,8.11,6.89,4.89,6.09,5.62,6.59,6.33,7.61
7302,8.85,8.11,6.89,4.89,6.09,5.62,6.59,6.33,7.61
7303,8.85,8.11,6.89,4.89,6.09,5.62,6.59,6.33,7.61
7304,8.85,8.11,6.89,4.89,6.09,5.62,6.59,6.33,7.61
7305,8.85,8.11,6.89,4.89,6.09,5.62,6.59,6.33,7.61
7306,8.85,8.11,6.89,4.89,6.09,5.62,6.59,6.33,7.61
7307,8.85,8.11,6.89,4.89,6.09,5.62,6.59,6.33,7.61
7308,8.85,8.11,6.89,4.89,6.09,5.62,6.59,6.33,7.61
7309,8.85,8.11,6.89,4.89,6.09,5.62,6.59,6.33,7.61
7310,8.85,8.11,6.89,4.89,6.09,5.62,6.59,6.33,7.61
7311,8.85,8.11,6.89,4.89,6.09,5.62,6.59,6.33,7.61
7312,8.85,8.11,6.89,4.89,6.09,5.62,6.59,6.33,7.61
7313,8.85,8.11,6.89,4.89,6.09,5.62,6.59,6.33,7.61
7314,8.85,8.11,6.89,4.89,6.09,5.62,6.59,6.33,7.61
7315,8.85,8.11,6.89,4.89,6.09,5.62,6.59,6.33,7.61
7316,8.85,8.11,6.89,4.89,6.09,5.62,6.59,6.33,7.61
7317,8.85,8.11,6.89,4.89,6.09,5.62,6.59,6.33,7.61
7318,8.85,8.11,6.89,4.89,6.09,5.62,6.59,6.33,7.61
7319,8.85,8.11,6.89,4.89,6.09,5.62,6.59,6.33,7.61
7320,8.85,8.11,6.89,4.89,6.09,5.62,6.59,6.33,7.61
7321,8.85,8.11,6.89,4.89,6.09,5.62,6.59,6.33,7.61
7322,8.85,8.11,6.89,4.89,6.09,5.62,6.59,6.33,7.61
7323,8.85,8.11,6.89,4.89,6.09,5.62,6.59,6.33,7.61
7324,8.85,8.11,6.89,4.89,6.09,5.62,6.59,6.33,7.61
7325,8.85,8.11,6.89,4.89,6.09,5.62,6.59,6.33,7.61
7326,8.85,8.11,6.89,4.89,6.09,5.62,6.59,6.33,7.61
7327,8.85,8.11,6.89,4.89,6.09,5.62,6.59,6.33,7.61
7328,8.85,8.11,6.89,4.89,6.09,5.62,6.59,6.33,7.61
7329,8.85,8.11,6.89,4.89,6.09,5.62,6.59,6.33,7.61
7330,8.85,8.11,6.89,4.89,6.09,5.62,6.59,6.33,7.61
7331,8.85,8.11,6.89,4.89,6.09,5.62,6.59,6.33,7.61
7332,8.85,8.11,6.89,4.89,6.09,5.62,6.59,6.33,7.61
7333,8.85,8.11,6.89,4.89,6.09,5.62,6.59,6.33,7.61
7334,8.85,8.11,6.89,4.89,6.09,5.62,6.59,6.33,7.61
7335,8.85,8.11,6.89,4.89,6.09,5.62,6.59,6.33,7.61
7336,8.85,8.11,6.89,4.89,6.09,5.62,6.59,6.33,7.61
7337,8.85,8.11,6.89,4.89,6.09,5.62,6.59,6.33,7.61
7338,8.85,8.11,6.89,4.89,6.09,5.62,6.59,6.33,7.61
7339,8.85,8.11,6.89,4.89,6.09,5.62,6.59,6.33,7.61
7340,8.85,8.11,6.89,4.89,6.09,5.62,6.59,6.33,7.61
7341,8.85,8.11,6.89,4.89,6.09,5.62,6.59,6.33,7.61
7342,8.85,8.11,6.89,4.89,6.09,5.62,6.59,6.33,7.61
7343,8.85,8.11,6.89,4.89,6.09,5.62,6.59,6.33,7.61
7344,8.85,8.11,6.89,4.89,6.09,5.62,6.59,6.33,7.61
7345,8.85,8.11,6.89,4.89,6.09,5.62,6.59,6.33,7.61
7346,8.85,8.11,6.89,4.89,6.09,5.62,6.59,6.33,7.61
7347,8.85,8.11,6.89,4.89,6.09,5.62,6.59,6.33,7.61
7348,8.85,8.11,6.89,4.89,6.09,5.62,6.59,6.33,7.61
7349,8.85,8.11,6.89,4.89,6.09,5.62,6.59,6.33,7.61
7350,8.85,8.11,6.89,4.89,6.09,5.62,6.59,6.33,7.61
7351,8.85,8.11,6.89,4.89,6.09,5.62,6.59,6.33,7.61
7352,8.85,8.11,6.89,4.89,6.09,5.62,6.59,6.33,7.61
7353,8.85,8.11,6.89,4.89,6.09,5.62,6.59,6.33,7.61
7354,8.85,8.11,6.89,4.89,6.09,5.62,6.59,6.33,7.61
7355,8.85,8.11,6.89,4.89,6.09,5.62,6.59,6.33,7.61
7356,8.85,8.11,6.89,4.89,6.09,5.62,6.59,6.33,7.61
7357,8.85,8.11,6.89,4.89,6.09,5.62,6.59,6.33,7.61
7358,8.85,8.11,6.89,4.89,6.09,5.62,6.59,6.33,7.61
7359,8.85,8.11,6.89,4.89,6.09,5.62,6.59,6.33,7.61
7360,8.85,8.11,6.89,4.89,6.09,5.62,6.59,6.33,7.61
7361,8.85,8.11,6.89,4.89,6.09,5.62,6.59,6.33,7.61
7362,8.85,8.11,6.89,4.89,6.09,5.62,6.59,6.33,7.61
7363,8.85,8.11,6.89,4.89,6.09,5.62,6.59,6.33,7.61
7364,8.85,8.11,6.89,4.89,6.09,5.62,6.59,6.33,7.61
7365,8.85,8.11,6.89,4.89,6.09,5.62,6.59,6.33,7.61
7366,8.85,8.11,6.89,4.89,6.09,5.62,6.59,6.33,7.61
7367,8.85,8.11,6.89,4.89,6.09,5.62,6.59,6.33,7.61
7368,8.85,8.11,6.89,4.89,6.09,5.62,6.59,6.33,7.61
7369,8.85,8.11,6.89,4.89,6.09,5.62,6.59,6.33,7.61
7370,8.85,8.11,6.89,4.89,6.09,5.62,6.59,6.33,7.61
7371,8.85,8.11,6.89,4.89,6.09,5.62,6.59,6.33,7.61
7372,8.85,8.11,6.89,4.89,6.09,5.62,6.59,6.33,7.61
7373,8.85,8.11,6.89,4.89,6.09,5.62,6.59,6.33,7.61
7374,8.85,8.11,6.89,4.89,6.09,5.62,6.59,6.33,7.61
7375,8.85,8.11,6.89,4.89,6.09,5.62,6.59,6.33,7.61
7376,8.85,8.11,6.89,4.89,6.09,5.62,6.59,6.33,7.61
7377,8.85,8.11,6.89,4.89,6.09,5.62,6.59,6.33,7.61
7378,8.85,8.11,6.89,4.89,6.09,5.62,6.59,6.33,7.61
7379,8.85,8.11,6.89,4.89,6.09,5.62,6.59,6.33,7.61
7380,8.85,8.11,6.89,4.89,6.09,5.62,6.59,6.33,7.61
7381,8.85,8.11,6.89,4.89,6.09,5.62,6.59,6.33,7.61
7382,8.85,8.11,6.89,4.89,6.09,5.62,6.59,6.33,7.61
7383,8.85,8.11,6.89,4.89,6.09,5.62,6.59,6.33,7.61
7384,8.85,8.11,6.89,4.89,6.09,5.62,6.59,6.33,7.61
7385,8.85,8.11,6.89,4.89,6.09,5.62,6.59,6.33,7.61
7386,8.85,8.11,6.89,4.89,6.09,5.62,6.59,6.33,7.61
7387,8.85,8.11,6.89,4.89,6.09,5.62,6.59,6.33,7.61
7388,8.85,8.11,6.89,4.89,6.09,5.62,6.59,6.33,7.61
7389,8.85,8.11,6.89,4.89,6.09,5.62,6.59,6.33,7.61
7390,8.85,8.11,6.89,4.89,6.09,5.62,6.59,6.33,7.61
7391,8.85,8.11,6.89,4.89,6.09,5.62,6.59,6.33,7.61
7392,8.85,8.11,6.89,4.89,6.09,5.62,6.59,6.33,7.61
7393,8.85,8.11,6.89,4.89,6.09,5.62,6.59,6.33,7.61
7394,8.85,8.11,6.89,4.89,6.09,5.62,6.59,6.33,7.61
7395,8.85,8.11,6.89,4.89,6.09,5.62,6.59,6.33,7.61
7396,8.85,8.11,6.89,4.89,6.09,5.62,6.59,6.33,7.61
7397,8.85,8.11,6.89,4.89,6.09,5.62,6.59,6.33,7.61
7398,8.85,8.11,6.89,4.89,6.09,5.62,6.59,6.33,7.61
7399,8.85,8.11,6.89,4.89,6.09,5.62,6.59,6.33,7.61
7400,8.85,8.11,6.89,4.89,6.09,5.62,6.59,6.33,7.61
7401,8.85,8.11,6.89,4.89,6.09,5.62,6.59,6.33,7.61
7402,8.85,8.11,6.89,4.89,6.09,5.62,6.59,6.33,7.61
7403,8.85,8.11,6.89,4.89,6.09,5.62,6.59,6.33,7.61
7404,8.85,8.11,6.89,4.89,6.09,5.62,6.59,6.33,7.61
7405,8.85,8.11,6.89,4.89,6.09,5.62,6.59,6.33,7.61
7406,8.85,8.11,6.89,4.89,6.09,5.62,6.59,6.33,7.61
7407,8.85,8.11,6.89,4.89,6.09,5.62,6.59,6.33,7.61
7408,8.85,8.11,6.89,4.89,6.09,5.62,6.59,6.33,7.61
7409,8.85,8.11,6.89,4.89,6.09,5.62,6.59,6.33,7.61
7410,8.85,8.11,6.89,4.89,6.09,5.62,6.59,6.33,7.61
7411,8.85,8.11,6.89,4.89,6.09,5.62,6.59,6.33,7.61
7412,8.85,8.11,6.89,4.89,6.09,5.62,6.59,6.33,7.61
7413,8.85,8.11,6.89,4.89,6.09,5.62,6.59,6.33,7.61
7414,8.85,8.11,6.89,4.89,6.09,5.62,6.59,6.33,7.61
7415,8.85,8.11,6.89,4.89,6.09,5.62,6.59,6.33,7.61
7416,8.85,8.11,6.89,4.89,6.09,5.62,6.59,6.33,7.61
7417,8.85,8.11,6.89,4.89,6.09,5.62,6.59,6.33,7.61
7418,8.85,8.11,6.89,4.89,6.09,5.62,6.59,6.33,7.61
7419,8.85,8.11,6.89,4.89,6.09,5.62,6.59,6.33,7.61
7420,8.85,8.11,6.89,4.89,6.09,5.62,6.59,6.33,7.61
7421,8.85,8.11,6.89,4.89,6.09,5.62,6.59,6.33,7.61
7422,8.85,8.11,6.89,4.89,6.09,5.62,6.59,6.33,7.61
7423,8.85,8.11,6.89,4.89,6.09,5.62,6.59,6.33,7.61
7424,8.85,8.11,6.89,4.89,6.09,5.62,6.59,6.33,7.61
7425,8.85,8.11,6.89,4.89,6.09,5.62,6.59,6.33,7.61
7426,8.85,8.11,6.89,4.89,6.09,5.62,6.59,6.33,7.61
7427,8.85,8.11,6.89,4.89,6.09,5.62,6.59,6.33,7.61
7428,8.85,8.11,6.89,4.89,6.09,5.62,6.59,6.33,7.61
7429,8.85,8.11,6.89,4.89,6.09,5.62,6.59,6.33,7.61
7430,8.85,8.11,6.89,4.89,6.09,5.62,6.59,6.33,7.61
7431,8.85,8.11,6.89,4.89,6.09,5.62,6.59,6.33,7.61
7432,8.85,8.11,6.89,4.89,6.09,5.62,6.59,6.33,7.61
7433,8.85,8.11,6.89,4.89,6.09,5.62,6.59,6.33,7.61
7434,8.85,8.11,6.89,4.89,6.09,5.62,6.59,6.33,7.61
7435,8.85,8.11,6.89,4.89,6.09,5.62,6.59,6.33,7.61
7436,8.85,8.11,6.89,4.89,6.09,5.62,6.59,6.33,7.61
7437,8.85,8.11,6.89,4.89,6.09,5.62,6.59,6.33,7.61
7438,8.85,8.11,6.89,4.89,6.09,5.62,6.59,6.33,7.61
7439,8.85,8.11,6.89,4.89,6.09,5.62,6.59,6.33,7.61
7440,8.85,8.11,6.89,4.89,6.09,5.62,6.59,6.33,7.61
7441,8.85,8.11,6.89,4.89,6.09,5.62,6.59,6.33,7.61
7442,8.85,8.11,6.89,4.89,6.09,5.62,6.59,6.33,7.61
7443,8.85,8.11,6.89,4.89,6.09,5.62,6.59,6.33,7.61
7444,8.85,8.11,6.89,4.89,6.09,5.62,6.59,6.33,7.61
7445,8.85,8.11,6.89,4.89,6.09,5.62,6.59,6.33,7.61
7446,8.85,8.11,6.89,4.89,6.09,5.62,6.59,6.33,7.61
7447,8.85,8.11,6.89,4.89,6.09,5.62,6.59,6.33,7.61
7448,8.85,8.11,6.89,4.89,6.09,5.62,6.59,6.33,7.61
7449,8.85,8.11,6.89,4.89,6.09,5.62,6.59,6.33,7.61
7450,8.85,8.11,6.89,4.89,6.09,5.62,6.59,6.33,7.61
7451,8.85,8.11,6.89,4.89,6.09,5.62,6.59,6.33,7.61
7452,8.85,8.11,6.89,4.89,6.09,5.62,6.59,6.33,7.61
7453,8.85,8.11,6.89,4.89,6.09,5.62,6.59,6.33,7.61
7454,8.85,8.11,6.89,4.89,6.09,5.62,6.59,6.33,7.61
7455,8.85,8.11,6.89,4.89,6.09,5.62,6.59,6.33,7.61
7456,8.85,8.11,6.89,4.89,6.09,5.62,6.59,6.33,7.61
7457,8.85,8.11,6.89,4.89,6.09,5.62,6.59,6.33,7.61
7458,8.85,8.11,6.89,4.89,6.09,5.62,6.59,6.33,7.61
7459,8.85,8.11,6.89,4.89,6.09,5.62,6.59,6.33,7.61
7460,8.85,8.11,6.89,4.89,6.09,5.62,6.59,6.33,7.61
7461,8.85,8.11,6.89,4.89,6.09,5.62,6.59,6.33,7.61
7462,8.85,8.11,6.89,4.89,6.09,5.62,6.59,6.33,7.61
7463,8.85,8.11,6.89,4.89,6.09,5.62,6.59,6.33,7.61
7464,8.85,8.11,6.89,4.89,6.09,5.62,6.59,6.33,7.61
7465,8.85,8.11,6.89,4.89,6.09,5.62,6.59,6.33,7.61
7466,8.85,8.11,6.89,4.89,6.09,5.62,6.59,6.33,7.61
7467,8.85,8.11,6.89,4.89,6.09,5.62,6.59,6.33,7.61
7468,8.85,8.11,6.89,4.89,6.09,5.62,6.59,6.33,7.61
7469,8.85,8.11,6.89,4.89,6.09,5.62,6.59,6.33,7.61
7470,8.85,8.11,6.89,4.89,6.09,5.62,6.59,6.33,7.61
7471,8.85,8.11,6.89,4.89,6.09,5.62,6.59,6.33,7.61
7472,8.85,8.11,6.89,4.89,6.09,5.62,6.59,6.33,7.61
7473,8.85,8.11,6.89,4.89,6.09,5.62,6.59,6.33,7.61
7474,8.85,8.11,6.89,4.89,6.09,5.62,6.59,6.33,7.61
7475,8.85,8.11,6.89,4.89,6.09,5.62,6.59,6.33,7.61
7476,8.85,8.11,6.89,4.89,6.09,5.62,6.59,6.33,7.61
7477,8.85,8.11,6.89,4.89,6.09,5.62,6.59,6.33,7.61
7478,8.85,8.11,6.89,4.89,6.09,5.62,6.59,6.33,7.61
7479,8.85,8.11,6.89,4.89,6.09,5.62,6.59,6.33,7.61
7480,8.85,8.11,6.89,4.89,6.09,5.62,6.59,6.33,7.61
7481,8.85,8.11,6.89,4.89,6.09,5.62,6.59,6.33,7.61
7482,8.85,8.11,6.89,4.89,6.09,5.62,6.59,6.33,7.61
7483,8.85,8.11,6.89,4.89,6.09,5.62,6.59,6.33,7.61
7484,8.85,8.11,6.89,4.89,6.09,5.62,6.59,6.33,7.61
7485,8.85,8.11,6.89,4.89,6.09,5.62,6.59,6.33,7.61
7486,8.85,8.11,6.89,4.89,6.09,5.62,6.59,6.33,7.61
7487,8.85,8.11,6.89,4.89,6.09,5.62,6.59,6.33,7.61
7488,8.85,8.11,6.89,4.89,6.09,5.62,6.59,6.33,7.61
7489,8.85,8.11,6.89,4.89,6.09,5.62,6.59,6.33,7.61
7490,8.85,8.11,6.89,4.89,6.09,5.62,6.59,6.33,7.61
7491,8.85,8.11,6.89,4.89,6.09,5.62,6.59,6.33,7.61
7492,8.85,8.11,6.89,4.89,6.09,5.62,6.59,6.33,7.61
7493,8.85,8.11,6.89,4.89,6.09,5.62,6.59,6.33,7.61
7494,8.85,8.11,6.89,4.89,6.09,5.62,6.59,6.33,7.61
7495,8.85,8.11,6.89,4.89,6.09,5.62,6.59,6.33,7.61
7496,8.85,8.11,6.89,4.89,6.09,5.62,6.59,6.33,7.61
7497,8.85,8.11,6.89,4.89,6.09,5.62,6.59,6.33,7.61
7498,8.85,8.11,6.89,4.89,6.09,5.62,6.59,6.33,7.61
7499,8.85,8.11,6.89,4.89,6.09,5.62,6.59,6.33,7.61
7500,8.85,8.11,6.89,4.89,6.09,5.62,6.59,6.33,7.61
7501,8.85,8.11,6.89,4.89,6.09,5.62,6.59,6.33,7.61
7502,8.85,8.11,6.89,4.89,6.09,5.62,6.59,6.33,7.61
7503,8.85,8.11,6.89,4.89,6.09,5.62,6.59,6.33,7.61
7504,8.85,8.11,6.89,4.89,6.09,5.62,6.59,6.33,7.61
7505,8.85,8.11,6.89,4.89,6.09,5.62,6.59,6.33,7.61
7506,8.85,8.11,6.89,4.89,6.09,5.62,6.59,6.33,7.61
7507,8.85,8.11,6.89,4.89,6.09,5.62,6.59,6.33,7.61
7508,8.85,8.11,6.89,4.89,6.09,5.62,6.59,6.33,7.61
7509,8.85,8.11,6.89,4.89,6.09,5.62,6.59,6.33,7.61
7510,8.85,8.11,6.89,4.89,6.09,5.62,6.59,6.33,7.61
7511,8.85,8.11,6.89,4.89,6.09,5.62,6.59,6.33,7.61
7512,8.85,8.11,6.89,4.89,6.09,5.62,6.59,6.33,7.61
7513,8.85,8.11,6.89,4.89,6.09,5.62,6.59,6.33,7.61
7514,8.85,8.11,6.89,4.89,6.09,5.62,6.59,6.33,7.61
7515,8.85,8.11,6.89,4.89,6.09,5.62,6.59,6.33,7.61
7516,8.85,8.11,6.89,4.89,6.09,5.62,6.59,6.33,7.61
7517,8.85,8.11,6.89,4.89,6.09,5.62,6.59,6.33,7.61
7518,8.85,8.11,6.89,4.89,6.09,5.62,6.59,6.33,7.61
7519,8.85,8.11,6.89,4.89,6.09,5.62,6.59,6.33,7.61
7520,8.85,8.11,6.89,4.89,6.09,5.62,6.59,6.33,7.61
7521,8.85,8.11,6.89,4.89,6.09,5.62,6.59,6.33,7.61
7522,8.85,8.11,6.89,4.89,6.09,5.62,6.59,6.33,7.61
7523,8.85,8.11,6.89,4.89,6.09,5.62,6.59,6.33,7.61
7524,8.85,8.11,6.89,4.89,6.09,5.62,6.59,6.33,7.61
7525,8.85,8.11,6.89,4.89,6.09,5.62,6.59,6.33,7.61
7526,8.85,8.11,6.89,4.89,6.09,5.62,6.59,6.33,7.61
7527,8.85,8.11,6.89,4.89,6.09,5.62,6.59,6.33,7.61
7528,8.85,8.11,6.89,4.89,6.09,5.62,6.59,6.33,7.61
7529,8.85,8.11,6.89,4.89,6.09,5.62,6.59,6.33,7.61
7530,8.85,8.11,6.89,4.89,6.09,5.62,6.59,6.33,7.61
7531,8.85,8.11,6.89,4.89,6.09,5.62,6.59,6.33,7.61
7532,8.85,8.11,6.89,4.89,6.09,5.62,6.59,6.33,7.61
7533,8.85,8.11,6.89,4.89,6.09,5.62,6.59,6.33,7.61
7534,8.85,8.11,6.89,4.89,6.09,5.62,6.59,6.33,7.61
7535,8.85,8.11,6.89,4.89,6.09,5.62,6.59,6.33,7.61
7536,8.85,8.11,6.89,4.89,6.09,5.62,6.59,6.33,7.61
7537,8.85,8.11,6.89,4.89,6.09,5.62,6.59,6.33,7.61
7538,8.85,8.11,6.89,4.89,6.09,5.62,6.59,6.33,7.61
7539,8.85,8.11,6.89,4.89,6.09,5.62,6.59,6.33,7.61
7540,8.85,8.11,6.89,4.89,6.09,5.62,6.59,6.33,7.61
7541,8.85,8.11,6.89,4.89,6.09,5.62,6.59,6.33,7.61
7542,8.85,8.11,6.89,4.89,6.09,5.62,6.59,6.33,7.61
7543,8.85,8.11,6.89,4.89,6.09,5.62,6.59,6.33,7.61
7544,8.85,8.11,6.89,4.89,6.09,5.62,6.59,6.33,7.61
7545,8.85,8.11,6.89,4.89,6.09,5.62,6.59,6.33,7.61
7546,8.85,8.11,6.89,4.89,6.09,5.62,6.59,6.33,7.61
7547,8.85,8.11,6.89,4.89,6.09,5.62,6.59,6.33,7.61
7548,8.85,8.11,6.89,4.89,6.09,5.62,6.59,6.33,7.61
7549,8.85,8.11,6.89,4.89,6.09,5.62,6.59,6.33,7.61
7550,8.85,8.11,6.89,4.89,6.09,5.62,6.59,6.33,7.61
7551,8.85,8.11,6.89,4.89,6.09,5.62,6.59,6.33,7.61
7552,8.85,8.11,6.89,4.89,6.09,5.62,6.59,6.33,7.61
7553,8.85,8.11,6.89,4.89,6.09,5.62,6.59,6.33,7.61
7554,8.85,8.11,6.89,4.89,6.09,5.62,6.59,6.33,7.61
7555,8.85,8.11,6.89,4.89,6.09,5.62,6.59,6.33,7.61
7556,8.85,8.11,6.89,4.89,6.09,5.62,6.59,6.33,7.61
7557,8.85,8.11,6.89,4.89,6.09,5.62,6.59,6.33,7.61
7558,8.85,8.11,6.89,4.89,6.09,5.62,6.59,6.33,7.61
7559,8.85,8.11,6.89,4.89,6.09,5.62,6.59,6.33,7.61
7560,8.85,8.11,6.89,4.89,6.09,5.62,6.59,6.33,7.61
7561,8.85,8.11,6.89,4.89,6.09,5.62,6.59,6.33,7.61
7562,8.85,8.11,6.89,4.89,6.09,5.62,6.59,6.33,7.61
7563,8.85,8.11,6.89,4.89,6.09,5.62,6.59,6.33,7.61
7564,8.85,8.11,6.89,4.89,6.09,5.62,6.59,6.33,7.61
7565,8.85,8.11,6.89,4.89,6.09,5.62,6.59,6.33,7.61
7566,8.85,8.11,6.89,4.89,6.09,5.62,6.59,6.33,7.61
7567,8.85,8.11,6.89,4.89,6.09,5.62,6.59,6.33,7.61
7568,8.85,8.11,6.89,4.89,6.09,5.62,6.59,6.33,7.61
7569,8.85,8.11,6.89,4.89,6.09,5.62,6.59,6.33,7.61
7570,8.85,8.11,6.89,4.89,6.09,5.62,6.59,6.33,7.61
7571,8.85,8.11,6.89,4.89,6.09,5.62,6.59,6.33,7.61
7572,8.85,8.11,6.89,4.89,6.09,5.62,6.59,6.33,7.61
7573,8.85,8.11,6.89,4.89,6.09,5.62,6.59,6.33,7.61
7574,8.85,8.11,6.89,4.89,6.09,5.62,6.59,6.33,7.61
7575,8.85,8.11,6.89,4.89,6.09,5.62,6.59,6.33,7.61
7576,8.85,8.11,6.89,4.89,6.09,5.62,6.59,6.33,7.61
7577,8.85,8.11,6.89,4.89,6.09,5.62,6.59,6.33,7.61
7578,8.85,8.11,6.89,4.89,6.09,5.62,6.59,6.33,7.61
7579,8.85,8.11,6.89,4.89,6.09,5.62,6.59,6.33,7.61
7580,8.85,8.11,6.89,4.89,6.09,5.62,6.59,6.33,7.61
7581,8.85,8.11,6.89,4.89,6.09,5.62,6.59,6.33,7.61
7582,8.85,8.11,6.89,4.89,6.09,5.62,6.59,6.33,7.61
7583,8.85,8.11,6.89,4.89,6.09,5.62,6.59,6.33,7.61
7584,8.85,8.11,6.89,4.89,6.09,5.62,6.59,6.33,7.61
7585,8.85,8.11,6.89,4.89,6.09,5.62,6.59,6.33,7.61
7586,8.85,8.11,6.89,4.89,6.09,5.62,6.59,6.33,7.61
7587,8.85,8.11,6.89,4.89,6.09,5.62,6.59,6.33,7.61
7588,8.85,8.11,6.89,4.89,6.09,5.62,6.59,6.33,7.61
7589,8.85,8.11,6.89,4.89,6.09,5.62,6.59,6.33,7.61
7590,8.85,8.11,6.89,4.89,6.09,5.62,6.59,6.33,7.61
7591,8.85,8.11,6.89,4.89,6.09,5.62,6.59,6.33,7.61
7592,8.85,8.11,6.89,4.89,6.09,5.62,6.59,6.33,7.61
7593,8.85,8.11,6.89,4.89,6.09,5.62,6.59,6.33,7.61
7594,8.85,8.11,6.89,4.89,6.09,5.62,6.59,6.33,7.61
7595,8.85,8.11,6.89,4.89,6.09,5.62,6.59,6.33,7.61
7596,8.85,8.11,6.89,4.89,6.09,5.62,6.59,6.33,7.61
7597,8.85,8.11,6.89,4.89,6.09,5.62,6.59,6.33,7.61
7598,8.85,8.11,6.89,4.89,6.09,5.62,6.59,6.33,7.61
7599,8.85,8.11,6.89,4.89,6.09,5.62,6.59,6.33,7.61
7600,8.85,8.11,6.89,4.89,6.09,5.62,6.59,6.33,7.61
7601,8.85,8.11,6.89,4.89,6.09,5.62,6.59,6.33,7.61
7602,8.85,8.11,6.89,4.89,6.09,5.62,6.59,6.33,7.61
7603,8.85,8.11,6.89,4.89,6.09,5.62,6.59,6.33,7.61
7604,8.85,8.11,6.89,4.89,6.09,5.62,6.59,6.33,7.61
7605,8.85,8.11,6.89,4.89,6.09,5.62,6.59,6.33,7.61
7606,8.85,8.11,6.89,4.89,6.09,5.62,6.59,6.33,7.61
7607,8.85,8.11,6.89,4.89,6.09,5.62,6.59,6.33,7.61
7608,8.85,8.11,6.89,4.89,6.09,5.62,6.59,6.33,7.61
7609,8.85,8.11,6.89,4.89,6.09,5.62,6.59,6.33,7.61
7610,8.85,8.11,6.89,4.89,6.09,5.62,6.59,6.33,7.61
7611,8.85,8.11,6.89,4.89,6.09,5.62,6.59,6.33,7.61
7612,8.85,8.11,6.89,4.89,6.09,5.62,6.59,6.33,7.61
7613,8.85,8.11,6.89,4.89,6.09,5.62,6.59,6.33,7.61
7614,8.85,8.11,6.89,4.89,6.09,5.62,6.59,6.33,7.61
7615,8.85,8.11,6.89,4.89,6.09,5.62,6.59,6.33,7.61
7616,8.85,8.11,6.89,4.89,6.09,5.62,6.59,6.33,7.61
7617,8.85,8.11,6.89,4.89,6.09,5.62,6.59,6.33,7.61
7618,8.85,8.11,6.89,4.89,6.09,5.62,6.59,6.33,7.61
7619,8.85,8.11,6.89,4.89,6.09,5.62,6.59,6.33,7.61
7620,8.85,8.11,6.89,4.89,6.09,5.62,6.59,6.33,7.61
7621,8.85,8.11,6.89,4.89,6.09,5.62,6.59,6.33,7.61
7622,8.85,8.11,6.89,4.89,6.09,5.62,6.59,6.33,7.61
7623,8.85,8.11,6.89,4.89,6.09,5.62,6.59,6.33,7.61
7624,8.85,8.11,6.89,4.89,6.09,5.62,6.59,6.33,7.61
7625,8.85,8.11,6.89,4.89,6.09,5.62,6.59,6.33,7.61
7626,8.85,8.11,6.89,4.89,6.09,5.62,6.59,6.33,7.61
7627,8.85,8.11,6.89,4.89,6.09,5.62,6.59,6.33,7.61
7628,8.85,8.11,6.89,4.89,6.09,5.62,6.59,6.33,7.61
7629,8.85,8.11,6.89,4.89,6.09,5.62,6.59,6.33,7.61
7630,8.85,8.11,6.89,4.89,6.09,5.62,6.59,6.33,7.61
7631,8.85,8.11,6.89,4.89,6.09,5.62,6.59,6.33,7.61
7632,8.85,8.11,6.89,4.89,6.09,5.62,6.59,6.33,7.61
7633,8.85,8.11,6.89,4.89,6.09,5.62,6.59,6.33,7.61
7634,8.85,8.11,6.89,4.89,6.09,5.62,6.59,6.33,7.61
7635,8.85,8.11,6.89,4.89,6.09,5.62,6.59,6.33,7.61
7636,8.85,8.11,6.89,4.89,6.09,5.62,6.59,6.33,7.61
7637,8.85,8.11,6.89,4.89,6.09,5.62,6.59,6.33,7.61
7638,8.85,8.11,6.89,4.89,6.09,5.62,6.59,6.33,7.61
7639,8.85,8.11,6.89,4.89,6.09,5.62,6.59,6.33,7.61
7640,8.85,8.11,6.89,4.89,6.09,5.62,6.59,6.33,7.61
7641,8.85,8.11,6.89,4.89,6.09,5.62,6.59,6.33,7.61
7642,8.85,8.11,6.89,4.89,6.09,5.62,6.59,6.33,7.61
7643,8.85,8.11,6.89,4.89,6.09,5.62,6.59,6.33,7.61
7644,8.85,8.11,6.89,4.89,6.09,5.62,6.59,6.33,7.61
7645,8.85,8.11,6.89,4.89,6.09,5.62,6.59,6.33,7.61
7646,8.85,8.11,6.89,4.89,6.09,5.62,6.59,6.33,7.61
7647,8.85,8.11,6.89,4.89,6.09,5.62,6.59,6.33,7.61
7648,8.85,8.11,6.89,4.89,6.09,5.62,6.59,6.33,7.61
7649,8.85,8.11,6.89,4.89,6.09,5.62,6.59,6.33,7.61
7650,8.85,8.11,6.89,4.89,6.09,5.62,6.59,6.33,7.61
7651,8.85,8.11,6.89,4.89,6.09,5.62,6.59,6.33,7.61
7652,8.85,8.11,6.89,4.89,6.09,5.62,6.59,6.33,7.61
7653,8.85,8.11,6.89,4.89,6.09,5.62,6.59,6.33,7.61
7654,8.85,8.11,6.89,4.89,6.09,5.62,6.59,6.33,7.61
7655,8.85,8.11,6.89,4.89,6.09,5.62,6.59,6.33,7.61
7656,8.85,8.11,6.89,4.89,6.09,5.62,6.59,6.33,7.61
7657,8.85,8.11,6.89,4.89,6.09,5.62,6.59,6.33,7.61
7658,8.85,8.11,6.89,4.89,6.09,5.62,6.59,6.33,7.61
7659,8.85,8.11,6.89,4.89,6.09,5.62,6.59,6.33,7.61
7660,8.85,8.11,6.89,4.89,6.09,5.62,6.59,6.33,7.61
7661,8.85,8.11,6.89,4.89,6.09,5.62,6.59,6.33,7.61
7662,8.85,8.11,6.89,4.89,6.09,5.62,6.59,6.33,7.61
7663,8.85,8.11,6.89,4.89,6.09,5.62,6.59,6.33,7.61
7664,8.85,8.11,6.89,4.89,6.09,5.62,6.59,6.33,7.61
7665,8.85,8.11,6.89,4.89,6.09,5.62,6.59,6.33,7.61
7666,8.85,8.11,6.89,4.89,6.09,5.62,6.59,6.33,7.61
7667,8.85,8.11,6.89,4.89,6.09,5.62,6.59,6.33,7.61
7668,8.85,8.11,6.89,4.89,6.09,5.62,6.59,6.33,7.61
7669,8.85,8.11,6.89,4.89,6.09,5.62,6.59,6.33,7.61
7670,8.85,8.11,6.89,4.89,6.09,5.62,6.59,6.33,7.61
7671,8.85,8.11,6.89,4.89,6.09,5.62,6.59,6.33,7.61
7672,8.85,8.11,6.89,4.89,6.09,5.62,6.59,6.33,7.61
7673,8.85,8.11,6.89,4.89,6.09,5.62,6.59,6.33,7.61
7674,8.85,8.11,6.89,4.89,6.09,5.62,6.59,6.33,7.61
7675,8.85,8.11,6.89,4.89,6.09,5.62,6.59,6.33,7.61
7676,8.85,8.11,6.89,4.89,6.09,5.62,6.59,6.33,7.61
7677,8.85,8.11,6.89,4.89,6.09,5.62,6.59,6.33,7.61
7678,8.85,8.11,6.89,4.89,6.09,5.62,6.59,6.33,7.61
7679,8.85,8.11,6.89,4.89,6.09,5.62,6.59,6.33,7.61
7680,8.85,8.11,6.89,4.89,6.09,5.62,6.59,6.33,7.61
7681,8.85,8.11,6.89,4.89,6.09,5.62,6.59,6.33,7.61
7682,8.85,8.11,6.89,4.89,6.09,5.62,6.59,6.33,7.61
7683,8.85,8.11,6.89,4.89,6.09,5.62,6.59,6.33,7.61
7684,8.85,8.11,6.89,4.89,6.09,5.62,6.59,6.33,7.61
7685,8.85,8.11,6.89,4.89,6.09,5.62,6.59,6.33,7.61
7686,8.85,8.11,6.89,4.89,6.09,5.62,6.59,6.33,7.61
7687,8.85,8.11,6.89,4.89,6.09,5.62,6.59,6.33,7.61
7688,8.85,8.11,6.89,4.89,6.09,5.62,6.59,6.33,7.61
7689,8.85,8.11,6.89,4.89,6.09,5.62,6.59,6.33,7.61
7690,8.85,8.11,6.89,4.89,6.09,5.62,6.59,6.33,7.61
7691,8.85,8.11,6.89,4.89,6.09,5.62,6.59,6.33,7.61
7692,8.85,8.11,6.89,4.89,6.09,5.62,6.59,6.33,7.61
7693,8.85,8.11,6.89,4.89,6.09,5.62,6.59,6.33,7.61
7694,8.85,8.11,6.89,4.89,6.09,5.62,6.59,6.33,7.61
7695,8.85,8.11,6.89,4.89,6.09,5.62,6.59,6.33,7.61
7696,8.85,8.11,6.89,4.89,6.09,5.62,6.59,6.33,7.61
7697,8.85,8.11,6.89,4.89,6.09,5.62,6.59,6.33,7.61
7698,8.85,8.11,6.89,4.89,6.09,5.62,6.59,6.33,7.61
7699,8.85,8.11,6.89,4.89,6.09,5.62,6.59,6.33,7.61
7700,8.85,8.11,6.89,4.89,6.09,5.62,6.59,6.33,7.61
7701,8.85,8.11,6.89,4.89,6.09,5.62,6.59,6.33,7.61
7702,8.85,8.11,6.89,4.89,6.09,5.62,6.59,6.33,7.61
7703,8.85,8.11,6.89,4.89,6.09,5.62,6.59,6.33,7.61
7704,8.85,8.11,6.89,4.89,6.09,5.62,6.59,6.33,7.61
7705,8.85,8.11,6.89,4.89,6.09,5.62,6.59,6.33,7.61
7706,8.85,8.11,6.89,4.89,6.09,5.62,6.59,6.33,7.61
7707,8.85,8.11,6.89,4.89,6.09,5.62,6.59,6.33,7.61
7708,8.85,8.11,6.89,4.89,6.09,5.62,6.59,6.33,7.61
7709,8.85,8.11,6.89,4.89,6.09,5.62,6.59,6.33,7.61
7710,8.85,8.11,6.89,4.89,6.09,5.62,6.59,6.33,7.61
7711,8.85,8.11,6.89,4.89,6.09,5.62,6.59,6.33,7.61
7712,8.85,8.11,6.89,4.89,6.09,5.62,6.59,6.33,7.61
7713,8.85,8.11,6.89,4.89,6.09,5.62,6.59,6.33,7.61
7714,8.85,8.11,6.89,4.89,6.09,5.62,6.59,6.33,7.61
7715,8.85,8.11,6.89,4.89,6.09,5.62,6.59,6.33,7.61
7716,8.85,8.11,6.89,4.89,6.09,5.62,6.59,6.33,7.61
7717,8.85,8.11,6.89,4.89,6.09,5.62,6.59,6.33,7.61
7718,8.85,8.11,6.89,4.89,6.09,5.62,6.59,6.33,7.61
7719,8.85,8.11,6.89,4.89,6.09,5.62,6.59,6.33,7.61
7720,8.85,8.11,6.89,4.89,6.09,5.62,6.59,6.33,7.61
7721,8.85,8.11,6.89,4.89,6.09,5.62,6.59,6.33,7.61
7722,8.85,8.11,6.89,4.89,6.09,5.62,6.59,6.33,7.61
7723,8.85,8.11,6.89,4.89,6.09,5.62,6.59,6.33,7.61
7724,8.85,8.11,6.89,4.89,6.09,5.62,6.59,6.33,7.61
7725,8.85,8.11,6.89,4.89,6.09,5.62,6.59,6.33,7.61
7726,8.85,8.11,6.89,4.89,6.09,5.62,6.59,6.33,7.61
7727,8.85,8.11,6.89,4.89,6.09,5.62,6.59,6.33,7.61
7728,8.85,8.11,6.89,4.89,6.09,5.62,6.59,6.33,7.61
7729,8.85,8.11,6.89,4.89,6.09,5.62,6.59,6.33,7.61
7730,8.85,8.11,6.89,4.89,6.09,5.62,6.59,6.33,7.61
7731,8.85,8.11,6.89,4.89,6.09,5.62,6.59,6.33,7.61
7732,8.85,8.11,6.89,4.89,6.09,5.62,6.59,6.33,7.61
7733,8.85,8.11,6.89,4.89,6.09,5.62,6.59,6.33,7.61
7734,8.85,8.11,6.89,4.89,6.09,5.62,6.59,6.33,7.61
7735,8.85,8.11,6.89,4.89,6.09,5.62,6.59,6.33,7.61
7736,8.85,8.11,6.89,4.89,6.09,5.62,6.59,6.33,7.61
7737,8.85,8.11,6.89,4.89,6.09,5.62,6.59,6.33,7.61
7738,8.85,8.11,6.89,4.89,6.09,5.62,6.59,6.33,7.61
7739,8.85,8.11,6.89,4.89,6.09,5.62,6.59,6.33,7.61
7740,8.85,8.11,6.89,4.89,6.09,5.62,6.59,6.33,7.61
7741,8.85,8.11,6.89,4.89,6.09,5.62,6.59,6.33,7.61
7742,8.85,8.11,6.89,4.89,6.09,5.62,6.59,6.33,7.61
7743,8.85,8.11,6.89,4.89,6.09,5.62,6.59,6.33,7.61
7744,8.85,8.11,6.89,4.89,6.09,5.62,6.59,6.33,7.61
7745,8.85,8.11,6.89,4.89,6.09,5.62,6.59,6.33,7.61
7746,8.85,8.11,6.89,4.89,6.09,5.62,6.59,6.33,7.61
7747,8.85,8.11,6.89,4.89,6.09,5.62,6.59,6.33,7.61
7748,8.85,8.11,6.89,4.89,6.09,5.62,6.59,6.33,7.61
7749,8.85,8.11,6.89,4.89,6.09,5.62,6.59,6.33,7.61
7750,8.85,8.11,6.89,4.89,6.09,5.62,6.59,6.33,7.61
7751,8.85,8.11,6.89,4.89,6.09,5.62,6.59,6.33,7.61
7752,8.85,8.11,6.89,4.89,6.09,5.62,6.59,6.33,7.61
7753,8.85,8.11,6.89,4.89,6.09,5.62,6.59,6.33,7.61
7754,8.85,8.11,6.89,4.89,6.09,5.62,6.59,6.33,7.61
7755,8.85,8.11,6.89,4.89,6.09,5.62,6.59,6.33,7.61
7756,8.85,8.11,6.89,4.89,6.09,5.62,6.59,6.33,7.61
7757,8.85,8.11,6.89,4.89,6.09,5.62,6.59,6.33,7.61
7758,8.85,8.11,6.89,4.89,6.09,5.62,6.59,6.33,7.61
7759,8.85,8.11,6.89,4.89,6.09,5.62,6.59,6.33,7.61
7760,8.85,8.11,6.89,4.89,6.09,5.62,6.59,6.33,7.61
7761,8.85,8.11,6.89,4.89,6.09,5.62,6.59,6.33,7.61
7762,8.85,8.11,6.89,4.89,6.09,5.62,6.59,6.33,7.61
7763,8.85,8.11,6.89,4.89,6.09,5.62,6.59,6.33,7.61
7764,8.85,8.11,6.89,4.89,6.09,5.62,6.59,6.33,7.61
7765,8.85,8.11,6.89,4.89,6.09,5.62,6.59,6.33,7.61
7766,8.85,8.11,6.89,4.89,6.09,5.62,6.59,6.33,7.61
7767,8.85,8.11,6.89,4.89,6.09,5.62,6.59,6.33,7.61
7768,8.85,8.11,6.89,4.89,6.09,5.62,6.59,6.33,7.61
7769,8.85,8.11,6.89,4.89,6.09,5.62,6.59,6.33,7.61
7770,8.85,8.11,6.89,4.89,6.09,5.62,6.59,6.33,7.61
7771,8.85,8.11,6.89,4.89,6.09,5.62,6.59,6.33,7.61
7772,8.85,8.11,6.89,4.89,6.09,5.62,6.59,6.33,7.61
7773,8.85,8.11,6.89,4.89,6.09,5.62,6.59,6.33,7.61
7774,8.85,8.11,6.89,4.89,6.09,5.62,6.59,6.33,7.61
7775,8.85,8.11,6.89,4.89,6.09,5.62,6.59,6.33,7.61
7776,8.85,8.11,6.89,4.89,6.09,5.62,6.59,6.33,7.61
7777,8.85,8.11,6.89,4.89,6.09,5.62,6.59,6.33,7.61
7778,8.85,8.11,6.89,4.89,6.09,5.62,6.59,6.33,7.61
7779,8.85,8.11,6.89,4.89,6.09,5.62,6.59,6.33,7.61
7780,8.85,8.11,6.89,4.89,6.09,5.62,6.59,6.33,7.61
7781,8.85,8.11,6.89,4.89,6.09,5.62,6.59,6.33,7.61
7782,8.85,8.11,6.89,4.89,6.09,5.62,6.59,6.33,7.61
7783,8.85,8.11,6.89,4.89,6.09,5.62,6.59,6.33,7.61
7784,8.85,8.11,6.89,4.89,6.09,5.62,6.59,6.33,7.61
7785,8.85,8.11,6.89,4.89,6.09,5.62,6.59,6.33,7.61
7786,8.85,8.11,6.89,4.89,6.09,5.62,6.59,6.33,7.61
7787,8.85,8.11,6.89,4.89,6.09,5.62,6.59,6.33,7.61
7788,8.85,8.11,6.89,4.89,6.09,5.62,6.59,6.33,7.61
7789,8.85,8.11,6.89,4.89,6.09,5.62,6.59,6.33,7.61
7790,8.85,8.11,6.89,4.89,6.09,5.62,6.59,6.33,7.61
7791,8.85,8.11,6.89,4.89,6.09,5.62,6.59,6.33,7.61
7792,8.85,8.11,6.89,4.89,6.09,5.62,6.59,6.33,7.61
7793,8.85,8.11,6.89,4.89,6.09,5.62,6.59,6.33,7.61
7794,8.85,8.11,6.89,4.89,6.09,5.62,6.59,6.33,7.61
7795,8.85,8.11,6.89,4.89,6.09,5.62,6.59,6.33,7.61
7796,8.85,8.11,6.89,4.89,6.09,5.62,6.59,6.33,7.61
7797,8.85,8.11,6.89,4.89,6.09,5.62,6.59,6.33,7.61
7798,8.85,8.11,6.89,4.89,6.09,5.62,6.59,6.33,7.61
7799,8.85,8.11,6.89,4.89,6.09,5.62,6.59,6.33,7.61
7800,8.85,8.11,6.89,4.89,6.09,5.62,6.59,6.33,7.61
7801,8.85,8.11,6.89,4.89,6.09,5.62,6.59,6.33,7.61
7802,8.85,8.11,6.89,4.89,6.09,5.62,6.59,6.33,7.61
7803,8.85,8.11,6.89,4.89,6.09,5.62,6.59,6.33,7.61
7804,8.85,8.11,6.89,4.89,6.09,5.62,6.59,6.33,7.61
7805,8.85,8.11,6.89,4.89,6.09,5.62,6.59,6.33,7.61
7806,8.85,8.11,6.89,4.89,6.09,5.62,6.59,6.33,7.61
7807,8.85,8.11,6.89,4.89,6.09,5.62,6.59,6.33,7.61
7808,8.85,8.11,6.89,4.89,6.09,5.62,6.59,6.33,7.61
7809,8.85,8.11,6.89,4.89,6.09,5.62,6.59,6.33,7.61
7810,8.85,8.11,6.89,4.89,6.09,5.62,6.59,6.33,7.61
7811,8.85,8.11,6.89,4.89,6.09,5.62,6.59,6.33,7.61
7812,8.85,8.11,6.89,4.89,6.09,5.62,6.59,6.33,7.61
7813,8.85,8.11,6.89,4.89,6.09,5.62,6.59,6.33,7.61
7814,8.85,8.11,6.89,4.89,6.09,5.62,6.59,6.33,7.61
7815,8.85,8.11,6.89,4.89,6.09,5.62,6.59,6.33,7.61
7816,8.85,8.11,6.89,4.89,6.09,5.62,6.59,6.33,7.61
7817,8.85,8.11,6.89,4.89,6.09,5.62,6.59,6.33,7.61
7818,8.85,8.11,6.89,4.89,6.09,5.62,6.59,6.33,7.61
7819,8.85,8.11,6.89,4.89,6.09,5.62,6.59,6.33,7.61
7820,8.85,8.11,6.89,4.89,6.09,5.62,6.59,6.33,7.61
7821,8.85,8.11,6.89,4.89,6.09,5.62,6.59,6.33,7.61
7822,8.85,8.11,6.89,4.89,6.09,5.62,6.59,6.33,7.61
7823,8.85,8.11,6.89,4.89,6.09,5.62,6.59,6.33,7.61
7824,8.85,8.11,6.89,4.89,6.09,5.62,6.59,6.33,7.61
7825,8.85,8.11,6.89,4.89,6.09,5.62,6.59,6.33,7.61
7826,8.85,8.11,6.89,4.89,6.09,5.62,6.59,6.33,7.61
7827,8.85,8.11,6.89,4.89,6.09,5.62,6.59,6.33,7.61
7828,8.85,8.11,6.89,4.89,6.09,5.62,6.59,6.33,7.61
7829,8.85,8.11,6.89,4.89,6.09,5.62,6.59,6.33,7.61
7830,8.85,8.11,6.89,4.89,6.09,5.62,6.59,6.33,7.61
7831,8.85,8.11,6.89,4.89,6.09,5.62,6.59,6.33,7.61
7832,8.85,8.11,6.89,4.89,6.09,5.62,6.59,6.33,7.61
7833,8.85,8.11,6.89,4.89,6.09,5.62,6.59,6.33,7.61
7834,8.85,8.11,6.89,4.89,6.09,5.62,6.59,6.33,7.61
7835,8.85,8.11,6.89,4.89,6.09,5.62,6.59,6.33,7.61
7836,8.85,8.11,6.89,4.89,6.09,5.62,6.59,6.33,7.61
7837,8.85,8.11,6.89,4.89,6.09,5.62,6.59,6.33,7.61
7838,8.85,8.11,6.89,4.89,6.09,5.62,6.59,6.33,7.61
7839,8.85,8.11,6.89,4.89,6.09,5.62,6.59,6.33,7.61
7840,8.85,8.11,6.89,4.89,6.09,5.62,6.59,6.33,7.61
7841,8.85,8.11,6.89,4.89,6.09,5.62,6.59,6.33,7.61
7842,8.85,8.11,6.89,4.89,6.09,5.62,6.59,6.33,7.61
7843,8.85,8.11,6.89,4.89,6.09,5.62,6.59,6.33,7.61
7844,8.85,8.11,6.89,4.89,6.09,5.62,6.59,6.33,7.61
7845,8.85,8.11,6.89,4.89,6.09,5.62,6.59,6.33,7.61
7846,8.85,8.11,6.89,4.89,6.09,5.62,6.59,6.33,7.61
7847,8.85,8.11,6.89,4.89,6.09,5.62,6.59,6.33,7.61
7848,8.85,8.11,6.89,4.89,6.09,5.62,6.59,6.33,7.61
7849,8.85,8.11,6.89,4.89,6.09,5.62,6.59,6.33,7.61
7850,8.85,8.11,6.89,4.89,6.09,5.62,6.59,6.33,7.61
7851,8.85,8.11,6.89,4.89,6.09,5.62,6.59,6.33,7.61
7852,8.85,8.11,6.89,4.89,6.09,5.62,6.59,6.33,7.61
7853,8.85,8.11,6.89,4.89,6.09,5.62,6.59,6.33,7.61
7854,8.85,8.11,6.89,4.89,6.09,5.62,6.59,6.33,7.61
7855,8.85,8.11,6.89,4.89,6.09,5.62,6.59,6.33,7.61
7856,8.85,8.11,6.89,4.89,6.09,5.62,6.59,6.33,7.61
7857,8.85,8.11,6.89,4.89,6.09,5.62,6.59,6.33,7.61
7858,8.85,8.11,6.89,4.89,6.09,5.62,6.59,6.33,7.61
7859,8.85,8.11,6.89,4.89,6.09,5.62,6.59,6.33,7.61
7860,8.85,8.11,6.89,4.89,6.09,5.62,6.59,6.33,7.61
7861,8.85,8.11,6.89,4.89,6.09,5.62,6.59,6.33,7.61
7862,8.85,8.11,6.89,4.89,6.09,5.62,6.59,6.33,7.61
7863,8.85,8.11,6.89,4.89,6.09,5.62,6.59,6.33,7.61
7864,8.85,8.11,6.89,4.89,6.09,5.62,6.59,6.33,7.61
7865,8.85,8.11,6.89,4.89,6.09,5.62,6.59,6.33,7.61
7866,8.85,8.11,6.89,4.89,6.09,5.62,6.59,6.33,7.61
7867,8.85,8.11,6.89,4.89,6.09,5.62,6.59,6.33,7.61
7868,8.85,8.11,6.89,4.89,6.09,5.62,6.59,6.33,7.61
7869,8.85,8.11,6.89,4.89,6.09,5.62,6.59,6.33,7.61
7870,8.85,8.11,6.89,4.89,6.09,5.62,6.59,6.33,7.61
7871,8.85,8.11,6.89,4.89,6.09,5.62,6.59,6.33,7.61
7872,8.85,8.11,6.89,4.89,6.09,5.62,6.59,6.33,7.61
7873,8.85,8.11,6.89,4.89,6.09,5.62,6.59,6.33,7.61
7874,8.85,8.11,6.89,4.89,6.09,5.62,6.59,6.33,7.61
7875,8.85,8.11,6.89,4.89,6.09,5.62,6.59,6.33,7.61
7876,8.85,8.11,6.89,4.89,6.09,5.62,6.59,6.33,7.61
7877,8.85,8.11,6.89,4.89,6.09,5.62,6.59,6.33,7.61
7878,8.85,8.11,6.89,4.89,6.09,5.62,6.59,6.33,7.61
7879,8.85,8.11,6.89,4.89,6.09,5.62,6.59,6.33,7.61
7880,8.85,8.11,6.89,4.89,6.09,5.62,6.59,6.33,7.61
7881,8.85,8.11,6.89,4.89,6.09,5.62,6.59,6.33,7.61
7882,8.85,8.11,6.89,4.89,6.09,5.62,6.59,6.33,7.61
7883,8.85,8.11,6.89,4.89,6.09,5.62,6.59,6.33,7.61
7884,8.85,8.11,6.89,4.89,6.09,5.62,6.59,6.33,7.61
7885,8.85,8.11,6.89,4.89,6.09,5.62,6.59,6.33,7.61
7886,8.85,8.11,6.89,4.89,6.09,5.62,6.59,6.33,7.61
7887,8.85,8.11,6.89,4.89,6.09,5.62,6.59,6.33,7.61
7888,8.85,8.11,6.89,4.89,6.09,5.62,6.59,6.33,7.61
7889,8.85,8.11,6.89,4.89,6.09,5.62,6.59,6.33,7.61
7890,8.85,8.11,6.89,4.89,6.09,5.62,6.59,6.33,7.61
7891,8.85,8.11,6.89,4.89,6.09,5.62,6.59,6.33,7.61
7892,8.85,8.11,6.89,4.89,6.09,5.62,6.59,6.33,7.61
7893,8.85,8.11,6.89,4.89,6.09,5.62,6.59,6.33,7.61
7894,8.85,8.11,6.89,4.89,6.09,5.62,6.59,6.33,7.61
7895,8.85,8.11,6.89,4.89,6.09,5.62,6.59,6.33,7.61
7896,8.85,8.11,6.89,4.89,6.09,5.62,6.59,6.33,7.61
7897,8.85,8.11,6.89,4.89,6.09,5.62,6.59,6.33,7.61
7898,8.85,8.11,6.89,4.89,6.09,5.62,6.59,6.33,7.61
7899,8.85,8.11,6.89,4.89,6.09,5.62,6.59,6.33,7.61
7900,8.85,8.11,6.89,4.89,6.09,5.62,6.59,6.33,7.61
7901,8.85,8.11,6.89,4.89,6.09,5.62,6.59,6.33,7.61
7902,8.85,8.11,6.89,4.89,6.09,5.62,6.59,6.33,7.61
7903,8.85,8.11,6.89,4.89,6.09,5.62,6.59,6.33,7.61
7904,8.85,8.11,6.89,4.89,6.09,5.62,6.59,6.33,7.61
7905,8.85,8.11,6.89,4.89,6.09,5.62,6.59,6.33,7.61
7906,8.85,8.11,6.89,4.89,6.09,5.62,6.59,6.33,7.61
7907,8.85,8.11,6.89,4.89,6.09,5.62,6.59,6.33,7.61
7908,8.85,8.11,6.89,4.89,6.09,5.62,6.59,6.33,7.61
7909,8.85,8.11,6.89,4.89,6.09,5.62,6.59,6.33,7.61
7910,8.85,8.11,6.89,4.89,6.09,5.62,6.59,6.33,7.61
7911,8.85,8.11,6.89,4.89,6.09,5.62,6.59,6.33,7.61
7912,8.85,8.11,6.89,4.89,6.09,5.62,6.59,6.33,7.61
7913,8.85,8.11,6.89,4.89,6.09,5.62,6.59,6.33,7.61
7914,8.85,8.11,6.89,4.89,6.09,5.62,6.59,6.33,7.61
7915,8.85,8.11,6.89,4.89,6.09,5.62,6.59,6.33,7.61
7916,8.85,8.11,6.89,4.89,6.09,5.62,6.59,6.33,7.61
7917,8.85,8.11,6.89,4.89,6.09,5.62,6.59,6.33,7.61
7918,8.85,8.11,6.89,4.89,6.09,5.62,6.59,6.33,7.61
7919,8.85,8.11,6.89,4.89,6.09,5.62,6.59,6.33,7.61
7920,8.85,8.11,6.89,4.89,6.09,5.62,6.59,6.33,7.61
7921,8.85,8.11,6.89,4.89,6.09,5.62,6.59,6.33,7.61
7922,8.85,8.11,6.89,4.89,6.09,5.62,6.59,6.33,7.61
7923,8.85,8.11,6.89,4.89,6.09,5.62,6.59,6.33,7.61
7924,8.85,8.11,6.89,4.89,6.09,5.62,6.59,6.33,7.61
7925,8.85,8.11,6.89,4.89,6.09,5.62,6.59,6.33,7.61
7926,8.85,8.11,6.89,4.89,6.09,5.62,6.59,6.33,7.61
7927,8.85,8.11,6.89,4.89,6.09,5.62,6.59,6.33,7.61
7928,8.85,8.11,6.89,4.89,6.09,5.62,6.59,6.33,7.61
7929,8.85,8.11,6.89,4.89,6.09,5.62,6.59,6.33,7.61
7930,8.85,8.11,6.89,4.89,6.09,5.62,6.59,6.33,7.61
7931,8.85,8.11,6.89,4.89,6.09,5.62,6.59,6.33,7.61
7932,8.85,8.11,6.89,4.89,6.09,5.62,6.59,6.33,7.61
7933,8.85,8.11,6.89,4.89,6.09,5.62,6.59,6.33,7.61
7934,8.85,8.11,6.89,4.89,6.09,5.62,6.59,6.33,7.61
7935,8.85,8.11,6.89,4.89,6.09,5.62,6.59,6.33,7.61
7936,8.85,8.11,6.89,4.89,6.09,5.62,6.59,6.33,7.61
7937,8.85,8.11,6.89,4.89,6.09,5.62,6.59,6.33,7.61
7938,8.85,8.11,6.89,4.89,6.09,5.62,6.59,6.33,7.61
7939,8.85,8.11,6.89,4.89,6.09,5.62,6.59,6.33,7.61
7940,8.85,8.11,6.89,4.89,6.09,5.62,6.59,6.33,7.61
7941,8.85,8.11,6.89,4.89,6.09,5.62,6.59,6.33,7.61
7942,8.85,8.11,6.89,4.89,6.09,5.62,6.59,6.33,7.61
7943,8.85,8.11,6.89,4.89,6.09,5.62,6.59,6.33,7.61
7944,8.85,8.11,6.89,4.89,6.09,5.62,6.59,6.33,7.61
7945,8.85,8.11,6.89,4.89,6.09,5.62,6.59,6.33,7.61
7946,8.85,8.11,6.89,4.89,6.09,5.62,6.59,6.33,7.61
7947,8.85,8.11,6.89,4.89,6.09,5.62,6.59,6.33,7.61
7948,8.85,8.11,6.89,4.89,6.09,5.62,6.59,6.33,7.61
7949,8.85,8.11,6.89,4.89,6.09,5.62,6.59,6.33,7.61
7950,8.85,8.11,6.89,4.89,6.09,5.62,6.59,6.33,7.61
7951,8.85,8.11,6.89,4.89,6.09,5.62,6.59,6.33,7.61
7952,8.85,8.11,6.89,4.89,6.09,5.62,6.59,6.33,7.61
7953,8.85,8.11,6.89,4.89,6.09,5.62,6.59,6.33,7.61
7954,8.85,8.11,6.89,4.89,6.09,5.62,6.59,6.33,7.61
7955,8.85,8.11,6.89,4.89,6.09,5.62,6.59,6.33,7.61
7956,8.85,8.11,6.89,4.89,6.09,5.62,6.59,6.33,7.61
7957,8.85,8.11,6.89,4.89,6.09,5.62,6.59,6.33,7.61
7958,8.85,8.11,6.89,4.89,6.09,5.62,6.59,6.33,7.61
7959,8.85,8.11,6.89,4.89,6.09,5.62,6.59,6.33,7.61
7960,8.85,8.11,6.89,4.89,6.09,5.62,6.59,6.33,7.61
7961,8.85,8.11,6.89,4.89,6.09,5.62,6.59,6.33,7.61
7962,8.85,8.11,6.89,4.89,6.09,5.62,6.59,6.33,7.61
7963,8.85,8.11,6.89,4.89,6.09,5.62,6.59,6.33,7.61
7964,8.85,8.11,6.89,4.89,6.09,5.62,6.59,6.33,7.61
7965,8.85,8.11,6.89,4.89,6.09,5.62,6.59,6.33,7.61
7966,8.85,8.11,6.89,4.89,6.09,5.62,6.59,6.33,7.61
7967,8.85,8.11,6.89,4.89,6.09,5.62,6.59,6.33,7.61
7968,8.85,8.11,6.89,4.89,6.09,5.62,6.59,6.33,7.61
7969,8.85,8.11,6.89,4.89,6.09,5.62,6.59,6.33,7.61
7970,8.85,8.11,6.89,4.89,6.09,5.62,6.59,6.33,7.61
7971,8.85,8.11,6.89,4.89,6.09,5.62,6.59,6.33,7.61
7972,8.85,8.11,6.89,4.89,6.09,5.62,6.59,6.33,7.61
7973,8.85,8.11,6.89,4.89,6.09,5.62,6.59,6.33,7.61
7974,8.85,8.11,6.89,4.89,6.09,5.62,6.59,6.33,7.61
7975,8.85,8.11,6.89,4.89,6.09,5.62,6.59,6.33,7.61
7976,8.85,8.11,6.89,4.89,6.09,5.62,6.59,6.33,7.61
7977,8.85,8.11,6.89,4.89,6.09,5.62,6.59,6.33,7.61
7978,8.85,8.11,6.89,4.89,6.09,5.62,6.59,6.33,7.61
7979,8.85,8.11,6.89,4.89,6.09,5.62,6.59,6.33,7.61
7980,8.85,8.11,6.89,4.89,6.09,5.62,6.59,6.33,7.61
7981,8.85,8.11,6.89,4.89,6.09,5.62,6.59,6.33,7.61
7982,8.85,8.11,6.89,4.89,6.09,5.62,6.59,6.33,7.61
7983,8.85,8.11,6.89,4.89,6.09,5.62,6.59,6.33,7.61
7984,8.85,8.11,6.89,4.89,6.09,5.62,6.59,6.33,7.61
7985,8.85,8.11,6.89,4.89,6.09,5.62,6.59,6.33,7.61
7986,8.85,8.11,6.89,4.89,6.09,5.62,6.59,6.33,7.61
7987,8.85,8.11,6.89,4.89,6.09,5.62,6.59,6.33,7.61
7988,8.85,8.11,6.89,4.89,6.09,5.62,6.59,6.33,7.61
7989,8.85,8.11,6.89,4.89,6.09,5.62,6.59,6.33,7.61
7990,8.85,8.11,6.89,4.89,6.09,5.62,6.59,6.33,7.61
7991,8.85,8.11,6.89,4.89,6.09,5.62,6.59,6.33,7.61
7992,8.85,8.11,6.89,4.89,6.09,5.62,6.59,6.33,7.61
7993,8.85,8.11,6.89,4.89,6.09,5.62,6.59,6.33,7.61
7994,8.85,8.11,6.89,4.89,6.09,5.62,6.59,6.33,7.61
7995,8.85,8.11,6.89,4.89,6.09,5.62,6.59,6.33,7.61
7996,8.85,8.11,6.89,4.89,6.09,5.62,6.59,6.33,7.61
7997,8.85,8.11,6.89,4.89,6.09,5.62,6.59,6.33,7.61
7998,8.85,8.11,6.89,4.89,6.09,5.62,6.59,6.33,7.61
7999,8.85,8.11,6.89,4.89,6.09,5.62,6.59,6.33,7.61
8000,8.85,8.11,6.89,4.89,6.09,5.62,6.59,6.33,7.61
8001,8.85,8.11,6.89,4.89,6.09,5.62,6.59,6.33,7.61
8002,8.85,8.11,6.89,4.89,6.09,5.62,6.59,6.33,7.61
8003,8.85,8.11,6.89,4.89,6.09,5.62,6.59,6.33,7.61
8004,8.85,8.11,6.89,4.89,6.09,5.62,6.59,6.33,7.61
8005,8.85,8.11,6.89,4.89,6.09,5.62,6.59,6.33,7.61
8006,8.85,8.11,6.89,4.89,6.09,5.62,6.59,6.33,7.61
8007,8.85,8.11,6.89,4.89,6.09,5.62,6.59,6.33,7.61
8008,8.85,8.11,6.89,4.89,6.09,5.62,6.59,6.33,7.61
8009,8.85,8.11,6.89,4.89,6.09,5.62,6.59,6.33,7.61
8010,8.85,8.11,6.89,4.89,6.09,5.62,6.59,6.33,7.61
8011,8.85,8.11,6.89,4.89,6.09,5.62,6.59,6.33,7.61
8012,8.85,8.11,6.89,4.89,6.09,5.62,6.59,6.33,7.61
8013,8.85,8.11,6.89,4.89,6.09,5.62,6.59,6.33,7.61
8014,8.85,8.11,6.89,4.89,6.09,5.62,6.59,6.33,7.61
8015,8.85,8.11,6.89,4.89,6.09,5.62,6.59,6.33,7.61
8016,8.85,8.11,6.89,4.89,6.09,5.62,6.59,6.33,7.61
8017,8.85,8.11,6.89,4.89,6.09,5.62,6.59,6.33,7.61
8018,8.85,8.11,6.89,4.89,6.09,5.62,6.59,6.33,7.61
8019,8.85,8.11,6.89,4.89,6.09,5.62,6.59,6.33,7.61
8020,8.85,8.11,6.89,4.89,6.09,5.62,6.59,6.33,7.61
8021,8.85,8.11,6.89,4.89,6.09,5.62,6.59,6.33,7.61
8022,8.85,8.11,6.89,4.89,6.09,5.62,6.59,6.33,7.61
8023,8.85,8.11,6.89,4.89,6.09,5.62,6.59,6.33,7.61
8024,8.85,8.11,6.89,4.89,6.09,5.62,6.59,6.33,7.61
8025,8.85,8.11,6.89,4.89,6.09,5.62,6.59,6.33,7.61
8026,8.85,8.11,6.89,4.89,6.09,5.62,6.59,6.33,7.61
8027,8.85,8.11,6.89,4.89,6.09,5.62,6.59,6.33,7.61
8028,8.85,8.11,6.89,4.89,6.09,5.62,6.59,6.33,7.61
8029,8.85,8.11,6.89,4.89,6.09,5.62,6.59,6.33,7.61
8030,8.85,8.11,6.89,4.89,6.09,5.62,6.59,6.33,7.61
8031,8.85,8.11,6.89,4.89,6.09,5.62,6.59,6.33,7.61
8032,8.85,8.11,6.89,4.89,6.09,5.62,6.59,6.33,7.61
8033,8.85,8.11,6.89,4.89,6.09,5.62,6.59,6.33,7.61
8034,8.85,8.11,6.89,4.89,6.09,5.62,6.59,6.33,7.61
8035,8.85,8.11,6.89,4.89,6.09,5.62,6.59,6.33,7.61
8036,8.85,8.11,6.89,4.89,6.09,5.62,6.59,6.33,7.61
8037,8.85,8.11,6.89,4.89,6.09,5.62,6.59,6.33,7.61
8038,8.85,8.11,6.89,4.89,6.09,5.62,6.59,6.33,7.61
8039,8.85,8.11,6.89,4.89,6.09,5.62,6.59,6.33,7.61
8040,8.85,8.11,6.89,4.89,6.09,5.62,6.59,6.33,7.61
8041,8.85,8.11,6.89,4.89,6.09,5.62,6.59,6.33,7.61
8042,8.85,8.11,6.89,4.89,6.09,5.62,6.59,6.33,7.61
8043,8.85,8.11,6.89,4.89,6.09,5.62,6.59,6.33,7.61
8044,8.85,8.11,6.89,4.89,6.09,5.62,6.59,6.33,7.61
8045,8.85,8.11,6.89,4.89,6.09,5.62,6.59,6.33,7.61
8046,8.85,8.11,6.89,4.89,6.09,5.62,6.59,6.33,7.61
8047,8.85,8.11,6.89,4.89,6.09,5.62,6.59,6.33,7.61
8048,8.85,8.11,6.89,4.89,6.09,5.62,6.59,6.33,7.61
8049,8.85,8.11,6.89,4.89,6.09,5.62,6.59,6.33,7.61
8050,8.85,8.11,6.89,4.89,6.09,5.62,6.59,6.33,7.61
8051,8.85,8.11,6.89,4.89,6.09,5.62,6.59,6.33,7.61
8052,8.85,8.11,6.89,4.89,6.09,5.62,6.59,6.33,7.61
8053,8.85,8.11,6.89,4.89,6.09,5.62,6.59,6.33,7.61
8054,8.85,8.11,6.89,4.89,6.09,5.62,6.59,6.33,7.61
8055,8.85,8.11,6.89,4.89,6.09,5.62,6.59,6.33,7.61
8056,8.85,8.11,6.89,4.89,6.09,5.62,6.59,6.33,7.61
8057,8.85,8.11,6.89,4.89,6.09,5.62,6.59,6.33,7.61
8058,8.85,8.11,6.89,4.89,6.09,5.62,6.59,6.33,7.61
8059,8.85,8.11,6.89,4.89,6.09,5.62,6.59,6.33,7.61
8060,8.85,8.11,6.89,4.89,6.09,5.62,6.59,6.33,7.61
8061,8.85,8.11,6.89,4.89,6.09,5.62,6.59,6.33,7.61
8062,8.85,8.11,6.89,4.89,6.09,5.62,6.59,6.33,7.61
8063,8.85,8.11,6.89,4.89,6.09,5.62,6.59,6.33,7.61
8064,8.85,8.11,6.89,4.89,6.09,5.62,6.59,6.33,7.61
8065,8.85,8.11,6.89,4.89,6.09,5.62,6.59,6.33,7.61
8066,8.85,8.11,6.89,4.89,6.09,5.62,6.59,6.33,7.61
8067,8.85,8.11,6.89,4.89,6.09,5.62,6.59,6.33,7.61
8068,8.85,8.11,6.89,4.89,6.09,5.62,6.59,6.33,7.61
8069,8.85,8.11,6.89,4.89,6.09,5.62,6.59,6.33,7.61
8070,8.85,8.11,6.89,4.89,6.09,5.62,6.59,6.33,7.61
8071,8.85,8.11,6.89,4.89,6.09,5.62,6.59,6.33,7.61
8072,8.85,8.11,6.89,4.89,6.09,5.62,6.59,6.33,7.61
8073,8.85,8.11,6.89,4.89,6.09,5.62,6.59,6.33,7.61
8074,8.85,8.11,6.89,4.89,6.09,5.62,6.59,6.33,7.61
8075,8.85,8.11,6.89,4.89,6.09,5.62,6.59,6.33,7.61
8076,8.85,8.11,6.89,4.89,6.09,5.62,6.59,6.33,7.61
8077,8.85,8.11,6.89,4.89,6.09,5.62,6.59,6.33,7.61
8078,8.85,8.11,6.89,4.89,6.09,5.62,6.59,6.33,7.61
8079,8.85,8.11,6.89,4.89,6.09,5.62,6.59,6.33,7.61
8080,8.85,8.11,6.89,4.89,6.09,5.62,6.59,6.33,7.61
8081,8.85,8.11,6.89,4.89,6.09,5.62,6.59,6.33,7.61
8082,8.85,8.11,6.89,4.89,6.09,5.62,6.59,6.33,7.61
8083,8.85,8.11,6.89,4.89,6.09,5.62,6.59,6.33,7.61
8084,8.85,8.11,6.89,4.89,6.09,5.62,6.59,6.33,7.61
8085,8.85,8.11,6.89,4.89,6.09,5.62,6.59,6.33,7.61
8086,8.85,8.11,6.89,4.89,6.09,5.62,6.59,6.33,7.61
8087,8.85,8.11,6.89,4.89,6.09,5.62,6.59,6.33,7.61
8088,8.85,8.11,6.89,4.89,6.09,5.62,6.59,6.33,7.61
8089,8.85,8.11,6.89,4.89,6.09,5.62,6.59,6.33,7.61
8090,8.85,8.11,6.89,4.89,6.09,5.62,6.59,6.33,7.61
8091,8.85,8.11,6.89,4.89,6.09,5.62,6.59,6.33,7.61
8092,8.85,8.11,6.89,4.89,6.09,5.62,6.59,6.33,7.61
8093,8.85,8.11,6.89,4.89,6.09,5.62,6.59,6.33,7.61
8094,8.85,8.11,6.89,4.89,6.09,5.62,6.59,6.33,7.61
8095,8.85,8.11,6.89,4.89,6.09,5.62,6.59,6.33,7.61
8096,8.85,8.11,6.89,4.89,6.09,5.62,6.59,6.33,7.61
8097,8.85,8.11,6.89,4.89,6.09,5.62,6.59,6.33,7.61
8098,8.85,8.11,6.89,4.89,6.09,5.62,6.59,6.33,7.61
8099,8.85,8.11,6.89,4.89,6.09,5.62,6.59,6.33,7.61
8100,8.85,8.11,6.89,4.89,6.09,5.62,6.59,6.33,7.61
8101,8.85,8.11,6.89,4.89,6.09,5.62,6.59,6.33,7.61
8102,8.85,8.11,6.89,4.89,6.09,5.62,6.59,6.33,7.61
8103,8.85,8.11,6.89,4.89,6.09,5.62,6.59,6.33,7.61
8104,8.85,8.11,6.89,4.89,6.09,5.62,6.59,6.33,7.61
8105,8.85,8.11,6.89,4.89,6.09,5.62,6.59,6.33,7.61
8106,8.85,8.11,6.89,4.89,6.09,5.62,6.59,6.33,7.61
8107,8.85,8.11,6.89,4.89,6.09,5.62,6.59,6.33,7.61
8108,8.85,8.11,6.89,4.89,6.09,5.62,6.59,6.33,7.61
8109,8.85,8.11,6.89,4.89,6.09,5.62,6.59,6.33,7.61
8110,8.85,8.11,6.89,4.89,6.09,5.62,6.59,6.33,7.61
8111,8.85,8.11,6.89,4.89,6.09,5.62,6.59,6.33,7.61
8112,8.85,8.11,6.89,4.89,6.09,5.62,6.59,6.33,7.61
8113,8.85,8.11,6.89,4.89,6.09,5.62,6.59,6.33,7.61
8114,8.85,8.11,6.89,4.89,6.09,5.62,6.59,6.33,7.61
8115,8.85,8.11,6.89,4.89,6.09,5.62,6.59,6.33,7.61
8116,8.85,8.11,6.89,4.89,6.09,5.62,6.59,6.33,7.61
8117,8.85,8.11,6.89,4.89,6.09,5.62,6.59,6.33,7.61
8118,8.85,8.11,6.89,4.89,6.09,5.62,6.59,6.33,7.61
8119,8.85,8.11,6.89,4.89,6.09,5.62,6.59,6.33,7.61
8120,8.85,8.11,6.89,4.89,6.09,5.62,6.59,6.33,7.61
8121,8.85,8.11,6.89,4.89,6.09,5.62,6.59,6.33,7.61
8122,8.85,8.11,6.89,4.89,6.09,5.62,6.59,6.33,7.61
8123,8.85,8.11,6.89,4.89,6.09,5.62,6.59,6.33,7.61
8124,8.85,8.11,6.89,4.89,6.09,5.62,6.59,6.33,7.61
8125,8.85,8.11,6.89,4.89,6.09,5.62,6.59,6.33,7.61
8126,8.85,8.11,6.89,4.89,6.09,5.62,6.59,6.33,7.61
8127,8.85,8.11,6.89,4.89,6.09,5.62,6.59,6.33,7.61
8128,8.85,8.11,6.89,4.89,6.09,5.62,6.59,6.33,7.61
8129,8.85,8.11,6.89,4.89,6.09,5.62,6.59,6.33,7.61
8130,8.85,8.11,6.89,4.89,6.09,5.62,6.59,6.33,7.61
8131,8.85,8.11,6.89,4.89,6.09,5.62,6.59,6.33,7.61
8132,8.85,8.11,6.89,4.89,6.09,5.62,6.59,6.33,7.61
8133,8.85,8.11,6.89,4.89,6.09,5.62,6.59,6.33,7.61
8134,8.85,8.11,6.89,4.89,6.09,5.62,6.59,6.33,7.61
8135,8.85,8.11,6.89,4.89,6.09,5.62,6.59,6.33,7.61
8136,8.85,8.11,6.89,4.89,6.09,5.62,6.59,6.33,7.61
8137,8.85,8.11,6.89,4.89,6.09,5.62,6.59,6.33,7.61
8138,8.85,8.11,6.89,4.89,6.09,5.62,6.59,6.33,7.61
8139,8.85,8.11,6.89,4.89,6.09,5.62,6.59,6.33,7.61
8140,8.85,8.11,6.89,4.89,6.09,5.62,6.59,6.33,7.61
8141,8.85,8.11,6.89,4.89,6.09,5.62,6.59,6.33,7.61
8142,8.85,8.11,6.89,4.89,6.09,5.62,6.59,6.33,7.61
8143,8.85,8.11,6.89,4.89,6.09,5.62,6.59,6.33,7.61
8144,8.85,8.11,6.89,4.89,6.09,5.62,6.59,6.33,7.61
8145,8.85,8.11,6.89,4.89,6.09,5.62,6.59,6.33,7.61
8146,8.85,8.11,6.89,4.89,6.09,5.62,6.59,6.33,7.61
8147,8.85,8.11,6.89,4.89,6.09,5.62,6.59,6.33,7.61
8148,8.85,8.11,6.89,4.89,6.09,5.62,6.59,6.33,7.61
8149,8.85,8.11,6.89,4.89,6.09,5.62,6.59,6.33,7.61
8150,8.85,8.11,6.89,4.89,6.09,5.62,6.59,6.33,7.61
8151,8.85,8.11,6.89,4.89,6.09,5.62,6.59,6.33,7.61
8152,8.85,8.11,6.89,4.89,6.09,5.62,6.59,6.33,7.61
8153,8.85,8.11,6.89,4.89,6.09,5.62,6.59,6.33,7.61
8154,8.85,8.11,6.89,4.89,6.09,5.62,6.59,6.33,7.61
8155,8.85,8.11,6.89,4.89,6.09,5.62,6.59,6.33,7.61
8156,8.85,8.11,6.89,4.89,6.09,5.62,6.59,6.33,7.61
8157,8.85,8.11,6.89,4.89,6.09,5.62,6.59,6.33,7.61
8158,8.85,8.11,6.89,4.89,6.09,5.62,6.59,6.33,7.61
8159,8.85,8.11,6.89,4.89,6.09,5.62,6.59,6.33,7.61
8160,8.85,8.11,6.89,4.89,6.09,5.62,6.59,6.33,7.61
8161,8.85,8.11,6.89,4.89,6.09,5.62,6.59,6.33,7.61
8162,8.85,8.11,6.89,4.89,6.09,5.62,6.59,6.33,7.61
8163,8.85,8.11,6.89,4.89,6.09,5.62,6.59,6.33,7.61
8164,8.85,8.11,6.89,4.89,6.09,5.62,6.59,6.33,7.61
8165,8.85,8.11,6.89,4.89,6.09,5.62,6.59,6.33,7.61
8166,8.85,8.11,6.89,4.89,6.09,5.62,6.59,6.33,7.61
8167,8.85,8.11,6.89,4.89,6.09,5.62,6.59,6.33,7.61
8168,8.85,8.11,6.89,4.89,6.09,5.62,6.59,6.33,7.61
8169,8.85,8.11,6.89,4.89,6.09,5.62,6.59,6.33,7.61
8170,8.85,8.11,6.89,4.89,6.09,5.62,6.59,6.33,7.61
8171,8.85,8.11,6.89,4.89,6.09,5.62,6.59,6.33,7.61
8172,8.85,8.11,6.89,4.89,6.09,5.62,6.59,6.33,7.61
8173,8.85,8.11,6.89,4.89,6.09,5.62,6.59,6.33,7.61
8174,8.85,8.11,6.89,4.89,6.09,5.62,6.59,6.33,7.61
8175,8.85,8.11,6.89,4.89,6.09,5.62,6.59,6.33,7.61
8176,8.85,8.11,6.89,4.89,6.09,5.62,6.59,6.33,7.61
8177,8.85,8.11,6.89,4.89,6.09,5.62,6.59,6.33,7.61
8178,8.85,8.11,6.89,4.89,6.09,5.62,6.59,6.33,7.61
8179,8.85,8.11,6.89,4.89,6.09,5.62,6.59,6.33,7.61
8180,8.85,8.11,6.89,4.89,6.09,5.62,6.59,6.33,7.61
8181,8.85,8.11,6.89,4.89,6.09,5.62,6.59,6.33,7.61
8182,8.85,8.11,6.89,4.89,6.09,5.62,6.59,6.33,7.61
8183,8.85,8.11,6.89,4.89,6.09,5.62,6.59,6.33,7.61
8184,8.85,8.11,6.89,4.89,6.09,5.62,6.59,6.33,7.61
8185,8.85,8.11,6.89,4.89,6.09,5.62,6.59,6.33,7.61
8186,8.85,8.11,6.89,4.89,6.09,5.62,6.59,6.33,7.61
8187,8.85,8.11,6.89,4.89,6.09,5.62,6.59,6.33,7.61
8188,8.85,8.11,6.89,4.89,6.09,5.62,6.59,6.33,7.61
8189,8.85,8.11,6.89,4.89,6.09,5.62,6.59,6.33,7.61
8190,8.85,8.11,6.89,4.89,6.09,5.62,6.59,6.33,7.61
8191,8.85,8.11,6.89,4.89,6.09,5.62,6.59,6.33,7.61
8192,8.85,8.11,6.89,4.89,6.09,5.62,6.59,6.33,7.61
8193,8.85,8.11,6.89,4.89,6.09,5.62,6.59,6.33,7.61
8194,8.85,8.11,6.89,4.89,6.09,5.62,6.59,6.33,7.61
8195,8.85,8.11,6.89,4.89,6.09,5.62,6.59,6.33,7.61
8196,8.85,8.11,6.89,4.89,6.09,5.62,6.59,6.33,7.61
8197,8.85,8.11,6.89,4.89,6.09,5.62,6.59,6.33,7.61
8198,8.85,8.11,6.89,4.89,6.09,5.62,6.59,6.33,7.61
8199,8.85,8.11,6.89,4.89,6.09,5.62,6.59,6.33,7.61
8200,8.85,8.11,6.89,4.89,6.09,5.62,6.59,6.33,7.61
8201,8.85,8.11,6.89,4.89,6.09,5.62,6.59,6.33,7.61
8202,8.85,8.11,6.89,4.89,6.09,5.62,6.59,6.33,7.61
8203,8.85,8.11,6.89,4.89,6.09,5.62,6.59,6.33,7.61
8204,8.85,8.11,6.89,4.89,6.09,5.62,6.59,6.33,7.61
8205,8.85,8.11,6.89,4.89,6.09,5.62,6.59,6.33,7.61
8206,8.85,8.11,6.89,4.89,6.09,5.62,6.59,6.33,7.61
8207,8.85,8.11,6.89,4.89,6.09,5.62,6.59,6.33,7.61
8208,8.85,8.11,6.89,4.89,6.09,5.62,6.59,6.33,7.61
8209,8.85,8.11,6.89,4.89,6.09,5.62,6.59,6.33,7.61
8210,8.85,8.11,6.89,4.89,6.09,5.62,6.59,6.33,7.61
8211,8.85,8.11,6.89,4.89,6.09,5.62,6.59,6.33,7.61
8212,8.85,8.11,6.89,4.89,6.09,5.62,6.59,6.33,7.61
8213,8.85,8.11,6.89,4.89,6.09,5.62,6.59,6.33,7.61
8214,8.85,8.11,6.89,4.89,6.09,5.62,6.59,6.33,7.61
8215,8.85,8.11,6.89,4.89,6.09,5.62,6.59,6.33,7.61
8216,8.85,8.11,6.89,4.89,6.09,5.62,6.59,6.33,7.61
8217,8.85,8.11,6.89,4.89,6.09,5.62,6.59,6.33,7.61
8218,8.85,8.11,6.89,4.89,6.09,5.62,6.59,6.33,7.61
8219,8.85,8.11,6.89,4.89,6.09,5.62,6.59,6.33,7.61
8220,8.85,8.11,6.89,4.89,6.09,5.62,6.59,6.33,7.61
8221,8.85,8.11,6.89,4.89,6.09,5.62,6.59,6.33,7.61
8222,8.85,8.11,6.89,4.89,6.09,5.62,6.59,6.33,7.61
8223,8.85,8.11,6.89,4.89,6.09,5.62,6.59,6.33,7.61
8224,8.85,8.11,6.89,4.89,6.09,5.62,6.59,6.33,7.61
8225,8.85,8.11,6.89,4.89,6.09,5.62,6.59,6.33,7.61
8226,8.85,8.11,6.89,4.89,6.09,5.62,6.59,6.33,7.61
8227,8.85,8.11,6.89,4.89,6.09,5.62,6.59,6.33,7.61
8228,8.85,8.11,6.89,4.89,6.09,5.62,6.59,6.33,7.61
8229,8.85,8.11,6.89,4.89,6.09,5.62,6.59,6.33,7.61
8230,8.85,8.11,6.89,4.89,6.09,5.62,6.59,6.33,7.61
8231,8.85,8.11,6.89,4.89,6.09,5.62,6.59,6.33,7.61
8232,8.85,8.11,6.89,4.89,6.09,5.62,6.59,6.33,7.61
8233,8.85,8.11,6.89,4.89,6.09,5.62,6.59,6.33,7.61
8234,8.85,8.11,6.89,4.89,6.09,5.62,6.59,6.33,7.61
8235,8.85,8.11,6.89,4.89,6.09,5.62,6.59,6.33,7.61
8236,8.85,8.11,6.89,4.89,6.09,5.62,6.59,6.33,7.61
8237,8.85,8.11,6.89,4.89,6.09,5.62,6.59,6.33,7.61
8238,8.85,8.11,6.89,4.89,6.09,5.62,6.59,6.33,7.61
8239,8.85,8.11,6.89,4.89,6.09,5.62,6.59,6.33,7.61
8240,8.85,8.11,6.89,4.89,6.09,5.62,6.59,6.33,7.61
8241,8.85,8.11,6.89,4.89,6.09,5.62,6.59,6.33,7.61
8242,8.85,8.11,6.89,4.89,6.09,5.62,6.59,6.33,7.61
8243,8.85,8.11,6.89,4.89,6.09,5.62,6.59,6.33,7.61
8244,8.85,8.11,6.89,4.89,6.09,5.62,6.59,6.33,7.61
8245,8.85,8.11,6.89,4.89,6.09,5.62,6.59,6.33,7.61
8246,8.85,8.11,6.89,4.89,6.09,5.62,6.59,6.33,7.61
8247,8.85,8.11,6.89,4.89,6.09,5.62,6.59,6.33,7.61
8248,8.85,8.11,6.89,4.89,6.09,5.62,6.59,6.33,7.61
8249,8.85,8.11,6.89,4.89,6.09,5.62,6.59,6.33,7.61
8250,8.85,8.11,6.89,4.89,6.09,5.62,6.59,6.33,7.61
8251,8.85,8.11,6.89,4.89,6.09,5.62,6.59,6.33,7.61
8252,8.85,8.11,6.89,4.89,6.09,5.62,6.59,6.33,7.61
8253,8.85,8.11,6.89,4.89,6.09,5.62,6.59,6.33,7.61
8254,8.85,8.11,6.89,4.89,6.09,5.62,6.59,6.33,7.61
8255,8.85,8.11,6.89,4.89,6.09,5.62,6.59,6.33,7.61
8256,8.85,8.11,6.89,4.89,6.09,5.62,6.59,6.33,7.61
8257,8.85,8.11,6.89,4.89,6.09,5.62,6.59,6.33,7.61
8258,8.85,8.11,6.89,4.89,6.09,5.62,6.59,6.33,7.61
8259,8.85,8.11,6.89,4.89,6.09,5.62,6.59,6.33,7.61
8260,8.85,8.11,6.89,4.89,6.09,5.62,6.59,6.33,7.61
8261,8.85,8.11,6.89,4.89,6.09,5.62,6.59,6.33,7.61
8262,8.85,8.11,6.89,4.89,6.09,5.62,6.59,6.33,7.61
8263,8.85,8.11,6.89,4.89,6.09,5.62,6.59,6.33,7.61
8264,8.85,8.11,6.89,4.89,6.09,5.62,6.59,6.33,7.61
8265,8.85,8.11,6.89,4.89,6.09,5.62,6.59,6.33,7.61
8266,8.85,8.11,6.89,4.89,6.09,5.62,6.59,6.33,7.61
8267,8.85,8.11,6.89,4.89,6.09,5.62,6.59,6.33,7.61
8268,8.85,8.11,6.89,4.89,6.09,5.62,6.59,6.33,7.61
8269,8.85,8.11,6.89,4.89,6.09,5.62,6.59,6.33,7.61
8270,8.85,8.11,6.89,4.89,6.09,5.62,6.59,6.33,7.61
8271,8.85,8.11,6.89,4.89,6.09,5.62,6.59,6.33,7.61
8272,8.85,8.11,6.89,4.89,6.09,5.62,6.59,6.33,7.61
8273,8.85,8.11,6.89,4.89,6.09,5.62,6.59,6.33,7.61
8274,8.85,8.11,6.89,4.89,6.09,5.62,6.59,6.33,7.61
8275,8.85,8.11,6.89,4.89,6.09,5.62,6.59,6.33,7.61
8276,8.85,8.11,6.89,4.89,6.09,5.62,6.59,6.33,7.61
8277,8.85,8.11,6.89,4.89,6.09,5.62,6.59,6.33,7.61
8278,8.85,8.11,6.89,4.89,6.09,5.62,6.59,6.33,7.61
8279,8.85,8.11,6.89,4.89,6.09,5.62,6.59,6.33,7.61
8280,8.85,8.11,6.89,4.89,6.09,5.62,6.59,6.33,7.61
8281,8.85,8.11,6.89,4.89,6.09,5.62,6.59,6.33,7.61
8282,8.85,8.11,6.89,4.89,6.09,5.62,6.59,6.33,7.61
8283,8.85,8.11,6.89,4.89,6.09,5.62,6.59,6.33,7.61
8284,8.85,8.11,6.89,4.89,6.09,5.62,6.59,6.33,7.61
8285,8.85,8.11,6.89,4.89,6.09,5.62,6.59,6.33,7.61
8286,8.85,8.11,6.89,4.89,6.09,5.62,6.59,6.33,7.61
8287,8.85,8.11,6.89,4.89,6.09,5.62,6.59,6.33,7.61
8288,8.85,8.11,6.89,4.89,6.09,5.62,6.59,6.33,7.61
8289,8.85,8.11,6.89,4.89,6.09,5.62,6.59,6.33,7.61
8290,8.85,8.11,6.89,4.89,6.09,5.62,6.59,6.33,7.61
8291,8.85,8.11,6.89,4.89,6.09,5.62,6.59,6.33,7.61
8292,8.85,8.11,6.89,4.89,6.09,5.62,6.59,6.33,7.61
8293,8.85,8.11,6.89,4.89,6.09,5.62,6.59,6.33,7.61
8294,8.85,8.11,6.89,4.89,6.09,5.62,6.59,6.33,7.61
8295,8.85,8.11,6.89,4.89,6.09,5.62,6.59,6.33,7.61
8296,8.85,8.11,6.89,4.89,6.09,5.62,6.59,6.33,7.61
8297,8.85,8.11,6.89,4.89,6.09,5.62,6.59,6.33,7.61
8298,8.85,8.11,6.89,4.89,6.09,5.62,6.59,6.33,7.61
8299,8.85,8.11,6.89,4.89,6.09,5.62,6.59,6.33,7.61
8300,8.85,8.11,6.89,4.89,6.09,5.62,6.59,6.33,7.61
8301,8.85,8.11,6.89,4.89,6.09,5.62,6.59,6.33,7.61
8302,8.85,8.11,6.89,4.89,6.09,5.62,6.59,6.33,7.61
8303,8.85,8.11,6.89,4.89,6.09,5.62,6.59,6.33,7.61
8304,8.85,8.11,6.89,4.89,6.09,5.62,6.59,6.33,7.61
8305,8.85,8.11,6.89,4.89,6.09,5.62,6.59,6.33,7.61
8306,8.85,8.11,6.89,4.89,6.09,5.62,6.59,6.33,7.61
8307,8.85,8.11,6.89,4.89,6.09,5.62,6.59,6.33,7.61
8308,8.85,8.11,6.89,4.89,6.09,5.62,6.59,6.33,7.61
8309,8.85,8.11,6.89,4.89,6.09,5.62,6.59,6.33,7.61
8310,8.85,8.11,6.89,4.89,6.09,5.62,6.59,6.33,7.61
8311,8.85,8.11,6.89,4.89,6.09,5.62,6.59,6.33,7.61
8312,8.85,8.11,6.89,4.89,6.09,5.62,6.59,6.33,7.61
8313,8.85,8.11,6.89,4.89,6.09,5.62,6.59,6.33,7.61
8314,8.85,8.11,6.89,4.89,6.09,5.62,6.59,6.33,7.61
8315,8.85,8.11,6.89,4.89,6.09,5.62,6.59,6.33,7.61
8316,8.85,8.11,6.89,4.89,6.09,5.62,6.59,6.33,7.61
8317,8.85,8.11,6.89,4.89,6.09,5.62,6.59,6.33,7.61
8318,8.85,8.11,6.89,4.89,6.09,5.62,6.59,6.33,7.61
8319,8.85,8.11,6.89,4.89,6.09,5.62,6.59,6.33,7.61
8320,8.85,8.11,6.89,4.89,6.09,5.62,6.59,6.33,7.61
8321,8.85,8.11,6.89,4.89,6.09,5.62,6.59,6.33,7.61
8322,8.85,8.11,6.89,4.89,6.09,5.62,6.59,6.33,7.61
8323,8.85,8.11,6.89,4.89,6.09,5.62,6.59,6.33,7.61
8324,8.85,8.11,6.89,4.89,6.09,5.62,6.59,6.33,7.61
8325,8.85,8.11,6.89,4.89,6.09,5.62,6.59,6.33,7.61
8326,8.85,8.11,6.89,4.89,6.09,5.62,6.59,6.33,7.61
8327,8.85,8.11,6.89,4.89,6.09,5.62,6.59,6.33,7.61
8328,8.85,8.11,6.89,4.89,6.09,5.62,6.59,6.33,7.61
8329,8.85,8.11,6.89,4.89,6.09,5.62,6.59,6.33,7.61
8330,8.85,8.11,6.89,4.89,6.09,5.62,6.59,6.33,7.61
8331,8.85,8.11,6.89,4.89,6.09,5.62,6.59,6.33,7.61
8332,8.85,8.11,6.89,4.89,6.09,5.62,6.59,6.33,7.61
8333,8.85,8.11,6.89,4.89,6.09,5.62,6.59,6.33,7.61
8334,8.85,8.11,6.89,4.89,6.09,5.62,6.59,6.33,7.61
8335,8.85,8.11,6.89,4.89,6.09,5.62,6.59,6.33,7.61
8336,8.85,8.11,6.89,4.89,6.09,5.62,6.59,6.33,7.61
8337,8.85,8.11,6.89,4.89,6.09,5.62,6.59,6.33,7.61
8338,8.85,8.11,6.89,4.89,6.09,5.62,6.59,6.33,7.61
8339,8.85,8.11,6.89,4.89,6.09,5.62,6.59,6.33,7.61
8340,8.85,8.11,6.89,4.89,6.09,5.62,6.59,6.33,7.61
8341,8.85,8.11,6.89,4.89,6.09,5.62,6.59,6.33,7.61
8342,8.85,8.11,6.89,4.89,6.09,5.62,6.59,6.33,7.61
8343,8.85,8.11,6.89,4.89,6.09,5.62,6.59,6.33,7.61
8344,8.85,8.11,6.89,4.89,6.09,5.62,6.59,6.33,7.61
8345,8.85,8.11,6.89,4.89,6.09,5.62,6.59,6.33,7.61
8346,8.85,8.11,6.89,4.89,6.09,5.62,6.59,6.33,7.61
8347,8.85,8.11,6.89,4.89,6.09,5.62,6.59,6.33,7.61
8348,8.85,8.11,6.89,4.89,6.09,5.62,6.59,6.33,7.61
8349,8.85,8.11,6.89,4.89,6.09,5.62,6.59,6.33,7.61
8350,8.85,8.11,6.89,4.89,6.09,5.62,6.59,6.33,7.61
8351,8.85,8.11,6.89,4.89,6.09,5.62,6.59,6.33,7.61
8352,8.85,8.11,6.89,4.89,6.09,5.62,6.59,6.33,7.61
8353,8.85,8.11,6.89,4.89,6.09,5.62,6.59,6.33,7.61
8354,8.85,8.11,6.89,4.89,6.09,5.62,6.59,6.33,7.61
8355,8.85,8.11,6.89,4.89,6.09,5.62,6.59,6.33,7.61
8356,8.85,8.11,6.89,4.89,6.09,5.62,6.59,6.33,7.61
8357,8.85,8.11,6.89,4.89,6.09,5.62,6.59,6.33,7.61
8358,8.85,8.11,6.89,4.89,6.09,5.62,6.59,6.33,7.61
8359,8.85,8.11,6.89,4.89,6.09,5.62,6.59,6.33,7.61
8360,8.85,8.11,6.89,4.89,6.09,5.62,6.59,6.33,7.61
8361,8.85,8.11,6.89,4.89,6.09,5.62,6.59,6.33,7.61
8362,8.85,8.11,6.89,4.89,6.09,5.62,6.59,6.33,7.61
8363,8.85,8.11,6.89,4.89,6.09,5.62,6.59,6.33,7.61
8364,8.85,8.11,6.89,4.89,6.09,5.62,6.59,6.33,7.61
8365,8.85,8.11,6.89,4.89,6.09,5.62,6.59,6.33,7.61
8366,8.85,8.11,6.89,4.89,6.09,5.62,6.59,6.33,7.61
8367,8.85,8.11,6.89,4.89,6.09,5.62,6.59,6.33,7.61
8368,8.85,8.11,6.89,4.89,6.09,5.62,6.59,6.33,7.61
8369,8.85,8.11,6.89,4.89,6.09,5.62,6.59,6.33,7.61
8370,8.85,8.11,6.89,4.89,6.09,5.62,6.59,6.33,7.61
8371,8.85,8.11,6.89,4.89,6.09,5.62,6.59,6.33,7.61
8372,8.85,8.11,6.89,4.89,6.09,5.62,6.59,6.33,7.61
8373,8.85,8.11,6.89,4.89,6.09,5.62,6.59,6.33,7.61
8374,8.85,8.11,6.89,4.89,6.09,5.62,6.59,6.33,7.61
8375,8.85,8.11,6.89,4.89,6.09,5.62,6.59,6.33,7.61
8376,8.85,8.11,6.89,4.89,6.09,5.62,6.59,6.33,7.61
8377,8.85,8.11,6.89,4.89,6.09,5.62,6.59,6.33,7.61
8378,8.85,8.11,6.89,4.89,6.09,5.62,6.59,6.33,7.61
8379,8.85,8.11,6.89,4.89,6.09,5.62,6.59,6.33,7.61
8380,8.85,8.11,6.89,4.89,6.09,5.62,6.59,6.33,7.61
8381,8.85,8.11,6.89,4.89,6.09,5.62,6.59,6.33,7.61
8382,8.85,8.11,6.89,4.89,6.09,5.62,6.59,6.33,7.61
8383,8.85,8.11,6.89,4.89,6.09,5.62,6.59,6.33,7.61
8384,8.85,8.11,6.89,4.89,6.09,5.62,6.59,6.33,7.61
8385,8.85,8.11,6.89,4.89,6.09,5.62,6.59,6.33,7.61
8386,8.85,8.11,6.89,4.89,6.09,5.62,6.59,6.33,7.61
8387,8.85,8.11,6.89,4.89,6.09,5.62,6.59,6.33,7.61
8388,8.85,8.11,6.89,4.89,6.09,5.62,6.59,6.33,7.61
8389,8.85,8.11,6.89,4.89,6.09,5.62,6.59,6.33,7.61
8390,8.85,8.11,6.89,4.89,6.09,5.62,6.59,6.33,7.61
8391,8.85,8.11,6.89,4.89,6.09,5.62,6.59,6.33,7.61
8392,8.85,8.11,6.89,4.89,6.09,5.62,6.59,6.33,7.61
8393,8.85,8.11,6.89,4.89,6.09,5.62,6.59,6.33,7.61
8394,8.85,8.11,6.89,4.89,6.09,5.62,6.59,6.33,7.61
8395,8.85,8.11,6.89,4.89,6.09,5.62,6.59,6.33,7.61
8396,8.85,8.11,6.89,4.89,6.09,5.62,6.59,6.33,7.61
8397,8.85,8.11,6.89,4.89,6.09,5.62,6.59,6.33,7.61
8398,8.85,8.11,6.89,4.89,6.09,5.62,6.59,6.33,7.61
8399,8.85,8.11,6.89,4.89,6.09,5.62,6.59,6.33,7.61
8400,8.85,8.11,6.89,4.89,6.09,5.62,6.59,6.33,7.61
8401,8.85,8.11,6.89,4.89,6.09,5.62,6.59,6.33,7.61
8402,8.85,8.11,6.89,4.89,6.09,5.62,6.59,6.33,7.61
8403,8.85,8.11,6.89,4.89,6.09,5.62,6.59,6.33,7.61
8404,8.85,8.11,6.89,4.89,6.09,5.62,6.59,6.33,7.61
8405,8.85,8.11,6.89,4.89,6.09,5.62,6.59,6.33,7.61
8406,8.85,8.11,6.89,4.89,6.09,5.62,6.59,6.33,7.61
8407,8.85,8.11,6.89,4.89,6.09,5.62,6.59,6.33,7.61
8408,8.85,8.11,6.89,4.89,6.09,5.62,6.59,6.33,7.61
8409,8.85,8.11,6.89,4.89,6.09,5.62,6.59,6.33,7.61
8410,8.85,8.11,6.89,4.89,6.09,5.62,6.59,6.33,7.61
8411,8.85,8.11,6.89,4.89,6.09,5.62,6.59,6.33,7.61
8412,8.85,8.11,6.89,4.89,6.09,5.62,6.59,6.33,7.61
8413,8.85,8.11,6.89,4.89,6.09,5.62,6.59,6.33,7.61
8414,8.85,8.11,6.89,4.89,6.09,5.62,6.59,6.33,7.61
8415,8.85,8.11,6.89,4.89,6.09,5.62,6.59,6.33,7.61
8416,8.85,8.11,6.89,4.89,6.09,5.62,6.59,6.33,7.61
8417,8.85,8.11,6.89,4.89,6.09,5.62,6.59,6.33,7.61
8418,8.85,8.11,6.89,4.89,6.09,5.62,6.59,6.33,7.61
8419,8.85,8.11,6.89,4.89,6.09,5.62,6.59,6.33,7.61
8420,8.85,8.11,6.89,4.89,6.09,5.62,6.59,6.33,7.61
8421,8.85,8.11,6.89,4.89,6.09,5.62,6.59,6.33,7.61
8422,8.85,8.11,6.89,4.89,6.09,5.62,6.59,6.33,7.61
8423,8.85,8.11,6.89,4.89,6.09,5.62,6.59,6.33,7.61
8424,8.85,8.11,6.89,4.89,6.09,5.62,6.59,6.33,7.61
8425,8.85,8.11,6.89,4.89,6.09,5.62,6.59,6.33,7.61
8426,8.85,8.11,6.89,4.89,6.09,5.62,6.59,6.33,7.61
8427,8.85,8.11,6.89,4.89,6.09,5.62,6.59,6.33,7.61
8428,8.85,8.11,6.89,4.89,6.09,5.62,6.59,6.33,7.61
8429,8.85,8.11,6.89,4.89,6.09,5.62,6.59,6.33,7.61
8430,8.85,8.11,6.89,4.89,6.09,5.62,6.59,6.33,7.61
8431,8.85,8.11,6.89,4.89,6.09,5.62,6.59,6.33,7.61
8432,8.85,8.11,6.89,4.89,6.09,5.62,6.59,6.33,7.61
8433,8.85,8.11,6.89,4.89,6.09,5.62,6.59,6.33,7.61
8434,8.85,8.11,6.89,4.89,6.09,5.62,6.59,6.33,7.61
8435,8.85,8.11,6.89,4.89,6.09,5.62,6.59,6.33,7.61
8436,8.85,8.11,6.89,4.89,6.09,5.62,6.59,6.33,7.61
8437,8.85,8.11,6.89,4.89,6.09,5.62,6.59,6.33,7.61
8438,8.85,8.11,6.89,4.89,6.09,5.62,6.59,6.33,7.61
8439,8.85,8.11,6.89,4.89,6.09,5.62,6.59,6.33,7.61
8440,8.85,8.11,6.89,4.89,6.09,5.62,6.59,6.33,7.61
8441,8.85,8.11,6.89,4.89,6.09,5.62,6.59,6.33,7.61
8442,8.85,8.11,6.89,4.89,6.09,5.62,6.59,6.33,7.61
8443,8.85,8.11,6.89,4.89,6.09,5.62,6.59,6.33,7.61
8444,8.85,8.11,6.89,4.89,6.09,5.62,6.59,6.33,7.61
8445,8.85,8.11,6.89,4.89,6.09,5.62,6.59,6.33,7.61
8446,8.85,8.11,6.89,4.89,6.09,5.62,6.59,6.33,7.61
8447,8.85,8.11,6.89,4.89,6.09,5.62,6.59,6.33,7.61
8448,8.85,8.11,6.89,4.89,6.09,5.62,6.59,6.33,7.61
8449,8.85,8.11,6.89,4.89,6.09,5.62,6.59,6.33,7.61
8450,8.85,8.11,6.89,4.89,6.09,5.62,6.59,6.33,7.61
8451,8.85,8.11,6.89,4.89,6.09,5.62,6.59,6.33,7.61
8452,8.85,8.11,6.89,4.89,6.09,5.62,6.59,6.33,7.61
8453,8.85,8.11,6.89,4.89,6.09,5.62,6.59,6.33,7.61
8454,8.85,8.11,6.89,4.89,6.09,5.62,6.59,6.33,7.61
8455,8.85,8.11,6.89,4.89,6.09,5.62,6.59,6.33,7.61
8456,8.85,8.11,6.89,4.89,6.09,5.62,6.59,6.33,7.61
8457,8.85,8.11,6.89,4.89,6.09,5.62,6.59,6.33,7.61
8458,8.85,8.11,6.89,4.89,6.09,5.62,6.59,6.33,7.61
8459,8.85,8.11,6.89,4.89,6.09,5.62,6.59,6.33,7.61
8460,8.85,8.11,6.89,4.89,6.09,5.62,6.59,6.33,7.61
8461,8.85,8.11,6.89,4.89,6.09,5.62,6.59,6.33,7.61
8462,8.85,8.11,6.89,4.89,6.09,5.62,6.59,6.33,7.61
8463,8.85,8.11,6.89,4.89,6.09,5.62,6.59,6.33,7.61
8464,8.85,8.11,6.89,4.89,6.09,5.62,6.59,6.33,7.61
8465,8.85,8.11,6.89,4.89,6.09,5.62,6.59,6.33,7.61
8466,8.85,8.11,6.89,4.89,6.09,5.62,6.59,6.33,7.61
8467,8.85,8.11,6.89,4.89,6.09,5.62,6.59,6.33,7.61
8468,8.85,8.11,6.89,4.89,6.09,5.62,6.59,6.33,7.61
8469,8.85,8.11,6.89,4.89,6.09,5.62,6.59,6.33,7.61
8470,8.85,8.11,6.89,4.89,6.09,5.62,6.59,6.33,7.61
8471,8.85,8.11,6.89,4.89,6.09,5.62,6.59,6.33,7.61
8472,8.85,8.11,6.89,4.89,6.09,5.62,6.59,6.33,7.61
8473,8.85,8.11,6.89,4.89,6.09,5.62,6.59,6.33,7.61
8474,8.85,8.11,6.89,4.89,6.09,5.62,6.59,6.33,7.61
8475,8.85,8.11,6.89,4.89,6.09,5.62,6.59,6.33,7.61
8476,8.85,8.11,6.89,4.89,6.09,5.62,6.59,6.33,7.61
8477,8.85,8.11,6.89,4.89,6.09,5.62,6.59,6.33,7.61
8478,8.85,8.11,6.89,4.89,6.09,5.62,6.59,6.33,7.61
8479,8.85,8.11,6.89,4.89,6.09,5.62,6.59,6.33,7.61
8480,8.85,8.11,6.89,4.89,6.09,5.62,6.59,6.33,7.61
8481,8.85,8.11,6.89,4.89,6.09,5.62,6.59,6.33,7.61
8482,8.85,8.11,6.89,4.89,6.09,5.62,6.59,6.33,7.61
8483,8.85,8.11,6.89,4.89,6.09,5.62,6.59,6.33,7.61
8484,8.85,8.11,6.89,4.89,6.09,5.62,6.59,6.33,7.61
8485,8.85,8.11,6.89,4.89,6.09,5.62,6.59,6.33,7.61
8486,8.85,8.11,6.89,4.89,6.09,5.62,6.59,6.33,7.61
8487,8.85,8.11,6.89,4.89,6.09,5.62,6.59,6.33,7.61
8488,8.85,8.11,6.89,4.89,6.09,5.62,6.59,6.33,7.61
8489,8.85,8.11,6.89,4.89,6.09,5.62,6.59,6.33,7.61
8490,8.85,8.11,6.89,4.89,6.09,5.62,6.59,6.33,7.61
8491,8.85,8.11,6.89,4.89,6.09,5.62,6.59,6.33,7.61
8492,8.85,8.11,6.89,4.89,6.09,5.62,6.59,6.33,7.61
8493,8.85,8.11,6.89,4.89,6.09,5.62,6.59,6.33,7.61
8494,8.85,8.11,6.89,4.89,6.09,5.62,6.59,6.33,7.61
8495,8.85,8.11,6.89,4.89,6.09,5.62,6.59,6.33,7.61
8496,8.85,8.11,6.89,4.89,6.09,5.62,6.59,6.33,7.61
8497,8.85,8.11,6.89,4.89,6.09,5.62,6.59,6.33,7.61
8498,8.85,8.11,6.89,4.89,6.09,5.62,6.59,6.33,7.61
8499,8.85,8.11,6.89,4.89,6.09,5.62,6.59,6.33,7.61
8500,8.85,8.11,6.89,4.89,6.09,5.62,6.59,6.33,7.61
8501,8.85,8.11,6.89,4.89,6.09,5.62,6.59,6.33,7.61
8502,8.85,8.11,6.89,4.89,6.09,5.62,6.59,6.33,7.61
8503,8.85,8.11,6.89,4.89,6.09,5.62,6.59,6.33,7.61
8504,8.85,8.11,6.89,4.89,6.09,5.62,6.59,6.33,7.61
8505,8.85,8.11,6.89,4.89,6.09,5.62,6.59,6.33,7.61
8506,8.85,8.11,6.89,4.89,6.09,5.62,6.59,6.33,7.61
8507,8.85,8.11,6.89,4.89,6.09,5.62,6.59,6.33,7.61
8508,8.85,8.11,6.89,4.89,6.09,5.62,6.59,6.33,7.61
8509,8.85,8.11,6.89,4.89,6.09,5.62,6.59,6.33,7.61
8510,8.85,8.11,6.89,4.89,6.09,5.62,6.59,6.33,7.61
8511,8.85,8.11,6.89,4.89,6.09,5.62,6.59,6.33,7.61
8512,8.85,8.11,6.89,4.89,6.09,5.62,6.59,6.33,7.61
8513,8.85,8.11,6.89,4.89,6.09,5.62,6.59,6.33,7.61
8514,8.85,8.11,6.89,4.89,6.09,5.62,6.59,6.33,7.61
8515,8.85,8.11,6.89,4.89,6.09,5.62,6.59,6.33,7.61
8516,8.85,8.11,6.89,4.89,6.09,5.62,6.59,6.33,7.61
8517,8.85,8.11,6.89,4.89,6.09,5.62,6.59,6.33,7.61
8518,8.85,8.11,6.89,4.89,6.09,5.62,6.59,6.33,7.61
8519,8.85,8.11,6.89,4.89,6.09,5.62,6.59,6.33,7.61
8520,8.85,8.11,6.89,4.89,6.09,5.62,6.59,6.33,7.61
8521,8.85,8.11,6.89,4.89,6.09,5.62,6.59,6.33,7.61
8522,8.85,8.11,6.89,4.89,6.09,5.62,6.59,6.33,7.61
8523,8.85,8.11,6.89,4.89,6.09,5.62,6.59,6.33,7.61
8524,8.85,8.11,6.89,4.89,6.09,5.62,6.59,6.33,7.61
8525,8.85,8.11,6.89,4.89,6.09,5.62,6.59,6.33,7.61
8526,8.85,8.11,6.89,4.89,6.09,5.62,6.59,6.33,7.61
8527,8.85,8.11,6.89,4.89,6.09,5.62,6.59,6.33,7.61
8528,8.85,8.11,6.89,4.89,6.09,5.62,6.59,6.33,7.61
8529,8.85,8.11,6.89,4.89,6.09,5.62,6.59,6.33,7.61
8530,8.85,8.11,6.89,4.89,6.09,5.62,6.59,6.33,7.61
8531,8.85,8.11,6.89,4.89,6.09,5.62,6.59,6.33,7.61
8532,8.85,8.11,6.89,4.89,6.09,5.62,6.59,6.33,7.61
8533,8.85,8.11,6.89,4.89,6.09,5.62,6.59,6.33,7.61
8534,8.85,8.11,6.89,4.89,6.09,5.62,6.59,6.33,7.61
8535,8.85,8.11,6.89,4.89,6.09,5.62,6.59,6.33,7.61
8536,8.85,8.11,6.89,4.89,6.09,5.62,6.59,6.33,7.61
8537,8.85,8.11,6.89,4.89,6.09,5.62,6.59,6.33,7.61
8538,8.85,8.11,6.89,4.89,6.09,5.62,6.59,6.33,7.61
8539,8.85,8.11,6.89,4.89,6.09,5.62,6.59,6.33,7.61
8540,8.85,8.11,6.89,4.89,6.09,5.62,6.59,6.33,7.61
8541,8.85,8.11,6.89,4.89,6.09,5.62,6.59,6.33,7.61
8542,8.85,8.11,6.89,4.89,6.09,5.62,6.59,6.33,7.61
8543,8.85,8.11,6.89,4.89,6.09,5.62,6.59,6.33,7.61
8544,8.85,8.11,6.89,4.89,6.09,5.62,6.59,6.33,7.61
8545,8.85,8.11,6.89,4.89,6.09,5.62,6.59,6.33,7.61
8546,8.85,8.11,6.89,4.89,6.09,5.62,6.59,6.33,7.61
8547,8.85,8.11,6.89,4.89,6.09,5.62,6.59,6.33,7.61
8548,8.85,8.11,6.89,4.89,6.09,5.62,6.59,6.33,7.61
8549,8.85,8.11,6.89,4.89,6.09,5.62,6.59,6.33,7.61
8550,8.85,8.11,6.89,4.89,6.09,5.62,6.59,6.33,7.61
8551,8.85,8.11,6.89,4.89,6.09,5.62,6.59,6.33,7.61
8552,8.85,8.11,6.89,4.89,6.09,5.62,6.59,6.33,7.61
8553,8.85,8.11,6.89,4.89,6.09,5.62,6.59,6.33,7.61
8554,8.85,8.11,6.89,4.89,6.09,5.62,6.59,6.33,7.61
8555,8.85,8.11,6.89,4.89,6.09,5.62,6.59,6.33,7.61
8556,8.85,8.11,6.89,4.89,6.09,5.62,6.59,6.33,7.61
8557,8.85,8.11,6.89,4.89,6.09,5.62,6.59,6.33,7.61
8558,8.85,8.11,6.89,4.89,6.09,5.62,6.59,6.33,7.61
8559,8.85,8.11,6.89,4.89,6.09,5.62,6.59,6.33,7.61
8560,8.85,8.11,6.89,4.89,6.09,5.62,6.59,6.33,7.61
8561,8.85,8.11,6.89,4.89,6.09,5.62,6.59,6.33,7.61
8562,8.85,8.11,6.89,4.89,6.09,5.62,6.59,6.33,7.61
8563,8.85,8.11,6.89,4.89,6.09,5.62,6.59,6.33,7.61
8564,8.85,8.11,6.89,4.89,6.09,5.62,6.59,6.33,7.61
8565,8.85,8.11,6.89,4.89,6.09,5.62,6.59,6.33,7.61
8566,8.85,8.11,6.89,4.89,6.09,5.62,6.59,6.33,7.61
8567,8.85,8.11,6.89,4.89,6.09,5.62,6.59,6.33,7.61
8568,8.85,8.11,6.89,4.89,6.09,5.62,6.59,6.33,7.61
8569,8.85,8.11,6.89,4.89,6.09,5.62,6.59,6.33,7.61
8570,8.85,8.11,6.89,4.89,6.09,5.62,6.59,6.33,7.61
8571,8.85,8.11,6.89,4.89,6.09,5.62,6.59,6.33,7.61
8572,8.85,8.11,6.89,4.89,6.09,5.62,6.59,6.33,7.61
8573,8.85,8.11,6.89,4.89,6.09,5.62,6.59,6.33,7.61
8574,8.85,8.11,6.89,4.89,6.09,5.62,6.59,6.33,7.61
8575,8.85,8.11,6.89,4.89,6.09,5.62,6.59,6.33,7.61
8576,8.85,8.11,6.89,4.89,6.09,5.62,6.59,6.33,7.61
8577,8.85,8.11,6.89,4.89,6.09,5.62,6.59,6.33,7.61
8578,8.85,8.11,6.89,4.89,6.09,5.62,6.59,6.33,7.61
8579,8.85,8.11,6.89,4.89,6.09,5.62,6.59,6.33,7.61
8580,8.85,8.11,6.89,4.89,6.09,5.62,6.59,6.33,7.61
8581,8.85,8.11,6.89,4.89,6.09,5.62,6.59,6.33,7.61
8582,8.85,8.11,6.89,4.89,6.09,5.62,6.59,6.33,7.61
8583,8.85,8.11,6.89,4.89,6.09,5.62,6.59,6.33,7.61
8584,8.85,8.11,6.89,4.89,6.09,5.62,6.59,6.33,7.61
8585,8.85,8.11,6.89,4.89,6.09,5.62,6.59,6.33,7.61
8586,8.85,8.11,6.89,4.89,6.09,5.62,6.59,6.33,7.61
8587,8.85,8.11,6.89,4.89,6.09,5.62,6.59,6.33,7.61
8588,8.85,8.11,6.89,4.89,6.09,5.62,6.59,6.33,7.61
8589,8.85,8.11,6.89,4.89,6.09,5.62,6.59,6.33,7.61
8590,8.85,8.11,6.89,4.89,6.09,5.62,6.59,6.33,7.61
8591,8.85,8.11,6.89,4.89,6.09,5.62,6.59,6.33,7.61
8592,8.85,8.11,6.89,4.89,6.09,5.62,6.59,6.33,7.61
8593,8.85,8.11,6.89,4.89,6.09,5.62,6.59,6.33,7.61
8594,8.85,8.11,6.89,4.89,6.09,5.62,6.59,6.33,7.61
8595,8.85,8.11,6.89,4.89,6.09,5.62,6.59,6.33,7.61
8596,8.85,8.11,6.89,4.89,6.09,5.62,6.59,6.33,7.61
8597,8.85,8.11,6.89,4.89,6.09,5.62,6.59,6.33,7.61
8598,8.85,8.11,6.89,4.89,6.09,5.62,6.59,6.33,7.61
8599,8.85,8.11,6.89,4.89,6.09,5.62,6.59,6.33,7.61
8600,8.85,8.11,6.89,4.89,6.09,5.62,6.59,6.33,7.61
8601,8.85,8.11,6.89,4.89,6.09,5.62,6.59,6.33,7.61
8602,8.85,8.11,6.89,4.89,6.09,5.62,6.59,6.33,7.61
8603,8.85,8.11,6.89,4.89,6.09,5.62,6.59,6.33,7.61
8604,8.85,8.11,6.89,4.89,6.09,5.62,6.59,6.33,7.61
8605,8.85,8.11,6.89,4.89,6.09,5.62,6.59,6.33,7.61
8606,8.85,8.11,6.89,4.89,6.09,5.62,6.59,6.33,7.61
8607,8.85,8.11,6.89,4.89,6.09,5.62,6.59,6.33,7.61
8608,8.85,8.11,6.89,4.89,6.09,5.62,6.59,6.33,7.61
8609,8.85,8.11,6.89,4.89,6.09,5.62,6.59,6.33,7.61
8610,8.85,8.11,6.89,4.89,6.09,5.62,6.59,6.33,7.61
8611,8.85,8.11,6.89,4.89,6.09,5.62,6.59,6.33,7.61
8612,8.85,8.11,6.89,4.89,6.09,5.62,6.59,6.33,7.61
8613,8.85,8.11,6.89,4.89,6.09,5.62,6.59,6.33,7.61
8614,8.85,8.11,6.89,4.89,6.09,5.62,6.59,6.33,7.61
8615,8.85,8.11,6.89,4.89,6.09,5.62,6.59,6.33,7.61
8616,8.85,8.11,6.89,4.89,6.09,5.62,6.59,6.33,7.61
8617,8.85,8.11,6.89,4.89,6.09,5.62,6.59,6.33,7.61
8618,8.85,8.11,6.89,4.89,6.09,5.62,6.59,6.33,7.61
8619,8.85,8.11,6.89,4.89,6.09,5.62,6.59,6.33,7.61
8620,8.85,8.11,6.89,4.89,6.09,5.62,6.59,6.33,7.61
8621,8.85,8.11,6.89,4.89,6.09,5.62,6.59,6.33,7.61
8622,8.85,8.11,6.89,4.89,6.09,5.62,6.59,6.33,7.61
8623,8.85,8.11,6.89,4.89,6.09,5.62,6.59,6.33,7.61
8624,8.85,8.11,6.89,4.89,6.09,5.62,6.59,6.33,7.61
8625,8.85,8.11,6.89,4.89,6.09,5.62,6.59,6.33,7.61
8626,8.85,8.11,6.89,4.89,6.09,5.62,6.59,6.33,7.61
8627,8.85,8.11,6.89,4.89,6.09,5.62,6.59,6.33,7.61
8628,8.85,8.11,6.89,4.89,6.09,5.62,6.59,6.33,7.61
8629,8.85,8.11,6.89,4.89,6.09,5.62,6.59,6.33,7.61
8630,8.85,8.11,6.89,4.89,6.09,5.62,6.59,6.33,7.61
8631,8.85,8.11,6.89,4.89,6.09,5.62,6.59,6.33,7.61
8632,8.85,8.11,6.89,4.89,6.09,5.62,6.59,6.33,7.61
8633,8.85,8.11,6.89,4.89,6.09,5.62,6.59,6.33,7.61
8634,8.85,8.11,6.89,4.89,6.09,5.62,6.59,6.33,7.61
8635,8.85,8.11,6.89,4.89,6.09,5.62,6.59,6.33,7.61
8636,8.85,8.11,6.89,4.89,6.09,5.62,6.59,6.33,7.61
8637,8.85,8.11,6.89,4.89,6.09,5.62,6.59,6.33,7.61
8638,8.85,8.11,6.89,4.89,6.09,5.62,6.59,6.33,7.61
8639,8.85,8.11,6.89,4.89,6.09,5.62,6.59,6.33,7.61
8640,8.85,8.11,6.89,4.89,6.09,5.62,6.59,6.33,7.61
8641,8.85,8.11,6.89,4.89,6.09,5.62,6.59,6.33,7.61
8642,8.85,8.11,6.89,4.89,6.09,5.62,6.59,6.33,7.61
8643,8.85,8.11,6.89,4.89,6.09,5.62,6.59,6.33,7.61
8644,8.85,8.11,6.89,4.89,6.09,5.62,6.59,6.33,7.61
8645,8.85,8.11,6.89,4.89,6.09,5.62,6.59,6.33,7.61
8646,8.85,8.11,6.89,4.89,6.09,5.62,6.59,6.33,7.61
8647,8.85,8.11,6.89,4.89,6.09,5.62,6.59,6.33,7.61
8648,8.85,8.11,6.89,4.89,6.09,5.62,6.59,6.33,7.61
8649,8.85,8.11,6.89,4.89,6.09,5.62,6.59,6.33,7.61
8650,8.85,8.11,6.89,4.89,6.09,5.62,6.59,6.33,7.61
8651,8.85,8.11,6.89,4.89,6.09,5.62,6.59,6.33,7.61
8652,8.85,8.11,6.89,4.89,6.09,5.62,6.59,6.33,7.61
8653,8.85,8.11,6.89,4.89,6.09,5.62,6.59,6.33,7.61
8654,8.85,8.11,6.89,4.89,6.09,5.62,6.59,6.33,7.61
8655,8.85,8.11,6.89,4.89,6.09,5.62,6.59,6.33,7.61
8656,8.85,8.11,6.89,4.89,6.09,5.62,6.59,6.33,7.61
8657,8.85,8.11,6.89,4.89,6.09,5.62,6.59,6.33,7.61
8658,8.85,8.11,6.89,4.89,6.09,5.62,6.59,6.33,7.61
8659,8.85,8.11,6.89,4.89,6.09,5.62,6.59,6.33,7.61
8660,8.85,8.11,6.89,4.89,6.09,5.62,6.59,6.33,7.61
8661,8.85,8.11,6.89,4.89,6.09,5.62,6.59,6.33,7.61
8662,8.85,8.11,6.89,4.89,6.09,5.62,6.59,6.33,7.61
8663,8.85,8.11,6.89,4.89,6.09,5.62,6.59,6.33,7.61
8664,8.85,8.11,6.89,4.89,6.09,5.62,6.59,6.33,7.61
8665,8.85,8.11,6.89,4.89,6.09,5.62,6.59,6.33,7.61
8666,8.85,8.11,6.89,4.89,6.09,5.62,6.59,6.33,7.61
8667,8.85,8.11,6.89,4.89,6.09,5.62,6.59,6.33,7.61
8668,8.85,8.11,6.89,4.89,6.09,5.62,6.59,6.33,7.61
8669,8.85,8.11,6.89,4.89,6.09,5.62,6.59,6.33,7.61
8670,8.85,8.11,6.89,4.89,6.09,5.62,6.59,6.33,7.61
8671,8.85,8.11,6.89,4.89,6.09,5.62,6.59,6.33,7.61
8672,8.85,8.11,6.89,4.89,6.09,5.62,6.59,6.33,7.61
8673,8.85,8.11,6.89,4.89,6.09,5.62,6.59,6.33,7.61
8674,8.85,8.11,6.89,4.89,6.09,5.62,6.59,6.33,7.61
8675,8.85,8.11,6.89,4.89,6.09,5.62,6.59,6.33,7.61
8676,8.85,8.11,6.89,4.89,6.09,5.62,6.59,6.33,7.61
8677,8.85,8.11,6.89,4.89,6.09,5.62,6.59,6.33,7.61
8678,8.85,8.11,6.89,4.89,6.09,5.62,6.59,6.33,7.61
8679,8.85,8.11,6.89,4.89,6.09,5.62,6.59,6.33,7.61
8680,8.85,8.11,6.89,4.89,6.09,5.62,6.59,6.33,7.61
8681,8.85,8.11,6.89,4.89,6.09,5.62,6.59,6.33,7.61
8682,8.85,8.11,6.89,4.89,6.09,5.62,6.59,6.33,7.61
8683,8.85,8.11,6.89,4.89,6.09,5.62,6.59,6.33,7.61
8684,8.85,8.11,6.89,4.89,6.09,5.62,6.59,6.33,7.61
8685,8.85,8.11,6.89,4.89,6.09,5.62,6.59,6.33,7.61
8686,8.85,8.11,6.89,4.89,6.09,5.62,6.59,6.33,7.61
8687,8.85,8.11,6.89,4.89,6.09,5.62,6.59,6.33,7.61
8688,8.85,8.11,6.89,4.89,6.09,5.62,6.59,6.33,7.61
8689,8.85,8.11,6.89,4.89,6.09,5.62,6.59,6.33,7.61
8690,8.85,8.11,6.89,4.89,6.09,5.62,6.59,6.33,7.61
8691,8.85,8.11,6.89,4.89,6.09,5.62,6.59,6.33,7.61
8692,8.85,8.11,6.89,4.89,6.09,5.62,6.59,6.33,7.61
8693,8.85,8.11,6.89,4.89,6.09,5.62,6.59,6.33,7.61
8694,8.85,8.11,6.89,4.89,6.09,5.62,6.59,6.33,7.61
8695,8.85,8.11,6.89,4.89,6.09,5.62,6.59,6.33,7.61
8696,8.85,8.11,6.89,4.89,6.09,5.62,6.59,6.33,7.61
8697,8.85,8.11,6.89,4.89,6.09,5.62,6.59,6.33,7.61
8698,8.85,8.11,6.89,4.89,6.09,5.62,6.59,6.33,7.61
8699,8.85,8.11,6.89,4.89,6.09,5.62,6.59,6.33,7.61
8700,8.85,8.11,6.89,4.89,6.09,5.62,6.59,6.33,7.61
8701,8.85,8.11,6.89,4.89,6.09,5.62,6.59,6.33,7.61
8702,8.85,8.11,6.89,4.89,6.09,5.62,6.59,6.33,7.61
8703,8.85,8.11,6.89,4.89,6.09,5.62,6.59,6.33,7.61
8704,8.85,8.11,6.89,4.89,6.09,5.62,6.59,6.33,7.61
8705,8.85,8.11,6.89,4.89,6.09,5.62,6.59,6.33,7.61
8706,8.85,8.11,6.89,4.89,6.09,5.62,6.59,6.33,7.61
8707,8.85,8.11,6.89,4.89,6.09,5.62,6.59,6.33,7.61
8708,8.85,8.11,6.89,4.89,6.09,5.62,6.59,6.33,7.61
8709,8.85,8.11,6.89,4.89,6.09,5.62,6.59,6.33,7.61
8710,8.85,8.11,6.89,4.89,6.09,5.62,6.59,6.33,7.61
8711,8.85,8.11,6.89,4.89,6.09,5.62,6.59,6.33,7.61
8712,8.85,8.11,6.89,4.89,6.09,5.62,6.59,6.33,7.61
8713,8.85,8.11,6.89,4.89,6.09,5.62,6.59,6.33,7.61
8714,8.85,8.11,6.89,4.89,6.09,5.62,6.59,6.33,7.61
8715,8.85,8.11,6.89,4.89,6.09,5.62,6.59,6.33,7.61
8716,8.85,8.11,6.89,4.89,6.09,5.62,6.59,6.33,7.61
8717,8.85,8.11,6.89,4.89,6.09,5.62,6.59,6.33,7.61
8718,8.85,8.11,6.89,4.89,6.09,5.62,6.59,6.33,7.61
8719,8.85,8.11,6.89,4.89,6.09,5.62,6.59,6.33,7.61
8720,8.85,8.11,6.89,4.89,6.09,5.62,6.59,6.33,7.61
8721,8.85,8.11,6.89,4.89,6.09,5.62,6.59,6.33,7.61
8722,8.85,8.11,6.89,4.89,6.09,5.62,6.59,6.33,7.61
8723,8.85,8.11,6.89,4.89,6.09,5.62,6.59,6.33,7.61
8724,8.85,8.11,6.89,4.89,6.09,5.62,6.59,6.33,7.61
8725,8.85,8.11,6.89,4.89,6.09,5.62,6.59,6.33,7.61
8726,8.85,8.11,6.89,4.89,6.09,5.62,6.59,6.33,7.61
8727,8.85,8.11,6.89,4.89,6.09,5.62,6.59,6.33,7.61
8728,8.85,8.11,6.89,4.89,6.09,5.62,6.59,6.33,7.61
8729,8.85,8.11,6.89,4.89,6.09,5.62,6.59,6.33,7.61
8730,8.85,8.11,6.89,4.89,6.09,5.62,6.59,6.33,7.61
8731,8.85,8.11,6.89,4.89,6.09,5.62,6.59,6.33,7.61
8732,8.85,8.11,6.89,4.89,6.09,5.62,6.59,6.33,7.61
8733,8.85,8.11,6.89,4.89,6.09,5.62,6.59,6.33,7.61
8734,8.85,8.11,6.89,4.89,6.09,5.62,6.59,6.33,7.61
8735,8.85,8.11,6.89,4.89,6.09,5.62,6.59,6.33,7.61
8736,8.85,8.11,6.89,4.89,6.09,5.62,6.59,6.33,7.61
8737,8.85,8.11,6.89,4.89,6.09,5.62,6.59,6.33,7.61
8738,8.85,8.11,6.89,4.89,6.09,5.62,6.59,6.33,7.61
8739,8.85,8.11,6.89,4.89,6.09,5.62,6.59,6.33,7.61
8740,8.85,8.11,6.89,4.89,6.09,5.62,6.59,6.33,7.61
8741,8.85,8.11,6.89,4.89,6.09,5.62,6.59,6.33,7.61
8742,8.85,8.11,6.89,4.89,6.09,5.62,6.59,6.33,7.61
8743,8.85,8.11,6.89,4.89,6.09,5.62,6.59,6.33,7.61
8744,8.85,8.11,6.89,4.89,6.09,5.62,6.59,6.33,7.61
8745,8.85,8.11,6.89,4.89,6.09,5.62,6.59,6.33,7.61
8746,8.85,8.11,6.89,4.89,6.09,5.62,6.59,6.33,7.61
8747,8.85,8.11,6.89,4.89,6.09,5.62,6.59,6.33,7.61
8748,8.85,8.11,6.89,4.89,6.09,5.62,6.59,6.33,7.61
8749,8.85,8.11,6.89,4.89,6.09,5.62,6.59,6.33,7.61
8750,8.85,8.11,6.89,4.89,6.09,5.62,6.59,6.33,7.61
8751,8.85,8.11,6.89,4.89,6.09,5.62,6.59,6.33,7.61
8752,8.85,8.11,6.89,4.89,6.09,5.62,6.59,6.33,7.61
8753,8.85,8.11,6.89,4.89,6.09,5.62,6.59,6.33,7.61
8754,8.85,8.11,6.89,4.89,6.09,5.62,6.59,6.33,7.61
8755,8.85,8.11,6.89,4.89,6.09,5.62,6.59,6.33,7.61
8756,8.85,8.11,6.89,4.89,6.09,5.62,6.59,6.33,7.61
8757,8.85,8.11,6.89,4.89,6.09,5.62,6.59,6.33,7.61
8758,8.85,8.11,6.89,4.89,6.09,5.62,6.59,6.33,7.61
8759,8.85,8.11,6.89,4.89,6.09,5.62,6.59,6.33,7.61
8760,8.85,8.11,6.89,4.89,6.09,5.62,6.59,6.33,7.61