Status,Solve,Objval
OPTIMAL,0.8070001602172852,4958.02683290108
