Costs,Total,Zone1,Zone2,Zone3,Zone4,Zone5,Zone6,Zone7,Zone8,Zone9,Zone10
cTotal,3.635627677303144e10,1.3384704286212e9,1.732859040208816e10,5.2753564377617663e8,3.36866839665858e8,1.9900804162045062e9,1.0624715096847521e8,1.0906138506706593e10,2.5468095656117973e9,5.3254988412647116e8,7.429879352622138e8
cFix,3.308002336136145e10,1.1815992755039234e9,1.5926232481339497e10,4.794953057526904e8,3.0120536053504795e8,1.3301745589793742e9,1.0382570059934142e8,1.0062165559953201e10,2.4363424646074047e9,5.3254884220748854e8,7.264338118834612e8
cVar,2.9462802384404497e9,1.3818097157315195e8,1.2719725644770267e9,4.765172352059089e7,3.201154201564136e7,5.671076116039404e8,1.2093229095647882e6,7.946313558621875e8,7.696193708301894e7,77.9352636918749,1.65531314600921e7
cNSE,3.2997317322954136e8,1.8690181544124607e7,1.3038535627163851e8,388614.5028954261,3.6499371151686828e6,9.279824562119184e7,1.2121274595690116e6,4.93415908912021e7,3.350516392137387e7,963.9837189242214,991.9186604915534
cStart,0.0,0,0,0,0,0,0,0,0,0,0
cUnmetRsv,0.0,-,-,-,-,-,-,-,-,-,-
cNetworkExp,0.0,-,-,-,-,-,-,-,-,-,-
