Status,Solve,Objval
OPTIMAL,1167.1619999408722,-1.2833291329104123e13
