Costs,Total
cDACTotal,174.33176904093324
cDACFix,172.45114970467782
cDACVar,1.8806193362554204
cDACStart,0.0
