Status,Solve,Objval
OPTIMAL,40.70835900306702,871850.4142762262
