Costs,Total,Zone1,Zone2,Zone3,Zone4,Zone5,Zone6,Zone7,Zone8,Zone9,Zone10
cTotal,3.7961799707539345e10,1.9605059652521021e9,1.831863234150568e10,4.371395489733486e8,4.6362016674515086e8,2.0621542125890453e9,1.832237207532987e8,1.048334742373212e10,2.731444622501841e9,5.52955732503992e8,7.687759729828225e8
cFix,3.476912453965151e10,1.7762552526216145e9,1.6847284920882263e10,3.9662352146213454e8,4.3702941557799363e8,1.4940989088149445e9,1.8026010491884217e8,9.652521949813793e9,2.682731404024928e9,5.529527983164335e8,7.493662632186127e8
cVar,3.080378388604295e9,1.747665865038091e8,1.4460673252444868e9,4.012866200554587e7,2.6294249767460726e7,5.614808417872045e8,1.753702631320623e6,7.816178903682477e8,2.9549476725250278e7,428.8867787728336,1.871922468420264e7
cNSE,1.1229677928354065e8,9.484126126678571e6,2.5280095378934816e7,387365.5056682174,296501.39969649044,6.574461986895961e6,1.209913203135908e6,4.920758355008143e7,1.9163741751663066e7,2505.3007795318654,690485.0800072469
cStart,0.0,0,0,0,0,0,0,0,0,0,0
cUnmetRsv,0.0,-,-,-,-,-,-,-,-,-,-
cNetworkExp,0.0,-,-,-,-,-,-,-,-,-,-
