Status,Solve,Objval
OPTIMAL,1450.763000011444,-1.283179160954839e13
