Costs,Total,Zone1,Zone2
cTotal,3.4275955925617905e9,2.656088207292595e9,7.715073852691969e8
cFix,1.1256092764207165e9,8.769805473096519e8,2.4862872911106434e8
cVar,2.3019863161410737e9,1.7791076599829426e9,5.2287865615813255e8
cNSE,0.0,0.0,0.0
cStart,0.0,0.0,0.0
cUnmetRsv,0.0,-,-
cNetworkExp,0.0,-,-
