Costs,Total,Zone1,Zone2
cTotal,3.4275955925617905e9,0.0,0.0
cFix,1.1256092764207165e9,0.0,0.0
cVar,2.3019863161410737e9,0.0,0.0
cNSE,0.0,0.0,0.0
cStart,0.0,0.0,0.0
cUnmetRsv,0.0,-,-
cNetworkExp,0.0,-,-
