Status,Solve,Objval
OPTIMAL,0.34538698196411133,4306.984901861285
