Status,Solve,Objval
OPTIMAL,0.3519558906555176,4306.984901861285
