Costs,Total,Zone1,Zone2,Zone3,Zone4,Zone5,Zone6,Zone7,Zone8,Zone9,Zone10
cTotal,4.9994374052928345e10,1.572266455588034e9,1.808583100521599e10,6.95059860994345e8,8.246915610571092e8,7.668018094509482e9,3.632250488067744e8,1.168757793805057e10,4.688148175022706e9,2.5101625070104375e9,1.8993934066728137e9
cFix,2.577329905389329e10,4.574700349466849e8,1.1970876197266764e10,3.8217738924367887e8,5.890601137603471e8,1.4223848419189987e9,2.1473264388905278e8,5.352441215297754e9,2.9047112499970593e9,1.5265019667348843e9,9.52943400838064e8
cVar,2.4099431090087402e10,1.1059912371008217e9,6.0899922998887415e9,3.063712135460866e8,2.2863638602298328e8,6.237682516180422e9,1.4252724464411166e8,6.30338740035755e9,1.7676324737923887e9,9.769509782306485e8,9.402593403235776e8
cNSE,4.699280187696508e7,4.75758559156882e6,4.8132525237540305e6,4.497538321900677e6,4.424716192519069e6,4.871529978387036e6,4.157917806710675e6,4.927650974052947e6,4.851002601197914e6,4.840288525347823e6,4.85131936152603e6
cStart,7.465110707067859e7,4.0475979489585003e6,2.0149255536731374e7,2.0137198826789127e6,2.5703450812597135e6,3.079206431673413e6,1.8072424668991407e6,2.6821671421214193e7,1.0953448632060206e7,1.8692735195567003e6,1.3393461496464903e6
cUnmetRsv,0.0,-,-,-,-,-,-,-,-,-,-
cNetworkExp,0.0,-,-,-,-,-,-,-,-,-,-
