Status,Solve,Objval
LOCALLY_SOLVED,286.9215929508209,5.316939479445419e10
