Resource,Zone,Investment_Cost,Fixed_OM_Cost,Var_OM_Cost,Startup_Cost
Liquid_DAC_1,1,0.0,0.0,0.0,0.0
Liquid_DAC_2,2,0.0,0.0,0.0,0.0
Liquid_DAC_3,3,0.0,0.0,0.0,0.0
Solid_DAC_1,1,3.969659983698761e9,4.357671861804655e8,39864.23405197541,0.0
Solid_DAC_2,2,1.126634610188557e9,1.2367567901317994e8,11313.922596908465,0.0
Solid_DAC_3,3,1.0291127279443655e7,1.1297026938336645e6,103.34585536571802,0.0
