Status,Solve,Objval
OPTIMAL,2741.5629999637604,-1.2875511713739354e13
