Status,Solve,Objval
OPTIMAL,2.4030001163482666,6429.033449421549
