Status,Solve,Objval
OPTIMAL,128.5892298221588,2.1416522457242682e11
