Status,Solve,Objval
OPTIMAL,19.061686038970947,116771.2109189893
