Status,Solve,Objval
OPTIMAL,15.871109008789062,116982.35900841333
