Status,Solve,Objval
LOCALLY_SOLVED,304.5661189556122,5.1242530530008255e10
