Costs,Total,Zone1,Zone2,Zone3
cTotal,8.90050379850168e11,3.7127085800224835e11,3.222076977087445e11,1.2621272100179921e11
cFix,7.96992318189304e11,3.618235610560025e11,3.119763733673354e11,1.2319238376596611e11
cVar,1.941407680803703e10,8.21783652901763e9,8.586525390971987e9,2.6097148880474863e9
cNSE,428.9407773870951,142.96666178166473,142.98226187829454,142.99185372713586
cStart,3.2848812865101657e9,1.2294602742615325e9,1.6447988074548697e9,4.1062220479376215e8
cUnmetRsv,0.0,-,-,-
cNetworkExp,1.5296050230582254e9,-,-,-
cUnmetPolicyPenalty,0.0,-,-,-
