Line,New_Trans_Capacity,Cost_Trans_Capacity
1,27759.997512289196,9.968615106663051e8
2,9574.999500184242,5.32743397190751e8
