Line,New_Trans_Capacity,Cost_Trans_Capacity
1,27759.999923718795,9.96861597260742e8
2,9574.999947584596,5.3274342208365935e8
