Line,New_Trans_Capacity,Cost_Trans_Capacity
1,27759.999993530135,9.968615997676672e8
2,9574.999969276196,5.327434232905583e8
