Status,Solve,Objval
LOCALLY_SOLVED,8.7207190990448,8.900503798501682e11
