Status,Solve,Objval
OPTIMAL,10.321862936019897,1.0327457027263911e12
