Status,Solve,Objval
LOCALLY_SOLVED,10.420315980911255,9.776858897105691e11
