Costs,Total
cDACTotal,8.200782421610548e8
cDACFix,8.125329698516594e8
cDACVar,7.545272309395394e6
cDACStart,0.0
