Costs,Total,Zone1
cTotal,6.250422073390912e9,6.25042207339091e9
cFix,1.3051929553475788e9,1.3051929553475788e9
cVar,4.945229118043333e9,4.945229118043331e9
cNSE,0.0,0.0
cStart,0.0,0.0
cUnmetRsv,0.0,-
cNetworkExp,0.0,-
