Costs,Total
cDACTotal,3.6423474159832478e9
cDACFix,3.6076474684646473e9
cDACVar,3.4699947518600374e7
cDACStart,0.0
