Costs,Total,Zone1,Zone2,Zone3,Zone4,Zone5,Zone6,Zone7,Zone8,Zone9,Zone10
cTotal,3.67080510463059e10,1.664621316745494e9,1.7955249060164234e10,4.335251776667807e8,4.5618065055434096e8,2.0586269372301593e9,1.8102802070940402e8,1.018760529781788e10,2.561906600867221e9,5.2416176990095764e8,6.851462146493897e8
cFix,3.3581801484637188e10,1.5044612393456619e9,1.6492988539818003e10,3.9315064025753134e8,4.297296848660756e8,1.4940537153746755e9,1.780872659532021e8,9.3771100787849e9,2.514674272680007e9,5.2414612858932513e8,6.733999189678032e8
cVar,3.010237788523344e9,1.5687587623281476e8,1.424955271925024e9,3.993209172674699e7,2.623895930056663e7,5.584504107754565e8,1.7385844309846272e6,7.619587676285899e8,2.835331502611518e7,2006.4242277063283,1.1732505052775456e7
cNSE,1.1601177314537182e8,3.284201167017106e6,3.73052484212045e7,442445.6825023264,212006.38769870598,6.122811080027261e6,1.2021703252172384e6,4.853645140439116e7,1.887901316109777e7,13634.887404856418,13790.628811034701
cStart,0.0,0,0,0,0,0,0,0,0,0,0
cUnmetRsv,0.0,-,-,-,-,-,-,-,-,-,-
cNetworkExp,0.0,-,-,-,-,-,-,-,-,-,-
