Status,Solve,Objval
OPTIMAL,1369.901999950409,-1.2832987383473684e13
