Status,Solve,Objval
LOCALLY_SOLVED,224.9229998588562,4.388151909448388e10
