Costs,Total,Zone1,Zone2,Zone3,Zone4,Zone5,Zone6,Zone7,Zone8,Zone9,Zone10,Zone11,Zone12,Zone13,Zone14,Zone15
cTotal,6.371693576817781e10,5.829798765423448e9,1.0245745592609912e9,4.999612215524338e9,9.928721209514921e9,5.034045035477477e9,7.016776095703968e9,6.499436962393013e9,4.517484581895691e9,6.003735693060982e8,2.4355882428234396e9,1.1151930921835754e10,4.553776128772977e8,2.2927436393537626e9,2.4568972631273222e8,1.3099374820359757e9
cFix,5.686118800728885e10,5.064810057649018e9,8.714894292599363e8,3.8147654076956563e9,8.871902159874182e9,5.024661764852926e9,6.4863399457505665e9,5.772871417098835e9,4.0443037327043834e9,5.762254055354573e8,2.096078317958118e9,1.0082112952534113e10,4.183023614749834e8,2.2556162790997143e9,2.0882335212626028e8,1.272885423674673e9
cVar,6.234542303248906e9,7.3190272289987e8,1.4823922083601415e8,1.1441544757741094e9,1.0108102480376625e9,7.8252584425313715e6,5.177574541477709e8,6.926372475012559e8,4.563063443607212e8,1.9658478571950004e7,3.219715378680851e8,1.044439873467102e9,3.474946439937673e7,3.479842067986108e7,3.4562891160350084e7,3.4728665102967285e7
cNSE,0.0,0.0,0.0,0.0,0.0,0.0,0.0,0.0,0.0,0.0,0.0,0.0,0.0,0.0,0.0,0.0
cStart,2.4636030920046213e8,3.3085984874558497e7,4.845909165040829e6,4.0692332054573394e7,4.6008801603077695e7,1.5580121820196148e6,1.267869580563063e7,3.3928297792922296e7,1.6874504830586385e7,4.489685198691067e6,1.753838699723679e7,2.5378095834540363e7,2.325787002937588e6,2.3289395741871973e6,2.303483026121867e6,2.323393258335479e6
cUnmetRsv,0.0,-,-,-,-,-,-,-,-,-,-,-,-,-,-,-
cNetworkExp,3.748451484417926e8,-,-,-,-,-,-,-,-,-,-,-,-,-,-,-
cUnmetPolicyPenalty,0.0,-,-,-,-,-,-,-,-,-,-,-,-,-,-,-
