Status,Solve,Objval
OPTIMAL,3354.516508102417,6.371693576817264e10
