Status,Solve,Objval
OPTIMAL,0.21700000762939453,6429.033449421549
