Voll,Demand_Segment,Segment_Cost_of_Demand_Curtailment_Fraction,Max_Demand_Curtailment,Rep_Periods,Timesteps_per_Rep_Period,Sub_Weights,Time_Index,Load_H2_MW_z1,Load_H2_MW_z2,Load_H2_MW_z3
1666500,1,1,0,1,8760,8760,1,14771,7366,1812
,,,,,,,2,14771,7366,1812
,,,,,,,3,14771,7366,1812
,,,,,,,4,14771,7366,1812
,,,,,,,5,14771,7366,1812
,,,,,,,6,14771,7366,1812
,,,,,,,7,14771,7366,1812
,,,,,,,8,14771,7366,1812
,,,,,,,9,14771,7366,1812
,,,,,,,10,14771,7366,1812
,,,,,,,11,14771,7366,1812
,,,,,,,12,14771,7366,1812
,,,,,,,13,14771,7366,1812
,,,,,,,14,14771,7366,1812
,,,,,,,15,14771,7366,1812
,,,,,,,16,14771,7366,1812
,,,,,,,17,14771,7366,1812
,,,,,,,18,14771,7366,1812
,,,,,,,19,14771,7366,1812
,,,,,,,20,14771,7366,1812
,,,,,,,21,14771,7366,1812
,,,,,,,22,14771,7366,1812
,,,,,,,23,14771,7366,1812
,,,,,,,24,14771,7366,1812
,,,,,,,25,14771,7366,1812
,,,,,,,26,14771,7366,1812
,,,,,,,27,14771,7366,1812
,,,,,,,28,14771,7366,1812
,,,,,,,29,14771,7366,1812
,,,,,,,30,14771,7366,1812
,,,,,,,31,14771,7366,1812
,,,,,,,32,14771,7366,1812
,,,,,,,33,14771,7366,1812
,,,,,,,34,14771,7366,1812
,,,,,,,35,14771,7366,1812
,,,,,,,36,14771,7366,1812
,,,,,,,37,14771,7366,1812
,,,,,,,38,14771,7366,1812
,,,,,,,39,14771,7366,1812
,,,,,,,40,14771,7366,1812
,,,,,,,41,14771,7366,1812
,,,,,,,42,14771,7366,1812
,,,,,,,43,14771,7366,1812
,,,,,,,44,14771,7366,1812
,,,,,,,45,14771,7366,1812
,,,,,,,46,14771,7366,1812
,,,,,,,47,14771,7366,1812
,,,,,,,48,14771,7366,1812
,,,,,,,49,14771,7366,1812
,,,,,,,50,14771,7366,1812
,,,,,,,51,14771,7366,1812
,,,,,,,52,14771,7366,1812
,,,,,,,53,14771,7366,1812
,,,,,,,54,14771,7366,1812
,,,,,,,55,14771,7366,1812
,,,,,,,56,14771,7366,1812
,,,,,,,57,14771,7366,1812
,,,,,,,58,14771,7366,1812
,,,,,,,59,14771,7366,1812
,,,,,,,60,14771,7366,1812
,,,,,,,61,14771,7366,1812
,,,,,,,62,14771,7366,1812
,,,,,,,63,14771,7366,1812
,,,,,,,64,14771,7366,1812
,,,,,,,65,14771,7366,1812
,,,,,,,66,14771,7366,1812
,,,,,,,67,14771,7366,1812
,,,,,,,68,14771,7366,1812
,,,,,,,69,14771,7366,1812
,,,,,,,70,14771,7366,1812
,,,,,,,71,14771,7366,1812
,,,,,,,72,14771,7366,1812
,,,,,,,73,14771,7366,1812
,,,,,,,74,14771,7366,1812
,,,,,,,75,14771,7366,1812
,,,,,,,76,14771,7366,1812
,,,,,,,77,14771,7366,1812
,,,,,,,78,14771,7366,1812
,,,,,,,79,14771,7366,1812
,,,,,,,80,14771,7366,1812
,,,,,,,81,14771,7366,1812
,,,,,,,82,14771,7366,1812
,,,,,,,83,14771,7366,1812
,,,,,,,84,14771,7366,1812
,,,,,,,85,14771,7366,1812
,,,,,,,86,14771,7366,1812
,,,,,,,87,14771,7366,1812
,,,,,,,88,14771,7366,1812
,,,,,,,89,14771,7366,1812
,,,,,,,90,14771,7366,1812
,,,,,,,91,14771,7366,1812
,,,,,,,92,14771,7366,1812
,,,,,,,93,14771,7366,1812
,,,,,,,94,14771,7366,1812
,,,,,,,95,14771,7366,1812
,,,,,,,96,14771,7366,1812
,,,,,,,97,14771,7366,1812
,,,,,,,98,14771,7366,1812
,,,,,,,99,14771,7366,1812
,,,,,,,100,14771,7366,1812
,,,,,,,101,14771,7366,1812
,,,,,,,102,14771,7366,1812
,,,,,,,103,14771,7366,1812
,,,,,,,104,14771,7366,1812
,,,,,,,105,14771,7366,1812
,,,,,,,106,14771,7366,1812
,,,,,,,107,14771,7366,1812
,,,,,,,108,14771,7366,1812
,,,,,,,109,14771,7366,1812
,,,,,,,110,14771,7366,1812
,,,,,,,111,14771,7366,1812
,,,,,,,112,14771,7366,1812
,,,,,,,113,14771,7366,1812
,,,,,,,114,14771,7366,1812
,,,,,,,115,14771,7366,1812
,,,,,,,116,14771,7366,1812
,,,,,,,117,14771,7366,1812
,,,,,,,118,14771,7366,1812
,,,,,,,119,14771,7366,1812
,,,,,,,120,14771,7366,1812
,,,,,,,121,14771,7366,1812
,,,,,,,122,14771,7366,1812
,,,,,,,123,14771,7366,1812
,,,,,,,124,14771,7366,1812
,,,,,,,125,14771,7366,1812
,,,,,,,126,14771,7366,1812
,,,,,,,127,14771,7366,1812
,,,,,,,128,14771,7366,1812
,,,,,,,129,14771,7366,1812
,,,,,,,130,14771,7366,1812
,,,,,,,131,14771,7366,1812
,,,,,,,132,14771,7366,1812
,,,,,,,133,14771,7366,1812
,,,,,,,134,14771,7366,1812
,,,,,,,135,14771,7366,1812
,,,,,,,136,14771,7366,1812
,,,,,,,137,14771,7366,1812
,,,,,,,138,14771,7366,1812
,,,,,,,139,14771,7366,1812
,,,,,,,140,14771,7366,1812
,,,,,,,141,14771,7366,1812
,,,,,,,142,14771,7366,1812
,,,,,,,143,14771,7366,1812
,,,,,,,144,14771,7366,1812
,,,,,,,145,14771,7366,1812
,,,,,,,146,14771,7366,1812
,,,,,,,147,14771,7366,1812
,,,,,,,148,14771,7366,1812
,,,,,,,149,14771,7366,1812
,,,,,,,150,14771,7366,1812
,,,,,,,151,14771,7366,1812
,,,,,,,152,14771,7366,1812
,,,,,,,153,14771,7366,1812
,,,,,,,154,14771,7366,1812
,,,,,,,155,14771,7366,1812
,,,,,,,156,14771,7366,1812
,,,,,,,157,14771,7366,1812
,,,,,,,158,14771,7366,1812
,,,,,,,159,14771,7366,1812
,,,,,,,160,14771,7366,1812
,,,,,,,161,14771,7366,1812
,,,,,,,162,14771,7366,1812
,,,,,,,163,14771,7366,1812
,,,,,,,164,14771,7366,1812
,,,,,,,165,14771,7366,1812
,,,,,,,166,14771,7366,1812
,,,,,,,167,14771,7366,1812
,,,,,,,168,14771,7366,1812
,,,,,,,169,14771,7366,1812
,,,,,,,170,14771,7366,1812
,,,,,,,171,14771,7366,1812
,,,,,,,172,14771,7366,1812
,,,,,,,173,14771,7366,1812
,,,,,,,174,14771,7366,1812
,,,,,,,175,14771,7366,1812
,,,,,,,176,14771,7366,1812
,,,,,,,177,14771,7366,1812
,,,,,,,178,14771,7366,1812
,,,,,,,179,14771,7366,1812
,,,,,,,180,14771,7366,1812
,,,,,,,181,14771,7366,1812
,,,,,,,182,14771,7366,1812
,,,,,,,183,14771,7366,1812
,,,,,,,184,14771,7366,1812
,,,,,,,185,14771,7366,1812
,,,,,,,186,14771,7366,1812
,,,,,,,187,14771,7366,1812
,,,,,,,188,14771,7366,1812
,,,,,,,189,14771,7366,1812
,,,,,,,190,14771,7366,1812
,,,,,,,191,14771,7366,1812
,,,,,,,192,14771,7366,1812
,,,,,,,193,14771,7366,1812
,,,,,,,194,14771,7366,1812
,,,,,,,195,14771,7366,1812
,,,,,,,196,14771,7366,1812
,,,,,,,197,14771,7366,1812
,,,,,,,198,14771,7366,1812
,,,,,,,199,14771,7366,1812
,,,,,,,200,14771,7366,1812
,,,,,,,201,14771,7366,1812
,,,,,,,202,14771,7366,1812
,,,,,,,203,14771,7366,1812
,,,,,,,204,14771,7366,1812
,,,,,,,205,14771,7366,1812
,,,,,,,206,14771,7366,1812
,,,,,,,207,14771,7366,1812
,,,,,,,208,14771,7366,1812
,,,,,,,209,14771,7366,1812
,,,,,,,210,14771,7366,1812
,,,,,,,211,14771,7366,1812
,,,,,,,212,14771,7366,1812
,,,,,,,213,14771,7366,1812
,,,,,,,214,14771,7366,1812
,,,,,,,215,14771,7366,1812
,,,,,,,216,14771,7366,1812
,,,,,,,217,14771,7366,1812
,,,,,,,218,14771,7366,1812
,,,,,,,219,14771,7366,1812
,,,,,,,220,14771,7366,1812
,,,,,,,221,14771,7366,1812
,,,,,,,222,14771,7366,1812
,,,,,,,223,14771,7366,1812
,,,,,,,224,14771,7366,1812
,,,,,,,225,14771,7366,1812
,,,,,,,226,14771,7366,1812
,,,,,,,227,14771,7366,1812
,,,,,,,228,14771,7366,1812
,,,,,,,229,14771,7366,1812
,,,,,,,230,14771,7366,1812
,,,,,,,231,14771,7366,1812
,,,,,,,232,14771,7366,1812
,,,,,,,233,14771,7366,1812
,,,,,,,234,14771,7366,1812
,,,,,,,235,14771,7366,1812
,,,,,,,236,14771,7366,1812
,,,,,,,237,14771,7366,1812
,,,,,,,238,14771,7366,1812
,,,,,,,239,14771,7366,1812
,,,,,,,240,14771,7366,1812
,,,,,,,241,14771,7366,1812
,,,,,,,242,14771,7366,1812
,,,,,,,243,14771,7366,1812
,,,,,,,244,14771,7366,1812
,,,,,,,245,14771,7366,1812
,,,,,,,246,14771,7366,1812
,,,,,,,247,14771,7366,1812
,,,,,,,248,14771,7366,1812
,,,,,,,249,14771,7366,1812
,,,,,,,250,14771,7366,1812
,,,,,,,251,14771,7366,1812
,,,,,,,252,14771,7366,1812
,,,,,,,253,14771,7366,1812
,,,,,,,254,14771,7366,1812
,,,,,,,255,14771,7366,1812
,,,,,,,256,14771,7366,1812
,,,,,,,257,14771,7366,1812
,,,,,,,258,14771,7366,1812
,,,,,,,259,14771,7366,1812
,,,,,,,260,14771,7366,1812
,,,,,,,261,14771,7366,1812
,,,,,,,262,14771,7366,1812
,,,,,,,263,14771,7366,1812
,,,,,,,264,14771,7366,1812
,,,,,,,265,14771,7366,1812
,,,,,,,266,14771,7366,1812
,,,,,,,267,14771,7366,1812
,,,,,,,268,14771,7366,1812
,,,,,,,269,14771,7366,1812
,,,,,,,270,14771,7366,1812
,,,,,,,271,14771,7366,1812
,,,,,,,272,14771,7366,1812
,,,,,,,273,14771,7366,1812
,,,,,,,274,14771,7366,1812
,,,,,,,275,14771,7366,1812
,,,,,,,276,14771,7366,1812
,,,,,,,277,14771,7366,1812
,,,,,,,278,14771,7366,1812
,,,,,,,279,14771,7366,1812
,,,,,,,280,14771,7366,1812
,,,,,,,281,14771,7366,1812
,,,,,,,282,14771,7366,1812
,,,,,,,283,14771,7366,1812
,,,,,,,284,14771,7366,1812
,,,,,,,285,14771,7366,1812
,,,,,,,286,14771,7366,1812
,,,,,,,287,14771,7366,1812
,,,,,,,288,14771,7366,1812
,,,,,,,289,14771,7366,1812
,,,,,,,290,14771,7366,1812
,,,,,,,291,14771,7366,1812
,,,,,,,292,14771,7366,1812
,,,,,,,293,14771,7366,1812
,,,,,,,294,14771,7366,1812
,,,,,,,295,14771,7366,1812
,,,,,,,296,14771,7366,1812
,,,,,,,297,14771,7366,1812
,,,,,,,298,14771,7366,1812
,,,,,,,299,14771,7366,1812
,,,,,,,300,14771,7366,1812
,,,,,,,301,14771,7366,1812
,,,,,,,302,14771,7366,1812
,,,,,,,303,14771,7366,1812
,,,,,,,304,14771,7366,1812
,,,,,,,305,14771,7366,1812
,,,,,,,306,14771,7366,1812
,,,,,,,307,14771,7366,1812
,,,,,,,308,14771,7366,1812
,,,,,,,309,14771,7366,1812
,,,,,,,310,14771,7366,1812
,,,,,,,311,14771,7366,1812
,,,,,,,312,14771,7366,1812
,,,,,,,313,14771,7366,1812
,,,,,,,314,14771,7366,1812
,,,,,,,315,14771,7366,1812
,,,,,,,316,14771,7366,1812
,,,,,,,317,14771,7366,1812
,,,,,,,318,14771,7366,1812
,,,,,,,319,14771,7366,1812
,,,,,,,320,14771,7366,1812
,,,,,,,321,14771,7366,1812
,,,,,,,322,14771,7366,1812
,,,,,,,323,14771,7366,1812
,,,,,,,324,14771,7366,1812
,,,,,,,325,14771,7366,1812
,,,,,,,326,14771,7366,1812
,,,,,,,327,14771,7366,1812
,,,,,,,328,14771,7366,1812
,,,,,,,329,14771,7366,1812
,,,,,,,330,14771,7366,1812
,,,,,,,331,14771,7366,1812
,,,,,,,332,14771,7366,1812
,,,,,,,333,14771,7366,1812
,,,,,,,334,14771,7366,1812
,,,,,,,335,14771,7366,1812
,,,,,,,336,14771,7366,1812
,,,,,,,337,14771,7366,1812
,,,,,,,338,14771,7366,1812
,,,,,,,339,14771,7366,1812
,,,,,,,340,14771,7366,1812
,,,,,,,341,14771,7366,1812
,,,,,,,342,14771,7366,1812
,,,,,,,343,14771,7366,1812
,,,,,,,344,14771,7366,1812
,,,,,,,345,14771,7366,1812
,,,,,,,346,14771,7366,1812
,,,,,,,347,14771,7366,1812
,,,,,,,348,14771,7366,1812
,,,,,,,349,14771,7366,1812
,,,,,,,350,14771,7366,1812
,,,,,,,351,14771,7366,1812
,,,,,,,352,14771,7366,1812
,,,,,,,353,14771,7366,1812
,,,,,,,354,14771,7366,1812
,,,,,,,355,14771,7366,1812
,,,,,,,356,14771,7366,1812
,,,,,,,357,14771,7366,1812
,,,,,,,358,14771,7366,1812
,,,,,,,359,14771,7366,1812
,,,,,,,360,14771,7366,1812
,,,,,,,361,14771,7366,1812
,,,,,,,362,14771,7366,1812
,,,,,,,363,14771,7366,1812
,,,,,,,364,14771,7366,1812
,,,,,,,365,14771,7366,1812
,,,,,,,366,14771,7366,1812
,,,,,,,367,14771,7366,1812
,,,,,,,368,14771,7366,1812
,,,,,,,369,14771,7366,1812
,,,,,,,370,14771,7366,1812
,,,,,,,371,14771,7366,1812
,,,,,,,372,14771,7366,1812
,,,,,,,373,14771,7366,1812
,,,,,,,374,14771,7366,1812
,,,,,,,375,14771,7366,1812
,,,,,,,376,14771,7366,1812
,,,,,,,377,14771,7366,1812
,,,,,,,378,14771,7366,1812
,,,,,,,379,14771,7366,1812
,,,,,,,380,14771,7366,1812
,,,,,,,381,14771,7366,1812
,,,,,,,382,14771,7366,1812
,,,,,,,383,14771,7366,1812
,,,,,,,384,14771,7366,1812
,,,,,,,385,14771,7366,1812
,,,,,,,386,14771,7366,1812
,,,,,,,387,14771,7366,1812
,,,,,,,388,14771,7366,1812
,,,,,,,389,14771,7366,1812
,,,,,,,390,14771,7366,1812
,,,,,,,391,14771,7366,1812
,,,,,,,392,14771,7366,1812
,,,,,,,393,14771,7366,1812
,,,,,,,394,14771,7366,1812
,,,,,,,395,14771,7366,1812
,,,,,,,396,14771,7366,1812
,,,,,,,397,14771,7366,1812
,,,,,,,398,14771,7366,1812
,,,,,,,399,14771,7366,1812
,,,,,,,400,14771,7366,1812
,,,,,,,401,14771,7366,1812
,,,,,,,402,14771,7366,1812
,,,,,,,403,14771,7366,1812
,,,,,,,404,14771,7366,1812
,,,,,,,405,14771,7366,1812
,,,,,,,406,14771,7366,1812
,,,,,,,407,14771,7366,1812
,,,,,,,408,14771,7366,1812
,,,,,,,409,14771,7366,1812
,,,,,,,410,14771,7366,1812
,,,,,,,411,14771,7366,1812
,,,,,,,412,14771,7366,1812
,,,,,,,413,14771,7366,1812
,,,,,,,414,14771,7366,1812
,,,,,,,415,14771,7366,1812
,,,,,,,416,14771,7366,1812
,,,,,,,417,14771,7366,1812
,,,,,,,418,14771,7366,1812
,,,,,,,419,14771,7366,1812
,,,,,,,420,14771,7366,1812
,,,,,,,421,14771,7366,1812
,,,,,,,422,14771,7366,1812
,,,,,,,423,14771,7366,1812
,,,,,,,424,14771,7366,1812
,,,,,,,425,14771,7366,1812
,,,,,,,426,14771,7366,1812
,,,,,,,427,14771,7366,1812
,,,,,,,428,14771,7366,1812
,,,,,,,429,14771,7366,1812
,,,,,,,430,14771,7366,1812
,,,,,,,431,14771,7366,1812
,,,,,,,432,14771,7366,1812
,,,,,,,433,14771,7366,1812
,,,,,,,434,14771,7366,1812
,,,,,,,435,14771,7366,1812
,,,,,,,436,14771,7366,1812
,,,,,,,437,14771,7366,1812
,,,,,,,438,14771,7366,1812
,,,,,,,439,14771,7366,1812
,,,,,,,440,14771,7366,1812
,,,,,,,441,14771,7366,1812
,,,,,,,442,14771,7366,1812
,,,,,,,443,14771,7366,1812
,,,,,,,444,14771,7366,1812
,,,,,,,445,14771,7366,1812
,,,,,,,446,14771,7366,1812
,,,,,,,447,14771,7366,1812
,,,,,,,448,14771,7366,1812
,,,,,,,449,14771,7366,1812
,,,,,,,450,14771,7366,1812
,,,,,,,451,14771,7366,1812
,,,,,,,452,14771,7366,1812
,,,,,,,453,14771,7366,1812
,,,,,,,454,14771,7366,1812
,,,,,,,455,14771,7366,1812
,,,,,,,456,14771,7366,1812
,,,,,,,457,14771,7366,1812
,,,,,,,458,14771,7366,1812
,,,,,,,459,14771,7366,1812
,,,,,,,460,14771,7366,1812
,,,,,,,461,14771,7366,1812
,,,,,,,462,14771,7366,1812
,,,,,,,463,14771,7366,1812
,,,,,,,464,14771,7366,1812
,,,,,,,465,14771,7366,1812
,,,,,,,466,14771,7366,1812
,,,,,,,467,14771,7366,1812
,,,,,,,468,14771,7366,1812
,,,,,,,469,14771,7366,1812
,,,,,,,470,14771,7366,1812
,,,,,,,471,14771,7366,1812
,,,,,,,472,14771,7366,1812
,,,,,,,473,14771,7366,1812
,,,,,,,474,14771,7366,1812
,,,,,,,475,14771,7366,1812
,,,,,,,476,14771,7366,1812
,,,,,,,477,14771,7366,1812
,,,,,,,478,14771,7366,1812
,,,,,,,479,14771,7366,1812
,,,,,,,480,14771,7366,1812
,,,,,,,481,14771,7366,1812
,,,,,,,482,14771,7366,1812
,,,,,,,483,14771,7366,1812
,,,,,,,484,14771,7366,1812
,,,,,,,485,14771,7366,1812
,,,,,,,486,14771,7366,1812
,,,,,,,487,14771,7366,1812
,,,,,,,488,14771,7366,1812
,,,,,,,489,14771,7366,1812
,,,,,,,490,14771,7366,1812
,,,,,,,491,14771,7366,1812
,,,,,,,492,14771,7366,1812
,,,,,,,493,14771,7366,1812
,,,,,,,494,14771,7366,1812
,,,,,,,495,14771,7366,1812
,,,,,,,496,14771,7366,1812
,,,,,,,497,14771,7366,1812
,,,,,,,498,14771,7366,1812
,,,,,,,499,14771,7366,1812
,,,,,,,500,14771,7366,1812
,,,,,,,501,14771,7366,1812
,,,,,,,502,14771,7366,1812
,,,,,,,503,14771,7366,1812
,,,,,,,504,14771,7366,1812
,,,,,,,505,14771,7366,1812
,,,,,,,506,14771,7366,1812
,,,,,,,507,14771,7366,1812
,,,,,,,508,14771,7366,1812
,,,,,,,509,14771,7366,1812
,,,,,,,510,14771,7366,1812
,,,,,,,511,14771,7366,1812
,,,,,,,512,14771,7366,1812
,,,,,,,513,14771,7366,1812
,,,,,,,514,14771,7366,1812
,,,,,,,515,14771,7366,1812
,,,,,,,516,14771,7366,1812
,,,,,,,517,14771,7366,1812
,,,,,,,518,14771,7366,1812
,,,,,,,519,14771,7366,1812
,,,,,,,520,14771,7366,1812
,,,,,,,521,14771,7366,1812
,,,,,,,522,14771,7366,1812
,,,,,,,523,14771,7366,1812
,,,,,,,524,14771,7366,1812
,,,,,,,525,14771,7366,1812
,,,,,,,526,14771,7366,1812
,,,,,,,527,14771,7366,1812
,,,,,,,528,14771,7366,1812
,,,,,,,529,14771,7366,1812
,,,,,,,530,14771,7366,1812
,,,,,,,531,14771,7366,1812
,,,,,,,532,14771,7366,1812
,,,,,,,533,14771,7366,1812
,,,,,,,534,14771,7366,1812
,,,,,,,535,14771,7366,1812
,,,,,,,536,14771,7366,1812
,,,,,,,537,14771,7366,1812
,,,,,,,538,14771,7366,1812
,,,,,,,539,14771,7366,1812
,,,,,,,540,14771,7366,1812
,,,,,,,541,14771,7366,1812
,,,,,,,542,14771,7366,1812
,,,,,,,543,14771,7366,1812
,,,,,,,544,14771,7366,1812
,,,,,,,545,14771,7366,1812
,,,,,,,546,14771,7366,1812
,,,,,,,547,14771,7366,1812
,,,,,,,548,14771,7366,1812
,,,,,,,549,14771,7366,1812
,,,,,,,550,14771,7366,1812
,,,,,,,551,14771,7366,1812
,,,,,,,552,14771,7366,1812
,,,,,,,553,14771,7366,1812
,,,,,,,554,14771,7366,1812
,,,,,,,555,14771,7366,1812
,,,,,,,556,14771,7366,1812
,,,,,,,557,14771,7366,1812
,,,,,,,558,14771,7366,1812
,,,,,,,559,14771,7366,1812
,,,,,,,560,14771,7366,1812
,,,,,,,561,14771,7366,1812
,,,,,,,562,14771,7366,1812
,,,,,,,563,14771,7366,1812
,,,,,,,564,14771,7366,1812
,,,,,,,565,14771,7366,1812
,,,,,,,566,14771,7366,1812
,,,,,,,567,14771,7366,1812
,,,,,,,568,14771,7366,1812
,,,,,,,569,14771,7366,1812
,,,,,,,570,14771,7366,1812
,,,,,,,571,14771,7366,1812
,,,,,,,572,14771,7366,1812
,,,,,,,573,14771,7366,1812
,,,,,,,574,14771,7366,1812
,,,,,,,575,14771,7366,1812
,,,,,,,576,14771,7366,1812
,,,,,,,577,14771,7366,1812
,,,,,,,578,14771,7366,1812
,,,,,,,579,14771,7366,1812
,,,,,,,580,14771,7366,1812
,,,,,,,581,14771,7366,1812
,,,,,,,582,14771,7366,1812
,,,,,,,583,14771,7366,1812
,,,,,,,584,14771,7366,1812
,,,,,,,585,14771,7366,1812
,,,,,,,586,14771,7366,1812
,,,,,,,587,14771,7366,1812
,,,,,,,588,14771,7366,1812
,,,,,,,589,14771,7366,1812
,,,,,,,590,14771,7366,1812
,,,,,,,591,14771,7366,1812
,,,,,,,592,14771,7366,1812
,,,,,,,593,14771,7366,1812
,,,,,,,594,14771,7366,1812
,,,,,,,595,14771,7366,1812
,,,,,,,596,14771,7366,1812
,,,,,,,597,14771,7366,1812
,,,,,,,598,14771,7366,1812
,,,,,,,599,14771,7366,1812
,,,,,,,600,14771,7366,1812
,,,,,,,601,14771,7366,1812
,,,,,,,602,14771,7366,1812
,,,,,,,603,14771,7366,1812
,,,,,,,604,14771,7366,1812
,,,,,,,605,14771,7366,1812
,,,,,,,606,14771,7366,1812
,,,,,,,607,14771,7366,1812
,,,,,,,608,14771,7366,1812
,,,,,,,609,14771,7366,1812
,,,,,,,610,14771,7366,1812
,,,,,,,611,14771,7366,1812
,,,,,,,612,14771,7366,1812
,,,,,,,613,14771,7366,1812
,,,,,,,614,14771,7366,1812
,,,,,,,615,14771,7366,1812
,,,,,,,616,14771,7366,1812
,,,,,,,617,14771,7366,1812
,,,,,,,618,14771,7366,1812
,,,,,,,619,14771,7366,1812
,,,,,,,620,14771,7366,1812
,,,,,,,621,14771,7366,1812
,,,,,,,622,14771,7366,1812
,,,,,,,623,14771,7366,1812
,,,,,,,624,14771,7366,1812
,,,,,,,625,14771,7366,1812
,,,,,,,626,14771,7366,1812
,,,,,,,627,14771,7366,1812
,,,,,,,628,14771,7366,1812
,,,,,,,629,14771,7366,1812
,,,,,,,630,14771,7366,1812
,,,,,,,631,14771,7366,1812
,,,,,,,632,14771,7366,1812
,,,,,,,633,14771,7366,1812
,,,,,,,634,14771,7366,1812
,,,,,,,635,14771,7366,1812
,,,,,,,636,14771,7366,1812
,,,,,,,637,14771,7366,1812
,,,,,,,638,14771,7366,1812
,,,,,,,639,14771,7366,1812
,,,,,,,640,14771,7366,1812
,,,,,,,641,14771,7366,1812
,,,,,,,642,14771,7366,1812
,,,,,,,643,14771,7366,1812
,,,,,,,644,14771,7366,1812
,,,,,,,645,14771,7366,1812
,,,,,,,646,14771,7366,1812
,,,,,,,647,14771,7366,1812
,,,,,,,648,14771,7366,1812
,,,,,,,649,14771,7366,1812
,,,,,,,650,14771,7366,1812
,,,,,,,651,14771,7366,1812
,,,,,,,652,14771,7366,1812
,,,,,,,653,14771,7366,1812
,,,,,,,654,14771,7366,1812
,,,,,,,655,14771,7366,1812
,,,,,,,656,14771,7366,1812
,,,,,,,657,14771,7366,1812
,,,,,,,658,14771,7366,1812
,,,,,,,659,14771,7366,1812
,,,,,,,660,14771,7366,1812
,,,,,,,661,14771,7366,1812
,,,,,,,662,14771,7366,1812
,,,,,,,663,14771,7366,1812
,,,,,,,664,14771,7366,1812
,,,,,,,665,14771,7366,1812
,,,,,,,666,14771,7366,1812
,,,,,,,667,14771,7366,1812
,,,,,,,668,14771,7366,1812
,,,,,,,669,14771,7366,1812
,,,,,,,670,14771,7366,1812
,,,,,,,671,14771,7366,1812
,,,,,,,672,14771,7366,1812
,,,,,,,673,14771,7366,1812
,,,,,,,674,14771,7366,1812
,,,,,,,675,14771,7366,1812
,,,,,,,676,14771,7366,1812
,,,,,,,677,14771,7366,1812
,,,,,,,678,14771,7366,1812
,,,,,,,679,14771,7366,1812
,,,,,,,680,14771,7366,1812
,,,,,,,681,14771,7366,1812
,,,,,,,682,14771,7366,1812
,,,,,,,683,14771,7366,1812
,,,,,,,684,14771,7366,1812
,,,,,,,685,14771,7366,1812
,,,,,,,686,14771,7366,1812
,,,,,,,687,14771,7366,1812
,,,,,,,688,14771,7366,1812
,,,,,,,689,14771,7366,1812
,,,,,,,690,14771,7366,1812
,,,,,,,691,14771,7366,1812
,,,,,,,692,14771,7366,1812
,,,,,,,693,14771,7366,1812
,,,,,,,694,14771,7366,1812
,,,,,,,695,14771,7366,1812
,,,,,,,696,14771,7366,1812
,,,,,,,697,14771,7366,1812
,,,,,,,698,14771,7366,1812
,,,,,,,699,14771,7366,1812
,,,,,,,700,14771,7366,1812
,,,,,,,701,14771,7366,1812
,,,,,,,702,14771,7366,1812
,,,,,,,703,14771,7366,1812
,,,,,,,704,14771,7366,1812
,,,,,,,705,14771,7366,1812
,,,,,,,706,14771,7366,1812
,,,,,,,707,14771,7366,1812
,,,,,,,708,14771,7366,1812
,,,,,,,709,14771,7366,1812
,,,,,,,710,14771,7366,1812
,,,,,,,711,14771,7366,1812
,,,,,,,712,14771,7366,1812
,,,,,,,713,14771,7366,1812
,,,,,,,714,14771,7366,1812
,,,,,,,715,14771,7366,1812
,,,,,,,716,14771,7366,1812
,,,,,,,717,14771,7366,1812
,,,,,,,718,14771,7366,1812
,,,,,,,719,14771,7366,1812
,,,,,,,720,14771,7366,1812
,,,,,,,721,14771,7366,1812
,,,,,,,722,14771,7366,1812
,,,,,,,723,14771,7366,1812
,,,,,,,724,14771,7366,1812
,,,,,,,725,14771,7366,1812
,,,,,,,726,14771,7366,1812
,,,,,,,727,14771,7366,1812
,,,,,,,728,14771,7366,1812
,,,,,,,729,14771,7366,1812
,,,,,,,730,14771,7366,1812
,,,,,,,731,14771,7366,1812
,,,,,,,732,14771,7366,1812
,,,,,,,733,14771,7366,1812
,,,,,,,734,14771,7366,1812
,,,,,,,735,14771,7366,1812
,,,,,,,736,14771,7366,1812
,,,,,,,737,14771,7366,1812
,,,,,,,738,14771,7366,1812
,,,,,,,739,14771,7366,1812
,,,,,,,740,14771,7366,1812
,,,,,,,741,14771,7366,1812
,,,,,,,742,14771,7366,1812
,,,,,,,743,14771,7366,1812
,,,,,,,744,14771,7366,1812
,,,,,,,745,14771,7366,1812
,,,,,,,746,14771,7366,1812
,,,,,,,747,14771,7366,1812
,,,,,,,748,14771,7366,1812
,,,,,,,749,14771,7366,1812
,,,,,,,750,14771,7366,1812
,,,,,,,751,14771,7366,1812
,,,,,,,752,14771,7366,1812
,,,,,,,753,14771,7366,1812
,,,,,,,754,14771,7366,1812
,,,,,,,755,14771,7366,1812
,,,,,,,756,14771,7366,1812
,,,,,,,757,14771,7366,1812
,,,,,,,758,14771,7366,1812
,,,,,,,759,14771,7366,1812
,,,,,,,760,14771,7366,1812
,,,,,,,761,14771,7366,1812
,,,,,,,762,14771,7366,1812
,,,,,,,763,14771,7366,1812
,,,,,,,764,14771,7366,1812
,,,,,,,765,14771,7366,1812
,,,,,,,766,14771,7366,1812
,,,,,,,767,14771,7366,1812
,,,,,,,768,14771,7366,1812
,,,,,,,769,14771,7366,1812
,,,,,,,770,14771,7366,1812
,,,,,,,771,14771,7366,1812
,,,,,,,772,14771,7366,1812
,,,,,,,773,14771,7366,1812
,,,,,,,774,14771,7366,1812
,,,,,,,775,14771,7366,1812
,,,,,,,776,14771,7366,1812
,,,,,,,777,14771,7366,1812
,,,,,,,778,14771,7366,1812
,,,,,,,779,14771,7366,1812
,,,,,,,780,14771,7366,1812
,,,,,,,781,14771,7366,1812
,,,,,,,782,14771,7366,1812
,,,,,,,783,14771,7366,1812
,,,,,,,784,14771,7366,1812
,,,,,,,785,14771,7366,1812
,,,,,,,786,14771,7366,1812
,,,,,,,787,14771,7366,1812
,,,,,,,788,14771,7366,1812
,,,,,,,789,14771,7366,1812
,,,,,,,790,14771,7366,1812
,,,,,,,791,14771,7366,1812
,,,,,,,792,14771,7366,1812
,,,,,,,793,14771,7366,1812
,,,,,,,794,14771,7366,1812
,,,,,,,795,14771,7366,1812
,,,,,,,796,14771,7366,1812
,,,,,,,797,14771,7366,1812
,,,,,,,798,14771,7366,1812
,,,,,,,799,14771,7366,1812
,,,,,,,800,14771,7366,1812
,,,,,,,801,14771,7366,1812
,,,,,,,802,14771,7366,1812
,,,,,,,803,14771,7366,1812
,,,,,,,804,14771,7366,1812
,,,,,,,805,14771,7366,1812
,,,,,,,806,14771,7366,1812
,,,,,,,807,14771,7366,1812
,,,,,,,808,14771,7366,1812
,,,,,,,809,14771,7366,1812
,,,,,,,810,14771,7366,1812
,,,,,,,811,14771,7366,1812
,,,,,,,812,14771,7366,1812
,,,,,,,813,14771,7366,1812
,,,,,,,814,14771,7366,1812
,,,,,,,815,14771,7366,1812
,,,,,,,816,14771,7366,1812
,,,,,,,817,14771,7366,1812
,,,,,,,818,14771,7366,1812
,,,,,,,819,14771,7366,1812
,,,,,,,820,14771,7366,1812
,,,,,,,821,14771,7366,1812
,,,,,,,822,14771,7366,1812
,,,,,,,823,14771,7366,1812
,,,,,,,824,14771,7366,1812
,,,,,,,825,14771,7366,1812
,,,,,,,826,14771,7366,1812
,,,,,,,827,14771,7366,1812
,,,,,,,828,14771,7366,1812
,,,,,,,829,14771,7366,1812
,,,,,,,830,14771,7366,1812
,,,,,,,831,14771,7366,1812
,,,,,,,832,14771,7366,1812
,,,,,,,833,14771,7366,1812
,,,,,,,834,14771,7366,1812
,,,,,,,835,14771,7366,1812
,,,,,,,836,14771,7366,1812
,,,,,,,837,14771,7366,1812
,,,,,,,838,14771,7366,1812
,,,,,,,839,14771,7366,1812
,,,,,,,840,14771,7366,1812
,,,,,,,841,14771,7366,1812
,,,,,,,842,14771,7366,1812
,,,,,,,843,14771,7366,1812
,,,,,,,844,14771,7366,1812
,,,,,,,845,14771,7366,1812
,,,,,,,846,14771,7366,1812
,,,,,,,847,14771,7366,1812
,,,,,,,848,14771,7366,1812
,,,,,,,849,14771,7366,1812
,,,,,,,850,14771,7366,1812
,,,,,,,851,14771,7366,1812
,,,,,,,852,14771,7366,1812
,,,,,,,853,14771,7366,1812
,,,,,,,854,14771,7366,1812
,,,,,,,855,14771,7366,1812
,,,,,,,856,14771,7366,1812
,,,,,,,857,14771,7366,1812
,,,,,,,858,14771,7366,1812
,,,,,,,859,14771,7366,1812
,,,,,,,860,14771,7366,1812
,,,,,,,861,14771,7366,1812
,,,,,,,862,14771,7366,1812
,,,,,,,863,14771,7366,1812
,,,,,,,864,14771,7366,1812
,,,,,,,865,14771,7366,1812
,,,,,,,866,14771,7366,1812
,,,,,,,867,14771,7366,1812
,,,,,,,868,14771,7366,1812
,,,,,,,869,14771,7366,1812
,,,,,,,870,14771,7366,1812
,,,,,,,871,14771,7366,1812
,,,,,,,872,14771,7366,1812
,,,,,,,873,14771,7366,1812
,,,,,,,874,14771,7366,1812
,,,,,,,875,14771,7366,1812
,,,,,,,876,14771,7366,1812
,,,,,,,877,14771,7366,1812
,,,,,,,878,14771,7366,1812
,,,,,,,879,14771,7366,1812
,,,,,,,880,14771,7366,1812
,,,,,,,881,14771,7366,1812
,,,,,,,882,14771,7366,1812
,,,,,,,883,14771,7366,1812
,,,,,,,884,14771,7366,1812
,,,,,,,885,14771,7366,1812
,,,,,,,886,14771,7366,1812
,,,,,,,887,14771,7366,1812
,,,,,,,888,14771,7366,1812
,,,,,,,889,14771,7366,1812
,,,,,,,890,14771,7366,1812
,,,,,,,891,14771,7366,1812
,,,,,,,892,14771,7366,1812
,,,,,,,893,14771,7366,1812
,,,,,,,894,14771,7366,1812
,,,,,,,895,14771,7366,1812
,,,,,,,896,14771,7366,1812
,,,,,,,897,14771,7366,1812
,,,,,,,898,14771,7366,1812
,,,,,,,899,14771,7366,1812
,,,,,,,900,14771,7366,1812
,,,,,,,901,14771,7366,1812
,,,,,,,902,14771,7366,1812
,,,,,,,903,14771,7366,1812
,,,,,,,904,14771,7366,1812
,,,,,,,905,14771,7366,1812
,,,,,,,906,14771,7366,1812
,,,,,,,907,14771,7366,1812
,,,,,,,908,14771,7366,1812
,,,,,,,909,14771,7366,1812
,,,,,,,910,14771,7366,1812
,,,,,,,911,14771,7366,1812
,,,,,,,912,14771,7366,1812
,,,,,,,913,14771,7366,1812
,,,,,,,914,14771,7366,1812
,,,,,,,915,14771,7366,1812
,,,,,,,916,14771,7366,1812
,,,,,,,917,14771,7366,1812
,,,,,,,918,14771,7366,1812
,,,,,,,919,14771,7366,1812
,,,,,,,920,14771,7366,1812
,,,,,,,921,14771,7366,1812
,,,,,,,922,14771,7366,1812
,,,,,,,923,14771,7366,1812
,,,,,,,924,14771,7366,1812
,,,,,,,925,14771,7366,1812
,,,,,,,926,14771,7366,1812
,,,,,,,927,14771,7366,1812
,,,,,,,928,14771,7366,1812
,,,,,,,929,14771,7366,1812
,,,,,,,930,14771,7366,1812
,,,,,,,931,14771,7366,1812
,,,,,,,932,14771,7366,1812
,,,,,,,933,14771,7366,1812
,,,,,,,934,14771,7366,1812
,,,,,,,935,14771,7366,1812
,,,,,,,936,14771,7366,1812
,,,,,,,937,14771,7366,1812
,,,,,,,938,14771,7366,1812
,,,,,,,939,14771,7366,1812
,,,,,,,940,14771,7366,1812
,,,,,,,941,14771,7366,1812
,,,,,,,942,14771,7366,1812
,,,,,,,943,14771,7366,1812
,,,,,,,944,14771,7366,1812
,,,,,,,945,14771,7366,1812
,,,,,,,946,14771,7366,1812
,,,,,,,947,14771,7366,1812
,,,,,,,948,14771,7366,1812
,,,,,,,949,14771,7366,1812
,,,,,,,950,14771,7366,1812
,,,,,,,951,14771,7366,1812
,,,,,,,952,14771,7366,1812
,,,,,,,953,14771,7366,1812
,,,,,,,954,14771,7366,1812
,,,,,,,955,14771,7366,1812
,,,,,,,956,14771,7366,1812
,,,,,,,957,14771,7366,1812
,,,,,,,958,14771,7366,1812
,,,,,,,959,14771,7366,1812
,,,,,,,960,14771,7366,1812
,,,,,,,961,14771,7366,1812
,,,,,,,962,14771,7366,1812
,,,,,,,963,14771,7366,1812
,,,,,,,964,14771,7366,1812
,,,,,,,965,14771,7366,1812
,,,,,,,966,14771,7366,1812
,,,,,,,967,14771,7366,1812
,,,,,,,968,14771,7366,1812
,,,,,,,969,14771,7366,1812
,,,,,,,970,14771,7366,1812
,,,,,,,971,14771,7366,1812
,,,,,,,972,14771,7366,1812
,,,,,,,973,14771,7366,1812
,,,,,,,974,14771,7366,1812
,,,,,,,975,14771,7366,1812
,,,,,,,976,14771,7366,1812
,,,,,,,977,14771,7366,1812
,,,,,,,978,14771,7366,1812
,,,,,,,979,14771,7366,1812
,,,,,,,980,14771,7366,1812
,,,,,,,981,14771,7366,1812
,,,,,,,982,14771,7366,1812
,,,,,,,983,14771,7366,1812
,,,,,,,984,14771,7366,1812
,,,,,,,985,14771,7366,1812
,,,,,,,986,14771,7366,1812
,,,,,,,987,14771,7366,1812
,,,,,,,988,14771,7366,1812
,,,,,,,989,14771,7366,1812
,,,,,,,990,14771,7366,1812
,,,,,,,991,14771,7366,1812
,,,,,,,992,14771,7366,1812
,,,,,,,993,14771,7366,1812
,,,,,,,994,14771,7366,1812
,,,,,,,995,14771,7366,1812
,,,,,,,996,14771,7366,1812
,,,,,,,997,14771,7366,1812
,,,,,,,998,14771,7366,1812
,,,,,,,999,14771,7366,1812
,,,,,,,1000,14771,7366,1812
,,,,,,,1001,14771,7366,1812
,,,,,,,1002,14771,7366,1812
,,,,,,,1003,14771,7366,1812
,,,,,,,1004,14771,7366,1812
,,,,,,,1005,14771,7366,1812
,,,,,,,1006,14771,7366,1812
,,,,,,,1007,14771,7366,1812
,,,,,,,1008,14771,7366,1812
,,,,,,,1009,14771,7366,1812
,,,,,,,1010,14771,7366,1812
,,,,,,,1011,14771,7366,1812
,,,,,,,1012,14771,7366,1812
,,,,,,,1013,14771,7366,1812
,,,,,,,1014,14771,7366,1812
,,,,,,,1015,14771,7366,1812
,,,,,,,1016,14771,7366,1812
,,,,,,,1017,14771,7366,1812
,,,,,,,1018,14771,7366,1812
,,,,,,,1019,14771,7366,1812
,,,,,,,1020,14771,7366,1812
,,,,,,,1021,14771,7366,1812
,,,,,,,1022,14771,7366,1812
,,,,,,,1023,14771,7366,1812
,,,,,,,1024,14771,7366,1812
,,,,,,,1025,14771,7366,1812
,,,,,,,1026,14771,7366,1812
,,,,,,,1027,14771,7366,1812
,,,,,,,1028,14771,7366,1812
,,,,,,,1029,14771,7366,1812
,,,,,,,1030,14771,7366,1812
,,,,,,,1031,14771,7366,1812
,,,,,,,1032,14771,7366,1812
,,,,,,,1033,14771,7366,1812
,,,,,,,1034,14771,7366,1812
,,,,,,,1035,14771,7366,1812
,,,,,,,1036,14771,7366,1812
,,,,,,,1037,14771,7366,1812
,,,,,,,1038,14771,7366,1812
,,,,,,,1039,14771,7366,1812
,,,,,,,1040,14771,7366,1812
,,,,,,,1041,14771,7366,1812
,,,,,,,1042,14771,7366,1812
,,,,,,,1043,14771,7366,1812
,,,,,,,1044,14771,7366,1812
,,,,,,,1045,14771,7366,1812
,,,,,,,1046,14771,7366,1812
,,,,,,,1047,14771,7366,1812
,,,,,,,1048,14771,7366,1812
,,,,,,,1049,14771,7366,1812
,,,,,,,1050,14771,7366,1812
,,,,,,,1051,14771,7366,1812
,,,,,,,1052,14771,7366,1812
,,,,,,,1053,14771,7366,1812
,,,,,,,1054,14771,7366,1812
,,,,,,,1055,14771,7366,1812
,,,,,,,1056,14771,7366,1812
,,,,,,,1057,14771,7366,1812
,,,,,,,1058,14771,7366,1812
,,,,,,,1059,14771,7366,1812
,,,,,,,1060,14771,7366,1812
,,,,,,,1061,14771,7366,1812
,,,,,,,1062,14771,7366,1812
,,,,,,,1063,14771,7366,1812
,,,,,,,1064,14771,7366,1812
,,,,,,,1065,14771,7366,1812
,,,,,,,1066,14771,7366,1812
,,,,,,,1067,14771,7366,1812
,,,,,,,1068,14771,7366,1812
,,,,,,,1069,14771,7366,1812
,,,,,,,1070,14771,7366,1812
,,,,,,,1071,14771,7366,1812
,,,,,,,1072,14771,7366,1812
,,,,,,,1073,14771,7366,1812
,,,,,,,1074,14771,7366,1812
,,,,,,,1075,14771,7366,1812
,,,,,,,1076,14771,7366,1812
,,,,,,,1077,14771,7366,1812
,,,,,,,1078,14771,7366,1812
,,,,,,,1079,14771,7366,1812
,,,,,,,1080,14771,7366,1812
,,,,,,,1081,14771,7366,1812
,,,,,,,1082,14771,7366,1812
,,,,,,,1083,14771,7366,1812
,,,,,,,1084,14771,7366,1812
,,,,,,,1085,14771,7366,1812
,,,,,,,1086,14771,7366,1812
,,,,,,,1087,14771,7366,1812
,,,,,,,1088,14771,7366,1812
,,,,,,,1089,14771,7366,1812
,,,,,,,1090,14771,7366,1812
,,,,,,,1091,14771,7366,1812
,,,,,,,1092,14771,7366,1812
,,,,,,,1093,14771,7366,1812
,,,,,,,1094,14771,7366,1812
,,,,,,,1095,14771,7366,1812
,,,,,,,1096,14771,7366,1812
,,,,,,,1097,14771,7366,1812
,,,,,,,1098,14771,7366,1812
,,,,,,,1099,14771,7366,1812
,,,,,,,1100,14771,7366,1812
,,,,,,,1101,14771,7366,1812
,,,,,,,1102,14771,7366,1812
,,,,,,,1103,14771,7366,1812
,,,,,,,1104,14771,7366,1812
,,,,,,,1105,14771,7366,1812
,,,,,,,1106,14771,7366,1812
,,,,,,,1107,14771,7366,1812
,,,,,,,1108,14771,7366,1812
,,,,,,,1109,14771,7366,1812
,,,,,,,1110,14771,7366,1812
,,,,,,,1111,14771,7366,1812
,,,,,,,1112,14771,7366,1812
,,,,,,,1113,14771,7366,1812
,,,,,,,1114,14771,7366,1812
,,,,,,,1115,14771,7366,1812
,,,,,,,1116,14771,7366,1812
,,,,,,,1117,14771,7366,1812
,,,,,,,1118,14771,7366,1812
,,,,,,,1119,14771,7366,1812
,,,,,,,1120,14771,7366,1812
,,,,,,,1121,14771,7366,1812
,,,,,,,1122,14771,7366,1812
,,,,,,,1123,14771,7366,1812
,,,,,,,1124,14771,7366,1812
,,,,,,,1125,14771,7366,1812
,,,,,,,1126,14771,7366,1812
,,,,,,,1127,14771,7366,1812
,,,,,,,1128,14771,7366,1812
,,,,,,,1129,14771,7366,1812
,,,,,,,1130,14771,7366,1812
,,,,,,,1131,14771,7366,1812
,,,,,,,1132,14771,7366,1812
,,,,,,,1133,14771,7366,1812
,,,,,,,1134,14771,7366,1812
,,,,,,,1135,14771,7366,1812
,,,,,,,1136,14771,7366,1812
,,,,,,,1137,14771,7366,1812
,,,,,,,1138,14771,7366,1812
,,,,,,,1139,14771,7366,1812
,,,,,,,1140,14771,7366,1812
,,,,,,,1141,14771,7366,1812
,,,,,,,1142,14771,7366,1812
,,,,,,,1143,14771,7366,1812
,,,,,,,1144,14771,7366,1812
,,,,,,,1145,14771,7366,1812
,,,,,,,1146,14771,7366,1812
,,,,,,,1147,14771,7366,1812
,,,,,,,1148,14771,7366,1812
,,,,,,,1149,14771,7366,1812
,,,,,,,1150,14771,7366,1812
,,,,,,,1151,14771,7366,1812
,,,,,,,1152,14771,7366,1812
,,,,,,,1153,14771,7366,1812
,,,,,,,1154,14771,7366,1812
,,,,,,,1155,14771,7366,1812
,,,,,,,1156,14771,7366,1812
,,,,,,,1157,14771,7366,1812
,,,,,,,1158,14771,7366,1812
,,,,,,,1159,14771,7366,1812
,,,,,,,1160,14771,7366,1812
,,,,,,,1161,14771,7366,1812
,,,,,,,1162,14771,7366,1812
,,,,,,,1163,14771,7366,1812
,,,,,,,1164,14771,7366,1812
,,,,,,,1165,14771,7366,1812
,,,,,,,1166,14771,7366,1812
,,,,,,,1167,14771,7366,1812
,,,,,,,1168,14771,7366,1812
,,,,,,,1169,14771,7366,1812
,,,,,,,1170,14771,7366,1812
,,,,,,,1171,14771,7366,1812
,,,,,,,1172,14771,7366,1812
,,,,,,,1173,14771,7366,1812
,,,,,,,1174,14771,7366,1812
,,,,,,,1175,14771,7366,1812
,,,,,,,1176,14771,7366,1812
,,,,,,,1177,14771,7366,1812
,,,,,,,1178,14771,7366,1812
,,,,,,,1179,14771,7366,1812
,,,,,,,1180,14771,7366,1812
,,,,,,,1181,14771,7366,1812
,,,,,,,1182,14771,7366,1812
,,,,,,,1183,14771,7366,1812
,,,,,,,1184,14771,7366,1812
,,,,,,,1185,14771,7366,1812
,,,,,,,1186,14771,7366,1812
,,,,,,,1187,14771,7366,1812
,,,,,,,1188,14771,7366,1812
,,,,,,,1189,14771,7366,1812
,,,,,,,1190,14771,7366,1812
,,,,,,,1191,14771,7366,1812
,,,,,,,1192,14771,7366,1812
,,,,,,,1193,14771,7366,1812
,,,,,,,1194,14771,7366,1812
,,,,,,,1195,14771,7366,1812
,,,,,,,1196,14771,7366,1812
,,,,,,,1197,14771,7366,1812
,,,,,,,1198,14771,7366,1812
,,,,,,,1199,14771,7366,1812
,,,,,,,1200,14771,7366,1812
,,,,,,,1201,14771,7366,1812
,,,,,,,1202,14771,7366,1812
,,,,,,,1203,14771,7366,1812
,,,,,,,1204,14771,7366,1812
,,,,,,,1205,14771,7366,1812
,,,,,,,1206,14771,7366,1812
,,,,,,,1207,14771,7366,1812
,,,,,,,1208,14771,7366,1812
,,,,,,,1209,14771,7366,1812
,,,,,,,1210,14771,7366,1812
,,,,,,,1211,14771,7366,1812
,,,,,,,1212,14771,7366,1812
,,,,,,,1213,14771,7366,1812
,,,,,,,1214,14771,7366,1812
,,,,,,,1215,14771,7366,1812
,,,,,,,1216,14771,7366,1812
,,,,,,,1217,14771,7366,1812
,,,,,,,1218,14771,7366,1812
,,,,,,,1219,14771,7366,1812
,,,,,,,1220,14771,7366,1812
,,,,,,,1221,14771,7366,1812
,,,,,,,1222,14771,7366,1812
,,,,,,,1223,14771,7366,1812
,,,,,,,1224,14771,7366,1812
,,,,,,,1225,14771,7366,1812
,,,,,,,1226,14771,7366,1812
,,,,,,,1227,14771,7366,1812
,,,,,,,1228,14771,7366,1812
,,,,,,,1229,14771,7366,1812
,,,,,,,1230,14771,7366,1812
,,,,,,,1231,14771,7366,1812
,,,,,,,1232,14771,7366,1812
,,,,,,,1233,14771,7366,1812
,,,,,,,1234,14771,7366,1812
,,,,,,,1235,14771,7366,1812
,,,,,,,1236,14771,7366,1812
,,,,,,,1237,14771,7366,1812
,,,,,,,1238,14771,7366,1812
,,,,,,,1239,14771,7366,1812
,,,,,,,1240,14771,7366,1812
,,,,,,,1241,14771,7366,1812
,,,,,,,1242,14771,7366,1812
,,,,,,,1243,14771,7366,1812
,,,,,,,1244,14771,7366,1812
,,,,,,,1245,14771,7366,1812
,,,,,,,1246,14771,7366,1812
,,,,,,,1247,14771,7366,1812
,,,,,,,1248,14771,7366,1812
,,,,,,,1249,14771,7366,1812
,,,,,,,1250,14771,7366,1812
,,,,,,,1251,14771,7366,1812
,,,,,,,1252,14771,7366,1812
,,,,,,,1253,14771,7366,1812
,,,,,,,1254,14771,7366,1812
,,,,,,,1255,14771,7366,1812
,,,,,,,1256,14771,7366,1812
,,,,,,,1257,14771,7366,1812
,,,,,,,1258,14771,7366,1812
,,,,,,,1259,14771,7366,1812
,,,,,,,1260,14771,7366,1812
,,,,,,,1261,14771,7366,1812
,,,,,,,1262,14771,7366,1812
,,,,,,,1263,14771,7366,1812
,,,,,,,1264,14771,7366,1812
,,,,,,,1265,14771,7366,1812
,,,,,,,1266,14771,7366,1812
,,,,,,,1267,14771,7366,1812
,,,,,,,1268,14771,7366,1812
,,,,,,,1269,14771,7366,1812
,,,,,,,1270,14771,7366,1812
,,,,,,,1271,14771,7366,1812
,,,,,,,1272,14771,7366,1812
,,,,,,,1273,14771,7366,1812
,,,,,,,1274,14771,7366,1812
,,,,,,,1275,14771,7366,1812
,,,,,,,1276,14771,7366,1812
,,,,,,,1277,14771,7366,1812
,,,,,,,1278,14771,7366,1812
,,,,,,,1279,14771,7366,1812
,,,,,,,1280,14771,7366,1812
,,,,,,,1281,14771,7366,1812
,,,,,,,1282,14771,7366,1812
,,,,,,,1283,14771,7366,1812
,,,,,,,1284,14771,7366,1812
,,,,,,,1285,14771,7366,1812
,,,,,,,1286,14771,7366,1812
,,,,,,,1287,14771,7366,1812
,,,,,,,1288,14771,7366,1812
,,,,,,,1289,14771,7366,1812
,,,,,,,1290,14771,7366,1812
,,,,,,,1291,14771,7366,1812
,,,,,,,1292,14771,7366,1812
,,,,,,,1293,14771,7366,1812
,,,,,,,1294,14771,7366,1812
,,,,,,,1295,14771,7366,1812
,,,,,,,1296,14771,7366,1812
,,,,,,,1297,14771,7366,1812
,,,,,,,1298,14771,7366,1812
,,,,,,,1299,14771,7366,1812
,,,,,,,1300,14771,7366,1812
,,,,,,,1301,14771,7366,1812
,,,,,,,1302,14771,7366,1812
,,,,,,,1303,14771,7366,1812
,,,,,,,1304,14771,7366,1812
,,,,,,,1305,14771,7366,1812
,,,,,,,1306,14771,7366,1812
,,,,,,,1307,14771,7366,1812
,,,,,,,1308,14771,7366,1812
,,,,,,,1309,14771,7366,1812
,,,,,,,1310,14771,7366,1812
,,,,,,,1311,14771,7366,1812
,,,,,,,1312,14771,7366,1812
,,,,,,,1313,14771,7366,1812
,,,,,,,1314,14771,7366,1812
,,,,,,,1315,14771,7366,1812
,,,,,,,1316,14771,7366,1812
,,,,,,,1317,14771,7366,1812
,,,,,,,1318,14771,7366,1812
,,,,,,,1319,14771,7366,1812
,,,,,,,1320,14771,7366,1812
,,,,,,,1321,14771,7366,1812
,,,,,,,1322,14771,7366,1812
,,,,,,,1323,14771,7366,1812
,,,,,,,1324,14771,7366,1812
,,,,,,,1325,14771,7366,1812
,,,,,,,1326,14771,7366,1812
,,,,,,,1327,14771,7366,1812
,,,,,,,1328,14771,7366,1812
,,,,,,,1329,14771,7366,1812
,,,,,,,1330,14771,7366,1812
,,,,,,,1331,14771,7366,1812
,,,,,,,1332,14771,7366,1812
,,,,,,,1333,14771,7366,1812
,,,,,,,1334,14771,7366,1812
,,,,,,,1335,14771,7366,1812
,,,,,,,1336,14771,7366,1812
,,,,,,,1337,14771,7366,1812
,,,,,,,1338,14771,7366,1812
,,,,,,,1339,14771,7366,1812
,,,,,,,1340,14771,7366,1812
,,,,,,,1341,14771,7366,1812
,,,,,,,1342,14771,7366,1812
,,,,,,,1343,14771,7366,1812
,,,,,,,1344,14771,7366,1812
,,,,,,,1345,14771,7366,1812
,,,,,,,1346,14771,7366,1812
,,,,,,,1347,14771,7366,1812
,,,,,,,1348,14771,7366,1812
,,,,,,,1349,14771,7366,1812
,,,,,,,1350,14771,7366,1812
,,,,,,,1351,14771,7366,1812
,,,,,,,1352,14771,7366,1812
,,,,,,,1353,14771,7366,1812
,,,,,,,1354,14771,7366,1812
,,,,,,,1355,14771,7366,1812
,,,,,,,1356,14771,7366,1812
,,,,,,,1357,14771,7366,1812
,,,,,,,1358,14771,7366,1812
,,,,,,,1359,14771,7366,1812
,,,,,,,1360,14771,7366,1812
,,,,,,,1361,14771,7366,1812
,,,,,,,1362,14771,7366,1812
,,,,,,,1363,14771,7366,1812
,,,,,,,1364,14771,7366,1812
,,,,,,,1365,14771,7366,1812
,,,,,,,1366,14771,7366,1812
,,,,,,,1367,14771,7366,1812
,,,,,,,1368,14771,7366,1812
,,,,,,,1369,14771,7366,1812
,,,,,,,1370,14771,7366,1812
,,,,,,,1371,14771,7366,1812
,,,,,,,1372,14771,7366,1812
,,,,,,,1373,14771,7366,1812
,,,,,,,1374,14771,7366,1812
,,,,,,,1375,14771,7366,1812
,,,,,,,1376,14771,7366,1812
,,,,,,,1377,14771,7366,1812
,,,,,,,1378,14771,7366,1812
,,,,,,,1379,14771,7366,1812
,,,,,,,1380,14771,7366,1812
,,,,,,,1381,14771,7366,1812
,,,,,,,1382,14771,7366,1812
,,,,,,,1383,14771,7366,1812
,,,,,,,1384,14771,7366,1812
,,,,,,,1385,14771,7366,1812
,,,,,,,1386,14771,7366,1812
,,,,,,,1387,14771,7366,1812
,,,,,,,1388,14771,7366,1812
,,,,,,,1389,14771,7366,1812
,,,,,,,1390,14771,7366,1812
,,,,,,,1391,14771,7366,1812
,,,,,,,1392,14771,7366,1812
,,,,,,,1393,14771,7366,1812
,,,,,,,1394,14771,7366,1812
,,,,,,,1395,14771,7366,1812
,,,,,,,1396,14771,7366,1812
,,,,,,,1397,14771,7366,1812
,,,,,,,1398,14771,7366,1812
,,,,,,,1399,14771,7366,1812
,,,,,,,1400,14771,7366,1812
,,,,,,,1401,14771,7366,1812
,,,,,,,1402,14771,7366,1812
,,,,,,,1403,14771,7366,1812
,,,,,,,1404,14771,7366,1812
,,,,,,,1405,14771,7366,1812
,,,,,,,1406,14771,7366,1812
,,,,,,,1407,14771,7366,1812
,,,,,,,1408,14771,7366,1812
,,,,,,,1409,14771,7366,1812
,,,,,,,1410,14771,7366,1812
,,,,,,,1411,14771,7366,1812
,,,,,,,1412,14771,7366,1812
,,,,,,,1413,14771,7366,1812
,,,,,,,1414,14771,7366,1812
,,,,,,,1415,14771,7366,1812
,,,,,,,1416,14771,7366,1812
,,,,,,,1417,14771,7366,1812
,,,,,,,1418,14771,7366,1812
,,,,,,,1419,14771,7366,1812
,,,,,,,1420,14771,7366,1812
,,,,,,,1421,14771,7366,1812
,,,,,,,1422,14771,7366,1812
,,,,,,,1423,14771,7366,1812
,,,,,,,1424,14771,7366,1812
,,,,,,,1425,14771,7366,1812
,,,,,,,1426,14771,7366,1812
,,,,,,,1427,14771,7366,1812
,,,,,,,1428,14771,7366,1812
,,,,,,,1429,14771,7366,1812
,,,,,,,1430,14771,7366,1812
,,,,,,,1431,14771,7366,1812
,,,,,,,1432,14771,7366,1812
,,,,,,,1433,14771,7366,1812
,,,,,,,1434,14771,7366,1812
,,,,,,,1435,14771,7366,1812
,,,,,,,1436,14771,7366,1812
,,,,,,,1437,14771,7366,1812
,,,,,,,1438,14771,7366,1812
,,,,,,,1439,14771,7366,1812
,,,,,,,1440,14771,7366,1812
,,,,,,,1441,14771,7366,1812
,,,,,,,1442,14771,7366,1812
,,,,,,,1443,14771,7366,1812
,,,,,,,1444,14771,7366,1812
,,,,,,,1445,14771,7366,1812
,,,,,,,1446,14771,7366,1812
,,,,,,,1447,14771,7366,1812
,,,,,,,1448,14771,7366,1812
,,,,,,,1449,14771,7366,1812
,,,,,,,1450,14771,7366,1812
,,,,,,,1451,14771,7366,1812
,,,,,,,1452,14771,7366,1812
,,,,,,,1453,14771,7366,1812
,,,,,,,1454,14771,7366,1812
,,,,,,,1455,14771,7366,1812
,,,,,,,1456,14771,7366,1812
,,,,,,,1457,14771,7366,1812
,,,,,,,1458,14771,7366,1812
,,,,,,,1459,14771,7366,1812
,,,,,,,1460,14771,7366,1812
,,,,,,,1461,14771,7366,1812
,,,,,,,1462,14771,7366,1812
,,,,,,,1463,14771,7366,1812
,,,,,,,1464,14771,7366,1812
,,,,,,,1465,14771,7366,1812
,,,,,,,1466,14771,7366,1812
,,,,,,,1467,14771,7366,1812
,,,,,,,1468,14771,7366,1812
,,,,,,,1469,14771,7366,1812
,,,,,,,1470,14771,7366,1812
,,,,,,,1471,14771,7366,1812
,,,,,,,1472,14771,7366,1812
,,,,,,,1473,14771,7366,1812
,,,,,,,1474,14771,7366,1812
,,,,,,,1475,14771,7366,1812
,,,,,,,1476,14771,7366,1812
,,,,,,,1477,14771,7366,1812
,,,,,,,1478,14771,7366,1812
,,,,,,,1479,14771,7366,1812
,,,,,,,1480,14771,7366,1812
,,,,,,,1481,14771,7366,1812
,,,,,,,1482,14771,7366,1812
,,,,,,,1483,14771,7366,1812
,,,,,,,1484,14771,7366,1812
,,,,,,,1485,14771,7366,1812
,,,,,,,1486,14771,7366,1812
,,,,,,,1487,14771,7366,1812
,,,,,,,1488,14771,7366,1812
,,,,,,,1489,14771,7366,1812
,,,,,,,1490,14771,7366,1812
,,,,,,,1491,14771,7366,1812
,,,,,,,1492,14771,7366,1812
,,,,,,,1493,14771,7366,1812
,,,,,,,1494,14771,7366,1812
,,,,,,,1495,14771,7366,1812
,,,,,,,1496,14771,7366,1812
,,,,,,,1497,14771,7366,1812
,,,,,,,1498,14771,7366,1812
,,,,,,,1499,14771,7366,1812
,,,,,,,1500,14771,7366,1812
,,,,,,,1501,14771,7366,1812
,,,,,,,1502,14771,7366,1812
,,,,,,,1503,14771,7366,1812
,,,,,,,1504,14771,7366,1812
,,,,,,,1505,14771,7366,1812
,,,,,,,1506,14771,7366,1812
,,,,,,,1507,14771,7366,1812
,,,,,,,1508,14771,7366,1812
,,,,,,,1509,14771,7366,1812
,,,,,,,1510,14771,7366,1812
,,,,,,,1511,14771,7366,1812
,,,,,,,1512,14771,7366,1812
,,,,,,,1513,14771,7366,1812
,,,,,,,1514,14771,7366,1812
,,,,,,,1515,14771,7366,1812
,,,,,,,1516,14771,7366,1812
,,,,,,,1517,14771,7366,1812
,,,,,,,1518,14771,7366,1812
,,,,,,,1519,14771,7366,1812
,,,,,,,1520,14771,7366,1812
,,,,,,,1521,14771,7366,1812
,,,,,,,1522,14771,7366,1812
,,,,,,,1523,14771,7366,1812
,,,,,,,1524,14771,7366,1812
,,,,,,,1525,14771,7366,1812
,,,,,,,1526,14771,7366,1812
,,,,,,,1527,14771,7366,1812
,,,,,,,1528,14771,7366,1812
,,,,,,,1529,14771,7366,1812
,,,,,,,1530,14771,7366,1812
,,,,,,,1531,14771,7366,1812
,,,,,,,1532,14771,7366,1812
,,,,,,,1533,14771,7366,1812
,,,,,,,1534,14771,7366,1812
,,,,,,,1535,14771,7366,1812
,,,,,,,1536,14771,7366,1812
,,,,,,,1537,14771,7366,1812
,,,,,,,1538,14771,7366,1812
,,,,,,,1539,14771,7366,1812
,,,,,,,1540,14771,7366,1812
,,,,,,,1541,14771,7366,1812
,,,,,,,1542,14771,7366,1812
,,,,,,,1543,14771,7366,1812
,,,,,,,1544,14771,7366,1812
,,,,,,,1545,14771,7366,1812
,,,,,,,1546,14771,7366,1812
,,,,,,,1547,14771,7366,1812
,,,,,,,1548,14771,7366,1812
,,,,,,,1549,14771,7366,1812
,,,,,,,1550,14771,7366,1812
,,,,,,,1551,14771,7366,1812
,,,,,,,1552,14771,7366,1812
,,,,,,,1553,14771,7366,1812
,,,,,,,1554,14771,7366,1812
,,,,,,,1555,14771,7366,1812
,,,,,,,1556,14771,7366,1812
,,,,,,,1557,14771,7366,1812
,,,,,,,1558,14771,7366,1812
,,,,,,,1559,14771,7366,1812
,,,,,,,1560,14771,7366,1812
,,,,,,,1561,14771,7366,1812
,,,,,,,1562,14771,7366,1812
,,,,,,,1563,14771,7366,1812
,,,,,,,1564,14771,7366,1812
,,,,,,,1565,14771,7366,1812
,,,,,,,1566,14771,7366,1812
,,,,,,,1567,14771,7366,1812
,,,,,,,1568,14771,7366,1812
,,,,,,,1569,14771,7366,1812
,,,,,,,1570,14771,7366,1812
,,,,,,,1571,14771,7366,1812
,,,,,,,1572,14771,7366,1812
,,,,,,,1573,14771,7366,1812
,,,,,,,1574,14771,7366,1812
,,,,,,,1575,14771,7366,1812
,,,,,,,1576,14771,7366,1812
,,,,,,,1577,14771,7366,1812
,,,,,,,1578,14771,7366,1812
,,,,,,,1579,14771,7366,1812
,,,,,,,1580,14771,7366,1812
,,,,,,,1581,14771,7366,1812
,,,,,,,1582,14771,7366,1812
,,,,,,,1583,14771,7366,1812
,,,,,,,1584,14771,7366,1812
,,,,,,,1585,14771,7366,1812
,,,,,,,1586,14771,7366,1812
,,,,,,,1587,14771,7366,1812
,,,,,,,1588,14771,7366,1812
,,,,,,,1589,14771,7366,1812
,,,,,,,1590,14771,7366,1812
,,,,,,,1591,14771,7366,1812
,,,,,,,1592,14771,7366,1812
,,,,,,,1593,14771,7366,1812
,,,,,,,1594,14771,7366,1812
,,,,,,,1595,14771,7366,1812
,,,,,,,1596,14771,7366,1812
,,,,,,,1597,14771,7366,1812
,,,,,,,1598,14771,7366,1812
,,,,,,,1599,14771,7366,1812
,,,,,,,1600,14771,7366,1812
,,,,,,,1601,14771,7366,1812
,,,,,,,1602,14771,7366,1812
,,,,,,,1603,14771,7366,1812
,,,,,,,1604,14771,7366,1812
,,,,,,,1605,14771,7366,1812
,,,,,,,1606,14771,7366,1812
,,,,,,,1607,14771,7366,1812
,,,,,,,1608,14771,7366,1812
,,,,,,,1609,14771,7366,1812
,,,,,,,1610,14771,7366,1812
,,,,,,,1611,14771,7366,1812
,,,,,,,1612,14771,7366,1812
,,,,,,,1613,14771,7366,1812
,,,,,,,1614,14771,7366,1812
,,,,,,,1615,14771,7366,1812
,,,,,,,1616,14771,7366,1812
,,,,,,,1617,14771,7366,1812
,,,,,,,1618,14771,7366,1812
,,,,,,,1619,14771,7366,1812
,,,,,,,1620,14771,7366,1812
,,,,,,,1621,14771,7366,1812
,,,,,,,1622,14771,7366,1812
,,,,,,,1623,14771,7366,1812
,,,,,,,1624,14771,7366,1812
,,,,,,,1625,14771,7366,1812
,,,,,,,1626,14771,7366,1812
,,,,,,,1627,14771,7366,1812
,,,,,,,1628,14771,7366,1812
,,,,,,,1629,14771,7366,1812
,,,,,,,1630,14771,7366,1812
,,,,,,,1631,14771,7366,1812
,,,,,,,1632,14771,7366,1812
,,,,,,,1633,14771,7366,1812
,,,,,,,1634,14771,7366,1812
,,,,,,,1635,14771,7366,1812
,,,,,,,1636,14771,7366,1812
,,,,,,,1637,14771,7366,1812
,,,,,,,1638,14771,7366,1812
,,,,,,,1639,14771,7366,1812
,,,,,,,1640,14771,7366,1812
,,,,,,,1641,14771,7366,1812
,,,,,,,1642,14771,7366,1812
,,,,,,,1643,14771,7366,1812
,,,,,,,1644,14771,7366,1812
,,,,,,,1645,14771,7366,1812
,,,,,,,1646,14771,7366,1812
,,,,,,,1647,14771,7366,1812
,,,,,,,1648,14771,7366,1812
,,,,,,,1649,14771,7366,1812
,,,,,,,1650,14771,7366,1812
,,,,,,,1651,14771,7366,1812
,,,,,,,1652,14771,7366,1812
,,,,,,,1653,14771,7366,1812
,,,,,,,1654,14771,7366,1812
,,,,,,,1655,14771,7366,1812
,,,,,,,1656,14771,7366,1812
,,,,,,,1657,14771,7366,1812
,,,,,,,1658,14771,7366,1812
,,,,,,,1659,14771,7366,1812
,,,,,,,1660,14771,7366,1812
,,,,,,,1661,14771,7366,1812
,,,,,,,1662,14771,7366,1812
,,,,,,,1663,14771,7366,1812
,,,,,,,1664,14771,7366,1812
,,,,,,,1665,14771,7366,1812
,,,,,,,1666,14771,7366,1812
,,,,,,,1667,14771,7366,1812
,,,,,,,1668,14771,7366,1812
,,,,,,,1669,14771,7366,1812
,,,,,,,1670,14771,7366,1812
,,,,,,,1671,14771,7366,1812
,,,,,,,1672,14771,7366,1812
,,,,,,,1673,14771,7366,1812
,,,,,,,1674,14771,7366,1812
,,,,,,,1675,14771,7366,1812
,,,,,,,1676,14771,7366,1812
,,,,,,,1677,14771,7366,1812
,,,,,,,1678,14771,7366,1812
,,,,,,,1679,14771,7366,1812
,,,,,,,1680,14771,7366,1812
,,,,,,,1681,14771,7366,1812
,,,,,,,1682,14771,7366,1812
,,,,,,,1683,14771,7366,1812
,,,,,,,1684,14771,7366,1812
,,,,,,,1685,14771,7366,1812
,,,,,,,1686,14771,7366,1812
,,,,,,,1687,14771,7366,1812
,,,,,,,1688,14771,7366,1812
,,,,,,,1689,14771,7366,1812
,,,,,,,1690,14771,7366,1812
,,,,,,,1691,14771,7366,1812
,,,,,,,1692,14771,7366,1812
,,,,,,,1693,14771,7366,1812
,,,,,,,1694,14771,7366,1812
,,,,,,,1695,14771,7366,1812
,,,,,,,1696,14771,7366,1812
,,,,,,,1697,14771,7366,1812
,,,,,,,1698,14771,7366,1812
,,,,,,,1699,14771,7366,1812
,,,,,,,1700,14771,7366,1812
,,,,,,,1701,14771,7366,1812
,,,,,,,1702,14771,7366,1812
,,,,,,,1703,14771,7366,1812
,,,,,,,1704,14771,7366,1812
,,,,,,,1705,14771,7366,1812
,,,,,,,1706,14771,7366,1812
,,,,,,,1707,14771,7366,1812
,,,,,,,1708,14771,7366,1812
,,,,,,,1709,14771,7366,1812
,,,,,,,1710,14771,7366,1812
,,,,,,,1711,14771,7366,1812
,,,,,,,1712,14771,7366,1812
,,,,,,,1713,14771,7366,1812
,,,,,,,1714,14771,7366,1812
,,,,,,,1715,14771,7366,1812
,,,,,,,1716,14771,7366,1812
,,,,,,,1717,14771,7366,1812
,,,,,,,1718,14771,7366,1812
,,,,,,,1719,14771,7366,1812
,,,,,,,1720,14771,7366,1812
,,,,,,,1721,14771,7366,1812
,,,,,,,1722,14771,7366,1812
,,,,,,,1723,14771,7366,1812
,,,,,,,1724,14771,7366,1812
,,,,,,,1725,14771,7366,1812
,,,,,,,1726,14771,7366,1812
,,,,,,,1727,14771,7366,1812
,,,,,,,1728,14771,7366,1812
,,,,,,,1729,14771,7366,1812
,,,,,,,1730,14771,7366,1812
,,,,,,,1731,14771,7366,1812
,,,,,,,1732,14771,7366,1812
,,,,,,,1733,14771,7366,1812
,,,,,,,1734,14771,7366,1812
,,,,,,,1735,14771,7366,1812
,,,,,,,1736,14771,7366,1812
,,,,,,,1737,14771,7366,1812
,,,,,,,1738,14771,7366,1812
,,,,,,,1739,14771,7366,1812
,,,,,,,1740,14771,7366,1812
,,,,,,,1741,14771,7366,1812
,,,,,,,1742,14771,7366,1812
,,,,,,,1743,14771,7366,1812
,,,,,,,1744,14771,7366,1812
,,,,,,,1745,14771,7366,1812
,,,,,,,1746,14771,7366,1812
,,,,,,,1747,14771,7366,1812
,,,,,,,1748,14771,7366,1812
,,,,,,,1749,14771,7366,1812
,,,,,,,1750,14771,7366,1812
,,,,,,,1751,14771,7366,1812
,,,,,,,1752,14771,7366,1812
,,,,,,,1753,14771,7366,1812
,,,,,,,1754,14771,7366,1812
,,,,,,,1755,14771,7366,1812
,,,,,,,1756,14771,7366,1812
,,,,,,,1757,14771,7366,1812
,,,,,,,1758,14771,7366,1812
,,,,,,,1759,14771,7366,1812
,,,,,,,1760,14771,7366,1812
,,,,,,,1761,14771,7366,1812
,,,,,,,1762,14771,7366,1812
,,,,,,,1763,14771,7366,1812
,,,,,,,1764,14771,7366,1812
,,,,,,,1765,14771,7366,1812
,,,,,,,1766,14771,7366,1812
,,,,,,,1767,14771,7366,1812
,,,,,,,1768,14771,7366,1812
,,,,,,,1769,14771,7366,1812
,,,,,,,1770,14771,7366,1812
,,,,,,,1771,14771,7366,1812
,,,,,,,1772,14771,7366,1812
,,,,,,,1773,14771,7366,1812
,,,,,,,1774,14771,7366,1812
,,,,,,,1775,14771,7366,1812
,,,,,,,1776,14771,7366,1812
,,,,,,,1777,14771,7366,1812
,,,,,,,1778,14771,7366,1812
,,,,,,,1779,14771,7366,1812
,,,,,,,1780,14771,7366,1812
,,,,,,,1781,14771,7366,1812
,,,,,,,1782,14771,7366,1812
,,,,,,,1783,14771,7366,1812
,,,,,,,1784,14771,7366,1812
,,,,,,,1785,14771,7366,1812
,,,,,,,1786,14771,7366,1812
,,,,,,,1787,14771,7366,1812
,,,,,,,1788,14771,7366,1812
,,,,,,,1789,14771,7366,1812
,,,,,,,1790,14771,7366,1812
,,,,,,,1791,14771,7366,1812
,,,,,,,1792,14771,7366,1812
,,,,,,,1793,14771,7366,1812
,,,,,,,1794,14771,7366,1812
,,,,,,,1795,14771,7366,1812
,,,,,,,1796,14771,7366,1812
,,,,,,,1797,14771,7366,1812
,,,,,,,1798,14771,7366,1812
,,,,,,,1799,14771,7366,1812
,,,,,,,1800,14771,7366,1812
,,,,,,,1801,14771,7366,1812
,,,,,,,1802,14771,7366,1812
,,,,,,,1803,14771,7366,1812
,,,,,,,1804,14771,7366,1812
,,,,,,,1805,14771,7366,1812
,,,,,,,1806,14771,7366,1812
,,,,,,,1807,14771,7366,1812
,,,,,,,1808,14771,7366,1812
,,,,,,,1809,14771,7366,1812
,,,,,,,1810,14771,7366,1812
,,,,,,,1811,14771,7366,1812
,,,,,,,1812,14771,7366,1812
,,,,,,,1813,14771,7366,1812
,,,,,,,1814,14771,7366,1812
,,,,,,,1815,14771,7366,1812
,,,,,,,1816,14771,7366,1812
,,,,,,,1817,14771,7366,1812
,,,,,,,1818,14771,7366,1812
,,,,,,,1819,14771,7366,1812
,,,,,,,1820,14771,7366,1812
,,,,,,,1821,14771,7366,1812
,,,,,,,1822,14771,7366,1812
,,,,,,,1823,14771,7366,1812
,,,,,,,1824,14771,7366,1812
,,,,,,,1825,14771,7366,1812
,,,,,,,1826,14771,7366,1812
,,,,,,,1827,14771,7366,1812
,,,,,,,1828,14771,7366,1812
,,,,,,,1829,14771,7366,1812
,,,,,,,1830,14771,7366,1812
,,,,,,,1831,14771,7366,1812
,,,,,,,1832,14771,7366,1812
,,,,,,,1833,14771,7366,1812
,,,,,,,1834,14771,7366,1812
,,,,,,,1835,14771,7366,1812
,,,,,,,1836,14771,7366,1812
,,,,,,,1837,14771,7366,1812
,,,,,,,1838,14771,7366,1812
,,,,,,,1839,14771,7366,1812
,,,,,,,1840,14771,7366,1812
,,,,,,,1841,14771,7366,1812
,,,,,,,1842,14771,7366,1812
,,,,,,,1843,14771,7366,1812
,,,,,,,1844,14771,7366,1812
,,,,,,,1845,14771,7366,1812
,,,,,,,1846,14771,7366,1812
,,,,,,,1847,14771,7366,1812
,,,,,,,1848,14771,7366,1812
,,,,,,,1849,14771,7366,1812
,,,,,,,1850,14771,7366,1812
,,,,,,,1851,14771,7366,1812
,,,,,,,1852,14771,7366,1812
,,,,,,,1853,14771,7366,1812
,,,,,,,1854,14771,7366,1812
,,,,,,,1855,14771,7366,1812
,,,,,,,1856,14771,7366,1812
,,,,,,,1857,14771,7366,1812
,,,,,,,1858,14771,7366,1812
,,,,,,,1859,14771,7366,1812
,,,,,,,1860,14771,7366,1812
,,,,,,,1861,14771,7366,1812
,,,,,,,1862,14771,7366,1812
,,,,,,,1863,14771,7366,1812
,,,,,,,1864,14771,7366,1812
,,,,,,,1865,14771,7366,1812
,,,,,,,1866,14771,7366,1812
,,,,,,,1867,14771,7366,1812
,,,,,,,1868,14771,7366,1812
,,,,,,,1869,14771,7366,1812
,,,,,,,1870,14771,7366,1812
,,,,,,,1871,14771,7366,1812
,,,,,,,1872,14771,7366,1812
,,,,,,,1873,14771,7366,1812
,,,,,,,1874,14771,7366,1812
,,,,,,,1875,14771,7366,1812
,,,,,,,1876,14771,7366,1812
,,,,,,,1877,14771,7366,1812
,,,,,,,1878,14771,7366,1812
,,,,,,,1879,14771,7366,1812
,,,,,,,1880,14771,7366,1812
,,,,,,,1881,14771,7366,1812
,,,,,,,1882,14771,7366,1812
,,,,,,,1883,14771,7366,1812
,,,,,,,1884,14771,7366,1812
,,,,,,,1885,14771,7366,1812
,,,,,,,1886,14771,7366,1812
,,,,,,,1887,14771,7366,1812
,,,,,,,1888,14771,7366,1812
,,,,,,,1889,14771,7366,1812
,,,,,,,1890,14771,7366,1812
,,,,,,,1891,14771,7366,1812
,,,,,,,1892,14771,7366,1812
,,,,,,,1893,14771,7366,1812
,,,,,,,1894,14771,7366,1812
,,,,,,,1895,14771,7366,1812
,,,,,,,1896,14771,7366,1812
,,,,,,,1897,14771,7366,1812
,,,,,,,1898,14771,7366,1812
,,,,,,,1899,14771,7366,1812
,,,,,,,1900,14771,7366,1812
,,,,,,,1901,14771,7366,1812
,,,,,,,1902,14771,7366,1812
,,,,,,,1903,14771,7366,1812
,,,,,,,1904,14771,7366,1812
,,,,,,,1905,14771,7366,1812
,,,,,,,1906,14771,7366,1812
,,,,,,,1907,14771,7366,1812
,,,,,,,1908,14771,7366,1812
,,,,,,,1909,14771,7366,1812
,,,,,,,1910,14771,7366,1812
,,,,,,,1911,14771,7366,1812
,,,,,,,1912,14771,7366,1812
,,,,,,,1913,14771,7366,1812
,,,,,,,1914,14771,7366,1812
,,,,,,,1915,14771,7366,1812
,,,,,,,1916,14771,7366,1812
,,,,,,,1917,14771,7366,1812
,,,,,,,1918,14771,7366,1812
,,,,,,,1919,14771,7366,1812
,,,,,,,1920,14771,7366,1812
,,,,,,,1921,14771,7366,1812
,,,,,,,1922,14771,7366,1812
,,,,,,,1923,14771,7366,1812
,,,,,,,1924,14771,7366,1812
,,,,,,,1925,14771,7366,1812
,,,,,,,1926,14771,7366,1812
,,,,,,,1927,14771,7366,1812
,,,,,,,1928,14771,7366,1812
,,,,,,,1929,14771,7366,1812
,,,,,,,1930,14771,7366,1812
,,,,,,,1931,14771,7366,1812
,,,,,,,1932,14771,7366,1812
,,,,,,,1933,14771,7366,1812
,,,,,,,1934,14771,7366,1812
,,,,,,,1935,14771,7366,1812
,,,,,,,1936,14771,7366,1812
,,,,,,,1937,14771,7366,1812
,,,,,,,1938,14771,7366,1812
,,,,,,,1939,14771,7366,1812
,,,,,,,1940,14771,7366,1812
,,,,,,,1941,14771,7366,1812
,,,,,,,1942,14771,7366,1812
,,,,,,,1943,14771,7366,1812
,,,,,,,1944,14771,7366,1812
,,,,,,,1945,14771,7366,1812
,,,,,,,1946,14771,7366,1812
,,,,,,,1947,14771,7366,1812
,,,,,,,1948,14771,7366,1812
,,,,,,,1949,14771,7366,1812
,,,,,,,1950,14771,7366,1812
,,,,,,,1951,14771,7366,1812
,,,,,,,1952,14771,7366,1812
,,,,,,,1953,14771,7366,1812
,,,,,,,1954,14771,7366,1812
,,,,,,,1955,14771,7366,1812
,,,,,,,1956,14771,7366,1812
,,,,,,,1957,14771,7366,1812
,,,,,,,1958,14771,7366,1812
,,,,,,,1959,14771,7366,1812
,,,,,,,1960,14771,7366,1812
,,,,,,,1961,14771,7366,1812
,,,,,,,1962,14771,7366,1812
,,,,,,,1963,14771,7366,1812
,,,,,,,1964,14771,7366,1812
,,,,,,,1965,14771,7366,1812
,,,,,,,1966,14771,7366,1812
,,,,,,,1967,14771,7366,1812
,,,,,,,1968,14771,7366,1812
,,,,,,,1969,14771,7366,1812
,,,,,,,1970,14771,7366,1812
,,,,,,,1971,14771,7366,1812
,,,,,,,1972,14771,7366,1812
,,,,,,,1973,14771,7366,1812
,,,,,,,1974,14771,7366,1812
,,,,,,,1975,14771,7366,1812
,,,,,,,1976,14771,7366,1812
,,,,,,,1977,14771,7366,1812
,,,,,,,1978,14771,7366,1812
,,,,,,,1979,14771,7366,1812
,,,,,,,1980,14771,7366,1812
,,,,,,,1981,14771,7366,1812
,,,,,,,1982,14771,7366,1812
,,,,,,,1983,14771,7366,1812
,,,,,,,1984,14771,7366,1812
,,,,,,,1985,14771,7366,1812
,,,,,,,1986,14771,7366,1812
,,,,,,,1987,14771,7366,1812
,,,,,,,1988,14771,7366,1812
,,,,,,,1989,14771,7366,1812
,,,,,,,1990,14771,7366,1812
,,,,,,,1991,14771,7366,1812
,,,,,,,1992,14771,7366,1812
,,,,,,,1993,14771,7366,1812
,,,,,,,1994,14771,7366,1812
,,,,,,,1995,14771,7366,1812
,,,,,,,1996,14771,7366,1812
,,,,,,,1997,14771,7366,1812
,,,,,,,1998,14771,7366,1812
,,,,,,,1999,14771,7366,1812
,,,,,,,2000,14771,7366,1812
,,,,,,,2001,14771,7366,1812
,,,,,,,2002,14771,7366,1812
,,,,,,,2003,14771,7366,1812
,,,,,,,2004,14771,7366,1812
,,,,,,,2005,14771,7366,1812
,,,,,,,2006,14771,7366,1812
,,,,,,,2007,14771,7366,1812
,,,,,,,2008,14771,7366,1812
,,,,,,,2009,14771,7366,1812
,,,,,,,2010,14771,7366,1812
,,,,,,,2011,14771,7366,1812
,,,,,,,2012,14771,7366,1812
,,,,,,,2013,14771,7366,1812
,,,,,,,2014,14771,7366,1812
,,,,,,,2015,14771,7366,1812
,,,,,,,2016,14771,7366,1812
,,,,,,,2017,14771,7366,1812
,,,,,,,2018,14771,7366,1812
,,,,,,,2019,14771,7366,1812
,,,,,,,2020,14771,7366,1812
,,,,,,,2021,14771,7366,1812
,,,,,,,2022,14771,7366,1812
,,,,,,,2023,14771,7366,1812
,,,,,,,2024,14771,7366,1812
,,,,,,,2025,14771,7366,1812
,,,,,,,2026,14771,7366,1812
,,,,,,,2027,14771,7366,1812
,,,,,,,2028,14771,7366,1812
,,,,,,,2029,14771,7366,1812
,,,,,,,2030,14771,7366,1812
,,,,,,,2031,14771,7366,1812
,,,,,,,2032,14771,7366,1812
,,,,,,,2033,14771,7366,1812
,,,,,,,2034,14771,7366,1812
,,,,,,,2035,14771,7366,1812
,,,,,,,2036,14771,7366,1812
,,,,,,,2037,14771,7366,1812
,,,,,,,2038,14771,7366,1812
,,,,,,,2039,14771,7366,1812
,,,,,,,2040,14771,7366,1812
,,,,,,,2041,14771,7366,1812
,,,,,,,2042,14771,7366,1812
,,,,,,,2043,14771,7366,1812
,,,,,,,2044,14771,7366,1812
,,,,,,,2045,14771,7366,1812
,,,,,,,2046,14771,7366,1812
,,,,,,,2047,14771,7366,1812
,,,,,,,2048,14771,7366,1812
,,,,,,,2049,14771,7366,1812
,,,,,,,2050,14771,7366,1812
,,,,,,,2051,14771,7366,1812
,,,,,,,2052,14771,7366,1812
,,,,,,,2053,14771,7366,1812
,,,,,,,2054,14771,7366,1812
,,,,,,,2055,14771,7366,1812
,,,,,,,2056,14771,7366,1812
,,,,,,,2057,14771,7366,1812
,,,,,,,2058,14771,7366,1812
,,,,,,,2059,14771,7366,1812
,,,,,,,2060,14771,7366,1812
,,,,,,,2061,14771,7366,1812
,,,,,,,2062,14771,7366,1812
,,,,,,,2063,14771,7366,1812
,,,,,,,2064,14771,7366,1812
,,,,,,,2065,14771,7366,1812
,,,,,,,2066,14771,7366,1812
,,,,,,,2067,14771,7366,1812
,,,,,,,2068,14771,7366,1812
,,,,,,,2069,14771,7366,1812
,,,,,,,2070,14771,7366,1812
,,,,,,,2071,14771,7366,1812
,,,,,,,2072,14771,7366,1812
,,,,,,,2073,14771,7366,1812
,,,,,,,2074,14771,7366,1812
,,,,,,,2075,14771,7366,1812
,,,,,,,2076,14771,7366,1812
,,,,,,,2077,14771,7366,1812
,,,,,,,2078,14771,7366,1812
,,,,,,,2079,14771,7366,1812
,,,,,,,2080,14771,7366,1812
,,,,,,,2081,14771,7366,1812
,,,,,,,2082,14771,7366,1812
,,,,,,,2083,14771,7366,1812
,,,,,,,2084,14771,7366,1812
,,,,,,,2085,14771,7366,1812
,,,,,,,2086,14771,7366,1812
,,,,,,,2087,14771,7366,1812
,,,,,,,2088,14771,7366,1812
,,,,,,,2089,14771,7366,1812
,,,,,,,2090,14771,7366,1812
,,,,,,,2091,14771,7366,1812
,,,,,,,2092,14771,7366,1812
,,,,,,,2093,14771,7366,1812
,,,,,,,2094,14771,7366,1812
,,,,,,,2095,14771,7366,1812
,,,,,,,2096,14771,7366,1812
,,,,,,,2097,14771,7366,1812
,,,,,,,2098,14771,7366,1812
,,,,,,,2099,14771,7366,1812
,,,,,,,2100,14771,7366,1812
,,,,,,,2101,14771,7366,1812
,,,,,,,2102,14771,7366,1812
,,,,,,,2103,14771,7366,1812
,,,,,,,2104,14771,7366,1812
,,,,,,,2105,14771,7366,1812
,,,,,,,2106,14771,7366,1812
,,,,,,,2107,14771,7366,1812
,,,,,,,2108,14771,7366,1812
,,,,,,,2109,14771,7366,1812
,,,,,,,2110,14771,7366,1812
,,,,,,,2111,14771,7366,1812
,,,,,,,2112,14771,7366,1812
,,,,,,,2113,14771,7366,1812
,,,,,,,2114,14771,7366,1812
,,,,,,,2115,14771,7366,1812
,,,,,,,2116,14771,7366,1812
,,,,,,,2117,14771,7366,1812
,,,,,,,2118,14771,7366,1812
,,,,,,,2119,14771,7366,1812
,,,,,,,2120,14771,7366,1812
,,,,,,,2121,14771,7366,1812
,,,,,,,2122,14771,7366,1812
,,,,,,,2123,14771,7366,1812
,,,,,,,2124,14771,7366,1812
,,,,,,,2125,14771,7366,1812
,,,,,,,2126,14771,7366,1812
,,,,,,,2127,14771,7366,1812
,,,,,,,2128,14771,7366,1812
,,,,,,,2129,14771,7366,1812
,,,,,,,2130,14771,7366,1812
,,,,,,,2131,14771,7366,1812
,,,,,,,2132,14771,7366,1812
,,,,,,,2133,14771,7366,1812
,,,,,,,2134,14771,7366,1812
,,,,,,,2135,14771,7366,1812
,,,,,,,2136,14771,7366,1812
,,,,,,,2137,14771,7366,1812
,,,,,,,2138,14771,7366,1812
,,,,,,,2139,14771,7366,1812
,,,,,,,2140,14771,7366,1812
,,,,,,,2141,14771,7366,1812
,,,,,,,2142,14771,7366,1812
,,,,,,,2143,14771,7366,1812
,,,,,,,2144,14771,7366,1812
,,,,,,,2145,14771,7366,1812
,,,,,,,2146,14771,7366,1812
,,,,,,,2147,14771,7366,1812
,,,,,,,2148,14771,7366,1812
,,,,,,,2149,14771,7366,1812
,,,,,,,2150,14771,7366,1812
,,,,,,,2151,14771,7366,1812
,,,,,,,2152,14771,7366,1812
,,,,,,,2153,14771,7366,1812
,,,,,,,2154,14771,7366,1812
,,,,,,,2155,14771,7366,1812
,,,,,,,2156,14771,7366,1812
,,,,,,,2157,14771,7366,1812
,,,,,,,2158,14771,7366,1812
,,,,,,,2159,14771,7366,1812
,,,,,,,2160,14771,7366,1812
,,,,,,,2161,14771,7366,1812
,,,,,,,2162,14771,7366,1812
,,,,,,,2163,14771,7366,1812
,,,,,,,2164,14771,7366,1812
,,,,,,,2165,14771,7366,1812
,,,,,,,2166,14771,7366,1812
,,,,,,,2167,14771,7366,1812
,,,,,,,2168,14771,7366,1812
,,,,,,,2169,14771,7366,1812
,,,,,,,2170,14771,7366,1812
,,,,,,,2171,14771,7366,1812
,,,,,,,2172,14771,7366,1812
,,,,,,,2173,14771,7366,1812
,,,,,,,2174,14771,7366,1812
,,,,,,,2175,14771,7366,1812
,,,,,,,2176,14771,7366,1812
,,,,,,,2177,14771,7366,1812
,,,,,,,2178,14771,7366,1812
,,,,,,,2179,14771,7366,1812
,,,,,,,2180,14771,7366,1812
,,,,,,,2181,14771,7366,1812
,,,,,,,2182,14771,7366,1812
,,,,,,,2183,14771,7366,1812
,,,,,,,2184,14771,7366,1812
,,,,,,,2185,14771,7366,1812
,,,,,,,2186,14771,7366,1812
,,,,,,,2187,14771,7366,1812
,,,,,,,2188,14771,7366,1812
,,,,,,,2189,14771,7366,1812
,,,,,,,2190,14771,7366,1812
,,,,,,,2191,14771,7366,1812
,,,,,,,2192,14771,7366,1812
,,,,,,,2193,14771,7366,1812
,,,,,,,2194,14771,7366,1812
,,,,,,,2195,14771,7366,1812
,,,,,,,2196,14771,7366,1812
,,,,,,,2197,14771,7366,1812
,,,,,,,2198,14771,7366,1812
,,,,,,,2199,14771,7366,1812
,,,,,,,2200,14771,7366,1812
,,,,,,,2201,14771,7366,1812
,,,,,,,2202,14771,7366,1812
,,,,,,,2203,14771,7366,1812
,,,,,,,2204,14771,7366,1812
,,,,,,,2205,14771,7366,1812
,,,,,,,2206,14771,7366,1812
,,,,,,,2207,14771,7366,1812
,,,,,,,2208,14771,7366,1812
,,,,,,,2209,14771,7366,1812
,,,,,,,2210,14771,7366,1812
,,,,,,,2211,14771,7366,1812
,,,,,,,2212,14771,7366,1812
,,,,,,,2213,14771,7366,1812
,,,,,,,2214,14771,7366,1812
,,,,,,,2215,14771,7366,1812
,,,,,,,2216,14771,7366,1812
,,,,,,,2217,14771,7366,1812
,,,,,,,2218,14771,7366,1812
,,,,,,,2219,14771,7366,1812
,,,,,,,2220,14771,7366,1812
,,,,,,,2221,14771,7366,1812
,,,,,,,2222,14771,7366,1812
,,,,,,,2223,14771,7366,1812
,,,,,,,2224,14771,7366,1812
,,,,,,,2225,14771,7366,1812
,,,,,,,2226,14771,7366,1812
,,,,,,,2227,14771,7366,1812
,,,,,,,2228,14771,7366,1812
,,,,,,,2229,14771,7366,1812
,,,,,,,2230,14771,7366,1812
,,,,,,,2231,14771,7366,1812
,,,,,,,2232,14771,7366,1812
,,,,,,,2233,14771,7366,1812
,,,,,,,2234,14771,7366,1812
,,,,,,,2235,14771,7366,1812
,,,,,,,2236,14771,7366,1812
,,,,,,,2237,14771,7366,1812
,,,,,,,2238,14771,7366,1812
,,,,,,,2239,14771,7366,1812
,,,,,,,2240,14771,7366,1812
,,,,,,,2241,14771,7366,1812
,,,,,,,2242,14771,7366,1812
,,,,,,,2243,14771,7366,1812
,,,,,,,2244,14771,7366,1812
,,,,,,,2245,14771,7366,1812
,,,,,,,2246,14771,7366,1812
,,,,,,,2247,14771,7366,1812
,,,,,,,2248,14771,7366,1812
,,,,,,,2249,14771,7366,1812
,,,,,,,2250,14771,7366,1812
,,,,,,,2251,14771,7366,1812
,,,,,,,2252,14771,7366,1812
,,,,,,,2253,14771,7366,1812
,,,,,,,2254,14771,7366,1812
,,,,,,,2255,14771,7366,1812
,,,,,,,2256,14771,7366,1812
,,,,,,,2257,14771,7366,1812
,,,,,,,2258,14771,7366,1812
,,,,,,,2259,14771,7366,1812
,,,,,,,2260,14771,7366,1812
,,,,,,,2261,14771,7366,1812
,,,,,,,2262,14771,7366,1812
,,,,,,,2263,14771,7366,1812
,,,,,,,2264,14771,7366,1812
,,,,,,,2265,14771,7366,1812
,,,,,,,2266,14771,7366,1812
,,,,,,,2267,14771,7366,1812
,,,,,,,2268,14771,7366,1812
,,,,,,,2269,14771,7366,1812
,,,,,,,2270,14771,7366,1812
,,,,,,,2271,14771,7366,1812
,,,,,,,2272,14771,7366,1812
,,,,,,,2273,14771,7366,1812
,,,,,,,2274,14771,7366,1812
,,,,,,,2275,14771,7366,1812
,,,,,,,2276,14771,7366,1812
,,,,,,,2277,14771,7366,1812
,,,,,,,2278,14771,7366,1812
,,,,,,,2279,14771,7366,1812
,,,,,,,2280,14771,7366,1812
,,,,,,,2281,14771,7366,1812
,,,,,,,2282,14771,7366,1812
,,,,,,,2283,14771,7366,1812
,,,,,,,2284,14771,7366,1812
,,,,,,,2285,14771,7366,1812
,,,,,,,2286,14771,7366,1812
,,,,,,,2287,14771,7366,1812
,,,,,,,2288,14771,7366,1812
,,,,,,,2289,14771,7366,1812
,,,,,,,2290,14771,7366,1812
,,,,,,,2291,14771,7366,1812
,,,,,,,2292,14771,7366,1812
,,,,,,,2293,14771,7366,1812
,,,,,,,2294,14771,7366,1812
,,,,,,,2295,14771,7366,1812
,,,,,,,2296,14771,7366,1812
,,,,,,,2297,14771,7366,1812
,,,,,,,2298,14771,7366,1812
,,,,,,,2299,14771,7366,1812
,,,,,,,2300,14771,7366,1812
,,,,,,,2301,14771,7366,1812
,,,,,,,2302,14771,7366,1812
,,,,,,,2303,14771,7366,1812
,,,,,,,2304,14771,7366,1812
,,,,,,,2305,14771,7366,1812
,,,,,,,2306,14771,7366,1812
,,,,,,,2307,14771,7366,1812
,,,,,,,2308,14771,7366,1812
,,,,,,,2309,14771,7366,1812
,,,,,,,2310,14771,7366,1812
,,,,,,,2311,14771,7366,1812
,,,,,,,2312,14771,7366,1812
,,,,,,,2313,14771,7366,1812
,,,,,,,2314,14771,7366,1812
,,,,,,,2315,14771,7366,1812
,,,,,,,2316,14771,7366,1812
,,,,,,,2317,14771,7366,1812
,,,,,,,2318,14771,7366,1812
,,,,,,,2319,14771,7366,1812
,,,,,,,2320,14771,7366,1812
,,,,,,,2321,14771,7366,1812
,,,,,,,2322,14771,7366,1812
,,,,,,,2323,14771,7366,1812
,,,,,,,2324,14771,7366,1812
,,,,,,,2325,14771,7366,1812
,,,,,,,2326,14771,7366,1812
,,,,,,,2327,14771,7366,1812
,,,,,,,2328,14771,7366,1812
,,,,,,,2329,14771,7366,1812
,,,,,,,2330,14771,7366,1812
,,,,,,,2331,14771,7366,1812
,,,,,,,2332,14771,7366,1812
,,,,,,,2333,14771,7366,1812
,,,,,,,2334,14771,7366,1812
,,,,,,,2335,14771,7366,1812
,,,,,,,2336,14771,7366,1812
,,,,,,,2337,14771,7366,1812
,,,,,,,2338,14771,7366,1812
,,,,,,,2339,14771,7366,1812
,,,,,,,2340,14771,7366,1812
,,,,,,,2341,14771,7366,1812
,,,,,,,2342,14771,7366,1812
,,,,,,,2343,14771,7366,1812
,,,,,,,2344,14771,7366,1812
,,,,,,,2345,14771,7366,1812
,,,,,,,2346,14771,7366,1812
,,,,,,,2347,14771,7366,1812
,,,,,,,2348,14771,7366,1812
,,,,,,,2349,14771,7366,1812
,,,,,,,2350,14771,7366,1812
,,,,,,,2351,14771,7366,1812
,,,,,,,2352,14771,7366,1812
,,,,,,,2353,14771,7366,1812
,,,,,,,2354,14771,7366,1812
,,,,,,,2355,14771,7366,1812
,,,,,,,2356,14771,7366,1812
,,,,,,,2357,14771,7366,1812
,,,,,,,2358,14771,7366,1812
,,,,,,,2359,14771,7366,1812
,,,,,,,2360,14771,7366,1812
,,,,,,,2361,14771,7366,1812
,,,,,,,2362,14771,7366,1812
,,,,,,,2363,14771,7366,1812
,,,,,,,2364,14771,7366,1812
,,,,,,,2365,14771,7366,1812
,,,,,,,2366,14771,7366,1812
,,,,,,,2367,14771,7366,1812
,,,,,,,2368,14771,7366,1812
,,,,,,,2369,14771,7366,1812
,,,,,,,2370,14771,7366,1812
,,,,,,,2371,14771,7366,1812
,,,,,,,2372,14771,7366,1812
,,,,,,,2373,14771,7366,1812
,,,,,,,2374,14771,7366,1812
,,,,,,,2375,14771,7366,1812
,,,,,,,2376,14771,7366,1812
,,,,,,,2377,14771,7366,1812
,,,,,,,2378,14771,7366,1812
,,,,,,,2379,14771,7366,1812
,,,,,,,2380,14771,7366,1812
,,,,,,,2381,14771,7366,1812
,,,,,,,2382,14771,7366,1812
,,,,,,,2383,14771,7366,1812
,,,,,,,2384,14771,7366,1812
,,,,,,,2385,14771,7366,1812
,,,,,,,2386,14771,7366,1812
,,,,,,,2387,14771,7366,1812
,,,,,,,2388,14771,7366,1812
,,,,,,,2389,14771,7366,1812
,,,,,,,2390,14771,7366,1812
,,,,,,,2391,14771,7366,1812
,,,,,,,2392,14771,7366,1812
,,,,,,,2393,14771,7366,1812
,,,,,,,2394,14771,7366,1812
,,,,,,,2395,14771,7366,1812
,,,,,,,2396,14771,7366,1812
,,,,,,,2397,14771,7366,1812
,,,,,,,2398,14771,7366,1812
,,,,,,,2399,14771,7366,1812
,,,,,,,2400,14771,7366,1812
,,,,,,,2401,14771,7366,1812
,,,,,,,2402,14771,7366,1812
,,,,,,,2403,14771,7366,1812
,,,,,,,2404,14771,7366,1812
,,,,,,,2405,14771,7366,1812
,,,,,,,2406,14771,7366,1812
,,,,,,,2407,14771,7366,1812
,,,,,,,2408,14771,7366,1812
,,,,,,,2409,14771,7366,1812
,,,,,,,2410,14771,7366,1812
,,,,,,,2411,14771,7366,1812
,,,,,,,2412,14771,7366,1812
,,,,,,,2413,14771,7366,1812
,,,,,,,2414,14771,7366,1812
,,,,,,,2415,14771,7366,1812
,,,,,,,2416,14771,7366,1812
,,,,,,,2417,14771,7366,1812
,,,,,,,2418,14771,7366,1812
,,,,,,,2419,14771,7366,1812
,,,,,,,2420,14771,7366,1812
,,,,,,,2421,14771,7366,1812
,,,,,,,2422,14771,7366,1812
,,,,,,,2423,14771,7366,1812
,,,,,,,2424,14771,7366,1812
,,,,,,,2425,14771,7366,1812
,,,,,,,2426,14771,7366,1812
,,,,,,,2427,14771,7366,1812
,,,,,,,2428,14771,7366,1812
,,,,,,,2429,14771,7366,1812
,,,,,,,2430,14771,7366,1812
,,,,,,,2431,14771,7366,1812
,,,,,,,2432,14771,7366,1812
,,,,,,,2433,14771,7366,1812
,,,,,,,2434,14771,7366,1812
,,,,,,,2435,14771,7366,1812
,,,,,,,2436,14771,7366,1812
,,,,,,,2437,14771,7366,1812
,,,,,,,2438,14771,7366,1812
,,,,,,,2439,14771,7366,1812
,,,,,,,2440,14771,7366,1812
,,,,,,,2441,14771,7366,1812
,,,,,,,2442,14771,7366,1812
,,,,,,,2443,14771,7366,1812
,,,,,,,2444,14771,7366,1812
,,,,,,,2445,14771,7366,1812
,,,,,,,2446,14771,7366,1812
,,,,,,,2447,14771,7366,1812
,,,,,,,2448,14771,7366,1812
,,,,,,,2449,14771,7366,1812
,,,,,,,2450,14771,7366,1812
,,,,,,,2451,14771,7366,1812
,,,,,,,2452,14771,7366,1812
,,,,,,,2453,14771,7366,1812
,,,,,,,2454,14771,7366,1812
,,,,,,,2455,14771,7366,1812
,,,,,,,2456,14771,7366,1812
,,,,,,,2457,14771,7366,1812
,,,,,,,2458,14771,7366,1812
,,,,,,,2459,14771,7366,1812
,,,,,,,2460,14771,7366,1812
,,,,,,,2461,14771,7366,1812
,,,,,,,2462,14771,7366,1812
,,,,,,,2463,14771,7366,1812
,,,,,,,2464,14771,7366,1812
,,,,,,,2465,14771,7366,1812
,,,,,,,2466,14771,7366,1812
,,,,,,,2467,14771,7366,1812
,,,,,,,2468,14771,7366,1812
,,,,,,,2469,14771,7366,1812
,,,,,,,2470,14771,7366,1812
,,,,,,,2471,14771,7366,1812
,,,,,,,2472,14771,7366,1812
,,,,,,,2473,14771,7366,1812
,,,,,,,2474,14771,7366,1812
,,,,,,,2475,14771,7366,1812
,,,,,,,2476,14771,7366,1812
,,,,,,,2477,14771,7366,1812
,,,,,,,2478,14771,7366,1812
,,,,,,,2479,14771,7366,1812
,,,,,,,2480,14771,7366,1812
,,,,,,,2481,14771,7366,1812
,,,,,,,2482,14771,7366,1812
,,,,,,,2483,14771,7366,1812
,,,,,,,2484,14771,7366,1812
,,,,,,,2485,14771,7366,1812
,,,,,,,2486,14771,7366,1812
,,,,,,,2487,14771,7366,1812
,,,,,,,2488,14771,7366,1812
,,,,,,,2489,14771,7366,1812
,,,,,,,2490,14771,7366,1812
,,,,,,,2491,14771,7366,1812
,,,,,,,2492,14771,7366,1812
,,,,,,,2493,14771,7366,1812
,,,,,,,2494,14771,7366,1812
,,,,,,,2495,14771,7366,1812
,,,,,,,2496,14771,7366,1812
,,,,,,,2497,14771,7366,1812
,,,,,,,2498,14771,7366,1812
,,,,,,,2499,14771,7366,1812
,,,,,,,2500,14771,7366,1812
,,,,,,,2501,14771,7366,1812
,,,,,,,2502,14771,7366,1812
,,,,,,,2503,14771,7366,1812
,,,,,,,2504,14771,7366,1812
,,,,,,,2505,14771,7366,1812
,,,,,,,2506,14771,7366,1812
,,,,,,,2507,14771,7366,1812
,,,,,,,2508,14771,7366,1812
,,,,,,,2509,14771,7366,1812
,,,,,,,2510,14771,7366,1812
,,,,,,,2511,14771,7366,1812
,,,,,,,2512,14771,7366,1812
,,,,,,,2513,14771,7366,1812
,,,,,,,2514,14771,7366,1812
,,,,,,,2515,14771,7366,1812
,,,,,,,2516,14771,7366,1812
,,,,,,,2517,14771,7366,1812
,,,,,,,2518,14771,7366,1812
,,,,,,,2519,14771,7366,1812
,,,,,,,2520,14771,7366,1812
,,,,,,,2521,14771,7366,1812
,,,,,,,2522,14771,7366,1812
,,,,,,,2523,14771,7366,1812
,,,,,,,2524,14771,7366,1812
,,,,,,,2525,14771,7366,1812
,,,,,,,2526,14771,7366,1812
,,,,,,,2527,14771,7366,1812
,,,,,,,2528,14771,7366,1812
,,,,,,,2529,14771,7366,1812
,,,,,,,2530,14771,7366,1812
,,,,,,,2531,14771,7366,1812
,,,,,,,2532,14771,7366,1812
,,,,,,,2533,14771,7366,1812
,,,,,,,2534,14771,7366,1812
,,,,,,,2535,14771,7366,1812
,,,,,,,2536,14771,7366,1812
,,,,,,,2537,14771,7366,1812
,,,,,,,2538,14771,7366,1812
,,,,,,,2539,14771,7366,1812
,,,,,,,2540,14771,7366,1812
,,,,,,,2541,14771,7366,1812
,,,,,,,2542,14771,7366,1812
,,,,,,,2543,14771,7366,1812
,,,,,,,2544,14771,7366,1812
,,,,,,,2545,14771,7366,1812
,,,,,,,2546,14771,7366,1812
,,,,,,,2547,14771,7366,1812
,,,,,,,2548,14771,7366,1812
,,,,,,,2549,14771,7366,1812
,,,,,,,2550,14771,7366,1812
,,,,,,,2551,14771,7366,1812
,,,,,,,2552,14771,7366,1812
,,,,,,,2553,14771,7366,1812
,,,,,,,2554,14771,7366,1812
,,,,,,,2555,14771,7366,1812
,,,,,,,2556,14771,7366,1812
,,,,,,,2557,14771,7366,1812
,,,,,,,2558,14771,7366,1812
,,,,,,,2559,14771,7366,1812
,,,,,,,2560,14771,7366,1812
,,,,,,,2561,14771,7366,1812
,,,,,,,2562,14771,7366,1812
,,,,,,,2563,14771,7366,1812
,,,,,,,2564,14771,7366,1812
,,,,,,,2565,14771,7366,1812
,,,,,,,2566,14771,7366,1812
,,,,,,,2567,14771,7366,1812
,,,,,,,2568,14771,7366,1812
,,,,,,,2569,14771,7366,1812
,,,,,,,2570,14771,7366,1812
,,,,,,,2571,14771,7366,1812
,,,,,,,2572,14771,7366,1812
,,,,,,,2573,14771,7366,1812
,,,,,,,2574,14771,7366,1812
,,,,,,,2575,14771,7366,1812
,,,,,,,2576,14771,7366,1812
,,,,,,,2577,14771,7366,1812
,,,,,,,2578,14771,7366,1812
,,,,,,,2579,14771,7366,1812
,,,,,,,2580,14771,7366,1812
,,,,,,,2581,14771,7366,1812
,,,,,,,2582,14771,7366,1812
,,,,,,,2583,14771,7366,1812
,,,,,,,2584,14771,7366,1812
,,,,,,,2585,14771,7366,1812
,,,,,,,2586,14771,7366,1812
,,,,,,,2587,14771,7366,1812
,,,,,,,2588,14771,7366,1812
,,,,,,,2589,14771,7366,1812
,,,,,,,2590,14771,7366,1812
,,,,,,,2591,14771,7366,1812
,,,,,,,2592,14771,7366,1812
,,,,,,,2593,14771,7366,1812
,,,,,,,2594,14771,7366,1812
,,,,,,,2595,14771,7366,1812
,,,,,,,2596,14771,7366,1812
,,,,,,,2597,14771,7366,1812
,,,,,,,2598,14771,7366,1812
,,,,,,,2599,14771,7366,1812
,,,,,,,2600,14771,7366,1812
,,,,,,,2601,14771,7366,1812
,,,,,,,2602,14771,7366,1812
,,,,,,,2603,14771,7366,1812
,,,,,,,2604,14771,7366,1812
,,,,,,,2605,14771,7366,1812
,,,,,,,2606,14771,7366,1812
,,,,,,,2607,14771,7366,1812
,,,,,,,2608,14771,7366,1812
,,,,,,,2609,14771,7366,1812
,,,,,,,2610,14771,7366,1812
,,,,,,,2611,14771,7366,1812
,,,,,,,2612,14771,7366,1812
,,,,,,,2613,14771,7366,1812
,,,,,,,2614,14771,7366,1812
,,,,,,,2615,14771,7366,1812
,,,,,,,2616,14771,7366,1812
,,,,,,,2617,14771,7366,1812
,,,,,,,2618,14771,7366,1812
,,,,,,,2619,14771,7366,1812
,,,,,,,2620,14771,7366,1812
,,,,,,,2621,14771,7366,1812
,,,,,,,2622,14771,7366,1812
,,,,,,,2623,14771,7366,1812
,,,,,,,2624,14771,7366,1812
,,,,,,,2625,14771,7366,1812
,,,,,,,2626,14771,7366,1812
,,,,,,,2627,14771,7366,1812
,,,,,,,2628,14771,7366,1812
,,,,,,,2629,14771,7366,1812
,,,,,,,2630,14771,7366,1812
,,,,,,,2631,14771,7366,1812
,,,,,,,2632,14771,7366,1812
,,,,,,,2633,14771,7366,1812
,,,,,,,2634,14771,7366,1812
,,,,,,,2635,14771,7366,1812
,,,,,,,2636,14771,7366,1812
,,,,,,,2637,14771,7366,1812
,,,,,,,2638,14771,7366,1812
,,,,,,,2639,14771,7366,1812
,,,,,,,2640,14771,7366,1812
,,,,,,,2641,14771,7366,1812
,,,,,,,2642,14771,7366,1812
,,,,,,,2643,14771,7366,1812
,,,,,,,2644,14771,7366,1812
,,,,,,,2645,14771,7366,1812
,,,,,,,2646,14771,7366,1812
,,,,,,,2647,14771,7366,1812
,,,,,,,2648,14771,7366,1812
,,,,,,,2649,14771,7366,1812
,,,,,,,2650,14771,7366,1812
,,,,,,,2651,14771,7366,1812
,,,,,,,2652,14771,7366,1812
,,,,,,,2653,14771,7366,1812
,,,,,,,2654,14771,7366,1812
,,,,,,,2655,14771,7366,1812
,,,,,,,2656,14771,7366,1812
,,,,,,,2657,14771,7366,1812
,,,,,,,2658,14771,7366,1812
,,,,,,,2659,14771,7366,1812
,,,,,,,2660,14771,7366,1812
,,,,,,,2661,14771,7366,1812
,,,,,,,2662,14771,7366,1812
,,,,,,,2663,14771,7366,1812
,,,,,,,2664,14771,7366,1812
,,,,,,,2665,14771,7366,1812
,,,,,,,2666,14771,7366,1812
,,,,,,,2667,14771,7366,1812
,,,,,,,2668,14771,7366,1812
,,,,,,,2669,14771,7366,1812
,,,,,,,2670,14771,7366,1812
,,,,,,,2671,14771,7366,1812
,,,,,,,2672,14771,7366,1812
,,,,,,,2673,14771,7366,1812
,,,,,,,2674,14771,7366,1812
,,,,,,,2675,14771,7366,1812
,,,,,,,2676,14771,7366,1812
,,,,,,,2677,14771,7366,1812
,,,,,,,2678,14771,7366,1812
,,,,,,,2679,14771,7366,1812
,,,,,,,2680,14771,7366,1812
,,,,,,,2681,14771,7366,1812
,,,,,,,2682,14771,7366,1812
,,,,,,,2683,14771,7366,1812
,,,,,,,2684,14771,7366,1812
,,,,,,,2685,14771,7366,1812
,,,,,,,2686,14771,7366,1812
,,,,,,,2687,14771,7366,1812
,,,,,,,2688,14771,7366,1812
,,,,,,,2689,14771,7366,1812
,,,,,,,2690,14771,7366,1812
,,,,,,,2691,14771,7366,1812
,,,,,,,2692,14771,7366,1812
,,,,,,,2693,14771,7366,1812
,,,,,,,2694,14771,7366,1812
,,,,,,,2695,14771,7366,1812
,,,,,,,2696,14771,7366,1812
,,,,,,,2697,14771,7366,1812
,,,,,,,2698,14771,7366,1812
,,,,,,,2699,14771,7366,1812
,,,,,,,2700,14771,7366,1812
,,,,,,,2701,14771,7366,1812
,,,,,,,2702,14771,7366,1812
,,,,,,,2703,14771,7366,1812
,,,,,,,2704,14771,7366,1812
,,,,,,,2705,14771,7366,1812
,,,,,,,2706,14771,7366,1812
,,,,,,,2707,14771,7366,1812
,,,,,,,2708,14771,7366,1812
,,,,,,,2709,14771,7366,1812
,,,,,,,2710,14771,7366,1812
,,,,,,,2711,14771,7366,1812
,,,,,,,2712,14771,7366,1812
,,,,,,,2713,14771,7366,1812
,,,,,,,2714,14771,7366,1812
,,,,,,,2715,14771,7366,1812
,,,,,,,2716,14771,7366,1812
,,,,,,,2717,14771,7366,1812
,,,,,,,2718,14771,7366,1812
,,,,,,,2719,14771,7366,1812
,,,,,,,2720,14771,7366,1812
,,,,,,,2721,14771,7366,1812
,,,,,,,2722,14771,7366,1812
,,,,,,,2723,14771,7366,1812
,,,,,,,2724,14771,7366,1812
,,,,,,,2725,14771,7366,1812
,,,,,,,2726,14771,7366,1812
,,,,,,,2727,14771,7366,1812
,,,,,,,2728,14771,7366,1812
,,,,,,,2729,14771,7366,1812
,,,,,,,2730,14771,7366,1812
,,,,,,,2731,14771,7366,1812
,,,,,,,2732,14771,7366,1812
,,,,,,,2733,14771,7366,1812
,,,,,,,2734,14771,7366,1812
,,,,,,,2735,14771,7366,1812
,,,,,,,2736,14771,7366,1812
,,,,,,,2737,14771,7366,1812
,,,,,,,2738,14771,7366,1812
,,,,,,,2739,14771,7366,1812
,,,,,,,2740,14771,7366,1812
,,,,,,,2741,14771,7366,1812
,,,,,,,2742,14771,7366,1812
,,,,,,,2743,14771,7366,1812
,,,,,,,2744,14771,7366,1812
,,,,,,,2745,14771,7366,1812
,,,,,,,2746,14771,7366,1812
,,,,,,,2747,14771,7366,1812
,,,,,,,2748,14771,7366,1812
,,,,,,,2749,14771,7366,1812
,,,,,,,2750,14771,7366,1812
,,,,,,,2751,14771,7366,1812
,,,,,,,2752,14771,7366,1812
,,,,,,,2753,14771,7366,1812
,,,,,,,2754,14771,7366,1812
,,,,,,,2755,14771,7366,1812
,,,,,,,2756,14771,7366,1812
,,,,,,,2757,14771,7366,1812
,,,,,,,2758,14771,7366,1812
,,,,,,,2759,14771,7366,1812
,,,,,,,2760,14771,7366,1812
,,,,,,,2761,14771,7366,1812
,,,,,,,2762,14771,7366,1812
,,,,,,,2763,14771,7366,1812
,,,,,,,2764,14771,7366,1812
,,,,,,,2765,14771,7366,1812
,,,,,,,2766,14771,7366,1812
,,,,,,,2767,14771,7366,1812
,,,,,,,2768,14771,7366,1812
,,,,,,,2769,14771,7366,1812
,,,,,,,2770,14771,7366,1812
,,,,,,,2771,14771,7366,1812
,,,,,,,2772,14771,7366,1812
,,,,,,,2773,14771,7366,1812
,,,,,,,2774,14771,7366,1812
,,,,,,,2775,14771,7366,1812
,,,,,,,2776,14771,7366,1812
,,,,,,,2777,14771,7366,1812
,,,,,,,2778,14771,7366,1812
,,,,,,,2779,14771,7366,1812
,,,,,,,2780,14771,7366,1812
,,,,,,,2781,14771,7366,1812
,,,,,,,2782,14771,7366,1812
,,,,,,,2783,14771,7366,1812
,,,,,,,2784,14771,7366,1812
,,,,,,,2785,14771,7366,1812
,,,,,,,2786,14771,7366,1812
,,,,,,,2787,14771,7366,1812
,,,,,,,2788,14771,7366,1812
,,,,,,,2789,14771,7366,1812
,,,,,,,2790,14771,7366,1812
,,,,,,,2791,14771,7366,1812
,,,,,,,2792,14771,7366,1812
,,,,,,,2793,14771,7366,1812
,,,,,,,2794,14771,7366,1812
,,,,,,,2795,14771,7366,1812
,,,,,,,2796,14771,7366,1812
,,,,,,,2797,14771,7366,1812
,,,,,,,2798,14771,7366,1812
,,,,,,,2799,14771,7366,1812
,,,,,,,2800,14771,7366,1812
,,,,,,,2801,14771,7366,1812
,,,,,,,2802,14771,7366,1812
,,,,,,,2803,14771,7366,1812
,,,,,,,2804,14771,7366,1812
,,,,,,,2805,14771,7366,1812
,,,,,,,2806,14771,7366,1812
,,,,,,,2807,14771,7366,1812
,,,,,,,2808,14771,7366,1812
,,,,,,,2809,14771,7366,1812
,,,,,,,2810,14771,7366,1812
,,,,,,,2811,14771,7366,1812
,,,,,,,2812,14771,7366,1812
,,,,,,,2813,14771,7366,1812
,,,,,,,2814,14771,7366,1812
,,,,,,,2815,14771,7366,1812
,,,,,,,2816,14771,7366,1812
,,,,,,,2817,14771,7366,1812
,,,,,,,2818,14771,7366,1812
,,,,,,,2819,14771,7366,1812
,,,,,,,2820,14771,7366,1812
,,,,,,,2821,14771,7366,1812
,,,,,,,2822,14771,7366,1812
,,,,,,,2823,14771,7366,1812
,,,,,,,2824,14771,7366,1812
,,,,,,,2825,14771,7366,1812
,,,,,,,2826,14771,7366,1812
,,,,,,,2827,14771,7366,1812
,,,,,,,2828,14771,7366,1812
,,,,,,,2829,14771,7366,1812
,,,,,,,2830,14771,7366,1812
,,,,,,,2831,14771,7366,1812
,,,,,,,2832,14771,7366,1812
,,,,,,,2833,14771,7366,1812
,,,,,,,2834,14771,7366,1812
,,,,,,,2835,14771,7366,1812
,,,,,,,2836,14771,7366,1812
,,,,,,,2837,14771,7366,1812
,,,,,,,2838,14771,7366,1812
,,,,,,,2839,14771,7366,1812
,,,,,,,2840,14771,7366,1812
,,,,,,,2841,14771,7366,1812
,,,,,,,2842,14771,7366,1812
,,,,,,,2843,14771,7366,1812
,,,,,,,2844,14771,7366,1812
,,,,,,,2845,14771,7366,1812
,,,,,,,2846,14771,7366,1812
,,,,,,,2847,14771,7366,1812
,,,,,,,2848,14771,7366,1812
,,,,,,,2849,14771,7366,1812
,,,,,,,2850,14771,7366,1812
,,,,,,,2851,14771,7366,1812
,,,,,,,2852,14771,7366,1812
,,,,,,,2853,14771,7366,1812
,,,,,,,2854,14771,7366,1812
,,,,,,,2855,14771,7366,1812
,,,,,,,2856,14771,7366,1812
,,,,,,,2857,14771,7366,1812
,,,,,,,2858,14771,7366,1812
,,,,,,,2859,14771,7366,1812
,,,,,,,2860,14771,7366,1812
,,,,,,,2861,14771,7366,1812
,,,,,,,2862,14771,7366,1812
,,,,,,,2863,14771,7366,1812
,,,,,,,2864,14771,7366,1812
,,,,,,,2865,14771,7366,1812
,,,,,,,2866,14771,7366,1812
,,,,,,,2867,14771,7366,1812
,,,,,,,2868,14771,7366,1812
,,,,,,,2869,14771,7366,1812
,,,,,,,2870,14771,7366,1812
,,,,,,,2871,14771,7366,1812
,,,,,,,2872,14771,7366,1812
,,,,,,,2873,14771,7366,1812
,,,,,,,2874,14771,7366,1812
,,,,,,,2875,14771,7366,1812
,,,,,,,2876,14771,7366,1812
,,,,,,,2877,14771,7366,1812
,,,,,,,2878,14771,7366,1812
,,,,,,,2879,14771,7366,1812
,,,,,,,2880,14771,7366,1812
,,,,,,,2881,14771,7366,1812
,,,,,,,2882,14771,7366,1812
,,,,,,,2883,14771,7366,1812
,,,,,,,2884,14771,7366,1812
,,,,,,,2885,14771,7366,1812
,,,,,,,2886,14771,7366,1812
,,,,,,,2887,14771,7366,1812
,,,,,,,2888,14771,7366,1812
,,,,,,,2889,14771,7366,1812
,,,,,,,2890,14771,7366,1812
,,,,,,,2891,14771,7366,1812
,,,,,,,2892,14771,7366,1812
,,,,,,,2893,14771,7366,1812
,,,,,,,2894,14771,7366,1812
,,,,,,,2895,14771,7366,1812
,,,,,,,2896,14771,7366,1812
,,,,,,,2897,14771,7366,1812
,,,,,,,2898,14771,7366,1812
,,,,,,,2899,14771,7366,1812
,,,,,,,2900,14771,7366,1812
,,,,,,,2901,14771,7366,1812
,,,,,,,2902,14771,7366,1812
,,,,,,,2903,14771,7366,1812
,,,,,,,2904,14771,7366,1812
,,,,,,,2905,14771,7366,1812
,,,,,,,2906,14771,7366,1812
,,,,,,,2907,14771,7366,1812
,,,,,,,2908,14771,7366,1812
,,,,,,,2909,14771,7366,1812
,,,,,,,2910,14771,7366,1812
,,,,,,,2911,14771,7366,1812
,,,,,,,2912,14771,7366,1812
,,,,,,,2913,14771,7366,1812
,,,,,,,2914,14771,7366,1812
,,,,,,,2915,14771,7366,1812
,,,,,,,2916,14771,7366,1812
,,,,,,,2917,14771,7366,1812
,,,,,,,2918,14771,7366,1812
,,,,,,,2919,14771,7366,1812
,,,,,,,2920,14771,7366,1812
,,,,,,,2921,14771,7366,1812
,,,,,,,2922,14771,7366,1812
,,,,,,,2923,14771,7366,1812
,,,,,,,2924,14771,7366,1812
,,,,,,,2925,14771,7366,1812
,,,,,,,2926,14771,7366,1812
,,,,,,,2927,14771,7366,1812
,,,,,,,2928,14771,7366,1812
,,,,,,,2929,14771,7366,1812
,,,,,,,2930,14771,7366,1812
,,,,,,,2931,14771,7366,1812
,,,,,,,2932,14771,7366,1812
,,,,,,,2933,14771,7366,1812
,,,,,,,2934,14771,7366,1812
,,,,,,,2935,14771,7366,1812
,,,,,,,2936,14771,7366,1812
,,,,,,,2937,14771,7366,1812
,,,,,,,2938,14771,7366,1812
,,,,,,,2939,14771,7366,1812
,,,,,,,2940,14771,7366,1812
,,,,,,,2941,14771,7366,1812
,,,,,,,2942,14771,7366,1812
,,,,,,,2943,14771,7366,1812
,,,,,,,2944,14771,7366,1812
,,,,,,,2945,14771,7366,1812
,,,,,,,2946,14771,7366,1812
,,,,,,,2947,14771,7366,1812
,,,,,,,2948,14771,7366,1812
,,,,,,,2949,14771,7366,1812
,,,,,,,2950,14771,7366,1812
,,,,,,,2951,14771,7366,1812
,,,,,,,2952,14771,7366,1812
,,,,,,,2953,14771,7366,1812
,,,,,,,2954,14771,7366,1812
,,,,,,,2955,14771,7366,1812
,,,,,,,2956,14771,7366,1812
,,,,,,,2957,14771,7366,1812
,,,,,,,2958,14771,7366,1812
,,,,,,,2959,14771,7366,1812
,,,,,,,2960,14771,7366,1812
,,,,,,,2961,14771,7366,1812
,,,,,,,2962,14771,7366,1812
,,,,,,,2963,14771,7366,1812
,,,,,,,2964,14771,7366,1812
,,,,,,,2965,14771,7366,1812
,,,,,,,2966,14771,7366,1812
,,,,,,,2967,14771,7366,1812
,,,,,,,2968,14771,7366,1812
,,,,,,,2969,14771,7366,1812
,,,,,,,2970,14771,7366,1812
,,,,,,,2971,14771,7366,1812
,,,,,,,2972,14771,7366,1812
,,,,,,,2973,14771,7366,1812
,,,,,,,2974,14771,7366,1812
,,,,,,,2975,14771,7366,1812
,,,,,,,2976,14771,7366,1812
,,,,,,,2977,14771,7366,1812
,,,,,,,2978,14771,7366,1812
,,,,,,,2979,14771,7366,1812
,,,,,,,2980,14771,7366,1812
,,,,,,,2981,14771,7366,1812
,,,,,,,2982,14771,7366,1812
,,,,,,,2983,14771,7366,1812
,,,,,,,2984,14771,7366,1812
,,,,,,,2985,14771,7366,1812
,,,,,,,2986,14771,7366,1812
,,,,,,,2987,14771,7366,1812
,,,,,,,2988,14771,7366,1812
,,,,,,,2989,14771,7366,1812
,,,,,,,2990,14771,7366,1812
,,,,,,,2991,14771,7366,1812
,,,,,,,2992,14771,7366,1812
,,,,,,,2993,14771,7366,1812
,,,,,,,2994,14771,7366,1812
,,,,,,,2995,14771,7366,1812
,,,,,,,2996,14771,7366,1812
,,,,,,,2997,14771,7366,1812
,,,,,,,2998,14771,7366,1812
,,,,,,,2999,14771,7366,1812
,,,,,,,3000,14771,7366,1812
,,,,,,,3001,14771,7366,1812
,,,,,,,3002,14771,7366,1812
,,,,,,,3003,14771,7366,1812
,,,,,,,3004,14771,7366,1812
,,,,,,,3005,14771,7366,1812
,,,,,,,3006,14771,7366,1812
,,,,,,,3007,14771,7366,1812
,,,,,,,3008,14771,7366,1812
,,,,,,,3009,14771,7366,1812
,,,,,,,3010,14771,7366,1812
,,,,,,,3011,14771,7366,1812
,,,,,,,3012,14771,7366,1812
,,,,,,,3013,14771,7366,1812
,,,,,,,3014,14771,7366,1812
,,,,,,,3015,14771,7366,1812
,,,,,,,3016,14771,7366,1812
,,,,,,,3017,14771,7366,1812
,,,,,,,3018,14771,7366,1812
,,,,,,,3019,14771,7366,1812
,,,,,,,3020,14771,7366,1812
,,,,,,,3021,14771,7366,1812
,,,,,,,3022,14771,7366,1812
,,,,,,,3023,14771,7366,1812
,,,,,,,3024,14771,7366,1812
,,,,,,,3025,14771,7366,1812
,,,,,,,3026,14771,7366,1812
,,,,,,,3027,14771,7366,1812
,,,,,,,3028,14771,7366,1812
,,,,,,,3029,14771,7366,1812
,,,,,,,3030,14771,7366,1812
,,,,,,,3031,14771,7366,1812
,,,,,,,3032,14771,7366,1812
,,,,,,,3033,14771,7366,1812
,,,,,,,3034,14771,7366,1812
,,,,,,,3035,14771,7366,1812
,,,,,,,3036,14771,7366,1812
,,,,,,,3037,14771,7366,1812
,,,,,,,3038,14771,7366,1812
,,,,,,,3039,14771,7366,1812
,,,,,,,3040,14771,7366,1812
,,,,,,,3041,14771,7366,1812
,,,,,,,3042,14771,7366,1812
,,,,,,,3043,14771,7366,1812
,,,,,,,3044,14771,7366,1812
,,,,,,,3045,14771,7366,1812
,,,,,,,3046,14771,7366,1812
,,,,,,,3047,14771,7366,1812
,,,,,,,3048,14771,7366,1812
,,,,,,,3049,14771,7366,1812
,,,,,,,3050,14771,7366,1812
,,,,,,,3051,14771,7366,1812
,,,,,,,3052,14771,7366,1812
,,,,,,,3053,14771,7366,1812
,,,,,,,3054,14771,7366,1812
,,,,,,,3055,14771,7366,1812
,,,,,,,3056,14771,7366,1812
,,,,,,,3057,14771,7366,1812
,,,,,,,3058,14771,7366,1812
,,,,,,,3059,14771,7366,1812
,,,,,,,3060,14771,7366,1812
,,,,,,,3061,14771,7366,1812
,,,,,,,3062,14771,7366,1812
,,,,,,,3063,14771,7366,1812
,,,,,,,3064,14771,7366,1812
,,,,,,,3065,14771,7366,1812
,,,,,,,3066,14771,7366,1812
,,,,,,,3067,14771,7366,1812
,,,,,,,3068,14771,7366,1812
,,,,,,,3069,14771,7366,1812
,,,,,,,3070,14771,7366,1812
,,,,,,,3071,14771,7366,1812
,,,,,,,3072,14771,7366,1812
,,,,,,,3073,14771,7366,1812
,,,,,,,3074,14771,7366,1812
,,,,,,,3075,14771,7366,1812
,,,,,,,3076,14771,7366,1812
,,,,,,,3077,14771,7366,1812
,,,,,,,3078,14771,7366,1812
,,,,,,,3079,14771,7366,1812
,,,,,,,3080,14771,7366,1812
,,,,,,,3081,14771,7366,1812
,,,,,,,3082,14771,7366,1812
,,,,,,,3083,14771,7366,1812
,,,,,,,3084,14771,7366,1812
,,,,,,,3085,14771,7366,1812
,,,,,,,3086,14771,7366,1812
,,,,,,,3087,14771,7366,1812
,,,,,,,3088,14771,7366,1812
,,,,,,,3089,14771,7366,1812
,,,,,,,3090,14771,7366,1812
,,,,,,,3091,14771,7366,1812
,,,,,,,3092,14771,7366,1812
,,,,,,,3093,14771,7366,1812
,,,,,,,3094,14771,7366,1812
,,,,,,,3095,14771,7366,1812
,,,,,,,3096,14771,7366,1812
,,,,,,,3097,14771,7366,1812
,,,,,,,3098,14771,7366,1812
,,,,,,,3099,14771,7366,1812
,,,,,,,3100,14771,7366,1812
,,,,,,,3101,14771,7366,1812
,,,,,,,3102,14771,7366,1812
,,,,,,,3103,14771,7366,1812
,,,,,,,3104,14771,7366,1812
,,,,,,,3105,14771,7366,1812
,,,,,,,3106,14771,7366,1812
,,,,,,,3107,14771,7366,1812
,,,,,,,3108,14771,7366,1812
,,,,,,,3109,14771,7366,1812
,,,,,,,3110,14771,7366,1812
,,,,,,,3111,14771,7366,1812
,,,,,,,3112,14771,7366,1812
,,,,,,,3113,14771,7366,1812
,,,,,,,3114,14771,7366,1812
,,,,,,,3115,14771,7366,1812
,,,,,,,3116,14771,7366,1812
,,,,,,,3117,14771,7366,1812
,,,,,,,3118,14771,7366,1812
,,,,,,,3119,14771,7366,1812
,,,,,,,3120,14771,7366,1812
,,,,,,,3121,14771,7366,1812
,,,,,,,3122,14771,7366,1812
,,,,,,,3123,14771,7366,1812
,,,,,,,3124,14771,7366,1812
,,,,,,,3125,14771,7366,1812
,,,,,,,3126,14771,7366,1812
,,,,,,,3127,14771,7366,1812
,,,,,,,3128,14771,7366,1812
,,,,,,,3129,14771,7366,1812
,,,,,,,3130,14771,7366,1812
,,,,,,,3131,14771,7366,1812
,,,,,,,3132,14771,7366,1812
,,,,,,,3133,14771,7366,1812
,,,,,,,3134,14771,7366,1812
,,,,,,,3135,14771,7366,1812
,,,,,,,3136,14771,7366,1812
,,,,,,,3137,14771,7366,1812
,,,,,,,3138,14771,7366,1812
,,,,,,,3139,14771,7366,1812
,,,,,,,3140,14771,7366,1812
,,,,,,,3141,14771,7366,1812
,,,,,,,3142,14771,7366,1812
,,,,,,,3143,14771,7366,1812
,,,,,,,3144,14771,7366,1812
,,,,,,,3145,14771,7366,1812
,,,,,,,3146,14771,7366,1812
,,,,,,,3147,14771,7366,1812
,,,,,,,3148,14771,7366,1812
,,,,,,,3149,14771,7366,1812
,,,,,,,3150,14771,7366,1812
,,,,,,,3151,14771,7366,1812
,,,,,,,3152,14771,7366,1812
,,,,,,,3153,14771,7366,1812
,,,,,,,3154,14771,7366,1812
,,,,,,,3155,14771,7366,1812
,,,,,,,3156,14771,7366,1812
,,,,,,,3157,14771,7366,1812
,,,,,,,3158,14771,7366,1812
,,,,,,,3159,14771,7366,1812
,,,,,,,3160,14771,7366,1812
,,,,,,,3161,14771,7366,1812
,,,,,,,3162,14771,7366,1812
,,,,,,,3163,14771,7366,1812
,,,,,,,3164,14771,7366,1812
,,,,,,,3165,14771,7366,1812
,,,,,,,3166,14771,7366,1812
,,,,,,,3167,14771,7366,1812
,,,,,,,3168,14771,7366,1812
,,,,,,,3169,14771,7366,1812
,,,,,,,3170,14771,7366,1812
,,,,,,,3171,14771,7366,1812
,,,,,,,3172,14771,7366,1812
,,,,,,,3173,14771,7366,1812
,,,,,,,3174,14771,7366,1812
,,,,,,,3175,14771,7366,1812
,,,,,,,3176,14771,7366,1812
,,,,,,,3177,14771,7366,1812
,,,,,,,3178,14771,7366,1812
,,,,,,,3179,14771,7366,1812
,,,,,,,3180,14771,7366,1812
,,,,,,,3181,14771,7366,1812
,,,,,,,3182,14771,7366,1812
,,,,,,,3183,14771,7366,1812
,,,,,,,3184,14771,7366,1812
,,,,,,,3185,14771,7366,1812
,,,,,,,3186,14771,7366,1812
,,,,,,,3187,14771,7366,1812
,,,,,,,3188,14771,7366,1812
,,,,,,,3189,14771,7366,1812
,,,,,,,3190,14771,7366,1812
,,,,,,,3191,14771,7366,1812
,,,,,,,3192,14771,7366,1812
,,,,,,,3193,14771,7366,1812
,,,,,,,3194,14771,7366,1812
,,,,,,,3195,14771,7366,1812
,,,,,,,3196,14771,7366,1812
,,,,,,,3197,14771,7366,1812
,,,,,,,3198,14771,7366,1812
,,,,,,,3199,14771,7366,1812
,,,,,,,3200,14771,7366,1812
,,,,,,,3201,14771,7366,1812
,,,,,,,3202,14771,7366,1812
,,,,,,,3203,14771,7366,1812
,,,,,,,3204,14771,7366,1812
,,,,,,,3205,14771,7366,1812
,,,,,,,3206,14771,7366,1812
,,,,,,,3207,14771,7366,1812
,,,,,,,3208,14771,7366,1812
,,,,,,,3209,14771,7366,1812
,,,,,,,3210,14771,7366,1812
,,,,,,,3211,14771,7366,1812
,,,,,,,3212,14771,7366,1812
,,,,,,,3213,14771,7366,1812
,,,,,,,3214,14771,7366,1812
,,,,,,,3215,14771,7366,1812
,,,,,,,3216,14771,7366,1812
,,,,,,,3217,14771,7366,1812
,,,,,,,3218,14771,7366,1812
,,,,,,,3219,14771,7366,1812
,,,,,,,3220,14771,7366,1812
,,,,,,,3221,14771,7366,1812
,,,,,,,3222,14771,7366,1812
,,,,,,,3223,14771,7366,1812
,,,,,,,3224,14771,7366,1812
,,,,,,,3225,14771,7366,1812
,,,,,,,3226,14771,7366,1812
,,,,,,,3227,14771,7366,1812
,,,,,,,3228,14771,7366,1812
,,,,,,,3229,14771,7366,1812
,,,,,,,3230,14771,7366,1812
,,,,,,,3231,14771,7366,1812
,,,,,,,3232,14771,7366,1812
,,,,,,,3233,14771,7366,1812
,,,,,,,3234,14771,7366,1812
,,,,,,,3235,14771,7366,1812
,,,,,,,3236,14771,7366,1812
,,,,,,,3237,14771,7366,1812
,,,,,,,3238,14771,7366,1812
,,,,,,,3239,14771,7366,1812
,,,,,,,3240,14771,7366,1812
,,,,,,,3241,14771,7366,1812
,,,,,,,3242,14771,7366,1812
,,,,,,,3243,14771,7366,1812
,,,,,,,3244,14771,7366,1812
,,,,,,,3245,14771,7366,1812
,,,,,,,3246,14771,7366,1812
,,,,,,,3247,14771,7366,1812
,,,,,,,3248,14771,7366,1812
,,,,,,,3249,14771,7366,1812
,,,,,,,3250,14771,7366,1812
,,,,,,,3251,14771,7366,1812
,,,,,,,3252,14771,7366,1812
,,,,,,,3253,14771,7366,1812
,,,,,,,3254,14771,7366,1812
,,,,,,,3255,14771,7366,1812
,,,,,,,3256,14771,7366,1812
,,,,,,,3257,14771,7366,1812
,,,,,,,3258,14771,7366,1812
,,,,,,,3259,14771,7366,1812
,,,,,,,3260,14771,7366,1812
,,,,,,,3261,14771,7366,1812
,,,,,,,3262,14771,7366,1812
,,,,,,,3263,14771,7366,1812
,,,,,,,3264,14771,7366,1812
,,,,,,,3265,14771,7366,1812
,,,,,,,3266,14771,7366,1812
,,,,,,,3267,14771,7366,1812
,,,,,,,3268,14771,7366,1812
,,,,,,,3269,14771,7366,1812
,,,,,,,3270,14771,7366,1812
,,,,,,,3271,14771,7366,1812
,,,,,,,3272,14771,7366,1812
,,,,,,,3273,14771,7366,1812
,,,,,,,3274,14771,7366,1812
,,,,,,,3275,14771,7366,1812
,,,,,,,3276,14771,7366,1812
,,,,,,,3277,14771,7366,1812
,,,,,,,3278,14771,7366,1812
,,,,,,,3279,14771,7366,1812
,,,,,,,3280,14771,7366,1812
,,,,,,,3281,14771,7366,1812
,,,,,,,3282,14771,7366,1812
,,,,,,,3283,14771,7366,1812
,,,,,,,3284,14771,7366,1812
,,,,,,,3285,14771,7366,1812
,,,,,,,3286,14771,7366,1812
,,,,,,,3287,14771,7366,1812
,,,,,,,3288,14771,7366,1812
,,,,,,,3289,14771,7366,1812
,,,,,,,3290,14771,7366,1812
,,,,,,,3291,14771,7366,1812
,,,,,,,3292,14771,7366,1812
,,,,,,,3293,14771,7366,1812
,,,,,,,3294,14771,7366,1812
,,,,,,,3295,14771,7366,1812
,,,,,,,3296,14771,7366,1812
,,,,,,,3297,14771,7366,1812
,,,,,,,3298,14771,7366,1812
,,,,,,,3299,14771,7366,1812
,,,,,,,3300,14771,7366,1812
,,,,,,,3301,14771,7366,1812
,,,,,,,3302,14771,7366,1812
,,,,,,,3303,14771,7366,1812
,,,,,,,3304,14771,7366,1812
,,,,,,,3305,14771,7366,1812
,,,,,,,3306,14771,7366,1812
,,,,,,,3307,14771,7366,1812
,,,,,,,3308,14771,7366,1812
,,,,,,,3309,14771,7366,1812
,,,,,,,3310,14771,7366,1812
,,,,,,,3311,14771,7366,1812
,,,,,,,3312,14771,7366,1812
,,,,,,,3313,14771,7366,1812
,,,,,,,3314,14771,7366,1812
,,,,,,,3315,14771,7366,1812
,,,,,,,3316,14771,7366,1812
,,,,,,,3317,14771,7366,1812
,,,,,,,3318,14771,7366,1812
,,,,,,,3319,14771,7366,1812
,,,,,,,3320,14771,7366,1812
,,,,,,,3321,14771,7366,1812
,,,,,,,3322,14771,7366,1812
,,,,,,,3323,14771,7366,1812
,,,,,,,3324,14771,7366,1812
,,,,,,,3325,14771,7366,1812
,,,,,,,3326,14771,7366,1812
,,,,,,,3327,14771,7366,1812
,,,,,,,3328,14771,7366,1812
,,,,,,,3329,14771,7366,1812
,,,,,,,3330,14771,7366,1812
,,,,,,,3331,14771,7366,1812
,,,,,,,3332,14771,7366,1812
,,,,,,,3333,14771,7366,1812
,,,,,,,3334,14771,7366,1812
,,,,,,,3335,14771,7366,1812
,,,,,,,3336,14771,7366,1812
,,,,,,,3337,14771,7366,1812
,,,,,,,3338,14771,7366,1812
,,,,,,,3339,14771,7366,1812
,,,,,,,3340,14771,7366,1812
,,,,,,,3341,14771,7366,1812
,,,,,,,3342,14771,7366,1812
,,,,,,,3343,14771,7366,1812
,,,,,,,3344,14771,7366,1812
,,,,,,,3345,14771,7366,1812
,,,,,,,3346,14771,7366,1812
,,,,,,,3347,14771,7366,1812
,,,,,,,3348,14771,7366,1812
,,,,,,,3349,14771,7366,1812
,,,,,,,3350,14771,7366,1812
,,,,,,,3351,14771,7366,1812
,,,,,,,3352,14771,7366,1812
,,,,,,,3353,14771,7366,1812
,,,,,,,3354,14771,7366,1812
,,,,,,,3355,14771,7366,1812
,,,,,,,3356,14771,7366,1812
,,,,,,,3357,14771,7366,1812
,,,,,,,3358,14771,7366,1812
,,,,,,,3359,14771,7366,1812
,,,,,,,3360,14771,7366,1812
,,,,,,,3361,14771,7366,1812
,,,,,,,3362,14771,7366,1812
,,,,,,,3363,14771,7366,1812
,,,,,,,3364,14771,7366,1812
,,,,,,,3365,14771,7366,1812
,,,,,,,3366,14771,7366,1812
,,,,,,,3367,14771,7366,1812
,,,,,,,3368,14771,7366,1812
,,,,,,,3369,14771,7366,1812
,,,,,,,3370,14771,7366,1812
,,,,,,,3371,14771,7366,1812
,,,,,,,3372,14771,7366,1812
,,,,,,,3373,14771,7366,1812
,,,,,,,3374,14771,7366,1812
,,,,,,,3375,14771,7366,1812
,,,,,,,3376,14771,7366,1812
,,,,,,,3377,14771,7366,1812
,,,,,,,3378,14771,7366,1812
,,,,,,,3379,14771,7366,1812
,,,,,,,3380,14771,7366,1812
,,,,,,,3381,14771,7366,1812
,,,,,,,3382,14771,7366,1812
,,,,,,,3383,14771,7366,1812
,,,,,,,3384,14771,7366,1812
,,,,,,,3385,14771,7366,1812
,,,,,,,3386,14771,7366,1812
,,,,,,,3387,14771,7366,1812
,,,,,,,3388,14771,7366,1812
,,,,,,,3389,14771,7366,1812
,,,,,,,3390,14771,7366,1812
,,,,,,,3391,14771,7366,1812
,,,,,,,3392,14771,7366,1812
,,,,,,,3393,14771,7366,1812
,,,,,,,3394,14771,7366,1812
,,,,,,,3395,14771,7366,1812
,,,,,,,3396,14771,7366,1812
,,,,,,,3397,14771,7366,1812
,,,,,,,3398,14771,7366,1812
,,,,,,,3399,14771,7366,1812
,,,,,,,3400,14771,7366,1812
,,,,,,,3401,14771,7366,1812
,,,,,,,3402,14771,7366,1812
,,,,,,,3403,14771,7366,1812
,,,,,,,3404,14771,7366,1812
,,,,,,,3405,14771,7366,1812
,,,,,,,3406,14771,7366,1812
,,,,,,,3407,14771,7366,1812
,,,,,,,3408,14771,7366,1812
,,,,,,,3409,14771,7366,1812
,,,,,,,3410,14771,7366,1812
,,,,,,,3411,14771,7366,1812
,,,,,,,3412,14771,7366,1812
,,,,,,,3413,14771,7366,1812
,,,,,,,3414,14771,7366,1812
,,,,,,,3415,14771,7366,1812
,,,,,,,3416,14771,7366,1812
,,,,,,,3417,14771,7366,1812
,,,,,,,3418,14771,7366,1812
,,,,,,,3419,14771,7366,1812
,,,,,,,3420,14771,7366,1812
,,,,,,,3421,14771,7366,1812
,,,,,,,3422,14771,7366,1812
,,,,,,,3423,14771,7366,1812
,,,,,,,3424,14771,7366,1812
,,,,,,,3425,14771,7366,1812
,,,,,,,3426,14771,7366,1812
,,,,,,,3427,14771,7366,1812
,,,,,,,3428,14771,7366,1812
,,,,,,,3429,14771,7366,1812
,,,,,,,3430,14771,7366,1812
,,,,,,,3431,14771,7366,1812
,,,,,,,3432,14771,7366,1812
,,,,,,,3433,14771,7366,1812
,,,,,,,3434,14771,7366,1812
,,,,,,,3435,14771,7366,1812
,,,,,,,3436,14771,7366,1812
,,,,,,,3437,14771,7366,1812
,,,,,,,3438,14771,7366,1812
,,,,,,,3439,14771,7366,1812
,,,,,,,3440,14771,7366,1812
,,,,,,,3441,14771,7366,1812
,,,,,,,3442,14771,7366,1812
,,,,,,,3443,14771,7366,1812
,,,,,,,3444,14771,7366,1812
,,,,,,,3445,14771,7366,1812
,,,,,,,3446,14771,7366,1812
,,,,,,,3447,14771,7366,1812
,,,,,,,3448,14771,7366,1812
,,,,,,,3449,14771,7366,1812
,,,,,,,3450,14771,7366,1812
,,,,,,,3451,14771,7366,1812
,,,,,,,3452,14771,7366,1812
,,,,,,,3453,14771,7366,1812
,,,,,,,3454,14771,7366,1812
,,,,,,,3455,14771,7366,1812
,,,,,,,3456,14771,7366,1812
,,,,,,,3457,14771,7366,1812
,,,,,,,3458,14771,7366,1812
,,,,,,,3459,14771,7366,1812
,,,,,,,3460,14771,7366,1812
,,,,,,,3461,14771,7366,1812
,,,,,,,3462,14771,7366,1812
,,,,,,,3463,14771,7366,1812
,,,,,,,3464,14771,7366,1812
,,,,,,,3465,14771,7366,1812
,,,,,,,3466,14771,7366,1812
,,,,,,,3467,14771,7366,1812
,,,,,,,3468,14771,7366,1812
,,,,,,,3469,14771,7366,1812
,,,,,,,3470,14771,7366,1812
,,,,,,,3471,14771,7366,1812
,,,,,,,3472,14771,7366,1812
,,,,,,,3473,14771,7366,1812
,,,,,,,3474,14771,7366,1812
,,,,,,,3475,14771,7366,1812
,,,,,,,3476,14771,7366,1812
,,,,,,,3477,14771,7366,1812
,,,,,,,3478,14771,7366,1812
,,,,,,,3479,14771,7366,1812
,,,,,,,3480,14771,7366,1812
,,,,,,,3481,14771,7366,1812
,,,,,,,3482,14771,7366,1812
,,,,,,,3483,14771,7366,1812
,,,,,,,3484,14771,7366,1812
,,,,,,,3485,14771,7366,1812
,,,,,,,3486,14771,7366,1812
,,,,,,,3487,14771,7366,1812
,,,,,,,3488,14771,7366,1812
,,,,,,,3489,14771,7366,1812
,,,,,,,3490,14771,7366,1812
,,,,,,,3491,14771,7366,1812
,,,,,,,3492,14771,7366,1812
,,,,,,,3493,14771,7366,1812
,,,,,,,3494,14771,7366,1812
,,,,,,,3495,14771,7366,1812
,,,,,,,3496,14771,7366,1812
,,,,,,,3497,14771,7366,1812
,,,,,,,3498,14771,7366,1812
,,,,,,,3499,14771,7366,1812
,,,,,,,3500,14771,7366,1812
,,,,,,,3501,14771,7366,1812
,,,,,,,3502,14771,7366,1812
,,,,,,,3503,14771,7366,1812
,,,,,,,3504,14771,7366,1812
,,,,,,,3505,14771,7366,1812
,,,,,,,3506,14771,7366,1812
,,,,,,,3507,14771,7366,1812
,,,,,,,3508,14771,7366,1812
,,,,,,,3509,14771,7366,1812
,,,,,,,3510,14771,7366,1812
,,,,,,,3511,14771,7366,1812
,,,,,,,3512,14771,7366,1812
,,,,,,,3513,14771,7366,1812
,,,,,,,3514,14771,7366,1812
,,,,,,,3515,14771,7366,1812
,,,,,,,3516,14771,7366,1812
,,,,,,,3517,14771,7366,1812
,,,,,,,3518,14771,7366,1812
,,,,,,,3519,14771,7366,1812
,,,,,,,3520,14771,7366,1812
,,,,,,,3521,14771,7366,1812
,,,,,,,3522,14771,7366,1812
,,,,,,,3523,14771,7366,1812
,,,,,,,3524,14771,7366,1812
,,,,,,,3525,14771,7366,1812
,,,,,,,3526,14771,7366,1812
,,,,,,,3527,14771,7366,1812
,,,,,,,3528,14771,7366,1812
,,,,,,,3529,14771,7366,1812
,,,,,,,3530,14771,7366,1812
,,,,,,,3531,14771,7366,1812
,,,,,,,3532,14771,7366,1812
,,,,,,,3533,14771,7366,1812
,,,,,,,3534,14771,7366,1812
,,,,,,,3535,14771,7366,1812
,,,,,,,3536,14771,7366,1812
,,,,,,,3537,14771,7366,1812
,,,,,,,3538,14771,7366,1812
,,,,,,,3539,14771,7366,1812
,,,,,,,3540,14771,7366,1812
,,,,,,,3541,14771,7366,1812
,,,,,,,3542,14771,7366,1812
,,,,,,,3543,14771,7366,1812
,,,,,,,3544,14771,7366,1812
,,,,,,,3545,14771,7366,1812
,,,,,,,3546,14771,7366,1812
,,,,,,,3547,14771,7366,1812
,,,,,,,3548,14771,7366,1812
,,,,,,,3549,14771,7366,1812
,,,,,,,3550,14771,7366,1812
,,,,,,,3551,14771,7366,1812
,,,,,,,3552,14771,7366,1812
,,,,,,,3553,14771,7366,1812
,,,,,,,3554,14771,7366,1812
,,,,,,,3555,14771,7366,1812
,,,,,,,3556,14771,7366,1812
,,,,,,,3557,14771,7366,1812
,,,,,,,3558,14771,7366,1812
,,,,,,,3559,14771,7366,1812
,,,,,,,3560,14771,7366,1812
,,,,,,,3561,14771,7366,1812
,,,,,,,3562,14771,7366,1812
,,,,,,,3563,14771,7366,1812
,,,,,,,3564,14771,7366,1812
,,,,,,,3565,14771,7366,1812
,,,,,,,3566,14771,7366,1812
,,,,,,,3567,14771,7366,1812
,,,,,,,3568,14771,7366,1812
,,,,,,,3569,14771,7366,1812
,,,,,,,3570,14771,7366,1812
,,,,,,,3571,14771,7366,1812
,,,,,,,3572,14771,7366,1812
,,,,,,,3573,14771,7366,1812
,,,,,,,3574,14771,7366,1812
,,,,,,,3575,14771,7366,1812
,,,,,,,3576,14771,7366,1812
,,,,,,,3577,14771,7366,1812
,,,,,,,3578,14771,7366,1812
,,,,,,,3579,14771,7366,1812
,,,,,,,3580,14771,7366,1812
,,,,,,,3581,14771,7366,1812
,,,,,,,3582,14771,7366,1812
,,,,,,,3583,14771,7366,1812
,,,,,,,3584,14771,7366,1812
,,,,,,,3585,14771,7366,1812
,,,,,,,3586,14771,7366,1812
,,,,,,,3587,14771,7366,1812
,,,,,,,3588,14771,7366,1812
,,,,,,,3589,14771,7366,1812
,,,,,,,3590,14771,7366,1812
,,,,,,,3591,14771,7366,1812
,,,,,,,3592,14771,7366,1812
,,,,,,,3593,14771,7366,1812
,,,,,,,3594,14771,7366,1812
,,,,,,,3595,14771,7366,1812
,,,,,,,3596,14771,7366,1812
,,,,,,,3597,14771,7366,1812
,,,,,,,3598,14771,7366,1812
,,,,,,,3599,14771,7366,1812
,,,,,,,3600,14771,7366,1812
,,,,,,,3601,14771,7366,1812
,,,,,,,3602,14771,7366,1812
,,,,,,,3603,14771,7366,1812
,,,,,,,3604,14771,7366,1812
,,,,,,,3605,14771,7366,1812
,,,,,,,3606,14771,7366,1812
,,,,,,,3607,14771,7366,1812
,,,,,,,3608,14771,7366,1812
,,,,,,,3609,14771,7366,1812
,,,,,,,3610,14771,7366,1812
,,,,,,,3611,14771,7366,1812
,,,,,,,3612,14771,7366,1812
,,,,,,,3613,14771,7366,1812
,,,,,,,3614,14771,7366,1812
,,,,,,,3615,14771,7366,1812
,,,,,,,3616,14771,7366,1812
,,,,,,,3617,14771,7366,1812
,,,,,,,3618,14771,7366,1812
,,,,,,,3619,14771,7366,1812
,,,,,,,3620,14771,7366,1812
,,,,,,,3621,14771,7366,1812
,,,,,,,3622,14771,7366,1812
,,,,,,,3623,14771,7366,1812
,,,,,,,3624,14771,7366,1812
,,,,,,,3625,14771,7366,1812
,,,,,,,3626,14771,7366,1812
,,,,,,,3627,14771,7366,1812
,,,,,,,3628,14771,7366,1812
,,,,,,,3629,14771,7366,1812
,,,,,,,3630,14771,7366,1812
,,,,,,,3631,14771,7366,1812
,,,,,,,3632,14771,7366,1812
,,,,,,,3633,14771,7366,1812
,,,,,,,3634,14771,7366,1812
,,,,,,,3635,14771,7366,1812
,,,,,,,3636,14771,7366,1812
,,,,,,,3637,14771,7366,1812
,,,,,,,3638,14771,7366,1812
,,,,,,,3639,14771,7366,1812
,,,,,,,3640,14771,7366,1812
,,,,,,,3641,14771,7366,1812
,,,,,,,3642,14771,7366,1812
,,,,,,,3643,14771,7366,1812
,,,,,,,3644,14771,7366,1812
,,,,,,,3645,14771,7366,1812
,,,,,,,3646,14771,7366,1812
,,,,,,,3647,14771,7366,1812
,,,,,,,3648,14771,7366,1812
,,,,,,,3649,14771,7366,1812
,,,,,,,3650,14771,7366,1812
,,,,,,,3651,14771,7366,1812
,,,,,,,3652,14771,7366,1812
,,,,,,,3653,14771,7366,1812
,,,,,,,3654,14771,7366,1812
,,,,,,,3655,14771,7366,1812
,,,,,,,3656,14771,7366,1812
,,,,,,,3657,14771,7366,1812
,,,,,,,3658,14771,7366,1812
,,,,,,,3659,14771,7366,1812
,,,,,,,3660,14771,7366,1812
,,,,,,,3661,14771,7366,1812
,,,,,,,3662,14771,7366,1812
,,,,,,,3663,14771,7366,1812
,,,,,,,3664,14771,7366,1812
,,,,,,,3665,14771,7366,1812
,,,,,,,3666,14771,7366,1812
,,,,,,,3667,14771,7366,1812
,,,,,,,3668,14771,7366,1812
,,,,,,,3669,14771,7366,1812
,,,,,,,3670,14771,7366,1812
,,,,,,,3671,14771,7366,1812
,,,,,,,3672,14771,7366,1812
,,,,,,,3673,14771,7366,1812
,,,,,,,3674,14771,7366,1812
,,,,,,,3675,14771,7366,1812
,,,,,,,3676,14771,7366,1812
,,,,,,,3677,14771,7366,1812
,,,,,,,3678,14771,7366,1812
,,,,,,,3679,14771,7366,1812
,,,,,,,3680,14771,7366,1812
,,,,,,,3681,14771,7366,1812
,,,,,,,3682,14771,7366,1812
,,,,,,,3683,14771,7366,1812
,,,,,,,3684,14771,7366,1812
,,,,,,,3685,14771,7366,1812
,,,,,,,3686,14771,7366,1812
,,,,,,,3687,14771,7366,1812
,,,,,,,3688,14771,7366,1812
,,,,,,,3689,14771,7366,1812
,,,,,,,3690,14771,7366,1812
,,,,,,,3691,14771,7366,1812
,,,,,,,3692,14771,7366,1812
,,,,,,,3693,14771,7366,1812
,,,,,,,3694,14771,7366,1812
,,,,,,,3695,14771,7366,1812
,,,,,,,3696,14771,7366,1812
,,,,,,,3697,14771,7366,1812
,,,,,,,3698,14771,7366,1812
,,,,,,,3699,14771,7366,1812
,,,,,,,3700,14771,7366,1812
,,,,,,,3701,14771,7366,1812
,,,,,,,3702,14771,7366,1812
,,,,,,,3703,14771,7366,1812
,,,,,,,3704,14771,7366,1812
,,,,,,,3705,14771,7366,1812
,,,,,,,3706,14771,7366,1812
,,,,,,,3707,14771,7366,1812
,,,,,,,3708,14771,7366,1812
,,,,,,,3709,14771,7366,1812
,,,,,,,3710,14771,7366,1812
,,,,,,,3711,14771,7366,1812
,,,,,,,3712,14771,7366,1812
,,,,,,,3713,14771,7366,1812
,,,,,,,3714,14771,7366,1812
,,,,,,,3715,14771,7366,1812
,,,,,,,3716,14771,7366,1812
,,,,,,,3717,14771,7366,1812
,,,,,,,3718,14771,7366,1812
,,,,,,,3719,14771,7366,1812
,,,,,,,3720,14771,7366,1812
,,,,,,,3721,14771,7366,1812
,,,,,,,3722,14771,7366,1812
,,,,,,,3723,14771,7366,1812
,,,,,,,3724,14771,7366,1812
,,,,,,,3725,14771,7366,1812
,,,,,,,3726,14771,7366,1812
,,,,,,,3727,14771,7366,1812
,,,,,,,3728,14771,7366,1812
,,,,,,,3729,14771,7366,1812
,,,,,,,3730,14771,7366,1812
,,,,,,,3731,14771,7366,1812
,,,,,,,3732,14771,7366,1812
,,,,,,,3733,14771,7366,1812
,,,,,,,3734,14771,7366,1812
,,,,,,,3735,14771,7366,1812
,,,,,,,3736,14771,7366,1812
,,,,,,,3737,14771,7366,1812
,,,,,,,3738,14771,7366,1812
,,,,,,,3739,14771,7366,1812
,,,,,,,3740,14771,7366,1812
,,,,,,,3741,14771,7366,1812
,,,,,,,3742,14771,7366,1812
,,,,,,,3743,14771,7366,1812
,,,,,,,3744,14771,7366,1812
,,,,,,,3745,14771,7366,1812
,,,,,,,3746,14771,7366,1812
,,,,,,,3747,14771,7366,1812
,,,,,,,3748,14771,7366,1812
,,,,,,,3749,14771,7366,1812
,,,,,,,3750,14771,7366,1812
,,,,,,,3751,14771,7366,1812
,,,,,,,3752,14771,7366,1812
,,,,,,,3753,14771,7366,1812
,,,,,,,3754,14771,7366,1812
,,,,,,,3755,14771,7366,1812
,,,,,,,3756,14771,7366,1812
,,,,,,,3757,14771,7366,1812
,,,,,,,3758,14771,7366,1812
,,,,,,,3759,14771,7366,1812
,,,,,,,3760,14771,7366,1812
,,,,,,,3761,14771,7366,1812
,,,,,,,3762,14771,7366,1812
,,,,,,,3763,14771,7366,1812
,,,,,,,3764,14771,7366,1812
,,,,,,,3765,14771,7366,1812
,,,,,,,3766,14771,7366,1812
,,,,,,,3767,14771,7366,1812
,,,,,,,3768,14771,7366,1812
,,,,,,,3769,14771,7366,1812
,,,,,,,3770,14771,7366,1812
,,,,,,,3771,14771,7366,1812
,,,,,,,3772,14771,7366,1812
,,,,,,,3773,14771,7366,1812
,,,,,,,3774,14771,7366,1812
,,,,,,,3775,14771,7366,1812
,,,,,,,3776,14771,7366,1812
,,,,,,,3777,14771,7366,1812
,,,,,,,3778,14771,7366,1812
,,,,,,,3779,14771,7366,1812
,,,,,,,3780,14771,7366,1812
,,,,,,,3781,14771,7366,1812
,,,,,,,3782,14771,7366,1812
,,,,,,,3783,14771,7366,1812
,,,,,,,3784,14771,7366,1812
,,,,,,,3785,14771,7366,1812
,,,,,,,3786,14771,7366,1812
,,,,,,,3787,14771,7366,1812
,,,,,,,3788,14771,7366,1812
,,,,,,,3789,14771,7366,1812
,,,,,,,3790,14771,7366,1812
,,,,,,,3791,14771,7366,1812
,,,,,,,3792,14771,7366,1812
,,,,,,,3793,14771,7366,1812
,,,,,,,3794,14771,7366,1812
,,,,,,,3795,14771,7366,1812
,,,,,,,3796,14771,7366,1812
,,,,,,,3797,14771,7366,1812
,,,,,,,3798,14771,7366,1812
,,,,,,,3799,14771,7366,1812
,,,,,,,3800,14771,7366,1812
,,,,,,,3801,14771,7366,1812
,,,,,,,3802,14771,7366,1812
,,,,,,,3803,14771,7366,1812
,,,,,,,3804,14771,7366,1812
,,,,,,,3805,14771,7366,1812
,,,,,,,3806,14771,7366,1812
,,,,,,,3807,14771,7366,1812
,,,,,,,3808,14771,7366,1812
,,,,,,,3809,14771,7366,1812
,,,,,,,3810,14771,7366,1812
,,,,,,,3811,14771,7366,1812
,,,,,,,3812,14771,7366,1812
,,,,,,,3813,14771,7366,1812
,,,,,,,3814,14771,7366,1812
,,,,,,,3815,14771,7366,1812
,,,,,,,3816,14771,7366,1812
,,,,,,,3817,14771,7366,1812
,,,,,,,3818,14771,7366,1812
,,,,,,,3819,14771,7366,1812
,,,,,,,3820,14771,7366,1812
,,,,,,,3821,14771,7366,1812
,,,,,,,3822,14771,7366,1812
,,,,,,,3823,14771,7366,1812
,,,,,,,3824,14771,7366,1812
,,,,,,,3825,14771,7366,1812
,,,,,,,3826,14771,7366,1812
,,,,,,,3827,14771,7366,1812
,,,,,,,3828,14771,7366,1812
,,,,,,,3829,14771,7366,1812
,,,,,,,3830,14771,7366,1812
,,,,,,,3831,14771,7366,1812
,,,,,,,3832,14771,7366,1812
,,,,,,,3833,14771,7366,1812
,,,,,,,3834,14771,7366,1812
,,,,,,,3835,14771,7366,1812
,,,,,,,3836,14771,7366,1812
,,,,,,,3837,14771,7366,1812
,,,,,,,3838,14771,7366,1812
,,,,,,,3839,14771,7366,1812
,,,,,,,3840,14771,7366,1812
,,,,,,,3841,14771,7366,1812
,,,,,,,3842,14771,7366,1812
,,,,,,,3843,14771,7366,1812
,,,,,,,3844,14771,7366,1812
,,,,,,,3845,14771,7366,1812
,,,,,,,3846,14771,7366,1812
,,,,,,,3847,14771,7366,1812
,,,,,,,3848,14771,7366,1812
,,,,,,,3849,14771,7366,1812
,,,,,,,3850,14771,7366,1812
,,,,,,,3851,14771,7366,1812
,,,,,,,3852,14771,7366,1812
,,,,,,,3853,14771,7366,1812
,,,,,,,3854,14771,7366,1812
,,,,,,,3855,14771,7366,1812
,,,,,,,3856,14771,7366,1812
,,,,,,,3857,14771,7366,1812
,,,,,,,3858,14771,7366,1812
,,,,,,,3859,14771,7366,1812
,,,,,,,3860,14771,7366,1812
,,,,,,,3861,14771,7366,1812
,,,,,,,3862,14771,7366,1812
,,,,,,,3863,14771,7366,1812
,,,,,,,3864,14771,7366,1812
,,,,,,,3865,14771,7366,1812
,,,,,,,3866,14771,7366,1812
,,,,,,,3867,14771,7366,1812
,,,,,,,3868,14771,7366,1812
,,,,,,,3869,14771,7366,1812
,,,,,,,3870,14771,7366,1812
,,,,,,,3871,14771,7366,1812
,,,,,,,3872,14771,7366,1812
,,,,,,,3873,14771,7366,1812
,,,,,,,3874,14771,7366,1812
,,,,,,,3875,14771,7366,1812
,,,,,,,3876,14771,7366,1812
,,,,,,,3877,14771,7366,1812
,,,,,,,3878,14771,7366,1812
,,,,,,,3879,14771,7366,1812
,,,,,,,3880,14771,7366,1812
,,,,,,,3881,14771,7366,1812
,,,,,,,3882,14771,7366,1812
,,,,,,,3883,14771,7366,1812
,,,,,,,3884,14771,7366,1812
,,,,,,,3885,14771,7366,1812
,,,,,,,3886,14771,7366,1812
,,,,,,,3887,14771,7366,1812
,,,,,,,3888,14771,7366,1812
,,,,,,,3889,14771,7366,1812
,,,,,,,3890,14771,7366,1812
,,,,,,,3891,14771,7366,1812
,,,,,,,3892,14771,7366,1812
,,,,,,,3893,14771,7366,1812
,,,,,,,3894,14771,7366,1812
,,,,,,,3895,14771,7366,1812
,,,,,,,3896,14771,7366,1812
,,,,,,,3897,14771,7366,1812
,,,,,,,3898,14771,7366,1812
,,,,,,,3899,14771,7366,1812
,,,,,,,3900,14771,7366,1812
,,,,,,,3901,14771,7366,1812
,,,,,,,3902,14771,7366,1812
,,,,,,,3903,14771,7366,1812
,,,,,,,3904,14771,7366,1812
,,,,,,,3905,14771,7366,1812
,,,,,,,3906,14771,7366,1812
,,,,,,,3907,14771,7366,1812
,,,,,,,3908,14771,7366,1812
,,,,,,,3909,14771,7366,1812
,,,,,,,3910,14771,7366,1812
,,,,,,,3911,14771,7366,1812
,,,,,,,3912,14771,7366,1812
,,,,,,,3913,14771,7366,1812
,,,,,,,3914,14771,7366,1812
,,,,,,,3915,14771,7366,1812
,,,,,,,3916,14771,7366,1812
,,,,,,,3917,14771,7366,1812
,,,,,,,3918,14771,7366,1812
,,,,,,,3919,14771,7366,1812
,,,,,,,3920,14771,7366,1812
,,,,,,,3921,14771,7366,1812
,,,,,,,3922,14771,7366,1812
,,,,,,,3923,14771,7366,1812
,,,,,,,3924,14771,7366,1812
,,,,,,,3925,14771,7366,1812
,,,,,,,3926,14771,7366,1812
,,,,,,,3927,14771,7366,1812
,,,,,,,3928,14771,7366,1812
,,,,,,,3929,14771,7366,1812
,,,,,,,3930,14771,7366,1812
,,,,,,,3931,14771,7366,1812
,,,,,,,3932,14771,7366,1812
,,,,,,,3933,14771,7366,1812
,,,,,,,3934,14771,7366,1812
,,,,,,,3935,14771,7366,1812
,,,,,,,3936,14771,7366,1812
,,,,,,,3937,14771,7366,1812
,,,,,,,3938,14771,7366,1812
,,,,,,,3939,14771,7366,1812
,,,,,,,3940,14771,7366,1812
,,,,,,,3941,14771,7366,1812
,,,,,,,3942,14771,7366,1812
,,,,,,,3943,14771,7366,1812
,,,,,,,3944,14771,7366,1812
,,,,,,,3945,14771,7366,1812
,,,,,,,3946,14771,7366,1812
,,,,,,,3947,14771,7366,1812
,,,,,,,3948,14771,7366,1812
,,,,,,,3949,14771,7366,1812
,,,,,,,3950,14771,7366,1812
,,,,,,,3951,14771,7366,1812
,,,,,,,3952,14771,7366,1812
,,,,,,,3953,14771,7366,1812
,,,,,,,3954,14771,7366,1812
,,,,,,,3955,14771,7366,1812
,,,,,,,3956,14771,7366,1812
,,,,,,,3957,14771,7366,1812
,,,,,,,3958,14771,7366,1812
,,,,,,,3959,14771,7366,1812
,,,,,,,3960,14771,7366,1812
,,,,,,,3961,14771,7366,1812
,,,,,,,3962,14771,7366,1812
,,,,,,,3963,14771,7366,1812
,,,,,,,3964,14771,7366,1812
,,,,,,,3965,14771,7366,1812
,,,,,,,3966,14771,7366,1812
,,,,,,,3967,14771,7366,1812
,,,,,,,3968,14771,7366,1812
,,,,,,,3969,14771,7366,1812
,,,,,,,3970,14771,7366,1812
,,,,,,,3971,14771,7366,1812
,,,,,,,3972,14771,7366,1812
,,,,,,,3973,14771,7366,1812
,,,,,,,3974,14771,7366,1812
,,,,,,,3975,14771,7366,1812
,,,,,,,3976,14771,7366,1812
,,,,,,,3977,14771,7366,1812
,,,,,,,3978,14771,7366,1812
,,,,,,,3979,14771,7366,1812
,,,,,,,3980,14771,7366,1812
,,,,,,,3981,14771,7366,1812
,,,,,,,3982,14771,7366,1812
,,,,,,,3983,14771,7366,1812
,,,,,,,3984,14771,7366,1812
,,,,,,,3985,14771,7366,1812
,,,,,,,3986,14771,7366,1812
,,,,,,,3987,14771,7366,1812
,,,,,,,3988,14771,7366,1812
,,,,,,,3989,14771,7366,1812
,,,,,,,3990,14771,7366,1812
,,,,,,,3991,14771,7366,1812
,,,,,,,3992,14771,7366,1812
,,,,,,,3993,14771,7366,1812
,,,,,,,3994,14771,7366,1812
,,,,,,,3995,14771,7366,1812
,,,,,,,3996,14771,7366,1812
,,,,,,,3997,14771,7366,1812
,,,,,,,3998,14771,7366,1812
,,,,,,,3999,14771,7366,1812
,,,,,,,4000,14771,7366,1812
,,,,,,,4001,14771,7366,1812
,,,,,,,4002,14771,7366,1812
,,,,,,,4003,14771,7366,1812
,,,,,,,4004,14771,7366,1812
,,,,,,,4005,14771,7366,1812
,,,,,,,4006,14771,7366,1812
,,,,,,,4007,14771,7366,1812
,,,,,,,4008,14771,7366,1812
,,,,,,,4009,14771,7366,1812
,,,,,,,4010,14771,7366,1812
,,,,,,,4011,14771,7366,1812
,,,,,,,4012,14771,7366,1812
,,,,,,,4013,14771,7366,1812
,,,,,,,4014,14771,7366,1812
,,,,,,,4015,14771,7366,1812
,,,,,,,4016,14771,7366,1812
,,,,,,,4017,14771,7366,1812
,,,,,,,4018,14771,7366,1812
,,,,,,,4019,14771,7366,1812
,,,,,,,4020,14771,7366,1812
,,,,,,,4021,14771,7366,1812
,,,,,,,4022,14771,7366,1812
,,,,,,,4023,14771,7366,1812
,,,,,,,4024,14771,7366,1812
,,,,,,,4025,14771,7366,1812
,,,,,,,4026,14771,7366,1812
,,,,,,,4027,14771,7366,1812
,,,,,,,4028,14771,7366,1812
,,,,,,,4029,14771,7366,1812
,,,,,,,4030,14771,7366,1812
,,,,,,,4031,14771,7366,1812
,,,,,,,4032,14771,7366,1812
,,,,,,,4033,14771,7366,1812
,,,,,,,4034,14771,7366,1812
,,,,,,,4035,14771,7366,1812
,,,,,,,4036,14771,7366,1812
,,,,,,,4037,14771,7366,1812
,,,,,,,4038,14771,7366,1812
,,,,,,,4039,14771,7366,1812
,,,,,,,4040,14771,7366,1812
,,,,,,,4041,14771,7366,1812
,,,,,,,4042,14771,7366,1812
,,,,,,,4043,14771,7366,1812
,,,,,,,4044,14771,7366,1812
,,,,,,,4045,14771,7366,1812
,,,,,,,4046,14771,7366,1812
,,,,,,,4047,14771,7366,1812
,,,,,,,4048,14771,7366,1812
,,,,,,,4049,14771,7366,1812
,,,,,,,4050,14771,7366,1812
,,,,,,,4051,14771,7366,1812
,,,,,,,4052,14771,7366,1812
,,,,,,,4053,14771,7366,1812
,,,,,,,4054,14771,7366,1812
,,,,,,,4055,14771,7366,1812
,,,,,,,4056,14771,7366,1812
,,,,,,,4057,14771,7366,1812
,,,,,,,4058,14771,7366,1812
,,,,,,,4059,14771,7366,1812
,,,,,,,4060,14771,7366,1812
,,,,,,,4061,14771,7366,1812
,,,,,,,4062,14771,7366,1812
,,,,,,,4063,14771,7366,1812
,,,,,,,4064,14771,7366,1812
,,,,,,,4065,14771,7366,1812
,,,,,,,4066,14771,7366,1812
,,,,,,,4067,14771,7366,1812
,,,,,,,4068,14771,7366,1812
,,,,,,,4069,14771,7366,1812
,,,,,,,4070,14771,7366,1812
,,,,,,,4071,14771,7366,1812
,,,,,,,4072,14771,7366,1812
,,,,,,,4073,14771,7366,1812
,,,,,,,4074,14771,7366,1812
,,,,,,,4075,14771,7366,1812
,,,,,,,4076,14771,7366,1812
,,,,,,,4077,14771,7366,1812
,,,,,,,4078,14771,7366,1812
,,,,,,,4079,14771,7366,1812
,,,,,,,4080,14771,7366,1812
,,,,,,,4081,14771,7366,1812
,,,,,,,4082,14771,7366,1812
,,,,,,,4083,14771,7366,1812
,,,,,,,4084,14771,7366,1812
,,,,,,,4085,14771,7366,1812
,,,,,,,4086,14771,7366,1812
,,,,,,,4087,14771,7366,1812
,,,,,,,4088,14771,7366,1812
,,,,,,,4089,14771,7366,1812
,,,,,,,4090,14771,7366,1812
,,,,,,,4091,14771,7366,1812
,,,,,,,4092,14771,7366,1812
,,,,,,,4093,14771,7366,1812
,,,,,,,4094,14771,7366,1812
,,,,,,,4095,14771,7366,1812
,,,,,,,4096,14771,7366,1812
,,,,,,,4097,14771,7366,1812
,,,,,,,4098,14771,7366,1812
,,,,,,,4099,14771,7366,1812
,,,,,,,4100,14771,7366,1812
,,,,,,,4101,14771,7366,1812
,,,,,,,4102,14771,7366,1812
,,,,,,,4103,14771,7366,1812
,,,,,,,4104,14771,7366,1812
,,,,,,,4105,14771,7366,1812
,,,,,,,4106,14771,7366,1812
,,,,,,,4107,14771,7366,1812
,,,,,,,4108,14771,7366,1812
,,,,,,,4109,14771,7366,1812
,,,,,,,4110,14771,7366,1812
,,,,,,,4111,14771,7366,1812
,,,,,,,4112,14771,7366,1812
,,,,,,,4113,14771,7366,1812
,,,,,,,4114,14771,7366,1812
,,,,,,,4115,14771,7366,1812
,,,,,,,4116,14771,7366,1812
,,,,,,,4117,14771,7366,1812
,,,,,,,4118,14771,7366,1812
,,,,,,,4119,14771,7366,1812
,,,,,,,4120,14771,7366,1812
,,,,,,,4121,14771,7366,1812
,,,,,,,4122,14771,7366,1812
,,,,,,,4123,14771,7366,1812
,,,,,,,4124,14771,7366,1812
,,,,,,,4125,14771,7366,1812
,,,,,,,4126,14771,7366,1812
,,,,,,,4127,14771,7366,1812
,,,,,,,4128,14771,7366,1812
,,,,,,,4129,14771,7366,1812
,,,,,,,4130,14771,7366,1812
,,,,,,,4131,14771,7366,1812
,,,,,,,4132,14771,7366,1812
,,,,,,,4133,14771,7366,1812
,,,,,,,4134,14771,7366,1812
,,,,,,,4135,14771,7366,1812
,,,,,,,4136,14771,7366,1812
,,,,,,,4137,14771,7366,1812
,,,,,,,4138,14771,7366,1812
,,,,,,,4139,14771,7366,1812
,,,,,,,4140,14771,7366,1812
,,,,,,,4141,14771,7366,1812
,,,,,,,4142,14771,7366,1812
,,,,,,,4143,14771,7366,1812
,,,,,,,4144,14771,7366,1812
,,,,,,,4145,14771,7366,1812
,,,,,,,4146,14771,7366,1812
,,,,,,,4147,14771,7366,1812
,,,,,,,4148,14771,7366,1812
,,,,,,,4149,14771,7366,1812
,,,,,,,4150,14771,7366,1812
,,,,,,,4151,14771,7366,1812
,,,,,,,4152,14771,7366,1812
,,,,,,,4153,14771,7366,1812
,,,,,,,4154,14771,7366,1812
,,,,,,,4155,14771,7366,1812
,,,,,,,4156,14771,7366,1812
,,,,,,,4157,14771,7366,1812
,,,,,,,4158,14771,7366,1812
,,,,,,,4159,14771,7366,1812
,,,,,,,4160,14771,7366,1812
,,,,,,,4161,14771,7366,1812
,,,,,,,4162,14771,7366,1812
,,,,,,,4163,14771,7366,1812
,,,,,,,4164,14771,7366,1812
,,,,,,,4165,14771,7366,1812
,,,,,,,4166,14771,7366,1812
,,,,,,,4167,14771,7366,1812
,,,,,,,4168,14771,7366,1812
,,,,,,,4169,14771,7366,1812
,,,,,,,4170,14771,7366,1812
,,,,,,,4171,14771,7366,1812
,,,,,,,4172,14771,7366,1812
,,,,,,,4173,14771,7366,1812
,,,,,,,4174,14771,7366,1812
,,,,,,,4175,14771,7366,1812
,,,,,,,4176,14771,7366,1812
,,,,,,,4177,14771,7366,1812
,,,,,,,4178,14771,7366,1812
,,,,,,,4179,14771,7366,1812
,,,,,,,4180,14771,7366,1812
,,,,,,,4181,14771,7366,1812
,,,,,,,4182,14771,7366,1812
,,,,,,,4183,14771,7366,1812
,,,,,,,4184,14771,7366,1812
,,,,,,,4185,14771,7366,1812
,,,,,,,4186,14771,7366,1812
,,,,,,,4187,14771,7366,1812
,,,,,,,4188,14771,7366,1812
,,,,,,,4189,14771,7366,1812
,,,,,,,4190,14771,7366,1812
,,,,,,,4191,14771,7366,1812
,,,,,,,4192,14771,7366,1812
,,,,,,,4193,14771,7366,1812
,,,,,,,4194,14771,7366,1812
,,,,,,,4195,14771,7366,1812
,,,,,,,4196,14771,7366,1812
,,,,,,,4197,14771,7366,1812
,,,,,,,4198,14771,7366,1812
,,,,,,,4199,14771,7366,1812
,,,,,,,4200,14771,7366,1812
,,,,,,,4201,14771,7366,1812
,,,,,,,4202,14771,7366,1812
,,,,,,,4203,14771,7366,1812
,,,,,,,4204,14771,7366,1812
,,,,,,,4205,14771,7366,1812
,,,,,,,4206,14771,7366,1812
,,,,,,,4207,14771,7366,1812
,,,,,,,4208,14771,7366,1812
,,,,,,,4209,14771,7366,1812
,,,,,,,4210,14771,7366,1812
,,,,,,,4211,14771,7366,1812
,,,,,,,4212,14771,7366,1812
,,,,,,,4213,14771,7366,1812
,,,,,,,4214,14771,7366,1812
,,,,,,,4215,14771,7366,1812
,,,,,,,4216,14771,7366,1812
,,,,,,,4217,14771,7366,1812
,,,,,,,4218,14771,7366,1812
,,,,,,,4219,14771,7366,1812
,,,,,,,4220,14771,7366,1812
,,,,,,,4221,14771,7366,1812
,,,,,,,4222,14771,7366,1812
,,,,,,,4223,14771,7366,1812
,,,,,,,4224,14771,7366,1812
,,,,,,,4225,14771,7366,1812
,,,,,,,4226,14771,7366,1812
,,,,,,,4227,14771,7366,1812
,,,,,,,4228,14771,7366,1812
,,,,,,,4229,14771,7366,1812
,,,,,,,4230,14771,7366,1812
,,,,,,,4231,14771,7366,1812
,,,,,,,4232,14771,7366,1812
,,,,,,,4233,14771,7366,1812
,,,,,,,4234,14771,7366,1812
,,,,,,,4235,14771,7366,1812
,,,,,,,4236,14771,7366,1812
,,,,,,,4237,14771,7366,1812
,,,,,,,4238,14771,7366,1812
,,,,,,,4239,14771,7366,1812
,,,,,,,4240,14771,7366,1812
,,,,,,,4241,14771,7366,1812
,,,,,,,4242,14771,7366,1812
,,,,,,,4243,14771,7366,1812
,,,,,,,4244,14771,7366,1812
,,,,,,,4245,14771,7366,1812
,,,,,,,4246,14771,7366,1812
,,,,,,,4247,14771,7366,1812
,,,,,,,4248,14771,7366,1812
,,,,,,,4249,14771,7366,1812
,,,,,,,4250,14771,7366,1812
,,,,,,,4251,14771,7366,1812
,,,,,,,4252,14771,7366,1812
,,,,,,,4253,14771,7366,1812
,,,,,,,4254,14771,7366,1812
,,,,,,,4255,14771,7366,1812
,,,,,,,4256,14771,7366,1812
,,,,,,,4257,14771,7366,1812
,,,,,,,4258,14771,7366,1812
,,,,,,,4259,14771,7366,1812
,,,,,,,4260,14771,7366,1812
,,,,,,,4261,14771,7366,1812
,,,,,,,4262,14771,7366,1812
,,,,,,,4263,14771,7366,1812
,,,,,,,4264,14771,7366,1812
,,,,,,,4265,14771,7366,1812
,,,,,,,4266,14771,7366,1812
,,,,,,,4267,14771,7366,1812
,,,,,,,4268,14771,7366,1812
,,,,,,,4269,14771,7366,1812
,,,,,,,4270,14771,7366,1812
,,,,,,,4271,14771,7366,1812
,,,,,,,4272,14771,7366,1812
,,,,,,,4273,14771,7366,1812
,,,,,,,4274,14771,7366,1812
,,,,,,,4275,14771,7366,1812
,,,,,,,4276,14771,7366,1812
,,,,,,,4277,14771,7366,1812
,,,,,,,4278,14771,7366,1812
,,,,,,,4279,14771,7366,1812
,,,,,,,4280,14771,7366,1812
,,,,,,,4281,14771,7366,1812
,,,,,,,4282,14771,7366,1812
,,,,,,,4283,14771,7366,1812
,,,,,,,4284,14771,7366,1812
,,,,,,,4285,14771,7366,1812
,,,,,,,4286,14771,7366,1812
,,,,,,,4287,14771,7366,1812
,,,,,,,4288,14771,7366,1812
,,,,,,,4289,14771,7366,1812
,,,,,,,4290,14771,7366,1812
,,,,,,,4291,14771,7366,1812
,,,,,,,4292,14771,7366,1812
,,,,,,,4293,14771,7366,1812
,,,,,,,4294,14771,7366,1812
,,,,,,,4295,14771,7366,1812
,,,,,,,4296,14771,7366,1812
,,,,,,,4297,14771,7366,1812
,,,,,,,4298,14771,7366,1812
,,,,,,,4299,14771,7366,1812
,,,,,,,4300,14771,7366,1812
,,,,,,,4301,14771,7366,1812
,,,,,,,4302,14771,7366,1812
,,,,,,,4303,14771,7366,1812
,,,,,,,4304,14771,7366,1812
,,,,,,,4305,14771,7366,1812
,,,,,,,4306,14771,7366,1812
,,,,,,,4307,14771,7366,1812
,,,,,,,4308,14771,7366,1812
,,,,,,,4309,14771,7366,1812
,,,,,,,4310,14771,7366,1812
,,,,,,,4311,14771,7366,1812
,,,,,,,4312,14771,7366,1812
,,,,,,,4313,14771,7366,1812
,,,,,,,4314,14771,7366,1812
,,,,,,,4315,14771,7366,1812
,,,,,,,4316,14771,7366,1812
,,,,,,,4317,14771,7366,1812
,,,,,,,4318,14771,7366,1812
,,,,,,,4319,14771,7366,1812
,,,,,,,4320,14771,7366,1812
,,,,,,,4321,14771,7366,1812
,,,,,,,4322,14771,7366,1812
,,,,,,,4323,14771,7366,1812
,,,,,,,4324,14771,7366,1812
,,,,,,,4325,14771,7366,1812
,,,,,,,4326,14771,7366,1812
,,,,,,,4327,14771,7366,1812
,,,,,,,4328,14771,7366,1812
,,,,,,,4329,14771,7366,1812
,,,,,,,4330,14771,7366,1812
,,,,,,,4331,14771,7366,1812
,,,,,,,4332,14771,7366,1812
,,,,,,,4333,14771,7366,1812
,,,,,,,4334,14771,7366,1812
,,,,,,,4335,14771,7366,1812
,,,,,,,4336,14771,7366,1812
,,,,,,,4337,14771,7366,1812
,,,,,,,4338,14771,7366,1812
,,,,,,,4339,14771,7366,1812
,,,,,,,4340,14771,7366,1812
,,,,,,,4341,14771,7366,1812
,,,,,,,4342,14771,7366,1812
,,,,,,,4343,14771,7366,1812
,,,,,,,4344,14771,7366,1812
,,,,,,,4345,14771,7366,1812
,,,,,,,4346,14771,7366,1812
,,,,,,,4347,14771,7366,1812
,,,,,,,4348,14771,7366,1812
,,,,,,,4349,14771,7366,1812
,,,,,,,4350,14771,7366,1812
,,,,,,,4351,14771,7366,1812
,,,,,,,4352,14771,7366,1812
,,,,,,,4353,14771,7366,1812
,,,,,,,4354,14771,7366,1812
,,,,,,,4355,14771,7366,1812
,,,,,,,4356,14771,7366,1812
,,,,,,,4357,14771,7366,1812
,,,,,,,4358,14771,7366,1812
,,,,,,,4359,14771,7366,1812
,,,,,,,4360,14771,7366,1812
,,,,,,,4361,14771,7366,1812
,,,,,,,4362,14771,7366,1812
,,,,,,,4363,14771,7366,1812
,,,,,,,4364,14771,7366,1812
,,,,,,,4365,14771,7366,1812
,,,,,,,4366,14771,7366,1812
,,,,,,,4367,14771,7366,1812
,,,,,,,4368,14771,7366,1812
,,,,,,,4369,14771,7366,1812
,,,,,,,4370,14771,7366,1812
,,,,,,,4371,14771,7366,1812
,,,,,,,4372,14771,7366,1812
,,,,,,,4373,14771,7366,1812
,,,,,,,4374,14771,7366,1812
,,,,,,,4375,14771,7366,1812
,,,,,,,4376,14771,7366,1812
,,,,,,,4377,14771,7366,1812
,,,,,,,4378,14771,7366,1812
,,,,,,,4379,14771,7366,1812
,,,,,,,4380,14771,7366,1812
,,,,,,,4381,14771,7366,1812
,,,,,,,4382,14771,7366,1812
,,,,,,,4383,14771,7366,1812
,,,,,,,4384,14771,7366,1812
,,,,,,,4385,14771,7366,1812
,,,,,,,4386,14771,7366,1812
,,,,,,,4387,14771,7366,1812
,,,,,,,4388,14771,7366,1812
,,,,,,,4389,14771,7366,1812
,,,,,,,4390,14771,7366,1812
,,,,,,,4391,14771,7366,1812
,,,,,,,4392,14771,7366,1812
,,,,,,,4393,14771,7366,1812
,,,,,,,4394,14771,7366,1812
,,,,,,,4395,14771,7366,1812
,,,,,,,4396,14771,7366,1812
,,,,,,,4397,14771,7366,1812
,,,,,,,4398,14771,7366,1812
,,,,,,,4399,14771,7366,1812
,,,,,,,4400,14771,7366,1812
,,,,,,,4401,14771,7366,1812
,,,,,,,4402,14771,7366,1812
,,,,,,,4403,14771,7366,1812
,,,,,,,4404,14771,7366,1812
,,,,,,,4405,14771,7366,1812
,,,,,,,4406,14771,7366,1812
,,,,,,,4407,14771,7366,1812
,,,,,,,4408,14771,7366,1812
,,,,,,,4409,14771,7366,1812
,,,,,,,4410,14771,7366,1812
,,,,,,,4411,14771,7366,1812
,,,,,,,4412,14771,7366,1812
,,,,,,,4413,14771,7366,1812
,,,,,,,4414,14771,7366,1812
,,,,,,,4415,14771,7366,1812
,,,,,,,4416,14771,7366,1812
,,,,,,,4417,14771,7366,1812
,,,,,,,4418,14771,7366,1812
,,,,,,,4419,14771,7366,1812
,,,,,,,4420,14771,7366,1812
,,,,,,,4421,14771,7366,1812
,,,,,,,4422,14771,7366,1812
,,,,,,,4423,14771,7366,1812
,,,,,,,4424,14771,7366,1812
,,,,,,,4425,14771,7366,1812
,,,,,,,4426,14771,7366,1812
,,,,,,,4427,14771,7366,1812
,,,,,,,4428,14771,7366,1812
,,,,,,,4429,14771,7366,1812
,,,,,,,4430,14771,7366,1812
,,,,,,,4431,14771,7366,1812
,,,,,,,4432,14771,7366,1812
,,,,,,,4433,14771,7366,1812
,,,,,,,4434,14771,7366,1812
,,,,,,,4435,14771,7366,1812
,,,,,,,4436,14771,7366,1812
,,,,,,,4437,14771,7366,1812
,,,,,,,4438,14771,7366,1812
,,,,,,,4439,14771,7366,1812
,,,,,,,4440,14771,7366,1812
,,,,,,,4441,14771,7366,1812
,,,,,,,4442,14771,7366,1812
,,,,,,,4443,14771,7366,1812
,,,,,,,4444,14771,7366,1812
,,,,,,,4445,14771,7366,1812
,,,,,,,4446,14771,7366,1812
,,,,,,,4447,14771,7366,1812
,,,,,,,4448,14771,7366,1812
,,,,,,,4449,14771,7366,1812
,,,,,,,4450,14771,7366,1812
,,,,,,,4451,14771,7366,1812
,,,,,,,4452,14771,7366,1812
,,,,,,,4453,14771,7366,1812
,,,,,,,4454,14771,7366,1812
,,,,,,,4455,14771,7366,1812
,,,,,,,4456,14771,7366,1812
,,,,,,,4457,14771,7366,1812
,,,,,,,4458,14771,7366,1812
,,,,,,,4459,14771,7366,1812
,,,,,,,4460,14771,7366,1812
,,,,,,,4461,14771,7366,1812
,,,,,,,4462,14771,7366,1812
,,,,,,,4463,14771,7366,1812
,,,,,,,4464,14771,7366,1812
,,,,,,,4465,14771,7366,1812
,,,,,,,4466,14771,7366,1812
,,,,,,,4467,14771,7366,1812
,,,,,,,4468,14771,7366,1812
,,,,,,,4469,14771,7366,1812
,,,,,,,4470,14771,7366,1812
,,,,,,,4471,14771,7366,1812
,,,,,,,4472,14771,7366,1812
,,,,,,,4473,14771,7366,1812
,,,,,,,4474,14771,7366,1812
,,,,,,,4475,14771,7366,1812
,,,,,,,4476,14771,7366,1812
,,,,,,,4477,14771,7366,1812
,,,,,,,4478,14771,7366,1812
,,,,,,,4479,14771,7366,1812
,,,,,,,4480,14771,7366,1812
,,,,,,,4481,14771,7366,1812
,,,,,,,4482,14771,7366,1812
,,,,,,,4483,14771,7366,1812
,,,,,,,4484,14771,7366,1812
,,,,,,,4485,14771,7366,1812
,,,,,,,4486,14771,7366,1812
,,,,,,,4487,14771,7366,1812
,,,,,,,4488,14771,7366,1812
,,,,,,,4489,14771,7366,1812
,,,,,,,4490,14771,7366,1812
,,,,,,,4491,14771,7366,1812
,,,,,,,4492,14771,7366,1812
,,,,,,,4493,14771,7366,1812
,,,,,,,4494,14771,7366,1812
,,,,,,,4495,14771,7366,1812
,,,,,,,4496,14771,7366,1812
,,,,,,,4497,14771,7366,1812
,,,,,,,4498,14771,7366,1812
,,,,,,,4499,14771,7366,1812
,,,,,,,4500,14771,7366,1812
,,,,,,,4501,14771,7366,1812
,,,,,,,4502,14771,7366,1812
,,,,,,,4503,14771,7366,1812
,,,,,,,4504,14771,7366,1812
,,,,,,,4505,14771,7366,1812
,,,,,,,4506,14771,7366,1812
,,,,,,,4507,14771,7366,1812
,,,,,,,4508,14771,7366,1812
,,,,,,,4509,14771,7366,1812
,,,,,,,4510,14771,7366,1812
,,,,,,,4511,14771,7366,1812
,,,,,,,4512,14771,7366,1812
,,,,,,,4513,14771,7366,1812
,,,,,,,4514,14771,7366,1812
,,,,,,,4515,14771,7366,1812
,,,,,,,4516,14771,7366,1812
,,,,,,,4517,14771,7366,1812
,,,,,,,4518,14771,7366,1812
,,,,,,,4519,14771,7366,1812
,,,,,,,4520,14771,7366,1812
,,,,,,,4521,14771,7366,1812
,,,,,,,4522,14771,7366,1812
,,,,,,,4523,14771,7366,1812
,,,,,,,4524,14771,7366,1812
,,,,,,,4525,14771,7366,1812
,,,,,,,4526,14771,7366,1812
,,,,,,,4527,14771,7366,1812
,,,,,,,4528,14771,7366,1812
,,,,,,,4529,14771,7366,1812
,,,,,,,4530,14771,7366,1812
,,,,,,,4531,14771,7366,1812
,,,,,,,4532,14771,7366,1812
,,,,,,,4533,14771,7366,1812
,,,,,,,4534,14771,7366,1812
,,,,,,,4535,14771,7366,1812
,,,,,,,4536,14771,7366,1812
,,,,,,,4537,14771,7366,1812
,,,,,,,4538,14771,7366,1812
,,,,,,,4539,14771,7366,1812
,,,,,,,4540,14771,7366,1812
,,,,,,,4541,14771,7366,1812
,,,,,,,4542,14771,7366,1812
,,,,,,,4543,14771,7366,1812
,,,,,,,4544,14771,7366,1812
,,,,,,,4545,14771,7366,1812
,,,,,,,4546,14771,7366,1812
,,,,,,,4547,14771,7366,1812
,,,,,,,4548,14771,7366,1812
,,,,,,,4549,14771,7366,1812
,,,,,,,4550,14771,7366,1812
,,,,,,,4551,14771,7366,1812
,,,,,,,4552,14771,7366,1812
,,,,,,,4553,14771,7366,1812
,,,,,,,4554,14771,7366,1812
,,,,,,,4555,14771,7366,1812
,,,,,,,4556,14771,7366,1812
,,,,,,,4557,14771,7366,1812
,,,,,,,4558,14771,7366,1812
,,,,,,,4559,14771,7366,1812
,,,,,,,4560,14771,7366,1812
,,,,,,,4561,14771,7366,1812
,,,,,,,4562,14771,7366,1812
,,,,,,,4563,14771,7366,1812
,,,,,,,4564,14771,7366,1812
,,,,,,,4565,14771,7366,1812
,,,,,,,4566,14771,7366,1812
,,,,,,,4567,14771,7366,1812
,,,,,,,4568,14771,7366,1812
,,,,,,,4569,14771,7366,1812
,,,,,,,4570,14771,7366,1812
,,,,,,,4571,14771,7366,1812
,,,,,,,4572,14771,7366,1812
,,,,,,,4573,14771,7366,1812
,,,,,,,4574,14771,7366,1812
,,,,,,,4575,14771,7366,1812
,,,,,,,4576,14771,7366,1812
,,,,,,,4577,14771,7366,1812
,,,,,,,4578,14771,7366,1812
,,,,,,,4579,14771,7366,1812
,,,,,,,4580,14771,7366,1812
,,,,,,,4581,14771,7366,1812
,,,,,,,4582,14771,7366,1812
,,,,,,,4583,14771,7366,1812
,,,,,,,4584,14771,7366,1812
,,,,,,,4585,14771,7366,1812
,,,,,,,4586,14771,7366,1812
,,,,,,,4587,14771,7366,1812
,,,,,,,4588,14771,7366,1812
,,,,,,,4589,14771,7366,1812
,,,,,,,4590,14771,7366,1812
,,,,,,,4591,14771,7366,1812
,,,,,,,4592,14771,7366,1812
,,,,,,,4593,14771,7366,1812
,,,,,,,4594,14771,7366,1812
,,,,,,,4595,14771,7366,1812
,,,,,,,4596,14771,7366,1812
,,,,,,,4597,14771,7366,1812
,,,,,,,4598,14771,7366,1812
,,,,,,,4599,14771,7366,1812
,,,,,,,4600,14771,7366,1812
,,,,,,,4601,14771,7366,1812
,,,,,,,4602,14771,7366,1812
,,,,,,,4603,14771,7366,1812
,,,,,,,4604,14771,7366,1812
,,,,,,,4605,14771,7366,1812
,,,,,,,4606,14771,7366,1812
,,,,,,,4607,14771,7366,1812
,,,,,,,4608,14771,7366,1812
,,,,,,,4609,14771,7366,1812
,,,,,,,4610,14771,7366,1812
,,,,,,,4611,14771,7366,1812
,,,,,,,4612,14771,7366,1812
,,,,,,,4613,14771,7366,1812
,,,,,,,4614,14771,7366,1812
,,,,,,,4615,14771,7366,1812
,,,,,,,4616,14771,7366,1812
,,,,,,,4617,14771,7366,1812
,,,,,,,4618,14771,7366,1812
,,,,,,,4619,14771,7366,1812
,,,,,,,4620,14771,7366,1812
,,,,,,,4621,14771,7366,1812
,,,,,,,4622,14771,7366,1812
,,,,,,,4623,14771,7366,1812
,,,,,,,4624,14771,7366,1812
,,,,,,,4625,14771,7366,1812
,,,,,,,4626,14771,7366,1812
,,,,,,,4627,14771,7366,1812
,,,,,,,4628,14771,7366,1812
,,,,,,,4629,14771,7366,1812
,,,,,,,4630,14771,7366,1812
,,,,,,,4631,14771,7366,1812
,,,,,,,4632,14771,7366,1812
,,,,,,,4633,14771,7366,1812
,,,,,,,4634,14771,7366,1812
,,,,,,,4635,14771,7366,1812
,,,,,,,4636,14771,7366,1812
,,,,,,,4637,14771,7366,1812
,,,,,,,4638,14771,7366,1812
,,,,,,,4639,14771,7366,1812
,,,,,,,4640,14771,7366,1812
,,,,,,,4641,14771,7366,1812
,,,,,,,4642,14771,7366,1812
,,,,,,,4643,14771,7366,1812
,,,,,,,4644,14771,7366,1812
,,,,,,,4645,14771,7366,1812
,,,,,,,4646,14771,7366,1812
,,,,,,,4647,14771,7366,1812
,,,,,,,4648,14771,7366,1812
,,,,,,,4649,14771,7366,1812
,,,,,,,4650,14771,7366,1812
,,,,,,,4651,14771,7366,1812
,,,,,,,4652,14771,7366,1812
,,,,,,,4653,14771,7366,1812
,,,,,,,4654,14771,7366,1812
,,,,,,,4655,14771,7366,1812
,,,,,,,4656,14771,7366,1812
,,,,,,,4657,14771,7366,1812
,,,,,,,4658,14771,7366,1812
,,,,,,,4659,14771,7366,1812
,,,,,,,4660,14771,7366,1812
,,,,,,,4661,14771,7366,1812
,,,,,,,4662,14771,7366,1812
,,,,,,,4663,14771,7366,1812
,,,,,,,4664,14771,7366,1812
,,,,,,,4665,14771,7366,1812
,,,,,,,4666,14771,7366,1812
,,,,,,,4667,14771,7366,1812
,,,,,,,4668,14771,7366,1812
,,,,,,,4669,14771,7366,1812
,,,,,,,4670,14771,7366,1812
,,,,,,,4671,14771,7366,1812
,,,,,,,4672,14771,7366,1812
,,,,,,,4673,14771,7366,1812
,,,,,,,4674,14771,7366,1812
,,,,,,,4675,14771,7366,1812
,,,,,,,4676,14771,7366,1812
,,,,,,,4677,14771,7366,1812
,,,,,,,4678,14771,7366,1812
,,,,,,,4679,14771,7366,1812
,,,,,,,4680,14771,7366,1812
,,,,,,,4681,14771,7366,1812
,,,,,,,4682,14771,7366,1812
,,,,,,,4683,14771,7366,1812
,,,,,,,4684,14771,7366,1812
,,,,,,,4685,14771,7366,1812
,,,,,,,4686,14771,7366,1812
,,,,,,,4687,14771,7366,1812
,,,,,,,4688,14771,7366,1812
,,,,,,,4689,14771,7366,1812
,,,,,,,4690,14771,7366,1812
,,,,,,,4691,14771,7366,1812
,,,,,,,4692,14771,7366,1812
,,,,,,,4693,14771,7366,1812
,,,,,,,4694,14771,7366,1812
,,,,,,,4695,14771,7366,1812
,,,,,,,4696,14771,7366,1812
,,,,,,,4697,14771,7366,1812
,,,,,,,4698,14771,7366,1812
,,,,,,,4699,14771,7366,1812
,,,,,,,4700,14771,7366,1812
,,,,,,,4701,14771,7366,1812
,,,,,,,4702,14771,7366,1812
,,,,,,,4703,14771,7366,1812
,,,,,,,4704,14771,7366,1812
,,,,,,,4705,14771,7366,1812
,,,,,,,4706,14771,7366,1812
,,,,,,,4707,14771,7366,1812
,,,,,,,4708,14771,7366,1812
,,,,,,,4709,14771,7366,1812
,,,,,,,4710,14771,7366,1812
,,,,,,,4711,14771,7366,1812
,,,,,,,4712,14771,7366,1812
,,,,,,,4713,14771,7366,1812
,,,,,,,4714,14771,7366,1812
,,,,,,,4715,14771,7366,1812
,,,,,,,4716,14771,7366,1812
,,,,,,,4717,14771,7366,1812
,,,,,,,4718,14771,7366,1812
,,,,,,,4719,14771,7366,1812
,,,,,,,4720,14771,7366,1812
,,,,,,,4721,14771,7366,1812
,,,,,,,4722,14771,7366,1812
,,,,,,,4723,14771,7366,1812
,,,,,,,4724,14771,7366,1812
,,,,,,,4725,14771,7366,1812
,,,,,,,4726,14771,7366,1812
,,,,,,,4727,14771,7366,1812
,,,,,,,4728,14771,7366,1812
,,,,,,,4729,14771,7366,1812
,,,,,,,4730,14771,7366,1812
,,,,,,,4731,14771,7366,1812
,,,,,,,4732,14771,7366,1812
,,,,,,,4733,14771,7366,1812
,,,,,,,4734,14771,7366,1812
,,,,,,,4735,14771,7366,1812
,,,,,,,4736,14771,7366,1812
,,,,,,,4737,14771,7366,1812
,,,,,,,4738,14771,7366,1812
,,,,,,,4739,14771,7366,1812
,,,,,,,4740,14771,7366,1812
,,,,,,,4741,14771,7366,1812
,,,,,,,4742,14771,7366,1812
,,,,,,,4743,14771,7366,1812
,,,,,,,4744,14771,7366,1812
,,,,,,,4745,14771,7366,1812
,,,,,,,4746,14771,7366,1812
,,,,,,,4747,14771,7366,1812
,,,,,,,4748,14771,7366,1812
,,,,,,,4749,14771,7366,1812
,,,,,,,4750,14771,7366,1812
,,,,,,,4751,14771,7366,1812
,,,,,,,4752,14771,7366,1812
,,,,,,,4753,14771,7366,1812
,,,,,,,4754,14771,7366,1812
,,,,,,,4755,14771,7366,1812
,,,,,,,4756,14771,7366,1812
,,,,,,,4757,14771,7366,1812
,,,,,,,4758,14771,7366,1812
,,,,,,,4759,14771,7366,1812
,,,,,,,4760,14771,7366,1812
,,,,,,,4761,14771,7366,1812
,,,,,,,4762,14771,7366,1812
,,,,,,,4763,14771,7366,1812
,,,,,,,4764,14771,7366,1812
,,,,,,,4765,14771,7366,1812
,,,,,,,4766,14771,7366,1812
,,,,,,,4767,14771,7366,1812
,,,,,,,4768,14771,7366,1812
,,,,,,,4769,14771,7366,1812
,,,,,,,4770,14771,7366,1812
,,,,,,,4771,14771,7366,1812
,,,,,,,4772,14771,7366,1812
,,,,,,,4773,14771,7366,1812
,,,,,,,4774,14771,7366,1812
,,,,,,,4775,14771,7366,1812
,,,,,,,4776,14771,7366,1812
,,,,,,,4777,14771,7366,1812
,,,,,,,4778,14771,7366,1812
,,,,,,,4779,14771,7366,1812
,,,,,,,4780,14771,7366,1812
,,,,,,,4781,14771,7366,1812
,,,,,,,4782,14771,7366,1812
,,,,,,,4783,14771,7366,1812
,,,,,,,4784,14771,7366,1812
,,,,,,,4785,14771,7366,1812
,,,,,,,4786,14771,7366,1812
,,,,,,,4787,14771,7366,1812
,,,,,,,4788,14771,7366,1812
,,,,,,,4789,14771,7366,1812
,,,,,,,4790,14771,7366,1812
,,,,,,,4791,14771,7366,1812
,,,,,,,4792,14771,7366,1812
,,,,,,,4793,14771,7366,1812
,,,,,,,4794,14771,7366,1812
,,,,,,,4795,14771,7366,1812
,,,,,,,4796,14771,7366,1812
,,,,,,,4797,14771,7366,1812
,,,,,,,4798,14771,7366,1812
,,,,,,,4799,14771,7366,1812
,,,,,,,4800,14771,7366,1812
,,,,,,,4801,14771,7366,1812
,,,,,,,4802,14771,7366,1812
,,,,,,,4803,14771,7366,1812
,,,,,,,4804,14771,7366,1812
,,,,,,,4805,14771,7366,1812
,,,,,,,4806,14771,7366,1812
,,,,,,,4807,14771,7366,1812
,,,,,,,4808,14771,7366,1812
,,,,,,,4809,14771,7366,1812
,,,,,,,4810,14771,7366,1812
,,,,,,,4811,14771,7366,1812
,,,,,,,4812,14771,7366,1812
,,,,,,,4813,14771,7366,1812
,,,,,,,4814,14771,7366,1812
,,,,,,,4815,14771,7366,1812
,,,,,,,4816,14771,7366,1812
,,,,,,,4817,14771,7366,1812
,,,,,,,4818,14771,7366,1812
,,,,,,,4819,14771,7366,1812
,,,,,,,4820,14771,7366,1812
,,,,,,,4821,14771,7366,1812
,,,,,,,4822,14771,7366,1812
,,,,,,,4823,14771,7366,1812
,,,,,,,4824,14771,7366,1812
,,,,,,,4825,14771,7366,1812
,,,,,,,4826,14771,7366,1812
,,,,,,,4827,14771,7366,1812
,,,,,,,4828,14771,7366,1812
,,,,,,,4829,14771,7366,1812
,,,,,,,4830,14771,7366,1812
,,,,,,,4831,14771,7366,1812
,,,,,,,4832,14771,7366,1812
,,,,,,,4833,14771,7366,1812
,,,,,,,4834,14771,7366,1812
,,,,,,,4835,14771,7366,1812
,,,,,,,4836,14771,7366,1812
,,,,,,,4837,14771,7366,1812
,,,,,,,4838,14771,7366,1812
,,,,,,,4839,14771,7366,1812
,,,,,,,4840,14771,7366,1812
,,,,,,,4841,14771,7366,1812
,,,,,,,4842,14771,7366,1812
,,,,,,,4843,14771,7366,1812
,,,,,,,4844,14771,7366,1812
,,,,,,,4845,14771,7366,1812
,,,,,,,4846,14771,7366,1812
,,,,,,,4847,14771,7366,1812
,,,,,,,4848,14771,7366,1812
,,,,,,,4849,14771,7366,1812
,,,,,,,4850,14771,7366,1812
,,,,,,,4851,14771,7366,1812
,,,,,,,4852,14771,7366,1812
,,,,,,,4853,14771,7366,1812
,,,,,,,4854,14771,7366,1812
,,,,,,,4855,14771,7366,1812
,,,,,,,4856,14771,7366,1812
,,,,,,,4857,14771,7366,1812
,,,,,,,4858,14771,7366,1812
,,,,,,,4859,14771,7366,1812
,,,,,,,4860,14771,7366,1812
,,,,,,,4861,14771,7366,1812
,,,,,,,4862,14771,7366,1812
,,,,,,,4863,14771,7366,1812
,,,,,,,4864,14771,7366,1812
,,,,,,,4865,14771,7366,1812
,,,,,,,4866,14771,7366,1812
,,,,,,,4867,14771,7366,1812
,,,,,,,4868,14771,7366,1812
,,,,,,,4869,14771,7366,1812
,,,,,,,4870,14771,7366,1812
,,,,,,,4871,14771,7366,1812
,,,,,,,4872,14771,7366,1812
,,,,,,,4873,14771,7366,1812
,,,,,,,4874,14771,7366,1812
,,,,,,,4875,14771,7366,1812
,,,,,,,4876,14771,7366,1812
,,,,,,,4877,14771,7366,1812
,,,,,,,4878,14771,7366,1812
,,,,,,,4879,14771,7366,1812
,,,,,,,4880,14771,7366,1812
,,,,,,,4881,14771,7366,1812
,,,,,,,4882,14771,7366,1812
,,,,,,,4883,14771,7366,1812
,,,,,,,4884,14771,7366,1812
,,,,,,,4885,14771,7366,1812
,,,,,,,4886,14771,7366,1812
,,,,,,,4887,14771,7366,1812
,,,,,,,4888,14771,7366,1812
,,,,,,,4889,14771,7366,1812
,,,,,,,4890,14771,7366,1812
,,,,,,,4891,14771,7366,1812
,,,,,,,4892,14771,7366,1812
,,,,,,,4893,14771,7366,1812
,,,,,,,4894,14771,7366,1812
,,,,,,,4895,14771,7366,1812
,,,,,,,4896,14771,7366,1812
,,,,,,,4897,14771,7366,1812
,,,,,,,4898,14771,7366,1812
,,,,,,,4899,14771,7366,1812
,,,,,,,4900,14771,7366,1812
,,,,,,,4901,14771,7366,1812
,,,,,,,4902,14771,7366,1812
,,,,,,,4903,14771,7366,1812
,,,,,,,4904,14771,7366,1812
,,,,,,,4905,14771,7366,1812
,,,,,,,4906,14771,7366,1812
,,,,,,,4907,14771,7366,1812
,,,,,,,4908,14771,7366,1812
,,,,,,,4909,14771,7366,1812
,,,,,,,4910,14771,7366,1812
,,,,,,,4911,14771,7366,1812
,,,,,,,4912,14771,7366,1812
,,,,,,,4913,14771,7366,1812
,,,,,,,4914,14771,7366,1812
,,,,,,,4915,14771,7366,1812
,,,,,,,4916,14771,7366,1812
,,,,,,,4917,14771,7366,1812
,,,,,,,4918,14771,7366,1812
,,,,,,,4919,14771,7366,1812
,,,,,,,4920,14771,7366,1812
,,,,,,,4921,14771,7366,1812
,,,,,,,4922,14771,7366,1812
,,,,,,,4923,14771,7366,1812
,,,,,,,4924,14771,7366,1812
,,,,,,,4925,14771,7366,1812
,,,,,,,4926,14771,7366,1812
,,,,,,,4927,14771,7366,1812
,,,,,,,4928,14771,7366,1812
,,,,,,,4929,14771,7366,1812
,,,,,,,4930,14771,7366,1812
,,,,,,,4931,14771,7366,1812
,,,,,,,4932,14771,7366,1812
,,,,,,,4933,14771,7366,1812
,,,,,,,4934,14771,7366,1812
,,,,,,,4935,14771,7366,1812
,,,,,,,4936,14771,7366,1812
,,,,,,,4937,14771,7366,1812
,,,,,,,4938,14771,7366,1812
,,,,,,,4939,14771,7366,1812
,,,,,,,4940,14771,7366,1812
,,,,,,,4941,14771,7366,1812
,,,,,,,4942,14771,7366,1812
,,,,,,,4943,14771,7366,1812
,,,,,,,4944,14771,7366,1812
,,,,,,,4945,14771,7366,1812
,,,,,,,4946,14771,7366,1812
,,,,,,,4947,14771,7366,1812
,,,,,,,4948,14771,7366,1812
,,,,,,,4949,14771,7366,1812
,,,,,,,4950,14771,7366,1812
,,,,,,,4951,14771,7366,1812
,,,,,,,4952,14771,7366,1812
,,,,,,,4953,14771,7366,1812
,,,,,,,4954,14771,7366,1812
,,,,,,,4955,14771,7366,1812
,,,,,,,4956,14771,7366,1812
,,,,,,,4957,14771,7366,1812
,,,,,,,4958,14771,7366,1812
,,,,,,,4959,14771,7366,1812
,,,,,,,4960,14771,7366,1812
,,,,,,,4961,14771,7366,1812
,,,,,,,4962,14771,7366,1812
,,,,,,,4963,14771,7366,1812
,,,,,,,4964,14771,7366,1812
,,,,,,,4965,14771,7366,1812
,,,,,,,4966,14771,7366,1812
,,,,,,,4967,14771,7366,1812
,,,,,,,4968,14771,7366,1812
,,,,,,,4969,14771,7366,1812
,,,,,,,4970,14771,7366,1812
,,,,,,,4971,14771,7366,1812
,,,,,,,4972,14771,7366,1812
,,,,,,,4973,14771,7366,1812
,,,,,,,4974,14771,7366,1812
,,,,,,,4975,14771,7366,1812
,,,,,,,4976,14771,7366,1812
,,,,,,,4977,14771,7366,1812
,,,,,,,4978,14771,7366,1812
,,,,,,,4979,14771,7366,1812
,,,,,,,4980,14771,7366,1812
,,,,,,,4981,14771,7366,1812
,,,,,,,4982,14771,7366,1812
,,,,,,,4983,14771,7366,1812
,,,,,,,4984,14771,7366,1812
,,,,,,,4985,14771,7366,1812
,,,,,,,4986,14771,7366,1812
,,,,,,,4987,14771,7366,1812
,,,,,,,4988,14771,7366,1812
,,,,,,,4989,14771,7366,1812
,,,,,,,4990,14771,7366,1812
,,,,,,,4991,14771,7366,1812
,,,,,,,4992,14771,7366,1812
,,,,,,,4993,14771,7366,1812
,,,,,,,4994,14771,7366,1812
,,,,,,,4995,14771,7366,1812
,,,,,,,4996,14771,7366,1812
,,,,,,,4997,14771,7366,1812
,,,,,,,4998,14771,7366,1812
,,,,,,,4999,14771,7366,1812
,,,,,,,5000,14771,7366,1812
,,,,,,,5001,14771,7366,1812
,,,,,,,5002,14771,7366,1812
,,,,,,,5003,14771,7366,1812
,,,,,,,5004,14771,7366,1812
,,,,,,,5005,14771,7366,1812
,,,,,,,5006,14771,7366,1812
,,,,,,,5007,14771,7366,1812
,,,,,,,5008,14771,7366,1812
,,,,,,,5009,14771,7366,1812
,,,,,,,5010,14771,7366,1812
,,,,,,,5011,14771,7366,1812
,,,,,,,5012,14771,7366,1812
,,,,,,,5013,14771,7366,1812
,,,,,,,5014,14771,7366,1812
,,,,,,,5015,14771,7366,1812
,,,,,,,5016,14771,7366,1812
,,,,,,,5017,14771,7366,1812
,,,,,,,5018,14771,7366,1812
,,,,,,,5019,14771,7366,1812
,,,,,,,5020,14771,7366,1812
,,,,,,,5021,14771,7366,1812
,,,,,,,5022,14771,7366,1812
,,,,,,,5023,14771,7366,1812
,,,,,,,5024,14771,7366,1812
,,,,,,,5025,14771,7366,1812
,,,,,,,5026,14771,7366,1812
,,,,,,,5027,14771,7366,1812
,,,,,,,5028,14771,7366,1812
,,,,,,,5029,14771,7366,1812
,,,,,,,5030,14771,7366,1812
,,,,,,,5031,14771,7366,1812
,,,,,,,5032,14771,7366,1812
,,,,,,,5033,14771,7366,1812
,,,,,,,5034,14771,7366,1812
,,,,,,,5035,14771,7366,1812
,,,,,,,5036,14771,7366,1812
,,,,,,,5037,14771,7366,1812
,,,,,,,5038,14771,7366,1812
,,,,,,,5039,14771,7366,1812
,,,,,,,5040,14771,7366,1812
,,,,,,,5041,14771,7366,1812
,,,,,,,5042,14771,7366,1812
,,,,,,,5043,14771,7366,1812
,,,,,,,5044,14771,7366,1812
,,,,,,,5045,14771,7366,1812
,,,,,,,5046,14771,7366,1812
,,,,,,,5047,14771,7366,1812
,,,,,,,5048,14771,7366,1812
,,,,,,,5049,14771,7366,1812
,,,,,,,5050,14771,7366,1812
,,,,,,,5051,14771,7366,1812
,,,,,,,5052,14771,7366,1812
,,,,,,,5053,14771,7366,1812
,,,,,,,5054,14771,7366,1812
,,,,,,,5055,14771,7366,1812
,,,,,,,5056,14771,7366,1812
,,,,,,,5057,14771,7366,1812
,,,,,,,5058,14771,7366,1812
,,,,,,,5059,14771,7366,1812
,,,,,,,5060,14771,7366,1812
,,,,,,,5061,14771,7366,1812
,,,,,,,5062,14771,7366,1812
,,,,,,,5063,14771,7366,1812
,,,,,,,5064,14771,7366,1812
,,,,,,,5065,14771,7366,1812
,,,,,,,5066,14771,7366,1812
,,,,,,,5067,14771,7366,1812
,,,,,,,5068,14771,7366,1812
,,,,,,,5069,14771,7366,1812
,,,,,,,5070,14771,7366,1812
,,,,,,,5071,14771,7366,1812
,,,,,,,5072,14771,7366,1812
,,,,,,,5073,14771,7366,1812
,,,,,,,5074,14771,7366,1812
,,,,,,,5075,14771,7366,1812
,,,,,,,5076,14771,7366,1812
,,,,,,,5077,14771,7366,1812
,,,,,,,5078,14771,7366,1812
,,,,,,,5079,14771,7366,1812
,,,,,,,5080,14771,7366,1812
,,,,,,,5081,14771,7366,1812
,,,,,,,5082,14771,7366,1812
,,,,,,,5083,14771,7366,1812
,,,,,,,5084,14771,7366,1812
,,,,,,,5085,14771,7366,1812
,,,,,,,5086,14771,7366,1812
,,,,,,,5087,14771,7366,1812
,,,,,,,5088,14771,7366,1812
,,,,,,,5089,14771,7366,1812
,,,,,,,5090,14771,7366,1812
,,,,,,,5091,14771,7366,1812
,,,,,,,5092,14771,7366,1812
,,,,,,,5093,14771,7366,1812
,,,,,,,5094,14771,7366,1812
,,,,,,,5095,14771,7366,1812
,,,,,,,5096,14771,7366,1812
,,,,,,,5097,14771,7366,1812
,,,,,,,5098,14771,7366,1812
,,,,,,,5099,14771,7366,1812
,,,,,,,5100,14771,7366,1812
,,,,,,,5101,14771,7366,1812
,,,,,,,5102,14771,7366,1812
,,,,,,,5103,14771,7366,1812
,,,,,,,5104,14771,7366,1812
,,,,,,,5105,14771,7366,1812
,,,,,,,5106,14771,7366,1812
,,,,,,,5107,14771,7366,1812
,,,,,,,5108,14771,7366,1812
,,,,,,,5109,14771,7366,1812
,,,,,,,5110,14771,7366,1812
,,,,,,,5111,14771,7366,1812
,,,,,,,5112,14771,7366,1812
,,,,,,,5113,14771,7366,1812
,,,,,,,5114,14771,7366,1812
,,,,,,,5115,14771,7366,1812
,,,,,,,5116,14771,7366,1812
,,,,,,,5117,14771,7366,1812
,,,,,,,5118,14771,7366,1812
,,,,,,,5119,14771,7366,1812
,,,,,,,5120,14771,7366,1812
,,,,,,,5121,14771,7366,1812
,,,,,,,5122,14771,7366,1812
,,,,,,,5123,14771,7366,1812
,,,,,,,5124,14771,7366,1812
,,,,,,,5125,14771,7366,1812
,,,,,,,5126,14771,7366,1812
,,,,,,,5127,14771,7366,1812
,,,,,,,5128,14771,7366,1812
,,,,,,,5129,14771,7366,1812
,,,,,,,5130,14771,7366,1812
,,,,,,,5131,14771,7366,1812
,,,,,,,5132,14771,7366,1812
,,,,,,,5133,14771,7366,1812
,,,,,,,5134,14771,7366,1812
,,,,,,,5135,14771,7366,1812
,,,,,,,5136,14771,7366,1812
,,,,,,,5137,14771,7366,1812
,,,,,,,5138,14771,7366,1812
,,,,,,,5139,14771,7366,1812
,,,,,,,5140,14771,7366,1812
,,,,,,,5141,14771,7366,1812
,,,,,,,5142,14771,7366,1812
,,,,,,,5143,14771,7366,1812
,,,,,,,5144,14771,7366,1812
,,,,,,,5145,14771,7366,1812
,,,,,,,5146,14771,7366,1812
,,,,,,,5147,14771,7366,1812
,,,,,,,5148,14771,7366,1812
,,,,,,,5149,14771,7366,1812
,,,,,,,5150,14771,7366,1812
,,,,,,,5151,14771,7366,1812
,,,,,,,5152,14771,7366,1812
,,,,,,,5153,14771,7366,1812
,,,,,,,5154,14771,7366,1812
,,,,,,,5155,14771,7366,1812
,,,,,,,5156,14771,7366,1812
,,,,,,,5157,14771,7366,1812
,,,,,,,5158,14771,7366,1812
,,,,,,,5159,14771,7366,1812
,,,,,,,5160,14771,7366,1812
,,,,,,,5161,14771,7366,1812
,,,,,,,5162,14771,7366,1812
,,,,,,,5163,14771,7366,1812
,,,,,,,5164,14771,7366,1812
,,,,,,,5165,14771,7366,1812
,,,,,,,5166,14771,7366,1812
,,,,,,,5167,14771,7366,1812
,,,,,,,5168,14771,7366,1812
,,,,,,,5169,14771,7366,1812
,,,,,,,5170,14771,7366,1812
,,,,,,,5171,14771,7366,1812
,,,,,,,5172,14771,7366,1812
,,,,,,,5173,14771,7366,1812
,,,,,,,5174,14771,7366,1812
,,,,,,,5175,14771,7366,1812
,,,,,,,5176,14771,7366,1812
,,,,,,,5177,14771,7366,1812
,,,,,,,5178,14771,7366,1812
,,,,,,,5179,14771,7366,1812
,,,,,,,5180,14771,7366,1812
,,,,,,,5181,14771,7366,1812
,,,,,,,5182,14771,7366,1812
,,,,,,,5183,14771,7366,1812
,,,,,,,5184,14771,7366,1812
,,,,,,,5185,14771,7366,1812
,,,,,,,5186,14771,7366,1812
,,,,,,,5187,14771,7366,1812
,,,,,,,5188,14771,7366,1812
,,,,,,,5189,14771,7366,1812
,,,,,,,5190,14771,7366,1812
,,,,,,,5191,14771,7366,1812
,,,,,,,5192,14771,7366,1812
,,,,,,,5193,14771,7366,1812
,,,,,,,5194,14771,7366,1812
,,,,,,,5195,14771,7366,1812
,,,,,,,5196,14771,7366,1812
,,,,,,,5197,14771,7366,1812
,,,,,,,5198,14771,7366,1812
,,,,,,,5199,14771,7366,1812
,,,,,,,5200,14771,7366,1812
,,,,,,,5201,14771,7366,1812
,,,,,,,5202,14771,7366,1812
,,,,,,,5203,14771,7366,1812
,,,,,,,5204,14771,7366,1812
,,,,,,,5205,14771,7366,1812
,,,,,,,5206,14771,7366,1812
,,,,,,,5207,14771,7366,1812
,,,,,,,5208,14771,7366,1812
,,,,,,,5209,14771,7366,1812
,,,,,,,5210,14771,7366,1812
,,,,,,,5211,14771,7366,1812
,,,,,,,5212,14771,7366,1812
,,,,,,,5213,14771,7366,1812
,,,,,,,5214,14771,7366,1812
,,,,,,,5215,14771,7366,1812
,,,,,,,5216,14771,7366,1812
,,,,,,,5217,14771,7366,1812
,,,,,,,5218,14771,7366,1812
,,,,,,,5219,14771,7366,1812
,,,,,,,5220,14771,7366,1812
,,,,,,,5221,14771,7366,1812
,,,,,,,5222,14771,7366,1812
,,,,,,,5223,14771,7366,1812
,,,,,,,5224,14771,7366,1812
,,,,,,,5225,14771,7366,1812
,,,,,,,5226,14771,7366,1812
,,,,,,,5227,14771,7366,1812
,,,,,,,5228,14771,7366,1812
,,,,,,,5229,14771,7366,1812
,,,,,,,5230,14771,7366,1812
,,,,,,,5231,14771,7366,1812
,,,,,,,5232,14771,7366,1812
,,,,,,,5233,14771,7366,1812
,,,,,,,5234,14771,7366,1812
,,,,,,,5235,14771,7366,1812
,,,,,,,5236,14771,7366,1812
,,,,,,,5237,14771,7366,1812
,,,,,,,5238,14771,7366,1812
,,,,,,,5239,14771,7366,1812
,,,,,,,5240,14771,7366,1812
,,,,,,,5241,14771,7366,1812
,,,,,,,5242,14771,7366,1812
,,,,,,,5243,14771,7366,1812
,,,,,,,5244,14771,7366,1812
,,,,,,,5245,14771,7366,1812
,,,,,,,5246,14771,7366,1812
,,,,,,,5247,14771,7366,1812
,,,,,,,5248,14771,7366,1812
,,,,,,,5249,14771,7366,1812
,,,,,,,5250,14771,7366,1812
,,,,,,,5251,14771,7366,1812
,,,,,,,5252,14771,7366,1812
,,,,,,,5253,14771,7366,1812
,,,,,,,5254,14771,7366,1812
,,,,,,,5255,14771,7366,1812
,,,,,,,5256,14771,7366,1812
,,,,,,,5257,14771,7366,1812
,,,,,,,5258,14771,7366,1812
,,,,,,,5259,14771,7366,1812
,,,,,,,5260,14771,7366,1812
,,,,,,,5261,14771,7366,1812
,,,,,,,5262,14771,7366,1812
,,,,,,,5263,14771,7366,1812
,,,,,,,5264,14771,7366,1812
,,,,,,,5265,14771,7366,1812
,,,,,,,5266,14771,7366,1812
,,,,,,,5267,14771,7366,1812
,,,,,,,5268,14771,7366,1812
,,,,,,,5269,14771,7366,1812
,,,,,,,5270,14771,7366,1812
,,,,,,,5271,14771,7366,1812
,,,,,,,5272,14771,7366,1812
,,,,,,,5273,14771,7366,1812
,,,,,,,5274,14771,7366,1812
,,,,,,,5275,14771,7366,1812
,,,,,,,5276,14771,7366,1812
,,,,,,,5277,14771,7366,1812
,,,,,,,5278,14771,7366,1812
,,,,,,,5279,14771,7366,1812
,,,,,,,5280,14771,7366,1812
,,,,,,,5281,14771,7366,1812
,,,,,,,5282,14771,7366,1812
,,,,,,,5283,14771,7366,1812
,,,,,,,5284,14771,7366,1812
,,,,,,,5285,14771,7366,1812
,,,,,,,5286,14771,7366,1812
,,,,,,,5287,14771,7366,1812
,,,,,,,5288,14771,7366,1812
,,,,,,,5289,14771,7366,1812
,,,,,,,5290,14771,7366,1812
,,,,,,,5291,14771,7366,1812
,,,,,,,5292,14771,7366,1812
,,,,,,,5293,14771,7366,1812
,,,,,,,5294,14771,7366,1812
,,,,,,,5295,14771,7366,1812
,,,,,,,5296,14771,7366,1812
,,,,,,,5297,14771,7366,1812
,,,,,,,5298,14771,7366,1812
,,,,,,,5299,14771,7366,1812
,,,,,,,5300,14771,7366,1812
,,,,,,,5301,14771,7366,1812
,,,,,,,5302,14771,7366,1812
,,,,,,,5303,14771,7366,1812
,,,,,,,5304,14771,7366,1812
,,,,,,,5305,14771,7366,1812
,,,,,,,5306,14771,7366,1812
,,,,,,,5307,14771,7366,1812
,,,,,,,5308,14771,7366,1812
,,,,,,,5309,14771,7366,1812
,,,,,,,5310,14771,7366,1812
,,,,,,,5311,14771,7366,1812
,,,,,,,5312,14771,7366,1812
,,,,,,,5313,14771,7366,1812
,,,,,,,5314,14771,7366,1812
,,,,,,,5315,14771,7366,1812
,,,,,,,5316,14771,7366,1812
,,,,,,,5317,14771,7366,1812
,,,,,,,5318,14771,7366,1812
,,,,,,,5319,14771,7366,1812
,,,,,,,5320,14771,7366,1812
,,,,,,,5321,14771,7366,1812
,,,,,,,5322,14771,7366,1812
,,,,,,,5323,14771,7366,1812
,,,,,,,5324,14771,7366,1812
,,,,,,,5325,14771,7366,1812
,,,,,,,5326,14771,7366,1812
,,,,,,,5327,14771,7366,1812
,,,,,,,5328,14771,7366,1812
,,,,,,,5329,14771,7366,1812
,,,,,,,5330,14771,7366,1812
,,,,,,,5331,14771,7366,1812
,,,,,,,5332,14771,7366,1812
,,,,,,,5333,14771,7366,1812
,,,,,,,5334,14771,7366,1812
,,,,,,,5335,14771,7366,1812
,,,,,,,5336,14771,7366,1812
,,,,,,,5337,14771,7366,1812
,,,,,,,5338,14771,7366,1812
,,,,,,,5339,14771,7366,1812
,,,,,,,5340,14771,7366,1812
,,,,,,,5341,14771,7366,1812
,,,,,,,5342,14771,7366,1812
,,,,,,,5343,14771,7366,1812
,,,,,,,5344,14771,7366,1812
,,,,,,,5345,14771,7366,1812
,,,,,,,5346,14771,7366,1812
,,,,,,,5347,14771,7366,1812
,,,,,,,5348,14771,7366,1812
,,,,,,,5349,14771,7366,1812
,,,,,,,5350,14771,7366,1812
,,,,,,,5351,14771,7366,1812
,,,,,,,5352,14771,7366,1812
,,,,,,,5353,14771,7366,1812
,,,,,,,5354,14771,7366,1812
,,,,,,,5355,14771,7366,1812
,,,,,,,5356,14771,7366,1812
,,,,,,,5357,14771,7366,1812
,,,,,,,5358,14771,7366,1812
,,,,,,,5359,14771,7366,1812
,,,,,,,5360,14771,7366,1812
,,,,,,,5361,14771,7366,1812
,,,,,,,5362,14771,7366,1812
,,,,,,,5363,14771,7366,1812
,,,,,,,5364,14771,7366,1812
,,,,,,,5365,14771,7366,1812
,,,,,,,5366,14771,7366,1812
,,,,,,,5367,14771,7366,1812
,,,,,,,5368,14771,7366,1812
,,,,,,,5369,14771,7366,1812
,,,,,,,5370,14771,7366,1812
,,,,,,,5371,14771,7366,1812
,,,,,,,5372,14771,7366,1812
,,,,,,,5373,14771,7366,1812
,,,,,,,5374,14771,7366,1812
,,,,,,,5375,14771,7366,1812
,,,,,,,5376,14771,7366,1812
,,,,,,,5377,14771,7366,1812
,,,,,,,5378,14771,7366,1812
,,,,,,,5379,14771,7366,1812
,,,,,,,5380,14771,7366,1812
,,,,,,,5381,14771,7366,1812
,,,,,,,5382,14771,7366,1812
,,,,,,,5383,14771,7366,1812
,,,,,,,5384,14771,7366,1812
,,,,,,,5385,14771,7366,1812
,,,,,,,5386,14771,7366,1812
,,,,,,,5387,14771,7366,1812
,,,,,,,5388,14771,7366,1812
,,,,,,,5389,14771,7366,1812
,,,,,,,5390,14771,7366,1812
,,,,,,,5391,14771,7366,1812
,,,,,,,5392,14771,7366,1812
,,,,,,,5393,14771,7366,1812
,,,,,,,5394,14771,7366,1812
,,,,,,,5395,14771,7366,1812
,,,,,,,5396,14771,7366,1812
,,,,,,,5397,14771,7366,1812
,,,,,,,5398,14771,7366,1812
,,,,,,,5399,14771,7366,1812
,,,,,,,5400,14771,7366,1812
,,,,,,,5401,14771,7366,1812
,,,,,,,5402,14771,7366,1812
,,,,,,,5403,14771,7366,1812
,,,,,,,5404,14771,7366,1812
,,,,,,,5405,14771,7366,1812
,,,,,,,5406,14771,7366,1812
,,,,,,,5407,14771,7366,1812
,,,,,,,5408,14771,7366,1812
,,,,,,,5409,14771,7366,1812
,,,,,,,5410,14771,7366,1812
,,,,,,,5411,14771,7366,1812
,,,,,,,5412,14771,7366,1812
,,,,,,,5413,14771,7366,1812
,,,,,,,5414,14771,7366,1812
,,,,,,,5415,14771,7366,1812
,,,,,,,5416,14771,7366,1812
,,,,,,,5417,14771,7366,1812
,,,,,,,5418,14771,7366,1812
,,,,,,,5419,14771,7366,1812
,,,,,,,5420,14771,7366,1812
,,,,,,,5421,14771,7366,1812
,,,,,,,5422,14771,7366,1812
,,,,,,,5423,14771,7366,1812
,,,,,,,5424,14771,7366,1812
,,,,,,,5425,14771,7366,1812
,,,,,,,5426,14771,7366,1812
,,,,,,,5427,14771,7366,1812
,,,,,,,5428,14771,7366,1812
,,,,,,,5429,14771,7366,1812
,,,,,,,5430,14771,7366,1812
,,,,,,,5431,14771,7366,1812
,,,,,,,5432,14771,7366,1812
,,,,,,,5433,14771,7366,1812
,,,,,,,5434,14771,7366,1812
,,,,,,,5435,14771,7366,1812
,,,,,,,5436,14771,7366,1812
,,,,,,,5437,14771,7366,1812
,,,,,,,5438,14771,7366,1812
,,,,,,,5439,14771,7366,1812
,,,,,,,5440,14771,7366,1812
,,,,,,,5441,14771,7366,1812
,,,,,,,5442,14771,7366,1812
,,,,,,,5443,14771,7366,1812
,,,,,,,5444,14771,7366,1812
,,,,,,,5445,14771,7366,1812
,,,,,,,5446,14771,7366,1812
,,,,,,,5447,14771,7366,1812
,,,,,,,5448,14771,7366,1812
,,,,,,,5449,14771,7366,1812
,,,,,,,5450,14771,7366,1812
,,,,,,,5451,14771,7366,1812
,,,,,,,5452,14771,7366,1812
,,,,,,,5453,14771,7366,1812
,,,,,,,5454,14771,7366,1812
,,,,,,,5455,14771,7366,1812
,,,,,,,5456,14771,7366,1812
,,,,,,,5457,14771,7366,1812
,,,,,,,5458,14771,7366,1812
,,,,,,,5459,14771,7366,1812
,,,,,,,5460,14771,7366,1812
,,,,,,,5461,14771,7366,1812
,,,,,,,5462,14771,7366,1812
,,,,,,,5463,14771,7366,1812
,,,,,,,5464,14771,7366,1812
,,,,,,,5465,14771,7366,1812
,,,,,,,5466,14771,7366,1812
,,,,,,,5467,14771,7366,1812
,,,,,,,5468,14771,7366,1812
,,,,,,,5469,14771,7366,1812
,,,,,,,5470,14771,7366,1812
,,,,,,,5471,14771,7366,1812
,,,,,,,5472,14771,7366,1812
,,,,,,,5473,14771,7366,1812
,,,,,,,5474,14771,7366,1812
,,,,,,,5475,14771,7366,1812
,,,,,,,5476,14771,7366,1812
,,,,,,,5477,14771,7366,1812
,,,,,,,5478,14771,7366,1812
,,,,,,,5479,14771,7366,1812
,,,,,,,5480,14771,7366,1812
,,,,,,,5481,14771,7366,1812
,,,,,,,5482,14771,7366,1812
,,,,,,,5483,14771,7366,1812
,,,,,,,5484,14771,7366,1812
,,,,,,,5485,14771,7366,1812
,,,,,,,5486,14771,7366,1812
,,,,,,,5487,14771,7366,1812
,,,,,,,5488,14771,7366,1812
,,,,,,,5489,14771,7366,1812
,,,,,,,5490,14771,7366,1812
,,,,,,,5491,14771,7366,1812
,,,,,,,5492,14771,7366,1812
,,,,,,,5493,14771,7366,1812
,,,,,,,5494,14771,7366,1812
,,,,,,,5495,14771,7366,1812
,,,,,,,5496,14771,7366,1812
,,,,,,,5497,14771,7366,1812
,,,,,,,5498,14771,7366,1812
,,,,,,,5499,14771,7366,1812
,,,,,,,5500,14771,7366,1812
,,,,,,,5501,14771,7366,1812
,,,,,,,5502,14771,7366,1812
,,,,,,,5503,14771,7366,1812
,,,,,,,5504,14771,7366,1812
,,,,,,,5505,14771,7366,1812
,,,,,,,5506,14771,7366,1812
,,,,,,,5507,14771,7366,1812
,,,,,,,5508,14771,7366,1812
,,,,,,,5509,14771,7366,1812
,,,,,,,5510,14771,7366,1812
,,,,,,,5511,14771,7366,1812
,,,,,,,5512,14771,7366,1812
,,,,,,,5513,14771,7366,1812
,,,,,,,5514,14771,7366,1812
,,,,,,,5515,14771,7366,1812
,,,,,,,5516,14771,7366,1812
,,,,,,,5517,14771,7366,1812
,,,,,,,5518,14771,7366,1812
,,,,,,,5519,14771,7366,1812
,,,,,,,5520,14771,7366,1812
,,,,,,,5521,14771,7366,1812
,,,,,,,5522,14771,7366,1812
,,,,,,,5523,14771,7366,1812
,,,,,,,5524,14771,7366,1812
,,,,,,,5525,14771,7366,1812
,,,,,,,5526,14771,7366,1812
,,,,,,,5527,14771,7366,1812
,,,,,,,5528,14771,7366,1812
,,,,,,,5529,14771,7366,1812
,,,,,,,5530,14771,7366,1812
,,,,,,,5531,14771,7366,1812
,,,,,,,5532,14771,7366,1812
,,,,,,,5533,14771,7366,1812
,,,,,,,5534,14771,7366,1812
,,,,,,,5535,14771,7366,1812
,,,,,,,5536,14771,7366,1812
,,,,,,,5537,14771,7366,1812
,,,,,,,5538,14771,7366,1812
,,,,,,,5539,14771,7366,1812
,,,,,,,5540,14771,7366,1812
,,,,,,,5541,14771,7366,1812
,,,,,,,5542,14771,7366,1812
,,,,,,,5543,14771,7366,1812
,,,,,,,5544,14771,7366,1812
,,,,,,,5545,14771,7366,1812
,,,,,,,5546,14771,7366,1812
,,,,,,,5547,14771,7366,1812
,,,,,,,5548,14771,7366,1812
,,,,,,,5549,14771,7366,1812
,,,,,,,5550,14771,7366,1812
,,,,,,,5551,14771,7366,1812
,,,,,,,5552,14771,7366,1812
,,,,,,,5553,14771,7366,1812
,,,,,,,5554,14771,7366,1812
,,,,,,,5555,14771,7366,1812
,,,,,,,5556,14771,7366,1812
,,,,,,,5557,14771,7366,1812
,,,,,,,5558,14771,7366,1812
,,,,,,,5559,14771,7366,1812
,,,,,,,5560,14771,7366,1812
,,,,,,,5561,14771,7366,1812
,,,,,,,5562,14771,7366,1812
,,,,,,,5563,14771,7366,1812
,,,,,,,5564,14771,7366,1812
,,,,,,,5565,14771,7366,1812
,,,,,,,5566,14771,7366,1812
,,,,,,,5567,14771,7366,1812
,,,,,,,5568,14771,7366,1812
,,,,,,,5569,14771,7366,1812
,,,,,,,5570,14771,7366,1812
,,,,,,,5571,14771,7366,1812
,,,,,,,5572,14771,7366,1812
,,,,,,,5573,14771,7366,1812
,,,,,,,5574,14771,7366,1812
,,,,,,,5575,14771,7366,1812
,,,,,,,5576,14771,7366,1812
,,,,,,,5577,14771,7366,1812
,,,,,,,5578,14771,7366,1812
,,,,,,,5579,14771,7366,1812
,,,,,,,5580,14771,7366,1812
,,,,,,,5581,14771,7366,1812
,,,,,,,5582,14771,7366,1812
,,,,,,,5583,14771,7366,1812
,,,,,,,5584,14771,7366,1812
,,,,,,,5585,14771,7366,1812
,,,,,,,5586,14771,7366,1812
,,,,,,,5587,14771,7366,1812
,,,,,,,5588,14771,7366,1812
,,,,,,,5589,14771,7366,1812
,,,,,,,5590,14771,7366,1812
,,,,,,,5591,14771,7366,1812
,,,,,,,5592,14771,7366,1812
,,,,,,,5593,14771,7366,1812
,,,,,,,5594,14771,7366,1812
,,,,,,,5595,14771,7366,1812
,,,,,,,5596,14771,7366,1812
,,,,,,,5597,14771,7366,1812
,,,,,,,5598,14771,7366,1812
,,,,,,,5599,14771,7366,1812
,,,,,,,5600,14771,7366,1812
,,,,,,,5601,14771,7366,1812
,,,,,,,5602,14771,7366,1812
,,,,,,,5603,14771,7366,1812
,,,,,,,5604,14771,7366,1812
,,,,,,,5605,14771,7366,1812
,,,,,,,5606,14771,7366,1812
,,,,,,,5607,14771,7366,1812
,,,,,,,5608,14771,7366,1812
,,,,,,,5609,14771,7366,1812
,,,,,,,5610,14771,7366,1812
,,,,,,,5611,14771,7366,1812
,,,,,,,5612,14771,7366,1812
,,,,,,,5613,14771,7366,1812
,,,,,,,5614,14771,7366,1812
,,,,,,,5615,14771,7366,1812
,,,,,,,5616,14771,7366,1812
,,,,,,,5617,14771,7366,1812
,,,,,,,5618,14771,7366,1812
,,,,,,,5619,14771,7366,1812
,,,,,,,5620,14771,7366,1812
,,,,,,,5621,14771,7366,1812
,,,,,,,5622,14771,7366,1812
,,,,,,,5623,14771,7366,1812
,,,,,,,5624,14771,7366,1812
,,,,,,,5625,14771,7366,1812
,,,,,,,5626,14771,7366,1812
,,,,,,,5627,14771,7366,1812
,,,,,,,5628,14771,7366,1812
,,,,,,,5629,14771,7366,1812
,,,,,,,5630,14771,7366,1812
,,,,,,,5631,14771,7366,1812
,,,,,,,5632,14771,7366,1812
,,,,,,,5633,14771,7366,1812
,,,,,,,5634,14771,7366,1812
,,,,,,,5635,14771,7366,1812
,,,,,,,5636,14771,7366,1812
,,,,,,,5637,14771,7366,1812
,,,,,,,5638,14771,7366,1812
,,,,,,,5639,14771,7366,1812
,,,,,,,5640,14771,7366,1812
,,,,,,,5641,14771,7366,1812
,,,,,,,5642,14771,7366,1812
,,,,,,,5643,14771,7366,1812
,,,,,,,5644,14771,7366,1812
,,,,,,,5645,14771,7366,1812
,,,,,,,5646,14771,7366,1812
,,,,,,,5647,14771,7366,1812
,,,,,,,5648,14771,7366,1812
,,,,,,,5649,14771,7366,1812
,,,,,,,5650,14771,7366,1812
,,,,,,,5651,14771,7366,1812
,,,,,,,5652,14771,7366,1812
,,,,,,,5653,14771,7366,1812
,,,,,,,5654,14771,7366,1812
,,,,,,,5655,14771,7366,1812
,,,,,,,5656,14771,7366,1812
,,,,,,,5657,14771,7366,1812
,,,,,,,5658,14771,7366,1812
,,,,,,,5659,14771,7366,1812
,,,,,,,5660,14771,7366,1812
,,,,,,,5661,14771,7366,1812
,,,,,,,5662,14771,7366,1812
,,,,,,,5663,14771,7366,1812
,,,,,,,5664,14771,7366,1812
,,,,,,,5665,14771,7366,1812
,,,,,,,5666,14771,7366,1812
,,,,,,,5667,14771,7366,1812
,,,,,,,5668,14771,7366,1812
,,,,,,,5669,14771,7366,1812
,,,,,,,5670,14771,7366,1812
,,,,,,,5671,14771,7366,1812
,,,,,,,5672,14771,7366,1812
,,,,,,,5673,14771,7366,1812
,,,,,,,5674,14771,7366,1812
,,,,,,,5675,14771,7366,1812
,,,,,,,5676,14771,7366,1812
,,,,,,,5677,14771,7366,1812
,,,,,,,5678,14771,7366,1812
,,,,,,,5679,14771,7366,1812
,,,,,,,5680,14771,7366,1812
,,,,,,,5681,14771,7366,1812
,,,,,,,5682,14771,7366,1812
,,,,,,,5683,14771,7366,1812
,,,,,,,5684,14771,7366,1812
,,,,,,,5685,14771,7366,1812
,,,,,,,5686,14771,7366,1812
,,,,,,,5687,14771,7366,1812
,,,,,,,5688,14771,7366,1812
,,,,,,,5689,14771,7366,1812
,,,,,,,5690,14771,7366,1812
,,,,,,,5691,14771,7366,1812
,,,,,,,5692,14771,7366,1812
,,,,,,,5693,14771,7366,1812
,,,,,,,5694,14771,7366,1812
,,,,,,,5695,14771,7366,1812
,,,,,,,5696,14771,7366,1812
,,,,,,,5697,14771,7366,1812
,,,,,,,5698,14771,7366,1812
,,,,,,,5699,14771,7366,1812
,,,,,,,5700,14771,7366,1812
,,,,,,,5701,14771,7366,1812
,,,,,,,5702,14771,7366,1812
,,,,,,,5703,14771,7366,1812
,,,,,,,5704,14771,7366,1812
,,,,,,,5705,14771,7366,1812
,,,,,,,5706,14771,7366,1812
,,,,,,,5707,14771,7366,1812
,,,,,,,5708,14771,7366,1812
,,,,,,,5709,14771,7366,1812
,,,,,,,5710,14771,7366,1812
,,,,,,,5711,14771,7366,1812
,,,,,,,5712,14771,7366,1812
,,,,,,,5713,14771,7366,1812
,,,,,,,5714,14771,7366,1812
,,,,,,,5715,14771,7366,1812
,,,,,,,5716,14771,7366,1812
,,,,,,,5717,14771,7366,1812
,,,,,,,5718,14771,7366,1812
,,,,,,,5719,14771,7366,1812
,,,,,,,5720,14771,7366,1812
,,,,,,,5721,14771,7366,1812
,,,,,,,5722,14771,7366,1812
,,,,,,,5723,14771,7366,1812
,,,,,,,5724,14771,7366,1812
,,,,,,,5725,14771,7366,1812
,,,,,,,5726,14771,7366,1812
,,,,,,,5727,14771,7366,1812
,,,,,,,5728,14771,7366,1812
,,,,,,,5729,14771,7366,1812
,,,,,,,5730,14771,7366,1812
,,,,,,,5731,14771,7366,1812
,,,,,,,5732,14771,7366,1812
,,,,,,,5733,14771,7366,1812
,,,,,,,5734,14771,7366,1812
,,,,,,,5735,14771,7366,1812
,,,,,,,5736,14771,7366,1812
,,,,,,,5737,14771,7366,1812
,,,,,,,5738,14771,7366,1812
,,,,,,,5739,14771,7366,1812
,,,,,,,5740,14771,7366,1812
,,,,,,,5741,14771,7366,1812
,,,,,,,5742,14771,7366,1812
,,,,,,,5743,14771,7366,1812
,,,,,,,5744,14771,7366,1812
,,,,,,,5745,14771,7366,1812
,,,,,,,5746,14771,7366,1812
,,,,,,,5747,14771,7366,1812
,,,,,,,5748,14771,7366,1812
,,,,,,,5749,14771,7366,1812
,,,,,,,5750,14771,7366,1812
,,,,,,,5751,14771,7366,1812
,,,,,,,5752,14771,7366,1812
,,,,,,,5753,14771,7366,1812
,,,,,,,5754,14771,7366,1812
,,,,,,,5755,14771,7366,1812
,,,,,,,5756,14771,7366,1812
,,,,,,,5757,14771,7366,1812
,,,,,,,5758,14771,7366,1812
,,,,,,,5759,14771,7366,1812
,,,,,,,5760,14771,7366,1812
,,,,,,,5761,14771,7366,1812
,,,,,,,5762,14771,7366,1812
,,,,,,,5763,14771,7366,1812
,,,,,,,5764,14771,7366,1812
,,,,,,,5765,14771,7366,1812
,,,,,,,5766,14771,7366,1812
,,,,,,,5767,14771,7366,1812
,,,,,,,5768,14771,7366,1812
,,,,,,,5769,14771,7366,1812
,,,,,,,5770,14771,7366,1812
,,,,,,,5771,14771,7366,1812
,,,,,,,5772,14771,7366,1812
,,,,,,,5773,14771,7366,1812
,,,,,,,5774,14771,7366,1812
,,,,,,,5775,14771,7366,1812
,,,,,,,5776,14771,7366,1812
,,,,,,,5777,14771,7366,1812
,,,,,,,5778,14771,7366,1812
,,,,,,,5779,14771,7366,1812
,,,,,,,5780,14771,7366,1812
,,,,,,,5781,14771,7366,1812
,,,,,,,5782,14771,7366,1812
,,,,,,,5783,14771,7366,1812
,,,,,,,5784,14771,7366,1812
,,,,,,,5785,14771,7366,1812
,,,,,,,5786,14771,7366,1812
,,,,,,,5787,14771,7366,1812
,,,,,,,5788,14771,7366,1812
,,,,,,,5789,14771,7366,1812
,,,,,,,5790,14771,7366,1812
,,,,,,,5791,14771,7366,1812
,,,,,,,5792,14771,7366,1812
,,,,,,,5793,14771,7366,1812
,,,,,,,5794,14771,7366,1812
,,,,,,,5795,14771,7366,1812
,,,,,,,5796,14771,7366,1812
,,,,,,,5797,14771,7366,1812
,,,,,,,5798,14771,7366,1812
,,,,,,,5799,14771,7366,1812
,,,,,,,5800,14771,7366,1812
,,,,,,,5801,14771,7366,1812
,,,,,,,5802,14771,7366,1812
,,,,,,,5803,14771,7366,1812
,,,,,,,5804,14771,7366,1812
,,,,,,,5805,14771,7366,1812
,,,,,,,5806,14771,7366,1812
,,,,,,,5807,14771,7366,1812
,,,,,,,5808,14771,7366,1812
,,,,,,,5809,14771,7366,1812
,,,,,,,5810,14771,7366,1812
,,,,,,,5811,14771,7366,1812
,,,,,,,5812,14771,7366,1812
,,,,,,,5813,14771,7366,1812
,,,,,,,5814,14771,7366,1812
,,,,,,,5815,14771,7366,1812
,,,,,,,5816,14771,7366,1812
,,,,,,,5817,14771,7366,1812
,,,,,,,5818,14771,7366,1812
,,,,,,,5819,14771,7366,1812
,,,,,,,5820,14771,7366,1812
,,,,,,,5821,14771,7366,1812
,,,,,,,5822,14771,7366,1812
,,,,,,,5823,14771,7366,1812
,,,,,,,5824,14771,7366,1812
,,,,,,,5825,14771,7366,1812
,,,,,,,5826,14771,7366,1812
,,,,,,,5827,14771,7366,1812
,,,,,,,5828,14771,7366,1812
,,,,,,,5829,14771,7366,1812
,,,,,,,5830,14771,7366,1812
,,,,,,,5831,14771,7366,1812
,,,,,,,5832,14771,7366,1812
,,,,,,,5833,14771,7366,1812
,,,,,,,5834,14771,7366,1812
,,,,,,,5835,14771,7366,1812
,,,,,,,5836,14771,7366,1812
,,,,,,,5837,14771,7366,1812
,,,,,,,5838,14771,7366,1812
,,,,,,,5839,14771,7366,1812
,,,,,,,5840,14771,7366,1812
,,,,,,,5841,14771,7366,1812
,,,,,,,5842,14771,7366,1812
,,,,,,,5843,14771,7366,1812
,,,,,,,5844,14771,7366,1812
,,,,,,,5845,14771,7366,1812
,,,,,,,5846,14771,7366,1812
,,,,,,,5847,14771,7366,1812
,,,,,,,5848,14771,7366,1812
,,,,,,,5849,14771,7366,1812
,,,,,,,5850,14771,7366,1812
,,,,,,,5851,14771,7366,1812
,,,,,,,5852,14771,7366,1812
,,,,,,,5853,14771,7366,1812
,,,,,,,5854,14771,7366,1812
,,,,,,,5855,14771,7366,1812
,,,,,,,5856,14771,7366,1812
,,,,,,,5857,14771,7366,1812
,,,,,,,5858,14771,7366,1812
,,,,,,,5859,14771,7366,1812
,,,,,,,5860,14771,7366,1812
,,,,,,,5861,14771,7366,1812
,,,,,,,5862,14771,7366,1812
,,,,,,,5863,14771,7366,1812
,,,,,,,5864,14771,7366,1812
,,,,,,,5865,14771,7366,1812
,,,,,,,5866,14771,7366,1812
,,,,,,,5867,14771,7366,1812
,,,,,,,5868,14771,7366,1812
,,,,,,,5869,14771,7366,1812
,,,,,,,5870,14771,7366,1812
,,,,,,,5871,14771,7366,1812
,,,,,,,5872,14771,7366,1812
,,,,,,,5873,14771,7366,1812
,,,,,,,5874,14771,7366,1812
,,,,,,,5875,14771,7366,1812
,,,,,,,5876,14771,7366,1812
,,,,,,,5877,14771,7366,1812
,,,,,,,5878,14771,7366,1812
,,,,,,,5879,14771,7366,1812
,,,,,,,5880,14771,7366,1812
,,,,,,,5881,14771,7366,1812
,,,,,,,5882,14771,7366,1812
,,,,,,,5883,14771,7366,1812
,,,,,,,5884,14771,7366,1812
,,,,,,,5885,14771,7366,1812
,,,,,,,5886,14771,7366,1812
,,,,,,,5887,14771,7366,1812
,,,,,,,5888,14771,7366,1812
,,,,,,,5889,14771,7366,1812
,,,,,,,5890,14771,7366,1812
,,,,,,,5891,14771,7366,1812
,,,,,,,5892,14771,7366,1812
,,,,,,,5893,14771,7366,1812
,,,,,,,5894,14771,7366,1812
,,,,,,,5895,14771,7366,1812
,,,,,,,5896,14771,7366,1812
,,,,,,,5897,14771,7366,1812
,,,,,,,5898,14771,7366,1812
,,,,,,,5899,14771,7366,1812
,,,,,,,5900,14771,7366,1812
,,,,,,,5901,14771,7366,1812
,,,,,,,5902,14771,7366,1812
,,,,,,,5903,14771,7366,1812
,,,,,,,5904,14771,7366,1812
,,,,,,,5905,14771,7366,1812
,,,,,,,5906,14771,7366,1812
,,,,,,,5907,14771,7366,1812
,,,,,,,5908,14771,7366,1812
,,,,,,,5909,14771,7366,1812
,,,,,,,5910,14771,7366,1812
,,,,,,,5911,14771,7366,1812
,,,,,,,5912,14771,7366,1812
,,,,,,,5913,14771,7366,1812
,,,,,,,5914,14771,7366,1812
,,,,,,,5915,14771,7366,1812
,,,,,,,5916,14771,7366,1812
,,,,,,,5917,14771,7366,1812
,,,,,,,5918,14771,7366,1812
,,,,,,,5919,14771,7366,1812
,,,,,,,5920,14771,7366,1812
,,,,,,,5921,14771,7366,1812
,,,,,,,5922,14771,7366,1812
,,,,,,,5923,14771,7366,1812
,,,,,,,5924,14771,7366,1812
,,,,,,,5925,14771,7366,1812
,,,,,,,5926,14771,7366,1812
,,,,,,,5927,14771,7366,1812
,,,,,,,5928,14771,7366,1812
,,,,,,,5929,14771,7366,1812
,,,,,,,5930,14771,7366,1812
,,,,,,,5931,14771,7366,1812
,,,,,,,5932,14771,7366,1812
,,,,,,,5933,14771,7366,1812
,,,,,,,5934,14771,7366,1812
,,,,,,,5935,14771,7366,1812
,,,,,,,5936,14771,7366,1812
,,,,,,,5937,14771,7366,1812
,,,,,,,5938,14771,7366,1812
,,,,,,,5939,14771,7366,1812
,,,,,,,5940,14771,7366,1812
,,,,,,,5941,14771,7366,1812
,,,,,,,5942,14771,7366,1812
,,,,,,,5943,14771,7366,1812
,,,,,,,5944,14771,7366,1812
,,,,,,,5945,14771,7366,1812
,,,,,,,5946,14771,7366,1812
,,,,,,,5947,14771,7366,1812
,,,,,,,5948,14771,7366,1812
,,,,,,,5949,14771,7366,1812
,,,,,,,5950,14771,7366,1812
,,,,,,,5951,14771,7366,1812
,,,,,,,5952,14771,7366,1812
,,,,,,,5953,14771,7366,1812
,,,,,,,5954,14771,7366,1812
,,,,,,,5955,14771,7366,1812
,,,,,,,5956,14771,7366,1812
,,,,,,,5957,14771,7366,1812
,,,,,,,5958,14771,7366,1812
,,,,,,,5959,14771,7366,1812
,,,,,,,5960,14771,7366,1812
,,,,,,,5961,14771,7366,1812
,,,,,,,5962,14771,7366,1812
,,,,,,,5963,14771,7366,1812
,,,,,,,5964,14771,7366,1812
,,,,,,,5965,14771,7366,1812
,,,,,,,5966,14771,7366,1812
,,,,,,,5967,14771,7366,1812
,,,,,,,5968,14771,7366,1812
,,,,,,,5969,14771,7366,1812
,,,,,,,5970,14771,7366,1812
,,,,,,,5971,14771,7366,1812
,,,,,,,5972,14771,7366,1812
,,,,,,,5973,14771,7366,1812
,,,,,,,5974,14771,7366,1812
,,,,,,,5975,14771,7366,1812
,,,,,,,5976,14771,7366,1812
,,,,,,,5977,14771,7366,1812
,,,,,,,5978,14771,7366,1812
,,,,,,,5979,14771,7366,1812
,,,,,,,5980,14771,7366,1812
,,,,,,,5981,14771,7366,1812
,,,,,,,5982,14771,7366,1812
,,,,,,,5983,14771,7366,1812
,,,,,,,5984,14771,7366,1812
,,,,,,,5985,14771,7366,1812
,,,,,,,5986,14771,7366,1812
,,,,,,,5987,14771,7366,1812
,,,,,,,5988,14771,7366,1812
,,,,,,,5989,14771,7366,1812
,,,,,,,5990,14771,7366,1812
,,,,,,,5991,14771,7366,1812
,,,,,,,5992,14771,7366,1812
,,,,,,,5993,14771,7366,1812
,,,,,,,5994,14771,7366,1812
,,,,,,,5995,14771,7366,1812
,,,,,,,5996,14771,7366,1812
,,,,,,,5997,14771,7366,1812
,,,,,,,5998,14771,7366,1812
,,,,,,,5999,14771,7366,1812
,,,,,,,6000,14771,7366,1812
,,,,,,,6001,14771,7366,1812
,,,,,,,6002,14771,7366,1812
,,,,,,,6003,14771,7366,1812
,,,,,,,6004,14771,7366,1812
,,,,,,,6005,14771,7366,1812
,,,,,,,6006,14771,7366,1812
,,,,,,,6007,14771,7366,1812
,,,,,,,6008,14771,7366,1812
,,,,,,,6009,14771,7366,1812
,,,,,,,6010,14771,7366,1812
,,,,,,,6011,14771,7366,1812
,,,,,,,6012,14771,7366,1812
,,,,,,,6013,14771,7366,1812
,,,,,,,6014,14771,7366,1812
,,,,,,,6015,14771,7366,1812
,,,,,,,6016,14771,7366,1812
,,,,,,,6017,14771,7366,1812
,,,,,,,6018,14771,7366,1812
,,,,,,,6019,14771,7366,1812
,,,,,,,6020,14771,7366,1812
,,,,,,,6021,14771,7366,1812
,,,,,,,6022,14771,7366,1812
,,,,,,,6023,14771,7366,1812
,,,,,,,6024,14771,7366,1812
,,,,,,,6025,14771,7366,1812
,,,,,,,6026,14771,7366,1812
,,,,,,,6027,14771,7366,1812
,,,,,,,6028,14771,7366,1812
,,,,,,,6029,14771,7366,1812
,,,,,,,6030,14771,7366,1812
,,,,,,,6031,14771,7366,1812
,,,,,,,6032,14771,7366,1812
,,,,,,,6033,14771,7366,1812
,,,,,,,6034,14771,7366,1812
,,,,,,,6035,14771,7366,1812
,,,,,,,6036,14771,7366,1812
,,,,,,,6037,14771,7366,1812
,,,,,,,6038,14771,7366,1812
,,,,,,,6039,14771,7366,1812
,,,,,,,6040,14771,7366,1812
,,,,,,,6041,14771,7366,1812
,,,,,,,6042,14771,7366,1812
,,,,,,,6043,14771,7366,1812
,,,,,,,6044,14771,7366,1812
,,,,,,,6045,14771,7366,1812
,,,,,,,6046,14771,7366,1812
,,,,,,,6047,14771,7366,1812
,,,,,,,6048,14771,7366,1812
,,,,,,,6049,14771,7366,1812
,,,,,,,6050,14771,7366,1812
,,,,,,,6051,14771,7366,1812
,,,,,,,6052,14771,7366,1812
,,,,,,,6053,14771,7366,1812
,,,,,,,6054,14771,7366,1812
,,,,,,,6055,14771,7366,1812
,,,,,,,6056,14771,7366,1812
,,,,,,,6057,14771,7366,1812
,,,,,,,6058,14771,7366,1812
,,,,,,,6059,14771,7366,1812
,,,,,,,6060,14771,7366,1812
,,,,,,,6061,14771,7366,1812
,,,,,,,6062,14771,7366,1812
,,,,,,,6063,14771,7366,1812
,,,,,,,6064,14771,7366,1812
,,,,,,,6065,14771,7366,1812
,,,,,,,6066,14771,7366,1812
,,,,,,,6067,14771,7366,1812
,,,,,,,6068,14771,7366,1812
,,,,,,,6069,14771,7366,1812
,,,,,,,6070,14771,7366,1812
,,,,,,,6071,14771,7366,1812
,,,,,,,6072,14771,7366,1812
,,,,,,,6073,14771,7366,1812
,,,,,,,6074,14771,7366,1812
,,,,,,,6075,14771,7366,1812
,,,,,,,6076,14771,7366,1812
,,,,,,,6077,14771,7366,1812
,,,,,,,6078,14771,7366,1812
,,,,,,,6079,14771,7366,1812
,,,,,,,6080,14771,7366,1812
,,,,,,,6081,14771,7366,1812
,,,,,,,6082,14771,7366,1812
,,,,,,,6083,14771,7366,1812
,,,,,,,6084,14771,7366,1812
,,,,,,,6085,14771,7366,1812
,,,,,,,6086,14771,7366,1812
,,,,,,,6087,14771,7366,1812
,,,,,,,6088,14771,7366,1812
,,,,,,,6089,14771,7366,1812
,,,,,,,6090,14771,7366,1812
,,,,,,,6091,14771,7366,1812
,,,,,,,6092,14771,7366,1812
,,,,,,,6093,14771,7366,1812
,,,,,,,6094,14771,7366,1812
,,,,,,,6095,14771,7366,1812
,,,,,,,6096,14771,7366,1812
,,,,,,,6097,14771,7366,1812
,,,,,,,6098,14771,7366,1812
,,,,,,,6099,14771,7366,1812
,,,,,,,6100,14771,7366,1812
,,,,,,,6101,14771,7366,1812
,,,,,,,6102,14771,7366,1812
,,,,,,,6103,14771,7366,1812
,,,,,,,6104,14771,7366,1812
,,,,,,,6105,14771,7366,1812
,,,,,,,6106,14771,7366,1812
,,,,,,,6107,14771,7366,1812
,,,,,,,6108,14771,7366,1812
,,,,,,,6109,14771,7366,1812
,,,,,,,6110,14771,7366,1812
,,,,,,,6111,14771,7366,1812
,,,,,,,6112,14771,7366,1812
,,,,,,,6113,14771,7366,1812
,,,,,,,6114,14771,7366,1812
,,,,,,,6115,14771,7366,1812
,,,,,,,6116,14771,7366,1812
,,,,,,,6117,14771,7366,1812
,,,,,,,6118,14771,7366,1812
,,,,,,,6119,14771,7366,1812
,,,,,,,6120,14771,7366,1812
,,,,,,,6121,14771,7366,1812
,,,,,,,6122,14771,7366,1812
,,,,,,,6123,14771,7366,1812
,,,,,,,6124,14771,7366,1812
,,,,,,,6125,14771,7366,1812
,,,,,,,6126,14771,7366,1812
,,,,,,,6127,14771,7366,1812
,,,,,,,6128,14771,7366,1812
,,,,,,,6129,14771,7366,1812
,,,,,,,6130,14771,7366,1812
,,,,,,,6131,14771,7366,1812
,,,,,,,6132,14771,7366,1812
,,,,,,,6133,14771,7366,1812
,,,,,,,6134,14771,7366,1812
,,,,,,,6135,14771,7366,1812
,,,,,,,6136,14771,7366,1812
,,,,,,,6137,14771,7366,1812
,,,,,,,6138,14771,7366,1812
,,,,,,,6139,14771,7366,1812
,,,,,,,6140,14771,7366,1812
,,,,,,,6141,14771,7366,1812
,,,,,,,6142,14771,7366,1812
,,,,,,,6143,14771,7366,1812
,,,,,,,6144,14771,7366,1812
,,,,,,,6145,14771,7366,1812
,,,,,,,6146,14771,7366,1812
,,,,,,,6147,14771,7366,1812
,,,,,,,6148,14771,7366,1812
,,,,,,,6149,14771,7366,1812
,,,,,,,6150,14771,7366,1812
,,,,,,,6151,14771,7366,1812
,,,,,,,6152,14771,7366,1812
,,,,,,,6153,14771,7366,1812
,,,,,,,6154,14771,7366,1812
,,,,,,,6155,14771,7366,1812
,,,,,,,6156,14771,7366,1812
,,,,,,,6157,14771,7366,1812
,,,,,,,6158,14771,7366,1812
,,,,,,,6159,14771,7366,1812
,,,,,,,6160,14771,7366,1812
,,,,,,,6161,14771,7366,1812
,,,,,,,6162,14771,7366,1812
,,,,,,,6163,14771,7366,1812
,,,,,,,6164,14771,7366,1812
,,,,,,,6165,14771,7366,1812
,,,,,,,6166,14771,7366,1812
,,,,,,,6167,14771,7366,1812
,,,,,,,6168,14771,7366,1812
,,,,,,,6169,14771,7366,1812
,,,,,,,6170,14771,7366,1812
,,,,,,,6171,14771,7366,1812
,,,,,,,6172,14771,7366,1812
,,,,,,,6173,14771,7366,1812
,,,,,,,6174,14771,7366,1812
,,,,,,,6175,14771,7366,1812
,,,,,,,6176,14771,7366,1812
,,,,,,,6177,14771,7366,1812
,,,,,,,6178,14771,7366,1812
,,,,,,,6179,14771,7366,1812
,,,,,,,6180,14771,7366,1812
,,,,,,,6181,14771,7366,1812
,,,,,,,6182,14771,7366,1812
,,,,,,,6183,14771,7366,1812
,,,,,,,6184,14771,7366,1812
,,,,,,,6185,14771,7366,1812
,,,,,,,6186,14771,7366,1812
,,,,,,,6187,14771,7366,1812
,,,,,,,6188,14771,7366,1812
,,,,,,,6189,14771,7366,1812
,,,,,,,6190,14771,7366,1812
,,,,,,,6191,14771,7366,1812
,,,,,,,6192,14771,7366,1812
,,,,,,,6193,14771,7366,1812
,,,,,,,6194,14771,7366,1812
,,,,,,,6195,14771,7366,1812
,,,,,,,6196,14771,7366,1812
,,,,,,,6197,14771,7366,1812
,,,,,,,6198,14771,7366,1812
,,,,,,,6199,14771,7366,1812
,,,,,,,6200,14771,7366,1812
,,,,,,,6201,14771,7366,1812
,,,,,,,6202,14771,7366,1812
,,,,,,,6203,14771,7366,1812
,,,,,,,6204,14771,7366,1812
,,,,,,,6205,14771,7366,1812
,,,,,,,6206,14771,7366,1812
,,,,,,,6207,14771,7366,1812
,,,,,,,6208,14771,7366,1812
,,,,,,,6209,14771,7366,1812
,,,,,,,6210,14771,7366,1812
,,,,,,,6211,14771,7366,1812
,,,,,,,6212,14771,7366,1812
,,,,,,,6213,14771,7366,1812
,,,,,,,6214,14771,7366,1812
,,,,,,,6215,14771,7366,1812
,,,,,,,6216,14771,7366,1812
,,,,,,,6217,14771,7366,1812
,,,,,,,6218,14771,7366,1812
,,,,,,,6219,14771,7366,1812
,,,,,,,6220,14771,7366,1812
,,,,,,,6221,14771,7366,1812
,,,,,,,6222,14771,7366,1812
,,,,,,,6223,14771,7366,1812
,,,,,,,6224,14771,7366,1812
,,,,,,,6225,14771,7366,1812
,,,,,,,6226,14771,7366,1812
,,,,,,,6227,14771,7366,1812
,,,,,,,6228,14771,7366,1812
,,,,,,,6229,14771,7366,1812
,,,,,,,6230,14771,7366,1812
,,,,,,,6231,14771,7366,1812
,,,,,,,6232,14771,7366,1812
,,,,,,,6233,14771,7366,1812
,,,,,,,6234,14771,7366,1812
,,,,,,,6235,14771,7366,1812
,,,,,,,6236,14771,7366,1812
,,,,,,,6237,14771,7366,1812
,,,,,,,6238,14771,7366,1812
,,,,,,,6239,14771,7366,1812
,,,,,,,6240,14771,7366,1812
,,,,,,,6241,14771,7366,1812
,,,,,,,6242,14771,7366,1812
,,,,,,,6243,14771,7366,1812
,,,,,,,6244,14771,7366,1812
,,,,,,,6245,14771,7366,1812
,,,,,,,6246,14771,7366,1812
,,,,,,,6247,14771,7366,1812
,,,,,,,6248,14771,7366,1812
,,,,,,,6249,14771,7366,1812
,,,,,,,6250,14771,7366,1812
,,,,,,,6251,14771,7366,1812
,,,,,,,6252,14771,7366,1812
,,,,,,,6253,14771,7366,1812
,,,,,,,6254,14771,7366,1812
,,,,,,,6255,14771,7366,1812
,,,,,,,6256,14771,7366,1812
,,,,,,,6257,14771,7366,1812
,,,,,,,6258,14771,7366,1812
,,,,,,,6259,14771,7366,1812
,,,,,,,6260,14771,7366,1812
,,,,,,,6261,14771,7366,1812
,,,,,,,6262,14771,7366,1812
,,,,,,,6263,14771,7366,1812
,,,,,,,6264,14771,7366,1812
,,,,,,,6265,14771,7366,1812
,,,,,,,6266,14771,7366,1812
,,,,,,,6267,14771,7366,1812
,,,,,,,6268,14771,7366,1812
,,,,,,,6269,14771,7366,1812
,,,,,,,6270,14771,7366,1812
,,,,,,,6271,14771,7366,1812
,,,,,,,6272,14771,7366,1812
,,,,,,,6273,14771,7366,1812
,,,,,,,6274,14771,7366,1812
,,,,,,,6275,14771,7366,1812
,,,,,,,6276,14771,7366,1812
,,,,,,,6277,14771,7366,1812
,,,,,,,6278,14771,7366,1812
,,,,,,,6279,14771,7366,1812
,,,,,,,6280,14771,7366,1812
,,,,,,,6281,14771,7366,1812
,,,,,,,6282,14771,7366,1812
,,,,,,,6283,14771,7366,1812
,,,,,,,6284,14771,7366,1812
,,,,,,,6285,14771,7366,1812
,,,,,,,6286,14771,7366,1812
,,,,,,,6287,14771,7366,1812
,,,,,,,6288,14771,7366,1812
,,,,,,,6289,14771,7366,1812
,,,,,,,6290,14771,7366,1812
,,,,,,,6291,14771,7366,1812
,,,,,,,6292,14771,7366,1812
,,,,,,,6293,14771,7366,1812
,,,,,,,6294,14771,7366,1812
,,,,,,,6295,14771,7366,1812
,,,,,,,6296,14771,7366,1812
,,,,,,,6297,14771,7366,1812
,,,,,,,6298,14771,7366,1812
,,,,,,,6299,14771,7366,1812
,,,,,,,6300,14771,7366,1812
,,,,,,,6301,14771,7366,1812
,,,,,,,6302,14771,7366,1812
,,,,,,,6303,14771,7366,1812
,,,,,,,6304,14771,7366,1812
,,,,,,,6305,14771,7366,1812
,,,,,,,6306,14771,7366,1812
,,,,,,,6307,14771,7366,1812
,,,,,,,6308,14771,7366,1812
,,,,,,,6309,14771,7366,1812
,,,,,,,6310,14771,7366,1812
,,,,,,,6311,14771,7366,1812
,,,,,,,6312,14771,7366,1812
,,,,,,,6313,14771,7366,1812
,,,,,,,6314,14771,7366,1812
,,,,,,,6315,14771,7366,1812
,,,,,,,6316,14771,7366,1812
,,,,,,,6317,14771,7366,1812
,,,,,,,6318,14771,7366,1812
,,,,,,,6319,14771,7366,1812
,,,,,,,6320,14771,7366,1812
,,,,,,,6321,14771,7366,1812
,,,,,,,6322,14771,7366,1812
,,,,,,,6323,14771,7366,1812
,,,,,,,6324,14771,7366,1812
,,,,,,,6325,14771,7366,1812
,,,,,,,6326,14771,7366,1812
,,,,,,,6327,14771,7366,1812
,,,,,,,6328,14771,7366,1812
,,,,,,,6329,14771,7366,1812
,,,,,,,6330,14771,7366,1812
,,,,,,,6331,14771,7366,1812
,,,,,,,6332,14771,7366,1812
,,,,,,,6333,14771,7366,1812
,,,,,,,6334,14771,7366,1812
,,,,,,,6335,14771,7366,1812
,,,,,,,6336,14771,7366,1812
,,,,,,,6337,14771,7366,1812
,,,,,,,6338,14771,7366,1812
,,,,,,,6339,14771,7366,1812
,,,,,,,6340,14771,7366,1812
,,,,,,,6341,14771,7366,1812
,,,,,,,6342,14771,7366,1812
,,,,,,,6343,14771,7366,1812
,,,,,,,6344,14771,7366,1812
,,,,,,,6345,14771,7366,1812
,,,,,,,6346,14771,7366,1812
,,,,,,,6347,14771,7366,1812
,,,,,,,6348,14771,7366,1812
,,,,,,,6349,14771,7366,1812
,,,,,,,6350,14771,7366,1812
,,,,,,,6351,14771,7366,1812
,,,,,,,6352,14771,7366,1812
,,,,,,,6353,14771,7366,1812
,,,,,,,6354,14771,7366,1812
,,,,,,,6355,14771,7366,1812
,,,,,,,6356,14771,7366,1812
,,,,,,,6357,14771,7366,1812
,,,,,,,6358,14771,7366,1812
,,,,,,,6359,14771,7366,1812
,,,,,,,6360,14771,7366,1812
,,,,,,,6361,14771,7366,1812
,,,,,,,6362,14771,7366,1812
,,,,,,,6363,14771,7366,1812
,,,,,,,6364,14771,7366,1812
,,,,,,,6365,14771,7366,1812
,,,,,,,6366,14771,7366,1812
,,,,,,,6367,14771,7366,1812
,,,,,,,6368,14771,7366,1812
,,,,,,,6369,14771,7366,1812
,,,,,,,6370,14771,7366,1812
,,,,,,,6371,14771,7366,1812
,,,,,,,6372,14771,7366,1812
,,,,,,,6373,14771,7366,1812
,,,,,,,6374,14771,7366,1812
,,,,,,,6375,14771,7366,1812
,,,,,,,6376,14771,7366,1812
,,,,,,,6377,14771,7366,1812
,,,,,,,6378,14771,7366,1812
,,,,,,,6379,14771,7366,1812
,,,,,,,6380,14771,7366,1812
,,,,,,,6381,14771,7366,1812
,,,,,,,6382,14771,7366,1812
,,,,,,,6383,14771,7366,1812
,,,,,,,6384,14771,7366,1812
,,,,,,,6385,14771,7366,1812
,,,,,,,6386,14771,7366,1812
,,,,,,,6387,14771,7366,1812
,,,,,,,6388,14771,7366,1812
,,,,,,,6389,14771,7366,1812
,,,,,,,6390,14771,7366,1812
,,,,,,,6391,14771,7366,1812
,,,,,,,6392,14771,7366,1812
,,,,,,,6393,14771,7366,1812
,,,,,,,6394,14771,7366,1812
,,,,,,,6395,14771,7366,1812
,,,,,,,6396,14771,7366,1812
,,,,,,,6397,14771,7366,1812
,,,,,,,6398,14771,7366,1812
,,,,,,,6399,14771,7366,1812
,,,,,,,6400,14771,7366,1812
,,,,,,,6401,14771,7366,1812
,,,,,,,6402,14771,7366,1812
,,,,,,,6403,14771,7366,1812
,,,,,,,6404,14771,7366,1812
,,,,,,,6405,14771,7366,1812
,,,,,,,6406,14771,7366,1812
,,,,,,,6407,14771,7366,1812
,,,,,,,6408,14771,7366,1812
,,,,,,,6409,14771,7366,1812
,,,,,,,6410,14771,7366,1812
,,,,,,,6411,14771,7366,1812
,,,,,,,6412,14771,7366,1812
,,,,,,,6413,14771,7366,1812
,,,,,,,6414,14771,7366,1812
,,,,,,,6415,14771,7366,1812
,,,,,,,6416,14771,7366,1812
,,,,,,,6417,14771,7366,1812
,,,,,,,6418,14771,7366,1812
,,,,,,,6419,14771,7366,1812
,,,,,,,6420,14771,7366,1812
,,,,,,,6421,14771,7366,1812
,,,,,,,6422,14771,7366,1812
,,,,,,,6423,14771,7366,1812
,,,,,,,6424,14771,7366,1812
,,,,,,,6425,14771,7366,1812
,,,,,,,6426,14771,7366,1812
,,,,,,,6427,14771,7366,1812
,,,,,,,6428,14771,7366,1812
,,,,,,,6429,14771,7366,1812
,,,,,,,6430,14771,7366,1812
,,,,,,,6431,14771,7366,1812
,,,,,,,6432,14771,7366,1812
,,,,,,,6433,14771,7366,1812
,,,,,,,6434,14771,7366,1812
,,,,,,,6435,14771,7366,1812
,,,,,,,6436,14771,7366,1812
,,,,,,,6437,14771,7366,1812
,,,,,,,6438,14771,7366,1812
,,,,,,,6439,14771,7366,1812
,,,,,,,6440,14771,7366,1812
,,,,,,,6441,14771,7366,1812
,,,,,,,6442,14771,7366,1812
,,,,,,,6443,14771,7366,1812
,,,,,,,6444,14771,7366,1812
,,,,,,,6445,14771,7366,1812
,,,,,,,6446,14771,7366,1812
,,,,,,,6447,14771,7366,1812
,,,,,,,6448,14771,7366,1812
,,,,,,,6449,14771,7366,1812
,,,,,,,6450,14771,7366,1812
,,,,,,,6451,14771,7366,1812
,,,,,,,6452,14771,7366,1812
,,,,,,,6453,14771,7366,1812
,,,,,,,6454,14771,7366,1812
,,,,,,,6455,14771,7366,1812
,,,,,,,6456,14771,7366,1812
,,,,,,,6457,14771,7366,1812
,,,,,,,6458,14771,7366,1812
,,,,,,,6459,14771,7366,1812
,,,,,,,6460,14771,7366,1812
,,,,,,,6461,14771,7366,1812
,,,,,,,6462,14771,7366,1812
,,,,,,,6463,14771,7366,1812
,,,,,,,6464,14771,7366,1812
,,,,,,,6465,14771,7366,1812
,,,,,,,6466,14771,7366,1812
,,,,,,,6467,14771,7366,1812
,,,,,,,6468,14771,7366,1812
,,,,,,,6469,14771,7366,1812
,,,,,,,6470,14771,7366,1812
,,,,,,,6471,14771,7366,1812
,,,,,,,6472,14771,7366,1812
,,,,,,,6473,14771,7366,1812
,,,,,,,6474,14771,7366,1812
,,,,,,,6475,14771,7366,1812
,,,,,,,6476,14771,7366,1812
,,,,,,,6477,14771,7366,1812
,,,,,,,6478,14771,7366,1812
,,,,,,,6479,14771,7366,1812
,,,,,,,6480,14771,7366,1812
,,,,,,,6481,14771,7366,1812
,,,,,,,6482,14771,7366,1812
,,,,,,,6483,14771,7366,1812
,,,,,,,6484,14771,7366,1812
,,,,,,,6485,14771,7366,1812
,,,,,,,6486,14771,7366,1812
,,,,,,,6487,14771,7366,1812
,,,,,,,6488,14771,7366,1812
,,,,,,,6489,14771,7366,1812
,,,,,,,6490,14771,7366,1812
,,,,,,,6491,14771,7366,1812
,,,,,,,6492,14771,7366,1812
,,,,,,,6493,14771,7366,1812
,,,,,,,6494,14771,7366,1812
,,,,,,,6495,14771,7366,1812
,,,,,,,6496,14771,7366,1812
,,,,,,,6497,14771,7366,1812
,,,,,,,6498,14771,7366,1812
,,,,,,,6499,14771,7366,1812
,,,,,,,6500,14771,7366,1812
,,,,,,,6501,14771,7366,1812
,,,,,,,6502,14771,7366,1812
,,,,,,,6503,14771,7366,1812
,,,,,,,6504,14771,7366,1812
,,,,,,,6505,14771,7366,1812
,,,,,,,6506,14771,7366,1812
,,,,,,,6507,14771,7366,1812
,,,,,,,6508,14771,7366,1812
,,,,,,,6509,14771,7366,1812
,,,,,,,6510,14771,7366,1812
,,,,,,,6511,14771,7366,1812
,,,,,,,6512,14771,7366,1812
,,,,,,,6513,14771,7366,1812
,,,,,,,6514,14771,7366,1812
,,,,,,,6515,14771,7366,1812
,,,,,,,6516,14771,7366,1812
,,,,,,,6517,14771,7366,1812
,,,,,,,6518,14771,7366,1812
,,,,,,,6519,14771,7366,1812
,,,,,,,6520,14771,7366,1812
,,,,,,,6521,14771,7366,1812
,,,,,,,6522,14771,7366,1812
,,,,,,,6523,14771,7366,1812
,,,,,,,6524,14771,7366,1812
,,,,,,,6525,14771,7366,1812
,,,,,,,6526,14771,7366,1812
,,,,,,,6527,14771,7366,1812
,,,,,,,6528,14771,7366,1812
,,,,,,,6529,14771,7366,1812
,,,,,,,6530,14771,7366,1812
,,,,,,,6531,14771,7366,1812
,,,,,,,6532,14771,7366,1812
,,,,,,,6533,14771,7366,1812
,,,,,,,6534,14771,7366,1812
,,,,,,,6535,14771,7366,1812
,,,,,,,6536,14771,7366,1812
,,,,,,,6537,14771,7366,1812
,,,,,,,6538,14771,7366,1812
,,,,,,,6539,14771,7366,1812
,,,,,,,6540,14771,7366,1812
,,,,,,,6541,14771,7366,1812
,,,,,,,6542,14771,7366,1812
,,,,,,,6543,14771,7366,1812
,,,,,,,6544,14771,7366,1812
,,,,,,,6545,14771,7366,1812
,,,,,,,6546,14771,7366,1812
,,,,,,,6547,14771,7366,1812
,,,,,,,6548,14771,7366,1812
,,,,,,,6549,14771,7366,1812
,,,,,,,6550,14771,7366,1812
,,,,,,,6551,14771,7366,1812
,,,,,,,6552,14771,7366,1812
,,,,,,,6553,14771,7366,1812
,,,,,,,6554,14771,7366,1812
,,,,,,,6555,14771,7366,1812
,,,,,,,6556,14771,7366,1812
,,,,,,,6557,14771,7366,1812
,,,,,,,6558,14771,7366,1812
,,,,,,,6559,14771,7366,1812
,,,,,,,6560,14771,7366,1812
,,,,,,,6561,14771,7366,1812
,,,,,,,6562,14771,7366,1812
,,,,,,,6563,14771,7366,1812
,,,,,,,6564,14771,7366,1812
,,,,,,,6565,14771,7366,1812
,,,,,,,6566,14771,7366,1812
,,,,,,,6567,14771,7366,1812
,,,,,,,6568,14771,7366,1812
,,,,,,,6569,14771,7366,1812
,,,,,,,6570,14771,7366,1812
,,,,,,,6571,14771,7366,1812
,,,,,,,6572,14771,7366,1812
,,,,,,,6573,14771,7366,1812
,,,,,,,6574,14771,7366,1812
,,,,,,,6575,14771,7366,1812
,,,,,,,6576,14771,7366,1812
,,,,,,,6577,14771,7366,1812
,,,,,,,6578,14771,7366,1812
,,,,,,,6579,14771,7366,1812
,,,,,,,6580,14771,7366,1812
,,,,,,,6581,14771,7366,1812
,,,,,,,6582,14771,7366,1812
,,,,,,,6583,14771,7366,1812
,,,,,,,6584,14771,7366,1812
,,,,,,,6585,14771,7366,1812
,,,,,,,6586,14771,7366,1812
,,,,,,,6587,14771,7366,1812
,,,,,,,6588,14771,7366,1812
,,,,,,,6589,14771,7366,1812
,,,,,,,6590,14771,7366,1812
,,,,,,,6591,14771,7366,1812
,,,,,,,6592,14771,7366,1812
,,,,,,,6593,14771,7366,1812
,,,,,,,6594,14771,7366,1812
,,,,,,,6595,14771,7366,1812
,,,,,,,6596,14771,7366,1812
,,,,,,,6597,14771,7366,1812
,,,,,,,6598,14771,7366,1812
,,,,,,,6599,14771,7366,1812
,,,,,,,6600,14771,7366,1812
,,,,,,,6601,14771,7366,1812
,,,,,,,6602,14771,7366,1812
,,,,,,,6603,14771,7366,1812
,,,,,,,6604,14771,7366,1812
,,,,,,,6605,14771,7366,1812
,,,,,,,6606,14771,7366,1812
,,,,,,,6607,14771,7366,1812
,,,,,,,6608,14771,7366,1812
,,,,,,,6609,14771,7366,1812
,,,,,,,6610,14771,7366,1812
,,,,,,,6611,14771,7366,1812
,,,,,,,6612,14771,7366,1812
,,,,,,,6613,14771,7366,1812
,,,,,,,6614,14771,7366,1812
,,,,,,,6615,14771,7366,1812
,,,,,,,6616,14771,7366,1812
,,,,,,,6617,14771,7366,1812
,,,,,,,6618,14771,7366,1812
,,,,,,,6619,14771,7366,1812
,,,,,,,6620,14771,7366,1812
,,,,,,,6621,14771,7366,1812
,,,,,,,6622,14771,7366,1812
,,,,,,,6623,14771,7366,1812
,,,,,,,6624,14771,7366,1812
,,,,,,,6625,14771,7366,1812
,,,,,,,6626,14771,7366,1812
,,,,,,,6627,14771,7366,1812
,,,,,,,6628,14771,7366,1812
,,,,,,,6629,14771,7366,1812
,,,,,,,6630,14771,7366,1812
,,,,,,,6631,14771,7366,1812
,,,,,,,6632,14771,7366,1812
,,,,,,,6633,14771,7366,1812
,,,,,,,6634,14771,7366,1812
,,,,,,,6635,14771,7366,1812
,,,,,,,6636,14771,7366,1812
,,,,,,,6637,14771,7366,1812
,,,,,,,6638,14771,7366,1812
,,,,,,,6639,14771,7366,1812
,,,,,,,6640,14771,7366,1812
,,,,,,,6641,14771,7366,1812
,,,,,,,6642,14771,7366,1812
,,,,,,,6643,14771,7366,1812
,,,,,,,6644,14771,7366,1812
,,,,,,,6645,14771,7366,1812
,,,,,,,6646,14771,7366,1812
,,,,,,,6647,14771,7366,1812
,,,,,,,6648,14771,7366,1812
,,,,,,,6649,14771,7366,1812
,,,,,,,6650,14771,7366,1812
,,,,,,,6651,14771,7366,1812
,,,,,,,6652,14771,7366,1812
,,,,,,,6653,14771,7366,1812
,,,,,,,6654,14771,7366,1812
,,,,,,,6655,14771,7366,1812
,,,,,,,6656,14771,7366,1812
,,,,,,,6657,14771,7366,1812
,,,,,,,6658,14771,7366,1812
,,,,,,,6659,14771,7366,1812
,,,,,,,6660,14771,7366,1812
,,,,,,,6661,14771,7366,1812
,,,,,,,6662,14771,7366,1812
,,,,,,,6663,14771,7366,1812
,,,,,,,6664,14771,7366,1812
,,,,,,,6665,14771,7366,1812
,,,,,,,6666,14771,7366,1812
,,,,,,,6667,14771,7366,1812
,,,,,,,6668,14771,7366,1812
,,,,,,,6669,14771,7366,1812
,,,,,,,6670,14771,7366,1812
,,,,,,,6671,14771,7366,1812
,,,,,,,6672,14771,7366,1812
,,,,,,,6673,14771,7366,1812
,,,,,,,6674,14771,7366,1812
,,,,,,,6675,14771,7366,1812
,,,,,,,6676,14771,7366,1812
,,,,,,,6677,14771,7366,1812
,,,,,,,6678,14771,7366,1812
,,,,,,,6679,14771,7366,1812
,,,,,,,6680,14771,7366,1812
,,,,,,,6681,14771,7366,1812
,,,,,,,6682,14771,7366,1812
,,,,,,,6683,14771,7366,1812
,,,,,,,6684,14771,7366,1812
,,,,,,,6685,14771,7366,1812
,,,,,,,6686,14771,7366,1812
,,,,,,,6687,14771,7366,1812
,,,,,,,6688,14771,7366,1812
,,,,,,,6689,14771,7366,1812
,,,,,,,6690,14771,7366,1812
,,,,,,,6691,14771,7366,1812
,,,,,,,6692,14771,7366,1812
,,,,,,,6693,14771,7366,1812
,,,,,,,6694,14771,7366,1812
,,,,,,,6695,14771,7366,1812
,,,,,,,6696,14771,7366,1812
,,,,,,,6697,14771,7366,1812
,,,,,,,6698,14771,7366,1812
,,,,,,,6699,14771,7366,1812
,,,,,,,6700,14771,7366,1812
,,,,,,,6701,14771,7366,1812
,,,,,,,6702,14771,7366,1812
,,,,,,,6703,14771,7366,1812
,,,,,,,6704,14771,7366,1812
,,,,,,,6705,14771,7366,1812
,,,,,,,6706,14771,7366,1812
,,,,,,,6707,14771,7366,1812
,,,,,,,6708,14771,7366,1812
,,,,,,,6709,14771,7366,1812
,,,,,,,6710,14771,7366,1812
,,,,,,,6711,14771,7366,1812
,,,,,,,6712,14771,7366,1812
,,,,,,,6713,14771,7366,1812
,,,,,,,6714,14771,7366,1812
,,,,,,,6715,14771,7366,1812
,,,,,,,6716,14771,7366,1812
,,,,,,,6717,14771,7366,1812
,,,,,,,6718,14771,7366,1812
,,,,,,,6719,14771,7366,1812
,,,,,,,6720,14771,7366,1812
,,,,,,,6721,14771,7366,1812
,,,,,,,6722,14771,7366,1812
,,,,,,,6723,14771,7366,1812
,,,,,,,6724,14771,7366,1812
,,,,,,,6725,14771,7366,1812
,,,,,,,6726,14771,7366,1812
,,,,,,,6727,14771,7366,1812
,,,,,,,6728,14771,7366,1812
,,,,,,,6729,14771,7366,1812
,,,,,,,6730,14771,7366,1812
,,,,,,,6731,14771,7366,1812
,,,,,,,6732,14771,7366,1812
,,,,,,,6733,14771,7366,1812
,,,,,,,6734,14771,7366,1812
,,,,,,,6735,14771,7366,1812
,,,,,,,6736,14771,7366,1812
,,,,,,,6737,14771,7366,1812
,,,,,,,6738,14771,7366,1812
,,,,,,,6739,14771,7366,1812
,,,,,,,6740,14771,7366,1812
,,,,,,,6741,14771,7366,1812
,,,,,,,6742,14771,7366,1812
,,,,,,,6743,14771,7366,1812
,,,,,,,6744,14771,7366,1812
,,,,,,,6745,14771,7366,1812
,,,,,,,6746,14771,7366,1812
,,,,,,,6747,14771,7366,1812
,,,,,,,6748,14771,7366,1812
,,,,,,,6749,14771,7366,1812
,,,,,,,6750,14771,7366,1812
,,,,,,,6751,14771,7366,1812
,,,,,,,6752,14771,7366,1812
,,,,,,,6753,14771,7366,1812
,,,,,,,6754,14771,7366,1812
,,,,,,,6755,14771,7366,1812
,,,,,,,6756,14771,7366,1812
,,,,,,,6757,14771,7366,1812
,,,,,,,6758,14771,7366,1812
,,,,,,,6759,14771,7366,1812
,,,,,,,6760,14771,7366,1812
,,,,,,,6761,14771,7366,1812
,,,,,,,6762,14771,7366,1812
,,,,,,,6763,14771,7366,1812
,,,,,,,6764,14771,7366,1812
,,,,,,,6765,14771,7366,1812
,,,,,,,6766,14771,7366,1812
,,,,,,,6767,14771,7366,1812
,,,,,,,6768,14771,7366,1812
,,,,,,,6769,14771,7366,1812
,,,,,,,6770,14771,7366,1812
,,,,,,,6771,14771,7366,1812
,,,,,,,6772,14771,7366,1812
,,,,,,,6773,14771,7366,1812
,,,,,,,6774,14771,7366,1812
,,,,,,,6775,14771,7366,1812
,,,,,,,6776,14771,7366,1812
,,,,,,,6777,14771,7366,1812
,,,,,,,6778,14771,7366,1812
,,,,,,,6779,14771,7366,1812
,,,,,,,6780,14771,7366,1812
,,,,,,,6781,14771,7366,1812
,,,,,,,6782,14771,7366,1812
,,,,,,,6783,14771,7366,1812
,,,,,,,6784,14771,7366,1812
,,,,,,,6785,14771,7366,1812
,,,,,,,6786,14771,7366,1812
,,,,,,,6787,14771,7366,1812
,,,,,,,6788,14771,7366,1812
,,,,,,,6789,14771,7366,1812
,,,,,,,6790,14771,7366,1812
,,,,,,,6791,14771,7366,1812
,,,,,,,6792,14771,7366,1812
,,,,,,,6793,14771,7366,1812
,,,,,,,6794,14771,7366,1812
,,,,,,,6795,14771,7366,1812
,,,,,,,6796,14771,7366,1812
,,,,,,,6797,14771,7366,1812
,,,,,,,6798,14771,7366,1812
,,,,,,,6799,14771,7366,1812
,,,,,,,6800,14771,7366,1812
,,,,,,,6801,14771,7366,1812
,,,,,,,6802,14771,7366,1812
,,,,,,,6803,14771,7366,1812
,,,,,,,6804,14771,7366,1812
,,,,,,,6805,14771,7366,1812
,,,,,,,6806,14771,7366,1812
,,,,,,,6807,14771,7366,1812
,,,,,,,6808,14771,7366,1812
,,,,,,,6809,14771,7366,1812
,,,,,,,6810,14771,7366,1812
,,,,,,,6811,14771,7366,1812
,,,,,,,6812,14771,7366,1812
,,,,,,,6813,14771,7366,1812
,,,,,,,6814,14771,7366,1812
,,,,,,,6815,14771,7366,1812
,,,,,,,6816,14771,7366,1812
,,,,,,,6817,14771,7366,1812
,,,,,,,6818,14771,7366,1812
,,,,,,,6819,14771,7366,1812
,,,,,,,6820,14771,7366,1812
,,,,,,,6821,14771,7366,1812
,,,,,,,6822,14771,7366,1812
,,,,,,,6823,14771,7366,1812
,,,,,,,6824,14771,7366,1812
,,,,,,,6825,14771,7366,1812
,,,,,,,6826,14771,7366,1812
,,,,,,,6827,14771,7366,1812
,,,,,,,6828,14771,7366,1812
,,,,,,,6829,14771,7366,1812
,,,,,,,6830,14771,7366,1812
,,,,,,,6831,14771,7366,1812
,,,,,,,6832,14771,7366,1812
,,,,,,,6833,14771,7366,1812
,,,,,,,6834,14771,7366,1812
,,,,,,,6835,14771,7366,1812
,,,,,,,6836,14771,7366,1812
,,,,,,,6837,14771,7366,1812
,,,,,,,6838,14771,7366,1812
,,,,,,,6839,14771,7366,1812
,,,,,,,6840,14771,7366,1812
,,,,,,,6841,14771,7366,1812
,,,,,,,6842,14771,7366,1812
,,,,,,,6843,14771,7366,1812
,,,,,,,6844,14771,7366,1812
,,,,,,,6845,14771,7366,1812
,,,,,,,6846,14771,7366,1812
,,,,,,,6847,14771,7366,1812
,,,,,,,6848,14771,7366,1812
,,,,,,,6849,14771,7366,1812
,,,,,,,6850,14771,7366,1812
,,,,,,,6851,14771,7366,1812
,,,,,,,6852,14771,7366,1812
,,,,,,,6853,14771,7366,1812
,,,,,,,6854,14771,7366,1812
,,,,,,,6855,14771,7366,1812
,,,,,,,6856,14771,7366,1812
,,,,,,,6857,14771,7366,1812
,,,,,,,6858,14771,7366,1812
,,,,,,,6859,14771,7366,1812
,,,,,,,6860,14771,7366,1812
,,,,,,,6861,14771,7366,1812
,,,,,,,6862,14771,7366,1812
,,,,,,,6863,14771,7366,1812
,,,,,,,6864,14771,7366,1812
,,,,,,,6865,14771,7366,1812
,,,,,,,6866,14771,7366,1812
,,,,,,,6867,14771,7366,1812
,,,,,,,6868,14771,7366,1812
,,,,,,,6869,14771,7366,1812
,,,,,,,6870,14771,7366,1812
,,,,,,,6871,14771,7366,1812
,,,,,,,6872,14771,7366,1812
,,,,,,,6873,14771,7366,1812
,,,,,,,6874,14771,7366,1812
,,,,,,,6875,14771,7366,1812
,,,,,,,6876,14771,7366,1812
,,,,,,,6877,14771,7366,1812
,,,,,,,6878,14771,7366,1812
,,,,,,,6879,14771,7366,1812
,,,,,,,6880,14771,7366,1812
,,,,,,,6881,14771,7366,1812
,,,,,,,6882,14771,7366,1812
,,,,,,,6883,14771,7366,1812
,,,,,,,6884,14771,7366,1812
,,,,,,,6885,14771,7366,1812
,,,,,,,6886,14771,7366,1812
,,,,,,,6887,14771,7366,1812
,,,,,,,6888,14771,7366,1812
,,,,,,,6889,14771,7366,1812
,,,,,,,6890,14771,7366,1812
,,,,,,,6891,14771,7366,1812
,,,,,,,6892,14771,7366,1812
,,,,,,,6893,14771,7366,1812
,,,,,,,6894,14771,7366,1812
,,,,,,,6895,14771,7366,1812
,,,,,,,6896,14771,7366,1812
,,,,,,,6897,14771,7366,1812
,,,,,,,6898,14771,7366,1812
,,,,,,,6899,14771,7366,1812
,,,,,,,6900,14771,7366,1812
,,,,,,,6901,14771,7366,1812
,,,,,,,6902,14771,7366,1812
,,,,,,,6903,14771,7366,1812
,,,,,,,6904,14771,7366,1812
,,,,,,,6905,14771,7366,1812
,,,,,,,6906,14771,7366,1812
,,,,,,,6907,14771,7366,1812
,,,,,,,6908,14771,7366,1812
,,,,,,,6909,14771,7366,1812
,,,,,,,6910,14771,7366,1812
,,,,,,,6911,14771,7366,1812
,,,,,,,6912,14771,7366,1812
,,,,,,,6913,14771,7366,1812
,,,,,,,6914,14771,7366,1812
,,,,,,,6915,14771,7366,1812
,,,,,,,6916,14771,7366,1812
,,,,,,,6917,14771,7366,1812
,,,,,,,6918,14771,7366,1812
,,,,,,,6919,14771,7366,1812
,,,,,,,6920,14771,7366,1812
,,,,,,,6921,14771,7366,1812
,,,,,,,6922,14771,7366,1812
,,,,,,,6923,14771,7366,1812
,,,,,,,6924,14771,7366,1812
,,,,,,,6925,14771,7366,1812
,,,,,,,6926,14771,7366,1812
,,,,,,,6927,14771,7366,1812
,,,,,,,6928,14771,7366,1812
,,,,,,,6929,14771,7366,1812
,,,,,,,6930,14771,7366,1812
,,,,,,,6931,14771,7366,1812
,,,,,,,6932,14771,7366,1812
,,,,,,,6933,14771,7366,1812
,,,,,,,6934,14771,7366,1812
,,,,,,,6935,14771,7366,1812
,,,,,,,6936,14771,7366,1812
,,,,,,,6937,14771,7366,1812
,,,,,,,6938,14771,7366,1812
,,,,,,,6939,14771,7366,1812
,,,,,,,6940,14771,7366,1812
,,,,,,,6941,14771,7366,1812
,,,,,,,6942,14771,7366,1812
,,,,,,,6943,14771,7366,1812
,,,,,,,6944,14771,7366,1812
,,,,,,,6945,14771,7366,1812
,,,,,,,6946,14771,7366,1812
,,,,,,,6947,14771,7366,1812
,,,,,,,6948,14771,7366,1812
,,,,,,,6949,14771,7366,1812
,,,,,,,6950,14771,7366,1812
,,,,,,,6951,14771,7366,1812
,,,,,,,6952,14771,7366,1812
,,,,,,,6953,14771,7366,1812
,,,,,,,6954,14771,7366,1812
,,,,,,,6955,14771,7366,1812
,,,,,,,6956,14771,7366,1812
,,,,,,,6957,14771,7366,1812
,,,,,,,6958,14771,7366,1812
,,,,,,,6959,14771,7366,1812
,,,,,,,6960,14771,7366,1812
,,,,,,,6961,14771,7366,1812
,,,,,,,6962,14771,7366,1812
,,,,,,,6963,14771,7366,1812
,,,,,,,6964,14771,7366,1812
,,,,,,,6965,14771,7366,1812
,,,,,,,6966,14771,7366,1812
,,,,,,,6967,14771,7366,1812
,,,,,,,6968,14771,7366,1812
,,,,,,,6969,14771,7366,1812
,,,,,,,6970,14771,7366,1812
,,,,,,,6971,14771,7366,1812
,,,,,,,6972,14771,7366,1812
,,,,,,,6973,14771,7366,1812
,,,,,,,6974,14771,7366,1812
,,,,,,,6975,14771,7366,1812
,,,,,,,6976,14771,7366,1812
,,,,,,,6977,14771,7366,1812
,,,,,,,6978,14771,7366,1812
,,,,,,,6979,14771,7366,1812
,,,,,,,6980,14771,7366,1812
,,,,,,,6981,14771,7366,1812
,,,,,,,6982,14771,7366,1812
,,,,,,,6983,14771,7366,1812
,,,,,,,6984,14771,7366,1812
,,,,,,,6985,14771,7366,1812
,,,,,,,6986,14771,7366,1812
,,,,,,,6987,14771,7366,1812
,,,,,,,6988,14771,7366,1812
,,,,,,,6989,14771,7366,1812
,,,,,,,6990,14771,7366,1812
,,,,,,,6991,14771,7366,1812
,,,,,,,6992,14771,7366,1812
,,,,,,,6993,14771,7366,1812
,,,,,,,6994,14771,7366,1812
,,,,,,,6995,14771,7366,1812
,,,,,,,6996,14771,7366,1812
,,,,,,,6997,14771,7366,1812
,,,,,,,6998,14771,7366,1812
,,,,,,,6999,14771,7366,1812
,,,,,,,7000,14771,7366,1812
,,,,,,,7001,14771,7366,1812
,,,,,,,7002,14771,7366,1812
,,,,,,,7003,14771,7366,1812
,,,,,,,7004,14771,7366,1812
,,,,,,,7005,14771,7366,1812
,,,,,,,7006,14771,7366,1812
,,,,,,,7007,14771,7366,1812
,,,,,,,7008,14771,7366,1812
,,,,,,,7009,14771,7366,1812
,,,,,,,7010,14771,7366,1812
,,,,,,,7011,14771,7366,1812
,,,,,,,7012,14771,7366,1812
,,,,,,,7013,14771,7366,1812
,,,,,,,7014,14771,7366,1812
,,,,,,,7015,14771,7366,1812
,,,,,,,7016,14771,7366,1812
,,,,,,,7017,14771,7366,1812
,,,,,,,7018,14771,7366,1812
,,,,,,,7019,14771,7366,1812
,,,,,,,7020,14771,7366,1812
,,,,,,,7021,14771,7366,1812
,,,,,,,7022,14771,7366,1812
,,,,,,,7023,14771,7366,1812
,,,,,,,7024,14771,7366,1812
,,,,,,,7025,14771,7366,1812
,,,,,,,7026,14771,7366,1812
,,,,,,,7027,14771,7366,1812
,,,,,,,7028,14771,7366,1812
,,,,,,,7029,14771,7366,1812
,,,,,,,7030,14771,7366,1812
,,,,,,,7031,14771,7366,1812
,,,,,,,7032,14771,7366,1812
,,,,,,,7033,14771,7366,1812
,,,,,,,7034,14771,7366,1812
,,,,,,,7035,14771,7366,1812
,,,,,,,7036,14771,7366,1812
,,,,,,,7037,14771,7366,1812
,,,,,,,7038,14771,7366,1812
,,,,,,,7039,14771,7366,1812
,,,,,,,7040,14771,7366,1812
,,,,,,,7041,14771,7366,1812
,,,,,,,7042,14771,7366,1812
,,,,,,,7043,14771,7366,1812
,,,,,,,7044,14771,7366,1812
,,,,,,,7045,14771,7366,1812
,,,,,,,7046,14771,7366,1812
,,,,,,,7047,14771,7366,1812
,,,,,,,7048,14771,7366,1812
,,,,,,,7049,14771,7366,1812
,,,,,,,7050,14771,7366,1812
,,,,,,,7051,14771,7366,1812
,,,,,,,7052,14771,7366,1812
,,,,,,,7053,14771,7366,1812
,,,,,,,7054,14771,7366,1812
,,,,,,,7055,14771,7366,1812
,,,,,,,7056,14771,7366,1812
,,,,,,,7057,14771,7366,1812
,,,,,,,7058,14771,7366,1812
,,,,,,,7059,14771,7366,1812
,,,,,,,7060,14771,7366,1812
,,,,,,,7061,14771,7366,1812
,,,,,,,7062,14771,7366,1812
,,,,,,,7063,14771,7366,1812
,,,,,,,7064,14771,7366,1812
,,,,,,,7065,14771,7366,1812
,,,,,,,7066,14771,7366,1812
,,,,,,,7067,14771,7366,1812
,,,,,,,7068,14771,7366,1812
,,,,,,,7069,14771,7366,1812
,,,,,,,7070,14771,7366,1812
,,,,,,,7071,14771,7366,1812
,,,,,,,7072,14771,7366,1812
,,,,,,,7073,14771,7366,1812
,,,,,,,7074,14771,7366,1812
,,,,,,,7075,14771,7366,1812
,,,,,,,7076,14771,7366,1812
,,,,,,,7077,14771,7366,1812
,,,,,,,7078,14771,7366,1812
,,,,,,,7079,14771,7366,1812
,,,,,,,7080,14771,7366,1812
,,,,,,,7081,14771,7366,1812
,,,,,,,7082,14771,7366,1812
,,,,,,,7083,14771,7366,1812
,,,,,,,7084,14771,7366,1812
,,,,,,,7085,14771,7366,1812
,,,,,,,7086,14771,7366,1812
,,,,,,,7087,14771,7366,1812
,,,,,,,7088,14771,7366,1812
,,,,,,,7089,14771,7366,1812
,,,,,,,7090,14771,7366,1812
,,,,,,,7091,14771,7366,1812
,,,,,,,7092,14771,7366,1812
,,,,,,,7093,14771,7366,1812
,,,,,,,7094,14771,7366,1812
,,,,,,,7095,14771,7366,1812
,,,,,,,7096,14771,7366,1812
,,,,,,,7097,14771,7366,1812
,,,,,,,7098,14771,7366,1812
,,,,,,,7099,14771,7366,1812
,,,,,,,7100,14771,7366,1812
,,,,,,,7101,14771,7366,1812
,,,,,,,7102,14771,7366,1812
,,,,,,,7103,14771,7366,1812
,,,,,,,7104,14771,7366,1812
,,,,,,,7105,14771,7366,1812
,,,,,,,7106,14771,7366,1812
,,,,,,,7107,14771,7366,1812
,,,,,,,7108,14771,7366,1812
,,,,,,,7109,14771,7366,1812
,,,,,,,7110,14771,7366,1812
,,,,,,,7111,14771,7366,1812
,,,,,,,7112,14771,7366,1812
,,,,,,,7113,14771,7366,1812
,,,,,,,7114,14771,7366,1812
,,,,,,,7115,14771,7366,1812
,,,,,,,7116,14771,7366,1812
,,,,,,,7117,14771,7366,1812
,,,,,,,7118,14771,7366,1812
,,,,,,,7119,14771,7366,1812
,,,,,,,7120,14771,7366,1812
,,,,,,,7121,14771,7366,1812
,,,,,,,7122,14771,7366,1812
,,,,,,,7123,14771,7366,1812
,,,,,,,7124,14771,7366,1812
,,,,,,,7125,14771,7366,1812
,,,,,,,7126,14771,7366,1812
,,,,,,,7127,14771,7366,1812
,,,,,,,7128,14771,7366,1812
,,,,,,,7129,14771,7366,1812
,,,,,,,7130,14771,7366,1812
,,,,,,,7131,14771,7366,1812
,,,,,,,7132,14771,7366,1812
,,,,,,,7133,14771,7366,1812
,,,,,,,7134,14771,7366,1812
,,,,,,,7135,14771,7366,1812
,,,,,,,7136,14771,7366,1812
,,,,,,,7137,14771,7366,1812
,,,,,,,7138,14771,7366,1812
,,,,,,,7139,14771,7366,1812
,,,,,,,7140,14771,7366,1812
,,,,,,,7141,14771,7366,1812
,,,,,,,7142,14771,7366,1812
,,,,,,,7143,14771,7366,1812
,,,,,,,7144,14771,7366,1812
,,,,,,,7145,14771,7366,1812
,,,,,,,7146,14771,7366,1812
,,,,,,,7147,14771,7366,1812
,,,,,,,7148,14771,7366,1812
,,,,,,,7149,14771,7366,1812
,,,,,,,7150,14771,7366,1812
,,,,,,,7151,14771,7366,1812
,,,,,,,7152,14771,7366,1812
,,,,,,,7153,14771,7366,1812
,,,,,,,7154,14771,7366,1812
,,,,,,,7155,14771,7366,1812
,,,,,,,7156,14771,7366,1812
,,,,,,,7157,14771,7366,1812
,,,,,,,7158,14771,7366,1812
,,,,,,,7159,14771,7366,1812
,,,,,,,7160,14771,7366,1812
,,,,,,,7161,14771,7366,1812
,,,,,,,7162,14771,7366,1812
,,,,,,,7163,14771,7366,1812
,,,,,,,7164,14771,7366,1812
,,,,,,,7165,14771,7366,1812
,,,,,,,7166,14771,7366,1812
,,,,,,,7167,14771,7366,1812
,,,,,,,7168,14771,7366,1812
,,,,,,,7169,14771,7366,1812
,,,,,,,7170,14771,7366,1812
,,,,,,,7171,14771,7366,1812
,,,,,,,7172,14771,7366,1812
,,,,,,,7173,14771,7366,1812
,,,,,,,7174,14771,7366,1812
,,,,,,,7175,14771,7366,1812
,,,,,,,7176,14771,7366,1812
,,,,,,,7177,14771,7366,1812
,,,,,,,7178,14771,7366,1812
,,,,,,,7179,14771,7366,1812
,,,,,,,7180,14771,7366,1812
,,,,,,,7181,14771,7366,1812
,,,,,,,7182,14771,7366,1812
,,,,,,,7183,14771,7366,1812
,,,,,,,7184,14771,7366,1812
,,,,,,,7185,14771,7366,1812
,,,,,,,7186,14771,7366,1812
,,,,,,,7187,14771,7366,1812
,,,,,,,7188,14771,7366,1812
,,,,,,,7189,14771,7366,1812
,,,,,,,7190,14771,7366,1812
,,,,,,,7191,14771,7366,1812
,,,,,,,7192,14771,7366,1812
,,,,,,,7193,14771,7366,1812
,,,,,,,7194,14771,7366,1812
,,,,,,,7195,14771,7366,1812
,,,,,,,7196,14771,7366,1812
,,,,,,,7197,14771,7366,1812
,,,,,,,7198,14771,7366,1812
,,,,,,,7199,14771,7366,1812
,,,,,,,7200,14771,7366,1812
,,,,,,,7201,14771,7366,1812
,,,,,,,7202,14771,7366,1812
,,,,,,,7203,14771,7366,1812
,,,,,,,7204,14771,7366,1812
,,,,,,,7205,14771,7366,1812
,,,,,,,7206,14771,7366,1812
,,,,,,,7207,14771,7366,1812
,,,,,,,7208,14771,7366,1812
,,,,,,,7209,14771,7366,1812
,,,,,,,7210,14771,7366,1812
,,,,,,,7211,14771,7366,1812
,,,,,,,7212,14771,7366,1812
,,,,,,,7213,14771,7366,1812
,,,,,,,7214,14771,7366,1812
,,,,,,,7215,14771,7366,1812
,,,,,,,7216,14771,7366,1812
,,,,,,,7217,14771,7366,1812
,,,,,,,7218,14771,7366,1812
,,,,,,,7219,14771,7366,1812
,,,,,,,7220,14771,7366,1812
,,,,,,,7221,14771,7366,1812
,,,,,,,7222,14771,7366,1812
,,,,,,,7223,14771,7366,1812
,,,,,,,7224,14771,7366,1812
,,,,,,,7225,14771,7366,1812
,,,,,,,7226,14771,7366,1812
,,,,,,,7227,14771,7366,1812
,,,,,,,7228,14771,7366,1812
,,,,,,,7229,14771,7366,1812
,,,,,,,7230,14771,7366,1812
,,,,,,,7231,14771,7366,1812
,,,,,,,7232,14771,7366,1812
,,,,,,,7233,14771,7366,1812
,,,,,,,7234,14771,7366,1812
,,,,,,,7235,14771,7366,1812
,,,,,,,7236,14771,7366,1812
,,,,,,,7237,14771,7366,1812
,,,,,,,7238,14771,7366,1812
,,,,,,,7239,14771,7366,1812
,,,,,,,7240,14771,7366,1812
,,,,,,,7241,14771,7366,1812
,,,,,,,7242,14771,7366,1812
,,,,,,,7243,14771,7366,1812
,,,,,,,7244,14771,7366,1812
,,,,,,,7245,14771,7366,1812
,,,,,,,7246,14771,7366,1812
,,,,,,,7247,14771,7366,1812
,,,,,,,7248,14771,7366,1812
,,,,,,,7249,14771,7366,1812
,,,,,,,7250,14771,7366,1812
,,,,,,,7251,14771,7366,1812
,,,,,,,7252,14771,7366,1812
,,,,,,,7253,14771,7366,1812
,,,,,,,7254,14771,7366,1812
,,,,,,,7255,14771,7366,1812
,,,,,,,7256,14771,7366,1812
,,,,,,,7257,14771,7366,1812
,,,,,,,7258,14771,7366,1812
,,,,,,,7259,14771,7366,1812
,,,,,,,7260,14771,7366,1812
,,,,,,,7261,14771,7366,1812
,,,,,,,7262,14771,7366,1812
,,,,,,,7263,14771,7366,1812
,,,,,,,7264,14771,7366,1812
,,,,,,,7265,14771,7366,1812
,,,,,,,7266,14771,7366,1812
,,,,,,,7267,14771,7366,1812
,,,,,,,7268,14771,7366,1812
,,,,,,,7269,14771,7366,1812
,,,,,,,7270,14771,7366,1812
,,,,,,,7271,14771,7366,1812
,,,,,,,7272,14771,7366,1812
,,,,,,,7273,14771,7366,1812
,,,,,,,7274,14771,7366,1812
,,,,,,,7275,14771,7366,1812
,,,,,,,7276,14771,7366,1812
,,,,,,,7277,14771,7366,1812
,,,,,,,7278,14771,7366,1812
,,,,,,,7279,14771,7366,1812
,,,,,,,7280,14771,7366,1812
,,,,,,,7281,14771,7366,1812
,,,,,,,7282,14771,7366,1812
,,,,,,,7283,14771,7366,1812
,,,,,,,7284,14771,7366,1812
,,,,,,,7285,14771,7366,1812
,,,,,,,7286,14771,7366,1812
,,,,,,,7287,14771,7366,1812
,,,,,,,7288,14771,7366,1812
,,,,,,,7289,14771,7366,1812
,,,,,,,7290,14771,7366,1812
,,,,,,,7291,14771,7366,1812
,,,,,,,7292,14771,7366,1812
,,,,,,,7293,14771,7366,1812
,,,,,,,7294,14771,7366,1812
,,,,,,,7295,14771,7366,1812
,,,,,,,7296,14771,7366,1812
,,,,,,,7297,14771,7366,1812
,,,,,,,7298,14771,7366,1812
,,,,,,,7299,14771,7366,1812
,,,,,,,7300,14771,7366,1812
,,,,,,,7301,14771,7366,1812
,,,,,,,7302,14771,7366,1812
,,,,,,,7303,14771,7366,1812
,,,,,,,7304,14771,7366,1812
,,,,,,,7305,14771,7366,1812
,,,,,,,7306,14771,7366,1812
,,,,,,,7307,14771,7366,1812
,,,,,,,7308,14771,7366,1812
,,,,,,,7309,14771,7366,1812
,,,,,,,7310,14771,7366,1812
,,,,,,,7311,14771,7366,1812
,,,,,,,7312,14771,7366,1812
,,,,,,,7313,14771,7366,1812
,,,,,,,7314,14771,7366,1812
,,,,,,,7315,14771,7366,1812
,,,,,,,7316,14771,7366,1812
,,,,,,,7317,14771,7366,1812
,,,,,,,7318,14771,7366,1812
,,,,,,,7319,14771,7366,1812
,,,,,,,7320,14771,7366,1812
,,,,,,,7321,14771,7366,1812
,,,,,,,7322,14771,7366,1812
,,,,,,,7323,14771,7366,1812
,,,,,,,7324,14771,7366,1812
,,,,,,,7325,14771,7366,1812
,,,,,,,7326,14771,7366,1812
,,,,,,,7327,14771,7366,1812
,,,,,,,7328,14771,7366,1812
,,,,,,,7329,14771,7366,1812
,,,,,,,7330,14771,7366,1812
,,,,,,,7331,14771,7366,1812
,,,,,,,7332,14771,7366,1812
,,,,,,,7333,14771,7366,1812
,,,,,,,7334,14771,7366,1812
,,,,,,,7335,14771,7366,1812
,,,,,,,7336,14771,7366,1812
,,,,,,,7337,14771,7366,1812
,,,,,,,7338,14771,7366,1812
,,,,,,,7339,14771,7366,1812
,,,,,,,7340,14771,7366,1812
,,,,,,,7341,14771,7366,1812
,,,,,,,7342,14771,7366,1812
,,,,,,,7343,14771,7366,1812
,,,,,,,7344,14771,7366,1812
,,,,,,,7345,14771,7366,1812
,,,,,,,7346,14771,7366,1812
,,,,,,,7347,14771,7366,1812
,,,,,,,7348,14771,7366,1812
,,,,,,,7349,14771,7366,1812
,,,,,,,7350,14771,7366,1812
,,,,,,,7351,14771,7366,1812
,,,,,,,7352,14771,7366,1812
,,,,,,,7353,14771,7366,1812
,,,,,,,7354,14771,7366,1812
,,,,,,,7355,14771,7366,1812
,,,,,,,7356,14771,7366,1812
,,,,,,,7357,14771,7366,1812
,,,,,,,7358,14771,7366,1812
,,,,,,,7359,14771,7366,1812
,,,,,,,7360,14771,7366,1812
,,,,,,,7361,14771,7366,1812
,,,,,,,7362,14771,7366,1812
,,,,,,,7363,14771,7366,1812
,,,,,,,7364,14771,7366,1812
,,,,,,,7365,14771,7366,1812
,,,,,,,7366,14771,7366,1812
,,,,,,,7367,14771,7366,1812
,,,,,,,7368,14771,7366,1812
,,,,,,,7369,14771,7366,1812
,,,,,,,7370,14771,7366,1812
,,,,,,,7371,14771,7366,1812
,,,,,,,7372,14771,7366,1812
,,,,,,,7373,14771,7366,1812
,,,,,,,7374,14771,7366,1812
,,,,,,,7375,14771,7366,1812
,,,,,,,7376,14771,7366,1812
,,,,,,,7377,14771,7366,1812
,,,,,,,7378,14771,7366,1812
,,,,,,,7379,14771,7366,1812
,,,,,,,7380,14771,7366,1812
,,,,,,,7381,14771,7366,1812
,,,,,,,7382,14771,7366,1812
,,,,,,,7383,14771,7366,1812
,,,,,,,7384,14771,7366,1812
,,,,,,,7385,14771,7366,1812
,,,,,,,7386,14771,7366,1812
,,,,,,,7387,14771,7366,1812
,,,,,,,7388,14771,7366,1812
,,,,,,,7389,14771,7366,1812
,,,,,,,7390,14771,7366,1812
,,,,,,,7391,14771,7366,1812
,,,,,,,7392,14771,7366,1812
,,,,,,,7393,14771,7366,1812
,,,,,,,7394,14771,7366,1812
,,,,,,,7395,14771,7366,1812
,,,,,,,7396,14771,7366,1812
,,,,,,,7397,14771,7366,1812
,,,,,,,7398,14771,7366,1812
,,,,,,,7399,14771,7366,1812
,,,,,,,7400,14771,7366,1812
,,,,,,,7401,14771,7366,1812
,,,,,,,7402,14771,7366,1812
,,,,,,,7403,14771,7366,1812
,,,,,,,7404,14771,7366,1812
,,,,,,,7405,14771,7366,1812
,,,,,,,7406,14771,7366,1812
,,,,,,,7407,14771,7366,1812
,,,,,,,7408,14771,7366,1812
,,,,,,,7409,14771,7366,1812
,,,,,,,7410,14771,7366,1812
,,,,,,,7411,14771,7366,1812
,,,,,,,7412,14771,7366,1812
,,,,,,,7413,14771,7366,1812
,,,,,,,7414,14771,7366,1812
,,,,,,,7415,14771,7366,1812
,,,,,,,7416,14771,7366,1812
,,,,,,,7417,14771,7366,1812
,,,,,,,7418,14771,7366,1812
,,,,,,,7419,14771,7366,1812
,,,,,,,7420,14771,7366,1812
,,,,,,,7421,14771,7366,1812
,,,,,,,7422,14771,7366,1812
,,,,,,,7423,14771,7366,1812
,,,,,,,7424,14771,7366,1812
,,,,,,,7425,14771,7366,1812
,,,,,,,7426,14771,7366,1812
,,,,,,,7427,14771,7366,1812
,,,,,,,7428,14771,7366,1812
,,,,,,,7429,14771,7366,1812
,,,,,,,7430,14771,7366,1812
,,,,,,,7431,14771,7366,1812
,,,,,,,7432,14771,7366,1812
,,,,,,,7433,14771,7366,1812
,,,,,,,7434,14771,7366,1812
,,,,,,,7435,14771,7366,1812
,,,,,,,7436,14771,7366,1812
,,,,,,,7437,14771,7366,1812
,,,,,,,7438,14771,7366,1812
,,,,,,,7439,14771,7366,1812
,,,,,,,7440,14771,7366,1812
,,,,,,,7441,14771,7366,1812
,,,,,,,7442,14771,7366,1812
,,,,,,,7443,14771,7366,1812
,,,,,,,7444,14771,7366,1812
,,,,,,,7445,14771,7366,1812
,,,,,,,7446,14771,7366,1812
,,,,,,,7447,14771,7366,1812
,,,,,,,7448,14771,7366,1812
,,,,,,,7449,14771,7366,1812
,,,,,,,7450,14771,7366,1812
,,,,,,,7451,14771,7366,1812
,,,,,,,7452,14771,7366,1812
,,,,,,,7453,14771,7366,1812
,,,,,,,7454,14771,7366,1812
,,,,,,,7455,14771,7366,1812
,,,,,,,7456,14771,7366,1812
,,,,,,,7457,14771,7366,1812
,,,,,,,7458,14771,7366,1812
,,,,,,,7459,14771,7366,1812
,,,,,,,7460,14771,7366,1812
,,,,,,,7461,14771,7366,1812
,,,,,,,7462,14771,7366,1812
,,,,,,,7463,14771,7366,1812
,,,,,,,7464,14771,7366,1812
,,,,,,,7465,14771,7366,1812
,,,,,,,7466,14771,7366,1812
,,,,,,,7467,14771,7366,1812
,,,,,,,7468,14771,7366,1812
,,,,,,,7469,14771,7366,1812
,,,,,,,7470,14771,7366,1812
,,,,,,,7471,14771,7366,1812
,,,,,,,7472,14771,7366,1812
,,,,,,,7473,14771,7366,1812
,,,,,,,7474,14771,7366,1812
,,,,,,,7475,14771,7366,1812
,,,,,,,7476,14771,7366,1812
,,,,,,,7477,14771,7366,1812
,,,,,,,7478,14771,7366,1812
,,,,,,,7479,14771,7366,1812
,,,,,,,7480,14771,7366,1812
,,,,,,,7481,14771,7366,1812
,,,,,,,7482,14771,7366,1812
,,,,,,,7483,14771,7366,1812
,,,,,,,7484,14771,7366,1812
,,,,,,,7485,14771,7366,1812
,,,,,,,7486,14771,7366,1812
,,,,,,,7487,14771,7366,1812
,,,,,,,7488,14771,7366,1812
,,,,,,,7489,14771,7366,1812
,,,,,,,7490,14771,7366,1812
,,,,,,,7491,14771,7366,1812
,,,,,,,7492,14771,7366,1812
,,,,,,,7493,14771,7366,1812
,,,,,,,7494,14771,7366,1812
,,,,,,,7495,14771,7366,1812
,,,,,,,7496,14771,7366,1812
,,,,,,,7497,14771,7366,1812
,,,,,,,7498,14771,7366,1812
,,,,,,,7499,14771,7366,1812
,,,,,,,7500,14771,7366,1812
,,,,,,,7501,14771,7366,1812
,,,,,,,7502,14771,7366,1812
,,,,,,,7503,14771,7366,1812
,,,,,,,7504,14771,7366,1812
,,,,,,,7505,14771,7366,1812
,,,,,,,7506,14771,7366,1812
,,,,,,,7507,14771,7366,1812
,,,,,,,7508,14771,7366,1812
,,,,,,,7509,14771,7366,1812
,,,,,,,7510,14771,7366,1812
,,,,,,,7511,14771,7366,1812
,,,,,,,7512,14771,7366,1812
,,,,,,,7513,14771,7366,1812
,,,,,,,7514,14771,7366,1812
,,,,,,,7515,14771,7366,1812
,,,,,,,7516,14771,7366,1812
,,,,,,,7517,14771,7366,1812
,,,,,,,7518,14771,7366,1812
,,,,,,,7519,14771,7366,1812
,,,,,,,7520,14771,7366,1812
,,,,,,,7521,14771,7366,1812
,,,,,,,7522,14771,7366,1812
,,,,,,,7523,14771,7366,1812
,,,,,,,7524,14771,7366,1812
,,,,,,,7525,14771,7366,1812
,,,,,,,7526,14771,7366,1812
,,,,,,,7527,14771,7366,1812
,,,,,,,7528,14771,7366,1812
,,,,,,,7529,14771,7366,1812
,,,,,,,7530,14771,7366,1812
,,,,,,,7531,14771,7366,1812
,,,,,,,7532,14771,7366,1812
,,,,,,,7533,14771,7366,1812
,,,,,,,7534,14771,7366,1812
,,,,,,,7535,14771,7366,1812
,,,,,,,7536,14771,7366,1812
,,,,,,,7537,14771,7366,1812
,,,,,,,7538,14771,7366,1812
,,,,,,,7539,14771,7366,1812
,,,,,,,7540,14771,7366,1812
,,,,,,,7541,14771,7366,1812
,,,,,,,7542,14771,7366,1812
,,,,,,,7543,14771,7366,1812
,,,,,,,7544,14771,7366,1812
,,,,,,,7545,14771,7366,1812
,,,,,,,7546,14771,7366,1812
,,,,,,,7547,14771,7366,1812
,,,,,,,7548,14771,7366,1812
,,,,,,,7549,14771,7366,1812
,,,,,,,7550,14771,7366,1812
,,,,,,,7551,14771,7366,1812
,,,,,,,7552,14771,7366,1812
,,,,,,,7553,14771,7366,1812
,,,,,,,7554,14771,7366,1812
,,,,,,,7555,14771,7366,1812
,,,,,,,7556,14771,7366,1812
,,,,,,,7557,14771,7366,1812
,,,,,,,7558,14771,7366,1812
,,,,,,,7559,14771,7366,1812
,,,,,,,7560,14771,7366,1812
,,,,,,,7561,14771,7366,1812
,,,,,,,7562,14771,7366,1812
,,,,,,,7563,14771,7366,1812
,,,,,,,7564,14771,7366,1812
,,,,,,,7565,14771,7366,1812
,,,,,,,7566,14771,7366,1812
,,,,,,,7567,14771,7366,1812
,,,,,,,7568,14771,7366,1812
,,,,,,,7569,14771,7366,1812
,,,,,,,7570,14771,7366,1812
,,,,,,,7571,14771,7366,1812
,,,,,,,7572,14771,7366,1812
,,,,,,,7573,14771,7366,1812
,,,,,,,7574,14771,7366,1812
,,,,,,,7575,14771,7366,1812
,,,,,,,7576,14771,7366,1812
,,,,,,,7577,14771,7366,1812
,,,,,,,7578,14771,7366,1812
,,,,,,,7579,14771,7366,1812
,,,,,,,7580,14771,7366,1812
,,,,,,,7581,14771,7366,1812
,,,,,,,7582,14771,7366,1812
,,,,,,,7583,14771,7366,1812
,,,,,,,7584,14771,7366,1812
,,,,,,,7585,14771,7366,1812
,,,,,,,7586,14771,7366,1812
,,,,,,,7587,14771,7366,1812
,,,,,,,7588,14771,7366,1812
,,,,,,,7589,14771,7366,1812
,,,,,,,7590,14771,7366,1812
,,,,,,,7591,14771,7366,1812
,,,,,,,7592,14771,7366,1812
,,,,,,,7593,14771,7366,1812
,,,,,,,7594,14771,7366,1812
,,,,,,,7595,14771,7366,1812
,,,,,,,7596,14771,7366,1812
,,,,,,,7597,14771,7366,1812
,,,,,,,7598,14771,7366,1812
,,,,,,,7599,14771,7366,1812
,,,,,,,7600,14771,7366,1812
,,,,,,,7601,14771,7366,1812
,,,,,,,7602,14771,7366,1812
,,,,,,,7603,14771,7366,1812
,,,,,,,7604,14771,7366,1812
,,,,,,,7605,14771,7366,1812
,,,,,,,7606,14771,7366,1812
,,,,,,,7607,14771,7366,1812
,,,,,,,7608,14771,7366,1812
,,,,,,,7609,14771,7366,1812
,,,,,,,7610,14771,7366,1812
,,,,,,,7611,14771,7366,1812
,,,,,,,7612,14771,7366,1812
,,,,,,,7613,14771,7366,1812
,,,,,,,7614,14771,7366,1812
,,,,,,,7615,14771,7366,1812
,,,,,,,7616,14771,7366,1812
,,,,,,,7617,14771,7366,1812
,,,,,,,7618,14771,7366,1812
,,,,,,,7619,14771,7366,1812
,,,,,,,7620,14771,7366,1812
,,,,,,,7621,14771,7366,1812
,,,,,,,7622,14771,7366,1812
,,,,,,,7623,14771,7366,1812
,,,,,,,7624,14771,7366,1812
,,,,,,,7625,14771,7366,1812
,,,,,,,7626,14771,7366,1812
,,,,,,,7627,14771,7366,1812
,,,,,,,7628,14771,7366,1812
,,,,,,,7629,14771,7366,1812
,,,,,,,7630,14771,7366,1812
,,,,,,,7631,14771,7366,1812
,,,,,,,7632,14771,7366,1812
,,,,,,,7633,14771,7366,1812
,,,,,,,7634,14771,7366,1812
,,,,,,,7635,14771,7366,1812
,,,,,,,7636,14771,7366,1812
,,,,,,,7637,14771,7366,1812
,,,,,,,7638,14771,7366,1812
,,,,,,,7639,14771,7366,1812
,,,,,,,7640,14771,7366,1812
,,,,,,,7641,14771,7366,1812
,,,,,,,7642,14771,7366,1812
,,,,,,,7643,14771,7366,1812
,,,,,,,7644,14771,7366,1812
,,,,,,,7645,14771,7366,1812
,,,,,,,7646,14771,7366,1812
,,,,,,,7647,14771,7366,1812
,,,,,,,7648,14771,7366,1812
,,,,,,,7649,14771,7366,1812
,,,,,,,7650,14771,7366,1812
,,,,,,,7651,14771,7366,1812
,,,,,,,7652,14771,7366,1812
,,,,,,,7653,14771,7366,1812
,,,,,,,7654,14771,7366,1812
,,,,,,,7655,14771,7366,1812
,,,,,,,7656,14771,7366,1812
,,,,,,,7657,14771,7366,1812
,,,,,,,7658,14771,7366,1812
,,,,,,,7659,14771,7366,1812
,,,,,,,7660,14771,7366,1812
,,,,,,,7661,14771,7366,1812
,,,,,,,7662,14771,7366,1812
,,,,,,,7663,14771,7366,1812
,,,,,,,7664,14771,7366,1812
,,,,,,,7665,14771,7366,1812
,,,,,,,7666,14771,7366,1812
,,,,,,,7667,14771,7366,1812
,,,,,,,7668,14771,7366,1812
,,,,,,,7669,14771,7366,1812
,,,,,,,7670,14771,7366,1812
,,,,,,,7671,14771,7366,1812
,,,,,,,7672,14771,7366,1812
,,,,,,,7673,14771,7366,1812
,,,,,,,7674,14771,7366,1812
,,,,,,,7675,14771,7366,1812
,,,,,,,7676,14771,7366,1812
,,,,,,,7677,14771,7366,1812
,,,,,,,7678,14771,7366,1812
,,,,,,,7679,14771,7366,1812
,,,,,,,7680,14771,7366,1812
,,,,,,,7681,14771,7366,1812
,,,,,,,7682,14771,7366,1812
,,,,,,,7683,14771,7366,1812
,,,,,,,7684,14771,7366,1812
,,,,,,,7685,14771,7366,1812
,,,,,,,7686,14771,7366,1812
,,,,,,,7687,14771,7366,1812
,,,,,,,7688,14771,7366,1812
,,,,,,,7689,14771,7366,1812
,,,,,,,7690,14771,7366,1812
,,,,,,,7691,14771,7366,1812
,,,,,,,7692,14771,7366,1812
,,,,,,,7693,14771,7366,1812
,,,,,,,7694,14771,7366,1812
,,,,,,,7695,14771,7366,1812
,,,,,,,7696,14771,7366,1812
,,,,,,,7697,14771,7366,1812
,,,,,,,7698,14771,7366,1812
,,,,,,,7699,14771,7366,1812
,,,,,,,7700,14771,7366,1812
,,,,,,,7701,14771,7366,1812
,,,,,,,7702,14771,7366,1812
,,,,,,,7703,14771,7366,1812
,,,,,,,7704,14771,7366,1812
,,,,,,,7705,14771,7366,1812
,,,,,,,7706,14771,7366,1812
,,,,,,,7707,14771,7366,1812
,,,,,,,7708,14771,7366,1812
,,,,,,,7709,14771,7366,1812
,,,,,,,7710,14771,7366,1812
,,,,,,,7711,14771,7366,1812
,,,,,,,7712,14771,7366,1812
,,,,,,,7713,14771,7366,1812
,,,,,,,7714,14771,7366,1812
,,,,,,,7715,14771,7366,1812
,,,,,,,7716,14771,7366,1812
,,,,,,,7717,14771,7366,1812
,,,,,,,7718,14771,7366,1812
,,,,,,,7719,14771,7366,1812
,,,,,,,7720,14771,7366,1812
,,,,,,,7721,14771,7366,1812
,,,,,,,7722,14771,7366,1812
,,,,,,,7723,14771,7366,1812
,,,,,,,7724,14771,7366,1812
,,,,,,,7725,14771,7366,1812
,,,,,,,7726,14771,7366,1812
,,,,,,,7727,14771,7366,1812
,,,,,,,7728,14771,7366,1812
,,,,,,,7729,14771,7366,1812
,,,,,,,7730,14771,7366,1812
,,,,,,,7731,14771,7366,1812
,,,,,,,7732,14771,7366,1812
,,,,,,,7733,14771,7366,1812
,,,,,,,7734,14771,7366,1812
,,,,,,,7735,14771,7366,1812
,,,,,,,7736,14771,7366,1812
,,,,,,,7737,14771,7366,1812
,,,,,,,7738,14771,7366,1812
,,,,,,,7739,14771,7366,1812
,,,,,,,7740,14771,7366,1812
,,,,,,,7741,14771,7366,1812
,,,,,,,7742,14771,7366,1812
,,,,,,,7743,14771,7366,1812
,,,,,,,7744,14771,7366,1812
,,,,,,,7745,14771,7366,1812
,,,,,,,7746,14771,7366,1812
,,,,,,,7747,14771,7366,1812
,,,,,,,7748,14771,7366,1812
,,,,,,,7749,14771,7366,1812
,,,,,,,7750,14771,7366,1812
,,,,,,,7751,14771,7366,1812
,,,,,,,7752,14771,7366,1812
,,,,,,,7753,14771,7366,1812
,,,,,,,7754,14771,7366,1812
,,,,,,,7755,14771,7366,1812
,,,,,,,7756,14771,7366,1812
,,,,,,,7757,14771,7366,1812
,,,,,,,7758,14771,7366,1812
,,,,,,,7759,14771,7366,1812
,,,,,,,7760,14771,7366,1812
,,,,,,,7761,14771,7366,1812
,,,,,,,7762,14771,7366,1812
,,,,,,,7763,14771,7366,1812
,,,,,,,7764,14771,7366,1812
,,,,,,,7765,14771,7366,1812
,,,,,,,7766,14771,7366,1812
,,,,,,,7767,14771,7366,1812
,,,,,,,7768,14771,7366,1812
,,,,,,,7769,14771,7366,1812
,,,,,,,7770,14771,7366,1812
,,,,,,,7771,14771,7366,1812
,,,,,,,7772,14771,7366,1812
,,,,,,,7773,14771,7366,1812
,,,,,,,7774,14771,7366,1812
,,,,,,,7775,14771,7366,1812
,,,,,,,7776,14771,7366,1812
,,,,,,,7777,14771,7366,1812
,,,,,,,7778,14771,7366,1812
,,,,,,,7779,14771,7366,1812
,,,,,,,7780,14771,7366,1812
,,,,,,,7781,14771,7366,1812
,,,,,,,7782,14771,7366,1812
,,,,,,,7783,14771,7366,1812
,,,,,,,7784,14771,7366,1812
,,,,,,,7785,14771,7366,1812
,,,,,,,7786,14771,7366,1812
,,,,,,,7787,14771,7366,1812
,,,,,,,7788,14771,7366,1812
,,,,,,,7789,14771,7366,1812
,,,,,,,7790,14771,7366,1812
,,,,,,,7791,14771,7366,1812
,,,,,,,7792,14771,7366,1812
,,,,,,,7793,14771,7366,1812
,,,,,,,7794,14771,7366,1812
,,,,,,,7795,14771,7366,1812
,,,,,,,7796,14771,7366,1812
,,,,,,,7797,14771,7366,1812
,,,,,,,7798,14771,7366,1812
,,,,,,,7799,14771,7366,1812
,,,,,,,7800,14771,7366,1812
,,,,,,,7801,14771,7366,1812
,,,,,,,7802,14771,7366,1812
,,,,,,,7803,14771,7366,1812
,,,,,,,7804,14771,7366,1812
,,,,,,,7805,14771,7366,1812
,,,,,,,7806,14771,7366,1812
,,,,,,,7807,14771,7366,1812
,,,,,,,7808,14771,7366,1812
,,,,,,,7809,14771,7366,1812
,,,,,,,7810,14771,7366,1812
,,,,,,,7811,14771,7366,1812
,,,,,,,7812,14771,7366,1812
,,,,,,,7813,14771,7366,1812
,,,,,,,7814,14771,7366,1812
,,,,,,,7815,14771,7366,1812
,,,,,,,7816,14771,7366,1812
,,,,,,,7817,14771,7366,1812
,,,,,,,7818,14771,7366,1812
,,,,,,,7819,14771,7366,1812
,,,,,,,7820,14771,7366,1812
,,,,,,,7821,14771,7366,1812
,,,,,,,7822,14771,7366,1812
,,,,,,,7823,14771,7366,1812
,,,,,,,7824,14771,7366,1812
,,,,,,,7825,14771,7366,1812
,,,,,,,7826,14771,7366,1812
,,,,,,,7827,14771,7366,1812
,,,,,,,7828,14771,7366,1812
,,,,,,,7829,14771,7366,1812
,,,,,,,7830,14771,7366,1812
,,,,,,,7831,14771,7366,1812
,,,,,,,7832,14771,7366,1812
,,,,,,,7833,14771,7366,1812
,,,,,,,7834,14771,7366,1812
,,,,,,,7835,14771,7366,1812
,,,,,,,7836,14771,7366,1812
,,,,,,,7837,14771,7366,1812
,,,,,,,7838,14771,7366,1812
,,,,,,,7839,14771,7366,1812
,,,,,,,7840,14771,7366,1812
,,,,,,,7841,14771,7366,1812
,,,,,,,7842,14771,7366,1812
,,,,,,,7843,14771,7366,1812
,,,,,,,7844,14771,7366,1812
,,,,,,,7845,14771,7366,1812
,,,,,,,7846,14771,7366,1812
,,,,,,,7847,14771,7366,1812
,,,,,,,7848,14771,7366,1812
,,,,,,,7849,14771,7366,1812
,,,,,,,7850,14771,7366,1812
,,,,,,,7851,14771,7366,1812
,,,,,,,7852,14771,7366,1812
,,,,,,,7853,14771,7366,1812
,,,,,,,7854,14771,7366,1812
,,,,,,,7855,14771,7366,1812
,,,,,,,7856,14771,7366,1812
,,,,,,,7857,14771,7366,1812
,,,,,,,7858,14771,7366,1812
,,,,,,,7859,14771,7366,1812
,,,,,,,7860,14771,7366,1812
,,,,,,,7861,14771,7366,1812
,,,,,,,7862,14771,7366,1812
,,,,,,,7863,14771,7366,1812
,,,,,,,7864,14771,7366,1812
,,,,,,,7865,14771,7366,1812
,,,,,,,7866,14771,7366,1812
,,,,,,,7867,14771,7366,1812
,,,,,,,7868,14771,7366,1812
,,,,,,,7869,14771,7366,1812
,,,,,,,7870,14771,7366,1812
,,,,,,,7871,14771,7366,1812
,,,,,,,7872,14771,7366,1812
,,,,,,,7873,14771,7366,1812
,,,,,,,7874,14771,7366,1812
,,,,,,,7875,14771,7366,1812
,,,,,,,7876,14771,7366,1812
,,,,,,,7877,14771,7366,1812
,,,,,,,7878,14771,7366,1812
,,,,,,,7879,14771,7366,1812
,,,,,,,7880,14771,7366,1812
,,,,,,,7881,14771,7366,1812
,,,,,,,7882,14771,7366,1812
,,,,,,,7883,14771,7366,1812
,,,,,,,7884,14771,7366,1812
,,,,,,,7885,14771,7366,1812
,,,,,,,7886,14771,7366,1812
,,,,,,,7887,14771,7366,1812
,,,,,,,7888,14771,7366,1812
,,,,,,,7889,14771,7366,1812
,,,,,,,7890,14771,7366,1812
,,,,,,,7891,14771,7366,1812
,,,,,,,7892,14771,7366,1812
,,,,,,,7893,14771,7366,1812
,,,,,,,7894,14771,7366,1812
,,,,,,,7895,14771,7366,1812
,,,,,,,7896,14771,7366,1812
,,,,,,,7897,14771,7366,1812
,,,,,,,7898,14771,7366,1812
,,,,,,,7899,14771,7366,1812
,,,,,,,7900,14771,7366,1812
,,,,,,,7901,14771,7366,1812
,,,,,,,7902,14771,7366,1812
,,,,,,,7903,14771,7366,1812
,,,,,,,7904,14771,7366,1812
,,,,,,,7905,14771,7366,1812
,,,,,,,7906,14771,7366,1812
,,,,,,,7907,14771,7366,1812
,,,,,,,7908,14771,7366,1812
,,,,,,,7909,14771,7366,1812
,,,,,,,7910,14771,7366,1812
,,,,,,,7911,14771,7366,1812
,,,,,,,7912,14771,7366,1812
,,,,,,,7913,14771,7366,1812
,,,,,,,7914,14771,7366,1812
,,,,,,,7915,14771,7366,1812
,,,,,,,7916,14771,7366,1812
,,,,,,,7917,14771,7366,1812
,,,,,,,7918,14771,7366,1812
,,,,,,,7919,14771,7366,1812
,,,,,,,7920,14771,7366,1812
,,,,,,,7921,14771,7366,1812
,,,,,,,7922,14771,7366,1812
,,,,,,,7923,14771,7366,1812
,,,,,,,7924,14771,7366,1812
,,,,,,,7925,14771,7366,1812
,,,,,,,7926,14771,7366,1812
,,,,,,,7927,14771,7366,1812
,,,,,,,7928,14771,7366,1812
,,,,,,,7929,14771,7366,1812
,,,,,,,7930,14771,7366,1812
,,,,,,,7931,14771,7366,1812
,,,,,,,7932,14771,7366,1812
,,,,,,,7933,14771,7366,1812
,,,,,,,7934,14771,7366,1812
,,,,,,,7935,14771,7366,1812
,,,,,,,7936,14771,7366,1812
,,,,,,,7937,14771,7366,1812
,,,,,,,7938,14771,7366,1812
,,,,,,,7939,14771,7366,1812
,,,,,,,7940,14771,7366,1812
,,,,,,,7941,14771,7366,1812
,,,,,,,7942,14771,7366,1812
,,,,,,,7943,14771,7366,1812
,,,,,,,7944,14771,7366,1812
,,,,,,,7945,14771,7366,1812
,,,,,,,7946,14771,7366,1812
,,,,,,,7947,14771,7366,1812
,,,,,,,7948,14771,7366,1812
,,,,,,,7949,14771,7366,1812
,,,,,,,7950,14771,7366,1812
,,,,,,,7951,14771,7366,1812
,,,,,,,7952,14771,7366,1812
,,,,,,,7953,14771,7366,1812
,,,,,,,7954,14771,7366,1812
,,,,,,,7955,14771,7366,1812
,,,,,,,7956,14771,7366,1812
,,,,,,,7957,14771,7366,1812
,,,,,,,7958,14771,7366,1812
,,,,,,,7959,14771,7366,1812
,,,,,,,7960,14771,7366,1812
,,,,,,,7961,14771,7366,1812
,,,,,,,7962,14771,7366,1812
,,,,,,,7963,14771,7366,1812
,,,,,,,7964,14771,7366,1812
,,,,,,,7965,14771,7366,1812
,,,,,,,7966,14771,7366,1812
,,,,,,,7967,14771,7366,1812
,,,,,,,7968,14771,7366,1812
,,,,,,,7969,14771,7366,1812
,,,,,,,7970,14771,7366,1812
,,,,,,,7971,14771,7366,1812
,,,,,,,7972,14771,7366,1812
,,,,,,,7973,14771,7366,1812
,,,,,,,7974,14771,7366,1812
,,,,,,,7975,14771,7366,1812
,,,,,,,7976,14771,7366,1812
,,,,,,,7977,14771,7366,1812
,,,,,,,7978,14771,7366,1812
,,,,,,,7979,14771,7366,1812
,,,,,,,7980,14771,7366,1812
,,,,,,,7981,14771,7366,1812
,,,,,,,7982,14771,7366,1812
,,,,,,,7983,14771,7366,1812
,,,,,,,7984,14771,7366,1812
,,,,,,,7985,14771,7366,1812
,,,,,,,7986,14771,7366,1812
,,,,,,,7987,14771,7366,1812
,,,,,,,7988,14771,7366,1812
,,,,,,,7989,14771,7366,1812
,,,,,,,7990,14771,7366,1812
,,,,,,,7991,14771,7366,1812
,,,,,,,7992,14771,7366,1812
,,,,,,,7993,14771,7366,1812
,,,,,,,7994,14771,7366,1812
,,,,,,,7995,14771,7366,1812
,,,,,,,7996,14771,7366,1812
,,,,,,,7997,14771,7366,1812
,,,,,,,7998,14771,7366,1812
,,,,,,,7999,14771,7366,1812
,,,,,,,8000,14771,7366,1812
,,,,,,,8001,14771,7366,1812
,,,,,,,8002,14771,7366,1812
,,,,,,,8003,14771,7366,1812
,,,,,,,8004,14771,7366,1812
,,,,,,,8005,14771,7366,1812
,,,,,,,8006,14771,7366,1812
,,,,,,,8007,14771,7366,1812
,,,,,,,8008,14771,7366,1812
,,,,,,,8009,14771,7366,1812
,,,,,,,8010,14771,7366,1812
,,,,,,,8011,14771,7366,1812
,,,,,,,8012,14771,7366,1812
,,,,,,,8013,14771,7366,1812
,,,,,,,8014,14771,7366,1812
,,,,,,,8015,14771,7366,1812
,,,,,,,8016,14771,7366,1812
,,,,,,,8017,14771,7366,1812
,,,,,,,8018,14771,7366,1812
,,,,,,,8019,14771,7366,1812
,,,,,,,8020,14771,7366,1812
,,,,,,,8021,14771,7366,1812
,,,,,,,8022,14771,7366,1812
,,,,,,,8023,14771,7366,1812
,,,,,,,8024,14771,7366,1812
,,,,,,,8025,14771,7366,1812
,,,,,,,8026,14771,7366,1812
,,,,,,,8027,14771,7366,1812
,,,,,,,8028,14771,7366,1812
,,,,,,,8029,14771,7366,1812
,,,,,,,8030,14771,7366,1812
,,,,,,,8031,14771,7366,1812
,,,,,,,8032,14771,7366,1812
,,,,,,,8033,14771,7366,1812
,,,,,,,8034,14771,7366,1812
,,,,,,,8035,14771,7366,1812
,,,,,,,8036,14771,7366,1812
,,,,,,,8037,14771,7366,1812
,,,,,,,8038,14771,7366,1812
,,,,,,,8039,14771,7366,1812
,,,,,,,8040,14771,7366,1812
,,,,,,,8041,14771,7366,1812
,,,,,,,8042,14771,7366,1812
,,,,,,,8043,14771,7366,1812
,,,,,,,8044,14771,7366,1812
,,,,,,,8045,14771,7366,1812
,,,,,,,8046,14771,7366,1812
,,,,,,,8047,14771,7366,1812
,,,,,,,8048,14771,7366,1812
,,,,,,,8049,14771,7366,1812
,,,,,,,8050,14771,7366,1812
,,,,,,,8051,14771,7366,1812
,,,,,,,8052,14771,7366,1812
,,,,,,,8053,14771,7366,1812
,,,,,,,8054,14771,7366,1812
,,,,,,,8055,14771,7366,1812
,,,,,,,8056,14771,7366,1812
,,,,,,,8057,14771,7366,1812
,,,,,,,8058,14771,7366,1812
,,,,,,,8059,14771,7366,1812
,,,,,,,8060,14771,7366,1812
,,,,,,,8061,14771,7366,1812
,,,,,,,8062,14771,7366,1812
,,,,,,,8063,14771,7366,1812
,,,,,,,8064,14771,7366,1812
,,,,,,,8065,14771,7366,1812
,,,,,,,8066,14771,7366,1812
,,,,,,,8067,14771,7366,1812
,,,,,,,8068,14771,7366,1812
,,,,,,,8069,14771,7366,1812
,,,,,,,8070,14771,7366,1812
,,,,,,,8071,14771,7366,1812
,,,,,,,8072,14771,7366,1812
,,,,,,,8073,14771,7366,1812
,,,,,,,8074,14771,7366,1812
,,,,,,,8075,14771,7366,1812
,,,,,,,8076,14771,7366,1812
,,,,,,,8077,14771,7366,1812
,,,,,,,8078,14771,7366,1812
,,,,,,,8079,14771,7366,1812
,,,,,,,8080,14771,7366,1812
,,,,,,,8081,14771,7366,1812
,,,,,,,8082,14771,7366,1812
,,,,,,,8083,14771,7366,1812
,,,,,,,8084,14771,7366,1812
,,,,,,,8085,14771,7366,1812
,,,,,,,8086,14771,7366,1812
,,,,,,,8087,14771,7366,1812
,,,,,,,8088,14771,7366,1812
,,,,,,,8089,14771,7366,1812
,,,,,,,8090,14771,7366,1812
,,,,,,,8091,14771,7366,1812
,,,,,,,8092,14771,7366,1812
,,,,,,,8093,14771,7366,1812
,,,,,,,8094,14771,7366,1812
,,,,,,,8095,14771,7366,1812
,,,,,,,8096,14771,7366,1812
,,,,,,,8097,14771,7366,1812
,,,,,,,8098,14771,7366,1812
,,,,,,,8099,14771,7366,1812
,,,,,,,8100,14771,7366,1812
,,,,,,,8101,14771,7366,1812
,,,,,,,8102,14771,7366,1812
,,,,,,,8103,14771,7366,1812
,,,,,,,8104,14771,7366,1812
,,,,,,,8105,14771,7366,1812
,,,,,,,8106,14771,7366,1812
,,,,,,,8107,14771,7366,1812
,,,,,,,8108,14771,7366,1812
,,,,,,,8109,14771,7366,1812
,,,,,,,8110,14771,7366,1812
,,,,,,,8111,14771,7366,1812
,,,,,,,8112,14771,7366,1812
,,,,,,,8113,14771,7366,1812
,,,,,,,8114,14771,7366,1812
,,,,,,,8115,14771,7366,1812
,,,,,,,8116,14771,7366,1812
,,,,,,,8117,14771,7366,1812
,,,,,,,8118,14771,7366,1812
,,,,,,,8119,14771,7366,1812
,,,,,,,8120,14771,7366,1812
,,,,,,,8121,14771,7366,1812
,,,,,,,8122,14771,7366,1812
,,,,,,,8123,14771,7366,1812
,,,,,,,8124,14771,7366,1812
,,,,,,,8125,14771,7366,1812
,,,,,,,8126,14771,7366,1812
,,,,,,,8127,14771,7366,1812
,,,,,,,8128,14771,7366,1812
,,,,,,,8129,14771,7366,1812
,,,,,,,8130,14771,7366,1812
,,,,,,,8131,14771,7366,1812
,,,,,,,8132,14771,7366,1812
,,,,,,,8133,14771,7366,1812
,,,,,,,8134,14771,7366,1812
,,,,,,,8135,14771,7366,1812
,,,,,,,8136,14771,7366,1812
,,,,,,,8137,14771,7366,1812
,,,,,,,8138,14771,7366,1812
,,,,,,,8139,14771,7366,1812
,,,,,,,8140,14771,7366,1812
,,,,,,,8141,14771,7366,1812
,,,,,,,8142,14771,7366,1812
,,,,,,,8143,14771,7366,1812
,,,,,,,8144,14771,7366,1812
,,,,,,,8145,14771,7366,1812
,,,,,,,8146,14771,7366,1812
,,,,,,,8147,14771,7366,1812
,,,,,,,8148,14771,7366,1812
,,,,,,,8149,14771,7366,1812
,,,,,,,8150,14771,7366,1812
,,,,,,,8151,14771,7366,1812
,,,,,,,8152,14771,7366,1812
,,,,,,,8153,14771,7366,1812
,,,,,,,8154,14771,7366,1812
,,,,,,,8155,14771,7366,1812
,,,,,,,8156,14771,7366,1812
,,,,,,,8157,14771,7366,1812
,,,,,,,8158,14771,7366,1812
,,,,,,,8159,14771,7366,1812
,,,,,,,8160,14771,7366,1812
,,,,,,,8161,14771,7366,1812
,,,,,,,8162,14771,7366,1812
,,,,,,,8163,14771,7366,1812
,,,,,,,8164,14771,7366,1812
,,,,,,,8165,14771,7366,1812
,,,,,,,8166,14771,7366,1812
,,,,,,,8167,14771,7366,1812
,,,,,,,8168,14771,7366,1812
,,,,,,,8169,14771,7366,1812
,,,,,,,8170,14771,7366,1812
,,,,,,,8171,14771,7366,1812
,,,,,,,8172,14771,7366,1812
,,,,,,,8173,14771,7366,1812
,,,,,,,8174,14771,7366,1812
,,,,,,,8175,14771,7366,1812
,,,,,,,8176,14771,7366,1812
,,,,,,,8177,14771,7366,1812
,,,,,,,8178,14771,7366,1812
,,,,,,,8179,14771,7366,1812
,,,,,,,8180,14771,7366,1812
,,,,,,,8181,14771,7366,1812
,,,,,,,8182,14771,7366,1812
,,,,,,,8183,14771,7366,1812
,,,,,,,8184,14771,7366,1812
,,,,,,,8185,14771,7366,1812
,,,,,,,8186,14771,7366,1812
,,,,,,,8187,14771,7366,1812
,,,,,,,8188,14771,7366,1812
,,,,,,,8189,14771,7366,1812
,,,,,,,8190,14771,7366,1812
,,,,,,,8191,14771,7366,1812
,,,,,,,8192,14771,7366,1812
,,,,,,,8193,14771,7366,1812
,,,,,,,8194,14771,7366,1812
,,,,,,,8195,14771,7366,1812
,,,,,,,8196,14771,7366,1812
,,,,,,,8197,14771,7366,1812
,,,,,,,8198,14771,7366,1812
,,,,,,,8199,14771,7366,1812
,,,,,,,8200,14771,7366,1812
,,,,,,,8201,14771,7366,1812
,,,,,,,8202,14771,7366,1812
,,,,,,,8203,14771,7366,1812
,,,,,,,8204,14771,7366,1812
,,,,,,,8205,14771,7366,1812
,,,,,,,8206,14771,7366,1812
,,,,,,,8207,14771,7366,1812
,,,,,,,8208,14771,7366,1812
,,,,,,,8209,14771,7366,1812
,,,,,,,8210,14771,7366,1812
,,,,,,,8211,14771,7366,1812
,,,,,,,8212,14771,7366,1812
,,,,,,,8213,14771,7366,1812
,,,,,,,8214,14771,7366,1812
,,,,,,,8215,14771,7366,1812
,,,,,,,8216,14771,7366,1812
,,,,,,,8217,14771,7366,1812
,,,,,,,8218,14771,7366,1812
,,,,,,,8219,14771,7366,1812
,,,,,,,8220,14771,7366,1812
,,,,,,,8221,14771,7366,1812
,,,,,,,8222,14771,7366,1812
,,,,,,,8223,14771,7366,1812
,,,,,,,8224,14771,7366,1812
,,,,,,,8225,14771,7366,1812
,,,,,,,8226,14771,7366,1812
,,,,,,,8227,14771,7366,1812
,,,,,,,8228,14771,7366,1812
,,,,,,,8229,14771,7366,1812
,,,,,,,8230,14771,7366,1812
,,,,,,,8231,14771,7366,1812
,,,,,,,8232,14771,7366,1812
,,,,,,,8233,14771,7366,1812
,,,,,,,8234,14771,7366,1812
,,,,,,,8235,14771,7366,1812
,,,,,,,8236,14771,7366,1812
,,,,,,,8237,14771,7366,1812
,,,,,,,8238,14771,7366,1812
,,,,,,,8239,14771,7366,1812
,,,,,,,8240,14771,7366,1812
,,,,,,,8241,14771,7366,1812
,,,,,,,8242,14771,7366,1812
,,,,,,,8243,14771,7366,1812
,,,,,,,8244,14771,7366,1812
,,,,,,,8245,14771,7366,1812
,,,,,,,8246,14771,7366,1812
,,,,,,,8247,14771,7366,1812
,,,,,,,8248,14771,7366,1812
,,,,,,,8249,14771,7366,1812
,,,,,,,8250,14771,7366,1812
,,,,,,,8251,14771,7366,1812
,,,,,,,8252,14771,7366,1812
,,,,,,,8253,14771,7366,1812
,,,,,,,8254,14771,7366,1812
,,,,,,,8255,14771,7366,1812
,,,,,,,8256,14771,7366,1812
,,,,,,,8257,14771,7366,1812
,,,,,,,8258,14771,7366,1812
,,,,,,,8259,14771,7366,1812
,,,,,,,8260,14771,7366,1812
,,,,,,,8261,14771,7366,1812
,,,,,,,8262,14771,7366,1812
,,,,,,,8263,14771,7366,1812
,,,,,,,8264,14771,7366,1812
,,,,,,,8265,14771,7366,1812
,,,,,,,8266,14771,7366,1812
,,,,,,,8267,14771,7366,1812
,,,,,,,8268,14771,7366,1812
,,,,,,,8269,14771,7366,1812
,,,,,,,8270,14771,7366,1812
,,,,,,,8271,14771,7366,1812
,,,,,,,8272,14771,7366,1812
,,,,,,,8273,14771,7366,1812
,,,,,,,8274,14771,7366,1812
,,,,,,,8275,14771,7366,1812
,,,,,,,8276,14771,7366,1812
,,,,,,,8277,14771,7366,1812
,,,,,,,8278,14771,7366,1812
,,,,,,,8279,14771,7366,1812
,,,,,,,8280,14771,7366,1812
,,,,,,,8281,14771,7366,1812
,,,,,,,8282,14771,7366,1812
,,,,,,,8283,14771,7366,1812
,,,,,,,8284,14771,7366,1812
,,,,,,,8285,14771,7366,1812
,,,,,,,8286,14771,7366,1812
,,,,,,,8287,14771,7366,1812
,,,,,,,8288,14771,7366,1812
,,,,,,,8289,14771,7366,1812
,,,,,,,8290,14771,7366,1812
,,,,,,,8291,14771,7366,1812
,,,,,,,8292,14771,7366,1812
,,,,,,,8293,14771,7366,1812
,,,,,,,8294,14771,7366,1812
,,,,,,,8295,14771,7366,1812
,,,,,,,8296,14771,7366,1812
,,,,,,,8297,14771,7366,1812
,,,,,,,8298,14771,7366,1812
,,,,,,,8299,14771,7366,1812
,,,,,,,8300,14771,7366,1812
,,,,,,,8301,14771,7366,1812
,,,,,,,8302,14771,7366,1812
,,,,,,,8303,14771,7366,1812
,,,,,,,8304,14771,7366,1812
,,,,,,,8305,14771,7366,1812
,,,,,,,8306,14771,7366,1812
,,,,,,,8307,14771,7366,1812
,,,,,,,8308,14771,7366,1812
,,,,,,,8309,14771,7366,1812
,,,,,,,8310,14771,7366,1812
,,,,,,,8311,14771,7366,1812
,,,,,,,8312,14771,7366,1812
,,,,,,,8313,14771,7366,1812
,,,,,,,8314,14771,7366,1812
,,,,,,,8315,14771,7366,1812
,,,,,,,8316,14771,7366,1812
,,,,,,,8317,14771,7366,1812
,,,,,,,8318,14771,7366,1812
,,,,,,,8319,14771,7366,1812
,,,,,,,8320,14771,7366,1812
,,,,,,,8321,14771,7366,1812
,,,,,,,8322,14771,7366,1812
,,,,,,,8323,14771,7366,1812
,,,,,,,8324,14771,7366,1812
,,,,,,,8325,14771,7366,1812
,,,,,,,8326,14771,7366,1812
,,,,,,,8327,14771,7366,1812
,,,,,,,8328,14771,7366,1812
,,,,,,,8329,14771,7366,1812
,,,,,,,8330,14771,7366,1812
,,,,,,,8331,14771,7366,1812
,,,,,,,8332,14771,7366,1812
,,,,,,,8333,14771,7366,1812
,,,,,,,8334,14771,7366,1812
,,,,,,,8335,14771,7366,1812
,,,,,,,8336,14771,7366,1812
,,,,,,,8337,14771,7366,1812
,,,,,,,8338,14771,7366,1812
,,,,,,,8339,14771,7366,1812
,,,,,,,8340,14771,7366,1812
,,,,,,,8341,14771,7366,1812
,,,,,,,8342,14771,7366,1812
,,,,,,,8343,14771,7366,1812
,,,,,,,8344,14771,7366,1812
,,,,,,,8345,14771,7366,1812
,,,,,,,8346,14771,7366,1812
,,,,,,,8347,14771,7366,1812
,,,,,,,8348,14771,7366,1812
,,,,,,,8349,14771,7366,1812
,,,,,,,8350,14771,7366,1812
,,,,,,,8351,14771,7366,1812
,,,,,,,8352,14771,7366,1812
,,,,,,,8353,14771,7366,1812
,,,,,,,8354,14771,7366,1812
,,,,,,,8355,14771,7366,1812
,,,,,,,8356,14771,7366,1812
,,,,,,,8357,14771,7366,1812
,,,,,,,8358,14771,7366,1812
,,,,,,,8359,14771,7366,1812
,,,,,,,8360,14771,7366,1812
,,,,,,,8361,14771,7366,1812
,,,,,,,8362,14771,7366,1812
,,,,,,,8363,14771,7366,1812
,,,,,,,8364,14771,7366,1812
,,,,,,,8365,14771,7366,1812
,,,,,,,8366,14771,7366,1812
,,,,,,,8367,14771,7366,1812
,,,,,,,8368,14771,7366,1812
,,,,,,,8369,14771,7366,1812
,,,,,,,8370,14771,7366,1812
,,,,,,,8371,14771,7366,1812
,,,,,,,8372,14771,7366,1812
,,,,,,,8373,14771,7366,1812
,,,,,,,8374,14771,7366,1812
,,,,,,,8375,14771,7366,1812
,,,,,,,8376,14771,7366,1812
,,,,,,,8377,14771,7366,1812
,,,,,,,8378,14771,7366,1812
,,,,,,,8379,14771,7366,1812
,,,,,,,8380,14771,7366,1812
,,,,,,,8381,14771,7366,1812
,,,,,,,8382,14771,7366,1812
,,,,,,,8383,14771,7366,1812
,,,,,,,8384,14771,7366,1812
,,,,,,,8385,14771,7366,1812
,,,,,,,8386,14771,7366,1812
,,,,,,,8387,14771,7366,1812
,,,,,,,8388,14771,7366,1812
,,,,,,,8389,14771,7366,1812
,,,,,,,8390,14771,7366,1812
,,,,,,,8391,14771,7366,1812
,,,,,,,8392,14771,7366,1812
,,,,,,,8393,14771,7366,1812
,,,,,,,8394,14771,7366,1812
,,,,,,,8395,14771,7366,1812
,,,,,,,8396,14771,7366,1812
,,,,,,,8397,14771,7366,1812
,,,,,,,8398,14771,7366,1812
,,,,,,,8399,14771,7366,1812
,,,,,,,8400,14771,7366,1812
,,,,,,,8401,14771,7366,1812
,,,,,,,8402,14771,7366,1812
,,,,,,,8403,14771,7366,1812
,,,,,,,8404,14771,7366,1812
,,,,,,,8405,14771,7366,1812
,,,,,,,8406,14771,7366,1812
,,,,,,,8407,14771,7366,1812
,,,,,,,8408,14771,7366,1812
,,,,,,,8409,14771,7366,1812
,,,,,,,8410,14771,7366,1812
,,,,,,,8411,14771,7366,1812
,,,,,,,8412,14771,7366,1812
,,,,,,,8413,14771,7366,1812
,,,,,,,8414,14771,7366,1812
,,,,,,,8415,14771,7366,1812
,,,,,,,8416,14771,7366,1812
,,,,,,,8417,14771,7366,1812
,,,,,,,8418,14771,7366,1812
,,,,,,,8419,14771,7366,1812
,,,,,,,8420,14771,7366,1812
,,,,,,,8421,14771,7366,1812
,,,,,,,8422,14771,7366,1812
,,,,,,,8423,14771,7366,1812
,,,,,,,8424,14771,7366,1812
,,,,,,,8425,14771,7366,1812
,,,,,,,8426,14771,7366,1812
,,,,,,,8427,14771,7366,1812
,,,,,,,8428,14771,7366,1812
,,,,,,,8429,14771,7366,1812
,,,,,,,8430,14771,7366,1812
,,,,,,,8431,14771,7366,1812
,,,,,,,8432,14771,7366,1812
,,,,,,,8433,14771,7366,1812
,,,,,,,8434,14771,7366,1812
,,,,,,,8435,14771,7366,1812
,,,,,,,8436,14771,7366,1812
,,,,,,,8437,14771,7366,1812
,,,,,,,8438,14771,7366,1812
,,,,,,,8439,14771,7366,1812
,,,,,,,8440,14771,7366,1812
,,,,,,,8441,14771,7366,1812
,,,,,,,8442,14771,7366,1812
,,,,,,,8443,14771,7366,1812
,,,,,,,8444,14771,7366,1812
,,,,,,,8445,14771,7366,1812
,,,,,,,8446,14771,7366,1812
,,,,,,,8447,14771,7366,1812
,,,,,,,8448,14771,7366,1812
,,,,,,,8449,14771,7366,1812
,,,,,,,8450,14771,7366,1812
,,,,,,,8451,14771,7366,1812
,,,,,,,8452,14771,7366,1812
,,,,,,,8453,14771,7366,1812
,,,,,,,8454,14771,7366,1812
,,,,,,,8455,14771,7366,1812
,,,,,,,8456,14771,7366,1812
,,,,,,,8457,14771,7366,1812
,,,,,,,8458,14771,7366,1812
,,,,,,,8459,14771,7366,1812
,,,,,,,8460,14771,7366,1812
,,,,,,,8461,14771,7366,1812
,,,,,,,8462,14771,7366,1812
,,,,,,,8463,14771,7366,1812
,,,,,,,8464,14771,7366,1812
,,,,,,,8465,14771,7366,1812
,,,,,,,8466,14771,7366,1812
,,,,,,,8467,14771,7366,1812
,,,,,,,8468,14771,7366,1812
,,,,,,,8469,14771,7366,1812
,,,,,,,8470,14771,7366,1812
,,,,,,,8471,14771,7366,1812
,,,,,,,8472,14771,7366,1812
,,,,,,,8473,14771,7366,1812
,,,,,,,8474,14771,7366,1812
,,,,,,,8475,14771,7366,1812
,,,,,,,8476,14771,7366,1812
,,,,,,,8477,14771,7366,1812
,,,,,,,8478,14771,7366,1812
,,,,,,,8479,14771,7366,1812
,,,,,,,8480,14771,7366,1812
,,,,,,,8481,14771,7366,1812
,,,,,,,8482,14771,7366,1812
,,,,,,,8483,14771,7366,1812
,,,,,,,8484,14771,7366,1812
,,,,,,,8485,14771,7366,1812
,,,,,,,8486,14771,7366,1812
,,,,,,,8487,14771,7366,1812
,,,,,,,8488,14771,7366,1812
,,,,,,,8489,14771,7366,1812
,,,,,,,8490,14771,7366,1812
,,,,,,,8491,14771,7366,1812
,,,,,,,8492,14771,7366,1812
,,,,,,,8493,14771,7366,1812
,,,,,,,8494,14771,7366,1812
,,,,,,,8495,14771,7366,1812
,,,,,,,8496,14771,7366,1812
,,,,,,,8497,14771,7366,1812
,,,,,,,8498,14771,7366,1812
,,,,,,,8499,14771,7366,1812
,,,,,,,8500,14771,7366,1812
,,,,,,,8501,14771,7366,1812
,,,,,,,8502,14771,7366,1812
,,,,,,,8503,14771,7366,1812
,,,,,,,8504,14771,7366,1812
,,,,,,,8505,14771,7366,1812
,,,,,,,8506,14771,7366,1812
,,,,,,,8507,14771,7366,1812
,,,,,,,8508,14771,7366,1812
,,,,,,,8509,14771,7366,1812
,,,,,,,8510,14771,7366,1812
,,,,,,,8511,14771,7366,1812
,,,,,,,8512,14771,7366,1812
,,,,,,,8513,14771,7366,1812
,,,,,,,8514,14771,7366,1812
,,,,,,,8515,14771,7366,1812
,,,,,,,8516,14771,7366,1812
,,,,,,,8517,14771,7366,1812
,,,,,,,8518,14771,7366,1812
,,,,,,,8519,14771,7366,1812
,,,,,,,8520,14771,7366,1812
,,,,,,,8521,14771,7366,1812
,,,,,,,8522,14771,7366,1812
,,,,,,,8523,14771,7366,1812
,,,,,,,8524,14771,7366,1812
,,,,,,,8525,14771,7366,1812
,,,,,,,8526,14771,7366,1812
,,,,,,,8527,14771,7366,1812
,,,,,,,8528,14771,7366,1812
,,,,,,,8529,14771,7366,1812
,,,,,,,8530,14771,7366,1812
,,,,,,,8531,14771,7366,1812
,,,,,,,8532,14771,7366,1812
,,,,,,,8533,14771,7366,1812
,,,,,,,8534,14771,7366,1812
,,,,,,,8535,14771,7366,1812
,,,,,,,8536,14771,7366,1812
,,,,,,,8537,14771,7366,1812
,,,,,,,8538,14771,7366,1812
,,,,,,,8539,14771,7366,1812
,,,,,,,8540,14771,7366,1812
,,,,,,,8541,14771,7366,1812
,,,,,,,8542,14771,7366,1812
,,,,,,,8543,14771,7366,1812
,,,,,,,8544,14771,7366,1812
,,,,,,,8545,14771,7366,1812
,,,,,,,8546,14771,7366,1812
,,,,,,,8547,14771,7366,1812
,,,,,,,8548,14771,7366,1812
,,,,,,,8549,14771,7366,1812
,,,,,,,8550,14771,7366,1812
,,,,,,,8551,14771,7366,1812
,,,,,,,8552,14771,7366,1812
,,,,,,,8553,14771,7366,1812
,,,,,,,8554,14771,7366,1812
,,,,,,,8555,14771,7366,1812
,,,,,,,8556,14771,7366,1812
,,,,,,,8557,14771,7366,1812
,,,,,,,8558,14771,7366,1812
,,,,,,,8559,14771,7366,1812
,,,,,,,8560,14771,7366,1812
,,,,,,,8561,14771,7366,1812
,,,,,,,8562,14771,7366,1812
,,,,,,,8563,14771,7366,1812
,,,,,,,8564,14771,7366,1812
,,,,,,,8565,14771,7366,1812
,,,,,,,8566,14771,7366,1812
,,,,,,,8567,14771,7366,1812
,,,,,,,8568,14771,7366,1812
,,,,,,,8569,14771,7366,1812
,,,,,,,8570,14771,7366,1812
,,,,,,,8571,14771,7366,1812
,,,,,,,8572,14771,7366,1812
,,,,,,,8573,14771,7366,1812
,,,,,,,8574,14771,7366,1812
,,,,,,,8575,14771,7366,1812
,,,,,,,8576,14771,7366,1812
,,,,,,,8577,14771,7366,1812
,,,,,,,8578,14771,7366,1812
,,,,,,,8579,14771,7366,1812
,,,,,,,8580,14771,7366,1812
,,,,,,,8581,14771,7366,1812
,,,,,,,8582,14771,7366,1812
,,,,,,,8583,14771,7366,1812
,,,,,,,8584,14771,7366,1812
,,,,,,,8585,14771,7366,1812
,,,,,,,8586,14771,7366,1812
,,,,,,,8587,14771,7366,1812
,,,,,,,8588,14771,7366,1812
,,,,,,,8589,14771,7366,1812
,,,,,,,8590,14771,7366,1812
,,,,,,,8591,14771,7366,1812
,,,,,,,8592,14771,7366,1812
,,,,,,,8593,14771,7366,1812
,,,,,,,8594,14771,7366,1812
,,,,,,,8595,14771,7366,1812
,,,,,,,8596,14771,7366,1812
,,,,,,,8597,14771,7366,1812
,,,,,,,8598,14771,7366,1812
,,,,,,,8599,14771,7366,1812
,,,,,,,8600,14771,7366,1812
,,,,,,,8601,14771,7366,1812
,,,,,,,8602,14771,7366,1812
,,,,,,,8603,14771,7366,1812
,,,,,,,8604,14771,7366,1812
,,,,,,,8605,14771,7366,1812
,,,,,,,8606,14771,7366,1812
,,,,,,,8607,14771,7366,1812
,,,,,,,8608,14771,7366,1812
,,,,,,,8609,14771,7366,1812
,,,,,,,8610,14771,7366,1812
,,,,,,,8611,14771,7366,1812
,,,,,,,8612,14771,7366,1812
,,,,,,,8613,14771,7366,1812
,,,,,,,8614,14771,7366,1812
,,,,,,,8615,14771,7366,1812
,,,,,,,8616,14771,7366,1812
,,,,,,,8617,14771,7366,1812
,,,,,,,8618,14771,7366,1812
,,,,,,,8619,14771,7366,1812
,,,,,,,8620,14771,7366,1812
,,,,,,,8621,14771,7366,1812
,,,,,,,8622,14771,7366,1812
,,,,,,,8623,14771,7366,1812
,,,,,,,8624,14771,7366,1812
,,,,,,,8625,14771,7366,1812
,,,,,,,8626,14771,7366,1812
,,,,,,,8627,14771,7366,1812
,,,,,,,8628,14771,7366,1812
,,,,,,,8629,14771,7366,1812
,,,,,,,8630,14771,7366,1812
,,,,,,,8631,14771,7366,1812
,,,,,,,8632,14771,7366,1812
,,,,,,,8633,14771,7366,1812
,,,,,,,8634,14771,7366,1812
,,,,,,,8635,14771,7366,1812
,,,,,,,8636,14771,7366,1812
,,,,,,,8637,14771,7366,1812
,,,,,,,8638,14771,7366,1812
,,,,,,,8639,14771,7366,1812
,,,,,,,8640,14771,7366,1812
,,,,,,,8641,14771,7366,1812
,,,,,,,8642,14771,7366,1812
,,,,,,,8643,14771,7366,1812
,,,,,,,8644,14771,7366,1812
,,,,,,,8645,14771,7366,1812
,,,,,,,8646,14771,7366,1812
,,,,,,,8647,14771,7366,1812
,,,,,,,8648,14771,7366,1812
,,,,,,,8649,14771,7366,1812
,,,,,,,8650,14771,7366,1812
,,,,,,,8651,14771,7366,1812
,,,,,,,8652,14771,7366,1812
,,,,,,,8653,14771,7366,1812
,,,,,,,8654,14771,7366,1812
,,,,,,,8655,14771,7366,1812
,,,,,,,8656,14771,7366,1812
,,,,,,,8657,14771,7366,1812
,,,,,,,8658,14771,7366,1812
,,,,,,,8659,14771,7366,1812
,,,,,,,8660,14771,7366,1812
,,,,,,,8661,14771,7366,1812
,,,,,,,8662,14771,7366,1812
,,,,,,,8663,14771,7366,1812
,,,,,,,8664,14771,7366,1812
,,,,,,,8665,14771,7366,1812
,,,,,,,8666,14771,7366,1812
,,,,,,,8667,14771,7366,1812
,,,,,,,8668,14771,7366,1812
,,,,,,,8669,14771,7366,1812
,,,,,,,8670,14771,7366,1812
,,,,,,,8671,14771,7366,1812
,,,,,,,8672,14771,7366,1812
,,,,,,,8673,14771,7366,1812
,,,,,,,8674,14771,7366,1812
,,,,,,,8675,14771,7366,1812
,,,,,,,8676,14771,7366,1812
,,,,,,,8677,14771,7366,1812
,,,,,,,8678,14771,7366,1812
,,,,,,,8679,14771,7366,1812
,,,,,,,8680,14771,7366,1812
,,,,,,,8681,14771,7366,1812
,,,,,,,8682,14771,7366,1812
,,,,,,,8683,14771,7366,1812
,,,,,,,8684,14771,7366,1812
,,,,,,,8685,14771,7366,1812
,,,,,,,8686,14771,7366,1812
,,,,,,,8687,14771,7366,1812
,,,,,,,8688,14771,7366,1812
,,,,,,,8689,14771,7366,1812
,,,,,,,8690,14771,7366,1812
,,,,,,,8691,14771,7366,1812
,,,,,,,8692,14771,7366,1812
,,,,,,,8693,14771,7366,1812
,,,,,,,8694,14771,7366,1812
,,,,,,,8695,14771,7366,1812
,,,,,,,8696,14771,7366,1812
,,,,,,,8697,14771,7366,1812
,,,,,,,8698,14771,7366,1812
,,,,,,,8699,14771,7366,1812
,,,,,,,8700,14771,7366,1812
,,,,,,,8701,14771,7366,1812
,,,,,,,8702,14771,7366,1812
,,,,,,,8703,14771,7366,1812
,,,,,,,8704,14771,7366,1812
,,,,,,,8705,14771,7366,1812
,,,,,,,8706,14771,7366,1812
,,,,,,,8707,14771,7366,1812
,,,,,,,8708,14771,7366,1812
,,,,,,,8709,14771,7366,1812
,,,,,,,8710,14771,7366,1812
,,,,,,,8711,14771,7366,1812
,,,,,,,8712,14771,7366,1812
,,,,,,,8713,14771,7366,1812
,,,,,,,8714,14771,7366,1812
,,,,,,,8715,14771,7366,1812
,,,,,,,8716,14771,7366,1812
,,,,,,,8717,14771,7366,1812
,,,,,,,8718,14771,7366,1812
,,,,,,,8719,14771,7366,1812
,,,,,,,8720,14771,7366,1812
,,,,,,,8721,14771,7366,1812
,,,,,,,8722,14771,7366,1812
,,,,,,,8723,14771,7366,1812
,,,,,,,8724,14771,7366,1812
,,,,,,,8725,14771,7366,1812
,,,,,,,8726,14771,7366,1812
,,,,,,,8727,14771,7366,1812
,,,,,,,8728,14771,7366,1812
,,,,,,,8729,14771,7366,1812
,,,,,,,8730,14771,7366,1812
,,,,,,,8731,14771,7366,1812
,,,,,,,8732,14771,7366,1812
,,,,,,,8733,14771,7366,1812
,,,,,,,8734,14771,7366,1812
,,,,,,,8735,14771,7366,1812
,,,,,,,8736,14771,7366,1812
,,,,,,,8737,14771,7366,1812
,,,,,,,8738,14771,7366,1812
,,,,,,,8739,14771,7366,1812
,,,,,,,8740,14771,7366,1812
,,,,,,,8741,14771,7366,1812
,,,,,,,8742,14771,7366,1812
,,,,,,,8743,14771,7366,1812
,,,,,,,8744,14771,7366,1812
,,,,,,,8745,14771,7366,1812
,,,,,,,8746,14771,7366,1812
,,,,,,,8747,14771,7366,1812
,,,,,,,8748,14771,7366,1812
,,,,,,,8749,14771,7366,1812
,,,,,,,8750,14771,7366,1812
,,,,,,,8751,14771,7366,1812
,,,,,,,8752,14771,7366,1812
,,,,,,,8753,14771,7366,1812
,,,,,,,8754,14771,7366,1812
,,,,,,,8755,14771,7366,1812
,,,,,,,8756,14771,7366,1812
,,,,,,,8757,14771,7366,1812
,,,,,,,8758,14771,7366,1812
,,,,,,,8759,14771,7366,1812
,,,,,,,8760,14771,7366,1812