Global_conventional_jetfuel_price_per_mmbtu,Conventional_jetfuel_co2_per_mmbtu,Syn_jetfuel_co2_per_mmbtu,Bio_jetfuel_co2_per_mmbtu,Time_Index,Load_mmbtu_z1,Load_mmbtu_z2,Load_mmbtu_z3
22.18,0.0722,0.0722,0.0722,1,59245,32396,33614
,,,,2,59245,32396,33614
,,,,3,59245,32396,33614
,,,,4,59245,32396,33614
,,,,5,59245,32396,33614
,,,,6,59245,32396,33614
,,,,7,59245,32396,33614
,,,,8,59245,32396,33614
,,,,9,59245,32396,33614
,,,,10,59245,32396,33614
,,,,11,59245,32396,33614
,,,,12,59245,32396,33614
,,,,13,59245,32396,33614
,,,,14,59245,32396,33614
,,,,15,59245,32396,33614
,,,,16,59245,32396,33614
,,,,17,59245,32396,33614
,,,,18,59245,32396,33614
,,,,19,59245,32396,33614
,,,,20,59245,32396,33614
,,,,21,59245,32396,33614
,,,,22,59245,32396,33614
,,,,23,59245,32396,33614
,,,,24,59245,32396,33614
,,,,25,59245,32396,33614
,,,,26,59245,32396,33614
,,,,27,59245,32396,33614
,,,,28,59245,32396,33614
,,,,29,59245,32396,33614
,,,,30,59245,32396,33614
,,,,31,59245,32396,33614
,,,,32,59245,32396,33614
,,,,33,59245,32396,33614
,,,,34,59245,32396,33614
,,,,35,59245,32396,33614
,,,,36,59245,32396,33614
,,,,37,59245,32396,33614
,,,,38,59245,32396,33614
,,,,39,59245,32396,33614
,,,,40,59245,32396,33614
,,,,41,59245,32396,33614
,,,,42,59245,32396,33614
,,,,43,59245,32396,33614
,,,,44,59245,32396,33614
,,,,45,59245,32396,33614
,,,,46,59245,32396,33614
,,,,47,59245,32396,33614
,,,,48,59245,32396,33614
,,,,49,59245,32396,33614
,,,,50,59245,32396,33614
,,,,51,59245,32396,33614
,,,,52,59245,32396,33614
,,,,53,59245,32396,33614
,,,,54,59245,32396,33614
,,,,55,59245,32396,33614
,,,,56,59245,32396,33614
,,,,57,59245,32396,33614
,,,,58,59245,32396,33614
,,,,59,59245,32396,33614
,,,,60,59245,32396,33614
,,,,61,59245,32396,33614
,,,,62,59245,32396,33614
,,,,63,59245,32396,33614
,,,,64,59245,32396,33614
,,,,65,59245,32396,33614
,,,,66,59245,32396,33614
,,,,67,59245,32396,33614
,,,,68,59245,32396,33614
,,,,69,59245,32396,33614
,,,,70,59245,32396,33614
,,,,71,59245,32396,33614
,,,,72,59245,32396,33614
,,,,73,59245,32396,33614
,,,,74,59245,32396,33614
,,,,75,59245,32396,33614
,,,,76,59245,32396,33614
,,,,77,59245,32396,33614
,,,,78,59245,32396,33614
,,,,79,59245,32396,33614
,,,,80,59245,32396,33614
,,,,81,59245,32396,33614
,,,,82,59245,32396,33614
,,,,83,59245,32396,33614
,,,,84,59245,32396,33614
,,,,85,59245,32396,33614
,,,,86,59245,32396,33614
,,,,87,59245,32396,33614
,,,,88,59245,32396,33614
,,,,89,59245,32396,33614
,,,,90,59245,32396,33614
,,,,91,59245,32396,33614
,,,,92,59245,32396,33614
,,,,93,59245,32396,33614
,,,,94,59245,32396,33614
,,,,95,59245,32396,33614
,,,,96,59245,32396,33614
,,,,97,59245,32396,33614
,,,,98,59245,32396,33614
,,,,99,59245,32396,33614
,,,,100,59245,32396,33614
,,,,101,59245,32396,33614
,,,,102,59245,32396,33614
,,,,103,59245,32396,33614
,,,,104,59245,32396,33614
,,,,105,59245,32396,33614
,,,,106,59245,32396,33614
,,,,107,59245,32396,33614
,,,,108,59245,32396,33614
,,,,109,59245,32396,33614
,,,,110,59245,32396,33614
,,,,111,59245,32396,33614
,,,,112,59245,32396,33614
,,,,113,59245,32396,33614
,,,,114,59245,32396,33614
,,,,115,59245,32396,33614
,,,,116,59245,32396,33614
,,,,117,59245,32396,33614
,,,,118,59245,32396,33614
,,,,119,59245,32396,33614
,,,,120,59245,32396,33614
,,,,121,59245,32396,33614
,,,,122,59245,32396,33614
,,,,123,59245,32396,33614
,,,,124,59245,32396,33614
,,,,125,59245,32396,33614
,,,,126,59245,32396,33614
,,,,127,59245,32396,33614
,,,,128,59245,32396,33614
,,,,129,59245,32396,33614
,,,,130,59245,32396,33614
,,,,131,59245,32396,33614
,,,,132,59245,32396,33614
,,,,133,59245,32396,33614
,,,,134,59245,32396,33614
,,,,135,59245,32396,33614
,,,,136,59245,32396,33614
,,,,137,59245,32396,33614
,,,,138,59245,32396,33614
,,,,139,59245,32396,33614
,,,,140,59245,32396,33614
,,,,141,59245,32396,33614
,,,,142,59245,32396,33614
,,,,143,59245,32396,33614
,,,,144,59245,32396,33614
,,,,145,59245,32396,33614
,,,,146,59245,32396,33614
,,,,147,59245,32396,33614
,,,,148,59245,32396,33614
,,,,149,59245,32396,33614
,,,,150,59245,32396,33614
,,,,151,59245,32396,33614
,,,,152,59245,32396,33614
,,,,153,59245,32396,33614
,,,,154,59245,32396,33614
,,,,155,59245,32396,33614
,,,,156,59245,32396,33614
,,,,157,59245,32396,33614
,,,,158,59245,32396,33614
,,,,159,59245,32396,33614
,,,,160,59245,32396,33614
,,,,161,59245,32396,33614
,,,,162,59245,32396,33614
,,,,163,59245,32396,33614
,,,,164,59245,32396,33614
,,,,165,59245,32396,33614
,,,,166,59245,32396,33614
,,,,167,59245,32396,33614
,,,,168,59245,32396,33614
,,,,169,59245,32396,33614
,,,,170,59245,32396,33614
,,,,171,59245,32396,33614
,,,,172,59245,32396,33614
,,,,173,59245,32396,33614
,,,,174,59245,32396,33614
,,,,175,59245,32396,33614
,,,,176,59245,32396,33614
,,,,177,59245,32396,33614
,,,,178,59245,32396,33614
,,,,179,59245,32396,33614
,,,,180,59245,32396,33614
,,,,181,59245,32396,33614
,,,,182,59245,32396,33614
,,,,183,59245,32396,33614
,,,,184,59245,32396,33614
,,,,185,59245,32396,33614
,,,,186,59245,32396,33614
,,,,187,59245,32396,33614
,,,,188,59245,32396,33614
,,,,189,59245,32396,33614
,,,,190,59245,32396,33614
,,,,191,59245,32396,33614
,,,,192,59245,32396,33614
,,,,193,59245,32396,33614
,,,,194,59245,32396,33614
,,,,195,59245,32396,33614
,,,,196,59245,32396,33614
,,,,197,59245,32396,33614
,,,,198,59245,32396,33614
,,,,199,59245,32396,33614
,,,,200,59245,32396,33614
,,,,201,59245,32396,33614
,,,,202,59245,32396,33614
,,,,203,59245,32396,33614
,,,,204,59245,32396,33614
,,,,205,59245,32396,33614
,,,,206,59245,32396,33614
,,,,207,59245,32396,33614
,,,,208,59245,32396,33614
,,,,209,59245,32396,33614
,,,,210,59245,32396,33614
,,,,211,59245,32396,33614
,,,,212,59245,32396,33614
,,,,213,59245,32396,33614
,,,,214,59245,32396,33614
,,,,215,59245,32396,33614
,,,,216,59245,32396,33614
,,,,217,59245,32396,33614
,,,,218,59245,32396,33614
,,,,219,59245,32396,33614
,,,,220,59245,32396,33614
,,,,221,59245,32396,33614
,,,,222,59245,32396,33614
,,,,223,59245,32396,33614
,,,,224,59245,32396,33614
,,,,225,59245,32396,33614
,,,,226,59245,32396,33614
,,,,227,59245,32396,33614
,,,,228,59245,32396,33614
,,,,229,59245,32396,33614
,,,,230,59245,32396,33614
,,,,231,59245,32396,33614
,,,,232,59245,32396,33614
,,,,233,59245,32396,33614
,,,,234,59245,32396,33614
,,,,235,59245,32396,33614
,,,,236,59245,32396,33614
,,,,237,59245,32396,33614
,,,,238,59245,32396,33614
,,,,239,59245,32396,33614
,,,,240,59245,32396,33614
,,,,241,59245,32396,33614
,,,,242,59245,32396,33614
,,,,243,59245,32396,33614
,,,,244,59245,32396,33614
,,,,245,59245,32396,33614
,,,,246,59245,32396,33614
,,,,247,59245,32396,33614
,,,,248,59245,32396,33614
,,,,249,59245,32396,33614
,,,,250,59245,32396,33614
,,,,251,59245,32396,33614
,,,,252,59245,32396,33614
,,,,253,59245,32396,33614
,,,,254,59245,32396,33614
,,,,255,59245,32396,33614
,,,,256,59245,32396,33614
,,,,257,59245,32396,33614
,,,,258,59245,32396,33614
,,,,259,59245,32396,33614
,,,,260,59245,32396,33614
,,,,261,59245,32396,33614
,,,,262,59245,32396,33614
,,,,263,59245,32396,33614
,,,,264,59245,32396,33614
,,,,265,59245,32396,33614
,,,,266,59245,32396,33614
,,,,267,59245,32396,33614
,,,,268,59245,32396,33614
,,,,269,59245,32396,33614
,,,,270,59245,32396,33614
,,,,271,59245,32396,33614
,,,,272,59245,32396,33614
,,,,273,59245,32396,33614
,,,,274,59245,32396,33614
,,,,275,59245,32396,33614
,,,,276,59245,32396,33614
,,,,277,59245,32396,33614
,,,,278,59245,32396,33614
,,,,279,59245,32396,33614
,,,,280,59245,32396,33614
,,,,281,59245,32396,33614
,,,,282,59245,32396,33614
,,,,283,59245,32396,33614
,,,,284,59245,32396,33614
,,,,285,59245,32396,33614
,,,,286,59245,32396,33614
,,,,287,59245,32396,33614
,,,,288,59245,32396,33614
,,,,289,59245,32396,33614
,,,,290,59245,32396,33614
,,,,291,59245,32396,33614
,,,,292,59245,32396,33614
,,,,293,59245,32396,33614
,,,,294,59245,32396,33614
,,,,295,59245,32396,33614
,,,,296,59245,32396,33614
,,,,297,59245,32396,33614
,,,,298,59245,32396,33614
,,,,299,59245,32396,33614
,,,,300,59245,32396,33614
,,,,301,59245,32396,33614
,,,,302,59245,32396,33614
,,,,303,59245,32396,33614
,,,,304,59245,32396,33614
,,,,305,59245,32396,33614
,,,,306,59245,32396,33614
,,,,307,59245,32396,33614
,,,,308,59245,32396,33614
,,,,309,59245,32396,33614
,,,,310,59245,32396,33614
,,,,311,59245,32396,33614
,,,,312,59245,32396,33614
,,,,313,59245,32396,33614
,,,,314,59245,32396,33614
,,,,315,59245,32396,33614
,,,,316,59245,32396,33614
,,,,317,59245,32396,33614
,,,,318,59245,32396,33614
,,,,319,59245,32396,33614
,,,,320,59245,32396,33614
,,,,321,59245,32396,33614
,,,,322,59245,32396,33614
,,,,323,59245,32396,33614
,,,,324,59245,32396,33614
,,,,325,59245,32396,33614
,,,,326,59245,32396,33614
,,,,327,59245,32396,33614
,,,,328,59245,32396,33614
,,,,329,59245,32396,33614
,,,,330,59245,32396,33614
,,,,331,59245,32396,33614
,,,,332,59245,32396,33614
,,,,333,59245,32396,33614
,,,,334,59245,32396,33614
,,,,335,59245,32396,33614
,,,,336,59245,32396,33614
,,,,337,59245,32396,33614
,,,,338,59245,32396,33614
,,,,339,59245,32396,33614
,,,,340,59245,32396,33614
,,,,341,59245,32396,33614
,,,,342,59245,32396,33614
,,,,343,59245,32396,33614
,,,,344,59245,32396,33614
,,,,345,59245,32396,33614
,,,,346,59245,32396,33614
,,,,347,59245,32396,33614
,,,,348,59245,32396,33614
,,,,349,59245,32396,33614
,,,,350,59245,32396,33614
,,,,351,59245,32396,33614
,,,,352,59245,32396,33614
,,,,353,59245,32396,33614
,,,,354,59245,32396,33614
,,,,355,59245,32396,33614
,,,,356,59245,32396,33614
,,,,357,59245,32396,33614
,,,,358,59245,32396,33614
,,,,359,59245,32396,33614
,,,,360,59245,32396,33614
,,,,361,59245,32396,33614
,,,,362,59245,32396,33614
,,,,363,59245,32396,33614
,,,,364,59245,32396,33614
,,,,365,59245,32396,33614
,,,,366,59245,32396,33614
,,,,367,59245,32396,33614
,,,,368,59245,32396,33614
,,,,369,59245,32396,33614
,,,,370,59245,32396,33614
,,,,371,59245,32396,33614
,,,,372,59245,32396,33614
,,,,373,59245,32396,33614
,,,,374,59245,32396,33614
,,,,375,59245,32396,33614
,,,,376,59245,32396,33614
,,,,377,59245,32396,33614
,,,,378,59245,32396,33614
,,,,379,59245,32396,33614
,,,,380,59245,32396,33614
,,,,381,59245,32396,33614
,,,,382,59245,32396,33614
,,,,383,59245,32396,33614
,,,,384,59245,32396,33614
,,,,385,59245,32396,33614
,,,,386,59245,32396,33614
,,,,387,59245,32396,33614
,,,,388,59245,32396,33614
,,,,389,59245,32396,33614
,,,,390,59245,32396,33614
,,,,391,59245,32396,33614
,,,,392,59245,32396,33614
,,,,393,59245,32396,33614
,,,,394,59245,32396,33614
,,,,395,59245,32396,33614
,,,,396,59245,32396,33614
,,,,397,59245,32396,33614
,,,,398,59245,32396,33614
,,,,399,59245,32396,33614
,,,,400,59245,32396,33614
,,,,401,59245,32396,33614
,,,,402,59245,32396,33614
,,,,403,59245,32396,33614
,,,,404,59245,32396,33614
,,,,405,59245,32396,33614
,,,,406,59245,32396,33614
,,,,407,59245,32396,33614
,,,,408,59245,32396,33614
,,,,409,59245,32396,33614
,,,,410,59245,32396,33614
,,,,411,59245,32396,33614
,,,,412,59245,32396,33614
,,,,413,59245,32396,33614
,,,,414,59245,32396,33614
,,,,415,59245,32396,33614
,,,,416,59245,32396,33614
,,,,417,59245,32396,33614
,,,,418,59245,32396,33614
,,,,419,59245,32396,33614
,,,,420,59245,32396,33614
,,,,421,59245,32396,33614
,,,,422,59245,32396,33614
,,,,423,59245,32396,33614
,,,,424,59245,32396,33614
,,,,425,59245,32396,33614
,,,,426,59245,32396,33614
,,,,427,59245,32396,33614
,,,,428,59245,32396,33614
,,,,429,59245,32396,33614
,,,,430,59245,32396,33614
,,,,431,59245,32396,33614
,,,,432,59245,32396,33614
,,,,433,59245,32396,33614
,,,,434,59245,32396,33614
,,,,435,59245,32396,33614
,,,,436,59245,32396,33614
,,,,437,59245,32396,33614
,,,,438,59245,32396,33614
,,,,439,59245,32396,33614
,,,,440,59245,32396,33614
,,,,441,59245,32396,33614
,,,,442,59245,32396,33614
,,,,443,59245,32396,33614
,,,,444,59245,32396,33614
,,,,445,59245,32396,33614
,,,,446,59245,32396,33614
,,,,447,59245,32396,33614
,,,,448,59245,32396,33614
,,,,449,59245,32396,33614
,,,,450,59245,32396,33614
,,,,451,59245,32396,33614
,,,,452,59245,32396,33614
,,,,453,59245,32396,33614
,,,,454,59245,32396,33614
,,,,455,59245,32396,33614
,,,,456,59245,32396,33614
,,,,457,59245,32396,33614
,,,,458,59245,32396,33614
,,,,459,59245,32396,33614
,,,,460,59245,32396,33614
,,,,461,59245,32396,33614
,,,,462,59245,32396,33614
,,,,463,59245,32396,33614
,,,,464,59245,32396,33614
,,,,465,59245,32396,33614
,,,,466,59245,32396,33614
,,,,467,59245,32396,33614
,,,,468,59245,32396,33614
,,,,469,59245,32396,33614
,,,,470,59245,32396,33614
,,,,471,59245,32396,33614
,,,,472,59245,32396,33614
,,,,473,59245,32396,33614
,,,,474,59245,32396,33614
,,,,475,59245,32396,33614
,,,,476,59245,32396,33614
,,,,477,59245,32396,33614
,,,,478,59245,32396,33614
,,,,479,59245,32396,33614
,,,,480,59245,32396,33614
,,,,481,59245,32396,33614
,,,,482,59245,32396,33614
,,,,483,59245,32396,33614
,,,,484,59245,32396,33614
,,,,485,59245,32396,33614
,,,,486,59245,32396,33614
,,,,487,59245,32396,33614
,,,,488,59245,32396,33614
,,,,489,59245,32396,33614
,,,,490,59245,32396,33614
,,,,491,59245,32396,33614
,,,,492,59245,32396,33614
,,,,493,59245,32396,33614
,,,,494,59245,32396,33614
,,,,495,59245,32396,33614
,,,,496,59245,32396,33614
,,,,497,59245,32396,33614
,,,,498,59245,32396,33614
,,,,499,59245,32396,33614
,,,,500,59245,32396,33614
,,,,501,59245,32396,33614
,,,,502,59245,32396,33614
,,,,503,59245,32396,33614
,,,,504,59245,32396,33614
,,,,505,59245,32396,33614
,,,,506,59245,32396,33614
,,,,507,59245,32396,33614
,,,,508,59245,32396,33614
,,,,509,59245,32396,33614
,,,,510,59245,32396,33614
,,,,511,59245,32396,33614
,,,,512,59245,32396,33614
,,,,513,59245,32396,33614
,,,,514,59245,32396,33614
,,,,515,59245,32396,33614
,,,,516,59245,32396,33614
,,,,517,59245,32396,33614
,,,,518,59245,32396,33614
,,,,519,59245,32396,33614
,,,,520,59245,32396,33614
,,,,521,59245,32396,33614
,,,,522,59245,32396,33614
,,,,523,59245,32396,33614
,,,,524,59245,32396,33614
,,,,525,59245,32396,33614
,,,,526,59245,32396,33614
,,,,527,59245,32396,33614
,,,,528,59245,32396,33614
,,,,529,59245,32396,33614
,,,,530,59245,32396,33614
,,,,531,59245,32396,33614
,,,,532,59245,32396,33614
,,,,533,59245,32396,33614
,,,,534,59245,32396,33614
,,,,535,59245,32396,33614
,,,,536,59245,32396,33614
,,,,537,59245,32396,33614
,,,,538,59245,32396,33614
,,,,539,59245,32396,33614
,,,,540,59245,32396,33614
,,,,541,59245,32396,33614
,,,,542,59245,32396,33614
,,,,543,59245,32396,33614
,,,,544,59245,32396,33614
,,,,545,59245,32396,33614
,,,,546,59245,32396,33614
,,,,547,59245,32396,33614
,,,,548,59245,32396,33614
,,,,549,59245,32396,33614
,,,,550,59245,32396,33614
,,,,551,59245,32396,33614
,,,,552,59245,32396,33614
,,,,553,59245,32396,33614
,,,,554,59245,32396,33614
,,,,555,59245,32396,33614
,,,,556,59245,32396,33614
,,,,557,59245,32396,33614
,,,,558,59245,32396,33614
,,,,559,59245,32396,33614
,,,,560,59245,32396,33614
,,,,561,59245,32396,33614
,,,,562,59245,32396,33614
,,,,563,59245,32396,33614
,,,,564,59245,32396,33614
,,,,565,59245,32396,33614
,,,,566,59245,32396,33614
,,,,567,59245,32396,33614
,,,,568,59245,32396,33614
,,,,569,59245,32396,33614
,,,,570,59245,32396,33614
,,,,571,59245,32396,33614
,,,,572,59245,32396,33614
,,,,573,59245,32396,33614
,,,,574,59245,32396,33614
,,,,575,59245,32396,33614
,,,,576,59245,32396,33614
,,,,577,59245,32396,33614
,,,,578,59245,32396,33614
,,,,579,59245,32396,33614
,,,,580,59245,32396,33614
,,,,581,59245,32396,33614
,,,,582,59245,32396,33614
,,,,583,59245,32396,33614
,,,,584,59245,32396,33614
,,,,585,59245,32396,33614
,,,,586,59245,32396,33614
,,,,587,59245,32396,33614
,,,,588,59245,32396,33614
,,,,589,59245,32396,33614
,,,,590,59245,32396,33614
,,,,591,59245,32396,33614
,,,,592,59245,32396,33614
,,,,593,59245,32396,33614
,,,,594,59245,32396,33614
,,,,595,59245,32396,33614
,,,,596,59245,32396,33614
,,,,597,59245,32396,33614
,,,,598,59245,32396,33614
,,,,599,59245,32396,33614
,,,,600,59245,32396,33614
,,,,601,59245,32396,33614
,,,,602,59245,32396,33614
,,,,603,59245,32396,33614
,,,,604,59245,32396,33614
,,,,605,59245,32396,33614
,,,,606,59245,32396,33614
,,,,607,59245,32396,33614
,,,,608,59245,32396,33614
,,,,609,59245,32396,33614
,,,,610,59245,32396,33614
,,,,611,59245,32396,33614
,,,,612,59245,32396,33614
,,,,613,59245,32396,33614
,,,,614,59245,32396,33614
,,,,615,59245,32396,33614
,,,,616,59245,32396,33614
,,,,617,59245,32396,33614
,,,,618,59245,32396,33614
,,,,619,59245,32396,33614
,,,,620,59245,32396,33614
,,,,621,59245,32396,33614
,,,,622,59245,32396,33614
,,,,623,59245,32396,33614
,,,,624,59245,32396,33614
,,,,625,59245,32396,33614
,,,,626,59245,32396,33614
,,,,627,59245,32396,33614
,,,,628,59245,32396,33614
,,,,629,59245,32396,33614
,,,,630,59245,32396,33614
,,,,631,59245,32396,33614
,,,,632,59245,32396,33614
,,,,633,59245,32396,33614
,,,,634,59245,32396,33614
,,,,635,59245,32396,33614
,,,,636,59245,32396,33614
,,,,637,59245,32396,33614
,,,,638,59245,32396,33614
,,,,639,59245,32396,33614
,,,,640,59245,32396,33614
,,,,641,59245,32396,33614
,,,,642,59245,32396,33614
,,,,643,59245,32396,33614
,,,,644,59245,32396,33614
,,,,645,59245,32396,33614
,,,,646,59245,32396,33614
,,,,647,59245,32396,33614
,,,,648,59245,32396,33614
,,,,649,59245,32396,33614
,,,,650,59245,32396,33614
,,,,651,59245,32396,33614
,,,,652,59245,32396,33614
,,,,653,59245,32396,33614
,,,,654,59245,32396,33614
,,,,655,59245,32396,33614
,,,,656,59245,32396,33614
,,,,657,59245,32396,33614
,,,,658,59245,32396,33614
,,,,659,59245,32396,33614
,,,,660,59245,32396,33614
,,,,661,59245,32396,33614
,,,,662,59245,32396,33614
,,,,663,59245,32396,33614
,,,,664,59245,32396,33614
,,,,665,59245,32396,33614
,,,,666,59245,32396,33614
,,,,667,59245,32396,33614
,,,,668,59245,32396,33614
,,,,669,59245,32396,33614
,,,,670,59245,32396,33614
,,,,671,59245,32396,33614
,,,,672,59245,32396,33614
,,,,673,59245,32396,33614
,,,,674,59245,32396,33614
,,,,675,59245,32396,33614
,,,,676,59245,32396,33614
,,,,677,59245,32396,33614
,,,,678,59245,32396,33614
,,,,679,59245,32396,33614
,,,,680,59245,32396,33614
,,,,681,59245,32396,33614
,,,,682,59245,32396,33614
,,,,683,59245,32396,33614
,,,,684,59245,32396,33614
,,,,685,59245,32396,33614
,,,,686,59245,32396,33614
,,,,687,59245,32396,33614
,,,,688,59245,32396,33614
,,,,689,59245,32396,33614
,,,,690,59245,32396,33614
,,,,691,59245,32396,33614
,,,,692,59245,32396,33614
,,,,693,59245,32396,33614
,,,,694,59245,32396,33614
,,,,695,59245,32396,33614
,,,,696,59245,32396,33614
,,,,697,59245,32396,33614
,,,,698,59245,32396,33614
,,,,699,59245,32396,33614
,,,,700,59245,32396,33614
,,,,701,59245,32396,33614
,,,,702,59245,32396,33614
,,,,703,59245,32396,33614
,,,,704,59245,32396,33614
,,,,705,59245,32396,33614
,,,,706,59245,32396,33614
,,,,707,59245,32396,33614
,,,,708,59245,32396,33614
,,,,709,59245,32396,33614
,,,,710,59245,32396,33614
,,,,711,59245,32396,33614
,,,,712,59245,32396,33614
,,,,713,59245,32396,33614
,,,,714,59245,32396,33614
,,,,715,59245,32396,33614
,,,,716,59245,32396,33614
,,,,717,59245,32396,33614
,,,,718,59245,32396,33614
,,,,719,59245,32396,33614
,,,,720,59245,32396,33614
,,,,721,59245,32396,33614
,,,,722,59245,32396,33614
,,,,723,59245,32396,33614
,,,,724,59245,32396,33614
,,,,725,59245,32396,33614
,,,,726,59245,32396,33614
,,,,727,59245,32396,33614
,,,,728,59245,32396,33614
,,,,729,59245,32396,33614
,,,,730,59245,32396,33614
,,,,731,59245,32396,33614
,,,,732,59245,32396,33614
,,,,733,59245,32396,33614
,,,,734,59245,32396,33614
,,,,735,59245,32396,33614
,,,,736,59245,32396,33614
,,,,737,59245,32396,33614
,,,,738,59245,32396,33614
,,,,739,59245,32396,33614
,,,,740,59245,32396,33614
,,,,741,59245,32396,33614
,,,,742,59245,32396,33614
,,,,743,59245,32396,33614
,,,,744,59245,32396,33614
,,,,745,59245,32396,33614
,,,,746,59245,32396,33614
,,,,747,59245,32396,33614
,,,,748,59245,32396,33614
,,,,749,59245,32396,33614
,,,,750,59245,32396,33614
,,,,751,59245,32396,33614
,,,,752,59245,32396,33614
,,,,753,59245,32396,33614
,,,,754,59245,32396,33614
,,,,755,59245,32396,33614
,,,,756,59245,32396,33614
,,,,757,59245,32396,33614
,,,,758,59245,32396,33614
,,,,759,59245,32396,33614
,,,,760,59245,32396,33614
,,,,761,59245,32396,33614
,,,,762,59245,32396,33614
,,,,763,59245,32396,33614
,,,,764,59245,32396,33614
,,,,765,59245,32396,33614
,,,,766,59245,32396,33614
,,,,767,59245,32396,33614
,,,,768,59245,32396,33614
,,,,769,59245,32396,33614
,,,,770,59245,32396,33614
,,,,771,59245,32396,33614
,,,,772,59245,32396,33614
,,,,773,59245,32396,33614
,,,,774,59245,32396,33614
,,,,775,59245,32396,33614
,,,,776,59245,32396,33614
,,,,777,59245,32396,33614
,,,,778,59245,32396,33614
,,,,779,59245,32396,33614
,,,,780,59245,32396,33614
,,,,781,59245,32396,33614
,,,,782,59245,32396,33614
,,,,783,59245,32396,33614
,,,,784,59245,32396,33614
,,,,785,59245,32396,33614
,,,,786,59245,32396,33614
,,,,787,59245,32396,33614
,,,,788,59245,32396,33614
,,,,789,59245,32396,33614
,,,,790,59245,32396,33614
,,,,791,59245,32396,33614
,,,,792,59245,32396,33614
,,,,793,59245,32396,33614
,,,,794,59245,32396,33614
,,,,795,59245,32396,33614
,,,,796,59245,32396,33614
,,,,797,59245,32396,33614
,,,,798,59245,32396,33614
,,,,799,59245,32396,33614
,,,,800,59245,32396,33614
,,,,801,59245,32396,33614
,,,,802,59245,32396,33614
,,,,803,59245,32396,33614
,,,,804,59245,32396,33614
,,,,805,59245,32396,33614
,,,,806,59245,32396,33614
,,,,807,59245,32396,33614
,,,,808,59245,32396,33614
,,,,809,59245,32396,33614
,,,,810,59245,32396,33614
,,,,811,59245,32396,33614
,,,,812,59245,32396,33614
,,,,813,59245,32396,33614
,,,,814,59245,32396,33614
,,,,815,59245,32396,33614
,,,,816,59245,32396,33614
,,,,817,59245,32396,33614
,,,,818,59245,32396,33614
,,,,819,59245,32396,33614
,,,,820,59245,32396,33614
,,,,821,59245,32396,33614
,,,,822,59245,32396,33614
,,,,823,59245,32396,33614
,,,,824,59245,32396,33614
,,,,825,59245,32396,33614
,,,,826,59245,32396,33614
,,,,827,59245,32396,33614
,,,,828,59245,32396,33614
,,,,829,59245,32396,33614
,,,,830,59245,32396,33614
,,,,831,59245,32396,33614
,,,,832,59245,32396,33614
,,,,833,59245,32396,33614
,,,,834,59245,32396,33614
,,,,835,59245,32396,33614
,,,,836,59245,32396,33614
,,,,837,59245,32396,33614
,,,,838,59245,32396,33614
,,,,839,59245,32396,33614
,,,,840,59245,32396,33614
,,,,841,59245,32396,33614
,,,,842,59245,32396,33614
,,,,843,59245,32396,33614
,,,,844,59245,32396,33614
,,,,845,59245,32396,33614
,,,,846,59245,32396,33614
,,,,847,59245,32396,33614
,,,,848,59245,32396,33614
,,,,849,59245,32396,33614
,,,,850,59245,32396,33614
,,,,851,59245,32396,33614
,,,,852,59245,32396,33614
,,,,853,59245,32396,33614
,,,,854,59245,32396,33614
,,,,855,59245,32396,33614
,,,,856,59245,32396,33614
,,,,857,59245,32396,33614
,,,,858,59245,32396,33614
,,,,859,59245,32396,33614
,,,,860,59245,32396,33614
,,,,861,59245,32396,33614
,,,,862,59245,32396,33614
,,,,863,59245,32396,33614
,,,,864,59245,32396,33614
,,,,865,59245,32396,33614
,,,,866,59245,32396,33614
,,,,867,59245,32396,33614
,,,,868,59245,32396,33614
,,,,869,59245,32396,33614
,,,,870,59245,32396,33614
,,,,871,59245,32396,33614
,,,,872,59245,32396,33614
,,,,873,59245,32396,33614
,,,,874,59245,32396,33614
,,,,875,59245,32396,33614
,,,,876,59245,32396,33614
,,,,877,59245,32396,33614
,,,,878,59245,32396,33614
,,,,879,59245,32396,33614
,,,,880,59245,32396,33614
,,,,881,59245,32396,33614
,,,,882,59245,32396,33614
,,,,883,59245,32396,33614
,,,,884,59245,32396,33614
,,,,885,59245,32396,33614
,,,,886,59245,32396,33614
,,,,887,59245,32396,33614
,,,,888,59245,32396,33614
,,,,889,59245,32396,33614
,,,,890,59245,32396,33614
,,,,891,59245,32396,33614
,,,,892,59245,32396,33614
,,,,893,59245,32396,33614
,,,,894,59245,32396,33614
,,,,895,59245,32396,33614
,,,,896,59245,32396,33614
,,,,897,59245,32396,33614
,,,,898,59245,32396,33614
,,,,899,59245,32396,33614
,,,,900,59245,32396,33614
,,,,901,59245,32396,33614
,,,,902,59245,32396,33614
,,,,903,59245,32396,33614
,,,,904,59245,32396,33614
,,,,905,59245,32396,33614
,,,,906,59245,32396,33614
,,,,907,59245,32396,33614
,,,,908,59245,32396,33614
,,,,909,59245,32396,33614
,,,,910,59245,32396,33614
,,,,911,59245,32396,33614
,,,,912,59245,32396,33614
,,,,913,59245,32396,33614
,,,,914,59245,32396,33614
,,,,915,59245,32396,33614
,,,,916,59245,32396,33614
,,,,917,59245,32396,33614
,,,,918,59245,32396,33614
,,,,919,59245,32396,33614
,,,,920,59245,32396,33614
,,,,921,59245,32396,33614
,,,,922,59245,32396,33614
,,,,923,59245,32396,33614
,,,,924,59245,32396,33614
,,,,925,59245,32396,33614
,,,,926,59245,32396,33614
,,,,927,59245,32396,33614
,,,,928,59245,32396,33614
,,,,929,59245,32396,33614
,,,,930,59245,32396,33614
,,,,931,59245,32396,33614
,,,,932,59245,32396,33614
,,,,933,59245,32396,33614
,,,,934,59245,32396,33614
,,,,935,59245,32396,33614
,,,,936,59245,32396,33614
,,,,937,59245,32396,33614
,,,,938,59245,32396,33614
,,,,939,59245,32396,33614
,,,,940,59245,32396,33614
,,,,941,59245,32396,33614
,,,,942,59245,32396,33614
,,,,943,59245,32396,33614
,,,,944,59245,32396,33614
,,,,945,59245,32396,33614
,,,,946,59245,32396,33614
,,,,947,59245,32396,33614
,,,,948,59245,32396,33614
,,,,949,59245,32396,33614
,,,,950,59245,32396,33614
,,,,951,59245,32396,33614
,,,,952,59245,32396,33614
,,,,953,59245,32396,33614
,,,,954,59245,32396,33614
,,,,955,59245,32396,33614
,,,,956,59245,32396,33614
,,,,957,59245,32396,33614
,,,,958,59245,32396,33614
,,,,959,59245,32396,33614
,,,,960,59245,32396,33614
,,,,961,59245,32396,33614
,,,,962,59245,32396,33614
,,,,963,59245,32396,33614
,,,,964,59245,32396,33614
,,,,965,59245,32396,33614
,,,,966,59245,32396,33614
,,,,967,59245,32396,33614
,,,,968,59245,32396,33614
,,,,969,59245,32396,33614
,,,,970,59245,32396,33614
,,,,971,59245,32396,33614
,,,,972,59245,32396,33614
,,,,973,59245,32396,33614
,,,,974,59245,32396,33614
,,,,975,59245,32396,33614
,,,,976,59245,32396,33614
,,,,977,59245,32396,33614
,,,,978,59245,32396,33614
,,,,979,59245,32396,33614
,,,,980,59245,32396,33614
,,,,981,59245,32396,33614
,,,,982,59245,32396,33614
,,,,983,59245,32396,33614
,,,,984,59245,32396,33614
,,,,985,59245,32396,33614
,,,,986,59245,32396,33614
,,,,987,59245,32396,33614
,,,,988,59245,32396,33614
,,,,989,59245,32396,33614
,,,,990,59245,32396,33614
,,,,991,59245,32396,33614
,,,,992,59245,32396,33614
,,,,993,59245,32396,33614
,,,,994,59245,32396,33614
,,,,995,59245,32396,33614
,,,,996,59245,32396,33614
,,,,997,59245,32396,33614
,,,,998,59245,32396,33614
,,,,999,59245,32396,33614
,,,,1000,59245,32396,33614
,,,,1001,59245,32396,33614
,,,,1002,59245,32396,33614
,,,,1003,59245,32396,33614
,,,,1004,59245,32396,33614
,,,,1005,59245,32396,33614
,,,,1006,59245,32396,33614
,,,,1007,59245,32396,33614
,,,,1008,59245,32396,33614
,,,,1009,59245,32396,33614
,,,,1010,59245,32396,33614
,,,,1011,59245,32396,33614
,,,,1012,59245,32396,33614
,,,,1013,59245,32396,33614
,,,,1014,59245,32396,33614
,,,,1015,59245,32396,33614
,,,,1016,59245,32396,33614
,,,,1017,59245,32396,33614
,,,,1018,59245,32396,33614
,,,,1019,59245,32396,33614
,,,,1020,59245,32396,33614
,,,,1021,59245,32396,33614
,,,,1022,59245,32396,33614
,,,,1023,59245,32396,33614
,,,,1024,59245,32396,33614
,,,,1025,59245,32396,33614
,,,,1026,59245,32396,33614
,,,,1027,59245,32396,33614
,,,,1028,59245,32396,33614
,,,,1029,59245,32396,33614
,,,,1030,59245,32396,33614
,,,,1031,59245,32396,33614
,,,,1032,59245,32396,33614
,,,,1033,59245,32396,33614
,,,,1034,59245,32396,33614
,,,,1035,59245,32396,33614
,,,,1036,59245,32396,33614
,,,,1037,59245,32396,33614
,,,,1038,59245,32396,33614
,,,,1039,59245,32396,33614
,,,,1040,59245,32396,33614
,,,,1041,59245,32396,33614
,,,,1042,59245,32396,33614
,,,,1043,59245,32396,33614
,,,,1044,59245,32396,33614
,,,,1045,59245,32396,33614
,,,,1046,59245,32396,33614
,,,,1047,59245,32396,33614
,,,,1048,59245,32396,33614
,,,,1049,59245,32396,33614
,,,,1050,59245,32396,33614
,,,,1051,59245,32396,33614
,,,,1052,59245,32396,33614
,,,,1053,59245,32396,33614
,,,,1054,59245,32396,33614
,,,,1055,59245,32396,33614
,,,,1056,59245,32396,33614
,,,,1057,59245,32396,33614
,,,,1058,59245,32396,33614
,,,,1059,59245,32396,33614
,,,,1060,59245,32396,33614
,,,,1061,59245,32396,33614
,,,,1062,59245,32396,33614
,,,,1063,59245,32396,33614
,,,,1064,59245,32396,33614
,,,,1065,59245,32396,33614
,,,,1066,59245,32396,33614
,,,,1067,59245,32396,33614
,,,,1068,59245,32396,33614
,,,,1069,59245,32396,33614
,,,,1070,59245,32396,33614
,,,,1071,59245,32396,33614
,,,,1072,59245,32396,33614
,,,,1073,59245,32396,33614
,,,,1074,59245,32396,33614
,,,,1075,59245,32396,33614
,,,,1076,59245,32396,33614
,,,,1077,59245,32396,33614
,,,,1078,59245,32396,33614
,,,,1079,59245,32396,33614
,,,,1080,59245,32396,33614
,,,,1081,59245,32396,33614
,,,,1082,59245,32396,33614
,,,,1083,59245,32396,33614
,,,,1084,59245,32396,33614
,,,,1085,59245,32396,33614
,,,,1086,59245,32396,33614
,,,,1087,59245,32396,33614
,,,,1088,59245,32396,33614
,,,,1089,59245,32396,33614
,,,,1090,59245,32396,33614
,,,,1091,59245,32396,33614
,,,,1092,59245,32396,33614
,,,,1093,59245,32396,33614
,,,,1094,59245,32396,33614
,,,,1095,59245,32396,33614
,,,,1096,59245,32396,33614
,,,,1097,59245,32396,33614
,,,,1098,59245,32396,33614
,,,,1099,59245,32396,33614
,,,,1100,59245,32396,33614
,,,,1101,59245,32396,33614
,,,,1102,59245,32396,33614
,,,,1103,59245,32396,33614
,,,,1104,59245,32396,33614
,,,,1105,59245,32396,33614
,,,,1106,59245,32396,33614
,,,,1107,59245,32396,33614
,,,,1108,59245,32396,33614
,,,,1109,59245,32396,33614
,,,,1110,59245,32396,33614
,,,,1111,59245,32396,33614
,,,,1112,59245,32396,33614
,,,,1113,59245,32396,33614
,,,,1114,59245,32396,33614
,,,,1115,59245,32396,33614
,,,,1116,59245,32396,33614
,,,,1117,59245,32396,33614
,,,,1118,59245,32396,33614
,,,,1119,59245,32396,33614
,,,,1120,59245,32396,33614
,,,,1121,59245,32396,33614
,,,,1122,59245,32396,33614
,,,,1123,59245,32396,33614
,,,,1124,59245,32396,33614
,,,,1125,59245,32396,33614
,,,,1126,59245,32396,33614
,,,,1127,59245,32396,33614
,,,,1128,59245,32396,33614
,,,,1129,59245,32396,33614
,,,,1130,59245,32396,33614
,,,,1131,59245,32396,33614
,,,,1132,59245,32396,33614
,,,,1133,59245,32396,33614
,,,,1134,59245,32396,33614
,,,,1135,59245,32396,33614
,,,,1136,59245,32396,33614
,,,,1137,59245,32396,33614
,,,,1138,59245,32396,33614
,,,,1139,59245,32396,33614
,,,,1140,59245,32396,33614
,,,,1141,59245,32396,33614
,,,,1142,59245,32396,33614
,,,,1143,59245,32396,33614
,,,,1144,59245,32396,33614
,,,,1145,59245,32396,33614
,,,,1146,59245,32396,33614
,,,,1147,59245,32396,33614
,,,,1148,59245,32396,33614
,,,,1149,59245,32396,33614
,,,,1150,59245,32396,33614
,,,,1151,59245,32396,33614
,,,,1152,59245,32396,33614
,,,,1153,59245,32396,33614
,,,,1154,59245,32396,33614
,,,,1155,59245,32396,33614
,,,,1156,59245,32396,33614
,,,,1157,59245,32396,33614
,,,,1158,59245,32396,33614
,,,,1159,59245,32396,33614
,,,,1160,59245,32396,33614
,,,,1161,59245,32396,33614
,,,,1162,59245,32396,33614
,,,,1163,59245,32396,33614
,,,,1164,59245,32396,33614
,,,,1165,59245,32396,33614
,,,,1166,59245,32396,33614
,,,,1167,59245,32396,33614
,,,,1168,59245,32396,33614
,,,,1169,59245,32396,33614
,,,,1170,59245,32396,33614
,,,,1171,59245,32396,33614
,,,,1172,59245,32396,33614
,,,,1173,59245,32396,33614
,,,,1174,59245,32396,33614
,,,,1175,59245,32396,33614
,,,,1176,59245,32396,33614
,,,,1177,59245,32396,33614
,,,,1178,59245,32396,33614
,,,,1179,59245,32396,33614
,,,,1180,59245,32396,33614
,,,,1181,59245,32396,33614
,,,,1182,59245,32396,33614
,,,,1183,59245,32396,33614
,,,,1184,59245,32396,33614
,,,,1185,59245,32396,33614
,,,,1186,59245,32396,33614
,,,,1187,59245,32396,33614
,,,,1188,59245,32396,33614
,,,,1189,59245,32396,33614
,,,,1190,59245,32396,33614
,,,,1191,59245,32396,33614
,,,,1192,59245,32396,33614
,,,,1193,59245,32396,33614
,,,,1194,59245,32396,33614
,,,,1195,59245,32396,33614
,,,,1196,59245,32396,33614
,,,,1197,59245,32396,33614
,,,,1198,59245,32396,33614
,,,,1199,59245,32396,33614
,,,,1200,59245,32396,33614
,,,,1201,59245,32396,33614
,,,,1202,59245,32396,33614
,,,,1203,59245,32396,33614
,,,,1204,59245,32396,33614
,,,,1205,59245,32396,33614
,,,,1206,59245,32396,33614
,,,,1207,59245,32396,33614
,,,,1208,59245,32396,33614
,,,,1209,59245,32396,33614
,,,,1210,59245,32396,33614
,,,,1211,59245,32396,33614
,,,,1212,59245,32396,33614
,,,,1213,59245,32396,33614
,,,,1214,59245,32396,33614
,,,,1215,59245,32396,33614
,,,,1216,59245,32396,33614
,,,,1217,59245,32396,33614
,,,,1218,59245,32396,33614
,,,,1219,59245,32396,33614
,,,,1220,59245,32396,33614
,,,,1221,59245,32396,33614
,,,,1222,59245,32396,33614
,,,,1223,59245,32396,33614
,,,,1224,59245,32396,33614
,,,,1225,59245,32396,33614
,,,,1226,59245,32396,33614
,,,,1227,59245,32396,33614
,,,,1228,59245,32396,33614
,,,,1229,59245,32396,33614
,,,,1230,59245,32396,33614
,,,,1231,59245,32396,33614
,,,,1232,59245,32396,33614
,,,,1233,59245,32396,33614
,,,,1234,59245,32396,33614
,,,,1235,59245,32396,33614
,,,,1236,59245,32396,33614
,,,,1237,59245,32396,33614
,,,,1238,59245,32396,33614
,,,,1239,59245,32396,33614
,,,,1240,59245,32396,33614
,,,,1241,59245,32396,33614
,,,,1242,59245,32396,33614
,,,,1243,59245,32396,33614
,,,,1244,59245,32396,33614
,,,,1245,59245,32396,33614
,,,,1246,59245,32396,33614
,,,,1247,59245,32396,33614
,,,,1248,59245,32396,33614
,,,,1249,59245,32396,33614
,,,,1250,59245,32396,33614
,,,,1251,59245,32396,33614
,,,,1252,59245,32396,33614
,,,,1253,59245,32396,33614
,,,,1254,59245,32396,33614
,,,,1255,59245,32396,33614
,,,,1256,59245,32396,33614
,,,,1257,59245,32396,33614
,,,,1258,59245,32396,33614
,,,,1259,59245,32396,33614
,,,,1260,59245,32396,33614
,,,,1261,59245,32396,33614
,,,,1262,59245,32396,33614
,,,,1263,59245,32396,33614
,,,,1264,59245,32396,33614
,,,,1265,59245,32396,33614
,,,,1266,59245,32396,33614
,,,,1267,59245,32396,33614
,,,,1268,59245,32396,33614
,,,,1269,59245,32396,33614
,,,,1270,59245,32396,33614
,,,,1271,59245,32396,33614
,,,,1272,59245,32396,33614
,,,,1273,59245,32396,33614
,,,,1274,59245,32396,33614
,,,,1275,59245,32396,33614
,,,,1276,59245,32396,33614
,,,,1277,59245,32396,33614
,,,,1278,59245,32396,33614
,,,,1279,59245,32396,33614
,,,,1280,59245,32396,33614
,,,,1281,59245,32396,33614
,,,,1282,59245,32396,33614
,,,,1283,59245,32396,33614
,,,,1284,59245,32396,33614
,,,,1285,59245,32396,33614
,,,,1286,59245,32396,33614
,,,,1287,59245,32396,33614
,,,,1288,59245,32396,33614
,,,,1289,59245,32396,33614
,,,,1290,59245,32396,33614
,,,,1291,59245,32396,33614
,,,,1292,59245,32396,33614
,,,,1293,59245,32396,33614
,,,,1294,59245,32396,33614
,,,,1295,59245,32396,33614
,,,,1296,59245,32396,33614
,,,,1297,59245,32396,33614
,,,,1298,59245,32396,33614
,,,,1299,59245,32396,33614
,,,,1300,59245,32396,33614
,,,,1301,59245,32396,33614
,,,,1302,59245,32396,33614
,,,,1303,59245,32396,33614
,,,,1304,59245,32396,33614
,,,,1305,59245,32396,33614
,,,,1306,59245,32396,33614
,,,,1307,59245,32396,33614
,,,,1308,59245,32396,33614
,,,,1309,59245,32396,33614
,,,,1310,59245,32396,33614
,,,,1311,59245,32396,33614
,,,,1312,59245,32396,33614
,,,,1313,59245,32396,33614
,,,,1314,59245,32396,33614
,,,,1315,59245,32396,33614
,,,,1316,59245,32396,33614
,,,,1317,59245,32396,33614
,,,,1318,59245,32396,33614
,,,,1319,59245,32396,33614
,,,,1320,59245,32396,33614
,,,,1321,59245,32396,33614
,,,,1322,59245,32396,33614
,,,,1323,59245,32396,33614
,,,,1324,59245,32396,33614
,,,,1325,59245,32396,33614
,,,,1326,59245,32396,33614
,,,,1327,59245,32396,33614
,,,,1328,59245,32396,33614
,,,,1329,59245,32396,33614
,,,,1330,59245,32396,33614
,,,,1331,59245,32396,33614
,,,,1332,59245,32396,33614
,,,,1333,59245,32396,33614
,,,,1334,59245,32396,33614
,,,,1335,59245,32396,33614
,,,,1336,59245,32396,33614
,,,,1337,59245,32396,33614
,,,,1338,59245,32396,33614
,,,,1339,59245,32396,33614
,,,,1340,59245,32396,33614
,,,,1341,59245,32396,33614
,,,,1342,59245,32396,33614
,,,,1343,59245,32396,33614
,,,,1344,59245,32396,33614
,,,,1345,59245,32396,33614
,,,,1346,59245,32396,33614
,,,,1347,59245,32396,33614
,,,,1348,59245,32396,33614
,,,,1349,59245,32396,33614
,,,,1350,59245,32396,33614
,,,,1351,59245,32396,33614
,,,,1352,59245,32396,33614
,,,,1353,59245,32396,33614
,,,,1354,59245,32396,33614
,,,,1355,59245,32396,33614
,,,,1356,59245,32396,33614
,,,,1357,59245,32396,33614
,,,,1358,59245,32396,33614
,,,,1359,59245,32396,33614
,,,,1360,59245,32396,33614
,,,,1361,59245,32396,33614
,,,,1362,59245,32396,33614
,,,,1363,59245,32396,33614
,,,,1364,59245,32396,33614
,,,,1365,59245,32396,33614
,,,,1366,59245,32396,33614
,,,,1367,59245,32396,33614
,,,,1368,59245,32396,33614
,,,,1369,59245,32396,33614
,,,,1370,59245,32396,33614
,,,,1371,59245,32396,33614
,,,,1372,59245,32396,33614
,,,,1373,59245,32396,33614
,,,,1374,59245,32396,33614
,,,,1375,59245,32396,33614
,,,,1376,59245,32396,33614
,,,,1377,59245,32396,33614
,,,,1378,59245,32396,33614
,,,,1379,59245,32396,33614
,,,,1380,59245,32396,33614
,,,,1381,59245,32396,33614
,,,,1382,59245,32396,33614
,,,,1383,59245,32396,33614
,,,,1384,59245,32396,33614
,,,,1385,59245,32396,33614
,,,,1386,59245,32396,33614
,,,,1387,59245,32396,33614
,,,,1388,59245,32396,33614
,,,,1389,59245,32396,33614
,,,,1390,59245,32396,33614
,,,,1391,59245,32396,33614
,,,,1392,59245,32396,33614
,,,,1393,59245,32396,33614
,,,,1394,59245,32396,33614
,,,,1395,59245,32396,33614
,,,,1396,59245,32396,33614
,,,,1397,59245,32396,33614
,,,,1398,59245,32396,33614
,,,,1399,59245,32396,33614
,,,,1400,59245,32396,33614
,,,,1401,59245,32396,33614
,,,,1402,59245,32396,33614
,,,,1403,59245,32396,33614
,,,,1404,59245,32396,33614
,,,,1405,59245,32396,33614
,,,,1406,59245,32396,33614
,,,,1407,59245,32396,33614
,,,,1408,59245,32396,33614
,,,,1409,59245,32396,33614
,,,,1410,59245,32396,33614
,,,,1411,59245,32396,33614
,,,,1412,59245,32396,33614
,,,,1413,59245,32396,33614
,,,,1414,59245,32396,33614
,,,,1415,59245,32396,33614
,,,,1416,59245,32396,33614
,,,,1417,59245,32396,33614
,,,,1418,59245,32396,33614
,,,,1419,59245,32396,33614
,,,,1420,59245,32396,33614
,,,,1421,59245,32396,33614
,,,,1422,59245,32396,33614
,,,,1423,59245,32396,33614
,,,,1424,59245,32396,33614
,,,,1425,59245,32396,33614
,,,,1426,59245,32396,33614
,,,,1427,59245,32396,33614
,,,,1428,59245,32396,33614
,,,,1429,59245,32396,33614
,,,,1430,59245,32396,33614
,,,,1431,59245,32396,33614
,,,,1432,59245,32396,33614
,,,,1433,59245,32396,33614
,,,,1434,59245,32396,33614
,,,,1435,59245,32396,33614
,,,,1436,59245,32396,33614
,,,,1437,59245,32396,33614
,,,,1438,59245,32396,33614
,,,,1439,59245,32396,33614
,,,,1440,59245,32396,33614
,,,,1441,59245,32396,33614
,,,,1442,59245,32396,33614
,,,,1443,59245,32396,33614
,,,,1444,59245,32396,33614
,,,,1445,59245,32396,33614
,,,,1446,59245,32396,33614
,,,,1447,59245,32396,33614
,,,,1448,59245,32396,33614
,,,,1449,59245,32396,33614
,,,,1450,59245,32396,33614
,,,,1451,59245,32396,33614
,,,,1452,59245,32396,33614
,,,,1453,59245,32396,33614
,,,,1454,59245,32396,33614
,,,,1455,59245,32396,33614
,,,,1456,59245,32396,33614
,,,,1457,59245,32396,33614
,,,,1458,59245,32396,33614
,,,,1459,59245,32396,33614
,,,,1460,59245,32396,33614
,,,,1461,59245,32396,33614
,,,,1462,59245,32396,33614
,,,,1463,59245,32396,33614
,,,,1464,59245,32396,33614
,,,,1465,59245,32396,33614
,,,,1466,59245,32396,33614
,,,,1467,59245,32396,33614
,,,,1468,59245,32396,33614
,,,,1469,59245,32396,33614
,,,,1470,59245,32396,33614
,,,,1471,59245,32396,33614
,,,,1472,59245,32396,33614
,,,,1473,59245,32396,33614
,,,,1474,59245,32396,33614
,,,,1475,59245,32396,33614
,,,,1476,59245,32396,33614
,,,,1477,59245,32396,33614
,,,,1478,59245,32396,33614
,,,,1479,59245,32396,33614
,,,,1480,59245,32396,33614
,,,,1481,59245,32396,33614
,,,,1482,59245,32396,33614
,,,,1483,59245,32396,33614
,,,,1484,59245,32396,33614
,,,,1485,59245,32396,33614
,,,,1486,59245,32396,33614
,,,,1487,59245,32396,33614
,,,,1488,59245,32396,33614
,,,,1489,59245,32396,33614
,,,,1490,59245,32396,33614
,,,,1491,59245,32396,33614
,,,,1492,59245,32396,33614
,,,,1493,59245,32396,33614
,,,,1494,59245,32396,33614
,,,,1495,59245,32396,33614
,,,,1496,59245,32396,33614
,,,,1497,59245,32396,33614
,,,,1498,59245,32396,33614
,,,,1499,59245,32396,33614
,,,,1500,59245,32396,33614
,,,,1501,59245,32396,33614
,,,,1502,59245,32396,33614
,,,,1503,59245,32396,33614
,,,,1504,59245,32396,33614
,,,,1505,59245,32396,33614
,,,,1506,59245,32396,33614
,,,,1507,59245,32396,33614
,,,,1508,59245,32396,33614
,,,,1509,59245,32396,33614
,,,,1510,59245,32396,33614
,,,,1511,59245,32396,33614
,,,,1512,59245,32396,33614
,,,,1513,59245,32396,33614
,,,,1514,59245,32396,33614
,,,,1515,59245,32396,33614
,,,,1516,59245,32396,33614
,,,,1517,59245,32396,33614
,,,,1518,59245,32396,33614
,,,,1519,59245,32396,33614
,,,,1520,59245,32396,33614
,,,,1521,59245,32396,33614
,,,,1522,59245,32396,33614
,,,,1523,59245,32396,33614
,,,,1524,59245,32396,33614
,,,,1525,59245,32396,33614
,,,,1526,59245,32396,33614
,,,,1527,59245,32396,33614
,,,,1528,59245,32396,33614
,,,,1529,59245,32396,33614
,,,,1530,59245,32396,33614
,,,,1531,59245,32396,33614
,,,,1532,59245,32396,33614
,,,,1533,59245,32396,33614
,,,,1534,59245,32396,33614
,,,,1535,59245,32396,33614
,,,,1536,59245,32396,33614
,,,,1537,59245,32396,33614
,,,,1538,59245,32396,33614
,,,,1539,59245,32396,33614
,,,,1540,59245,32396,33614
,,,,1541,59245,32396,33614
,,,,1542,59245,32396,33614
,,,,1543,59245,32396,33614
,,,,1544,59245,32396,33614
,,,,1545,59245,32396,33614
,,,,1546,59245,32396,33614
,,,,1547,59245,32396,33614
,,,,1548,59245,32396,33614
,,,,1549,59245,32396,33614
,,,,1550,59245,32396,33614
,,,,1551,59245,32396,33614
,,,,1552,59245,32396,33614
,,,,1553,59245,32396,33614
,,,,1554,59245,32396,33614
,,,,1555,59245,32396,33614
,,,,1556,59245,32396,33614
,,,,1557,59245,32396,33614
,,,,1558,59245,32396,33614
,,,,1559,59245,32396,33614
,,,,1560,59245,32396,33614
,,,,1561,59245,32396,33614
,,,,1562,59245,32396,33614
,,,,1563,59245,32396,33614
,,,,1564,59245,32396,33614
,,,,1565,59245,32396,33614
,,,,1566,59245,32396,33614
,,,,1567,59245,32396,33614
,,,,1568,59245,32396,33614
,,,,1569,59245,32396,33614
,,,,1570,59245,32396,33614
,,,,1571,59245,32396,33614
,,,,1572,59245,32396,33614
,,,,1573,59245,32396,33614
,,,,1574,59245,32396,33614
,,,,1575,59245,32396,33614
,,,,1576,59245,32396,33614
,,,,1577,59245,32396,33614
,,,,1578,59245,32396,33614
,,,,1579,59245,32396,33614
,,,,1580,59245,32396,33614
,,,,1581,59245,32396,33614
,,,,1582,59245,32396,33614
,,,,1583,59245,32396,33614
,,,,1584,59245,32396,33614
,,,,1585,59245,32396,33614
,,,,1586,59245,32396,33614
,,,,1587,59245,32396,33614
,,,,1588,59245,32396,33614
,,,,1589,59245,32396,33614
,,,,1590,59245,32396,33614
,,,,1591,59245,32396,33614
,,,,1592,59245,32396,33614
,,,,1593,59245,32396,33614
,,,,1594,59245,32396,33614
,,,,1595,59245,32396,33614
,,,,1596,59245,32396,33614
,,,,1597,59245,32396,33614
,,,,1598,59245,32396,33614
,,,,1599,59245,32396,33614
,,,,1600,59245,32396,33614
,,,,1601,59245,32396,33614
,,,,1602,59245,32396,33614
,,,,1603,59245,32396,33614
,,,,1604,59245,32396,33614
,,,,1605,59245,32396,33614
,,,,1606,59245,32396,33614
,,,,1607,59245,32396,33614
,,,,1608,59245,32396,33614
,,,,1609,59245,32396,33614
,,,,1610,59245,32396,33614
,,,,1611,59245,32396,33614
,,,,1612,59245,32396,33614
,,,,1613,59245,32396,33614
,,,,1614,59245,32396,33614
,,,,1615,59245,32396,33614
,,,,1616,59245,32396,33614
,,,,1617,59245,32396,33614
,,,,1618,59245,32396,33614
,,,,1619,59245,32396,33614
,,,,1620,59245,32396,33614
,,,,1621,59245,32396,33614
,,,,1622,59245,32396,33614
,,,,1623,59245,32396,33614
,,,,1624,59245,32396,33614
,,,,1625,59245,32396,33614
,,,,1626,59245,32396,33614
,,,,1627,59245,32396,33614
,,,,1628,59245,32396,33614
,,,,1629,59245,32396,33614
,,,,1630,59245,32396,33614
,,,,1631,59245,32396,33614
,,,,1632,59245,32396,33614
,,,,1633,59245,32396,33614
,,,,1634,59245,32396,33614
,,,,1635,59245,32396,33614
,,,,1636,59245,32396,33614
,,,,1637,59245,32396,33614
,,,,1638,59245,32396,33614
,,,,1639,59245,32396,33614
,,,,1640,59245,32396,33614
,,,,1641,59245,32396,33614
,,,,1642,59245,32396,33614
,,,,1643,59245,32396,33614
,,,,1644,59245,32396,33614
,,,,1645,59245,32396,33614
,,,,1646,59245,32396,33614
,,,,1647,59245,32396,33614
,,,,1648,59245,32396,33614
,,,,1649,59245,32396,33614
,,,,1650,59245,32396,33614
,,,,1651,59245,32396,33614
,,,,1652,59245,32396,33614
,,,,1653,59245,32396,33614
,,,,1654,59245,32396,33614
,,,,1655,59245,32396,33614
,,,,1656,59245,32396,33614
,,,,1657,59245,32396,33614
,,,,1658,59245,32396,33614
,,,,1659,59245,32396,33614
,,,,1660,59245,32396,33614
,,,,1661,59245,32396,33614
,,,,1662,59245,32396,33614
,,,,1663,59245,32396,33614
,,,,1664,59245,32396,33614
,,,,1665,59245,32396,33614
,,,,1666,59245,32396,33614
,,,,1667,59245,32396,33614
,,,,1668,59245,32396,33614
,,,,1669,59245,32396,33614
,,,,1670,59245,32396,33614
,,,,1671,59245,32396,33614
,,,,1672,59245,32396,33614
,,,,1673,59245,32396,33614
,,,,1674,59245,32396,33614
,,,,1675,59245,32396,33614
,,,,1676,59245,32396,33614
,,,,1677,59245,32396,33614
,,,,1678,59245,32396,33614
,,,,1679,59245,32396,33614
,,,,1680,59245,32396,33614
,,,,1681,59245,32396,33614
,,,,1682,59245,32396,33614
,,,,1683,59245,32396,33614
,,,,1684,59245,32396,33614
,,,,1685,59245,32396,33614
,,,,1686,59245,32396,33614
,,,,1687,59245,32396,33614
,,,,1688,59245,32396,33614
,,,,1689,59245,32396,33614
,,,,1690,59245,32396,33614
,,,,1691,59245,32396,33614
,,,,1692,59245,32396,33614
,,,,1693,59245,32396,33614
,,,,1694,59245,32396,33614
,,,,1695,59245,32396,33614
,,,,1696,59245,32396,33614
,,,,1697,59245,32396,33614
,,,,1698,59245,32396,33614
,,,,1699,59245,32396,33614
,,,,1700,59245,32396,33614
,,,,1701,59245,32396,33614
,,,,1702,59245,32396,33614
,,,,1703,59245,32396,33614
,,,,1704,59245,32396,33614
,,,,1705,59245,32396,33614
,,,,1706,59245,32396,33614
,,,,1707,59245,32396,33614
,,,,1708,59245,32396,33614
,,,,1709,59245,32396,33614
,,,,1710,59245,32396,33614
,,,,1711,59245,32396,33614
,,,,1712,59245,32396,33614
,,,,1713,59245,32396,33614
,,,,1714,59245,32396,33614
,,,,1715,59245,32396,33614
,,,,1716,59245,32396,33614
,,,,1717,59245,32396,33614
,,,,1718,59245,32396,33614
,,,,1719,59245,32396,33614
,,,,1720,59245,32396,33614
,,,,1721,59245,32396,33614
,,,,1722,59245,32396,33614
,,,,1723,59245,32396,33614
,,,,1724,59245,32396,33614
,,,,1725,59245,32396,33614
,,,,1726,59245,32396,33614
,,,,1727,59245,32396,33614
,,,,1728,59245,32396,33614
,,,,1729,59245,32396,33614
,,,,1730,59245,32396,33614
,,,,1731,59245,32396,33614
,,,,1732,59245,32396,33614
,,,,1733,59245,32396,33614
,,,,1734,59245,32396,33614
,,,,1735,59245,32396,33614
,,,,1736,59245,32396,33614
,,,,1737,59245,32396,33614
,,,,1738,59245,32396,33614
,,,,1739,59245,32396,33614
,,,,1740,59245,32396,33614
,,,,1741,59245,32396,33614
,,,,1742,59245,32396,33614
,,,,1743,59245,32396,33614
,,,,1744,59245,32396,33614
,,,,1745,59245,32396,33614
,,,,1746,59245,32396,33614
,,,,1747,59245,32396,33614
,,,,1748,59245,32396,33614
,,,,1749,59245,32396,33614
,,,,1750,59245,32396,33614
,,,,1751,59245,32396,33614
,,,,1752,59245,32396,33614
,,,,1753,59245,32396,33614
,,,,1754,59245,32396,33614
,,,,1755,59245,32396,33614
,,,,1756,59245,32396,33614
,,,,1757,59245,32396,33614
,,,,1758,59245,32396,33614
,,,,1759,59245,32396,33614
,,,,1760,59245,32396,33614
,,,,1761,59245,32396,33614
,,,,1762,59245,32396,33614
,,,,1763,59245,32396,33614
,,,,1764,59245,32396,33614
,,,,1765,59245,32396,33614
,,,,1766,59245,32396,33614
,,,,1767,59245,32396,33614
,,,,1768,59245,32396,33614
,,,,1769,59245,32396,33614
,,,,1770,59245,32396,33614
,,,,1771,59245,32396,33614
,,,,1772,59245,32396,33614
,,,,1773,59245,32396,33614
,,,,1774,59245,32396,33614
,,,,1775,59245,32396,33614
,,,,1776,59245,32396,33614
,,,,1777,59245,32396,33614
,,,,1778,59245,32396,33614
,,,,1779,59245,32396,33614
,,,,1780,59245,32396,33614
,,,,1781,59245,32396,33614
,,,,1782,59245,32396,33614
,,,,1783,59245,32396,33614
,,,,1784,59245,32396,33614
,,,,1785,59245,32396,33614
,,,,1786,59245,32396,33614
,,,,1787,59245,32396,33614
,,,,1788,59245,32396,33614
,,,,1789,59245,32396,33614
,,,,1790,59245,32396,33614
,,,,1791,59245,32396,33614
,,,,1792,59245,32396,33614
,,,,1793,59245,32396,33614
,,,,1794,59245,32396,33614
,,,,1795,59245,32396,33614
,,,,1796,59245,32396,33614
,,,,1797,59245,32396,33614
,,,,1798,59245,32396,33614
,,,,1799,59245,32396,33614
,,,,1800,59245,32396,33614
,,,,1801,59245,32396,33614
,,,,1802,59245,32396,33614
,,,,1803,59245,32396,33614
,,,,1804,59245,32396,33614
,,,,1805,59245,32396,33614
,,,,1806,59245,32396,33614
,,,,1807,59245,32396,33614
,,,,1808,59245,32396,33614
,,,,1809,59245,32396,33614
,,,,1810,59245,32396,33614
,,,,1811,59245,32396,33614
,,,,1812,59245,32396,33614
,,,,1813,59245,32396,33614
,,,,1814,59245,32396,33614
,,,,1815,59245,32396,33614
,,,,1816,59245,32396,33614
,,,,1817,59245,32396,33614
,,,,1818,59245,32396,33614
,,,,1819,59245,32396,33614
,,,,1820,59245,32396,33614
,,,,1821,59245,32396,33614
,,,,1822,59245,32396,33614
,,,,1823,59245,32396,33614
,,,,1824,59245,32396,33614
,,,,1825,59245,32396,33614
,,,,1826,59245,32396,33614
,,,,1827,59245,32396,33614
,,,,1828,59245,32396,33614
,,,,1829,59245,32396,33614
,,,,1830,59245,32396,33614
,,,,1831,59245,32396,33614
,,,,1832,59245,32396,33614
,,,,1833,59245,32396,33614
,,,,1834,59245,32396,33614
,,,,1835,59245,32396,33614
,,,,1836,59245,32396,33614
,,,,1837,59245,32396,33614
,,,,1838,59245,32396,33614
,,,,1839,59245,32396,33614
,,,,1840,59245,32396,33614
,,,,1841,59245,32396,33614
,,,,1842,59245,32396,33614
,,,,1843,59245,32396,33614
,,,,1844,59245,32396,33614
,,,,1845,59245,32396,33614
,,,,1846,59245,32396,33614
,,,,1847,59245,32396,33614
,,,,1848,59245,32396,33614
,,,,1849,59245,32396,33614
,,,,1850,59245,32396,33614
,,,,1851,59245,32396,33614
,,,,1852,59245,32396,33614
,,,,1853,59245,32396,33614
,,,,1854,59245,32396,33614
,,,,1855,59245,32396,33614
,,,,1856,59245,32396,33614
,,,,1857,59245,32396,33614
,,,,1858,59245,32396,33614
,,,,1859,59245,32396,33614
,,,,1860,59245,32396,33614
,,,,1861,59245,32396,33614
,,,,1862,59245,32396,33614
,,,,1863,59245,32396,33614
,,,,1864,59245,32396,33614
,,,,1865,59245,32396,33614
,,,,1866,59245,32396,33614
,,,,1867,59245,32396,33614
,,,,1868,59245,32396,33614
,,,,1869,59245,32396,33614
,,,,1870,59245,32396,33614
,,,,1871,59245,32396,33614
,,,,1872,59245,32396,33614
,,,,1873,59245,32396,33614
,,,,1874,59245,32396,33614
,,,,1875,59245,32396,33614
,,,,1876,59245,32396,33614
,,,,1877,59245,32396,33614
,,,,1878,59245,32396,33614
,,,,1879,59245,32396,33614
,,,,1880,59245,32396,33614
,,,,1881,59245,32396,33614
,,,,1882,59245,32396,33614
,,,,1883,59245,32396,33614
,,,,1884,59245,32396,33614
,,,,1885,59245,32396,33614
,,,,1886,59245,32396,33614
,,,,1887,59245,32396,33614
,,,,1888,59245,32396,33614
,,,,1889,59245,32396,33614
,,,,1890,59245,32396,33614
,,,,1891,59245,32396,33614
,,,,1892,59245,32396,33614
,,,,1893,59245,32396,33614
,,,,1894,59245,32396,33614
,,,,1895,59245,32396,33614
,,,,1896,59245,32396,33614
,,,,1897,59245,32396,33614
,,,,1898,59245,32396,33614
,,,,1899,59245,32396,33614
,,,,1900,59245,32396,33614
,,,,1901,59245,32396,33614
,,,,1902,59245,32396,33614
,,,,1903,59245,32396,33614
,,,,1904,59245,32396,33614
,,,,1905,59245,32396,33614
,,,,1906,59245,32396,33614
,,,,1907,59245,32396,33614
,,,,1908,59245,32396,33614
,,,,1909,59245,32396,33614
,,,,1910,59245,32396,33614
,,,,1911,59245,32396,33614
,,,,1912,59245,32396,33614
,,,,1913,59245,32396,33614
,,,,1914,59245,32396,33614
,,,,1915,59245,32396,33614
,,,,1916,59245,32396,33614
,,,,1917,59245,32396,33614
,,,,1918,59245,32396,33614
,,,,1919,59245,32396,33614
,,,,1920,59245,32396,33614
,,,,1921,59245,32396,33614
,,,,1922,59245,32396,33614
,,,,1923,59245,32396,33614
,,,,1924,59245,32396,33614
,,,,1925,59245,32396,33614
,,,,1926,59245,32396,33614
,,,,1927,59245,32396,33614
,,,,1928,59245,32396,33614
,,,,1929,59245,32396,33614
,,,,1930,59245,32396,33614
,,,,1931,59245,32396,33614
,,,,1932,59245,32396,33614
,,,,1933,59245,32396,33614
,,,,1934,59245,32396,33614
,,,,1935,59245,32396,33614
,,,,1936,59245,32396,33614
,,,,1937,59245,32396,33614
,,,,1938,59245,32396,33614
,,,,1939,59245,32396,33614
,,,,1940,59245,32396,33614
,,,,1941,59245,32396,33614
,,,,1942,59245,32396,33614
,,,,1943,59245,32396,33614
,,,,1944,59245,32396,33614
,,,,1945,59245,32396,33614
,,,,1946,59245,32396,33614
,,,,1947,59245,32396,33614
,,,,1948,59245,32396,33614
,,,,1949,59245,32396,33614
,,,,1950,59245,32396,33614
,,,,1951,59245,32396,33614
,,,,1952,59245,32396,33614
,,,,1953,59245,32396,33614
,,,,1954,59245,32396,33614
,,,,1955,59245,32396,33614
,,,,1956,59245,32396,33614
,,,,1957,59245,32396,33614
,,,,1958,59245,32396,33614
,,,,1959,59245,32396,33614
,,,,1960,59245,32396,33614
,,,,1961,59245,32396,33614
,,,,1962,59245,32396,33614
,,,,1963,59245,32396,33614
,,,,1964,59245,32396,33614
,,,,1965,59245,32396,33614
,,,,1966,59245,32396,33614
,,,,1967,59245,32396,33614
,,,,1968,59245,32396,33614
,,,,1969,59245,32396,33614
,,,,1970,59245,32396,33614
,,,,1971,59245,32396,33614
,,,,1972,59245,32396,33614
,,,,1973,59245,32396,33614
,,,,1974,59245,32396,33614
,,,,1975,59245,32396,33614
,,,,1976,59245,32396,33614
,,,,1977,59245,32396,33614
,,,,1978,59245,32396,33614
,,,,1979,59245,32396,33614
,,,,1980,59245,32396,33614
,,,,1981,59245,32396,33614
,,,,1982,59245,32396,33614
,,,,1983,59245,32396,33614
,,,,1984,59245,32396,33614
,,,,1985,59245,32396,33614
,,,,1986,59245,32396,33614
,,,,1987,59245,32396,33614
,,,,1988,59245,32396,33614
,,,,1989,59245,32396,33614
,,,,1990,59245,32396,33614
,,,,1991,59245,32396,33614
,,,,1992,59245,32396,33614
,,,,1993,59245,32396,33614
,,,,1994,59245,32396,33614
,,,,1995,59245,32396,33614
,,,,1996,59245,32396,33614
,,,,1997,59245,32396,33614
,,,,1998,59245,32396,33614
,,,,1999,59245,32396,33614
,,,,2000,59245,32396,33614
,,,,2001,59245,32396,33614
,,,,2002,59245,32396,33614
,,,,2003,59245,32396,33614
,,,,2004,59245,32396,33614
,,,,2005,59245,32396,33614
,,,,2006,59245,32396,33614
,,,,2007,59245,32396,33614
,,,,2008,59245,32396,33614
,,,,2009,59245,32396,33614
,,,,2010,59245,32396,33614
,,,,2011,59245,32396,33614
,,,,2012,59245,32396,33614
,,,,2013,59245,32396,33614
,,,,2014,59245,32396,33614
,,,,2015,59245,32396,33614
,,,,2016,59245,32396,33614
,,,,2017,59245,32396,33614
,,,,2018,59245,32396,33614
,,,,2019,59245,32396,33614
,,,,2020,59245,32396,33614
,,,,2021,59245,32396,33614
,,,,2022,59245,32396,33614
,,,,2023,59245,32396,33614
,,,,2024,59245,32396,33614
,,,,2025,59245,32396,33614
,,,,2026,59245,32396,33614
,,,,2027,59245,32396,33614
,,,,2028,59245,32396,33614
,,,,2029,59245,32396,33614
,,,,2030,59245,32396,33614
,,,,2031,59245,32396,33614
,,,,2032,59245,32396,33614
,,,,2033,59245,32396,33614
,,,,2034,59245,32396,33614
,,,,2035,59245,32396,33614
,,,,2036,59245,32396,33614
,,,,2037,59245,32396,33614
,,,,2038,59245,32396,33614
,,,,2039,59245,32396,33614
,,,,2040,59245,32396,33614
,,,,2041,59245,32396,33614
,,,,2042,59245,32396,33614
,,,,2043,59245,32396,33614
,,,,2044,59245,32396,33614
,,,,2045,59245,32396,33614
,,,,2046,59245,32396,33614
,,,,2047,59245,32396,33614
,,,,2048,59245,32396,33614
,,,,2049,59245,32396,33614
,,,,2050,59245,32396,33614
,,,,2051,59245,32396,33614
,,,,2052,59245,32396,33614
,,,,2053,59245,32396,33614
,,,,2054,59245,32396,33614
,,,,2055,59245,32396,33614
,,,,2056,59245,32396,33614
,,,,2057,59245,32396,33614
,,,,2058,59245,32396,33614
,,,,2059,59245,32396,33614
,,,,2060,59245,32396,33614
,,,,2061,59245,32396,33614
,,,,2062,59245,32396,33614
,,,,2063,59245,32396,33614
,,,,2064,59245,32396,33614
,,,,2065,59245,32396,33614
,,,,2066,59245,32396,33614
,,,,2067,59245,32396,33614
,,,,2068,59245,32396,33614
,,,,2069,59245,32396,33614
,,,,2070,59245,32396,33614
,,,,2071,59245,32396,33614
,,,,2072,59245,32396,33614
,,,,2073,59245,32396,33614
,,,,2074,59245,32396,33614
,,,,2075,59245,32396,33614
,,,,2076,59245,32396,33614
,,,,2077,59245,32396,33614
,,,,2078,59245,32396,33614
,,,,2079,59245,32396,33614
,,,,2080,59245,32396,33614
,,,,2081,59245,32396,33614
,,,,2082,59245,32396,33614
,,,,2083,59245,32396,33614
,,,,2084,59245,32396,33614
,,,,2085,59245,32396,33614
,,,,2086,59245,32396,33614
,,,,2087,59245,32396,33614
,,,,2088,59245,32396,33614
,,,,2089,59245,32396,33614
,,,,2090,59245,32396,33614
,,,,2091,59245,32396,33614
,,,,2092,59245,32396,33614
,,,,2093,59245,32396,33614
,,,,2094,59245,32396,33614
,,,,2095,59245,32396,33614
,,,,2096,59245,32396,33614
,,,,2097,59245,32396,33614
,,,,2098,59245,32396,33614
,,,,2099,59245,32396,33614
,,,,2100,59245,32396,33614
,,,,2101,59245,32396,33614
,,,,2102,59245,32396,33614
,,,,2103,59245,32396,33614
,,,,2104,59245,32396,33614
,,,,2105,59245,32396,33614
,,,,2106,59245,32396,33614
,,,,2107,59245,32396,33614
,,,,2108,59245,32396,33614
,,,,2109,59245,32396,33614
,,,,2110,59245,32396,33614
,,,,2111,59245,32396,33614
,,,,2112,59245,32396,33614
,,,,2113,59245,32396,33614
,,,,2114,59245,32396,33614
,,,,2115,59245,32396,33614
,,,,2116,59245,32396,33614
,,,,2117,59245,32396,33614
,,,,2118,59245,32396,33614
,,,,2119,59245,32396,33614
,,,,2120,59245,32396,33614
,,,,2121,59245,32396,33614
,,,,2122,59245,32396,33614
,,,,2123,59245,32396,33614
,,,,2124,59245,32396,33614
,,,,2125,59245,32396,33614
,,,,2126,59245,32396,33614
,,,,2127,59245,32396,33614
,,,,2128,59245,32396,33614
,,,,2129,59245,32396,33614
,,,,2130,59245,32396,33614
,,,,2131,59245,32396,33614
,,,,2132,59245,32396,33614
,,,,2133,59245,32396,33614
,,,,2134,59245,32396,33614
,,,,2135,59245,32396,33614
,,,,2136,59245,32396,33614
,,,,2137,59245,32396,33614
,,,,2138,59245,32396,33614
,,,,2139,59245,32396,33614
,,,,2140,59245,32396,33614
,,,,2141,59245,32396,33614
,,,,2142,59245,32396,33614
,,,,2143,59245,32396,33614
,,,,2144,59245,32396,33614
,,,,2145,59245,32396,33614
,,,,2146,59245,32396,33614
,,,,2147,59245,32396,33614
,,,,2148,59245,32396,33614
,,,,2149,59245,32396,33614
,,,,2150,59245,32396,33614
,,,,2151,59245,32396,33614
,,,,2152,59245,32396,33614
,,,,2153,59245,32396,33614
,,,,2154,59245,32396,33614
,,,,2155,59245,32396,33614
,,,,2156,59245,32396,33614
,,,,2157,59245,32396,33614
,,,,2158,59245,32396,33614
,,,,2159,59245,32396,33614
,,,,2160,59245,32396,33614
,,,,2161,59245,32396,33614
,,,,2162,59245,32396,33614
,,,,2163,59245,32396,33614
,,,,2164,59245,32396,33614
,,,,2165,59245,32396,33614
,,,,2166,59245,32396,33614
,,,,2167,59245,32396,33614
,,,,2168,59245,32396,33614
,,,,2169,59245,32396,33614
,,,,2170,59245,32396,33614
,,,,2171,59245,32396,33614
,,,,2172,59245,32396,33614
,,,,2173,59245,32396,33614
,,,,2174,59245,32396,33614
,,,,2175,59245,32396,33614
,,,,2176,59245,32396,33614
,,,,2177,59245,32396,33614
,,,,2178,59245,32396,33614
,,,,2179,59245,32396,33614
,,,,2180,59245,32396,33614
,,,,2181,59245,32396,33614
,,,,2182,59245,32396,33614
,,,,2183,59245,32396,33614
,,,,2184,59245,32396,33614
,,,,2185,59245,32396,33614
,,,,2186,59245,32396,33614
,,,,2187,59245,32396,33614
,,,,2188,59245,32396,33614
,,,,2189,59245,32396,33614
,,,,2190,59245,32396,33614
,,,,2191,59245,32396,33614
,,,,2192,59245,32396,33614
,,,,2193,59245,32396,33614
,,,,2194,59245,32396,33614
,,,,2195,59245,32396,33614
,,,,2196,59245,32396,33614
,,,,2197,59245,32396,33614
,,,,2198,59245,32396,33614
,,,,2199,59245,32396,33614
,,,,2200,59245,32396,33614
,,,,2201,59245,32396,33614
,,,,2202,59245,32396,33614
,,,,2203,59245,32396,33614
,,,,2204,59245,32396,33614
,,,,2205,59245,32396,33614
,,,,2206,59245,32396,33614
,,,,2207,59245,32396,33614
,,,,2208,59245,32396,33614
,,,,2209,59245,32396,33614
,,,,2210,59245,32396,33614
,,,,2211,59245,32396,33614
,,,,2212,59245,32396,33614
,,,,2213,59245,32396,33614
,,,,2214,59245,32396,33614
,,,,2215,59245,32396,33614
,,,,2216,59245,32396,33614
,,,,2217,59245,32396,33614
,,,,2218,59245,32396,33614
,,,,2219,59245,32396,33614
,,,,2220,59245,32396,33614
,,,,2221,59245,32396,33614
,,,,2222,59245,32396,33614
,,,,2223,59245,32396,33614
,,,,2224,59245,32396,33614
,,,,2225,59245,32396,33614
,,,,2226,59245,32396,33614
,,,,2227,59245,32396,33614
,,,,2228,59245,32396,33614
,,,,2229,59245,32396,33614
,,,,2230,59245,32396,33614
,,,,2231,59245,32396,33614
,,,,2232,59245,32396,33614
,,,,2233,59245,32396,33614
,,,,2234,59245,32396,33614
,,,,2235,59245,32396,33614
,,,,2236,59245,32396,33614
,,,,2237,59245,32396,33614
,,,,2238,59245,32396,33614
,,,,2239,59245,32396,33614
,,,,2240,59245,32396,33614
,,,,2241,59245,32396,33614
,,,,2242,59245,32396,33614
,,,,2243,59245,32396,33614
,,,,2244,59245,32396,33614
,,,,2245,59245,32396,33614
,,,,2246,59245,32396,33614
,,,,2247,59245,32396,33614
,,,,2248,59245,32396,33614
,,,,2249,59245,32396,33614
,,,,2250,59245,32396,33614
,,,,2251,59245,32396,33614
,,,,2252,59245,32396,33614
,,,,2253,59245,32396,33614
,,,,2254,59245,32396,33614
,,,,2255,59245,32396,33614
,,,,2256,59245,32396,33614
,,,,2257,59245,32396,33614
,,,,2258,59245,32396,33614
,,,,2259,59245,32396,33614
,,,,2260,59245,32396,33614
,,,,2261,59245,32396,33614
,,,,2262,59245,32396,33614
,,,,2263,59245,32396,33614
,,,,2264,59245,32396,33614
,,,,2265,59245,32396,33614
,,,,2266,59245,32396,33614
,,,,2267,59245,32396,33614
,,,,2268,59245,32396,33614
,,,,2269,59245,32396,33614
,,,,2270,59245,32396,33614
,,,,2271,59245,32396,33614
,,,,2272,59245,32396,33614
,,,,2273,59245,32396,33614
,,,,2274,59245,32396,33614
,,,,2275,59245,32396,33614
,,,,2276,59245,32396,33614
,,,,2277,59245,32396,33614
,,,,2278,59245,32396,33614
,,,,2279,59245,32396,33614
,,,,2280,59245,32396,33614
,,,,2281,59245,32396,33614
,,,,2282,59245,32396,33614
,,,,2283,59245,32396,33614
,,,,2284,59245,32396,33614
,,,,2285,59245,32396,33614
,,,,2286,59245,32396,33614
,,,,2287,59245,32396,33614
,,,,2288,59245,32396,33614
,,,,2289,59245,32396,33614
,,,,2290,59245,32396,33614
,,,,2291,59245,32396,33614
,,,,2292,59245,32396,33614
,,,,2293,59245,32396,33614
,,,,2294,59245,32396,33614
,,,,2295,59245,32396,33614
,,,,2296,59245,32396,33614
,,,,2297,59245,32396,33614
,,,,2298,59245,32396,33614
,,,,2299,59245,32396,33614
,,,,2300,59245,32396,33614
,,,,2301,59245,32396,33614
,,,,2302,59245,32396,33614
,,,,2303,59245,32396,33614
,,,,2304,59245,32396,33614
,,,,2305,59245,32396,33614
,,,,2306,59245,32396,33614
,,,,2307,59245,32396,33614
,,,,2308,59245,32396,33614
,,,,2309,59245,32396,33614
,,,,2310,59245,32396,33614
,,,,2311,59245,32396,33614
,,,,2312,59245,32396,33614
,,,,2313,59245,32396,33614
,,,,2314,59245,32396,33614
,,,,2315,59245,32396,33614
,,,,2316,59245,32396,33614
,,,,2317,59245,32396,33614
,,,,2318,59245,32396,33614
,,,,2319,59245,32396,33614
,,,,2320,59245,32396,33614
,,,,2321,59245,32396,33614
,,,,2322,59245,32396,33614
,,,,2323,59245,32396,33614
,,,,2324,59245,32396,33614
,,,,2325,59245,32396,33614
,,,,2326,59245,32396,33614
,,,,2327,59245,32396,33614
,,,,2328,59245,32396,33614
,,,,2329,59245,32396,33614
,,,,2330,59245,32396,33614
,,,,2331,59245,32396,33614
,,,,2332,59245,32396,33614
,,,,2333,59245,32396,33614
,,,,2334,59245,32396,33614
,,,,2335,59245,32396,33614
,,,,2336,59245,32396,33614
,,,,2337,59245,32396,33614
,,,,2338,59245,32396,33614
,,,,2339,59245,32396,33614
,,,,2340,59245,32396,33614
,,,,2341,59245,32396,33614
,,,,2342,59245,32396,33614
,,,,2343,59245,32396,33614
,,,,2344,59245,32396,33614
,,,,2345,59245,32396,33614
,,,,2346,59245,32396,33614
,,,,2347,59245,32396,33614
,,,,2348,59245,32396,33614
,,,,2349,59245,32396,33614
,,,,2350,59245,32396,33614
,,,,2351,59245,32396,33614
,,,,2352,59245,32396,33614
,,,,2353,59245,32396,33614
,,,,2354,59245,32396,33614
,,,,2355,59245,32396,33614
,,,,2356,59245,32396,33614
,,,,2357,59245,32396,33614
,,,,2358,59245,32396,33614
,,,,2359,59245,32396,33614
,,,,2360,59245,32396,33614
,,,,2361,59245,32396,33614
,,,,2362,59245,32396,33614
,,,,2363,59245,32396,33614
,,,,2364,59245,32396,33614
,,,,2365,59245,32396,33614
,,,,2366,59245,32396,33614
,,,,2367,59245,32396,33614
,,,,2368,59245,32396,33614
,,,,2369,59245,32396,33614
,,,,2370,59245,32396,33614
,,,,2371,59245,32396,33614
,,,,2372,59245,32396,33614
,,,,2373,59245,32396,33614
,,,,2374,59245,32396,33614
,,,,2375,59245,32396,33614
,,,,2376,59245,32396,33614
,,,,2377,59245,32396,33614
,,,,2378,59245,32396,33614
,,,,2379,59245,32396,33614
,,,,2380,59245,32396,33614
,,,,2381,59245,32396,33614
,,,,2382,59245,32396,33614
,,,,2383,59245,32396,33614
,,,,2384,59245,32396,33614
,,,,2385,59245,32396,33614
,,,,2386,59245,32396,33614
,,,,2387,59245,32396,33614
,,,,2388,59245,32396,33614
,,,,2389,59245,32396,33614
,,,,2390,59245,32396,33614
,,,,2391,59245,32396,33614
,,,,2392,59245,32396,33614
,,,,2393,59245,32396,33614
,,,,2394,59245,32396,33614
,,,,2395,59245,32396,33614
,,,,2396,59245,32396,33614
,,,,2397,59245,32396,33614
,,,,2398,59245,32396,33614
,,,,2399,59245,32396,33614
,,,,2400,59245,32396,33614
,,,,2401,59245,32396,33614
,,,,2402,59245,32396,33614
,,,,2403,59245,32396,33614
,,,,2404,59245,32396,33614
,,,,2405,59245,32396,33614
,,,,2406,59245,32396,33614
,,,,2407,59245,32396,33614
,,,,2408,59245,32396,33614
,,,,2409,59245,32396,33614
,,,,2410,59245,32396,33614
,,,,2411,59245,32396,33614
,,,,2412,59245,32396,33614
,,,,2413,59245,32396,33614
,,,,2414,59245,32396,33614
,,,,2415,59245,32396,33614
,,,,2416,59245,32396,33614
,,,,2417,59245,32396,33614
,,,,2418,59245,32396,33614
,,,,2419,59245,32396,33614
,,,,2420,59245,32396,33614
,,,,2421,59245,32396,33614
,,,,2422,59245,32396,33614
,,,,2423,59245,32396,33614
,,,,2424,59245,32396,33614
,,,,2425,59245,32396,33614
,,,,2426,59245,32396,33614
,,,,2427,59245,32396,33614
,,,,2428,59245,32396,33614
,,,,2429,59245,32396,33614
,,,,2430,59245,32396,33614
,,,,2431,59245,32396,33614
,,,,2432,59245,32396,33614
,,,,2433,59245,32396,33614
,,,,2434,59245,32396,33614
,,,,2435,59245,32396,33614
,,,,2436,59245,32396,33614
,,,,2437,59245,32396,33614
,,,,2438,59245,32396,33614
,,,,2439,59245,32396,33614
,,,,2440,59245,32396,33614
,,,,2441,59245,32396,33614
,,,,2442,59245,32396,33614
,,,,2443,59245,32396,33614
,,,,2444,59245,32396,33614
,,,,2445,59245,32396,33614
,,,,2446,59245,32396,33614
,,,,2447,59245,32396,33614
,,,,2448,59245,32396,33614
,,,,2449,59245,32396,33614
,,,,2450,59245,32396,33614
,,,,2451,59245,32396,33614
,,,,2452,59245,32396,33614
,,,,2453,59245,32396,33614
,,,,2454,59245,32396,33614
,,,,2455,59245,32396,33614
,,,,2456,59245,32396,33614
,,,,2457,59245,32396,33614
,,,,2458,59245,32396,33614
,,,,2459,59245,32396,33614
,,,,2460,59245,32396,33614
,,,,2461,59245,32396,33614
,,,,2462,59245,32396,33614
,,,,2463,59245,32396,33614
,,,,2464,59245,32396,33614
,,,,2465,59245,32396,33614
,,,,2466,59245,32396,33614
,,,,2467,59245,32396,33614
,,,,2468,59245,32396,33614
,,,,2469,59245,32396,33614
,,,,2470,59245,32396,33614
,,,,2471,59245,32396,33614
,,,,2472,59245,32396,33614
,,,,2473,59245,32396,33614
,,,,2474,59245,32396,33614
,,,,2475,59245,32396,33614
,,,,2476,59245,32396,33614
,,,,2477,59245,32396,33614
,,,,2478,59245,32396,33614
,,,,2479,59245,32396,33614
,,,,2480,59245,32396,33614
,,,,2481,59245,32396,33614
,,,,2482,59245,32396,33614
,,,,2483,59245,32396,33614
,,,,2484,59245,32396,33614
,,,,2485,59245,32396,33614
,,,,2486,59245,32396,33614
,,,,2487,59245,32396,33614
,,,,2488,59245,32396,33614
,,,,2489,59245,32396,33614
,,,,2490,59245,32396,33614
,,,,2491,59245,32396,33614
,,,,2492,59245,32396,33614
,,,,2493,59245,32396,33614
,,,,2494,59245,32396,33614
,,,,2495,59245,32396,33614
,,,,2496,59245,32396,33614
,,,,2497,59245,32396,33614
,,,,2498,59245,32396,33614
,,,,2499,59245,32396,33614
,,,,2500,59245,32396,33614
,,,,2501,59245,32396,33614
,,,,2502,59245,32396,33614
,,,,2503,59245,32396,33614
,,,,2504,59245,32396,33614
,,,,2505,59245,32396,33614
,,,,2506,59245,32396,33614
,,,,2507,59245,32396,33614
,,,,2508,59245,32396,33614
,,,,2509,59245,32396,33614
,,,,2510,59245,32396,33614
,,,,2511,59245,32396,33614
,,,,2512,59245,32396,33614
,,,,2513,59245,32396,33614
,,,,2514,59245,32396,33614
,,,,2515,59245,32396,33614
,,,,2516,59245,32396,33614
,,,,2517,59245,32396,33614
,,,,2518,59245,32396,33614
,,,,2519,59245,32396,33614
,,,,2520,59245,32396,33614
,,,,2521,59245,32396,33614
,,,,2522,59245,32396,33614
,,,,2523,59245,32396,33614
,,,,2524,59245,32396,33614
,,,,2525,59245,32396,33614
,,,,2526,59245,32396,33614
,,,,2527,59245,32396,33614
,,,,2528,59245,32396,33614
,,,,2529,59245,32396,33614
,,,,2530,59245,32396,33614
,,,,2531,59245,32396,33614
,,,,2532,59245,32396,33614
,,,,2533,59245,32396,33614
,,,,2534,59245,32396,33614
,,,,2535,59245,32396,33614
,,,,2536,59245,32396,33614
,,,,2537,59245,32396,33614
,,,,2538,59245,32396,33614
,,,,2539,59245,32396,33614
,,,,2540,59245,32396,33614
,,,,2541,59245,32396,33614
,,,,2542,59245,32396,33614
,,,,2543,59245,32396,33614
,,,,2544,59245,32396,33614
,,,,2545,59245,32396,33614
,,,,2546,59245,32396,33614
,,,,2547,59245,32396,33614
,,,,2548,59245,32396,33614
,,,,2549,59245,32396,33614
,,,,2550,59245,32396,33614
,,,,2551,59245,32396,33614
,,,,2552,59245,32396,33614
,,,,2553,59245,32396,33614
,,,,2554,59245,32396,33614
,,,,2555,59245,32396,33614
,,,,2556,59245,32396,33614
,,,,2557,59245,32396,33614
,,,,2558,59245,32396,33614
,,,,2559,59245,32396,33614
,,,,2560,59245,32396,33614
,,,,2561,59245,32396,33614
,,,,2562,59245,32396,33614
,,,,2563,59245,32396,33614
,,,,2564,59245,32396,33614
,,,,2565,59245,32396,33614
,,,,2566,59245,32396,33614
,,,,2567,59245,32396,33614
,,,,2568,59245,32396,33614
,,,,2569,59245,32396,33614
,,,,2570,59245,32396,33614
,,,,2571,59245,32396,33614
,,,,2572,59245,32396,33614
,,,,2573,59245,32396,33614
,,,,2574,59245,32396,33614
,,,,2575,59245,32396,33614
,,,,2576,59245,32396,33614
,,,,2577,59245,32396,33614
,,,,2578,59245,32396,33614
,,,,2579,59245,32396,33614
,,,,2580,59245,32396,33614
,,,,2581,59245,32396,33614
,,,,2582,59245,32396,33614
,,,,2583,59245,32396,33614
,,,,2584,59245,32396,33614
,,,,2585,59245,32396,33614
,,,,2586,59245,32396,33614
,,,,2587,59245,32396,33614
,,,,2588,59245,32396,33614
,,,,2589,59245,32396,33614
,,,,2590,59245,32396,33614
,,,,2591,59245,32396,33614
,,,,2592,59245,32396,33614
,,,,2593,59245,32396,33614
,,,,2594,59245,32396,33614
,,,,2595,59245,32396,33614
,,,,2596,59245,32396,33614
,,,,2597,59245,32396,33614
,,,,2598,59245,32396,33614
,,,,2599,59245,32396,33614
,,,,2600,59245,32396,33614
,,,,2601,59245,32396,33614
,,,,2602,59245,32396,33614
,,,,2603,59245,32396,33614
,,,,2604,59245,32396,33614
,,,,2605,59245,32396,33614
,,,,2606,59245,32396,33614
,,,,2607,59245,32396,33614
,,,,2608,59245,32396,33614
,,,,2609,59245,32396,33614
,,,,2610,59245,32396,33614
,,,,2611,59245,32396,33614
,,,,2612,59245,32396,33614
,,,,2613,59245,32396,33614
,,,,2614,59245,32396,33614
,,,,2615,59245,32396,33614
,,,,2616,59245,32396,33614
,,,,2617,59245,32396,33614
,,,,2618,59245,32396,33614
,,,,2619,59245,32396,33614
,,,,2620,59245,32396,33614
,,,,2621,59245,32396,33614
,,,,2622,59245,32396,33614
,,,,2623,59245,32396,33614
,,,,2624,59245,32396,33614
,,,,2625,59245,32396,33614
,,,,2626,59245,32396,33614
,,,,2627,59245,32396,33614
,,,,2628,59245,32396,33614
,,,,2629,59245,32396,33614
,,,,2630,59245,32396,33614
,,,,2631,59245,32396,33614
,,,,2632,59245,32396,33614
,,,,2633,59245,32396,33614
,,,,2634,59245,32396,33614
,,,,2635,59245,32396,33614
,,,,2636,59245,32396,33614
,,,,2637,59245,32396,33614
,,,,2638,59245,32396,33614
,,,,2639,59245,32396,33614
,,,,2640,59245,32396,33614
,,,,2641,59245,32396,33614
,,,,2642,59245,32396,33614
,,,,2643,59245,32396,33614
,,,,2644,59245,32396,33614
,,,,2645,59245,32396,33614
,,,,2646,59245,32396,33614
,,,,2647,59245,32396,33614
,,,,2648,59245,32396,33614
,,,,2649,59245,32396,33614
,,,,2650,59245,32396,33614
,,,,2651,59245,32396,33614
,,,,2652,59245,32396,33614
,,,,2653,59245,32396,33614
,,,,2654,59245,32396,33614
,,,,2655,59245,32396,33614
,,,,2656,59245,32396,33614
,,,,2657,59245,32396,33614
,,,,2658,59245,32396,33614
,,,,2659,59245,32396,33614
,,,,2660,59245,32396,33614
,,,,2661,59245,32396,33614
,,,,2662,59245,32396,33614
,,,,2663,59245,32396,33614
,,,,2664,59245,32396,33614
,,,,2665,59245,32396,33614
,,,,2666,59245,32396,33614
,,,,2667,59245,32396,33614
,,,,2668,59245,32396,33614
,,,,2669,59245,32396,33614
,,,,2670,59245,32396,33614
,,,,2671,59245,32396,33614
,,,,2672,59245,32396,33614
,,,,2673,59245,32396,33614
,,,,2674,59245,32396,33614
,,,,2675,59245,32396,33614
,,,,2676,59245,32396,33614
,,,,2677,59245,32396,33614
,,,,2678,59245,32396,33614
,,,,2679,59245,32396,33614
,,,,2680,59245,32396,33614
,,,,2681,59245,32396,33614
,,,,2682,59245,32396,33614
,,,,2683,59245,32396,33614
,,,,2684,59245,32396,33614
,,,,2685,59245,32396,33614
,,,,2686,59245,32396,33614
,,,,2687,59245,32396,33614
,,,,2688,59245,32396,33614
,,,,2689,59245,32396,33614
,,,,2690,59245,32396,33614
,,,,2691,59245,32396,33614
,,,,2692,59245,32396,33614
,,,,2693,59245,32396,33614
,,,,2694,59245,32396,33614
,,,,2695,59245,32396,33614
,,,,2696,59245,32396,33614
,,,,2697,59245,32396,33614
,,,,2698,59245,32396,33614
,,,,2699,59245,32396,33614
,,,,2700,59245,32396,33614
,,,,2701,59245,32396,33614
,,,,2702,59245,32396,33614
,,,,2703,59245,32396,33614
,,,,2704,59245,32396,33614
,,,,2705,59245,32396,33614
,,,,2706,59245,32396,33614
,,,,2707,59245,32396,33614
,,,,2708,59245,32396,33614
,,,,2709,59245,32396,33614
,,,,2710,59245,32396,33614
,,,,2711,59245,32396,33614
,,,,2712,59245,32396,33614
,,,,2713,59245,32396,33614
,,,,2714,59245,32396,33614
,,,,2715,59245,32396,33614
,,,,2716,59245,32396,33614
,,,,2717,59245,32396,33614
,,,,2718,59245,32396,33614
,,,,2719,59245,32396,33614
,,,,2720,59245,32396,33614
,,,,2721,59245,32396,33614
,,,,2722,59245,32396,33614
,,,,2723,59245,32396,33614
,,,,2724,59245,32396,33614
,,,,2725,59245,32396,33614
,,,,2726,59245,32396,33614
,,,,2727,59245,32396,33614
,,,,2728,59245,32396,33614
,,,,2729,59245,32396,33614
,,,,2730,59245,32396,33614
,,,,2731,59245,32396,33614
,,,,2732,59245,32396,33614
,,,,2733,59245,32396,33614
,,,,2734,59245,32396,33614
,,,,2735,59245,32396,33614
,,,,2736,59245,32396,33614
,,,,2737,59245,32396,33614
,,,,2738,59245,32396,33614
,,,,2739,59245,32396,33614
,,,,2740,59245,32396,33614
,,,,2741,59245,32396,33614
,,,,2742,59245,32396,33614
,,,,2743,59245,32396,33614
,,,,2744,59245,32396,33614
,,,,2745,59245,32396,33614
,,,,2746,59245,32396,33614
,,,,2747,59245,32396,33614
,,,,2748,59245,32396,33614
,,,,2749,59245,32396,33614
,,,,2750,59245,32396,33614
,,,,2751,59245,32396,33614
,,,,2752,59245,32396,33614
,,,,2753,59245,32396,33614
,,,,2754,59245,32396,33614
,,,,2755,59245,32396,33614
,,,,2756,59245,32396,33614
,,,,2757,59245,32396,33614
,,,,2758,59245,32396,33614
,,,,2759,59245,32396,33614
,,,,2760,59245,32396,33614
,,,,2761,59245,32396,33614
,,,,2762,59245,32396,33614
,,,,2763,59245,32396,33614
,,,,2764,59245,32396,33614
,,,,2765,59245,32396,33614
,,,,2766,59245,32396,33614
,,,,2767,59245,32396,33614
,,,,2768,59245,32396,33614
,,,,2769,59245,32396,33614
,,,,2770,59245,32396,33614
,,,,2771,59245,32396,33614
,,,,2772,59245,32396,33614
,,,,2773,59245,32396,33614
,,,,2774,59245,32396,33614
,,,,2775,59245,32396,33614
,,,,2776,59245,32396,33614
,,,,2777,59245,32396,33614
,,,,2778,59245,32396,33614
,,,,2779,59245,32396,33614
,,,,2780,59245,32396,33614
,,,,2781,59245,32396,33614
,,,,2782,59245,32396,33614
,,,,2783,59245,32396,33614
,,,,2784,59245,32396,33614
,,,,2785,59245,32396,33614
,,,,2786,59245,32396,33614
,,,,2787,59245,32396,33614
,,,,2788,59245,32396,33614
,,,,2789,59245,32396,33614
,,,,2790,59245,32396,33614
,,,,2791,59245,32396,33614
,,,,2792,59245,32396,33614
,,,,2793,59245,32396,33614
,,,,2794,59245,32396,33614
,,,,2795,59245,32396,33614
,,,,2796,59245,32396,33614
,,,,2797,59245,32396,33614
,,,,2798,59245,32396,33614
,,,,2799,59245,32396,33614
,,,,2800,59245,32396,33614
,,,,2801,59245,32396,33614
,,,,2802,59245,32396,33614
,,,,2803,59245,32396,33614
,,,,2804,59245,32396,33614
,,,,2805,59245,32396,33614
,,,,2806,59245,32396,33614
,,,,2807,59245,32396,33614
,,,,2808,59245,32396,33614
,,,,2809,59245,32396,33614
,,,,2810,59245,32396,33614
,,,,2811,59245,32396,33614
,,,,2812,59245,32396,33614
,,,,2813,59245,32396,33614
,,,,2814,59245,32396,33614
,,,,2815,59245,32396,33614
,,,,2816,59245,32396,33614
,,,,2817,59245,32396,33614
,,,,2818,59245,32396,33614
,,,,2819,59245,32396,33614
,,,,2820,59245,32396,33614
,,,,2821,59245,32396,33614
,,,,2822,59245,32396,33614
,,,,2823,59245,32396,33614
,,,,2824,59245,32396,33614
,,,,2825,59245,32396,33614
,,,,2826,59245,32396,33614
,,,,2827,59245,32396,33614
,,,,2828,59245,32396,33614
,,,,2829,59245,32396,33614
,,,,2830,59245,32396,33614
,,,,2831,59245,32396,33614
,,,,2832,59245,32396,33614
,,,,2833,59245,32396,33614
,,,,2834,59245,32396,33614
,,,,2835,59245,32396,33614
,,,,2836,59245,32396,33614
,,,,2837,59245,32396,33614
,,,,2838,59245,32396,33614
,,,,2839,59245,32396,33614
,,,,2840,59245,32396,33614
,,,,2841,59245,32396,33614
,,,,2842,59245,32396,33614
,,,,2843,59245,32396,33614
,,,,2844,59245,32396,33614
,,,,2845,59245,32396,33614
,,,,2846,59245,32396,33614
,,,,2847,59245,32396,33614
,,,,2848,59245,32396,33614
,,,,2849,59245,32396,33614
,,,,2850,59245,32396,33614
,,,,2851,59245,32396,33614
,,,,2852,59245,32396,33614
,,,,2853,59245,32396,33614
,,,,2854,59245,32396,33614
,,,,2855,59245,32396,33614
,,,,2856,59245,32396,33614
,,,,2857,59245,32396,33614
,,,,2858,59245,32396,33614
,,,,2859,59245,32396,33614
,,,,2860,59245,32396,33614
,,,,2861,59245,32396,33614
,,,,2862,59245,32396,33614
,,,,2863,59245,32396,33614
,,,,2864,59245,32396,33614
,,,,2865,59245,32396,33614
,,,,2866,59245,32396,33614
,,,,2867,59245,32396,33614
,,,,2868,59245,32396,33614
,,,,2869,59245,32396,33614
,,,,2870,59245,32396,33614
,,,,2871,59245,32396,33614
,,,,2872,59245,32396,33614
,,,,2873,59245,32396,33614
,,,,2874,59245,32396,33614
,,,,2875,59245,32396,33614
,,,,2876,59245,32396,33614
,,,,2877,59245,32396,33614
,,,,2878,59245,32396,33614
,,,,2879,59245,32396,33614
,,,,2880,59245,32396,33614
,,,,2881,59245,32396,33614
,,,,2882,59245,32396,33614
,,,,2883,59245,32396,33614
,,,,2884,59245,32396,33614
,,,,2885,59245,32396,33614
,,,,2886,59245,32396,33614
,,,,2887,59245,32396,33614
,,,,2888,59245,32396,33614
,,,,2889,59245,32396,33614
,,,,2890,59245,32396,33614
,,,,2891,59245,32396,33614
,,,,2892,59245,32396,33614
,,,,2893,59245,32396,33614
,,,,2894,59245,32396,33614
,,,,2895,59245,32396,33614
,,,,2896,59245,32396,33614
,,,,2897,59245,32396,33614
,,,,2898,59245,32396,33614
,,,,2899,59245,32396,33614
,,,,2900,59245,32396,33614
,,,,2901,59245,32396,33614
,,,,2902,59245,32396,33614
,,,,2903,59245,32396,33614
,,,,2904,59245,32396,33614
,,,,2905,59245,32396,33614
,,,,2906,59245,32396,33614
,,,,2907,59245,32396,33614
,,,,2908,59245,32396,33614
,,,,2909,59245,32396,33614
,,,,2910,59245,32396,33614
,,,,2911,59245,32396,33614
,,,,2912,59245,32396,33614
,,,,2913,59245,32396,33614
,,,,2914,59245,32396,33614
,,,,2915,59245,32396,33614
,,,,2916,59245,32396,33614
,,,,2917,59245,32396,33614
,,,,2918,59245,32396,33614
,,,,2919,59245,32396,33614
,,,,2920,59245,32396,33614
,,,,2921,59245,32396,33614
,,,,2922,59245,32396,33614
,,,,2923,59245,32396,33614
,,,,2924,59245,32396,33614
,,,,2925,59245,32396,33614
,,,,2926,59245,32396,33614
,,,,2927,59245,32396,33614
,,,,2928,59245,32396,33614
,,,,2929,59245,32396,33614
,,,,2930,59245,32396,33614
,,,,2931,59245,32396,33614
,,,,2932,59245,32396,33614
,,,,2933,59245,32396,33614
,,,,2934,59245,32396,33614
,,,,2935,59245,32396,33614
,,,,2936,59245,32396,33614
,,,,2937,59245,32396,33614
,,,,2938,59245,32396,33614
,,,,2939,59245,32396,33614
,,,,2940,59245,32396,33614
,,,,2941,59245,32396,33614
,,,,2942,59245,32396,33614
,,,,2943,59245,32396,33614
,,,,2944,59245,32396,33614
,,,,2945,59245,32396,33614
,,,,2946,59245,32396,33614
,,,,2947,59245,32396,33614
,,,,2948,59245,32396,33614
,,,,2949,59245,32396,33614
,,,,2950,59245,32396,33614
,,,,2951,59245,32396,33614
,,,,2952,59245,32396,33614
,,,,2953,59245,32396,33614
,,,,2954,59245,32396,33614
,,,,2955,59245,32396,33614
,,,,2956,59245,32396,33614
,,,,2957,59245,32396,33614
,,,,2958,59245,32396,33614
,,,,2959,59245,32396,33614
,,,,2960,59245,32396,33614
,,,,2961,59245,32396,33614
,,,,2962,59245,32396,33614
,,,,2963,59245,32396,33614
,,,,2964,59245,32396,33614
,,,,2965,59245,32396,33614
,,,,2966,59245,32396,33614
,,,,2967,59245,32396,33614
,,,,2968,59245,32396,33614
,,,,2969,59245,32396,33614
,,,,2970,59245,32396,33614
,,,,2971,59245,32396,33614
,,,,2972,59245,32396,33614
,,,,2973,59245,32396,33614
,,,,2974,59245,32396,33614
,,,,2975,59245,32396,33614
,,,,2976,59245,32396,33614
,,,,2977,59245,32396,33614
,,,,2978,59245,32396,33614
,,,,2979,59245,32396,33614
,,,,2980,59245,32396,33614
,,,,2981,59245,32396,33614
,,,,2982,59245,32396,33614
,,,,2983,59245,32396,33614
,,,,2984,59245,32396,33614
,,,,2985,59245,32396,33614
,,,,2986,59245,32396,33614
,,,,2987,59245,32396,33614
,,,,2988,59245,32396,33614
,,,,2989,59245,32396,33614
,,,,2990,59245,32396,33614
,,,,2991,59245,32396,33614
,,,,2992,59245,32396,33614
,,,,2993,59245,32396,33614
,,,,2994,59245,32396,33614
,,,,2995,59245,32396,33614
,,,,2996,59245,32396,33614
,,,,2997,59245,32396,33614
,,,,2998,59245,32396,33614
,,,,2999,59245,32396,33614
,,,,3000,59245,32396,33614
,,,,3001,59245,32396,33614
,,,,3002,59245,32396,33614
,,,,3003,59245,32396,33614
,,,,3004,59245,32396,33614
,,,,3005,59245,32396,33614
,,,,3006,59245,32396,33614
,,,,3007,59245,32396,33614
,,,,3008,59245,32396,33614
,,,,3009,59245,32396,33614
,,,,3010,59245,32396,33614
,,,,3011,59245,32396,33614
,,,,3012,59245,32396,33614
,,,,3013,59245,32396,33614
,,,,3014,59245,32396,33614
,,,,3015,59245,32396,33614
,,,,3016,59245,32396,33614
,,,,3017,59245,32396,33614
,,,,3018,59245,32396,33614
,,,,3019,59245,32396,33614
,,,,3020,59245,32396,33614
,,,,3021,59245,32396,33614
,,,,3022,59245,32396,33614
,,,,3023,59245,32396,33614
,,,,3024,59245,32396,33614
,,,,3025,59245,32396,33614
,,,,3026,59245,32396,33614
,,,,3027,59245,32396,33614
,,,,3028,59245,32396,33614
,,,,3029,59245,32396,33614
,,,,3030,59245,32396,33614
,,,,3031,59245,32396,33614
,,,,3032,59245,32396,33614
,,,,3033,59245,32396,33614
,,,,3034,59245,32396,33614
,,,,3035,59245,32396,33614
,,,,3036,59245,32396,33614
,,,,3037,59245,32396,33614
,,,,3038,59245,32396,33614
,,,,3039,59245,32396,33614
,,,,3040,59245,32396,33614
,,,,3041,59245,32396,33614
,,,,3042,59245,32396,33614
,,,,3043,59245,32396,33614
,,,,3044,59245,32396,33614
,,,,3045,59245,32396,33614
,,,,3046,59245,32396,33614
,,,,3047,59245,32396,33614
,,,,3048,59245,32396,33614
,,,,3049,59245,32396,33614
,,,,3050,59245,32396,33614
,,,,3051,59245,32396,33614
,,,,3052,59245,32396,33614
,,,,3053,59245,32396,33614
,,,,3054,59245,32396,33614
,,,,3055,59245,32396,33614
,,,,3056,59245,32396,33614
,,,,3057,59245,32396,33614
,,,,3058,59245,32396,33614
,,,,3059,59245,32396,33614
,,,,3060,59245,32396,33614
,,,,3061,59245,32396,33614
,,,,3062,59245,32396,33614
,,,,3063,59245,32396,33614
,,,,3064,59245,32396,33614
,,,,3065,59245,32396,33614
,,,,3066,59245,32396,33614
,,,,3067,59245,32396,33614
,,,,3068,59245,32396,33614
,,,,3069,59245,32396,33614
,,,,3070,59245,32396,33614
,,,,3071,59245,32396,33614
,,,,3072,59245,32396,33614
,,,,3073,59245,32396,33614
,,,,3074,59245,32396,33614
,,,,3075,59245,32396,33614
,,,,3076,59245,32396,33614
,,,,3077,59245,32396,33614
,,,,3078,59245,32396,33614
,,,,3079,59245,32396,33614
,,,,3080,59245,32396,33614
,,,,3081,59245,32396,33614
,,,,3082,59245,32396,33614
,,,,3083,59245,32396,33614
,,,,3084,59245,32396,33614
,,,,3085,59245,32396,33614
,,,,3086,59245,32396,33614
,,,,3087,59245,32396,33614
,,,,3088,59245,32396,33614
,,,,3089,59245,32396,33614
,,,,3090,59245,32396,33614
,,,,3091,59245,32396,33614
,,,,3092,59245,32396,33614
,,,,3093,59245,32396,33614
,,,,3094,59245,32396,33614
,,,,3095,59245,32396,33614
,,,,3096,59245,32396,33614
,,,,3097,59245,32396,33614
,,,,3098,59245,32396,33614
,,,,3099,59245,32396,33614
,,,,3100,59245,32396,33614
,,,,3101,59245,32396,33614
,,,,3102,59245,32396,33614
,,,,3103,59245,32396,33614
,,,,3104,59245,32396,33614
,,,,3105,59245,32396,33614
,,,,3106,59245,32396,33614
,,,,3107,59245,32396,33614
,,,,3108,59245,32396,33614
,,,,3109,59245,32396,33614
,,,,3110,59245,32396,33614
,,,,3111,59245,32396,33614
,,,,3112,59245,32396,33614
,,,,3113,59245,32396,33614
,,,,3114,59245,32396,33614
,,,,3115,59245,32396,33614
,,,,3116,59245,32396,33614
,,,,3117,59245,32396,33614
,,,,3118,59245,32396,33614
,,,,3119,59245,32396,33614
,,,,3120,59245,32396,33614
,,,,3121,59245,32396,33614
,,,,3122,59245,32396,33614
,,,,3123,59245,32396,33614
,,,,3124,59245,32396,33614
,,,,3125,59245,32396,33614
,,,,3126,59245,32396,33614
,,,,3127,59245,32396,33614
,,,,3128,59245,32396,33614
,,,,3129,59245,32396,33614
,,,,3130,59245,32396,33614
,,,,3131,59245,32396,33614
,,,,3132,59245,32396,33614
,,,,3133,59245,32396,33614
,,,,3134,59245,32396,33614
,,,,3135,59245,32396,33614
,,,,3136,59245,32396,33614
,,,,3137,59245,32396,33614
,,,,3138,59245,32396,33614
,,,,3139,59245,32396,33614
,,,,3140,59245,32396,33614
,,,,3141,59245,32396,33614
,,,,3142,59245,32396,33614
,,,,3143,59245,32396,33614
,,,,3144,59245,32396,33614
,,,,3145,59245,32396,33614
,,,,3146,59245,32396,33614
,,,,3147,59245,32396,33614
,,,,3148,59245,32396,33614
,,,,3149,59245,32396,33614
,,,,3150,59245,32396,33614
,,,,3151,59245,32396,33614
,,,,3152,59245,32396,33614
,,,,3153,59245,32396,33614
,,,,3154,59245,32396,33614
,,,,3155,59245,32396,33614
,,,,3156,59245,32396,33614
,,,,3157,59245,32396,33614
,,,,3158,59245,32396,33614
,,,,3159,59245,32396,33614
,,,,3160,59245,32396,33614
,,,,3161,59245,32396,33614
,,,,3162,59245,32396,33614
,,,,3163,59245,32396,33614
,,,,3164,59245,32396,33614
,,,,3165,59245,32396,33614
,,,,3166,59245,32396,33614
,,,,3167,59245,32396,33614
,,,,3168,59245,32396,33614
,,,,3169,59245,32396,33614
,,,,3170,59245,32396,33614
,,,,3171,59245,32396,33614
,,,,3172,59245,32396,33614
,,,,3173,59245,32396,33614
,,,,3174,59245,32396,33614
,,,,3175,59245,32396,33614
,,,,3176,59245,32396,33614
,,,,3177,59245,32396,33614
,,,,3178,59245,32396,33614
,,,,3179,59245,32396,33614
,,,,3180,59245,32396,33614
,,,,3181,59245,32396,33614
,,,,3182,59245,32396,33614
,,,,3183,59245,32396,33614
,,,,3184,59245,32396,33614
,,,,3185,59245,32396,33614
,,,,3186,59245,32396,33614
,,,,3187,59245,32396,33614
,,,,3188,59245,32396,33614
,,,,3189,59245,32396,33614
,,,,3190,59245,32396,33614
,,,,3191,59245,32396,33614
,,,,3192,59245,32396,33614
,,,,3193,59245,32396,33614
,,,,3194,59245,32396,33614
,,,,3195,59245,32396,33614
,,,,3196,59245,32396,33614
,,,,3197,59245,32396,33614
,,,,3198,59245,32396,33614
,,,,3199,59245,32396,33614
,,,,3200,59245,32396,33614
,,,,3201,59245,32396,33614
,,,,3202,59245,32396,33614
,,,,3203,59245,32396,33614
,,,,3204,59245,32396,33614
,,,,3205,59245,32396,33614
,,,,3206,59245,32396,33614
,,,,3207,59245,32396,33614
,,,,3208,59245,32396,33614
,,,,3209,59245,32396,33614
,,,,3210,59245,32396,33614
,,,,3211,59245,32396,33614
,,,,3212,59245,32396,33614
,,,,3213,59245,32396,33614
,,,,3214,59245,32396,33614
,,,,3215,59245,32396,33614
,,,,3216,59245,32396,33614
,,,,3217,59245,32396,33614
,,,,3218,59245,32396,33614
,,,,3219,59245,32396,33614
,,,,3220,59245,32396,33614
,,,,3221,59245,32396,33614
,,,,3222,59245,32396,33614
,,,,3223,59245,32396,33614
,,,,3224,59245,32396,33614
,,,,3225,59245,32396,33614
,,,,3226,59245,32396,33614
,,,,3227,59245,32396,33614
,,,,3228,59245,32396,33614
,,,,3229,59245,32396,33614
,,,,3230,59245,32396,33614
,,,,3231,59245,32396,33614
,,,,3232,59245,32396,33614
,,,,3233,59245,32396,33614
,,,,3234,59245,32396,33614
,,,,3235,59245,32396,33614
,,,,3236,59245,32396,33614
,,,,3237,59245,32396,33614
,,,,3238,59245,32396,33614
,,,,3239,59245,32396,33614
,,,,3240,59245,32396,33614
,,,,3241,59245,32396,33614
,,,,3242,59245,32396,33614
,,,,3243,59245,32396,33614
,,,,3244,59245,32396,33614
,,,,3245,59245,32396,33614
,,,,3246,59245,32396,33614
,,,,3247,59245,32396,33614
,,,,3248,59245,32396,33614
,,,,3249,59245,32396,33614
,,,,3250,59245,32396,33614
,,,,3251,59245,32396,33614
,,,,3252,59245,32396,33614
,,,,3253,59245,32396,33614
,,,,3254,59245,32396,33614
,,,,3255,59245,32396,33614
,,,,3256,59245,32396,33614
,,,,3257,59245,32396,33614
,,,,3258,59245,32396,33614
,,,,3259,59245,32396,33614
,,,,3260,59245,32396,33614
,,,,3261,59245,32396,33614
,,,,3262,59245,32396,33614
,,,,3263,59245,32396,33614
,,,,3264,59245,32396,33614
,,,,3265,59245,32396,33614
,,,,3266,59245,32396,33614
,,,,3267,59245,32396,33614
,,,,3268,59245,32396,33614
,,,,3269,59245,32396,33614
,,,,3270,59245,32396,33614
,,,,3271,59245,32396,33614
,,,,3272,59245,32396,33614
,,,,3273,59245,32396,33614
,,,,3274,59245,32396,33614
,,,,3275,59245,32396,33614
,,,,3276,59245,32396,33614
,,,,3277,59245,32396,33614
,,,,3278,59245,32396,33614
,,,,3279,59245,32396,33614
,,,,3280,59245,32396,33614
,,,,3281,59245,32396,33614
,,,,3282,59245,32396,33614
,,,,3283,59245,32396,33614
,,,,3284,59245,32396,33614
,,,,3285,59245,32396,33614
,,,,3286,59245,32396,33614
,,,,3287,59245,32396,33614
,,,,3288,59245,32396,33614
,,,,3289,59245,32396,33614
,,,,3290,59245,32396,33614
,,,,3291,59245,32396,33614
,,,,3292,59245,32396,33614
,,,,3293,59245,32396,33614
,,,,3294,59245,32396,33614
,,,,3295,59245,32396,33614
,,,,3296,59245,32396,33614
,,,,3297,59245,32396,33614
,,,,3298,59245,32396,33614
,,,,3299,59245,32396,33614
,,,,3300,59245,32396,33614
,,,,3301,59245,32396,33614
,,,,3302,59245,32396,33614
,,,,3303,59245,32396,33614
,,,,3304,59245,32396,33614
,,,,3305,59245,32396,33614
,,,,3306,59245,32396,33614
,,,,3307,59245,32396,33614
,,,,3308,59245,32396,33614
,,,,3309,59245,32396,33614
,,,,3310,59245,32396,33614
,,,,3311,59245,32396,33614
,,,,3312,59245,32396,33614
,,,,3313,59245,32396,33614
,,,,3314,59245,32396,33614
,,,,3315,59245,32396,33614
,,,,3316,59245,32396,33614
,,,,3317,59245,32396,33614
,,,,3318,59245,32396,33614
,,,,3319,59245,32396,33614
,,,,3320,59245,32396,33614
,,,,3321,59245,32396,33614
,,,,3322,59245,32396,33614
,,,,3323,59245,32396,33614
,,,,3324,59245,32396,33614
,,,,3325,59245,32396,33614
,,,,3326,59245,32396,33614
,,,,3327,59245,32396,33614
,,,,3328,59245,32396,33614
,,,,3329,59245,32396,33614
,,,,3330,59245,32396,33614
,,,,3331,59245,32396,33614
,,,,3332,59245,32396,33614
,,,,3333,59245,32396,33614
,,,,3334,59245,32396,33614
,,,,3335,59245,32396,33614
,,,,3336,59245,32396,33614
,,,,3337,59245,32396,33614
,,,,3338,59245,32396,33614
,,,,3339,59245,32396,33614
,,,,3340,59245,32396,33614
,,,,3341,59245,32396,33614
,,,,3342,59245,32396,33614
,,,,3343,59245,32396,33614
,,,,3344,59245,32396,33614
,,,,3345,59245,32396,33614
,,,,3346,59245,32396,33614
,,,,3347,59245,32396,33614
,,,,3348,59245,32396,33614
,,,,3349,59245,32396,33614
,,,,3350,59245,32396,33614
,,,,3351,59245,32396,33614
,,,,3352,59245,32396,33614
,,,,3353,59245,32396,33614
,,,,3354,59245,32396,33614
,,,,3355,59245,32396,33614
,,,,3356,59245,32396,33614
,,,,3357,59245,32396,33614
,,,,3358,59245,32396,33614
,,,,3359,59245,32396,33614
,,,,3360,59245,32396,33614
,,,,3361,59245,32396,33614
,,,,3362,59245,32396,33614
,,,,3363,59245,32396,33614
,,,,3364,59245,32396,33614
,,,,3365,59245,32396,33614
,,,,3366,59245,32396,33614
,,,,3367,59245,32396,33614
,,,,3368,59245,32396,33614
,,,,3369,59245,32396,33614
,,,,3370,59245,32396,33614
,,,,3371,59245,32396,33614
,,,,3372,59245,32396,33614
,,,,3373,59245,32396,33614
,,,,3374,59245,32396,33614
,,,,3375,59245,32396,33614
,,,,3376,59245,32396,33614
,,,,3377,59245,32396,33614
,,,,3378,59245,32396,33614
,,,,3379,59245,32396,33614
,,,,3380,59245,32396,33614
,,,,3381,59245,32396,33614
,,,,3382,59245,32396,33614
,,,,3383,59245,32396,33614
,,,,3384,59245,32396,33614
,,,,3385,59245,32396,33614
,,,,3386,59245,32396,33614
,,,,3387,59245,32396,33614
,,,,3388,59245,32396,33614
,,,,3389,59245,32396,33614
,,,,3390,59245,32396,33614
,,,,3391,59245,32396,33614
,,,,3392,59245,32396,33614
,,,,3393,59245,32396,33614
,,,,3394,59245,32396,33614
,,,,3395,59245,32396,33614
,,,,3396,59245,32396,33614
,,,,3397,59245,32396,33614
,,,,3398,59245,32396,33614
,,,,3399,59245,32396,33614
,,,,3400,59245,32396,33614
,,,,3401,59245,32396,33614
,,,,3402,59245,32396,33614
,,,,3403,59245,32396,33614
,,,,3404,59245,32396,33614
,,,,3405,59245,32396,33614
,,,,3406,59245,32396,33614
,,,,3407,59245,32396,33614
,,,,3408,59245,32396,33614
,,,,3409,59245,32396,33614
,,,,3410,59245,32396,33614
,,,,3411,59245,32396,33614
,,,,3412,59245,32396,33614
,,,,3413,59245,32396,33614
,,,,3414,59245,32396,33614
,,,,3415,59245,32396,33614
,,,,3416,59245,32396,33614
,,,,3417,59245,32396,33614
,,,,3418,59245,32396,33614
,,,,3419,59245,32396,33614
,,,,3420,59245,32396,33614
,,,,3421,59245,32396,33614
,,,,3422,59245,32396,33614
,,,,3423,59245,32396,33614
,,,,3424,59245,32396,33614
,,,,3425,59245,32396,33614
,,,,3426,59245,32396,33614
,,,,3427,59245,32396,33614
,,,,3428,59245,32396,33614
,,,,3429,59245,32396,33614
,,,,3430,59245,32396,33614
,,,,3431,59245,32396,33614
,,,,3432,59245,32396,33614
,,,,3433,59245,32396,33614
,,,,3434,59245,32396,33614
,,,,3435,59245,32396,33614
,,,,3436,59245,32396,33614
,,,,3437,59245,32396,33614
,,,,3438,59245,32396,33614
,,,,3439,59245,32396,33614
,,,,3440,59245,32396,33614
,,,,3441,59245,32396,33614
,,,,3442,59245,32396,33614
,,,,3443,59245,32396,33614
,,,,3444,59245,32396,33614
,,,,3445,59245,32396,33614
,,,,3446,59245,32396,33614
,,,,3447,59245,32396,33614
,,,,3448,59245,32396,33614
,,,,3449,59245,32396,33614
,,,,3450,59245,32396,33614
,,,,3451,59245,32396,33614
,,,,3452,59245,32396,33614
,,,,3453,59245,32396,33614
,,,,3454,59245,32396,33614
,,,,3455,59245,32396,33614
,,,,3456,59245,32396,33614
,,,,3457,59245,32396,33614
,,,,3458,59245,32396,33614
,,,,3459,59245,32396,33614
,,,,3460,59245,32396,33614
,,,,3461,59245,32396,33614
,,,,3462,59245,32396,33614
,,,,3463,59245,32396,33614
,,,,3464,59245,32396,33614
,,,,3465,59245,32396,33614
,,,,3466,59245,32396,33614
,,,,3467,59245,32396,33614
,,,,3468,59245,32396,33614
,,,,3469,59245,32396,33614
,,,,3470,59245,32396,33614
,,,,3471,59245,32396,33614
,,,,3472,59245,32396,33614
,,,,3473,59245,32396,33614
,,,,3474,59245,32396,33614
,,,,3475,59245,32396,33614
,,,,3476,59245,32396,33614
,,,,3477,59245,32396,33614
,,,,3478,59245,32396,33614
,,,,3479,59245,32396,33614
,,,,3480,59245,32396,33614
,,,,3481,59245,32396,33614
,,,,3482,59245,32396,33614
,,,,3483,59245,32396,33614
,,,,3484,59245,32396,33614
,,,,3485,59245,32396,33614
,,,,3486,59245,32396,33614
,,,,3487,59245,32396,33614
,,,,3488,59245,32396,33614
,,,,3489,59245,32396,33614
,,,,3490,59245,32396,33614
,,,,3491,59245,32396,33614
,,,,3492,59245,32396,33614
,,,,3493,59245,32396,33614
,,,,3494,59245,32396,33614
,,,,3495,59245,32396,33614
,,,,3496,59245,32396,33614
,,,,3497,59245,32396,33614
,,,,3498,59245,32396,33614
,,,,3499,59245,32396,33614
,,,,3500,59245,32396,33614
,,,,3501,59245,32396,33614
,,,,3502,59245,32396,33614
,,,,3503,59245,32396,33614
,,,,3504,59245,32396,33614
,,,,3505,59245,32396,33614
,,,,3506,59245,32396,33614
,,,,3507,59245,32396,33614
,,,,3508,59245,32396,33614
,,,,3509,59245,32396,33614
,,,,3510,59245,32396,33614
,,,,3511,59245,32396,33614
,,,,3512,59245,32396,33614
,,,,3513,59245,32396,33614
,,,,3514,59245,32396,33614
,,,,3515,59245,32396,33614
,,,,3516,59245,32396,33614
,,,,3517,59245,32396,33614
,,,,3518,59245,32396,33614
,,,,3519,59245,32396,33614
,,,,3520,59245,32396,33614
,,,,3521,59245,32396,33614
,,,,3522,59245,32396,33614
,,,,3523,59245,32396,33614
,,,,3524,59245,32396,33614
,,,,3525,59245,32396,33614
,,,,3526,59245,32396,33614
,,,,3527,59245,32396,33614
,,,,3528,59245,32396,33614
,,,,3529,59245,32396,33614
,,,,3530,59245,32396,33614
,,,,3531,59245,32396,33614
,,,,3532,59245,32396,33614
,,,,3533,59245,32396,33614
,,,,3534,59245,32396,33614
,,,,3535,59245,32396,33614
,,,,3536,59245,32396,33614
,,,,3537,59245,32396,33614
,,,,3538,59245,32396,33614
,,,,3539,59245,32396,33614
,,,,3540,59245,32396,33614
,,,,3541,59245,32396,33614
,,,,3542,59245,32396,33614
,,,,3543,59245,32396,33614
,,,,3544,59245,32396,33614
,,,,3545,59245,32396,33614
,,,,3546,59245,32396,33614
,,,,3547,59245,32396,33614
,,,,3548,59245,32396,33614
,,,,3549,59245,32396,33614
,,,,3550,59245,32396,33614
,,,,3551,59245,32396,33614
,,,,3552,59245,32396,33614
,,,,3553,59245,32396,33614
,,,,3554,59245,32396,33614
,,,,3555,59245,32396,33614
,,,,3556,59245,32396,33614
,,,,3557,59245,32396,33614
,,,,3558,59245,32396,33614
,,,,3559,59245,32396,33614
,,,,3560,59245,32396,33614
,,,,3561,59245,32396,33614
,,,,3562,59245,32396,33614
,,,,3563,59245,32396,33614
,,,,3564,59245,32396,33614
,,,,3565,59245,32396,33614
,,,,3566,59245,32396,33614
,,,,3567,59245,32396,33614
,,,,3568,59245,32396,33614
,,,,3569,59245,32396,33614
,,,,3570,59245,32396,33614
,,,,3571,59245,32396,33614
,,,,3572,59245,32396,33614
,,,,3573,59245,32396,33614
,,,,3574,59245,32396,33614
,,,,3575,59245,32396,33614
,,,,3576,59245,32396,33614
,,,,3577,59245,32396,33614
,,,,3578,59245,32396,33614
,,,,3579,59245,32396,33614
,,,,3580,59245,32396,33614
,,,,3581,59245,32396,33614
,,,,3582,59245,32396,33614
,,,,3583,59245,32396,33614
,,,,3584,59245,32396,33614
,,,,3585,59245,32396,33614
,,,,3586,59245,32396,33614
,,,,3587,59245,32396,33614
,,,,3588,59245,32396,33614
,,,,3589,59245,32396,33614
,,,,3590,59245,32396,33614
,,,,3591,59245,32396,33614
,,,,3592,59245,32396,33614
,,,,3593,59245,32396,33614
,,,,3594,59245,32396,33614
,,,,3595,59245,32396,33614
,,,,3596,59245,32396,33614
,,,,3597,59245,32396,33614
,,,,3598,59245,32396,33614
,,,,3599,59245,32396,33614
,,,,3600,59245,32396,33614
,,,,3601,59245,32396,33614
,,,,3602,59245,32396,33614
,,,,3603,59245,32396,33614
,,,,3604,59245,32396,33614
,,,,3605,59245,32396,33614
,,,,3606,59245,32396,33614
,,,,3607,59245,32396,33614
,,,,3608,59245,32396,33614
,,,,3609,59245,32396,33614
,,,,3610,59245,32396,33614
,,,,3611,59245,32396,33614
,,,,3612,59245,32396,33614
,,,,3613,59245,32396,33614
,,,,3614,59245,32396,33614
,,,,3615,59245,32396,33614
,,,,3616,59245,32396,33614
,,,,3617,59245,32396,33614
,,,,3618,59245,32396,33614
,,,,3619,59245,32396,33614
,,,,3620,59245,32396,33614
,,,,3621,59245,32396,33614
,,,,3622,59245,32396,33614
,,,,3623,59245,32396,33614
,,,,3624,59245,32396,33614
,,,,3625,59245,32396,33614
,,,,3626,59245,32396,33614
,,,,3627,59245,32396,33614
,,,,3628,59245,32396,33614
,,,,3629,59245,32396,33614
,,,,3630,59245,32396,33614
,,,,3631,59245,32396,33614
,,,,3632,59245,32396,33614
,,,,3633,59245,32396,33614
,,,,3634,59245,32396,33614
,,,,3635,59245,32396,33614
,,,,3636,59245,32396,33614
,,,,3637,59245,32396,33614
,,,,3638,59245,32396,33614
,,,,3639,59245,32396,33614
,,,,3640,59245,32396,33614
,,,,3641,59245,32396,33614
,,,,3642,59245,32396,33614
,,,,3643,59245,32396,33614
,,,,3644,59245,32396,33614
,,,,3645,59245,32396,33614
,,,,3646,59245,32396,33614
,,,,3647,59245,32396,33614
,,,,3648,59245,32396,33614
,,,,3649,59245,32396,33614
,,,,3650,59245,32396,33614
,,,,3651,59245,32396,33614
,,,,3652,59245,32396,33614
,,,,3653,59245,32396,33614
,,,,3654,59245,32396,33614
,,,,3655,59245,32396,33614
,,,,3656,59245,32396,33614
,,,,3657,59245,32396,33614
,,,,3658,59245,32396,33614
,,,,3659,59245,32396,33614
,,,,3660,59245,32396,33614
,,,,3661,59245,32396,33614
,,,,3662,59245,32396,33614
,,,,3663,59245,32396,33614
,,,,3664,59245,32396,33614
,,,,3665,59245,32396,33614
,,,,3666,59245,32396,33614
,,,,3667,59245,32396,33614
,,,,3668,59245,32396,33614
,,,,3669,59245,32396,33614
,,,,3670,59245,32396,33614
,,,,3671,59245,32396,33614
,,,,3672,59245,32396,33614
,,,,3673,59245,32396,33614
,,,,3674,59245,32396,33614
,,,,3675,59245,32396,33614
,,,,3676,59245,32396,33614
,,,,3677,59245,32396,33614
,,,,3678,59245,32396,33614
,,,,3679,59245,32396,33614
,,,,3680,59245,32396,33614
,,,,3681,59245,32396,33614
,,,,3682,59245,32396,33614
,,,,3683,59245,32396,33614
,,,,3684,59245,32396,33614
,,,,3685,59245,32396,33614
,,,,3686,59245,32396,33614
,,,,3687,59245,32396,33614
,,,,3688,59245,32396,33614
,,,,3689,59245,32396,33614
,,,,3690,59245,32396,33614
,,,,3691,59245,32396,33614
,,,,3692,59245,32396,33614
,,,,3693,59245,32396,33614
,,,,3694,59245,32396,33614
,,,,3695,59245,32396,33614
,,,,3696,59245,32396,33614
,,,,3697,59245,32396,33614
,,,,3698,59245,32396,33614
,,,,3699,59245,32396,33614
,,,,3700,59245,32396,33614
,,,,3701,59245,32396,33614
,,,,3702,59245,32396,33614
,,,,3703,59245,32396,33614
,,,,3704,59245,32396,33614
,,,,3705,59245,32396,33614
,,,,3706,59245,32396,33614
,,,,3707,59245,32396,33614
,,,,3708,59245,32396,33614
,,,,3709,59245,32396,33614
,,,,3710,59245,32396,33614
,,,,3711,59245,32396,33614
,,,,3712,59245,32396,33614
,,,,3713,59245,32396,33614
,,,,3714,59245,32396,33614
,,,,3715,59245,32396,33614
,,,,3716,59245,32396,33614
,,,,3717,59245,32396,33614
,,,,3718,59245,32396,33614
,,,,3719,59245,32396,33614
,,,,3720,59245,32396,33614
,,,,3721,59245,32396,33614
,,,,3722,59245,32396,33614
,,,,3723,59245,32396,33614
,,,,3724,59245,32396,33614
,,,,3725,59245,32396,33614
,,,,3726,59245,32396,33614
,,,,3727,59245,32396,33614
,,,,3728,59245,32396,33614
,,,,3729,59245,32396,33614
,,,,3730,59245,32396,33614
,,,,3731,59245,32396,33614
,,,,3732,59245,32396,33614
,,,,3733,59245,32396,33614
,,,,3734,59245,32396,33614
,,,,3735,59245,32396,33614
,,,,3736,59245,32396,33614
,,,,3737,59245,32396,33614
,,,,3738,59245,32396,33614
,,,,3739,59245,32396,33614
,,,,3740,59245,32396,33614
,,,,3741,59245,32396,33614
,,,,3742,59245,32396,33614
,,,,3743,59245,32396,33614
,,,,3744,59245,32396,33614
,,,,3745,59245,32396,33614
,,,,3746,59245,32396,33614
,,,,3747,59245,32396,33614
,,,,3748,59245,32396,33614
,,,,3749,59245,32396,33614
,,,,3750,59245,32396,33614
,,,,3751,59245,32396,33614
,,,,3752,59245,32396,33614
,,,,3753,59245,32396,33614
,,,,3754,59245,32396,33614
,,,,3755,59245,32396,33614
,,,,3756,59245,32396,33614
,,,,3757,59245,32396,33614
,,,,3758,59245,32396,33614
,,,,3759,59245,32396,33614
,,,,3760,59245,32396,33614
,,,,3761,59245,32396,33614
,,,,3762,59245,32396,33614
,,,,3763,59245,32396,33614
,,,,3764,59245,32396,33614
,,,,3765,59245,32396,33614
,,,,3766,59245,32396,33614
,,,,3767,59245,32396,33614
,,,,3768,59245,32396,33614
,,,,3769,59245,32396,33614
,,,,3770,59245,32396,33614
,,,,3771,59245,32396,33614
,,,,3772,59245,32396,33614
,,,,3773,59245,32396,33614
,,,,3774,59245,32396,33614
,,,,3775,59245,32396,33614
,,,,3776,59245,32396,33614
,,,,3777,59245,32396,33614
,,,,3778,59245,32396,33614
,,,,3779,59245,32396,33614
,,,,3780,59245,32396,33614
,,,,3781,59245,32396,33614
,,,,3782,59245,32396,33614
,,,,3783,59245,32396,33614
,,,,3784,59245,32396,33614
,,,,3785,59245,32396,33614
,,,,3786,59245,32396,33614
,,,,3787,59245,32396,33614
,,,,3788,59245,32396,33614
,,,,3789,59245,32396,33614
,,,,3790,59245,32396,33614
,,,,3791,59245,32396,33614
,,,,3792,59245,32396,33614
,,,,3793,59245,32396,33614
,,,,3794,59245,32396,33614
,,,,3795,59245,32396,33614
,,,,3796,59245,32396,33614
,,,,3797,59245,32396,33614
,,,,3798,59245,32396,33614
,,,,3799,59245,32396,33614
,,,,3800,59245,32396,33614
,,,,3801,59245,32396,33614
,,,,3802,59245,32396,33614
,,,,3803,59245,32396,33614
,,,,3804,59245,32396,33614
,,,,3805,59245,32396,33614
,,,,3806,59245,32396,33614
,,,,3807,59245,32396,33614
,,,,3808,59245,32396,33614
,,,,3809,59245,32396,33614
,,,,3810,59245,32396,33614
,,,,3811,59245,32396,33614
,,,,3812,59245,32396,33614
,,,,3813,59245,32396,33614
,,,,3814,59245,32396,33614
,,,,3815,59245,32396,33614
,,,,3816,59245,32396,33614
,,,,3817,59245,32396,33614
,,,,3818,59245,32396,33614
,,,,3819,59245,32396,33614
,,,,3820,59245,32396,33614
,,,,3821,59245,32396,33614
,,,,3822,59245,32396,33614
,,,,3823,59245,32396,33614
,,,,3824,59245,32396,33614
,,,,3825,59245,32396,33614
,,,,3826,59245,32396,33614
,,,,3827,59245,32396,33614
,,,,3828,59245,32396,33614
,,,,3829,59245,32396,33614
,,,,3830,59245,32396,33614
,,,,3831,59245,32396,33614
,,,,3832,59245,32396,33614
,,,,3833,59245,32396,33614
,,,,3834,59245,32396,33614
,,,,3835,59245,32396,33614
,,,,3836,59245,32396,33614
,,,,3837,59245,32396,33614
,,,,3838,59245,32396,33614
,,,,3839,59245,32396,33614
,,,,3840,59245,32396,33614
,,,,3841,59245,32396,33614
,,,,3842,59245,32396,33614
,,,,3843,59245,32396,33614
,,,,3844,59245,32396,33614
,,,,3845,59245,32396,33614
,,,,3846,59245,32396,33614
,,,,3847,59245,32396,33614
,,,,3848,59245,32396,33614
,,,,3849,59245,32396,33614
,,,,3850,59245,32396,33614
,,,,3851,59245,32396,33614
,,,,3852,59245,32396,33614
,,,,3853,59245,32396,33614
,,,,3854,59245,32396,33614
,,,,3855,59245,32396,33614
,,,,3856,59245,32396,33614
,,,,3857,59245,32396,33614
,,,,3858,59245,32396,33614
,,,,3859,59245,32396,33614
,,,,3860,59245,32396,33614
,,,,3861,59245,32396,33614
,,,,3862,59245,32396,33614
,,,,3863,59245,32396,33614
,,,,3864,59245,32396,33614
,,,,3865,59245,32396,33614
,,,,3866,59245,32396,33614
,,,,3867,59245,32396,33614
,,,,3868,59245,32396,33614
,,,,3869,59245,32396,33614
,,,,3870,59245,32396,33614
,,,,3871,59245,32396,33614
,,,,3872,59245,32396,33614
,,,,3873,59245,32396,33614
,,,,3874,59245,32396,33614
,,,,3875,59245,32396,33614
,,,,3876,59245,32396,33614
,,,,3877,59245,32396,33614
,,,,3878,59245,32396,33614
,,,,3879,59245,32396,33614
,,,,3880,59245,32396,33614
,,,,3881,59245,32396,33614
,,,,3882,59245,32396,33614
,,,,3883,59245,32396,33614
,,,,3884,59245,32396,33614
,,,,3885,59245,32396,33614
,,,,3886,59245,32396,33614
,,,,3887,59245,32396,33614
,,,,3888,59245,32396,33614
,,,,3889,59245,32396,33614
,,,,3890,59245,32396,33614
,,,,3891,59245,32396,33614
,,,,3892,59245,32396,33614
,,,,3893,59245,32396,33614
,,,,3894,59245,32396,33614
,,,,3895,59245,32396,33614
,,,,3896,59245,32396,33614
,,,,3897,59245,32396,33614
,,,,3898,59245,32396,33614
,,,,3899,59245,32396,33614
,,,,3900,59245,32396,33614
,,,,3901,59245,32396,33614
,,,,3902,59245,32396,33614
,,,,3903,59245,32396,33614
,,,,3904,59245,32396,33614
,,,,3905,59245,32396,33614
,,,,3906,59245,32396,33614
,,,,3907,59245,32396,33614
,,,,3908,59245,32396,33614
,,,,3909,59245,32396,33614
,,,,3910,59245,32396,33614
,,,,3911,59245,32396,33614
,,,,3912,59245,32396,33614
,,,,3913,59245,32396,33614
,,,,3914,59245,32396,33614
,,,,3915,59245,32396,33614
,,,,3916,59245,32396,33614
,,,,3917,59245,32396,33614
,,,,3918,59245,32396,33614
,,,,3919,59245,32396,33614
,,,,3920,59245,32396,33614
,,,,3921,59245,32396,33614
,,,,3922,59245,32396,33614
,,,,3923,59245,32396,33614
,,,,3924,59245,32396,33614
,,,,3925,59245,32396,33614
,,,,3926,59245,32396,33614
,,,,3927,59245,32396,33614
,,,,3928,59245,32396,33614
,,,,3929,59245,32396,33614
,,,,3930,59245,32396,33614
,,,,3931,59245,32396,33614
,,,,3932,59245,32396,33614
,,,,3933,59245,32396,33614
,,,,3934,59245,32396,33614
,,,,3935,59245,32396,33614
,,,,3936,59245,32396,33614
,,,,3937,59245,32396,33614
,,,,3938,59245,32396,33614
,,,,3939,59245,32396,33614
,,,,3940,59245,32396,33614
,,,,3941,59245,32396,33614
,,,,3942,59245,32396,33614
,,,,3943,59245,32396,33614
,,,,3944,59245,32396,33614
,,,,3945,59245,32396,33614
,,,,3946,59245,32396,33614
,,,,3947,59245,32396,33614
,,,,3948,59245,32396,33614
,,,,3949,59245,32396,33614
,,,,3950,59245,32396,33614
,,,,3951,59245,32396,33614
,,,,3952,59245,32396,33614
,,,,3953,59245,32396,33614
,,,,3954,59245,32396,33614
,,,,3955,59245,32396,33614
,,,,3956,59245,32396,33614
,,,,3957,59245,32396,33614
,,,,3958,59245,32396,33614
,,,,3959,59245,32396,33614
,,,,3960,59245,32396,33614
,,,,3961,59245,32396,33614
,,,,3962,59245,32396,33614
,,,,3963,59245,32396,33614
,,,,3964,59245,32396,33614
,,,,3965,59245,32396,33614
,,,,3966,59245,32396,33614
,,,,3967,59245,32396,33614
,,,,3968,59245,32396,33614
,,,,3969,59245,32396,33614
,,,,3970,59245,32396,33614
,,,,3971,59245,32396,33614
,,,,3972,59245,32396,33614
,,,,3973,59245,32396,33614
,,,,3974,59245,32396,33614
,,,,3975,59245,32396,33614
,,,,3976,59245,32396,33614
,,,,3977,59245,32396,33614
,,,,3978,59245,32396,33614
,,,,3979,59245,32396,33614
,,,,3980,59245,32396,33614
,,,,3981,59245,32396,33614
,,,,3982,59245,32396,33614
,,,,3983,59245,32396,33614
,,,,3984,59245,32396,33614
,,,,3985,59245,32396,33614
,,,,3986,59245,32396,33614
,,,,3987,59245,32396,33614
,,,,3988,59245,32396,33614
,,,,3989,59245,32396,33614
,,,,3990,59245,32396,33614
,,,,3991,59245,32396,33614
,,,,3992,59245,32396,33614
,,,,3993,59245,32396,33614
,,,,3994,59245,32396,33614
,,,,3995,59245,32396,33614
,,,,3996,59245,32396,33614
,,,,3997,59245,32396,33614
,,,,3998,59245,32396,33614
,,,,3999,59245,32396,33614
,,,,4000,59245,32396,33614
,,,,4001,59245,32396,33614
,,,,4002,59245,32396,33614
,,,,4003,59245,32396,33614
,,,,4004,59245,32396,33614
,,,,4005,59245,32396,33614
,,,,4006,59245,32396,33614
,,,,4007,59245,32396,33614
,,,,4008,59245,32396,33614
,,,,4009,59245,32396,33614
,,,,4010,59245,32396,33614
,,,,4011,59245,32396,33614
,,,,4012,59245,32396,33614
,,,,4013,59245,32396,33614
,,,,4014,59245,32396,33614
,,,,4015,59245,32396,33614
,,,,4016,59245,32396,33614
,,,,4017,59245,32396,33614
,,,,4018,59245,32396,33614
,,,,4019,59245,32396,33614
,,,,4020,59245,32396,33614
,,,,4021,59245,32396,33614
,,,,4022,59245,32396,33614
,,,,4023,59245,32396,33614
,,,,4024,59245,32396,33614
,,,,4025,59245,32396,33614
,,,,4026,59245,32396,33614
,,,,4027,59245,32396,33614
,,,,4028,59245,32396,33614
,,,,4029,59245,32396,33614
,,,,4030,59245,32396,33614
,,,,4031,59245,32396,33614
,,,,4032,59245,32396,33614
,,,,4033,59245,32396,33614
,,,,4034,59245,32396,33614
,,,,4035,59245,32396,33614
,,,,4036,59245,32396,33614
,,,,4037,59245,32396,33614
,,,,4038,59245,32396,33614
,,,,4039,59245,32396,33614
,,,,4040,59245,32396,33614
,,,,4041,59245,32396,33614
,,,,4042,59245,32396,33614
,,,,4043,59245,32396,33614
,,,,4044,59245,32396,33614
,,,,4045,59245,32396,33614
,,,,4046,59245,32396,33614
,,,,4047,59245,32396,33614
,,,,4048,59245,32396,33614
,,,,4049,59245,32396,33614
,,,,4050,59245,32396,33614
,,,,4051,59245,32396,33614
,,,,4052,59245,32396,33614
,,,,4053,59245,32396,33614
,,,,4054,59245,32396,33614
,,,,4055,59245,32396,33614
,,,,4056,59245,32396,33614
,,,,4057,59245,32396,33614
,,,,4058,59245,32396,33614
,,,,4059,59245,32396,33614
,,,,4060,59245,32396,33614
,,,,4061,59245,32396,33614
,,,,4062,59245,32396,33614
,,,,4063,59245,32396,33614
,,,,4064,59245,32396,33614
,,,,4065,59245,32396,33614
,,,,4066,59245,32396,33614
,,,,4067,59245,32396,33614
,,,,4068,59245,32396,33614
,,,,4069,59245,32396,33614
,,,,4070,59245,32396,33614
,,,,4071,59245,32396,33614
,,,,4072,59245,32396,33614
,,,,4073,59245,32396,33614
,,,,4074,59245,32396,33614
,,,,4075,59245,32396,33614
,,,,4076,59245,32396,33614
,,,,4077,59245,32396,33614
,,,,4078,59245,32396,33614
,,,,4079,59245,32396,33614
,,,,4080,59245,32396,33614
,,,,4081,59245,32396,33614
,,,,4082,59245,32396,33614
,,,,4083,59245,32396,33614
,,,,4084,59245,32396,33614
,,,,4085,59245,32396,33614
,,,,4086,59245,32396,33614
,,,,4087,59245,32396,33614
,,,,4088,59245,32396,33614
,,,,4089,59245,32396,33614
,,,,4090,59245,32396,33614
,,,,4091,59245,32396,33614
,,,,4092,59245,32396,33614
,,,,4093,59245,32396,33614
,,,,4094,59245,32396,33614
,,,,4095,59245,32396,33614
,,,,4096,59245,32396,33614
,,,,4097,59245,32396,33614
,,,,4098,59245,32396,33614
,,,,4099,59245,32396,33614
,,,,4100,59245,32396,33614
,,,,4101,59245,32396,33614
,,,,4102,59245,32396,33614
,,,,4103,59245,32396,33614
,,,,4104,59245,32396,33614
,,,,4105,59245,32396,33614
,,,,4106,59245,32396,33614
,,,,4107,59245,32396,33614
,,,,4108,59245,32396,33614
,,,,4109,59245,32396,33614
,,,,4110,59245,32396,33614
,,,,4111,59245,32396,33614
,,,,4112,59245,32396,33614
,,,,4113,59245,32396,33614
,,,,4114,59245,32396,33614
,,,,4115,59245,32396,33614
,,,,4116,59245,32396,33614
,,,,4117,59245,32396,33614
,,,,4118,59245,32396,33614
,,,,4119,59245,32396,33614
,,,,4120,59245,32396,33614
,,,,4121,59245,32396,33614
,,,,4122,59245,32396,33614
,,,,4123,59245,32396,33614
,,,,4124,59245,32396,33614
,,,,4125,59245,32396,33614
,,,,4126,59245,32396,33614
,,,,4127,59245,32396,33614
,,,,4128,59245,32396,33614
,,,,4129,59245,32396,33614
,,,,4130,59245,32396,33614
,,,,4131,59245,32396,33614
,,,,4132,59245,32396,33614
,,,,4133,59245,32396,33614
,,,,4134,59245,32396,33614
,,,,4135,59245,32396,33614
,,,,4136,59245,32396,33614
,,,,4137,59245,32396,33614
,,,,4138,59245,32396,33614
,,,,4139,59245,32396,33614
,,,,4140,59245,32396,33614
,,,,4141,59245,32396,33614
,,,,4142,59245,32396,33614
,,,,4143,59245,32396,33614
,,,,4144,59245,32396,33614
,,,,4145,59245,32396,33614
,,,,4146,59245,32396,33614
,,,,4147,59245,32396,33614
,,,,4148,59245,32396,33614
,,,,4149,59245,32396,33614
,,,,4150,59245,32396,33614
,,,,4151,59245,32396,33614
,,,,4152,59245,32396,33614
,,,,4153,59245,32396,33614
,,,,4154,59245,32396,33614
,,,,4155,59245,32396,33614
,,,,4156,59245,32396,33614
,,,,4157,59245,32396,33614
,,,,4158,59245,32396,33614
,,,,4159,59245,32396,33614
,,,,4160,59245,32396,33614
,,,,4161,59245,32396,33614
,,,,4162,59245,32396,33614
,,,,4163,59245,32396,33614
,,,,4164,59245,32396,33614
,,,,4165,59245,32396,33614
,,,,4166,59245,32396,33614
,,,,4167,59245,32396,33614
,,,,4168,59245,32396,33614
,,,,4169,59245,32396,33614
,,,,4170,59245,32396,33614
,,,,4171,59245,32396,33614
,,,,4172,59245,32396,33614
,,,,4173,59245,32396,33614
,,,,4174,59245,32396,33614
,,,,4175,59245,32396,33614
,,,,4176,59245,32396,33614
,,,,4177,59245,32396,33614
,,,,4178,59245,32396,33614
,,,,4179,59245,32396,33614
,,,,4180,59245,32396,33614
,,,,4181,59245,32396,33614
,,,,4182,59245,32396,33614
,,,,4183,59245,32396,33614
,,,,4184,59245,32396,33614
,,,,4185,59245,32396,33614
,,,,4186,59245,32396,33614
,,,,4187,59245,32396,33614
,,,,4188,59245,32396,33614
,,,,4189,59245,32396,33614
,,,,4190,59245,32396,33614
,,,,4191,59245,32396,33614
,,,,4192,59245,32396,33614
,,,,4193,59245,32396,33614
,,,,4194,59245,32396,33614
,,,,4195,59245,32396,33614
,,,,4196,59245,32396,33614
,,,,4197,59245,32396,33614
,,,,4198,59245,32396,33614
,,,,4199,59245,32396,33614
,,,,4200,59245,32396,33614
,,,,4201,59245,32396,33614
,,,,4202,59245,32396,33614
,,,,4203,59245,32396,33614
,,,,4204,59245,32396,33614
,,,,4205,59245,32396,33614
,,,,4206,59245,32396,33614
,,,,4207,59245,32396,33614
,,,,4208,59245,32396,33614
,,,,4209,59245,32396,33614
,,,,4210,59245,32396,33614
,,,,4211,59245,32396,33614
,,,,4212,59245,32396,33614
,,,,4213,59245,32396,33614
,,,,4214,59245,32396,33614
,,,,4215,59245,32396,33614
,,,,4216,59245,32396,33614
,,,,4217,59245,32396,33614
,,,,4218,59245,32396,33614
,,,,4219,59245,32396,33614
,,,,4220,59245,32396,33614
,,,,4221,59245,32396,33614
,,,,4222,59245,32396,33614
,,,,4223,59245,32396,33614
,,,,4224,59245,32396,33614
,,,,4225,59245,32396,33614
,,,,4226,59245,32396,33614
,,,,4227,59245,32396,33614
,,,,4228,59245,32396,33614
,,,,4229,59245,32396,33614
,,,,4230,59245,32396,33614
,,,,4231,59245,32396,33614
,,,,4232,59245,32396,33614
,,,,4233,59245,32396,33614
,,,,4234,59245,32396,33614
,,,,4235,59245,32396,33614
,,,,4236,59245,32396,33614
,,,,4237,59245,32396,33614
,,,,4238,59245,32396,33614
,,,,4239,59245,32396,33614
,,,,4240,59245,32396,33614
,,,,4241,59245,32396,33614
,,,,4242,59245,32396,33614
,,,,4243,59245,32396,33614
,,,,4244,59245,32396,33614
,,,,4245,59245,32396,33614
,,,,4246,59245,32396,33614
,,,,4247,59245,32396,33614
,,,,4248,59245,32396,33614
,,,,4249,59245,32396,33614
,,,,4250,59245,32396,33614
,,,,4251,59245,32396,33614
,,,,4252,59245,32396,33614
,,,,4253,59245,32396,33614
,,,,4254,59245,32396,33614
,,,,4255,59245,32396,33614
,,,,4256,59245,32396,33614
,,,,4257,59245,32396,33614
,,,,4258,59245,32396,33614
,,,,4259,59245,32396,33614
,,,,4260,59245,32396,33614
,,,,4261,59245,32396,33614
,,,,4262,59245,32396,33614
,,,,4263,59245,32396,33614
,,,,4264,59245,32396,33614
,,,,4265,59245,32396,33614
,,,,4266,59245,32396,33614
,,,,4267,59245,32396,33614
,,,,4268,59245,32396,33614
,,,,4269,59245,32396,33614
,,,,4270,59245,32396,33614
,,,,4271,59245,32396,33614
,,,,4272,59245,32396,33614
,,,,4273,59245,32396,33614
,,,,4274,59245,32396,33614
,,,,4275,59245,32396,33614
,,,,4276,59245,32396,33614
,,,,4277,59245,32396,33614
,,,,4278,59245,32396,33614
,,,,4279,59245,32396,33614
,,,,4280,59245,32396,33614
,,,,4281,59245,32396,33614
,,,,4282,59245,32396,33614
,,,,4283,59245,32396,33614
,,,,4284,59245,32396,33614
,,,,4285,59245,32396,33614
,,,,4286,59245,32396,33614
,,,,4287,59245,32396,33614
,,,,4288,59245,32396,33614
,,,,4289,59245,32396,33614
,,,,4290,59245,32396,33614
,,,,4291,59245,32396,33614
,,,,4292,59245,32396,33614
,,,,4293,59245,32396,33614
,,,,4294,59245,32396,33614
,,,,4295,59245,32396,33614
,,,,4296,59245,32396,33614
,,,,4297,59245,32396,33614
,,,,4298,59245,32396,33614
,,,,4299,59245,32396,33614
,,,,4300,59245,32396,33614
,,,,4301,59245,32396,33614
,,,,4302,59245,32396,33614
,,,,4303,59245,32396,33614
,,,,4304,59245,32396,33614
,,,,4305,59245,32396,33614
,,,,4306,59245,32396,33614
,,,,4307,59245,32396,33614
,,,,4308,59245,32396,33614
,,,,4309,59245,32396,33614
,,,,4310,59245,32396,33614
,,,,4311,59245,32396,33614
,,,,4312,59245,32396,33614
,,,,4313,59245,32396,33614
,,,,4314,59245,32396,33614
,,,,4315,59245,32396,33614
,,,,4316,59245,32396,33614
,,,,4317,59245,32396,33614
,,,,4318,59245,32396,33614
,,,,4319,59245,32396,33614
,,,,4320,59245,32396,33614
,,,,4321,59245,32396,33614
,,,,4322,59245,32396,33614
,,,,4323,59245,32396,33614
,,,,4324,59245,32396,33614
,,,,4325,59245,32396,33614
,,,,4326,59245,32396,33614
,,,,4327,59245,32396,33614
,,,,4328,59245,32396,33614
,,,,4329,59245,32396,33614
,,,,4330,59245,32396,33614
,,,,4331,59245,32396,33614
,,,,4332,59245,32396,33614
,,,,4333,59245,32396,33614
,,,,4334,59245,32396,33614
,,,,4335,59245,32396,33614
,,,,4336,59245,32396,33614
,,,,4337,59245,32396,33614
,,,,4338,59245,32396,33614
,,,,4339,59245,32396,33614
,,,,4340,59245,32396,33614
,,,,4341,59245,32396,33614
,,,,4342,59245,32396,33614
,,,,4343,59245,32396,33614
,,,,4344,59245,32396,33614
,,,,4345,59245,32396,33614
,,,,4346,59245,32396,33614
,,,,4347,59245,32396,33614
,,,,4348,59245,32396,33614
,,,,4349,59245,32396,33614
,,,,4350,59245,32396,33614
,,,,4351,59245,32396,33614
,,,,4352,59245,32396,33614
,,,,4353,59245,32396,33614
,,,,4354,59245,32396,33614
,,,,4355,59245,32396,33614
,,,,4356,59245,32396,33614
,,,,4357,59245,32396,33614
,,,,4358,59245,32396,33614
,,,,4359,59245,32396,33614
,,,,4360,59245,32396,33614
,,,,4361,59245,32396,33614
,,,,4362,59245,32396,33614
,,,,4363,59245,32396,33614
,,,,4364,59245,32396,33614
,,,,4365,59245,32396,33614
,,,,4366,59245,32396,33614
,,,,4367,59245,32396,33614
,,,,4368,59245,32396,33614
,,,,4369,59245,32396,33614
,,,,4370,59245,32396,33614
,,,,4371,59245,32396,33614
,,,,4372,59245,32396,33614
,,,,4373,59245,32396,33614
,,,,4374,59245,32396,33614
,,,,4375,59245,32396,33614
,,,,4376,59245,32396,33614
,,,,4377,59245,32396,33614
,,,,4378,59245,32396,33614
,,,,4379,59245,32396,33614
,,,,4380,59245,32396,33614
,,,,4381,59245,32396,33614
,,,,4382,59245,32396,33614
,,,,4383,59245,32396,33614
,,,,4384,59245,32396,33614
,,,,4385,59245,32396,33614
,,,,4386,59245,32396,33614
,,,,4387,59245,32396,33614
,,,,4388,59245,32396,33614
,,,,4389,59245,32396,33614
,,,,4390,59245,32396,33614
,,,,4391,59245,32396,33614
,,,,4392,59245,32396,33614
,,,,4393,59245,32396,33614
,,,,4394,59245,32396,33614
,,,,4395,59245,32396,33614
,,,,4396,59245,32396,33614
,,,,4397,59245,32396,33614
,,,,4398,59245,32396,33614
,,,,4399,59245,32396,33614
,,,,4400,59245,32396,33614
,,,,4401,59245,32396,33614
,,,,4402,59245,32396,33614
,,,,4403,59245,32396,33614
,,,,4404,59245,32396,33614
,,,,4405,59245,32396,33614
,,,,4406,59245,32396,33614
,,,,4407,59245,32396,33614
,,,,4408,59245,32396,33614
,,,,4409,59245,32396,33614
,,,,4410,59245,32396,33614
,,,,4411,59245,32396,33614
,,,,4412,59245,32396,33614
,,,,4413,59245,32396,33614
,,,,4414,59245,32396,33614
,,,,4415,59245,32396,33614
,,,,4416,59245,32396,33614
,,,,4417,59245,32396,33614
,,,,4418,59245,32396,33614
,,,,4419,59245,32396,33614
,,,,4420,59245,32396,33614
,,,,4421,59245,32396,33614
,,,,4422,59245,32396,33614
,,,,4423,59245,32396,33614
,,,,4424,59245,32396,33614
,,,,4425,59245,32396,33614
,,,,4426,59245,32396,33614
,,,,4427,59245,32396,33614
,,,,4428,59245,32396,33614
,,,,4429,59245,32396,33614
,,,,4430,59245,32396,33614
,,,,4431,59245,32396,33614
,,,,4432,59245,32396,33614
,,,,4433,59245,32396,33614
,,,,4434,59245,32396,33614
,,,,4435,59245,32396,33614
,,,,4436,59245,32396,33614
,,,,4437,59245,32396,33614
,,,,4438,59245,32396,33614
,,,,4439,59245,32396,33614
,,,,4440,59245,32396,33614
,,,,4441,59245,32396,33614
,,,,4442,59245,32396,33614
,,,,4443,59245,32396,33614
,,,,4444,59245,32396,33614
,,,,4445,59245,32396,33614
,,,,4446,59245,32396,33614
,,,,4447,59245,32396,33614
,,,,4448,59245,32396,33614
,,,,4449,59245,32396,33614
,,,,4450,59245,32396,33614
,,,,4451,59245,32396,33614
,,,,4452,59245,32396,33614
,,,,4453,59245,32396,33614
,,,,4454,59245,32396,33614
,,,,4455,59245,32396,33614
,,,,4456,59245,32396,33614
,,,,4457,59245,32396,33614
,,,,4458,59245,32396,33614
,,,,4459,59245,32396,33614
,,,,4460,59245,32396,33614
,,,,4461,59245,32396,33614
,,,,4462,59245,32396,33614
,,,,4463,59245,32396,33614
,,,,4464,59245,32396,33614
,,,,4465,59245,32396,33614
,,,,4466,59245,32396,33614
,,,,4467,59245,32396,33614
,,,,4468,59245,32396,33614
,,,,4469,59245,32396,33614
,,,,4470,59245,32396,33614
,,,,4471,59245,32396,33614
,,,,4472,59245,32396,33614
,,,,4473,59245,32396,33614
,,,,4474,59245,32396,33614
,,,,4475,59245,32396,33614
,,,,4476,59245,32396,33614
,,,,4477,59245,32396,33614
,,,,4478,59245,32396,33614
,,,,4479,59245,32396,33614
,,,,4480,59245,32396,33614
,,,,4481,59245,32396,33614
,,,,4482,59245,32396,33614
,,,,4483,59245,32396,33614
,,,,4484,59245,32396,33614
,,,,4485,59245,32396,33614
,,,,4486,59245,32396,33614
,,,,4487,59245,32396,33614
,,,,4488,59245,32396,33614
,,,,4489,59245,32396,33614
,,,,4490,59245,32396,33614
,,,,4491,59245,32396,33614
,,,,4492,59245,32396,33614
,,,,4493,59245,32396,33614
,,,,4494,59245,32396,33614
,,,,4495,59245,32396,33614
,,,,4496,59245,32396,33614
,,,,4497,59245,32396,33614
,,,,4498,59245,32396,33614
,,,,4499,59245,32396,33614
,,,,4500,59245,32396,33614
,,,,4501,59245,32396,33614
,,,,4502,59245,32396,33614
,,,,4503,59245,32396,33614
,,,,4504,59245,32396,33614
,,,,4505,59245,32396,33614
,,,,4506,59245,32396,33614
,,,,4507,59245,32396,33614
,,,,4508,59245,32396,33614
,,,,4509,59245,32396,33614
,,,,4510,59245,32396,33614
,,,,4511,59245,32396,33614
,,,,4512,59245,32396,33614
,,,,4513,59245,32396,33614
,,,,4514,59245,32396,33614
,,,,4515,59245,32396,33614
,,,,4516,59245,32396,33614
,,,,4517,59245,32396,33614
,,,,4518,59245,32396,33614
,,,,4519,59245,32396,33614
,,,,4520,59245,32396,33614
,,,,4521,59245,32396,33614
,,,,4522,59245,32396,33614
,,,,4523,59245,32396,33614
,,,,4524,59245,32396,33614
,,,,4525,59245,32396,33614
,,,,4526,59245,32396,33614
,,,,4527,59245,32396,33614
,,,,4528,59245,32396,33614
,,,,4529,59245,32396,33614
,,,,4530,59245,32396,33614
,,,,4531,59245,32396,33614
,,,,4532,59245,32396,33614
,,,,4533,59245,32396,33614
,,,,4534,59245,32396,33614
,,,,4535,59245,32396,33614
,,,,4536,59245,32396,33614
,,,,4537,59245,32396,33614
,,,,4538,59245,32396,33614
,,,,4539,59245,32396,33614
,,,,4540,59245,32396,33614
,,,,4541,59245,32396,33614
,,,,4542,59245,32396,33614
,,,,4543,59245,32396,33614
,,,,4544,59245,32396,33614
,,,,4545,59245,32396,33614
,,,,4546,59245,32396,33614
,,,,4547,59245,32396,33614
,,,,4548,59245,32396,33614
,,,,4549,59245,32396,33614
,,,,4550,59245,32396,33614
,,,,4551,59245,32396,33614
,,,,4552,59245,32396,33614
,,,,4553,59245,32396,33614
,,,,4554,59245,32396,33614
,,,,4555,59245,32396,33614
,,,,4556,59245,32396,33614
,,,,4557,59245,32396,33614
,,,,4558,59245,32396,33614
,,,,4559,59245,32396,33614
,,,,4560,59245,32396,33614
,,,,4561,59245,32396,33614
,,,,4562,59245,32396,33614
,,,,4563,59245,32396,33614
,,,,4564,59245,32396,33614
,,,,4565,59245,32396,33614
,,,,4566,59245,32396,33614
,,,,4567,59245,32396,33614
,,,,4568,59245,32396,33614
,,,,4569,59245,32396,33614
,,,,4570,59245,32396,33614
,,,,4571,59245,32396,33614
,,,,4572,59245,32396,33614
,,,,4573,59245,32396,33614
,,,,4574,59245,32396,33614
,,,,4575,59245,32396,33614
,,,,4576,59245,32396,33614
,,,,4577,59245,32396,33614
,,,,4578,59245,32396,33614
,,,,4579,59245,32396,33614
,,,,4580,59245,32396,33614
,,,,4581,59245,32396,33614
,,,,4582,59245,32396,33614
,,,,4583,59245,32396,33614
,,,,4584,59245,32396,33614
,,,,4585,59245,32396,33614
,,,,4586,59245,32396,33614
,,,,4587,59245,32396,33614
,,,,4588,59245,32396,33614
,,,,4589,59245,32396,33614
,,,,4590,59245,32396,33614
,,,,4591,59245,32396,33614
,,,,4592,59245,32396,33614
,,,,4593,59245,32396,33614
,,,,4594,59245,32396,33614
,,,,4595,59245,32396,33614
,,,,4596,59245,32396,33614
,,,,4597,59245,32396,33614
,,,,4598,59245,32396,33614
,,,,4599,59245,32396,33614
,,,,4600,59245,32396,33614
,,,,4601,59245,32396,33614
,,,,4602,59245,32396,33614
,,,,4603,59245,32396,33614
,,,,4604,59245,32396,33614
,,,,4605,59245,32396,33614
,,,,4606,59245,32396,33614
,,,,4607,59245,32396,33614
,,,,4608,59245,32396,33614
,,,,4609,59245,32396,33614
,,,,4610,59245,32396,33614
,,,,4611,59245,32396,33614
,,,,4612,59245,32396,33614
,,,,4613,59245,32396,33614
,,,,4614,59245,32396,33614
,,,,4615,59245,32396,33614
,,,,4616,59245,32396,33614
,,,,4617,59245,32396,33614
,,,,4618,59245,32396,33614
,,,,4619,59245,32396,33614
,,,,4620,59245,32396,33614
,,,,4621,59245,32396,33614
,,,,4622,59245,32396,33614
,,,,4623,59245,32396,33614
,,,,4624,59245,32396,33614
,,,,4625,59245,32396,33614
,,,,4626,59245,32396,33614
,,,,4627,59245,32396,33614
,,,,4628,59245,32396,33614
,,,,4629,59245,32396,33614
,,,,4630,59245,32396,33614
,,,,4631,59245,32396,33614
,,,,4632,59245,32396,33614
,,,,4633,59245,32396,33614
,,,,4634,59245,32396,33614
,,,,4635,59245,32396,33614
,,,,4636,59245,32396,33614
,,,,4637,59245,32396,33614
,,,,4638,59245,32396,33614
,,,,4639,59245,32396,33614
,,,,4640,59245,32396,33614
,,,,4641,59245,32396,33614
,,,,4642,59245,32396,33614
,,,,4643,59245,32396,33614
,,,,4644,59245,32396,33614
,,,,4645,59245,32396,33614
,,,,4646,59245,32396,33614
,,,,4647,59245,32396,33614
,,,,4648,59245,32396,33614
,,,,4649,59245,32396,33614
,,,,4650,59245,32396,33614
,,,,4651,59245,32396,33614
,,,,4652,59245,32396,33614
,,,,4653,59245,32396,33614
,,,,4654,59245,32396,33614
,,,,4655,59245,32396,33614
,,,,4656,59245,32396,33614
,,,,4657,59245,32396,33614
,,,,4658,59245,32396,33614
,,,,4659,59245,32396,33614
,,,,4660,59245,32396,33614
,,,,4661,59245,32396,33614
,,,,4662,59245,32396,33614
,,,,4663,59245,32396,33614
,,,,4664,59245,32396,33614
,,,,4665,59245,32396,33614
,,,,4666,59245,32396,33614
,,,,4667,59245,32396,33614
,,,,4668,59245,32396,33614
,,,,4669,59245,32396,33614
,,,,4670,59245,32396,33614
,,,,4671,59245,32396,33614
,,,,4672,59245,32396,33614
,,,,4673,59245,32396,33614
,,,,4674,59245,32396,33614
,,,,4675,59245,32396,33614
,,,,4676,59245,32396,33614
,,,,4677,59245,32396,33614
,,,,4678,59245,32396,33614
,,,,4679,59245,32396,33614
,,,,4680,59245,32396,33614
,,,,4681,59245,32396,33614
,,,,4682,59245,32396,33614
,,,,4683,59245,32396,33614
,,,,4684,59245,32396,33614
,,,,4685,59245,32396,33614
,,,,4686,59245,32396,33614
,,,,4687,59245,32396,33614
,,,,4688,59245,32396,33614
,,,,4689,59245,32396,33614
,,,,4690,59245,32396,33614
,,,,4691,59245,32396,33614
,,,,4692,59245,32396,33614
,,,,4693,59245,32396,33614
,,,,4694,59245,32396,33614
,,,,4695,59245,32396,33614
,,,,4696,59245,32396,33614
,,,,4697,59245,32396,33614
,,,,4698,59245,32396,33614
,,,,4699,59245,32396,33614
,,,,4700,59245,32396,33614
,,,,4701,59245,32396,33614
,,,,4702,59245,32396,33614
,,,,4703,59245,32396,33614
,,,,4704,59245,32396,33614
,,,,4705,59245,32396,33614
,,,,4706,59245,32396,33614
,,,,4707,59245,32396,33614
,,,,4708,59245,32396,33614
,,,,4709,59245,32396,33614
,,,,4710,59245,32396,33614
,,,,4711,59245,32396,33614
,,,,4712,59245,32396,33614
,,,,4713,59245,32396,33614
,,,,4714,59245,32396,33614
,,,,4715,59245,32396,33614
,,,,4716,59245,32396,33614
,,,,4717,59245,32396,33614
,,,,4718,59245,32396,33614
,,,,4719,59245,32396,33614
,,,,4720,59245,32396,33614
,,,,4721,59245,32396,33614
,,,,4722,59245,32396,33614
,,,,4723,59245,32396,33614
,,,,4724,59245,32396,33614
,,,,4725,59245,32396,33614
,,,,4726,59245,32396,33614
,,,,4727,59245,32396,33614
,,,,4728,59245,32396,33614
,,,,4729,59245,32396,33614
,,,,4730,59245,32396,33614
,,,,4731,59245,32396,33614
,,,,4732,59245,32396,33614
,,,,4733,59245,32396,33614
,,,,4734,59245,32396,33614
,,,,4735,59245,32396,33614
,,,,4736,59245,32396,33614
,,,,4737,59245,32396,33614
,,,,4738,59245,32396,33614
,,,,4739,59245,32396,33614
,,,,4740,59245,32396,33614
,,,,4741,59245,32396,33614
,,,,4742,59245,32396,33614
,,,,4743,59245,32396,33614
,,,,4744,59245,32396,33614
,,,,4745,59245,32396,33614
,,,,4746,59245,32396,33614
,,,,4747,59245,32396,33614
,,,,4748,59245,32396,33614
,,,,4749,59245,32396,33614
,,,,4750,59245,32396,33614
,,,,4751,59245,32396,33614
,,,,4752,59245,32396,33614
,,,,4753,59245,32396,33614
,,,,4754,59245,32396,33614
,,,,4755,59245,32396,33614
,,,,4756,59245,32396,33614
,,,,4757,59245,32396,33614
,,,,4758,59245,32396,33614
,,,,4759,59245,32396,33614
,,,,4760,59245,32396,33614
,,,,4761,59245,32396,33614
,,,,4762,59245,32396,33614
,,,,4763,59245,32396,33614
,,,,4764,59245,32396,33614
,,,,4765,59245,32396,33614
,,,,4766,59245,32396,33614
,,,,4767,59245,32396,33614
,,,,4768,59245,32396,33614
,,,,4769,59245,32396,33614
,,,,4770,59245,32396,33614
,,,,4771,59245,32396,33614
,,,,4772,59245,32396,33614
,,,,4773,59245,32396,33614
,,,,4774,59245,32396,33614
,,,,4775,59245,32396,33614
,,,,4776,59245,32396,33614
,,,,4777,59245,32396,33614
,,,,4778,59245,32396,33614
,,,,4779,59245,32396,33614
,,,,4780,59245,32396,33614
,,,,4781,59245,32396,33614
,,,,4782,59245,32396,33614
,,,,4783,59245,32396,33614
,,,,4784,59245,32396,33614
,,,,4785,59245,32396,33614
,,,,4786,59245,32396,33614
,,,,4787,59245,32396,33614
,,,,4788,59245,32396,33614
,,,,4789,59245,32396,33614
,,,,4790,59245,32396,33614
,,,,4791,59245,32396,33614
,,,,4792,59245,32396,33614
,,,,4793,59245,32396,33614
,,,,4794,59245,32396,33614
,,,,4795,59245,32396,33614
,,,,4796,59245,32396,33614
,,,,4797,59245,32396,33614
,,,,4798,59245,32396,33614
,,,,4799,59245,32396,33614
,,,,4800,59245,32396,33614
,,,,4801,59245,32396,33614
,,,,4802,59245,32396,33614
,,,,4803,59245,32396,33614
,,,,4804,59245,32396,33614
,,,,4805,59245,32396,33614
,,,,4806,59245,32396,33614
,,,,4807,59245,32396,33614
,,,,4808,59245,32396,33614
,,,,4809,59245,32396,33614
,,,,4810,59245,32396,33614
,,,,4811,59245,32396,33614
,,,,4812,59245,32396,33614
,,,,4813,59245,32396,33614
,,,,4814,59245,32396,33614
,,,,4815,59245,32396,33614
,,,,4816,59245,32396,33614
,,,,4817,59245,32396,33614
,,,,4818,59245,32396,33614
,,,,4819,59245,32396,33614
,,,,4820,59245,32396,33614
,,,,4821,59245,32396,33614
,,,,4822,59245,32396,33614
,,,,4823,59245,32396,33614
,,,,4824,59245,32396,33614
,,,,4825,59245,32396,33614
,,,,4826,59245,32396,33614
,,,,4827,59245,32396,33614
,,,,4828,59245,32396,33614
,,,,4829,59245,32396,33614
,,,,4830,59245,32396,33614
,,,,4831,59245,32396,33614
,,,,4832,59245,32396,33614
,,,,4833,59245,32396,33614
,,,,4834,59245,32396,33614
,,,,4835,59245,32396,33614
,,,,4836,59245,32396,33614
,,,,4837,59245,32396,33614
,,,,4838,59245,32396,33614
,,,,4839,59245,32396,33614
,,,,4840,59245,32396,33614
,,,,4841,59245,32396,33614
,,,,4842,59245,32396,33614
,,,,4843,59245,32396,33614
,,,,4844,59245,32396,33614
,,,,4845,59245,32396,33614
,,,,4846,59245,32396,33614
,,,,4847,59245,32396,33614
,,,,4848,59245,32396,33614
,,,,4849,59245,32396,33614
,,,,4850,59245,32396,33614
,,,,4851,59245,32396,33614
,,,,4852,59245,32396,33614
,,,,4853,59245,32396,33614
,,,,4854,59245,32396,33614
,,,,4855,59245,32396,33614
,,,,4856,59245,32396,33614
,,,,4857,59245,32396,33614
,,,,4858,59245,32396,33614
,,,,4859,59245,32396,33614
,,,,4860,59245,32396,33614
,,,,4861,59245,32396,33614
,,,,4862,59245,32396,33614
,,,,4863,59245,32396,33614
,,,,4864,59245,32396,33614
,,,,4865,59245,32396,33614
,,,,4866,59245,32396,33614
,,,,4867,59245,32396,33614
,,,,4868,59245,32396,33614
,,,,4869,59245,32396,33614
,,,,4870,59245,32396,33614
,,,,4871,59245,32396,33614
,,,,4872,59245,32396,33614
,,,,4873,59245,32396,33614
,,,,4874,59245,32396,33614
,,,,4875,59245,32396,33614
,,,,4876,59245,32396,33614
,,,,4877,59245,32396,33614
,,,,4878,59245,32396,33614
,,,,4879,59245,32396,33614
,,,,4880,59245,32396,33614
,,,,4881,59245,32396,33614
,,,,4882,59245,32396,33614
,,,,4883,59245,32396,33614
,,,,4884,59245,32396,33614
,,,,4885,59245,32396,33614
,,,,4886,59245,32396,33614
,,,,4887,59245,32396,33614
,,,,4888,59245,32396,33614
,,,,4889,59245,32396,33614
,,,,4890,59245,32396,33614
,,,,4891,59245,32396,33614
,,,,4892,59245,32396,33614
,,,,4893,59245,32396,33614
,,,,4894,59245,32396,33614
,,,,4895,59245,32396,33614
,,,,4896,59245,32396,33614
,,,,4897,59245,32396,33614
,,,,4898,59245,32396,33614
,,,,4899,59245,32396,33614
,,,,4900,59245,32396,33614
,,,,4901,59245,32396,33614
,,,,4902,59245,32396,33614
,,,,4903,59245,32396,33614
,,,,4904,59245,32396,33614
,,,,4905,59245,32396,33614
,,,,4906,59245,32396,33614
,,,,4907,59245,32396,33614
,,,,4908,59245,32396,33614
,,,,4909,59245,32396,33614
,,,,4910,59245,32396,33614
,,,,4911,59245,32396,33614
,,,,4912,59245,32396,33614
,,,,4913,59245,32396,33614
,,,,4914,59245,32396,33614
,,,,4915,59245,32396,33614
,,,,4916,59245,32396,33614
,,,,4917,59245,32396,33614
,,,,4918,59245,32396,33614
,,,,4919,59245,32396,33614
,,,,4920,59245,32396,33614
,,,,4921,59245,32396,33614
,,,,4922,59245,32396,33614
,,,,4923,59245,32396,33614
,,,,4924,59245,32396,33614
,,,,4925,59245,32396,33614
,,,,4926,59245,32396,33614
,,,,4927,59245,32396,33614
,,,,4928,59245,32396,33614
,,,,4929,59245,32396,33614
,,,,4930,59245,32396,33614
,,,,4931,59245,32396,33614
,,,,4932,59245,32396,33614
,,,,4933,59245,32396,33614
,,,,4934,59245,32396,33614
,,,,4935,59245,32396,33614
,,,,4936,59245,32396,33614
,,,,4937,59245,32396,33614
,,,,4938,59245,32396,33614
,,,,4939,59245,32396,33614
,,,,4940,59245,32396,33614
,,,,4941,59245,32396,33614
,,,,4942,59245,32396,33614
,,,,4943,59245,32396,33614
,,,,4944,59245,32396,33614
,,,,4945,59245,32396,33614
,,,,4946,59245,32396,33614
,,,,4947,59245,32396,33614
,,,,4948,59245,32396,33614
,,,,4949,59245,32396,33614
,,,,4950,59245,32396,33614
,,,,4951,59245,32396,33614
,,,,4952,59245,32396,33614
,,,,4953,59245,32396,33614
,,,,4954,59245,32396,33614
,,,,4955,59245,32396,33614
,,,,4956,59245,32396,33614
,,,,4957,59245,32396,33614
,,,,4958,59245,32396,33614
,,,,4959,59245,32396,33614
,,,,4960,59245,32396,33614
,,,,4961,59245,32396,33614
,,,,4962,59245,32396,33614
,,,,4963,59245,32396,33614
,,,,4964,59245,32396,33614
,,,,4965,59245,32396,33614
,,,,4966,59245,32396,33614
,,,,4967,59245,32396,33614
,,,,4968,59245,32396,33614
,,,,4969,59245,32396,33614
,,,,4970,59245,32396,33614
,,,,4971,59245,32396,33614
,,,,4972,59245,32396,33614
,,,,4973,59245,32396,33614
,,,,4974,59245,32396,33614
,,,,4975,59245,32396,33614
,,,,4976,59245,32396,33614
,,,,4977,59245,32396,33614
,,,,4978,59245,32396,33614
,,,,4979,59245,32396,33614
,,,,4980,59245,32396,33614
,,,,4981,59245,32396,33614
,,,,4982,59245,32396,33614
,,,,4983,59245,32396,33614
,,,,4984,59245,32396,33614
,,,,4985,59245,32396,33614
,,,,4986,59245,32396,33614
,,,,4987,59245,32396,33614
,,,,4988,59245,32396,33614
,,,,4989,59245,32396,33614
,,,,4990,59245,32396,33614
,,,,4991,59245,32396,33614
,,,,4992,59245,32396,33614
,,,,4993,59245,32396,33614
,,,,4994,59245,32396,33614
,,,,4995,59245,32396,33614
,,,,4996,59245,32396,33614
,,,,4997,59245,32396,33614
,,,,4998,59245,32396,33614
,,,,4999,59245,32396,33614
,,,,5000,59245,32396,33614
,,,,5001,59245,32396,33614
,,,,5002,59245,32396,33614
,,,,5003,59245,32396,33614
,,,,5004,59245,32396,33614
,,,,5005,59245,32396,33614
,,,,5006,59245,32396,33614
,,,,5007,59245,32396,33614
,,,,5008,59245,32396,33614
,,,,5009,59245,32396,33614
,,,,5010,59245,32396,33614
,,,,5011,59245,32396,33614
,,,,5012,59245,32396,33614
,,,,5013,59245,32396,33614
,,,,5014,59245,32396,33614
,,,,5015,59245,32396,33614
,,,,5016,59245,32396,33614
,,,,5017,59245,32396,33614
,,,,5018,59245,32396,33614
,,,,5019,59245,32396,33614
,,,,5020,59245,32396,33614
,,,,5021,59245,32396,33614
,,,,5022,59245,32396,33614
,,,,5023,59245,32396,33614
,,,,5024,59245,32396,33614
,,,,5025,59245,32396,33614
,,,,5026,59245,32396,33614
,,,,5027,59245,32396,33614
,,,,5028,59245,32396,33614
,,,,5029,59245,32396,33614
,,,,5030,59245,32396,33614
,,,,5031,59245,32396,33614
,,,,5032,59245,32396,33614
,,,,5033,59245,32396,33614
,,,,5034,59245,32396,33614
,,,,5035,59245,32396,33614
,,,,5036,59245,32396,33614
,,,,5037,59245,32396,33614
,,,,5038,59245,32396,33614
,,,,5039,59245,32396,33614
,,,,5040,59245,32396,33614
,,,,5041,59245,32396,33614
,,,,5042,59245,32396,33614
,,,,5043,59245,32396,33614
,,,,5044,59245,32396,33614
,,,,5045,59245,32396,33614
,,,,5046,59245,32396,33614
,,,,5047,59245,32396,33614
,,,,5048,59245,32396,33614
,,,,5049,59245,32396,33614
,,,,5050,59245,32396,33614
,,,,5051,59245,32396,33614
,,,,5052,59245,32396,33614
,,,,5053,59245,32396,33614
,,,,5054,59245,32396,33614
,,,,5055,59245,32396,33614
,,,,5056,59245,32396,33614
,,,,5057,59245,32396,33614
,,,,5058,59245,32396,33614
,,,,5059,59245,32396,33614
,,,,5060,59245,32396,33614
,,,,5061,59245,32396,33614
,,,,5062,59245,32396,33614
,,,,5063,59245,32396,33614
,,,,5064,59245,32396,33614
,,,,5065,59245,32396,33614
,,,,5066,59245,32396,33614
,,,,5067,59245,32396,33614
,,,,5068,59245,32396,33614
,,,,5069,59245,32396,33614
,,,,5070,59245,32396,33614
,,,,5071,59245,32396,33614
,,,,5072,59245,32396,33614
,,,,5073,59245,32396,33614
,,,,5074,59245,32396,33614
,,,,5075,59245,32396,33614
,,,,5076,59245,32396,33614
,,,,5077,59245,32396,33614
,,,,5078,59245,32396,33614
,,,,5079,59245,32396,33614
,,,,5080,59245,32396,33614
,,,,5081,59245,32396,33614
,,,,5082,59245,32396,33614
,,,,5083,59245,32396,33614
,,,,5084,59245,32396,33614
,,,,5085,59245,32396,33614
,,,,5086,59245,32396,33614
,,,,5087,59245,32396,33614
,,,,5088,59245,32396,33614
,,,,5089,59245,32396,33614
,,,,5090,59245,32396,33614
,,,,5091,59245,32396,33614
,,,,5092,59245,32396,33614
,,,,5093,59245,32396,33614
,,,,5094,59245,32396,33614
,,,,5095,59245,32396,33614
,,,,5096,59245,32396,33614
,,,,5097,59245,32396,33614
,,,,5098,59245,32396,33614
,,,,5099,59245,32396,33614
,,,,5100,59245,32396,33614
,,,,5101,59245,32396,33614
,,,,5102,59245,32396,33614
,,,,5103,59245,32396,33614
,,,,5104,59245,32396,33614
,,,,5105,59245,32396,33614
,,,,5106,59245,32396,33614
,,,,5107,59245,32396,33614
,,,,5108,59245,32396,33614
,,,,5109,59245,32396,33614
,,,,5110,59245,32396,33614
,,,,5111,59245,32396,33614
,,,,5112,59245,32396,33614
,,,,5113,59245,32396,33614
,,,,5114,59245,32396,33614
,,,,5115,59245,32396,33614
,,,,5116,59245,32396,33614
,,,,5117,59245,32396,33614
,,,,5118,59245,32396,33614
,,,,5119,59245,32396,33614
,,,,5120,59245,32396,33614
,,,,5121,59245,32396,33614
,,,,5122,59245,32396,33614
,,,,5123,59245,32396,33614
,,,,5124,59245,32396,33614
,,,,5125,59245,32396,33614
,,,,5126,59245,32396,33614
,,,,5127,59245,32396,33614
,,,,5128,59245,32396,33614
,,,,5129,59245,32396,33614
,,,,5130,59245,32396,33614
,,,,5131,59245,32396,33614
,,,,5132,59245,32396,33614
,,,,5133,59245,32396,33614
,,,,5134,59245,32396,33614
,,,,5135,59245,32396,33614
,,,,5136,59245,32396,33614
,,,,5137,59245,32396,33614
,,,,5138,59245,32396,33614
,,,,5139,59245,32396,33614
,,,,5140,59245,32396,33614
,,,,5141,59245,32396,33614
,,,,5142,59245,32396,33614
,,,,5143,59245,32396,33614
,,,,5144,59245,32396,33614
,,,,5145,59245,32396,33614
,,,,5146,59245,32396,33614
,,,,5147,59245,32396,33614
,,,,5148,59245,32396,33614
,,,,5149,59245,32396,33614
,,,,5150,59245,32396,33614
,,,,5151,59245,32396,33614
,,,,5152,59245,32396,33614
,,,,5153,59245,32396,33614
,,,,5154,59245,32396,33614
,,,,5155,59245,32396,33614
,,,,5156,59245,32396,33614
,,,,5157,59245,32396,33614
,,,,5158,59245,32396,33614
,,,,5159,59245,32396,33614
,,,,5160,59245,32396,33614
,,,,5161,59245,32396,33614
,,,,5162,59245,32396,33614
,,,,5163,59245,32396,33614
,,,,5164,59245,32396,33614
,,,,5165,59245,32396,33614
,,,,5166,59245,32396,33614
,,,,5167,59245,32396,33614
,,,,5168,59245,32396,33614
,,,,5169,59245,32396,33614
,,,,5170,59245,32396,33614
,,,,5171,59245,32396,33614
,,,,5172,59245,32396,33614
,,,,5173,59245,32396,33614
,,,,5174,59245,32396,33614
,,,,5175,59245,32396,33614
,,,,5176,59245,32396,33614
,,,,5177,59245,32396,33614
,,,,5178,59245,32396,33614
,,,,5179,59245,32396,33614
,,,,5180,59245,32396,33614
,,,,5181,59245,32396,33614
,,,,5182,59245,32396,33614
,,,,5183,59245,32396,33614
,,,,5184,59245,32396,33614
,,,,5185,59245,32396,33614
,,,,5186,59245,32396,33614
,,,,5187,59245,32396,33614
,,,,5188,59245,32396,33614
,,,,5189,59245,32396,33614
,,,,5190,59245,32396,33614
,,,,5191,59245,32396,33614
,,,,5192,59245,32396,33614
,,,,5193,59245,32396,33614
,,,,5194,59245,32396,33614
,,,,5195,59245,32396,33614
,,,,5196,59245,32396,33614
,,,,5197,59245,32396,33614
,,,,5198,59245,32396,33614
,,,,5199,59245,32396,33614
,,,,5200,59245,32396,33614
,,,,5201,59245,32396,33614
,,,,5202,59245,32396,33614
,,,,5203,59245,32396,33614
,,,,5204,59245,32396,33614
,,,,5205,59245,32396,33614
,,,,5206,59245,32396,33614
,,,,5207,59245,32396,33614
,,,,5208,59245,32396,33614
,,,,5209,59245,32396,33614
,,,,5210,59245,32396,33614
,,,,5211,59245,32396,33614
,,,,5212,59245,32396,33614
,,,,5213,59245,32396,33614
,,,,5214,59245,32396,33614
,,,,5215,59245,32396,33614
,,,,5216,59245,32396,33614
,,,,5217,59245,32396,33614
,,,,5218,59245,32396,33614
,,,,5219,59245,32396,33614
,,,,5220,59245,32396,33614
,,,,5221,59245,32396,33614
,,,,5222,59245,32396,33614
,,,,5223,59245,32396,33614
,,,,5224,59245,32396,33614
,,,,5225,59245,32396,33614
,,,,5226,59245,32396,33614
,,,,5227,59245,32396,33614
,,,,5228,59245,32396,33614
,,,,5229,59245,32396,33614
,,,,5230,59245,32396,33614
,,,,5231,59245,32396,33614
,,,,5232,59245,32396,33614
,,,,5233,59245,32396,33614
,,,,5234,59245,32396,33614
,,,,5235,59245,32396,33614
,,,,5236,59245,32396,33614
,,,,5237,59245,32396,33614
,,,,5238,59245,32396,33614
,,,,5239,59245,32396,33614
,,,,5240,59245,32396,33614
,,,,5241,59245,32396,33614
,,,,5242,59245,32396,33614
,,,,5243,59245,32396,33614
,,,,5244,59245,32396,33614
,,,,5245,59245,32396,33614
,,,,5246,59245,32396,33614
,,,,5247,59245,32396,33614
,,,,5248,59245,32396,33614
,,,,5249,59245,32396,33614
,,,,5250,59245,32396,33614
,,,,5251,59245,32396,33614
,,,,5252,59245,32396,33614
,,,,5253,59245,32396,33614
,,,,5254,59245,32396,33614
,,,,5255,59245,32396,33614
,,,,5256,59245,32396,33614
,,,,5257,59245,32396,33614
,,,,5258,59245,32396,33614
,,,,5259,59245,32396,33614
,,,,5260,59245,32396,33614
,,,,5261,59245,32396,33614
,,,,5262,59245,32396,33614
,,,,5263,59245,32396,33614
,,,,5264,59245,32396,33614
,,,,5265,59245,32396,33614
,,,,5266,59245,32396,33614
,,,,5267,59245,32396,33614
,,,,5268,59245,32396,33614
,,,,5269,59245,32396,33614
,,,,5270,59245,32396,33614
,,,,5271,59245,32396,33614
,,,,5272,59245,32396,33614
,,,,5273,59245,32396,33614
,,,,5274,59245,32396,33614
,,,,5275,59245,32396,33614
,,,,5276,59245,32396,33614
,,,,5277,59245,32396,33614
,,,,5278,59245,32396,33614
,,,,5279,59245,32396,33614
,,,,5280,59245,32396,33614
,,,,5281,59245,32396,33614
,,,,5282,59245,32396,33614
,,,,5283,59245,32396,33614
,,,,5284,59245,32396,33614
,,,,5285,59245,32396,33614
,,,,5286,59245,32396,33614
,,,,5287,59245,32396,33614
,,,,5288,59245,32396,33614
,,,,5289,59245,32396,33614
,,,,5290,59245,32396,33614
,,,,5291,59245,32396,33614
,,,,5292,59245,32396,33614
,,,,5293,59245,32396,33614
,,,,5294,59245,32396,33614
,,,,5295,59245,32396,33614
,,,,5296,59245,32396,33614
,,,,5297,59245,32396,33614
,,,,5298,59245,32396,33614
,,,,5299,59245,32396,33614
,,,,5300,59245,32396,33614
,,,,5301,59245,32396,33614
,,,,5302,59245,32396,33614
,,,,5303,59245,32396,33614
,,,,5304,59245,32396,33614
,,,,5305,59245,32396,33614
,,,,5306,59245,32396,33614
,,,,5307,59245,32396,33614
,,,,5308,59245,32396,33614
,,,,5309,59245,32396,33614
,,,,5310,59245,32396,33614
,,,,5311,59245,32396,33614
,,,,5312,59245,32396,33614
,,,,5313,59245,32396,33614
,,,,5314,59245,32396,33614
,,,,5315,59245,32396,33614
,,,,5316,59245,32396,33614
,,,,5317,59245,32396,33614
,,,,5318,59245,32396,33614
,,,,5319,59245,32396,33614
,,,,5320,59245,32396,33614
,,,,5321,59245,32396,33614
,,,,5322,59245,32396,33614
,,,,5323,59245,32396,33614
,,,,5324,59245,32396,33614
,,,,5325,59245,32396,33614
,,,,5326,59245,32396,33614
,,,,5327,59245,32396,33614
,,,,5328,59245,32396,33614
,,,,5329,59245,32396,33614
,,,,5330,59245,32396,33614
,,,,5331,59245,32396,33614
,,,,5332,59245,32396,33614
,,,,5333,59245,32396,33614
,,,,5334,59245,32396,33614
,,,,5335,59245,32396,33614
,,,,5336,59245,32396,33614
,,,,5337,59245,32396,33614
,,,,5338,59245,32396,33614
,,,,5339,59245,32396,33614
,,,,5340,59245,32396,33614
,,,,5341,59245,32396,33614
,,,,5342,59245,32396,33614
,,,,5343,59245,32396,33614
,,,,5344,59245,32396,33614
,,,,5345,59245,32396,33614
,,,,5346,59245,32396,33614
,,,,5347,59245,32396,33614
,,,,5348,59245,32396,33614
,,,,5349,59245,32396,33614
,,,,5350,59245,32396,33614
,,,,5351,59245,32396,33614
,,,,5352,59245,32396,33614
,,,,5353,59245,32396,33614
,,,,5354,59245,32396,33614
,,,,5355,59245,32396,33614
,,,,5356,59245,32396,33614
,,,,5357,59245,32396,33614
,,,,5358,59245,32396,33614
,,,,5359,59245,32396,33614
,,,,5360,59245,32396,33614
,,,,5361,59245,32396,33614
,,,,5362,59245,32396,33614
,,,,5363,59245,32396,33614
,,,,5364,59245,32396,33614
,,,,5365,59245,32396,33614
,,,,5366,59245,32396,33614
,,,,5367,59245,32396,33614
,,,,5368,59245,32396,33614
,,,,5369,59245,32396,33614
,,,,5370,59245,32396,33614
,,,,5371,59245,32396,33614
,,,,5372,59245,32396,33614
,,,,5373,59245,32396,33614
,,,,5374,59245,32396,33614
,,,,5375,59245,32396,33614
,,,,5376,59245,32396,33614
,,,,5377,59245,32396,33614
,,,,5378,59245,32396,33614
,,,,5379,59245,32396,33614
,,,,5380,59245,32396,33614
,,,,5381,59245,32396,33614
,,,,5382,59245,32396,33614
,,,,5383,59245,32396,33614
,,,,5384,59245,32396,33614
,,,,5385,59245,32396,33614
,,,,5386,59245,32396,33614
,,,,5387,59245,32396,33614
,,,,5388,59245,32396,33614
,,,,5389,59245,32396,33614
,,,,5390,59245,32396,33614
,,,,5391,59245,32396,33614
,,,,5392,59245,32396,33614
,,,,5393,59245,32396,33614
,,,,5394,59245,32396,33614
,,,,5395,59245,32396,33614
,,,,5396,59245,32396,33614
,,,,5397,59245,32396,33614
,,,,5398,59245,32396,33614
,,,,5399,59245,32396,33614
,,,,5400,59245,32396,33614
,,,,5401,59245,32396,33614
,,,,5402,59245,32396,33614
,,,,5403,59245,32396,33614
,,,,5404,59245,32396,33614
,,,,5405,59245,32396,33614
,,,,5406,59245,32396,33614
,,,,5407,59245,32396,33614
,,,,5408,59245,32396,33614
,,,,5409,59245,32396,33614
,,,,5410,59245,32396,33614
,,,,5411,59245,32396,33614
,,,,5412,59245,32396,33614
,,,,5413,59245,32396,33614
,,,,5414,59245,32396,33614
,,,,5415,59245,32396,33614
,,,,5416,59245,32396,33614
,,,,5417,59245,32396,33614
,,,,5418,59245,32396,33614
,,,,5419,59245,32396,33614
,,,,5420,59245,32396,33614
,,,,5421,59245,32396,33614
,,,,5422,59245,32396,33614
,,,,5423,59245,32396,33614
,,,,5424,59245,32396,33614
,,,,5425,59245,32396,33614
,,,,5426,59245,32396,33614
,,,,5427,59245,32396,33614
,,,,5428,59245,32396,33614
,,,,5429,59245,32396,33614
,,,,5430,59245,32396,33614
,,,,5431,59245,32396,33614
,,,,5432,59245,32396,33614
,,,,5433,59245,32396,33614
,,,,5434,59245,32396,33614
,,,,5435,59245,32396,33614
,,,,5436,59245,32396,33614
,,,,5437,59245,32396,33614
,,,,5438,59245,32396,33614
,,,,5439,59245,32396,33614
,,,,5440,59245,32396,33614
,,,,5441,59245,32396,33614
,,,,5442,59245,32396,33614
,,,,5443,59245,32396,33614
,,,,5444,59245,32396,33614
,,,,5445,59245,32396,33614
,,,,5446,59245,32396,33614
,,,,5447,59245,32396,33614
,,,,5448,59245,32396,33614
,,,,5449,59245,32396,33614
,,,,5450,59245,32396,33614
,,,,5451,59245,32396,33614
,,,,5452,59245,32396,33614
,,,,5453,59245,32396,33614
,,,,5454,59245,32396,33614
,,,,5455,59245,32396,33614
,,,,5456,59245,32396,33614
,,,,5457,59245,32396,33614
,,,,5458,59245,32396,33614
,,,,5459,59245,32396,33614
,,,,5460,59245,32396,33614
,,,,5461,59245,32396,33614
,,,,5462,59245,32396,33614
,,,,5463,59245,32396,33614
,,,,5464,59245,32396,33614
,,,,5465,59245,32396,33614
,,,,5466,59245,32396,33614
,,,,5467,59245,32396,33614
,,,,5468,59245,32396,33614
,,,,5469,59245,32396,33614
,,,,5470,59245,32396,33614
,,,,5471,59245,32396,33614
,,,,5472,59245,32396,33614
,,,,5473,59245,32396,33614
,,,,5474,59245,32396,33614
,,,,5475,59245,32396,33614
,,,,5476,59245,32396,33614
,,,,5477,59245,32396,33614
,,,,5478,59245,32396,33614
,,,,5479,59245,32396,33614
,,,,5480,59245,32396,33614
,,,,5481,59245,32396,33614
,,,,5482,59245,32396,33614
,,,,5483,59245,32396,33614
,,,,5484,59245,32396,33614
,,,,5485,59245,32396,33614
,,,,5486,59245,32396,33614
,,,,5487,59245,32396,33614
,,,,5488,59245,32396,33614
,,,,5489,59245,32396,33614
,,,,5490,59245,32396,33614
,,,,5491,59245,32396,33614
,,,,5492,59245,32396,33614
,,,,5493,59245,32396,33614
,,,,5494,59245,32396,33614
,,,,5495,59245,32396,33614
,,,,5496,59245,32396,33614
,,,,5497,59245,32396,33614
,,,,5498,59245,32396,33614
,,,,5499,59245,32396,33614
,,,,5500,59245,32396,33614
,,,,5501,59245,32396,33614
,,,,5502,59245,32396,33614
,,,,5503,59245,32396,33614
,,,,5504,59245,32396,33614
,,,,5505,59245,32396,33614
,,,,5506,59245,32396,33614
,,,,5507,59245,32396,33614
,,,,5508,59245,32396,33614
,,,,5509,59245,32396,33614
,,,,5510,59245,32396,33614
,,,,5511,59245,32396,33614
,,,,5512,59245,32396,33614
,,,,5513,59245,32396,33614
,,,,5514,59245,32396,33614
,,,,5515,59245,32396,33614
,,,,5516,59245,32396,33614
,,,,5517,59245,32396,33614
,,,,5518,59245,32396,33614
,,,,5519,59245,32396,33614
,,,,5520,59245,32396,33614
,,,,5521,59245,32396,33614
,,,,5522,59245,32396,33614
,,,,5523,59245,32396,33614
,,,,5524,59245,32396,33614
,,,,5525,59245,32396,33614
,,,,5526,59245,32396,33614
,,,,5527,59245,32396,33614
,,,,5528,59245,32396,33614
,,,,5529,59245,32396,33614
,,,,5530,59245,32396,33614
,,,,5531,59245,32396,33614
,,,,5532,59245,32396,33614
,,,,5533,59245,32396,33614
,,,,5534,59245,32396,33614
,,,,5535,59245,32396,33614
,,,,5536,59245,32396,33614
,,,,5537,59245,32396,33614
,,,,5538,59245,32396,33614
,,,,5539,59245,32396,33614
,,,,5540,59245,32396,33614
,,,,5541,59245,32396,33614
,,,,5542,59245,32396,33614
,,,,5543,59245,32396,33614
,,,,5544,59245,32396,33614
,,,,5545,59245,32396,33614
,,,,5546,59245,32396,33614
,,,,5547,59245,32396,33614
,,,,5548,59245,32396,33614
,,,,5549,59245,32396,33614
,,,,5550,59245,32396,33614
,,,,5551,59245,32396,33614
,,,,5552,59245,32396,33614
,,,,5553,59245,32396,33614
,,,,5554,59245,32396,33614
,,,,5555,59245,32396,33614
,,,,5556,59245,32396,33614
,,,,5557,59245,32396,33614
,,,,5558,59245,32396,33614
,,,,5559,59245,32396,33614
,,,,5560,59245,32396,33614
,,,,5561,59245,32396,33614
,,,,5562,59245,32396,33614
,,,,5563,59245,32396,33614
,,,,5564,59245,32396,33614
,,,,5565,59245,32396,33614
,,,,5566,59245,32396,33614
,,,,5567,59245,32396,33614
,,,,5568,59245,32396,33614
,,,,5569,59245,32396,33614
,,,,5570,59245,32396,33614
,,,,5571,59245,32396,33614
,,,,5572,59245,32396,33614
,,,,5573,59245,32396,33614
,,,,5574,59245,32396,33614
,,,,5575,59245,32396,33614
,,,,5576,59245,32396,33614
,,,,5577,59245,32396,33614
,,,,5578,59245,32396,33614
,,,,5579,59245,32396,33614
,,,,5580,59245,32396,33614
,,,,5581,59245,32396,33614
,,,,5582,59245,32396,33614
,,,,5583,59245,32396,33614
,,,,5584,59245,32396,33614
,,,,5585,59245,32396,33614
,,,,5586,59245,32396,33614
,,,,5587,59245,32396,33614
,,,,5588,59245,32396,33614
,,,,5589,59245,32396,33614
,,,,5590,59245,32396,33614
,,,,5591,59245,32396,33614
,,,,5592,59245,32396,33614
,,,,5593,59245,32396,33614
,,,,5594,59245,32396,33614
,,,,5595,59245,32396,33614
,,,,5596,59245,32396,33614
,,,,5597,59245,32396,33614
,,,,5598,59245,32396,33614
,,,,5599,59245,32396,33614
,,,,5600,59245,32396,33614
,,,,5601,59245,32396,33614
,,,,5602,59245,32396,33614
,,,,5603,59245,32396,33614
,,,,5604,59245,32396,33614
,,,,5605,59245,32396,33614
,,,,5606,59245,32396,33614
,,,,5607,59245,32396,33614
,,,,5608,59245,32396,33614
,,,,5609,59245,32396,33614
,,,,5610,59245,32396,33614
,,,,5611,59245,32396,33614
,,,,5612,59245,32396,33614
,,,,5613,59245,32396,33614
,,,,5614,59245,32396,33614
,,,,5615,59245,32396,33614
,,,,5616,59245,32396,33614
,,,,5617,59245,32396,33614
,,,,5618,59245,32396,33614
,,,,5619,59245,32396,33614
,,,,5620,59245,32396,33614
,,,,5621,59245,32396,33614
,,,,5622,59245,32396,33614
,,,,5623,59245,32396,33614
,,,,5624,59245,32396,33614
,,,,5625,59245,32396,33614
,,,,5626,59245,32396,33614
,,,,5627,59245,32396,33614
,,,,5628,59245,32396,33614
,,,,5629,59245,32396,33614
,,,,5630,59245,32396,33614
,,,,5631,59245,32396,33614
,,,,5632,59245,32396,33614
,,,,5633,59245,32396,33614
,,,,5634,59245,32396,33614
,,,,5635,59245,32396,33614
,,,,5636,59245,32396,33614
,,,,5637,59245,32396,33614
,,,,5638,59245,32396,33614
,,,,5639,59245,32396,33614
,,,,5640,59245,32396,33614
,,,,5641,59245,32396,33614
,,,,5642,59245,32396,33614
,,,,5643,59245,32396,33614
,,,,5644,59245,32396,33614
,,,,5645,59245,32396,33614
,,,,5646,59245,32396,33614
,,,,5647,59245,32396,33614
,,,,5648,59245,32396,33614
,,,,5649,59245,32396,33614
,,,,5650,59245,32396,33614
,,,,5651,59245,32396,33614
,,,,5652,59245,32396,33614
,,,,5653,59245,32396,33614
,,,,5654,59245,32396,33614
,,,,5655,59245,32396,33614
,,,,5656,59245,32396,33614
,,,,5657,59245,32396,33614
,,,,5658,59245,32396,33614
,,,,5659,59245,32396,33614
,,,,5660,59245,32396,33614
,,,,5661,59245,32396,33614
,,,,5662,59245,32396,33614
,,,,5663,59245,32396,33614
,,,,5664,59245,32396,33614
,,,,5665,59245,32396,33614
,,,,5666,59245,32396,33614
,,,,5667,59245,32396,33614
,,,,5668,59245,32396,33614
,,,,5669,59245,32396,33614
,,,,5670,59245,32396,33614
,,,,5671,59245,32396,33614
,,,,5672,59245,32396,33614
,,,,5673,59245,32396,33614
,,,,5674,59245,32396,33614
,,,,5675,59245,32396,33614
,,,,5676,59245,32396,33614
,,,,5677,59245,32396,33614
,,,,5678,59245,32396,33614
,,,,5679,59245,32396,33614
,,,,5680,59245,32396,33614
,,,,5681,59245,32396,33614
,,,,5682,59245,32396,33614
,,,,5683,59245,32396,33614
,,,,5684,59245,32396,33614
,,,,5685,59245,32396,33614
,,,,5686,59245,32396,33614
,,,,5687,59245,32396,33614
,,,,5688,59245,32396,33614
,,,,5689,59245,32396,33614
,,,,5690,59245,32396,33614
,,,,5691,59245,32396,33614
,,,,5692,59245,32396,33614
,,,,5693,59245,32396,33614
,,,,5694,59245,32396,33614
,,,,5695,59245,32396,33614
,,,,5696,59245,32396,33614
,,,,5697,59245,32396,33614
,,,,5698,59245,32396,33614
,,,,5699,59245,32396,33614
,,,,5700,59245,32396,33614
,,,,5701,59245,32396,33614
,,,,5702,59245,32396,33614
,,,,5703,59245,32396,33614
,,,,5704,59245,32396,33614
,,,,5705,59245,32396,33614
,,,,5706,59245,32396,33614
,,,,5707,59245,32396,33614
,,,,5708,59245,32396,33614
,,,,5709,59245,32396,33614
,,,,5710,59245,32396,33614
,,,,5711,59245,32396,33614
,,,,5712,59245,32396,33614
,,,,5713,59245,32396,33614
,,,,5714,59245,32396,33614
,,,,5715,59245,32396,33614
,,,,5716,59245,32396,33614
,,,,5717,59245,32396,33614
,,,,5718,59245,32396,33614
,,,,5719,59245,32396,33614
,,,,5720,59245,32396,33614
,,,,5721,59245,32396,33614
,,,,5722,59245,32396,33614
,,,,5723,59245,32396,33614
,,,,5724,59245,32396,33614
,,,,5725,59245,32396,33614
,,,,5726,59245,32396,33614
,,,,5727,59245,32396,33614
,,,,5728,59245,32396,33614
,,,,5729,59245,32396,33614
,,,,5730,59245,32396,33614
,,,,5731,59245,32396,33614
,,,,5732,59245,32396,33614
,,,,5733,59245,32396,33614
,,,,5734,59245,32396,33614
,,,,5735,59245,32396,33614
,,,,5736,59245,32396,33614
,,,,5737,59245,32396,33614
,,,,5738,59245,32396,33614
,,,,5739,59245,32396,33614
,,,,5740,59245,32396,33614
,,,,5741,59245,32396,33614
,,,,5742,59245,32396,33614
,,,,5743,59245,32396,33614
,,,,5744,59245,32396,33614
,,,,5745,59245,32396,33614
,,,,5746,59245,32396,33614
,,,,5747,59245,32396,33614
,,,,5748,59245,32396,33614
,,,,5749,59245,32396,33614
,,,,5750,59245,32396,33614
,,,,5751,59245,32396,33614
,,,,5752,59245,32396,33614
,,,,5753,59245,32396,33614
,,,,5754,59245,32396,33614
,,,,5755,59245,32396,33614
,,,,5756,59245,32396,33614
,,,,5757,59245,32396,33614
,,,,5758,59245,32396,33614
,,,,5759,59245,32396,33614
,,,,5760,59245,32396,33614
,,,,5761,59245,32396,33614
,,,,5762,59245,32396,33614
,,,,5763,59245,32396,33614
,,,,5764,59245,32396,33614
,,,,5765,59245,32396,33614
,,,,5766,59245,32396,33614
,,,,5767,59245,32396,33614
,,,,5768,59245,32396,33614
,,,,5769,59245,32396,33614
,,,,5770,59245,32396,33614
,,,,5771,59245,32396,33614
,,,,5772,59245,32396,33614
,,,,5773,59245,32396,33614
,,,,5774,59245,32396,33614
,,,,5775,59245,32396,33614
,,,,5776,59245,32396,33614
,,,,5777,59245,32396,33614
,,,,5778,59245,32396,33614
,,,,5779,59245,32396,33614
,,,,5780,59245,32396,33614
,,,,5781,59245,32396,33614
,,,,5782,59245,32396,33614
,,,,5783,59245,32396,33614
,,,,5784,59245,32396,33614
,,,,5785,59245,32396,33614
,,,,5786,59245,32396,33614
,,,,5787,59245,32396,33614
,,,,5788,59245,32396,33614
,,,,5789,59245,32396,33614
,,,,5790,59245,32396,33614
,,,,5791,59245,32396,33614
,,,,5792,59245,32396,33614
,,,,5793,59245,32396,33614
,,,,5794,59245,32396,33614
,,,,5795,59245,32396,33614
,,,,5796,59245,32396,33614
,,,,5797,59245,32396,33614
,,,,5798,59245,32396,33614
,,,,5799,59245,32396,33614
,,,,5800,59245,32396,33614
,,,,5801,59245,32396,33614
,,,,5802,59245,32396,33614
,,,,5803,59245,32396,33614
,,,,5804,59245,32396,33614
,,,,5805,59245,32396,33614
,,,,5806,59245,32396,33614
,,,,5807,59245,32396,33614
,,,,5808,59245,32396,33614
,,,,5809,59245,32396,33614
,,,,5810,59245,32396,33614
,,,,5811,59245,32396,33614
,,,,5812,59245,32396,33614
,,,,5813,59245,32396,33614
,,,,5814,59245,32396,33614
,,,,5815,59245,32396,33614
,,,,5816,59245,32396,33614
,,,,5817,59245,32396,33614
,,,,5818,59245,32396,33614
,,,,5819,59245,32396,33614
,,,,5820,59245,32396,33614
,,,,5821,59245,32396,33614
,,,,5822,59245,32396,33614
,,,,5823,59245,32396,33614
,,,,5824,59245,32396,33614
,,,,5825,59245,32396,33614
,,,,5826,59245,32396,33614
,,,,5827,59245,32396,33614
,,,,5828,59245,32396,33614
,,,,5829,59245,32396,33614
,,,,5830,59245,32396,33614
,,,,5831,59245,32396,33614
,,,,5832,59245,32396,33614
,,,,5833,59245,32396,33614
,,,,5834,59245,32396,33614
,,,,5835,59245,32396,33614
,,,,5836,59245,32396,33614
,,,,5837,59245,32396,33614
,,,,5838,59245,32396,33614
,,,,5839,59245,32396,33614
,,,,5840,59245,32396,33614
,,,,5841,59245,32396,33614
,,,,5842,59245,32396,33614
,,,,5843,59245,32396,33614
,,,,5844,59245,32396,33614
,,,,5845,59245,32396,33614
,,,,5846,59245,32396,33614
,,,,5847,59245,32396,33614
,,,,5848,59245,32396,33614
,,,,5849,59245,32396,33614
,,,,5850,59245,32396,33614
,,,,5851,59245,32396,33614
,,,,5852,59245,32396,33614
,,,,5853,59245,32396,33614
,,,,5854,59245,32396,33614
,,,,5855,59245,32396,33614
,,,,5856,59245,32396,33614
,,,,5857,59245,32396,33614
,,,,5858,59245,32396,33614
,,,,5859,59245,32396,33614
,,,,5860,59245,32396,33614
,,,,5861,59245,32396,33614
,,,,5862,59245,32396,33614
,,,,5863,59245,32396,33614
,,,,5864,59245,32396,33614
,,,,5865,59245,32396,33614
,,,,5866,59245,32396,33614
,,,,5867,59245,32396,33614
,,,,5868,59245,32396,33614
,,,,5869,59245,32396,33614
,,,,5870,59245,32396,33614
,,,,5871,59245,32396,33614
,,,,5872,59245,32396,33614
,,,,5873,59245,32396,33614
,,,,5874,59245,32396,33614
,,,,5875,59245,32396,33614
,,,,5876,59245,32396,33614
,,,,5877,59245,32396,33614
,,,,5878,59245,32396,33614
,,,,5879,59245,32396,33614
,,,,5880,59245,32396,33614
,,,,5881,59245,32396,33614
,,,,5882,59245,32396,33614
,,,,5883,59245,32396,33614
,,,,5884,59245,32396,33614
,,,,5885,59245,32396,33614
,,,,5886,59245,32396,33614
,,,,5887,59245,32396,33614
,,,,5888,59245,32396,33614
,,,,5889,59245,32396,33614
,,,,5890,59245,32396,33614
,,,,5891,59245,32396,33614
,,,,5892,59245,32396,33614
,,,,5893,59245,32396,33614
,,,,5894,59245,32396,33614
,,,,5895,59245,32396,33614
,,,,5896,59245,32396,33614
,,,,5897,59245,32396,33614
,,,,5898,59245,32396,33614
,,,,5899,59245,32396,33614
,,,,5900,59245,32396,33614
,,,,5901,59245,32396,33614
,,,,5902,59245,32396,33614
,,,,5903,59245,32396,33614
,,,,5904,59245,32396,33614
,,,,5905,59245,32396,33614
,,,,5906,59245,32396,33614
,,,,5907,59245,32396,33614
,,,,5908,59245,32396,33614
,,,,5909,59245,32396,33614
,,,,5910,59245,32396,33614
,,,,5911,59245,32396,33614
,,,,5912,59245,32396,33614
,,,,5913,59245,32396,33614
,,,,5914,59245,32396,33614
,,,,5915,59245,32396,33614
,,,,5916,59245,32396,33614
,,,,5917,59245,32396,33614
,,,,5918,59245,32396,33614
,,,,5919,59245,32396,33614
,,,,5920,59245,32396,33614
,,,,5921,59245,32396,33614
,,,,5922,59245,32396,33614
,,,,5923,59245,32396,33614
,,,,5924,59245,32396,33614
,,,,5925,59245,32396,33614
,,,,5926,59245,32396,33614
,,,,5927,59245,32396,33614
,,,,5928,59245,32396,33614
,,,,5929,59245,32396,33614
,,,,5930,59245,32396,33614
,,,,5931,59245,32396,33614
,,,,5932,59245,32396,33614
,,,,5933,59245,32396,33614
,,,,5934,59245,32396,33614
,,,,5935,59245,32396,33614
,,,,5936,59245,32396,33614
,,,,5937,59245,32396,33614
,,,,5938,59245,32396,33614
,,,,5939,59245,32396,33614
,,,,5940,59245,32396,33614
,,,,5941,59245,32396,33614
,,,,5942,59245,32396,33614
,,,,5943,59245,32396,33614
,,,,5944,59245,32396,33614
,,,,5945,59245,32396,33614
,,,,5946,59245,32396,33614
,,,,5947,59245,32396,33614
,,,,5948,59245,32396,33614
,,,,5949,59245,32396,33614
,,,,5950,59245,32396,33614
,,,,5951,59245,32396,33614
,,,,5952,59245,32396,33614
,,,,5953,59245,32396,33614
,,,,5954,59245,32396,33614
,,,,5955,59245,32396,33614
,,,,5956,59245,32396,33614
,,,,5957,59245,32396,33614
,,,,5958,59245,32396,33614
,,,,5959,59245,32396,33614
,,,,5960,59245,32396,33614
,,,,5961,59245,32396,33614
,,,,5962,59245,32396,33614
,,,,5963,59245,32396,33614
,,,,5964,59245,32396,33614
,,,,5965,59245,32396,33614
,,,,5966,59245,32396,33614
,,,,5967,59245,32396,33614
,,,,5968,59245,32396,33614
,,,,5969,59245,32396,33614
,,,,5970,59245,32396,33614
,,,,5971,59245,32396,33614
,,,,5972,59245,32396,33614
,,,,5973,59245,32396,33614
,,,,5974,59245,32396,33614
,,,,5975,59245,32396,33614
,,,,5976,59245,32396,33614
,,,,5977,59245,32396,33614
,,,,5978,59245,32396,33614
,,,,5979,59245,32396,33614
,,,,5980,59245,32396,33614
,,,,5981,59245,32396,33614
,,,,5982,59245,32396,33614
,,,,5983,59245,32396,33614
,,,,5984,59245,32396,33614
,,,,5985,59245,32396,33614
,,,,5986,59245,32396,33614
,,,,5987,59245,32396,33614
,,,,5988,59245,32396,33614
,,,,5989,59245,32396,33614
,,,,5990,59245,32396,33614
,,,,5991,59245,32396,33614
,,,,5992,59245,32396,33614
,,,,5993,59245,32396,33614
,,,,5994,59245,32396,33614
,,,,5995,59245,32396,33614
,,,,5996,59245,32396,33614
,,,,5997,59245,32396,33614
,,,,5998,59245,32396,33614
,,,,5999,59245,32396,33614
,,,,6000,59245,32396,33614
,,,,6001,59245,32396,33614
,,,,6002,59245,32396,33614
,,,,6003,59245,32396,33614
,,,,6004,59245,32396,33614
,,,,6005,59245,32396,33614
,,,,6006,59245,32396,33614
,,,,6007,59245,32396,33614
,,,,6008,59245,32396,33614
,,,,6009,59245,32396,33614
,,,,6010,59245,32396,33614
,,,,6011,59245,32396,33614
,,,,6012,59245,32396,33614
,,,,6013,59245,32396,33614
,,,,6014,59245,32396,33614
,,,,6015,59245,32396,33614
,,,,6016,59245,32396,33614
,,,,6017,59245,32396,33614
,,,,6018,59245,32396,33614
,,,,6019,59245,32396,33614
,,,,6020,59245,32396,33614
,,,,6021,59245,32396,33614
,,,,6022,59245,32396,33614
,,,,6023,59245,32396,33614
,,,,6024,59245,32396,33614
,,,,6025,59245,32396,33614
,,,,6026,59245,32396,33614
,,,,6027,59245,32396,33614
,,,,6028,59245,32396,33614
,,,,6029,59245,32396,33614
,,,,6030,59245,32396,33614
,,,,6031,59245,32396,33614
,,,,6032,59245,32396,33614
,,,,6033,59245,32396,33614
,,,,6034,59245,32396,33614
,,,,6035,59245,32396,33614
,,,,6036,59245,32396,33614
,,,,6037,59245,32396,33614
,,,,6038,59245,32396,33614
,,,,6039,59245,32396,33614
,,,,6040,59245,32396,33614
,,,,6041,59245,32396,33614
,,,,6042,59245,32396,33614
,,,,6043,59245,32396,33614
,,,,6044,59245,32396,33614
,,,,6045,59245,32396,33614
,,,,6046,59245,32396,33614
,,,,6047,59245,32396,33614
,,,,6048,59245,32396,33614
,,,,6049,59245,32396,33614
,,,,6050,59245,32396,33614
,,,,6051,59245,32396,33614
,,,,6052,59245,32396,33614
,,,,6053,59245,32396,33614
,,,,6054,59245,32396,33614
,,,,6055,59245,32396,33614
,,,,6056,59245,32396,33614
,,,,6057,59245,32396,33614
,,,,6058,59245,32396,33614
,,,,6059,59245,32396,33614
,,,,6060,59245,32396,33614
,,,,6061,59245,32396,33614
,,,,6062,59245,32396,33614
,,,,6063,59245,32396,33614
,,,,6064,59245,32396,33614
,,,,6065,59245,32396,33614
,,,,6066,59245,32396,33614
,,,,6067,59245,32396,33614
,,,,6068,59245,32396,33614
,,,,6069,59245,32396,33614
,,,,6070,59245,32396,33614
,,,,6071,59245,32396,33614
,,,,6072,59245,32396,33614
,,,,6073,59245,32396,33614
,,,,6074,59245,32396,33614
,,,,6075,59245,32396,33614
,,,,6076,59245,32396,33614
,,,,6077,59245,32396,33614
,,,,6078,59245,32396,33614
,,,,6079,59245,32396,33614
,,,,6080,59245,32396,33614
,,,,6081,59245,32396,33614
,,,,6082,59245,32396,33614
,,,,6083,59245,32396,33614
,,,,6084,59245,32396,33614
,,,,6085,59245,32396,33614
,,,,6086,59245,32396,33614
,,,,6087,59245,32396,33614
,,,,6088,59245,32396,33614
,,,,6089,59245,32396,33614
,,,,6090,59245,32396,33614
,,,,6091,59245,32396,33614
,,,,6092,59245,32396,33614
,,,,6093,59245,32396,33614
,,,,6094,59245,32396,33614
,,,,6095,59245,32396,33614
,,,,6096,59245,32396,33614
,,,,6097,59245,32396,33614
,,,,6098,59245,32396,33614
,,,,6099,59245,32396,33614
,,,,6100,59245,32396,33614
,,,,6101,59245,32396,33614
,,,,6102,59245,32396,33614
,,,,6103,59245,32396,33614
,,,,6104,59245,32396,33614
,,,,6105,59245,32396,33614
,,,,6106,59245,32396,33614
,,,,6107,59245,32396,33614
,,,,6108,59245,32396,33614
,,,,6109,59245,32396,33614
,,,,6110,59245,32396,33614
,,,,6111,59245,32396,33614
,,,,6112,59245,32396,33614
,,,,6113,59245,32396,33614
,,,,6114,59245,32396,33614
,,,,6115,59245,32396,33614
,,,,6116,59245,32396,33614
,,,,6117,59245,32396,33614
,,,,6118,59245,32396,33614
,,,,6119,59245,32396,33614
,,,,6120,59245,32396,33614
,,,,6121,59245,32396,33614
,,,,6122,59245,32396,33614
,,,,6123,59245,32396,33614
,,,,6124,59245,32396,33614
,,,,6125,59245,32396,33614
,,,,6126,59245,32396,33614
,,,,6127,59245,32396,33614
,,,,6128,59245,32396,33614
,,,,6129,59245,32396,33614
,,,,6130,59245,32396,33614
,,,,6131,59245,32396,33614
,,,,6132,59245,32396,33614
,,,,6133,59245,32396,33614
,,,,6134,59245,32396,33614
,,,,6135,59245,32396,33614
,,,,6136,59245,32396,33614
,,,,6137,59245,32396,33614
,,,,6138,59245,32396,33614
,,,,6139,59245,32396,33614
,,,,6140,59245,32396,33614
,,,,6141,59245,32396,33614
,,,,6142,59245,32396,33614
,,,,6143,59245,32396,33614
,,,,6144,59245,32396,33614
,,,,6145,59245,32396,33614
,,,,6146,59245,32396,33614
,,,,6147,59245,32396,33614
,,,,6148,59245,32396,33614
,,,,6149,59245,32396,33614
,,,,6150,59245,32396,33614
,,,,6151,59245,32396,33614
,,,,6152,59245,32396,33614
,,,,6153,59245,32396,33614
,,,,6154,59245,32396,33614
,,,,6155,59245,32396,33614
,,,,6156,59245,32396,33614
,,,,6157,59245,32396,33614
,,,,6158,59245,32396,33614
,,,,6159,59245,32396,33614
,,,,6160,59245,32396,33614
,,,,6161,59245,32396,33614
,,,,6162,59245,32396,33614
,,,,6163,59245,32396,33614
,,,,6164,59245,32396,33614
,,,,6165,59245,32396,33614
,,,,6166,59245,32396,33614
,,,,6167,59245,32396,33614
,,,,6168,59245,32396,33614
,,,,6169,59245,32396,33614
,,,,6170,59245,32396,33614
,,,,6171,59245,32396,33614
,,,,6172,59245,32396,33614
,,,,6173,59245,32396,33614
,,,,6174,59245,32396,33614
,,,,6175,59245,32396,33614
,,,,6176,59245,32396,33614
,,,,6177,59245,32396,33614
,,,,6178,59245,32396,33614
,,,,6179,59245,32396,33614
,,,,6180,59245,32396,33614
,,,,6181,59245,32396,33614
,,,,6182,59245,32396,33614
,,,,6183,59245,32396,33614
,,,,6184,59245,32396,33614
,,,,6185,59245,32396,33614
,,,,6186,59245,32396,33614
,,,,6187,59245,32396,33614
,,,,6188,59245,32396,33614
,,,,6189,59245,32396,33614
,,,,6190,59245,32396,33614
,,,,6191,59245,32396,33614
,,,,6192,59245,32396,33614
,,,,6193,59245,32396,33614
,,,,6194,59245,32396,33614
,,,,6195,59245,32396,33614
,,,,6196,59245,32396,33614
,,,,6197,59245,32396,33614
,,,,6198,59245,32396,33614
,,,,6199,59245,32396,33614
,,,,6200,59245,32396,33614
,,,,6201,59245,32396,33614
,,,,6202,59245,32396,33614
,,,,6203,59245,32396,33614
,,,,6204,59245,32396,33614
,,,,6205,59245,32396,33614
,,,,6206,59245,32396,33614
,,,,6207,59245,32396,33614
,,,,6208,59245,32396,33614
,,,,6209,59245,32396,33614
,,,,6210,59245,32396,33614
,,,,6211,59245,32396,33614
,,,,6212,59245,32396,33614
,,,,6213,59245,32396,33614
,,,,6214,59245,32396,33614
,,,,6215,59245,32396,33614
,,,,6216,59245,32396,33614
,,,,6217,59245,32396,33614
,,,,6218,59245,32396,33614
,,,,6219,59245,32396,33614
,,,,6220,59245,32396,33614
,,,,6221,59245,32396,33614
,,,,6222,59245,32396,33614
,,,,6223,59245,32396,33614
,,,,6224,59245,32396,33614
,,,,6225,59245,32396,33614
,,,,6226,59245,32396,33614
,,,,6227,59245,32396,33614
,,,,6228,59245,32396,33614
,,,,6229,59245,32396,33614
,,,,6230,59245,32396,33614
,,,,6231,59245,32396,33614
,,,,6232,59245,32396,33614
,,,,6233,59245,32396,33614
,,,,6234,59245,32396,33614
,,,,6235,59245,32396,33614
,,,,6236,59245,32396,33614
,,,,6237,59245,32396,33614
,,,,6238,59245,32396,33614
,,,,6239,59245,32396,33614
,,,,6240,59245,32396,33614
,,,,6241,59245,32396,33614
,,,,6242,59245,32396,33614
,,,,6243,59245,32396,33614
,,,,6244,59245,32396,33614
,,,,6245,59245,32396,33614
,,,,6246,59245,32396,33614
,,,,6247,59245,32396,33614
,,,,6248,59245,32396,33614
,,,,6249,59245,32396,33614
,,,,6250,59245,32396,33614
,,,,6251,59245,32396,33614
,,,,6252,59245,32396,33614
,,,,6253,59245,32396,33614
,,,,6254,59245,32396,33614
,,,,6255,59245,32396,33614
,,,,6256,59245,32396,33614
,,,,6257,59245,32396,33614
,,,,6258,59245,32396,33614
,,,,6259,59245,32396,33614
,,,,6260,59245,32396,33614
,,,,6261,59245,32396,33614
,,,,6262,59245,32396,33614
,,,,6263,59245,32396,33614
,,,,6264,59245,32396,33614
,,,,6265,59245,32396,33614
,,,,6266,59245,32396,33614
,,,,6267,59245,32396,33614
,,,,6268,59245,32396,33614
,,,,6269,59245,32396,33614
,,,,6270,59245,32396,33614
,,,,6271,59245,32396,33614
,,,,6272,59245,32396,33614
,,,,6273,59245,32396,33614
,,,,6274,59245,32396,33614
,,,,6275,59245,32396,33614
,,,,6276,59245,32396,33614
,,,,6277,59245,32396,33614
,,,,6278,59245,32396,33614
,,,,6279,59245,32396,33614
,,,,6280,59245,32396,33614
,,,,6281,59245,32396,33614
,,,,6282,59245,32396,33614
,,,,6283,59245,32396,33614
,,,,6284,59245,32396,33614
,,,,6285,59245,32396,33614
,,,,6286,59245,32396,33614
,,,,6287,59245,32396,33614
,,,,6288,59245,32396,33614
,,,,6289,59245,32396,33614
,,,,6290,59245,32396,33614
,,,,6291,59245,32396,33614
,,,,6292,59245,32396,33614
,,,,6293,59245,32396,33614
,,,,6294,59245,32396,33614
,,,,6295,59245,32396,33614
,,,,6296,59245,32396,33614
,,,,6297,59245,32396,33614
,,,,6298,59245,32396,33614
,,,,6299,59245,32396,33614
,,,,6300,59245,32396,33614
,,,,6301,59245,32396,33614
,,,,6302,59245,32396,33614
,,,,6303,59245,32396,33614
,,,,6304,59245,32396,33614
,,,,6305,59245,32396,33614
,,,,6306,59245,32396,33614
,,,,6307,59245,32396,33614
,,,,6308,59245,32396,33614
,,,,6309,59245,32396,33614
,,,,6310,59245,32396,33614
,,,,6311,59245,32396,33614
,,,,6312,59245,32396,33614
,,,,6313,59245,32396,33614
,,,,6314,59245,32396,33614
,,,,6315,59245,32396,33614
,,,,6316,59245,32396,33614
,,,,6317,59245,32396,33614
,,,,6318,59245,32396,33614
,,,,6319,59245,32396,33614
,,,,6320,59245,32396,33614
,,,,6321,59245,32396,33614
,,,,6322,59245,32396,33614
,,,,6323,59245,32396,33614
,,,,6324,59245,32396,33614
,,,,6325,59245,32396,33614
,,,,6326,59245,32396,33614
,,,,6327,59245,32396,33614
,,,,6328,59245,32396,33614
,,,,6329,59245,32396,33614
,,,,6330,59245,32396,33614
,,,,6331,59245,32396,33614
,,,,6332,59245,32396,33614
,,,,6333,59245,32396,33614
,,,,6334,59245,32396,33614
,,,,6335,59245,32396,33614
,,,,6336,59245,32396,33614
,,,,6337,59245,32396,33614
,,,,6338,59245,32396,33614
,,,,6339,59245,32396,33614
,,,,6340,59245,32396,33614
,,,,6341,59245,32396,33614
,,,,6342,59245,32396,33614
,,,,6343,59245,32396,33614
,,,,6344,59245,32396,33614
,,,,6345,59245,32396,33614
,,,,6346,59245,32396,33614
,,,,6347,59245,32396,33614
,,,,6348,59245,32396,33614
,,,,6349,59245,32396,33614
,,,,6350,59245,32396,33614
,,,,6351,59245,32396,33614
,,,,6352,59245,32396,33614
,,,,6353,59245,32396,33614
,,,,6354,59245,32396,33614
,,,,6355,59245,32396,33614
,,,,6356,59245,32396,33614
,,,,6357,59245,32396,33614
,,,,6358,59245,32396,33614
,,,,6359,59245,32396,33614
,,,,6360,59245,32396,33614
,,,,6361,59245,32396,33614
,,,,6362,59245,32396,33614
,,,,6363,59245,32396,33614
,,,,6364,59245,32396,33614
,,,,6365,59245,32396,33614
,,,,6366,59245,32396,33614
,,,,6367,59245,32396,33614
,,,,6368,59245,32396,33614
,,,,6369,59245,32396,33614
,,,,6370,59245,32396,33614
,,,,6371,59245,32396,33614
,,,,6372,59245,32396,33614
,,,,6373,59245,32396,33614
,,,,6374,59245,32396,33614
,,,,6375,59245,32396,33614
,,,,6376,59245,32396,33614
,,,,6377,59245,32396,33614
,,,,6378,59245,32396,33614
,,,,6379,59245,32396,33614
,,,,6380,59245,32396,33614
,,,,6381,59245,32396,33614
,,,,6382,59245,32396,33614
,,,,6383,59245,32396,33614
,,,,6384,59245,32396,33614
,,,,6385,59245,32396,33614
,,,,6386,59245,32396,33614
,,,,6387,59245,32396,33614
,,,,6388,59245,32396,33614
,,,,6389,59245,32396,33614
,,,,6390,59245,32396,33614
,,,,6391,59245,32396,33614
,,,,6392,59245,32396,33614
,,,,6393,59245,32396,33614
,,,,6394,59245,32396,33614
,,,,6395,59245,32396,33614
,,,,6396,59245,32396,33614
,,,,6397,59245,32396,33614
,,,,6398,59245,32396,33614
,,,,6399,59245,32396,33614
,,,,6400,59245,32396,33614
,,,,6401,59245,32396,33614
,,,,6402,59245,32396,33614
,,,,6403,59245,32396,33614
,,,,6404,59245,32396,33614
,,,,6405,59245,32396,33614
,,,,6406,59245,32396,33614
,,,,6407,59245,32396,33614
,,,,6408,59245,32396,33614
,,,,6409,59245,32396,33614
,,,,6410,59245,32396,33614
,,,,6411,59245,32396,33614
,,,,6412,59245,32396,33614
,,,,6413,59245,32396,33614
,,,,6414,59245,32396,33614
,,,,6415,59245,32396,33614
,,,,6416,59245,32396,33614
,,,,6417,59245,32396,33614
,,,,6418,59245,32396,33614
,,,,6419,59245,32396,33614
,,,,6420,59245,32396,33614
,,,,6421,59245,32396,33614
,,,,6422,59245,32396,33614
,,,,6423,59245,32396,33614
,,,,6424,59245,32396,33614
,,,,6425,59245,32396,33614
,,,,6426,59245,32396,33614
,,,,6427,59245,32396,33614
,,,,6428,59245,32396,33614
,,,,6429,59245,32396,33614
,,,,6430,59245,32396,33614
,,,,6431,59245,32396,33614
,,,,6432,59245,32396,33614
,,,,6433,59245,32396,33614
,,,,6434,59245,32396,33614
,,,,6435,59245,32396,33614
,,,,6436,59245,32396,33614
,,,,6437,59245,32396,33614
,,,,6438,59245,32396,33614
,,,,6439,59245,32396,33614
,,,,6440,59245,32396,33614
,,,,6441,59245,32396,33614
,,,,6442,59245,32396,33614
,,,,6443,59245,32396,33614
,,,,6444,59245,32396,33614
,,,,6445,59245,32396,33614
,,,,6446,59245,32396,33614
,,,,6447,59245,32396,33614
,,,,6448,59245,32396,33614
,,,,6449,59245,32396,33614
,,,,6450,59245,32396,33614
,,,,6451,59245,32396,33614
,,,,6452,59245,32396,33614
,,,,6453,59245,32396,33614
,,,,6454,59245,32396,33614
,,,,6455,59245,32396,33614
,,,,6456,59245,32396,33614
,,,,6457,59245,32396,33614
,,,,6458,59245,32396,33614
,,,,6459,59245,32396,33614
,,,,6460,59245,32396,33614
,,,,6461,59245,32396,33614
,,,,6462,59245,32396,33614
,,,,6463,59245,32396,33614
,,,,6464,59245,32396,33614
,,,,6465,59245,32396,33614
,,,,6466,59245,32396,33614
,,,,6467,59245,32396,33614
,,,,6468,59245,32396,33614
,,,,6469,59245,32396,33614
,,,,6470,59245,32396,33614
,,,,6471,59245,32396,33614
,,,,6472,59245,32396,33614
,,,,6473,59245,32396,33614
,,,,6474,59245,32396,33614
,,,,6475,59245,32396,33614
,,,,6476,59245,32396,33614
,,,,6477,59245,32396,33614
,,,,6478,59245,32396,33614
,,,,6479,59245,32396,33614
,,,,6480,59245,32396,33614
,,,,6481,59245,32396,33614
,,,,6482,59245,32396,33614
,,,,6483,59245,32396,33614
,,,,6484,59245,32396,33614
,,,,6485,59245,32396,33614
,,,,6486,59245,32396,33614
,,,,6487,59245,32396,33614
,,,,6488,59245,32396,33614
,,,,6489,59245,32396,33614
,,,,6490,59245,32396,33614
,,,,6491,59245,32396,33614
,,,,6492,59245,32396,33614
,,,,6493,59245,32396,33614
,,,,6494,59245,32396,33614
,,,,6495,59245,32396,33614
,,,,6496,59245,32396,33614
,,,,6497,59245,32396,33614
,,,,6498,59245,32396,33614
,,,,6499,59245,32396,33614
,,,,6500,59245,32396,33614
,,,,6501,59245,32396,33614
,,,,6502,59245,32396,33614
,,,,6503,59245,32396,33614
,,,,6504,59245,32396,33614
,,,,6505,59245,32396,33614
,,,,6506,59245,32396,33614
,,,,6507,59245,32396,33614
,,,,6508,59245,32396,33614
,,,,6509,59245,32396,33614
,,,,6510,59245,32396,33614
,,,,6511,59245,32396,33614
,,,,6512,59245,32396,33614
,,,,6513,59245,32396,33614
,,,,6514,59245,32396,33614
,,,,6515,59245,32396,33614
,,,,6516,59245,32396,33614
,,,,6517,59245,32396,33614
,,,,6518,59245,32396,33614
,,,,6519,59245,32396,33614
,,,,6520,59245,32396,33614
,,,,6521,59245,32396,33614
,,,,6522,59245,32396,33614
,,,,6523,59245,32396,33614
,,,,6524,59245,32396,33614
,,,,6525,59245,32396,33614
,,,,6526,59245,32396,33614
,,,,6527,59245,32396,33614
,,,,6528,59245,32396,33614
,,,,6529,59245,32396,33614
,,,,6530,59245,32396,33614
,,,,6531,59245,32396,33614
,,,,6532,59245,32396,33614
,,,,6533,59245,32396,33614
,,,,6534,59245,32396,33614
,,,,6535,59245,32396,33614
,,,,6536,59245,32396,33614
,,,,6537,59245,32396,33614
,,,,6538,59245,32396,33614
,,,,6539,59245,32396,33614
,,,,6540,59245,32396,33614
,,,,6541,59245,32396,33614
,,,,6542,59245,32396,33614
,,,,6543,59245,32396,33614
,,,,6544,59245,32396,33614
,,,,6545,59245,32396,33614
,,,,6546,59245,32396,33614
,,,,6547,59245,32396,33614
,,,,6548,59245,32396,33614
,,,,6549,59245,32396,33614
,,,,6550,59245,32396,33614
,,,,6551,59245,32396,33614
,,,,6552,59245,32396,33614
,,,,6553,59245,32396,33614
,,,,6554,59245,32396,33614
,,,,6555,59245,32396,33614
,,,,6556,59245,32396,33614
,,,,6557,59245,32396,33614
,,,,6558,59245,32396,33614
,,,,6559,59245,32396,33614
,,,,6560,59245,32396,33614
,,,,6561,59245,32396,33614
,,,,6562,59245,32396,33614
,,,,6563,59245,32396,33614
,,,,6564,59245,32396,33614
,,,,6565,59245,32396,33614
,,,,6566,59245,32396,33614
,,,,6567,59245,32396,33614
,,,,6568,59245,32396,33614
,,,,6569,59245,32396,33614
,,,,6570,59245,32396,33614
,,,,6571,59245,32396,33614
,,,,6572,59245,32396,33614
,,,,6573,59245,32396,33614
,,,,6574,59245,32396,33614
,,,,6575,59245,32396,33614
,,,,6576,59245,32396,33614
,,,,6577,59245,32396,33614
,,,,6578,59245,32396,33614
,,,,6579,59245,32396,33614
,,,,6580,59245,32396,33614
,,,,6581,59245,32396,33614
,,,,6582,59245,32396,33614
,,,,6583,59245,32396,33614
,,,,6584,59245,32396,33614
,,,,6585,59245,32396,33614
,,,,6586,59245,32396,33614
,,,,6587,59245,32396,33614
,,,,6588,59245,32396,33614
,,,,6589,59245,32396,33614
,,,,6590,59245,32396,33614
,,,,6591,59245,32396,33614
,,,,6592,59245,32396,33614
,,,,6593,59245,32396,33614
,,,,6594,59245,32396,33614
,,,,6595,59245,32396,33614
,,,,6596,59245,32396,33614
,,,,6597,59245,32396,33614
,,,,6598,59245,32396,33614
,,,,6599,59245,32396,33614
,,,,6600,59245,32396,33614
,,,,6601,59245,32396,33614
,,,,6602,59245,32396,33614
,,,,6603,59245,32396,33614
,,,,6604,59245,32396,33614
,,,,6605,59245,32396,33614
,,,,6606,59245,32396,33614
,,,,6607,59245,32396,33614
,,,,6608,59245,32396,33614
,,,,6609,59245,32396,33614
,,,,6610,59245,32396,33614
,,,,6611,59245,32396,33614
,,,,6612,59245,32396,33614
,,,,6613,59245,32396,33614
,,,,6614,59245,32396,33614
,,,,6615,59245,32396,33614
,,,,6616,59245,32396,33614
,,,,6617,59245,32396,33614
,,,,6618,59245,32396,33614
,,,,6619,59245,32396,33614
,,,,6620,59245,32396,33614
,,,,6621,59245,32396,33614
,,,,6622,59245,32396,33614
,,,,6623,59245,32396,33614
,,,,6624,59245,32396,33614
,,,,6625,59245,32396,33614
,,,,6626,59245,32396,33614
,,,,6627,59245,32396,33614
,,,,6628,59245,32396,33614
,,,,6629,59245,32396,33614
,,,,6630,59245,32396,33614
,,,,6631,59245,32396,33614
,,,,6632,59245,32396,33614
,,,,6633,59245,32396,33614
,,,,6634,59245,32396,33614
,,,,6635,59245,32396,33614
,,,,6636,59245,32396,33614
,,,,6637,59245,32396,33614
,,,,6638,59245,32396,33614
,,,,6639,59245,32396,33614
,,,,6640,59245,32396,33614
,,,,6641,59245,32396,33614
,,,,6642,59245,32396,33614
,,,,6643,59245,32396,33614
,,,,6644,59245,32396,33614
,,,,6645,59245,32396,33614
,,,,6646,59245,32396,33614
,,,,6647,59245,32396,33614
,,,,6648,59245,32396,33614
,,,,6649,59245,32396,33614
,,,,6650,59245,32396,33614
,,,,6651,59245,32396,33614
,,,,6652,59245,32396,33614
,,,,6653,59245,32396,33614
,,,,6654,59245,32396,33614
,,,,6655,59245,32396,33614
,,,,6656,59245,32396,33614
,,,,6657,59245,32396,33614
,,,,6658,59245,32396,33614
,,,,6659,59245,32396,33614
,,,,6660,59245,32396,33614
,,,,6661,59245,32396,33614
,,,,6662,59245,32396,33614
,,,,6663,59245,32396,33614
,,,,6664,59245,32396,33614
,,,,6665,59245,32396,33614
,,,,6666,59245,32396,33614
,,,,6667,59245,32396,33614
,,,,6668,59245,32396,33614
,,,,6669,59245,32396,33614
,,,,6670,59245,32396,33614
,,,,6671,59245,32396,33614
,,,,6672,59245,32396,33614
,,,,6673,59245,32396,33614
,,,,6674,59245,32396,33614
,,,,6675,59245,32396,33614
,,,,6676,59245,32396,33614
,,,,6677,59245,32396,33614
,,,,6678,59245,32396,33614
,,,,6679,59245,32396,33614
,,,,6680,59245,32396,33614
,,,,6681,59245,32396,33614
,,,,6682,59245,32396,33614
,,,,6683,59245,32396,33614
,,,,6684,59245,32396,33614
,,,,6685,59245,32396,33614
,,,,6686,59245,32396,33614
,,,,6687,59245,32396,33614
,,,,6688,59245,32396,33614
,,,,6689,59245,32396,33614
,,,,6690,59245,32396,33614
,,,,6691,59245,32396,33614
,,,,6692,59245,32396,33614
,,,,6693,59245,32396,33614
,,,,6694,59245,32396,33614
,,,,6695,59245,32396,33614
,,,,6696,59245,32396,33614
,,,,6697,59245,32396,33614
,,,,6698,59245,32396,33614
,,,,6699,59245,32396,33614
,,,,6700,59245,32396,33614
,,,,6701,59245,32396,33614
,,,,6702,59245,32396,33614
,,,,6703,59245,32396,33614
,,,,6704,59245,32396,33614
,,,,6705,59245,32396,33614
,,,,6706,59245,32396,33614
,,,,6707,59245,32396,33614
,,,,6708,59245,32396,33614
,,,,6709,59245,32396,33614
,,,,6710,59245,32396,33614
,,,,6711,59245,32396,33614
,,,,6712,59245,32396,33614
,,,,6713,59245,32396,33614
,,,,6714,59245,32396,33614
,,,,6715,59245,32396,33614
,,,,6716,59245,32396,33614
,,,,6717,59245,32396,33614
,,,,6718,59245,32396,33614
,,,,6719,59245,32396,33614
,,,,6720,59245,32396,33614
,,,,6721,59245,32396,33614
,,,,6722,59245,32396,33614
,,,,6723,59245,32396,33614
,,,,6724,59245,32396,33614
,,,,6725,59245,32396,33614
,,,,6726,59245,32396,33614
,,,,6727,59245,32396,33614
,,,,6728,59245,32396,33614
,,,,6729,59245,32396,33614
,,,,6730,59245,32396,33614
,,,,6731,59245,32396,33614
,,,,6732,59245,32396,33614
,,,,6733,59245,32396,33614
,,,,6734,59245,32396,33614
,,,,6735,59245,32396,33614
,,,,6736,59245,32396,33614
,,,,6737,59245,32396,33614
,,,,6738,59245,32396,33614
,,,,6739,59245,32396,33614
,,,,6740,59245,32396,33614
,,,,6741,59245,32396,33614
,,,,6742,59245,32396,33614
,,,,6743,59245,32396,33614
,,,,6744,59245,32396,33614
,,,,6745,59245,32396,33614
,,,,6746,59245,32396,33614
,,,,6747,59245,32396,33614
,,,,6748,59245,32396,33614
,,,,6749,59245,32396,33614
,,,,6750,59245,32396,33614
,,,,6751,59245,32396,33614
,,,,6752,59245,32396,33614
,,,,6753,59245,32396,33614
,,,,6754,59245,32396,33614
,,,,6755,59245,32396,33614
,,,,6756,59245,32396,33614
,,,,6757,59245,32396,33614
,,,,6758,59245,32396,33614
,,,,6759,59245,32396,33614
,,,,6760,59245,32396,33614
,,,,6761,59245,32396,33614
,,,,6762,59245,32396,33614
,,,,6763,59245,32396,33614
,,,,6764,59245,32396,33614
,,,,6765,59245,32396,33614
,,,,6766,59245,32396,33614
,,,,6767,59245,32396,33614
,,,,6768,59245,32396,33614
,,,,6769,59245,32396,33614
,,,,6770,59245,32396,33614
,,,,6771,59245,32396,33614
,,,,6772,59245,32396,33614
,,,,6773,59245,32396,33614
,,,,6774,59245,32396,33614
,,,,6775,59245,32396,33614
,,,,6776,59245,32396,33614
,,,,6777,59245,32396,33614
,,,,6778,59245,32396,33614
,,,,6779,59245,32396,33614
,,,,6780,59245,32396,33614
,,,,6781,59245,32396,33614
,,,,6782,59245,32396,33614
,,,,6783,59245,32396,33614
,,,,6784,59245,32396,33614
,,,,6785,59245,32396,33614
,,,,6786,59245,32396,33614
,,,,6787,59245,32396,33614
,,,,6788,59245,32396,33614
,,,,6789,59245,32396,33614
,,,,6790,59245,32396,33614
,,,,6791,59245,32396,33614
,,,,6792,59245,32396,33614
,,,,6793,59245,32396,33614
,,,,6794,59245,32396,33614
,,,,6795,59245,32396,33614
,,,,6796,59245,32396,33614
,,,,6797,59245,32396,33614
,,,,6798,59245,32396,33614
,,,,6799,59245,32396,33614
,,,,6800,59245,32396,33614
,,,,6801,59245,32396,33614
,,,,6802,59245,32396,33614
,,,,6803,59245,32396,33614
,,,,6804,59245,32396,33614
,,,,6805,59245,32396,33614
,,,,6806,59245,32396,33614
,,,,6807,59245,32396,33614
,,,,6808,59245,32396,33614
,,,,6809,59245,32396,33614
,,,,6810,59245,32396,33614
,,,,6811,59245,32396,33614
,,,,6812,59245,32396,33614
,,,,6813,59245,32396,33614
,,,,6814,59245,32396,33614
,,,,6815,59245,32396,33614
,,,,6816,59245,32396,33614
,,,,6817,59245,32396,33614
,,,,6818,59245,32396,33614
,,,,6819,59245,32396,33614
,,,,6820,59245,32396,33614
,,,,6821,59245,32396,33614
,,,,6822,59245,32396,33614
,,,,6823,59245,32396,33614
,,,,6824,59245,32396,33614
,,,,6825,59245,32396,33614
,,,,6826,59245,32396,33614
,,,,6827,59245,32396,33614
,,,,6828,59245,32396,33614
,,,,6829,59245,32396,33614
,,,,6830,59245,32396,33614
,,,,6831,59245,32396,33614
,,,,6832,59245,32396,33614
,,,,6833,59245,32396,33614
,,,,6834,59245,32396,33614
,,,,6835,59245,32396,33614
,,,,6836,59245,32396,33614
,,,,6837,59245,32396,33614
,,,,6838,59245,32396,33614
,,,,6839,59245,32396,33614
,,,,6840,59245,32396,33614
,,,,6841,59245,32396,33614
,,,,6842,59245,32396,33614
,,,,6843,59245,32396,33614
,,,,6844,59245,32396,33614
,,,,6845,59245,32396,33614
,,,,6846,59245,32396,33614
,,,,6847,59245,32396,33614
,,,,6848,59245,32396,33614
,,,,6849,59245,32396,33614
,,,,6850,59245,32396,33614
,,,,6851,59245,32396,33614
,,,,6852,59245,32396,33614
,,,,6853,59245,32396,33614
,,,,6854,59245,32396,33614
,,,,6855,59245,32396,33614
,,,,6856,59245,32396,33614
,,,,6857,59245,32396,33614
,,,,6858,59245,32396,33614
,,,,6859,59245,32396,33614
,,,,6860,59245,32396,33614
,,,,6861,59245,32396,33614
,,,,6862,59245,32396,33614
,,,,6863,59245,32396,33614
,,,,6864,59245,32396,33614
,,,,6865,59245,32396,33614
,,,,6866,59245,32396,33614
,,,,6867,59245,32396,33614
,,,,6868,59245,32396,33614
,,,,6869,59245,32396,33614
,,,,6870,59245,32396,33614
,,,,6871,59245,32396,33614
,,,,6872,59245,32396,33614
,,,,6873,59245,32396,33614
,,,,6874,59245,32396,33614
,,,,6875,59245,32396,33614
,,,,6876,59245,32396,33614
,,,,6877,59245,32396,33614
,,,,6878,59245,32396,33614
,,,,6879,59245,32396,33614
,,,,6880,59245,32396,33614
,,,,6881,59245,32396,33614
,,,,6882,59245,32396,33614
,,,,6883,59245,32396,33614
,,,,6884,59245,32396,33614
,,,,6885,59245,32396,33614
,,,,6886,59245,32396,33614
,,,,6887,59245,32396,33614
,,,,6888,59245,32396,33614
,,,,6889,59245,32396,33614
,,,,6890,59245,32396,33614
,,,,6891,59245,32396,33614
,,,,6892,59245,32396,33614
,,,,6893,59245,32396,33614
,,,,6894,59245,32396,33614
,,,,6895,59245,32396,33614
,,,,6896,59245,32396,33614
,,,,6897,59245,32396,33614
,,,,6898,59245,32396,33614
,,,,6899,59245,32396,33614
,,,,6900,59245,32396,33614
,,,,6901,59245,32396,33614
,,,,6902,59245,32396,33614
,,,,6903,59245,32396,33614
,,,,6904,59245,32396,33614
,,,,6905,59245,32396,33614
,,,,6906,59245,32396,33614
,,,,6907,59245,32396,33614
,,,,6908,59245,32396,33614
,,,,6909,59245,32396,33614
,,,,6910,59245,32396,33614
,,,,6911,59245,32396,33614
,,,,6912,59245,32396,33614
,,,,6913,59245,32396,33614
,,,,6914,59245,32396,33614
,,,,6915,59245,32396,33614
,,,,6916,59245,32396,33614
,,,,6917,59245,32396,33614
,,,,6918,59245,32396,33614
,,,,6919,59245,32396,33614
,,,,6920,59245,32396,33614
,,,,6921,59245,32396,33614
,,,,6922,59245,32396,33614
,,,,6923,59245,32396,33614
,,,,6924,59245,32396,33614
,,,,6925,59245,32396,33614
,,,,6926,59245,32396,33614
,,,,6927,59245,32396,33614
,,,,6928,59245,32396,33614
,,,,6929,59245,32396,33614
,,,,6930,59245,32396,33614
,,,,6931,59245,32396,33614
,,,,6932,59245,32396,33614
,,,,6933,59245,32396,33614
,,,,6934,59245,32396,33614
,,,,6935,59245,32396,33614
,,,,6936,59245,32396,33614
,,,,6937,59245,32396,33614
,,,,6938,59245,32396,33614
,,,,6939,59245,32396,33614
,,,,6940,59245,32396,33614
,,,,6941,59245,32396,33614
,,,,6942,59245,32396,33614
,,,,6943,59245,32396,33614
,,,,6944,59245,32396,33614
,,,,6945,59245,32396,33614
,,,,6946,59245,32396,33614
,,,,6947,59245,32396,33614
,,,,6948,59245,32396,33614
,,,,6949,59245,32396,33614
,,,,6950,59245,32396,33614
,,,,6951,59245,32396,33614
,,,,6952,59245,32396,33614
,,,,6953,59245,32396,33614
,,,,6954,59245,32396,33614
,,,,6955,59245,32396,33614
,,,,6956,59245,32396,33614
,,,,6957,59245,32396,33614
,,,,6958,59245,32396,33614
,,,,6959,59245,32396,33614
,,,,6960,59245,32396,33614
,,,,6961,59245,32396,33614
,,,,6962,59245,32396,33614
,,,,6963,59245,32396,33614
,,,,6964,59245,32396,33614
,,,,6965,59245,32396,33614
,,,,6966,59245,32396,33614
,,,,6967,59245,32396,33614
,,,,6968,59245,32396,33614
,,,,6969,59245,32396,33614
,,,,6970,59245,32396,33614
,,,,6971,59245,32396,33614
,,,,6972,59245,32396,33614
,,,,6973,59245,32396,33614
,,,,6974,59245,32396,33614
,,,,6975,59245,32396,33614
,,,,6976,59245,32396,33614
,,,,6977,59245,32396,33614
,,,,6978,59245,32396,33614
,,,,6979,59245,32396,33614
,,,,6980,59245,32396,33614
,,,,6981,59245,32396,33614
,,,,6982,59245,32396,33614
,,,,6983,59245,32396,33614
,,,,6984,59245,32396,33614
,,,,6985,59245,32396,33614
,,,,6986,59245,32396,33614
,,,,6987,59245,32396,33614
,,,,6988,59245,32396,33614
,,,,6989,59245,32396,33614
,,,,6990,59245,32396,33614
,,,,6991,59245,32396,33614
,,,,6992,59245,32396,33614
,,,,6993,59245,32396,33614
,,,,6994,59245,32396,33614
,,,,6995,59245,32396,33614
,,,,6996,59245,32396,33614
,,,,6997,59245,32396,33614
,,,,6998,59245,32396,33614
,,,,6999,59245,32396,33614
,,,,7000,59245,32396,33614
,,,,7001,59245,32396,33614
,,,,7002,59245,32396,33614
,,,,7003,59245,32396,33614
,,,,7004,59245,32396,33614
,,,,7005,59245,32396,33614
,,,,7006,59245,32396,33614
,,,,7007,59245,32396,33614
,,,,7008,59245,32396,33614
,,,,7009,59245,32396,33614
,,,,7010,59245,32396,33614
,,,,7011,59245,32396,33614
,,,,7012,59245,32396,33614
,,,,7013,59245,32396,33614
,,,,7014,59245,32396,33614
,,,,7015,59245,32396,33614
,,,,7016,59245,32396,33614
,,,,7017,59245,32396,33614
,,,,7018,59245,32396,33614
,,,,7019,59245,32396,33614
,,,,7020,59245,32396,33614
,,,,7021,59245,32396,33614
,,,,7022,59245,32396,33614
,,,,7023,59245,32396,33614
,,,,7024,59245,32396,33614
,,,,7025,59245,32396,33614
,,,,7026,59245,32396,33614
,,,,7027,59245,32396,33614
,,,,7028,59245,32396,33614
,,,,7029,59245,32396,33614
,,,,7030,59245,32396,33614
,,,,7031,59245,32396,33614
,,,,7032,59245,32396,33614
,,,,7033,59245,32396,33614
,,,,7034,59245,32396,33614
,,,,7035,59245,32396,33614
,,,,7036,59245,32396,33614
,,,,7037,59245,32396,33614
,,,,7038,59245,32396,33614
,,,,7039,59245,32396,33614
,,,,7040,59245,32396,33614
,,,,7041,59245,32396,33614
,,,,7042,59245,32396,33614
,,,,7043,59245,32396,33614
,,,,7044,59245,32396,33614
,,,,7045,59245,32396,33614
,,,,7046,59245,32396,33614
,,,,7047,59245,32396,33614
,,,,7048,59245,32396,33614
,,,,7049,59245,32396,33614
,,,,7050,59245,32396,33614
,,,,7051,59245,32396,33614
,,,,7052,59245,32396,33614
,,,,7053,59245,32396,33614
,,,,7054,59245,32396,33614
,,,,7055,59245,32396,33614
,,,,7056,59245,32396,33614
,,,,7057,59245,32396,33614
,,,,7058,59245,32396,33614
,,,,7059,59245,32396,33614
,,,,7060,59245,32396,33614
,,,,7061,59245,32396,33614
,,,,7062,59245,32396,33614
,,,,7063,59245,32396,33614
,,,,7064,59245,32396,33614
,,,,7065,59245,32396,33614
,,,,7066,59245,32396,33614
,,,,7067,59245,32396,33614
,,,,7068,59245,32396,33614
,,,,7069,59245,32396,33614
,,,,7070,59245,32396,33614
,,,,7071,59245,32396,33614
,,,,7072,59245,32396,33614
,,,,7073,59245,32396,33614
,,,,7074,59245,32396,33614
,,,,7075,59245,32396,33614
,,,,7076,59245,32396,33614
,,,,7077,59245,32396,33614
,,,,7078,59245,32396,33614
,,,,7079,59245,32396,33614
,,,,7080,59245,32396,33614
,,,,7081,59245,32396,33614
,,,,7082,59245,32396,33614
,,,,7083,59245,32396,33614
,,,,7084,59245,32396,33614
,,,,7085,59245,32396,33614
,,,,7086,59245,32396,33614
,,,,7087,59245,32396,33614
,,,,7088,59245,32396,33614
,,,,7089,59245,32396,33614
,,,,7090,59245,32396,33614
,,,,7091,59245,32396,33614
,,,,7092,59245,32396,33614
,,,,7093,59245,32396,33614
,,,,7094,59245,32396,33614
,,,,7095,59245,32396,33614
,,,,7096,59245,32396,33614
,,,,7097,59245,32396,33614
,,,,7098,59245,32396,33614
,,,,7099,59245,32396,33614
,,,,7100,59245,32396,33614
,,,,7101,59245,32396,33614
,,,,7102,59245,32396,33614
,,,,7103,59245,32396,33614
,,,,7104,59245,32396,33614
,,,,7105,59245,32396,33614
,,,,7106,59245,32396,33614
,,,,7107,59245,32396,33614
,,,,7108,59245,32396,33614
,,,,7109,59245,32396,33614
,,,,7110,59245,32396,33614
,,,,7111,59245,32396,33614
,,,,7112,59245,32396,33614
,,,,7113,59245,32396,33614
,,,,7114,59245,32396,33614
,,,,7115,59245,32396,33614
,,,,7116,59245,32396,33614
,,,,7117,59245,32396,33614
,,,,7118,59245,32396,33614
,,,,7119,59245,32396,33614
,,,,7120,59245,32396,33614
,,,,7121,59245,32396,33614
,,,,7122,59245,32396,33614
,,,,7123,59245,32396,33614
,,,,7124,59245,32396,33614
,,,,7125,59245,32396,33614
,,,,7126,59245,32396,33614
,,,,7127,59245,32396,33614
,,,,7128,59245,32396,33614
,,,,7129,59245,32396,33614
,,,,7130,59245,32396,33614
,,,,7131,59245,32396,33614
,,,,7132,59245,32396,33614
,,,,7133,59245,32396,33614
,,,,7134,59245,32396,33614
,,,,7135,59245,32396,33614
,,,,7136,59245,32396,33614
,,,,7137,59245,32396,33614
,,,,7138,59245,32396,33614
,,,,7139,59245,32396,33614
,,,,7140,59245,32396,33614
,,,,7141,59245,32396,33614
,,,,7142,59245,32396,33614
,,,,7143,59245,32396,33614
,,,,7144,59245,32396,33614
,,,,7145,59245,32396,33614
,,,,7146,59245,32396,33614
,,,,7147,59245,32396,33614
,,,,7148,59245,32396,33614
,,,,7149,59245,32396,33614
,,,,7150,59245,32396,33614
,,,,7151,59245,32396,33614
,,,,7152,59245,32396,33614
,,,,7153,59245,32396,33614
,,,,7154,59245,32396,33614
,,,,7155,59245,32396,33614
,,,,7156,59245,32396,33614
,,,,7157,59245,32396,33614
,,,,7158,59245,32396,33614
,,,,7159,59245,32396,33614
,,,,7160,59245,32396,33614
,,,,7161,59245,32396,33614
,,,,7162,59245,32396,33614
,,,,7163,59245,32396,33614
,,,,7164,59245,32396,33614
,,,,7165,59245,32396,33614
,,,,7166,59245,32396,33614
,,,,7167,59245,32396,33614
,,,,7168,59245,32396,33614
,,,,7169,59245,32396,33614
,,,,7170,59245,32396,33614
,,,,7171,59245,32396,33614
,,,,7172,59245,32396,33614
,,,,7173,59245,32396,33614
,,,,7174,59245,32396,33614
,,,,7175,59245,32396,33614
,,,,7176,59245,32396,33614
,,,,7177,59245,32396,33614
,,,,7178,59245,32396,33614
,,,,7179,59245,32396,33614
,,,,7180,59245,32396,33614
,,,,7181,59245,32396,33614
,,,,7182,59245,32396,33614
,,,,7183,59245,32396,33614
,,,,7184,59245,32396,33614
,,,,7185,59245,32396,33614
,,,,7186,59245,32396,33614
,,,,7187,59245,32396,33614
,,,,7188,59245,32396,33614
,,,,7189,59245,32396,33614
,,,,7190,59245,32396,33614
,,,,7191,59245,32396,33614
,,,,7192,59245,32396,33614
,,,,7193,59245,32396,33614
,,,,7194,59245,32396,33614
,,,,7195,59245,32396,33614
,,,,7196,59245,32396,33614
,,,,7197,59245,32396,33614
,,,,7198,59245,32396,33614
,,,,7199,59245,32396,33614
,,,,7200,59245,32396,33614
,,,,7201,59245,32396,33614
,,,,7202,59245,32396,33614
,,,,7203,59245,32396,33614
,,,,7204,59245,32396,33614
,,,,7205,59245,32396,33614
,,,,7206,59245,32396,33614
,,,,7207,59245,32396,33614
,,,,7208,59245,32396,33614
,,,,7209,59245,32396,33614
,,,,7210,59245,32396,33614
,,,,7211,59245,32396,33614
,,,,7212,59245,32396,33614
,,,,7213,59245,32396,33614
,,,,7214,59245,32396,33614
,,,,7215,59245,32396,33614
,,,,7216,59245,32396,33614
,,,,7217,59245,32396,33614
,,,,7218,59245,32396,33614
,,,,7219,59245,32396,33614
,,,,7220,59245,32396,33614
,,,,7221,59245,32396,33614
,,,,7222,59245,32396,33614
,,,,7223,59245,32396,33614
,,,,7224,59245,32396,33614
,,,,7225,59245,32396,33614
,,,,7226,59245,32396,33614
,,,,7227,59245,32396,33614
,,,,7228,59245,32396,33614
,,,,7229,59245,32396,33614
,,,,7230,59245,32396,33614
,,,,7231,59245,32396,33614
,,,,7232,59245,32396,33614
,,,,7233,59245,32396,33614
,,,,7234,59245,32396,33614
,,,,7235,59245,32396,33614
,,,,7236,59245,32396,33614
,,,,7237,59245,32396,33614
,,,,7238,59245,32396,33614
,,,,7239,59245,32396,33614
,,,,7240,59245,32396,33614
,,,,7241,59245,32396,33614
,,,,7242,59245,32396,33614
,,,,7243,59245,32396,33614
,,,,7244,59245,32396,33614
,,,,7245,59245,32396,33614
,,,,7246,59245,32396,33614
,,,,7247,59245,32396,33614
,,,,7248,59245,32396,33614
,,,,7249,59245,32396,33614
,,,,7250,59245,32396,33614
,,,,7251,59245,32396,33614
,,,,7252,59245,32396,33614
,,,,7253,59245,32396,33614
,,,,7254,59245,32396,33614
,,,,7255,59245,32396,33614
,,,,7256,59245,32396,33614
,,,,7257,59245,32396,33614
,,,,7258,59245,32396,33614
,,,,7259,59245,32396,33614
,,,,7260,59245,32396,33614
,,,,7261,59245,32396,33614
,,,,7262,59245,32396,33614
,,,,7263,59245,32396,33614
,,,,7264,59245,32396,33614
,,,,7265,59245,32396,33614
,,,,7266,59245,32396,33614
,,,,7267,59245,32396,33614
,,,,7268,59245,32396,33614
,,,,7269,59245,32396,33614
,,,,7270,59245,32396,33614
,,,,7271,59245,32396,33614
,,,,7272,59245,32396,33614
,,,,7273,59245,32396,33614
,,,,7274,59245,32396,33614
,,,,7275,59245,32396,33614
,,,,7276,59245,32396,33614
,,,,7277,59245,32396,33614
,,,,7278,59245,32396,33614
,,,,7279,59245,32396,33614
,,,,7280,59245,32396,33614
,,,,7281,59245,32396,33614
,,,,7282,59245,32396,33614
,,,,7283,59245,32396,33614
,,,,7284,59245,32396,33614
,,,,7285,59245,32396,33614
,,,,7286,59245,32396,33614
,,,,7287,59245,32396,33614
,,,,7288,59245,32396,33614
,,,,7289,59245,32396,33614
,,,,7290,59245,32396,33614
,,,,7291,59245,32396,33614
,,,,7292,59245,32396,33614
,,,,7293,59245,32396,33614
,,,,7294,59245,32396,33614
,,,,7295,59245,32396,33614
,,,,7296,59245,32396,33614
,,,,7297,59245,32396,33614
,,,,7298,59245,32396,33614
,,,,7299,59245,32396,33614
,,,,7300,59245,32396,33614
,,,,7301,59245,32396,33614
,,,,7302,59245,32396,33614
,,,,7303,59245,32396,33614
,,,,7304,59245,32396,33614
,,,,7305,59245,32396,33614
,,,,7306,59245,32396,33614
,,,,7307,59245,32396,33614
,,,,7308,59245,32396,33614
,,,,7309,59245,32396,33614
,,,,7310,59245,32396,33614
,,,,7311,59245,32396,33614
,,,,7312,59245,32396,33614
,,,,7313,59245,32396,33614
,,,,7314,59245,32396,33614
,,,,7315,59245,32396,33614
,,,,7316,59245,32396,33614
,,,,7317,59245,32396,33614
,,,,7318,59245,32396,33614
,,,,7319,59245,32396,33614
,,,,7320,59245,32396,33614
,,,,7321,59245,32396,33614
,,,,7322,59245,32396,33614
,,,,7323,59245,32396,33614
,,,,7324,59245,32396,33614
,,,,7325,59245,32396,33614
,,,,7326,59245,32396,33614
,,,,7327,59245,32396,33614
,,,,7328,59245,32396,33614
,,,,7329,59245,32396,33614
,,,,7330,59245,32396,33614
,,,,7331,59245,32396,33614
,,,,7332,59245,32396,33614
,,,,7333,59245,32396,33614
,,,,7334,59245,32396,33614
,,,,7335,59245,32396,33614
,,,,7336,59245,32396,33614
,,,,7337,59245,32396,33614
,,,,7338,59245,32396,33614
,,,,7339,59245,32396,33614
,,,,7340,59245,32396,33614
,,,,7341,59245,32396,33614
,,,,7342,59245,32396,33614
,,,,7343,59245,32396,33614
,,,,7344,59245,32396,33614
,,,,7345,59245,32396,33614
,,,,7346,59245,32396,33614
,,,,7347,59245,32396,33614
,,,,7348,59245,32396,33614
,,,,7349,59245,32396,33614
,,,,7350,59245,32396,33614
,,,,7351,59245,32396,33614
,,,,7352,59245,32396,33614
,,,,7353,59245,32396,33614
,,,,7354,59245,32396,33614
,,,,7355,59245,32396,33614
,,,,7356,59245,32396,33614
,,,,7357,59245,32396,33614
,,,,7358,59245,32396,33614
,,,,7359,59245,32396,33614
,,,,7360,59245,32396,33614
,,,,7361,59245,32396,33614
,,,,7362,59245,32396,33614
,,,,7363,59245,32396,33614
,,,,7364,59245,32396,33614
,,,,7365,59245,32396,33614
,,,,7366,59245,32396,33614
,,,,7367,59245,32396,33614
,,,,7368,59245,32396,33614
,,,,7369,59245,32396,33614
,,,,7370,59245,32396,33614
,,,,7371,59245,32396,33614
,,,,7372,59245,32396,33614
,,,,7373,59245,32396,33614
,,,,7374,59245,32396,33614
,,,,7375,59245,32396,33614
,,,,7376,59245,32396,33614
,,,,7377,59245,32396,33614
,,,,7378,59245,32396,33614
,,,,7379,59245,32396,33614
,,,,7380,59245,32396,33614
,,,,7381,59245,32396,33614
,,,,7382,59245,32396,33614
,,,,7383,59245,32396,33614
,,,,7384,59245,32396,33614
,,,,7385,59245,32396,33614
,,,,7386,59245,32396,33614
,,,,7387,59245,32396,33614
,,,,7388,59245,32396,33614
,,,,7389,59245,32396,33614
,,,,7390,59245,32396,33614
,,,,7391,59245,32396,33614
,,,,7392,59245,32396,33614
,,,,7393,59245,32396,33614
,,,,7394,59245,32396,33614
,,,,7395,59245,32396,33614
,,,,7396,59245,32396,33614
,,,,7397,59245,32396,33614
,,,,7398,59245,32396,33614
,,,,7399,59245,32396,33614
,,,,7400,59245,32396,33614
,,,,7401,59245,32396,33614
,,,,7402,59245,32396,33614
,,,,7403,59245,32396,33614
,,,,7404,59245,32396,33614
,,,,7405,59245,32396,33614
,,,,7406,59245,32396,33614
,,,,7407,59245,32396,33614
,,,,7408,59245,32396,33614
,,,,7409,59245,32396,33614
,,,,7410,59245,32396,33614
,,,,7411,59245,32396,33614
,,,,7412,59245,32396,33614
,,,,7413,59245,32396,33614
,,,,7414,59245,32396,33614
,,,,7415,59245,32396,33614
,,,,7416,59245,32396,33614
,,,,7417,59245,32396,33614
,,,,7418,59245,32396,33614
,,,,7419,59245,32396,33614
,,,,7420,59245,32396,33614
,,,,7421,59245,32396,33614
,,,,7422,59245,32396,33614
,,,,7423,59245,32396,33614
,,,,7424,59245,32396,33614
,,,,7425,59245,32396,33614
,,,,7426,59245,32396,33614
,,,,7427,59245,32396,33614
,,,,7428,59245,32396,33614
,,,,7429,59245,32396,33614
,,,,7430,59245,32396,33614
,,,,7431,59245,32396,33614
,,,,7432,59245,32396,33614
,,,,7433,59245,32396,33614
,,,,7434,59245,32396,33614
,,,,7435,59245,32396,33614
,,,,7436,59245,32396,33614
,,,,7437,59245,32396,33614
,,,,7438,59245,32396,33614
,,,,7439,59245,32396,33614
,,,,7440,59245,32396,33614
,,,,7441,59245,32396,33614
,,,,7442,59245,32396,33614
,,,,7443,59245,32396,33614
,,,,7444,59245,32396,33614
,,,,7445,59245,32396,33614
,,,,7446,59245,32396,33614
,,,,7447,59245,32396,33614
,,,,7448,59245,32396,33614
,,,,7449,59245,32396,33614
,,,,7450,59245,32396,33614
,,,,7451,59245,32396,33614
,,,,7452,59245,32396,33614
,,,,7453,59245,32396,33614
,,,,7454,59245,32396,33614
,,,,7455,59245,32396,33614
,,,,7456,59245,32396,33614
,,,,7457,59245,32396,33614
,,,,7458,59245,32396,33614
,,,,7459,59245,32396,33614
,,,,7460,59245,32396,33614
,,,,7461,59245,32396,33614
,,,,7462,59245,32396,33614
,,,,7463,59245,32396,33614
,,,,7464,59245,32396,33614
,,,,7465,59245,32396,33614
,,,,7466,59245,32396,33614
,,,,7467,59245,32396,33614
,,,,7468,59245,32396,33614
,,,,7469,59245,32396,33614
,,,,7470,59245,32396,33614
,,,,7471,59245,32396,33614
,,,,7472,59245,32396,33614
,,,,7473,59245,32396,33614
,,,,7474,59245,32396,33614
,,,,7475,59245,32396,33614
,,,,7476,59245,32396,33614
,,,,7477,59245,32396,33614
,,,,7478,59245,32396,33614
,,,,7479,59245,32396,33614
,,,,7480,59245,32396,33614
,,,,7481,59245,32396,33614
,,,,7482,59245,32396,33614
,,,,7483,59245,32396,33614
,,,,7484,59245,32396,33614
,,,,7485,59245,32396,33614
,,,,7486,59245,32396,33614
,,,,7487,59245,32396,33614
,,,,7488,59245,32396,33614
,,,,7489,59245,32396,33614
,,,,7490,59245,32396,33614
,,,,7491,59245,32396,33614
,,,,7492,59245,32396,33614
,,,,7493,59245,32396,33614
,,,,7494,59245,32396,33614
,,,,7495,59245,32396,33614
,,,,7496,59245,32396,33614
,,,,7497,59245,32396,33614
,,,,7498,59245,32396,33614
,,,,7499,59245,32396,33614
,,,,7500,59245,32396,33614
,,,,7501,59245,32396,33614
,,,,7502,59245,32396,33614
,,,,7503,59245,32396,33614
,,,,7504,59245,32396,33614
,,,,7505,59245,32396,33614
,,,,7506,59245,32396,33614
,,,,7507,59245,32396,33614
,,,,7508,59245,32396,33614
,,,,7509,59245,32396,33614
,,,,7510,59245,32396,33614
,,,,7511,59245,32396,33614
,,,,7512,59245,32396,33614
,,,,7513,59245,32396,33614
,,,,7514,59245,32396,33614
,,,,7515,59245,32396,33614
,,,,7516,59245,32396,33614
,,,,7517,59245,32396,33614
,,,,7518,59245,32396,33614
,,,,7519,59245,32396,33614
,,,,7520,59245,32396,33614
,,,,7521,59245,32396,33614
,,,,7522,59245,32396,33614
,,,,7523,59245,32396,33614
,,,,7524,59245,32396,33614
,,,,7525,59245,32396,33614
,,,,7526,59245,32396,33614
,,,,7527,59245,32396,33614
,,,,7528,59245,32396,33614
,,,,7529,59245,32396,33614
,,,,7530,59245,32396,33614
,,,,7531,59245,32396,33614
,,,,7532,59245,32396,33614
,,,,7533,59245,32396,33614
,,,,7534,59245,32396,33614
,,,,7535,59245,32396,33614
,,,,7536,59245,32396,33614
,,,,7537,59245,32396,33614
,,,,7538,59245,32396,33614
,,,,7539,59245,32396,33614
,,,,7540,59245,32396,33614
,,,,7541,59245,32396,33614
,,,,7542,59245,32396,33614
,,,,7543,59245,32396,33614
,,,,7544,59245,32396,33614
,,,,7545,59245,32396,33614
,,,,7546,59245,32396,33614
,,,,7547,59245,32396,33614
,,,,7548,59245,32396,33614
,,,,7549,59245,32396,33614
,,,,7550,59245,32396,33614
,,,,7551,59245,32396,33614
,,,,7552,59245,32396,33614
,,,,7553,59245,32396,33614
,,,,7554,59245,32396,33614
,,,,7555,59245,32396,33614
,,,,7556,59245,32396,33614
,,,,7557,59245,32396,33614
,,,,7558,59245,32396,33614
,,,,7559,59245,32396,33614
,,,,7560,59245,32396,33614
,,,,7561,59245,32396,33614
,,,,7562,59245,32396,33614
,,,,7563,59245,32396,33614
,,,,7564,59245,32396,33614
,,,,7565,59245,32396,33614
,,,,7566,59245,32396,33614
,,,,7567,59245,32396,33614
,,,,7568,59245,32396,33614
,,,,7569,59245,32396,33614
,,,,7570,59245,32396,33614
,,,,7571,59245,32396,33614
,,,,7572,59245,32396,33614
,,,,7573,59245,32396,33614
,,,,7574,59245,32396,33614
,,,,7575,59245,32396,33614
,,,,7576,59245,32396,33614
,,,,7577,59245,32396,33614
,,,,7578,59245,32396,33614
,,,,7579,59245,32396,33614
,,,,7580,59245,32396,33614
,,,,7581,59245,32396,33614
,,,,7582,59245,32396,33614
,,,,7583,59245,32396,33614
,,,,7584,59245,32396,33614
,,,,7585,59245,32396,33614
,,,,7586,59245,32396,33614
,,,,7587,59245,32396,33614
,,,,7588,59245,32396,33614
,,,,7589,59245,32396,33614
,,,,7590,59245,32396,33614
,,,,7591,59245,32396,33614
,,,,7592,59245,32396,33614
,,,,7593,59245,32396,33614
,,,,7594,59245,32396,33614
,,,,7595,59245,32396,33614
,,,,7596,59245,32396,33614
,,,,7597,59245,32396,33614
,,,,7598,59245,32396,33614
,,,,7599,59245,32396,33614
,,,,7600,59245,32396,33614
,,,,7601,59245,32396,33614
,,,,7602,59245,32396,33614
,,,,7603,59245,32396,33614
,,,,7604,59245,32396,33614
,,,,7605,59245,32396,33614
,,,,7606,59245,32396,33614
,,,,7607,59245,32396,33614
,,,,7608,59245,32396,33614
,,,,7609,59245,32396,33614
,,,,7610,59245,32396,33614
,,,,7611,59245,32396,33614
,,,,7612,59245,32396,33614
,,,,7613,59245,32396,33614
,,,,7614,59245,32396,33614
,,,,7615,59245,32396,33614
,,,,7616,59245,32396,33614
,,,,7617,59245,32396,33614
,,,,7618,59245,32396,33614
,,,,7619,59245,32396,33614
,,,,7620,59245,32396,33614
,,,,7621,59245,32396,33614
,,,,7622,59245,32396,33614
,,,,7623,59245,32396,33614
,,,,7624,59245,32396,33614
,,,,7625,59245,32396,33614
,,,,7626,59245,32396,33614
,,,,7627,59245,32396,33614
,,,,7628,59245,32396,33614
,,,,7629,59245,32396,33614
,,,,7630,59245,32396,33614
,,,,7631,59245,32396,33614
,,,,7632,59245,32396,33614
,,,,7633,59245,32396,33614
,,,,7634,59245,32396,33614
,,,,7635,59245,32396,33614
,,,,7636,59245,32396,33614
,,,,7637,59245,32396,33614
,,,,7638,59245,32396,33614
,,,,7639,59245,32396,33614
,,,,7640,59245,32396,33614
,,,,7641,59245,32396,33614
,,,,7642,59245,32396,33614
,,,,7643,59245,32396,33614
,,,,7644,59245,32396,33614
,,,,7645,59245,32396,33614
,,,,7646,59245,32396,33614
,,,,7647,59245,32396,33614
,,,,7648,59245,32396,33614
,,,,7649,59245,32396,33614
,,,,7650,59245,32396,33614
,,,,7651,59245,32396,33614
,,,,7652,59245,32396,33614
,,,,7653,59245,32396,33614
,,,,7654,59245,32396,33614
,,,,7655,59245,32396,33614
,,,,7656,59245,32396,33614
,,,,7657,59245,32396,33614
,,,,7658,59245,32396,33614
,,,,7659,59245,32396,33614
,,,,7660,59245,32396,33614
,,,,7661,59245,32396,33614
,,,,7662,59245,32396,33614
,,,,7663,59245,32396,33614
,,,,7664,59245,32396,33614
,,,,7665,59245,32396,33614
,,,,7666,59245,32396,33614
,,,,7667,59245,32396,33614
,,,,7668,59245,32396,33614
,,,,7669,59245,32396,33614
,,,,7670,59245,32396,33614
,,,,7671,59245,32396,33614
,,,,7672,59245,32396,33614
,,,,7673,59245,32396,33614
,,,,7674,59245,32396,33614
,,,,7675,59245,32396,33614
,,,,7676,59245,32396,33614
,,,,7677,59245,32396,33614
,,,,7678,59245,32396,33614
,,,,7679,59245,32396,33614
,,,,7680,59245,32396,33614
,,,,7681,59245,32396,33614
,,,,7682,59245,32396,33614
,,,,7683,59245,32396,33614
,,,,7684,59245,32396,33614
,,,,7685,59245,32396,33614
,,,,7686,59245,32396,33614
,,,,7687,59245,32396,33614
,,,,7688,59245,32396,33614
,,,,7689,59245,32396,33614
,,,,7690,59245,32396,33614
,,,,7691,59245,32396,33614
,,,,7692,59245,32396,33614
,,,,7693,59245,32396,33614
,,,,7694,59245,32396,33614
,,,,7695,59245,32396,33614
,,,,7696,59245,32396,33614
,,,,7697,59245,32396,33614
,,,,7698,59245,32396,33614
,,,,7699,59245,32396,33614
,,,,7700,59245,32396,33614
,,,,7701,59245,32396,33614
,,,,7702,59245,32396,33614
,,,,7703,59245,32396,33614
,,,,7704,59245,32396,33614
,,,,7705,59245,32396,33614
,,,,7706,59245,32396,33614
,,,,7707,59245,32396,33614
,,,,7708,59245,32396,33614
,,,,7709,59245,32396,33614
,,,,7710,59245,32396,33614
,,,,7711,59245,32396,33614
,,,,7712,59245,32396,33614
,,,,7713,59245,32396,33614
,,,,7714,59245,32396,33614
,,,,7715,59245,32396,33614
,,,,7716,59245,32396,33614
,,,,7717,59245,32396,33614
,,,,7718,59245,32396,33614
,,,,7719,59245,32396,33614
,,,,7720,59245,32396,33614
,,,,7721,59245,32396,33614
,,,,7722,59245,32396,33614
,,,,7723,59245,32396,33614
,,,,7724,59245,32396,33614
,,,,7725,59245,32396,33614
,,,,7726,59245,32396,33614
,,,,7727,59245,32396,33614
,,,,7728,59245,32396,33614
,,,,7729,59245,32396,33614
,,,,7730,59245,32396,33614
,,,,7731,59245,32396,33614
,,,,7732,59245,32396,33614
,,,,7733,59245,32396,33614
,,,,7734,59245,32396,33614
,,,,7735,59245,32396,33614
,,,,7736,59245,32396,33614
,,,,7737,59245,32396,33614
,,,,7738,59245,32396,33614
,,,,7739,59245,32396,33614
,,,,7740,59245,32396,33614
,,,,7741,59245,32396,33614
,,,,7742,59245,32396,33614
,,,,7743,59245,32396,33614
,,,,7744,59245,32396,33614
,,,,7745,59245,32396,33614
,,,,7746,59245,32396,33614
,,,,7747,59245,32396,33614
,,,,7748,59245,32396,33614
,,,,7749,59245,32396,33614
,,,,7750,59245,32396,33614
,,,,7751,59245,32396,33614
,,,,7752,59245,32396,33614
,,,,7753,59245,32396,33614
,,,,7754,59245,32396,33614
,,,,7755,59245,32396,33614
,,,,7756,59245,32396,33614
,,,,7757,59245,32396,33614
,,,,7758,59245,32396,33614
,,,,7759,59245,32396,33614
,,,,7760,59245,32396,33614
,,,,7761,59245,32396,33614
,,,,7762,59245,32396,33614
,,,,7763,59245,32396,33614
,,,,7764,59245,32396,33614
,,,,7765,59245,32396,33614
,,,,7766,59245,32396,33614
,,,,7767,59245,32396,33614
,,,,7768,59245,32396,33614
,,,,7769,59245,32396,33614
,,,,7770,59245,32396,33614
,,,,7771,59245,32396,33614
,,,,7772,59245,32396,33614
,,,,7773,59245,32396,33614
,,,,7774,59245,32396,33614
,,,,7775,59245,32396,33614
,,,,7776,59245,32396,33614
,,,,7777,59245,32396,33614
,,,,7778,59245,32396,33614
,,,,7779,59245,32396,33614
,,,,7780,59245,32396,33614
,,,,7781,59245,32396,33614
,,,,7782,59245,32396,33614
,,,,7783,59245,32396,33614
,,,,7784,59245,32396,33614
,,,,7785,59245,32396,33614
,,,,7786,59245,32396,33614
,,,,7787,59245,32396,33614
,,,,7788,59245,32396,33614
,,,,7789,59245,32396,33614
,,,,7790,59245,32396,33614
,,,,7791,59245,32396,33614
,,,,7792,59245,32396,33614
,,,,7793,59245,32396,33614
,,,,7794,59245,32396,33614
,,,,7795,59245,32396,33614
,,,,7796,59245,32396,33614
,,,,7797,59245,32396,33614
,,,,7798,59245,32396,33614
,,,,7799,59245,32396,33614
,,,,7800,59245,32396,33614
,,,,7801,59245,32396,33614
,,,,7802,59245,32396,33614
,,,,7803,59245,32396,33614
,,,,7804,59245,32396,33614
,,,,7805,59245,32396,33614
,,,,7806,59245,32396,33614
,,,,7807,59245,32396,33614
,,,,7808,59245,32396,33614
,,,,7809,59245,32396,33614
,,,,7810,59245,32396,33614
,,,,7811,59245,32396,33614
,,,,7812,59245,32396,33614
,,,,7813,59245,32396,33614
,,,,7814,59245,32396,33614
,,,,7815,59245,32396,33614
,,,,7816,59245,32396,33614
,,,,7817,59245,32396,33614
,,,,7818,59245,32396,33614
,,,,7819,59245,32396,33614
,,,,7820,59245,32396,33614
,,,,7821,59245,32396,33614
,,,,7822,59245,32396,33614
,,,,7823,59245,32396,33614
,,,,7824,59245,32396,33614
,,,,7825,59245,32396,33614
,,,,7826,59245,32396,33614
,,,,7827,59245,32396,33614
,,,,7828,59245,32396,33614
,,,,7829,59245,32396,33614
,,,,7830,59245,32396,33614
,,,,7831,59245,32396,33614
,,,,7832,59245,32396,33614
,,,,7833,59245,32396,33614
,,,,7834,59245,32396,33614
,,,,7835,59245,32396,33614
,,,,7836,59245,32396,33614
,,,,7837,59245,32396,33614
,,,,7838,59245,32396,33614
,,,,7839,59245,32396,33614
,,,,7840,59245,32396,33614
,,,,7841,59245,32396,33614
,,,,7842,59245,32396,33614
,,,,7843,59245,32396,33614
,,,,7844,59245,32396,33614
,,,,7845,59245,32396,33614
,,,,7846,59245,32396,33614
,,,,7847,59245,32396,33614
,,,,7848,59245,32396,33614
,,,,7849,59245,32396,33614
,,,,7850,59245,32396,33614
,,,,7851,59245,32396,33614
,,,,7852,59245,32396,33614
,,,,7853,59245,32396,33614
,,,,7854,59245,32396,33614
,,,,7855,59245,32396,33614
,,,,7856,59245,32396,33614
,,,,7857,59245,32396,33614
,,,,7858,59245,32396,33614
,,,,7859,59245,32396,33614
,,,,7860,59245,32396,33614
,,,,7861,59245,32396,33614
,,,,7862,59245,32396,33614
,,,,7863,59245,32396,33614
,,,,7864,59245,32396,33614
,,,,7865,59245,32396,33614
,,,,7866,59245,32396,33614
,,,,7867,59245,32396,33614
,,,,7868,59245,32396,33614
,,,,7869,59245,32396,33614
,,,,7870,59245,32396,33614
,,,,7871,59245,32396,33614
,,,,7872,59245,32396,33614
,,,,7873,59245,32396,33614
,,,,7874,59245,32396,33614
,,,,7875,59245,32396,33614
,,,,7876,59245,32396,33614
,,,,7877,59245,32396,33614
,,,,7878,59245,32396,33614
,,,,7879,59245,32396,33614
,,,,7880,59245,32396,33614
,,,,7881,59245,32396,33614
,,,,7882,59245,32396,33614
,,,,7883,59245,32396,33614
,,,,7884,59245,32396,33614
,,,,7885,59245,32396,33614
,,,,7886,59245,32396,33614
,,,,7887,59245,32396,33614
,,,,7888,59245,32396,33614
,,,,7889,59245,32396,33614
,,,,7890,59245,32396,33614
,,,,7891,59245,32396,33614
,,,,7892,59245,32396,33614
,,,,7893,59245,32396,33614
,,,,7894,59245,32396,33614
,,,,7895,59245,32396,33614
,,,,7896,59245,32396,33614
,,,,7897,59245,32396,33614
,,,,7898,59245,32396,33614
,,,,7899,59245,32396,33614
,,,,7900,59245,32396,33614
,,,,7901,59245,32396,33614
,,,,7902,59245,32396,33614
,,,,7903,59245,32396,33614
,,,,7904,59245,32396,33614
,,,,7905,59245,32396,33614
,,,,7906,59245,32396,33614
,,,,7907,59245,32396,33614
,,,,7908,59245,32396,33614
,,,,7909,59245,32396,33614
,,,,7910,59245,32396,33614
,,,,7911,59245,32396,33614
,,,,7912,59245,32396,33614
,,,,7913,59245,32396,33614
,,,,7914,59245,32396,33614
,,,,7915,59245,32396,33614
,,,,7916,59245,32396,33614
,,,,7917,59245,32396,33614
,,,,7918,59245,32396,33614
,,,,7919,59245,32396,33614
,,,,7920,59245,32396,33614
,,,,7921,59245,32396,33614
,,,,7922,59245,32396,33614
,,,,7923,59245,32396,33614
,,,,7924,59245,32396,33614
,,,,7925,59245,32396,33614
,,,,7926,59245,32396,33614
,,,,7927,59245,32396,33614
,,,,7928,59245,32396,33614
,,,,7929,59245,32396,33614
,,,,7930,59245,32396,33614
,,,,7931,59245,32396,33614
,,,,7932,59245,32396,33614
,,,,7933,59245,32396,33614
,,,,7934,59245,32396,33614
,,,,7935,59245,32396,33614
,,,,7936,59245,32396,33614
,,,,7937,59245,32396,33614
,,,,7938,59245,32396,33614
,,,,7939,59245,32396,33614
,,,,7940,59245,32396,33614
,,,,7941,59245,32396,33614
,,,,7942,59245,32396,33614
,,,,7943,59245,32396,33614
,,,,7944,59245,32396,33614
,,,,7945,59245,32396,33614
,,,,7946,59245,32396,33614
,,,,7947,59245,32396,33614
,,,,7948,59245,32396,33614
,,,,7949,59245,32396,33614
,,,,7950,59245,32396,33614
,,,,7951,59245,32396,33614
,,,,7952,59245,32396,33614
,,,,7953,59245,32396,33614
,,,,7954,59245,32396,33614
,,,,7955,59245,32396,33614
,,,,7956,59245,32396,33614
,,,,7957,59245,32396,33614
,,,,7958,59245,32396,33614
,,,,7959,59245,32396,33614
,,,,7960,59245,32396,33614
,,,,7961,59245,32396,33614
,,,,7962,59245,32396,33614
,,,,7963,59245,32396,33614
,,,,7964,59245,32396,33614
,,,,7965,59245,32396,33614
,,,,7966,59245,32396,33614
,,,,7967,59245,32396,33614
,,,,7968,59245,32396,33614
,,,,7969,59245,32396,33614
,,,,7970,59245,32396,33614
,,,,7971,59245,32396,33614
,,,,7972,59245,32396,33614
,,,,7973,59245,32396,33614
,,,,7974,59245,32396,33614
,,,,7975,59245,32396,33614
,,,,7976,59245,32396,33614
,,,,7977,59245,32396,33614
,,,,7978,59245,32396,33614
,,,,7979,59245,32396,33614
,,,,7980,59245,32396,33614
,,,,7981,59245,32396,33614
,,,,7982,59245,32396,33614
,,,,7983,59245,32396,33614
,,,,7984,59245,32396,33614
,,,,7985,59245,32396,33614
,,,,7986,59245,32396,33614
,,,,7987,59245,32396,33614
,,,,7988,59245,32396,33614
,,,,7989,59245,32396,33614
,,,,7990,59245,32396,33614
,,,,7991,59245,32396,33614
,,,,7992,59245,32396,33614
,,,,7993,59245,32396,33614
,,,,7994,59245,32396,33614
,,,,7995,59245,32396,33614
,,,,7996,59245,32396,33614
,,,,7997,59245,32396,33614
,,,,7998,59245,32396,33614
,,,,7999,59245,32396,33614
,,,,8000,59245,32396,33614
,,,,8001,59245,32396,33614
,,,,8002,59245,32396,33614
,,,,8003,59245,32396,33614
,,,,8004,59245,32396,33614
,,,,8005,59245,32396,33614
,,,,8006,59245,32396,33614
,,,,8007,59245,32396,33614
,,,,8008,59245,32396,33614
,,,,8009,59245,32396,33614
,,,,8010,59245,32396,33614
,,,,8011,59245,32396,33614
,,,,8012,59245,32396,33614
,,,,8013,59245,32396,33614
,,,,8014,59245,32396,33614
,,,,8015,59245,32396,33614
,,,,8016,59245,32396,33614
,,,,8017,59245,32396,33614
,,,,8018,59245,32396,33614
,,,,8019,59245,32396,33614
,,,,8020,59245,32396,33614
,,,,8021,59245,32396,33614
,,,,8022,59245,32396,33614
,,,,8023,59245,32396,33614
,,,,8024,59245,32396,33614
,,,,8025,59245,32396,33614
,,,,8026,59245,32396,33614
,,,,8027,59245,32396,33614
,,,,8028,59245,32396,33614
,,,,8029,59245,32396,33614
,,,,8030,59245,32396,33614
,,,,8031,59245,32396,33614
,,,,8032,59245,32396,33614
,,,,8033,59245,32396,33614
,,,,8034,59245,32396,33614
,,,,8035,59245,32396,33614
,,,,8036,59245,32396,33614
,,,,8037,59245,32396,33614
,,,,8038,59245,32396,33614
,,,,8039,59245,32396,33614
,,,,8040,59245,32396,33614
,,,,8041,59245,32396,33614
,,,,8042,59245,32396,33614
,,,,8043,59245,32396,33614
,,,,8044,59245,32396,33614
,,,,8045,59245,32396,33614
,,,,8046,59245,32396,33614
,,,,8047,59245,32396,33614
,,,,8048,59245,32396,33614
,,,,8049,59245,32396,33614
,,,,8050,59245,32396,33614
,,,,8051,59245,32396,33614
,,,,8052,59245,32396,33614
,,,,8053,59245,32396,33614
,,,,8054,59245,32396,33614
,,,,8055,59245,32396,33614
,,,,8056,59245,32396,33614
,,,,8057,59245,32396,33614
,,,,8058,59245,32396,33614
,,,,8059,59245,32396,33614
,,,,8060,59245,32396,33614
,,,,8061,59245,32396,33614
,,,,8062,59245,32396,33614
,,,,8063,59245,32396,33614
,,,,8064,59245,32396,33614
,,,,8065,59245,32396,33614
,,,,8066,59245,32396,33614
,,,,8067,59245,32396,33614
,,,,8068,59245,32396,33614
,,,,8069,59245,32396,33614
,,,,8070,59245,32396,33614
,,,,8071,59245,32396,33614
,,,,8072,59245,32396,33614
,,,,8073,59245,32396,33614
,,,,8074,59245,32396,33614
,,,,8075,59245,32396,33614
,,,,8076,59245,32396,33614
,,,,8077,59245,32396,33614
,,,,8078,59245,32396,33614
,,,,8079,59245,32396,33614
,,,,8080,59245,32396,33614
,,,,8081,59245,32396,33614
,,,,8082,59245,32396,33614
,,,,8083,59245,32396,33614
,,,,8084,59245,32396,33614
,,,,8085,59245,32396,33614
,,,,8086,59245,32396,33614
,,,,8087,59245,32396,33614
,,,,8088,59245,32396,33614
,,,,8089,59245,32396,33614
,,,,8090,59245,32396,33614
,,,,8091,59245,32396,33614
,,,,8092,59245,32396,33614
,,,,8093,59245,32396,33614
,,,,8094,59245,32396,33614
,,,,8095,59245,32396,33614
,,,,8096,59245,32396,33614
,,,,8097,59245,32396,33614
,,,,8098,59245,32396,33614
,,,,8099,59245,32396,33614
,,,,8100,59245,32396,33614
,,,,8101,59245,32396,33614
,,,,8102,59245,32396,33614
,,,,8103,59245,32396,33614
,,,,8104,59245,32396,33614
,,,,8105,59245,32396,33614
,,,,8106,59245,32396,33614
,,,,8107,59245,32396,33614
,,,,8108,59245,32396,33614
,,,,8109,59245,32396,33614
,,,,8110,59245,32396,33614
,,,,8111,59245,32396,33614
,,,,8112,59245,32396,33614
,,,,8113,59245,32396,33614
,,,,8114,59245,32396,33614
,,,,8115,59245,32396,33614
,,,,8116,59245,32396,33614
,,,,8117,59245,32396,33614
,,,,8118,59245,32396,33614
,,,,8119,59245,32396,33614
,,,,8120,59245,32396,33614
,,,,8121,59245,32396,33614
,,,,8122,59245,32396,33614
,,,,8123,59245,32396,33614
,,,,8124,59245,32396,33614
,,,,8125,59245,32396,33614
,,,,8126,59245,32396,33614
,,,,8127,59245,32396,33614
,,,,8128,59245,32396,33614
,,,,8129,59245,32396,33614
,,,,8130,59245,32396,33614
,,,,8131,59245,32396,33614
,,,,8132,59245,32396,33614
,,,,8133,59245,32396,33614
,,,,8134,59245,32396,33614
,,,,8135,59245,32396,33614
,,,,8136,59245,32396,33614
,,,,8137,59245,32396,33614
,,,,8138,59245,32396,33614
,,,,8139,59245,32396,33614
,,,,8140,59245,32396,33614
,,,,8141,59245,32396,33614
,,,,8142,59245,32396,33614
,,,,8143,59245,32396,33614
,,,,8144,59245,32396,33614
,,,,8145,59245,32396,33614
,,,,8146,59245,32396,33614
,,,,8147,59245,32396,33614
,,,,8148,59245,32396,33614
,,,,8149,59245,32396,33614
,,,,8150,59245,32396,33614
,,,,8151,59245,32396,33614
,,,,8152,59245,32396,33614
,,,,8153,59245,32396,33614
,,,,8154,59245,32396,33614
,,,,8155,59245,32396,33614
,,,,8156,59245,32396,33614
,,,,8157,59245,32396,33614
,,,,8158,59245,32396,33614
,,,,8159,59245,32396,33614
,,,,8160,59245,32396,33614
,,,,8161,59245,32396,33614
,,,,8162,59245,32396,33614
,,,,8163,59245,32396,33614
,,,,8164,59245,32396,33614
,,,,8165,59245,32396,33614
,,,,8166,59245,32396,33614
,,,,8167,59245,32396,33614
,,,,8168,59245,32396,33614
,,,,8169,59245,32396,33614
,,,,8170,59245,32396,33614
,,,,8171,59245,32396,33614
,,,,8172,59245,32396,33614
,,,,8173,59245,32396,33614
,,,,8174,59245,32396,33614
,,,,8175,59245,32396,33614
,,,,8176,59245,32396,33614
,,,,8177,59245,32396,33614
,,,,8178,59245,32396,33614
,,,,8179,59245,32396,33614
,,,,8180,59245,32396,33614
,,,,8181,59245,32396,33614
,,,,8182,59245,32396,33614
,,,,8183,59245,32396,33614
,,,,8184,59245,32396,33614
,,,,8185,59245,32396,33614
,,,,8186,59245,32396,33614
,,,,8187,59245,32396,33614
,,,,8188,59245,32396,33614
,,,,8189,59245,32396,33614
,,,,8190,59245,32396,33614
,,,,8191,59245,32396,33614
,,,,8192,59245,32396,33614
,,,,8193,59245,32396,33614
,,,,8194,59245,32396,33614
,,,,8195,59245,32396,33614
,,,,8196,59245,32396,33614
,,,,8197,59245,32396,33614
,,,,8198,59245,32396,33614
,,,,8199,59245,32396,33614
,,,,8200,59245,32396,33614
,,,,8201,59245,32396,33614
,,,,8202,59245,32396,33614
,,,,8203,59245,32396,33614
,,,,8204,59245,32396,33614
,,,,8205,59245,32396,33614
,,,,8206,59245,32396,33614
,,,,8207,59245,32396,33614
,,,,8208,59245,32396,33614
,,,,8209,59245,32396,33614
,,,,8210,59245,32396,33614
,,,,8211,59245,32396,33614
,,,,8212,59245,32396,33614
,,,,8213,59245,32396,33614
,,,,8214,59245,32396,33614
,,,,8215,59245,32396,33614
,,,,8216,59245,32396,33614
,,,,8217,59245,32396,33614
,,,,8218,59245,32396,33614
,,,,8219,59245,32396,33614
,,,,8220,59245,32396,33614
,,,,8221,59245,32396,33614
,,,,8222,59245,32396,33614
,,,,8223,59245,32396,33614
,,,,8224,59245,32396,33614
,,,,8225,59245,32396,33614
,,,,8226,59245,32396,33614
,,,,8227,59245,32396,33614
,,,,8228,59245,32396,33614
,,,,8229,59245,32396,33614
,,,,8230,59245,32396,33614
,,,,8231,59245,32396,33614
,,,,8232,59245,32396,33614
,,,,8233,59245,32396,33614
,,,,8234,59245,32396,33614
,,,,8235,59245,32396,33614
,,,,8236,59245,32396,33614
,,,,8237,59245,32396,33614
,,,,8238,59245,32396,33614
,,,,8239,59245,32396,33614
,,,,8240,59245,32396,33614
,,,,8241,59245,32396,33614
,,,,8242,59245,32396,33614
,,,,8243,59245,32396,33614
,,,,8244,59245,32396,33614
,,,,8245,59245,32396,33614
,,,,8246,59245,32396,33614
,,,,8247,59245,32396,33614
,,,,8248,59245,32396,33614
,,,,8249,59245,32396,33614
,,,,8250,59245,32396,33614
,,,,8251,59245,32396,33614
,,,,8252,59245,32396,33614
,,,,8253,59245,32396,33614
,,,,8254,59245,32396,33614
,,,,8255,59245,32396,33614
,,,,8256,59245,32396,33614
,,,,8257,59245,32396,33614
,,,,8258,59245,32396,33614
,,,,8259,59245,32396,33614
,,,,8260,59245,32396,33614
,,,,8261,59245,32396,33614
,,,,8262,59245,32396,33614
,,,,8263,59245,32396,33614
,,,,8264,59245,32396,33614
,,,,8265,59245,32396,33614
,,,,8266,59245,32396,33614
,,,,8267,59245,32396,33614
,,,,8268,59245,32396,33614
,,,,8269,59245,32396,33614
,,,,8270,59245,32396,33614
,,,,8271,59245,32396,33614
,,,,8272,59245,32396,33614
,,,,8273,59245,32396,33614
,,,,8274,59245,32396,33614
,,,,8275,59245,32396,33614
,,,,8276,59245,32396,33614
,,,,8277,59245,32396,33614
,,,,8278,59245,32396,33614
,,,,8279,59245,32396,33614
,,,,8280,59245,32396,33614
,,,,8281,59245,32396,33614
,,,,8282,59245,32396,33614
,,,,8283,59245,32396,33614
,,,,8284,59245,32396,33614
,,,,8285,59245,32396,33614
,,,,8286,59245,32396,33614
,,,,8287,59245,32396,33614
,,,,8288,59245,32396,33614
,,,,8289,59245,32396,33614
,,,,8290,59245,32396,33614
,,,,8291,59245,32396,33614
,,,,8292,59245,32396,33614
,,,,8293,59245,32396,33614
,,,,8294,59245,32396,33614
,,,,8295,59245,32396,33614
,,,,8296,59245,32396,33614
,,,,8297,59245,32396,33614
,,,,8298,59245,32396,33614
,,,,8299,59245,32396,33614
,,,,8300,59245,32396,33614
,,,,8301,59245,32396,33614
,,,,8302,59245,32396,33614
,,,,8303,59245,32396,33614
,,,,8304,59245,32396,33614
,,,,8305,59245,32396,33614
,,,,8306,59245,32396,33614
,,,,8307,59245,32396,33614
,,,,8308,59245,32396,33614
,,,,8309,59245,32396,33614
,,,,8310,59245,32396,33614
,,,,8311,59245,32396,33614
,,,,8312,59245,32396,33614
,,,,8313,59245,32396,33614
,,,,8314,59245,32396,33614
,,,,8315,59245,32396,33614
,,,,8316,59245,32396,33614
,,,,8317,59245,32396,33614
,,,,8318,59245,32396,33614
,,,,8319,59245,32396,33614
,,,,8320,59245,32396,33614
,,,,8321,59245,32396,33614
,,,,8322,59245,32396,33614
,,,,8323,59245,32396,33614
,,,,8324,59245,32396,33614
,,,,8325,59245,32396,33614
,,,,8326,59245,32396,33614
,,,,8327,59245,32396,33614
,,,,8328,59245,32396,33614
,,,,8329,59245,32396,33614
,,,,8330,59245,32396,33614
,,,,8331,59245,32396,33614
,,,,8332,59245,32396,33614
,,,,8333,59245,32396,33614
,,,,8334,59245,32396,33614
,,,,8335,59245,32396,33614
,,,,8336,59245,32396,33614
,,,,8337,59245,32396,33614
,,,,8338,59245,32396,33614
,,,,8339,59245,32396,33614
,,,,8340,59245,32396,33614
,,,,8341,59245,32396,33614
,,,,8342,59245,32396,33614
,,,,8343,59245,32396,33614
,,,,8344,59245,32396,33614
,,,,8345,59245,32396,33614
,,,,8346,59245,32396,33614
,,,,8347,59245,32396,33614
,,,,8348,59245,32396,33614
,,,,8349,59245,32396,33614
,,,,8350,59245,32396,33614
,,,,8351,59245,32396,33614
,,,,8352,59245,32396,33614
,,,,8353,59245,32396,33614
,,,,8354,59245,32396,33614
,,,,8355,59245,32396,33614
,,,,8356,59245,32396,33614
,,,,8357,59245,32396,33614
,,,,8358,59245,32396,33614
,,,,8359,59245,32396,33614
,,,,8360,59245,32396,33614
,,,,8361,59245,32396,33614
,,,,8362,59245,32396,33614
,,,,8363,59245,32396,33614
,,,,8364,59245,32396,33614
,,,,8365,59245,32396,33614
,,,,8366,59245,32396,33614
,,,,8367,59245,32396,33614
,,,,8368,59245,32396,33614
,,,,8369,59245,32396,33614
,,,,8370,59245,32396,33614
,,,,8371,59245,32396,33614
,,,,8372,59245,32396,33614
,,,,8373,59245,32396,33614
,,,,8374,59245,32396,33614
,,,,8375,59245,32396,33614
,,,,8376,59245,32396,33614
,,,,8377,59245,32396,33614
,,,,8378,59245,32396,33614
,,,,8379,59245,32396,33614
,,,,8380,59245,32396,33614
,,,,8381,59245,32396,33614
,,,,8382,59245,32396,33614
,,,,8383,59245,32396,33614
,,,,8384,59245,32396,33614
,,,,8385,59245,32396,33614
,,,,8386,59245,32396,33614
,,,,8387,59245,32396,33614
,,,,8388,59245,32396,33614
,,,,8389,59245,32396,33614
,,,,8390,59245,32396,33614
,,,,8391,59245,32396,33614
,,,,8392,59245,32396,33614
,,,,8393,59245,32396,33614
,,,,8394,59245,32396,33614
,,,,8395,59245,32396,33614
,,,,8396,59245,32396,33614
,,,,8397,59245,32396,33614
,,,,8398,59245,32396,33614
,,,,8399,59245,32396,33614
,,,,8400,59245,32396,33614
,,,,8401,59245,32396,33614
,,,,8402,59245,32396,33614
,,,,8403,59245,32396,33614
,,,,8404,59245,32396,33614
,,,,8405,59245,32396,33614
,,,,8406,59245,32396,33614
,,,,8407,59245,32396,33614
,,,,8408,59245,32396,33614
,,,,8409,59245,32396,33614
,,,,8410,59245,32396,33614
,,,,8411,59245,32396,33614
,,,,8412,59245,32396,33614
,,,,8413,59245,32396,33614
,,,,8414,59245,32396,33614
,,,,8415,59245,32396,33614
,,,,8416,59245,32396,33614
,,,,8417,59245,32396,33614
,,,,8418,59245,32396,33614
,,,,8419,59245,32396,33614
,,,,8420,59245,32396,33614
,,,,8421,59245,32396,33614
,,,,8422,59245,32396,33614
,,,,8423,59245,32396,33614
,,,,8424,59245,32396,33614
,,,,8425,59245,32396,33614
,,,,8426,59245,32396,33614
,,,,8427,59245,32396,33614
,,,,8428,59245,32396,33614
,,,,8429,59245,32396,33614
,,,,8430,59245,32396,33614
,,,,8431,59245,32396,33614
,,,,8432,59245,32396,33614
,,,,8433,59245,32396,33614
,,,,8434,59245,32396,33614
,,,,8435,59245,32396,33614
,,,,8436,59245,32396,33614
,,,,8437,59245,32396,33614
,,,,8438,59245,32396,33614
,,,,8439,59245,32396,33614
,,,,8440,59245,32396,33614
,,,,8441,59245,32396,33614
,,,,8442,59245,32396,33614
,,,,8443,59245,32396,33614
,,,,8444,59245,32396,33614
,,,,8445,59245,32396,33614
,,,,8446,59245,32396,33614
,,,,8447,59245,32396,33614
,,,,8448,59245,32396,33614
,,,,8449,59245,32396,33614
,,,,8450,59245,32396,33614
,,,,8451,59245,32396,33614
,,,,8452,59245,32396,33614
,,,,8453,59245,32396,33614
,,,,8454,59245,32396,33614
,,,,8455,59245,32396,33614
,,,,8456,59245,32396,33614
,,,,8457,59245,32396,33614
,,,,8458,59245,32396,33614
,,,,8459,59245,32396,33614
,,,,8460,59245,32396,33614
,,,,8461,59245,32396,33614
,,,,8462,59245,32396,33614
,,,,8463,59245,32396,33614
,,,,8464,59245,32396,33614
,,,,8465,59245,32396,33614
,,,,8466,59245,32396,33614
,,,,8467,59245,32396,33614
,,,,8468,59245,32396,33614
,,,,8469,59245,32396,33614
,,,,8470,59245,32396,33614
,,,,8471,59245,32396,33614
,,,,8472,59245,32396,33614
,,,,8473,59245,32396,33614
,,,,8474,59245,32396,33614
,,,,8475,59245,32396,33614
,,,,8476,59245,32396,33614
,,,,8477,59245,32396,33614
,,,,8478,59245,32396,33614
,,,,8479,59245,32396,33614
,,,,8480,59245,32396,33614
,,,,8481,59245,32396,33614
,,,,8482,59245,32396,33614
,,,,8483,59245,32396,33614
,,,,8484,59245,32396,33614
,,,,8485,59245,32396,33614
,,,,8486,59245,32396,33614
,,,,8487,59245,32396,33614
,,,,8488,59245,32396,33614
,,,,8489,59245,32396,33614
,,,,8490,59245,32396,33614
,,,,8491,59245,32396,33614
,,,,8492,59245,32396,33614
,,,,8493,59245,32396,33614
,,,,8494,59245,32396,33614
,,,,8495,59245,32396,33614
,,,,8496,59245,32396,33614
,,,,8497,59245,32396,33614
,,,,8498,59245,32396,33614
,,,,8499,59245,32396,33614
,,,,8500,59245,32396,33614
,,,,8501,59245,32396,33614
,,,,8502,59245,32396,33614
,,,,8503,59245,32396,33614
,,,,8504,59245,32396,33614
,,,,8505,59245,32396,33614
,,,,8506,59245,32396,33614
,,,,8507,59245,32396,33614
,,,,8508,59245,32396,33614
,,,,8509,59245,32396,33614
,,,,8510,59245,32396,33614
,,,,8511,59245,32396,33614
,,,,8512,59245,32396,33614
,,,,8513,59245,32396,33614
,,,,8514,59245,32396,33614
,,,,8515,59245,32396,33614
,,,,8516,59245,32396,33614
,,,,8517,59245,32396,33614
,,,,8518,59245,32396,33614
,,,,8519,59245,32396,33614
,,,,8520,59245,32396,33614
,,,,8521,59245,32396,33614
,,,,8522,59245,32396,33614
,,,,8523,59245,32396,33614
,,,,8524,59245,32396,33614
,,,,8525,59245,32396,33614
,,,,8526,59245,32396,33614
,,,,8527,59245,32396,33614
,,,,8528,59245,32396,33614
,,,,8529,59245,32396,33614
,,,,8530,59245,32396,33614
,,,,8531,59245,32396,33614
,,,,8532,59245,32396,33614
,,,,8533,59245,32396,33614
,,,,8534,59245,32396,33614
,,,,8535,59245,32396,33614
,,,,8536,59245,32396,33614
,,,,8537,59245,32396,33614
,,,,8538,59245,32396,33614
,,,,8539,59245,32396,33614
,,,,8540,59245,32396,33614
,,,,8541,59245,32396,33614
,,,,8542,59245,32396,33614
,,,,8543,59245,32396,33614
,,,,8544,59245,32396,33614
,,,,8545,59245,32396,33614
,,,,8546,59245,32396,33614
,,,,8547,59245,32396,33614
,,,,8548,59245,32396,33614
,,,,8549,59245,32396,33614
,,,,8550,59245,32396,33614
,,,,8551,59245,32396,33614
,,,,8552,59245,32396,33614
,,,,8553,59245,32396,33614
,,,,8554,59245,32396,33614
,,,,8555,59245,32396,33614
,,,,8556,59245,32396,33614
,,,,8557,59245,32396,33614
,,,,8558,59245,32396,33614
,,,,8559,59245,32396,33614
,,,,8560,59245,32396,33614
,,,,8561,59245,32396,33614
,,,,8562,59245,32396,33614
,,,,8563,59245,32396,33614
,,,,8564,59245,32396,33614
,,,,8565,59245,32396,33614
,,,,8566,59245,32396,33614
,,,,8567,59245,32396,33614
,,,,8568,59245,32396,33614
,,,,8569,59245,32396,33614
,,,,8570,59245,32396,33614
,,,,8571,59245,32396,33614
,,,,8572,59245,32396,33614
,,,,8573,59245,32396,33614
,,,,8574,59245,32396,33614
,,,,8575,59245,32396,33614
,,,,8576,59245,32396,33614
,,,,8577,59245,32396,33614
,,,,8578,59245,32396,33614
,,,,8579,59245,32396,33614
,,,,8580,59245,32396,33614
,,,,8581,59245,32396,33614
,,,,8582,59245,32396,33614
,,,,8583,59245,32396,33614
,,,,8584,59245,32396,33614
,,,,8585,59245,32396,33614
,,,,8586,59245,32396,33614
,,,,8587,59245,32396,33614
,,,,8588,59245,32396,33614
,,,,8589,59245,32396,33614
,,,,8590,59245,32396,33614
,,,,8591,59245,32396,33614
,,,,8592,59245,32396,33614
,,,,8593,59245,32396,33614
,,,,8594,59245,32396,33614
,,,,8595,59245,32396,33614
,,,,8596,59245,32396,33614
,,,,8597,59245,32396,33614
,,,,8598,59245,32396,33614
,,,,8599,59245,32396,33614
,,,,8600,59245,32396,33614
,,,,8601,59245,32396,33614
,,,,8602,59245,32396,33614
,,,,8603,59245,32396,33614
,,,,8604,59245,32396,33614
,,,,8605,59245,32396,33614
,,,,8606,59245,32396,33614
,,,,8607,59245,32396,33614
,,,,8608,59245,32396,33614
,,,,8609,59245,32396,33614
,,,,8610,59245,32396,33614
,,,,8611,59245,32396,33614
,,,,8612,59245,32396,33614
,,,,8613,59245,32396,33614
,,,,8614,59245,32396,33614
,,,,8615,59245,32396,33614
,,,,8616,59245,32396,33614
,,,,8617,59245,32396,33614
,,,,8618,59245,32396,33614
,,,,8619,59245,32396,33614
,,,,8620,59245,32396,33614
,,,,8621,59245,32396,33614
,,,,8622,59245,32396,33614
,,,,8623,59245,32396,33614
,,,,8624,59245,32396,33614
,,,,8625,59245,32396,33614
,,,,8626,59245,32396,33614
,,,,8627,59245,32396,33614
,,,,8628,59245,32396,33614
,,,,8629,59245,32396,33614
,,,,8630,59245,32396,33614
,,,,8631,59245,32396,33614
,,,,8632,59245,32396,33614
,,,,8633,59245,32396,33614
,,,,8634,59245,32396,33614
,,,,8635,59245,32396,33614
,,,,8636,59245,32396,33614
,,,,8637,59245,32396,33614
,,,,8638,59245,32396,33614
,,,,8639,59245,32396,33614
,,,,8640,59245,32396,33614
,,,,8641,59245,32396,33614
,,,,8642,59245,32396,33614
,,,,8643,59245,32396,33614
,,,,8644,59245,32396,33614
,,,,8645,59245,32396,33614
,,,,8646,59245,32396,33614
,,,,8647,59245,32396,33614
,,,,8648,59245,32396,33614
,,,,8649,59245,32396,33614
,,,,8650,59245,32396,33614
,,,,8651,59245,32396,33614
,,,,8652,59245,32396,33614
,,,,8653,59245,32396,33614
,,,,8654,59245,32396,33614
,,,,8655,59245,32396,33614
,,,,8656,59245,32396,33614
,,,,8657,59245,32396,33614
,,,,8658,59245,32396,33614
,,,,8659,59245,32396,33614
,,,,8660,59245,32396,33614
,,,,8661,59245,32396,33614
,,,,8662,59245,32396,33614
,,,,8663,59245,32396,33614
,,,,8664,59245,32396,33614
,,,,8665,59245,32396,33614
,,,,8666,59245,32396,33614
,,,,8667,59245,32396,33614
,,,,8668,59245,32396,33614
,,,,8669,59245,32396,33614
,,,,8670,59245,32396,33614
,,,,8671,59245,32396,33614
,,,,8672,59245,32396,33614
,,,,8673,59245,32396,33614
,,,,8674,59245,32396,33614
,,,,8675,59245,32396,33614
,,,,8676,59245,32396,33614
,,,,8677,59245,32396,33614
,,,,8678,59245,32396,33614
,,,,8679,59245,32396,33614
,,,,8680,59245,32396,33614
,,,,8681,59245,32396,33614
,,,,8682,59245,32396,33614
,,,,8683,59245,32396,33614
,,,,8684,59245,32396,33614
,,,,8685,59245,32396,33614
,,,,8686,59245,32396,33614
,,,,8687,59245,32396,33614
,,,,8688,59245,32396,33614
,,,,8689,59245,32396,33614
,,,,8690,59245,32396,33614
,,,,8691,59245,32396,33614
,,,,8692,59245,32396,33614
,,,,8693,59245,32396,33614
,,,,8694,59245,32396,33614
,,,,8695,59245,32396,33614
,,,,8696,59245,32396,33614
,,,,8697,59245,32396,33614
,,,,8698,59245,32396,33614
,,,,8699,59245,32396,33614
,,,,8700,59245,32396,33614
,,,,8701,59245,32396,33614
,,,,8702,59245,32396,33614
,,,,8703,59245,32396,33614
,,,,8704,59245,32396,33614
,,,,8705,59245,32396,33614
,,,,8706,59245,32396,33614
,,,,8707,59245,32396,33614
,,,,8708,59245,32396,33614
,,,,8709,59245,32396,33614
,,,,8710,59245,32396,33614
,,,,8711,59245,32396,33614
,,,,8712,59245,32396,33614
,,,,8713,59245,32396,33614
,,,,8714,59245,32396,33614
,,,,8715,59245,32396,33614
,,,,8716,59245,32396,33614
,,,,8717,59245,32396,33614
,,,,8718,59245,32396,33614
,,,,8719,59245,32396,33614
,,,,8720,59245,32396,33614
,,,,8721,59245,32396,33614
,,,,8722,59245,32396,33614
,,,,8723,59245,32396,33614
,,,,8724,59245,32396,33614
,,,,8725,59245,32396,33614
,,,,8726,59245,32396,33614
,,,,8727,59245,32396,33614
,,,,8728,59245,32396,33614
,,,,8729,59245,32396,33614
,,,,8730,59245,32396,33614
,,,,8731,59245,32396,33614
,,,,8732,59245,32396,33614
,,,,8733,59245,32396,33614
,,,,8734,59245,32396,33614
,,,,8735,59245,32396,33614
,,,,8736,59245,32396,33614
,,,,8737,59245,32396,33614
,,,,8738,59245,32396,33614
,,,,8739,59245,32396,33614
,,,,8740,59245,32396,33614
,,,,8741,59245,32396,33614
,,,,8742,59245,32396,33614
,,,,8743,59245,32396,33614
,,,,8744,59245,32396,33614
,,,,8745,59245,32396,33614
,,,,8746,59245,32396,33614
,,,,8747,59245,32396,33614
,,,,8748,59245,32396,33614
,,,,8749,59245,32396,33614
,,,,8750,59245,32396,33614
,,,,8751,59245,32396,33614
,,,,8752,59245,32396,33614
,,,,8753,59245,32396,33614
,,,,8754,59245,32396,33614
,,,,8755,59245,32396,33614
,,,,8756,59245,32396,33614
,,,,8757,59245,32396,33614
,,,,8758,59245,32396,33614
,,,,8759,59245,32396,33614
,,,,8760,59245,32396,33614