Global_conventional_diesel_price_per_mmbtu,Conventional_diesel_co2_per_mmbtu,Syn_diesel_co2_per_mmbtu,Bio_diesel_co2_per_mmbtu,Time_Index,Load_mmbtu_z1,Load_mmbtu_z2,Load_mmbtu_z3
28.53,0.0741,0.0741,0.0741,1,15694,8816,3150
,,,,2,15694,8816,3150
,,,,3,15694,8816,3150
,,,,4,15694,8816,3150
,,,,5,15694,8816,3150
,,,,6,15694,8816,3150
,,,,7,15694,8816,3150
,,,,8,15694,8816,3150
,,,,9,15694,8816,3150
,,,,10,15694,8816,3150
,,,,11,15694,8816,3150
,,,,12,15694,8816,3150
,,,,13,15694,8816,3150
,,,,14,15694,8816,3150
,,,,15,15694,8816,3150
,,,,16,15694,8816,3150
,,,,17,15694,8816,3150
,,,,18,15694,8816,3150
,,,,19,15694,8816,3150
,,,,20,15694,8816,3150
,,,,21,15694,8816,3150
,,,,22,15694,8816,3150
,,,,23,15694,8816,3150
,,,,24,15694,8816,3150
,,,,25,15694,8816,3150
,,,,26,15694,8816,3150
,,,,27,15694,8816,3150
,,,,28,15694,8816,3150
,,,,29,15694,8816,3150
,,,,30,15694,8816,3150
,,,,31,15694,8816,3150
,,,,32,15694,8816,3150
,,,,33,15694,8816,3150
,,,,34,15694,8816,3150
,,,,35,15694,8816,3150
,,,,36,15694,8816,3150
,,,,37,15694,8816,3150
,,,,38,15694,8816,3150
,,,,39,15694,8816,3150
,,,,40,15694,8816,3150
,,,,41,15694,8816,3150
,,,,42,15694,8816,3150
,,,,43,15694,8816,3150
,,,,44,15694,8816,3150
,,,,45,15694,8816,3150
,,,,46,15694,8816,3150
,,,,47,15694,8816,3150
,,,,48,15694,8816,3150
,,,,49,15694,8816,3150
,,,,50,15694,8816,3150
,,,,51,15694,8816,3150
,,,,52,15694,8816,3150
,,,,53,15694,8816,3150
,,,,54,15694,8816,3150
,,,,55,15694,8816,3150
,,,,56,15694,8816,3150
,,,,57,15694,8816,3150
,,,,58,15694,8816,3150
,,,,59,15694,8816,3150
,,,,60,15694,8816,3150
,,,,61,15694,8816,3150
,,,,62,15694,8816,3150
,,,,63,15694,8816,3150
,,,,64,15694,8816,3150
,,,,65,15694,8816,3150
,,,,66,15694,8816,3150
,,,,67,15694,8816,3150
,,,,68,15694,8816,3150
,,,,69,15694,8816,3150
,,,,70,15694,8816,3150
,,,,71,15694,8816,3150
,,,,72,15694,8816,3150
,,,,73,15694,8816,3150
,,,,74,15694,8816,3150
,,,,75,15694,8816,3150
,,,,76,15694,8816,3150
,,,,77,15694,8816,3150
,,,,78,15694,8816,3150
,,,,79,15694,8816,3150
,,,,80,15694,8816,3150
,,,,81,15694,8816,3150
,,,,82,15694,8816,3150
,,,,83,15694,8816,3150
,,,,84,15694,8816,3150
,,,,85,15694,8816,3150
,,,,86,15694,8816,3150
,,,,87,15694,8816,3150
,,,,88,15694,8816,3150
,,,,89,15694,8816,3150
,,,,90,15694,8816,3150
,,,,91,15694,8816,3150
,,,,92,15694,8816,3150
,,,,93,15694,8816,3150
,,,,94,15694,8816,3150
,,,,95,15694,8816,3150
,,,,96,15694,8816,3150
,,,,97,15694,8816,3150
,,,,98,15694,8816,3150
,,,,99,15694,8816,3150
,,,,100,15694,8816,3150
,,,,101,15694,8816,3150
,,,,102,15694,8816,3150
,,,,103,15694,8816,3150
,,,,104,15694,8816,3150
,,,,105,15694,8816,3150
,,,,106,15694,8816,3150
,,,,107,15694,8816,3150
,,,,108,15694,8816,3150
,,,,109,15694,8816,3150
,,,,110,15694,8816,3150
,,,,111,15694,8816,3150
,,,,112,15694,8816,3150
,,,,113,15694,8816,3150
,,,,114,15694,8816,3150
,,,,115,15694,8816,3150
,,,,116,15694,8816,3150
,,,,117,15694,8816,3150
,,,,118,15694,8816,3150
,,,,119,15694,8816,3150
,,,,120,15694,8816,3150
,,,,121,15694,8816,3150
,,,,122,15694,8816,3150
,,,,123,15694,8816,3150
,,,,124,15694,8816,3150
,,,,125,15694,8816,3150
,,,,126,15694,8816,3150
,,,,127,15694,8816,3150
,,,,128,15694,8816,3150
,,,,129,15694,8816,3150
,,,,130,15694,8816,3150
,,,,131,15694,8816,3150
,,,,132,15694,8816,3150
,,,,133,15694,8816,3150
,,,,134,15694,8816,3150
,,,,135,15694,8816,3150
,,,,136,15694,8816,3150
,,,,137,15694,8816,3150
,,,,138,15694,8816,3150
,,,,139,15694,8816,3150
,,,,140,15694,8816,3150
,,,,141,15694,8816,3150
,,,,142,15694,8816,3150
,,,,143,15694,8816,3150
,,,,144,15694,8816,3150
,,,,145,15694,8816,3150
,,,,146,15694,8816,3150
,,,,147,15694,8816,3150
,,,,148,15694,8816,3150
,,,,149,15694,8816,3150
,,,,150,15694,8816,3150
,,,,151,15694,8816,3150
,,,,152,15694,8816,3150
,,,,153,15694,8816,3150
,,,,154,15694,8816,3150
,,,,155,15694,8816,3150
,,,,156,15694,8816,3150
,,,,157,15694,8816,3150
,,,,158,15694,8816,3150
,,,,159,15694,8816,3150
,,,,160,15694,8816,3150
,,,,161,15694,8816,3150
,,,,162,15694,8816,3150
,,,,163,15694,8816,3150
,,,,164,15694,8816,3150
,,,,165,15694,8816,3150
,,,,166,15694,8816,3150
,,,,167,15694,8816,3150
,,,,168,15694,8816,3150
,,,,169,15694,8816,3150
,,,,170,15694,8816,3150
,,,,171,15694,8816,3150
,,,,172,15694,8816,3150
,,,,173,15694,8816,3150
,,,,174,15694,8816,3150
,,,,175,15694,8816,3150
,,,,176,15694,8816,3150
,,,,177,15694,8816,3150
,,,,178,15694,8816,3150
,,,,179,15694,8816,3150
,,,,180,15694,8816,3150
,,,,181,15694,8816,3150
,,,,182,15694,8816,3150
,,,,183,15694,8816,3150
,,,,184,15694,8816,3150
,,,,185,15694,8816,3150
,,,,186,15694,8816,3150
,,,,187,15694,8816,3150
,,,,188,15694,8816,3150
,,,,189,15694,8816,3150
,,,,190,15694,8816,3150
,,,,191,15694,8816,3150
,,,,192,15694,8816,3150
,,,,193,15694,8816,3150
,,,,194,15694,8816,3150
,,,,195,15694,8816,3150
,,,,196,15694,8816,3150
,,,,197,15694,8816,3150
,,,,198,15694,8816,3150
,,,,199,15694,8816,3150
,,,,200,15694,8816,3150
,,,,201,15694,8816,3150
,,,,202,15694,8816,3150
,,,,203,15694,8816,3150
,,,,204,15694,8816,3150
,,,,205,15694,8816,3150
,,,,206,15694,8816,3150
,,,,207,15694,8816,3150
,,,,208,15694,8816,3150
,,,,209,15694,8816,3150
,,,,210,15694,8816,3150
,,,,211,15694,8816,3150
,,,,212,15694,8816,3150
,,,,213,15694,8816,3150
,,,,214,15694,8816,3150
,,,,215,15694,8816,3150
,,,,216,15694,8816,3150
,,,,217,15694,8816,3150
,,,,218,15694,8816,3150
,,,,219,15694,8816,3150
,,,,220,15694,8816,3150
,,,,221,15694,8816,3150
,,,,222,15694,8816,3150
,,,,223,15694,8816,3150
,,,,224,15694,8816,3150
,,,,225,15694,8816,3150
,,,,226,15694,8816,3150
,,,,227,15694,8816,3150
,,,,228,15694,8816,3150
,,,,229,15694,8816,3150
,,,,230,15694,8816,3150
,,,,231,15694,8816,3150
,,,,232,15694,8816,3150
,,,,233,15694,8816,3150
,,,,234,15694,8816,3150
,,,,235,15694,8816,3150
,,,,236,15694,8816,3150
,,,,237,15694,8816,3150
,,,,238,15694,8816,3150
,,,,239,15694,8816,3150
,,,,240,15694,8816,3150
,,,,241,15694,8816,3150
,,,,242,15694,8816,3150
,,,,243,15694,8816,3150
,,,,244,15694,8816,3150
,,,,245,15694,8816,3150
,,,,246,15694,8816,3150
,,,,247,15694,8816,3150
,,,,248,15694,8816,3150
,,,,249,15694,8816,3150
,,,,250,15694,8816,3150
,,,,251,15694,8816,3150
,,,,252,15694,8816,3150
,,,,253,15694,8816,3150
,,,,254,15694,8816,3150
,,,,255,15694,8816,3150
,,,,256,15694,8816,3150
,,,,257,15694,8816,3150
,,,,258,15694,8816,3150
,,,,259,15694,8816,3150
,,,,260,15694,8816,3150
,,,,261,15694,8816,3150
,,,,262,15694,8816,3150
,,,,263,15694,8816,3150
,,,,264,15694,8816,3150
,,,,265,15694,8816,3150
,,,,266,15694,8816,3150
,,,,267,15694,8816,3150
,,,,268,15694,8816,3150
,,,,269,15694,8816,3150
,,,,270,15694,8816,3150
,,,,271,15694,8816,3150
,,,,272,15694,8816,3150
,,,,273,15694,8816,3150
,,,,274,15694,8816,3150
,,,,275,15694,8816,3150
,,,,276,15694,8816,3150
,,,,277,15694,8816,3150
,,,,278,15694,8816,3150
,,,,279,15694,8816,3150
,,,,280,15694,8816,3150
,,,,281,15694,8816,3150
,,,,282,15694,8816,3150
,,,,283,15694,8816,3150
,,,,284,15694,8816,3150
,,,,285,15694,8816,3150
,,,,286,15694,8816,3150
,,,,287,15694,8816,3150
,,,,288,15694,8816,3150
,,,,289,15694,8816,3150
,,,,290,15694,8816,3150
,,,,291,15694,8816,3150
,,,,292,15694,8816,3150
,,,,293,15694,8816,3150
,,,,294,15694,8816,3150
,,,,295,15694,8816,3150
,,,,296,15694,8816,3150
,,,,297,15694,8816,3150
,,,,298,15694,8816,3150
,,,,299,15694,8816,3150
,,,,300,15694,8816,3150
,,,,301,15694,8816,3150
,,,,302,15694,8816,3150
,,,,303,15694,8816,3150
,,,,304,15694,8816,3150
,,,,305,15694,8816,3150
,,,,306,15694,8816,3150
,,,,307,15694,8816,3150
,,,,308,15694,8816,3150
,,,,309,15694,8816,3150
,,,,310,15694,8816,3150
,,,,311,15694,8816,3150
,,,,312,15694,8816,3150
,,,,313,15694,8816,3150
,,,,314,15694,8816,3150
,,,,315,15694,8816,3150
,,,,316,15694,8816,3150
,,,,317,15694,8816,3150
,,,,318,15694,8816,3150
,,,,319,15694,8816,3150
,,,,320,15694,8816,3150
,,,,321,15694,8816,3150
,,,,322,15694,8816,3150
,,,,323,15694,8816,3150
,,,,324,15694,8816,3150
,,,,325,15694,8816,3150
,,,,326,15694,8816,3150
,,,,327,15694,8816,3150
,,,,328,15694,8816,3150
,,,,329,15694,8816,3150
,,,,330,15694,8816,3150
,,,,331,15694,8816,3150
,,,,332,15694,8816,3150
,,,,333,15694,8816,3150
,,,,334,15694,8816,3150
,,,,335,15694,8816,3150
,,,,336,15694,8816,3150
,,,,337,15694,8816,3150
,,,,338,15694,8816,3150
,,,,339,15694,8816,3150
,,,,340,15694,8816,3150
,,,,341,15694,8816,3150
,,,,342,15694,8816,3150
,,,,343,15694,8816,3150
,,,,344,15694,8816,3150
,,,,345,15694,8816,3150
,,,,346,15694,8816,3150
,,,,347,15694,8816,3150
,,,,348,15694,8816,3150
,,,,349,15694,8816,3150
,,,,350,15694,8816,3150
,,,,351,15694,8816,3150
,,,,352,15694,8816,3150
,,,,353,15694,8816,3150
,,,,354,15694,8816,3150
,,,,355,15694,8816,3150
,,,,356,15694,8816,3150
,,,,357,15694,8816,3150
,,,,358,15694,8816,3150
,,,,359,15694,8816,3150
,,,,360,15694,8816,3150
,,,,361,15694,8816,3150
,,,,362,15694,8816,3150
,,,,363,15694,8816,3150
,,,,364,15694,8816,3150
,,,,365,15694,8816,3150
,,,,366,15694,8816,3150
,,,,367,15694,8816,3150
,,,,368,15694,8816,3150
,,,,369,15694,8816,3150
,,,,370,15694,8816,3150
,,,,371,15694,8816,3150
,,,,372,15694,8816,3150
,,,,373,15694,8816,3150
,,,,374,15694,8816,3150
,,,,375,15694,8816,3150
,,,,376,15694,8816,3150
,,,,377,15694,8816,3150
,,,,378,15694,8816,3150
,,,,379,15694,8816,3150
,,,,380,15694,8816,3150
,,,,381,15694,8816,3150
,,,,382,15694,8816,3150
,,,,383,15694,8816,3150
,,,,384,15694,8816,3150
,,,,385,15694,8816,3150
,,,,386,15694,8816,3150
,,,,387,15694,8816,3150
,,,,388,15694,8816,3150
,,,,389,15694,8816,3150
,,,,390,15694,8816,3150
,,,,391,15694,8816,3150
,,,,392,15694,8816,3150
,,,,393,15694,8816,3150
,,,,394,15694,8816,3150
,,,,395,15694,8816,3150
,,,,396,15694,8816,3150
,,,,397,15694,8816,3150
,,,,398,15694,8816,3150
,,,,399,15694,8816,3150
,,,,400,15694,8816,3150
,,,,401,15694,8816,3150
,,,,402,15694,8816,3150
,,,,403,15694,8816,3150
,,,,404,15694,8816,3150
,,,,405,15694,8816,3150
,,,,406,15694,8816,3150
,,,,407,15694,8816,3150
,,,,408,15694,8816,3150
,,,,409,15694,8816,3150
,,,,410,15694,8816,3150
,,,,411,15694,8816,3150
,,,,412,15694,8816,3150
,,,,413,15694,8816,3150
,,,,414,15694,8816,3150
,,,,415,15694,8816,3150
,,,,416,15694,8816,3150
,,,,417,15694,8816,3150
,,,,418,15694,8816,3150
,,,,419,15694,8816,3150
,,,,420,15694,8816,3150
,,,,421,15694,8816,3150
,,,,422,15694,8816,3150
,,,,423,15694,8816,3150
,,,,424,15694,8816,3150
,,,,425,15694,8816,3150
,,,,426,15694,8816,3150
,,,,427,15694,8816,3150
,,,,428,15694,8816,3150
,,,,429,15694,8816,3150
,,,,430,15694,8816,3150
,,,,431,15694,8816,3150
,,,,432,15694,8816,3150
,,,,433,15694,8816,3150
,,,,434,15694,8816,3150
,,,,435,15694,8816,3150
,,,,436,15694,8816,3150
,,,,437,15694,8816,3150
,,,,438,15694,8816,3150
,,,,439,15694,8816,3150
,,,,440,15694,8816,3150
,,,,441,15694,8816,3150
,,,,442,15694,8816,3150
,,,,443,15694,8816,3150
,,,,444,15694,8816,3150
,,,,445,15694,8816,3150
,,,,446,15694,8816,3150
,,,,447,15694,8816,3150
,,,,448,15694,8816,3150
,,,,449,15694,8816,3150
,,,,450,15694,8816,3150
,,,,451,15694,8816,3150
,,,,452,15694,8816,3150
,,,,453,15694,8816,3150
,,,,454,15694,8816,3150
,,,,455,15694,8816,3150
,,,,456,15694,8816,3150
,,,,457,15694,8816,3150
,,,,458,15694,8816,3150
,,,,459,15694,8816,3150
,,,,460,15694,8816,3150
,,,,461,15694,8816,3150
,,,,462,15694,8816,3150
,,,,463,15694,8816,3150
,,,,464,15694,8816,3150
,,,,465,15694,8816,3150
,,,,466,15694,8816,3150
,,,,467,15694,8816,3150
,,,,468,15694,8816,3150
,,,,469,15694,8816,3150
,,,,470,15694,8816,3150
,,,,471,15694,8816,3150
,,,,472,15694,8816,3150
,,,,473,15694,8816,3150
,,,,474,15694,8816,3150
,,,,475,15694,8816,3150
,,,,476,15694,8816,3150
,,,,477,15694,8816,3150
,,,,478,15694,8816,3150
,,,,479,15694,8816,3150
,,,,480,15694,8816,3150
,,,,481,15694,8816,3150
,,,,482,15694,8816,3150
,,,,483,15694,8816,3150
,,,,484,15694,8816,3150
,,,,485,15694,8816,3150
,,,,486,15694,8816,3150
,,,,487,15694,8816,3150
,,,,488,15694,8816,3150
,,,,489,15694,8816,3150
,,,,490,15694,8816,3150
,,,,491,15694,8816,3150
,,,,492,15694,8816,3150
,,,,493,15694,8816,3150
,,,,494,15694,8816,3150
,,,,495,15694,8816,3150
,,,,496,15694,8816,3150
,,,,497,15694,8816,3150
,,,,498,15694,8816,3150
,,,,499,15694,8816,3150
,,,,500,15694,8816,3150
,,,,501,15694,8816,3150
,,,,502,15694,8816,3150
,,,,503,15694,8816,3150
,,,,504,15694,8816,3150
,,,,505,15694,8816,3150
,,,,506,15694,8816,3150
,,,,507,15694,8816,3150
,,,,508,15694,8816,3150
,,,,509,15694,8816,3150
,,,,510,15694,8816,3150
,,,,511,15694,8816,3150
,,,,512,15694,8816,3150
,,,,513,15694,8816,3150
,,,,514,15694,8816,3150
,,,,515,15694,8816,3150
,,,,516,15694,8816,3150
,,,,517,15694,8816,3150
,,,,518,15694,8816,3150
,,,,519,15694,8816,3150
,,,,520,15694,8816,3150
,,,,521,15694,8816,3150
,,,,522,15694,8816,3150
,,,,523,15694,8816,3150
,,,,524,15694,8816,3150
,,,,525,15694,8816,3150
,,,,526,15694,8816,3150
,,,,527,15694,8816,3150
,,,,528,15694,8816,3150
,,,,529,15694,8816,3150
,,,,530,15694,8816,3150
,,,,531,15694,8816,3150
,,,,532,15694,8816,3150
,,,,533,15694,8816,3150
,,,,534,15694,8816,3150
,,,,535,15694,8816,3150
,,,,536,15694,8816,3150
,,,,537,15694,8816,3150
,,,,538,15694,8816,3150
,,,,539,15694,8816,3150
,,,,540,15694,8816,3150
,,,,541,15694,8816,3150
,,,,542,15694,8816,3150
,,,,543,15694,8816,3150
,,,,544,15694,8816,3150
,,,,545,15694,8816,3150
,,,,546,15694,8816,3150
,,,,547,15694,8816,3150
,,,,548,15694,8816,3150
,,,,549,15694,8816,3150
,,,,550,15694,8816,3150
,,,,551,15694,8816,3150
,,,,552,15694,8816,3150
,,,,553,15694,8816,3150
,,,,554,15694,8816,3150
,,,,555,15694,8816,3150
,,,,556,15694,8816,3150
,,,,557,15694,8816,3150
,,,,558,15694,8816,3150
,,,,559,15694,8816,3150
,,,,560,15694,8816,3150
,,,,561,15694,8816,3150
,,,,562,15694,8816,3150
,,,,563,15694,8816,3150
,,,,564,15694,8816,3150
,,,,565,15694,8816,3150
,,,,566,15694,8816,3150
,,,,567,15694,8816,3150
,,,,568,15694,8816,3150
,,,,569,15694,8816,3150
,,,,570,15694,8816,3150
,,,,571,15694,8816,3150
,,,,572,15694,8816,3150
,,,,573,15694,8816,3150
,,,,574,15694,8816,3150
,,,,575,15694,8816,3150
,,,,576,15694,8816,3150
,,,,577,15694,8816,3150
,,,,578,15694,8816,3150
,,,,579,15694,8816,3150
,,,,580,15694,8816,3150
,,,,581,15694,8816,3150
,,,,582,15694,8816,3150
,,,,583,15694,8816,3150
,,,,584,15694,8816,3150
,,,,585,15694,8816,3150
,,,,586,15694,8816,3150
,,,,587,15694,8816,3150
,,,,588,15694,8816,3150
,,,,589,15694,8816,3150
,,,,590,15694,8816,3150
,,,,591,15694,8816,3150
,,,,592,15694,8816,3150
,,,,593,15694,8816,3150
,,,,594,15694,8816,3150
,,,,595,15694,8816,3150
,,,,596,15694,8816,3150
,,,,597,15694,8816,3150
,,,,598,15694,8816,3150
,,,,599,15694,8816,3150
,,,,600,15694,8816,3150
,,,,601,15694,8816,3150
,,,,602,15694,8816,3150
,,,,603,15694,8816,3150
,,,,604,15694,8816,3150
,,,,605,15694,8816,3150
,,,,606,15694,8816,3150
,,,,607,15694,8816,3150
,,,,608,15694,8816,3150
,,,,609,15694,8816,3150
,,,,610,15694,8816,3150
,,,,611,15694,8816,3150
,,,,612,15694,8816,3150
,,,,613,15694,8816,3150
,,,,614,15694,8816,3150
,,,,615,15694,8816,3150
,,,,616,15694,8816,3150
,,,,617,15694,8816,3150
,,,,618,15694,8816,3150
,,,,619,15694,8816,3150
,,,,620,15694,8816,3150
,,,,621,15694,8816,3150
,,,,622,15694,8816,3150
,,,,623,15694,8816,3150
,,,,624,15694,8816,3150
,,,,625,15694,8816,3150
,,,,626,15694,8816,3150
,,,,627,15694,8816,3150
,,,,628,15694,8816,3150
,,,,629,15694,8816,3150
,,,,630,15694,8816,3150
,,,,631,15694,8816,3150
,,,,632,15694,8816,3150
,,,,633,15694,8816,3150
,,,,634,15694,8816,3150
,,,,635,15694,8816,3150
,,,,636,15694,8816,3150
,,,,637,15694,8816,3150
,,,,638,15694,8816,3150
,,,,639,15694,8816,3150
,,,,640,15694,8816,3150
,,,,641,15694,8816,3150
,,,,642,15694,8816,3150
,,,,643,15694,8816,3150
,,,,644,15694,8816,3150
,,,,645,15694,8816,3150
,,,,646,15694,8816,3150
,,,,647,15694,8816,3150
,,,,648,15694,8816,3150
,,,,649,15694,8816,3150
,,,,650,15694,8816,3150
,,,,651,15694,8816,3150
,,,,652,15694,8816,3150
,,,,653,15694,8816,3150
,,,,654,15694,8816,3150
,,,,655,15694,8816,3150
,,,,656,15694,8816,3150
,,,,657,15694,8816,3150
,,,,658,15694,8816,3150
,,,,659,15694,8816,3150
,,,,660,15694,8816,3150
,,,,661,15694,8816,3150
,,,,662,15694,8816,3150
,,,,663,15694,8816,3150
,,,,664,15694,8816,3150
,,,,665,15694,8816,3150
,,,,666,15694,8816,3150
,,,,667,15694,8816,3150
,,,,668,15694,8816,3150
,,,,669,15694,8816,3150
,,,,670,15694,8816,3150
,,,,671,15694,8816,3150
,,,,672,15694,8816,3150
,,,,673,15694,8816,3150
,,,,674,15694,8816,3150
,,,,675,15694,8816,3150
,,,,676,15694,8816,3150
,,,,677,15694,8816,3150
,,,,678,15694,8816,3150
,,,,679,15694,8816,3150
,,,,680,15694,8816,3150
,,,,681,15694,8816,3150
,,,,682,15694,8816,3150
,,,,683,15694,8816,3150
,,,,684,15694,8816,3150
,,,,685,15694,8816,3150
,,,,686,15694,8816,3150
,,,,687,15694,8816,3150
,,,,688,15694,8816,3150
,,,,689,15694,8816,3150
,,,,690,15694,8816,3150
,,,,691,15694,8816,3150
,,,,692,15694,8816,3150
,,,,693,15694,8816,3150
,,,,694,15694,8816,3150
,,,,695,15694,8816,3150
,,,,696,15694,8816,3150
,,,,697,15694,8816,3150
,,,,698,15694,8816,3150
,,,,699,15694,8816,3150
,,,,700,15694,8816,3150
,,,,701,15694,8816,3150
,,,,702,15694,8816,3150
,,,,703,15694,8816,3150
,,,,704,15694,8816,3150
,,,,705,15694,8816,3150
,,,,706,15694,8816,3150
,,,,707,15694,8816,3150
,,,,708,15694,8816,3150
,,,,709,15694,8816,3150
,,,,710,15694,8816,3150
,,,,711,15694,8816,3150
,,,,712,15694,8816,3150
,,,,713,15694,8816,3150
,,,,714,15694,8816,3150
,,,,715,15694,8816,3150
,,,,716,15694,8816,3150
,,,,717,15694,8816,3150
,,,,718,15694,8816,3150
,,,,719,15694,8816,3150
,,,,720,15694,8816,3150
,,,,721,15694,8816,3150
,,,,722,15694,8816,3150
,,,,723,15694,8816,3150
,,,,724,15694,8816,3150
,,,,725,15694,8816,3150
,,,,726,15694,8816,3150
,,,,727,15694,8816,3150
,,,,728,15694,8816,3150
,,,,729,15694,8816,3150
,,,,730,15694,8816,3150
,,,,731,15694,8816,3150
,,,,732,15694,8816,3150
,,,,733,15694,8816,3150
,,,,734,15694,8816,3150
,,,,735,15694,8816,3150
,,,,736,15694,8816,3150
,,,,737,15694,8816,3150
,,,,738,15694,8816,3150
,,,,739,15694,8816,3150
,,,,740,15694,8816,3150
,,,,741,15694,8816,3150
,,,,742,15694,8816,3150
,,,,743,15694,8816,3150
,,,,744,15694,8816,3150
,,,,745,15694,8816,3150
,,,,746,15694,8816,3150
,,,,747,15694,8816,3150
,,,,748,15694,8816,3150
,,,,749,15694,8816,3150
,,,,750,15694,8816,3150
,,,,751,15694,8816,3150
,,,,752,15694,8816,3150
,,,,753,15694,8816,3150
,,,,754,15694,8816,3150
,,,,755,15694,8816,3150
,,,,756,15694,8816,3150
,,,,757,15694,8816,3150
,,,,758,15694,8816,3150
,,,,759,15694,8816,3150
,,,,760,15694,8816,3150
,,,,761,15694,8816,3150
,,,,762,15694,8816,3150
,,,,763,15694,8816,3150
,,,,764,15694,8816,3150
,,,,765,15694,8816,3150
,,,,766,15694,8816,3150
,,,,767,15694,8816,3150
,,,,768,15694,8816,3150
,,,,769,15694,8816,3150
,,,,770,15694,8816,3150
,,,,771,15694,8816,3150
,,,,772,15694,8816,3150
,,,,773,15694,8816,3150
,,,,774,15694,8816,3150
,,,,775,15694,8816,3150
,,,,776,15694,8816,3150
,,,,777,15694,8816,3150
,,,,778,15694,8816,3150
,,,,779,15694,8816,3150
,,,,780,15694,8816,3150
,,,,781,15694,8816,3150
,,,,782,15694,8816,3150
,,,,783,15694,8816,3150
,,,,784,15694,8816,3150
,,,,785,15694,8816,3150
,,,,786,15694,8816,3150
,,,,787,15694,8816,3150
,,,,788,15694,8816,3150
,,,,789,15694,8816,3150
,,,,790,15694,8816,3150
,,,,791,15694,8816,3150
,,,,792,15694,8816,3150
,,,,793,15694,8816,3150
,,,,794,15694,8816,3150
,,,,795,15694,8816,3150
,,,,796,15694,8816,3150
,,,,797,15694,8816,3150
,,,,798,15694,8816,3150
,,,,799,15694,8816,3150
,,,,800,15694,8816,3150
,,,,801,15694,8816,3150
,,,,802,15694,8816,3150
,,,,803,15694,8816,3150
,,,,804,15694,8816,3150
,,,,805,15694,8816,3150
,,,,806,15694,8816,3150
,,,,807,15694,8816,3150
,,,,808,15694,8816,3150
,,,,809,15694,8816,3150
,,,,810,15694,8816,3150
,,,,811,15694,8816,3150
,,,,812,15694,8816,3150
,,,,813,15694,8816,3150
,,,,814,15694,8816,3150
,,,,815,15694,8816,3150
,,,,816,15694,8816,3150
,,,,817,15694,8816,3150
,,,,818,15694,8816,3150
,,,,819,15694,8816,3150
,,,,820,15694,8816,3150
,,,,821,15694,8816,3150
,,,,822,15694,8816,3150
,,,,823,15694,8816,3150
,,,,824,15694,8816,3150
,,,,825,15694,8816,3150
,,,,826,15694,8816,3150
,,,,827,15694,8816,3150
,,,,828,15694,8816,3150
,,,,829,15694,8816,3150
,,,,830,15694,8816,3150
,,,,831,15694,8816,3150
,,,,832,15694,8816,3150
,,,,833,15694,8816,3150
,,,,834,15694,8816,3150
,,,,835,15694,8816,3150
,,,,836,15694,8816,3150
,,,,837,15694,8816,3150
,,,,838,15694,8816,3150
,,,,839,15694,8816,3150
,,,,840,15694,8816,3150
,,,,841,15694,8816,3150
,,,,842,15694,8816,3150
,,,,843,15694,8816,3150
,,,,844,15694,8816,3150
,,,,845,15694,8816,3150
,,,,846,15694,8816,3150
,,,,847,15694,8816,3150
,,,,848,15694,8816,3150
,,,,849,15694,8816,3150
,,,,850,15694,8816,3150
,,,,851,15694,8816,3150
,,,,852,15694,8816,3150
,,,,853,15694,8816,3150
,,,,854,15694,8816,3150
,,,,855,15694,8816,3150
,,,,856,15694,8816,3150
,,,,857,15694,8816,3150
,,,,858,15694,8816,3150
,,,,859,15694,8816,3150
,,,,860,15694,8816,3150
,,,,861,15694,8816,3150
,,,,862,15694,8816,3150
,,,,863,15694,8816,3150
,,,,864,15694,8816,3150
,,,,865,15694,8816,3150
,,,,866,15694,8816,3150
,,,,867,15694,8816,3150
,,,,868,15694,8816,3150
,,,,869,15694,8816,3150
,,,,870,15694,8816,3150
,,,,871,15694,8816,3150
,,,,872,15694,8816,3150
,,,,873,15694,8816,3150
,,,,874,15694,8816,3150
,,,,875,15694,8816,3150
,,,,876,15694,8816,3150
,,,,877,15694,8816,3150
,,,,878,15694,8816,3150
,,,,879,15694,8816,3150
,,,,880,15694,8816,3150
,,,,881,15694,8816,3150
,,,,882,15694,8816,3150
,,,,883,15694,8816,3150
,,,,884,15694,8816,3150
,,,,885,15694,8816,3150
,,,,886,15694,8816,3150
,,,,887,15694,8816,3150
,,,,888,15694,8816,3150
,,,,889,15694,8816,3150
,,,,890,15694,8816,3150
,,,,891,15694,8816,3150
,,,,892,15694,8816,3150
,,,,893,15694,8816,3150
,,,,894,15694,8816,3150
,,,,895,15694,8816,3150
,,,,896,15694,8816,3150
,,,,897,15694,8816,3150
,,,,898,15694,8816,3150
,,,,899,15694,8816,3150
,,,,900,15694,8816,3150
,,,,901,15694,8816,3150
,,,,902,15694,8816,3150
,,,,903,15694,8816,3150
,,,,904,15694,8816,3150
,,,,905,15694,8816,3150
,,,,906,15694,8816,3150
,,,,907,15694,8816,3150
,,,,908,15694,8816,3150
,,,,909,15694,8816,3150
,,,,910,15694,8816,3150
,,,,911,15694,8816,3150
,,,,912,15694,8816,3150
,,,,913,15694,8816,3150
,,,,914,15694,8816,3150
,,,,915,15694,8816,3150
,,,,916,15694,8816,3150
,,,,917,15694,8816,3150
,,,,918,15694,8816,3150
,,,,919,15694,8816,3150
,,,,920,15694,8816,3150
,,,,921,15694,8816,3150
,,,,922,15694,8816,3150
,,,,923,15694,8816,3150
,,,,924,15694,8816,3150
,,,,925,15694,8816,3150
,,,,926,15694,8816,3150
,,,,927,15694,8816,3150
,,,,928,15694,8816,3150
,,,,929,15694,8816,3150
,,,,930,15694,8816,3150
,,,,931,15694,8816,3150
,,,,932,15694,8816,3150
,,,,933,15694,8816,3150
,,,,934,15694,8816,3150
,,,,935,15694,8816,3150
,,,,936,15694,8816,3150
,,,,937,15694,8816,3150
,,,,938,15694,8816,3150
,,,,939,15694,8816,3150
,,,,940,15694,8816,3150
,,,,941,15694,8816,3150
,,,,942,15694,8816,3150
,,,,943,15694,8816,3150
,,,,944,15694,8816,3150
,,,,945,15694,8816,3150
,,,,946,15694,8816,3150
,,,,947,15694,8816,3150
,,,,948,15694,8816,3150
,,,,949,15694,8816,3150
,,,,950,15694,8816,3150
,,,,951,15694,8816,3150
,,,,952,15694,8816,3150
,,,,953,15694,8816,3150
,,,,954,15694,8816,3150
,,,,955,15694,8816,3150
,,,,956,15694,8816,3150
,,,,957,15694,8816,3150
,,,,958,15694,8816,3150
,,,,959,15694,8816,3150
,,,,960,15694,8816,3150
,,,,961,15694,8816,3150
,,,,962,15694,8816,3150
,,,,963,15694,8816,3150
,,,,964,15694,8816,3150
,,,,965,15694,8816,3150
,,,,966,15694,8816,3150
,,,,967,15694,8816,3150
,,,,968,15694,8816,3150
,,,,969,15694,8816,3150
,,,,970,15694,8816,3150
,,,,971,15694,8816,3150
,,,,972,15694,8816,3150
,,,,973,15694,8816,3150
,,,,974,15694,8816,3150
,,,,975,15694,8816,3150
,,,,976,15694,8816,3150
,,,,977,15694,8816,3150
,,,,978,15694,8816,3150
,,,,979,15694,8816,3150
,,,,980,15694,8816,3150
,,,,981,15694,8816,3150
,,,,982,15694,8816,3150
,,,,983,15694,8816,3150
,,,,984,15694,8816,3150
,,,,985,15694,8816,3150
,,,,986,15694,8816,3150
,,,,987,15694,8816,3150
,,,,988,15694,8816,3150
,,,,989,15694,8816,3150
,,,,990,15694,8816,3150
,,,,991,15694,8816,3150
,,,,992,15694,8816,3150
,,,,993,15694,8816,3150
,,,,994,15694,8816,3150
,,,,995,15694,8816,3150
,,,,996,15694,8816,3150
,,,,997,15694,8816,3150
,,,,998,15694,8816,3150
,,,,999,15694,8816,3150
,,,,1000,15694,8816,3150
,,,,1001,15694,8816,3150
,,,,1002,15694,8816,3150
,,,,1003,15694,8816,3150
,,,,1004,15694,8816,3150
,,,,1005,15694,8816,3150
,,,,1006,15694,8816,3150
,,,,1007,15694,8816,3150
,,,,1008,15694,8816,3150
,,,,1009,15694,8816,3150
,,,,1010,15694,8816,3150
,,,,1011,15694,8816,3150
,,,,1012,15694,8816,3150
,,,,1013,15694,8816,3150
,,,,1014,15694,8816,3150
,,,,1015,15694,8816,3150
,,,,1016,15694,8816,3150
,,,,1017,15694,8816,3150
,,,,1018,15694,8816,3150
,,,,1019,15694,8816,3150
,,,,1020,15694,8816,3150
,,,,1021,15694,8816,3150
,,,,1022,15694,8816,3150
,,,,1023,15694,8816,3150
,,,,1024,15694,8816,3150
,,,,1025,15694,8816,3150
,,,,1026,15694,8816,3150
,,,,1027,15694,8816,3150
,,,,1028,15694,8816,3150
,,,,1029,15694,8816,3150
,,,,1030,15694,8816,3150
,,,,1031,15694,8816,3150
,,,,1032,15694,8816,3150
,,,,1033,15694,8816,3150
,,,,1034,15694,8816,3150
,,,,1035,15694,8816,3150
,,,,1036,15694,8816,3150
,,,,1037,15694,8816,3150
,,,,1038,15694,8816,3150
,,,,1039,15694,8816,3150
,,,,1040,15694,8816,3150
,,,,1041,15694,8816,3150
,,,,1042,15694,8816,3150
,,,,1043,15694,8816,3150
,,,,1044,15694,8816,3150
,,,,1045,15694,8816,3150
,,,,1046,15694,8816,3150
,,,,1047,15694,8816,3150
,,,,1048,15694,8816,3150
,,,,1049,15694,8816,3150
,,,,1050,15694,8816,3150
,,,,1051,15694,8816,3150
,,,,1052,15694,8816,3150
,,,,1053,15694,8816,3150
,,,,1054,15694,8816,3150
,,,,1055,15694,8816,3150
,,,,1056,15694,8816,3150
,,,,1057,15694,8816,3150
,,,,1058,15694,8816,3150
,,,,1059,15694,8816,3150
,,,,1060,15694,8816,3150
,,,,1061,15694,8816,3150
,,,,1062,15694,8816,3150
,,,,1063,15694,8816,3150
,,,,1064,15694,8816,3150
,,,,1065,15694,8816,3150
,,,,1066,15694,8816,3150
,,,,1067,15694,8816,3150
,,,,1068,15694,8816,3150
,,,,1069,15694,8816,3150
,,,,1070,15694,8816,3150
,,,,1071,15694,8816,3150
,,,,1072,15694,8816,3150
,,,,1073,15694,8816,3150
,,,,1074,15694,8816,3150
,,,,1075,15694,8816,3150
,,,,1076,15694,8816,3150
,,,,1077,15694,8816,3150
,,,,1078,15694,8816,3150
,,,,1079,15694,8816,3150
,,,,1080,15694,8816,3150
,,,,1081,15694,8816,3150
,,,,1082,15694,8816,3150
,,,,1083,15694,8816,3150
,,,,1084,15694,8816,3150
,,,,1085,15694,8816,3150
,,,,1086,15694,8816,3150
,,,,1087,15694,8816,3150
,,,,1088,15694,8816,3150
,,,,1089,15694,8816,3150
,,,,1090,15694,8816,3150
,,,,1091,15694,8816,3150
,,,,1092,15694,8816,3150
,,,,1093,15694,8816,3150
,,,,1094,15694,8816,3150
,,,,1095,15694,8816,3150
,,,,1096,15694,8816,3150
,,,,1097,15694,8816,3150
,,,,1098,15694,8816,3150
,,,,1099,15694,8816,3150
,,,,1100,15694,8816,3150
,,,,1101,15694,8816,3150
,,,,1102,15694,8816,3150
,,,,1103,15694,8816,3150
,,,,1104,15694,8816,3150
,,,,1105,15694,8816,3150
,,,,1106,15694,8816,3150
,,,,1107,15694,8816,3150
,,,,1108,15694,8816,3150
,,,,1109,15694,8816,3150
,,,,1110,15694,8816,3150
,,,,1111,15694,8816,3150
,,,,1112,15694,8816,3150
,,,,1113,15694,8816,3150
,,,,1114,15694,8816,3150
,,,,1115,15694,8816,3150
,,,,1116,15694,8816,3150
,,,,1117,15694,8816,3150
,,,,1118,15694,8816,3150
,,,,1119,15694,8816,3150
,,,,1120,15694,8816,3150
,,,,1121,15694,8816,3150
,,,,1122,15694,8816,3150
,,,,1123,15694,8816,3150
,,,,1124,15694,8816,3150
,,,,1125,15694,8816,3150
,,,,1126,15694,8816,3150
,,,,1127,15694,8816,3150
,,,,1128,15694,8816,3150
,,,,1129,15694,8816,3150
,,,,1130,15694,8816,3150
,,,,1131,15694,8816,3150
,,,,1132,15694,8816,3150
,,,,1133,15694,8816,3150
,,,,1134,15694,8816,3150
,,,,1135,15694,8816,3150
,,,,1136,15694,8816,3150
,,,,1137,15694,8816,3150
,,,,1138,15694,8816,3150
,,,,1139,15694,8816,3150
,,,,1140,15694,8816,3150
,,,,1141,15694,8816,3150
,,,,1142,15694,8816,3150
,,,,1143,15694,8816,3150
,,,,1144,15694,8816,3150
,,,,1145,15694,8816,3150
,,,,1146,15694,8816,3150
,,,,1147,15694,8816,3150
,,,,1148,15694,8816,3150
,,,,1149,15694,8816,3150
,,,,1150,15694,8816,3150
,,,,1151,15694,8816,3150
,,,,1152,15694,8816,3150
,,,,1153,15694,8816,3150
,,,,1154,15694,8816,3150
,,,,1155,15694,8816,3150
,,,,1156,15694,8816,3150
,,,,1157,15694,8816,3150
,,,,1158,15694,8816,3150
,,,,1159,15694,8816,3150
,,,,1160,15694,8816,3150
,,,,1161,15694,8816,3150
,,,,1162,15694,8816,3150
,,,,1163,15694,8816,3150
,,,,1164,15694,8816,3150
,,,,1165,15694,8816,3150
,,,,1166,15694,8816,3150
,,,,1167,15694,8816,3150
,,,,1168,15694,8816,3150
,,,,1169,15694,8816,3150
,,,,1170,15694,8816,3150
,,,,1171,15694,8816,3150
,,,,1172,15694,8816,3150
,,,,1173,15694,8816,3150
,,,,1174,15694,8816,3150
,,,,1175,15694,8816,3150
,,,,1176,15694,8816,3150
,,,,1177,15694,8816,3150
,,,,1178,15694,8816,3150
,,,,1179,15694,8816,3150
,,,,1180,15694,8816,3150
,,,,1181,15694,8816,3150
,,,,1182,15694,8816,3150
,,,,1183,15694,8816,3150
,,,,1184,15694,8816,3150
,,,,1185,15694,8816,3150
,,,,1186,15694,8816,3150
,,,,1187,15694,8816,3150
,,,,1188,15694,8816,3150
,,,,1189,15694,8816,3150
,,,,1190,15694,8816,3150
,,,,1191,15694,8816,3150
,,,,1192,15694,8816,3150
,,,,1193,15694,8816,3150
,,,,1194,15694,8816,3150
,,,,1195,15694,8816,3150
,,,,1196,15694,8816,3150
,,,,1197,15694,8816,3150
,,,,1198,15694,8816,3150
,,,,1199,15694,8816,3150
,,,,1200,15694,8816,3150
,,,,1201,15694,8816,3150
,,,,1202,15694,8816,3150
,,,,1203,15694,8816,3150
,,,,1204,15694,8816,3150
,,,,1205,15694,8816,3150
,,,,1206,15694,8816,3150
,,,,1207,15694,8816,3150
,,,,1208,15694,8816,3150
,,,,1209,15694,8816,3150
,,,,1210,15694,8816,3150
,,,,1211,15694,8816,3150
,,,,1212,15694,8816,3150
,,,,1213,15694,8816,3150
,,,,1214,15694,8816,3150
,,,,1215,15694,8816,3150
,,,,1216,15694,8816,3150
,,,,1217,15694,8816,3150
,,,,1218,15694,8816,3150
,,,,1219,15694,8816,3150
,,,,1220,15694,8816,3150
,,,,1221,15694,8816,3150
,,,,1222,15694,8816,3150
,,,,1223,15694,8816,3150
,,,,1224,15694,8816,3150
,,,,1225,15694,8816,3150
,,,,1226,15694,8816,3150
,,,,1227,15694,8816,3150
,,,,1228,15694,8816,3150
,,,,1229,15694,8816,3150
,,,,1230,15694,8816,3150
,,,,1231,15694,8816,3150
,,,,1232,15694,8816,3150
,,,,1233,15694,8816,3150
,,,,1234,15694,8816,3150
,,,,1235,15694,8816,3150
,,,,1236,15694,8816,3150
,,,,1237,15694,8816,3150
,,,,1238,15694,8816,3150
,,,,1239,15694,8816,3150
,,,,1240,15694,8816,3150
,,,,1241,15694,8816,3150
,,,,1242,15694,8816,3150
,,,,1243,15694,8816,3150
,,,,1244,15694,8816,3150
,,,,1245,15694,8816,3150
,,,,1246,15694,8816,3150
,,,,1247,15694,8816,3150
,,,,1248,15694,8816,3150
,,,,1249,15694,8816,3150
,,,,1250,15694,8816,3150
,,,,1251,15694,8816,3150
,,,,1252,15694,8816,3150
,,,,1253,15694,8816,3150
,,,,1254,15694,8816,3150
,,,,1255,15694,8816,3150
,,,,1256,15694,8816,3150
,,,,1257,15694,8816,3150
,,,,1258,15694,8816,3150
,,,,1259,15694,8816,3150
,,,,1260,15694,8816,3150
,,,,1261,15694,8816,3150
,,,,1262,15694,8816,3150
,,,,1263,15694,8816,3150
,,,,1264,15694,8816,3150
,,,,1265,15694,8816,3150
,,,,1266,15694,8816,3150
,,,,1267,15694,8816,3150
,,,,1268,15694,8816,3150
,,,,1269,15694,8816,3150
,,,,1270,15694,8816,3150
,,,,1271,15694,8816,3150
,,,,1272,15694,8816,3150
,,,,1273,15694,8816,3150
,,,,1274,15694,8816,3150
,,,,1275,15694,8816,3150
,,,,1276,15694,8816,3150
,,,,1277,15694,8816,3150
,,,,1278,15694,8816,3150
,,,,1279,15694,8816,3150
,,,,1280,15694,8816,3150
,,,,1281,15694,8816,3150
,,,,1282,15694,8816,3150
,,,,1283,15694,8816,3150
,,,,1284,15694,8816,3150
,,,,1285,15694,8816,3150
,,,,1286,15694,8816,3150
,,,,1287,15694,8816,3150
,,,,1288,15694,8816,3150
,,,,1289,15694,8816,3150
,,,,1290,15694,8816,3150
,,,,1291,15694,8816,3150
,,,,1292,15694,8816,3150
,,,,1293,15694,8816,3150
,,,,1294,15694,8816,3150
,,,,1295,15694,8816,3150
,,,,1296,15694,8816,3150
,,,,1297,15694,8816,3150
,,,,1298,15694,8816,3150
,,,,1299,15694,8816,3150
,,,,1300,15694,8816,3150
,,,,1301,15694,8816,3150
,,,,1302,15694,8816,3150
,,,,1303,15694,8816,3150
,,,,1304,15694,8816,3150
,,,,1305,15694,8816,3150
,,,,1306,15694,8816,3150
,,,,1307,15694,8816,3150
,,,,1308,15694,8816,3150
,,,,1309,15694,8816,3150
,,,,1310,15694,8816,3150
,,,,1311,15694,8816,3150
,,,,1312,15694,8816,3150
,,,,1313,15694,8816,3150
,,,,1314,15694,8816,3150
,,,,1315,15694,8816,3150
,,,,1316,15694,8816,3150
,,,,1317,15694,8816,3150
,,,,1318,15694,8816,3150
,,,,1319,15694,8816,3150
,,,,1320,15694,8816,3150
,,,,1321,15694,8816,3150
,,,,1322,15694,8816,3150
,,,,1323,15694,8816,3150
,,,,1324,15694,8816,3150
,,,,1325,15694,8816,3150
,,,,1326,15694,8816,3150
,,,,1327,15694,8816,3150
,,,,1328,15694,8816,3150
,,,,1329,15694,8816,3150
,,,,1330,15694,8816,3150
,,,,1331,15694,8816,3150
,,,,1332,15694,8816,3150
,,,,1333,15694,8816,3150
,,,,1334,15694,8816,3150
,,,,1335,15694,8816,3150
,,,,1336,15694,8816,3150
,,,,1337,15694,8816,3150
,,,,1338,15694,8816,3150
,,,,1339,15694,8816,3150
,,,,1340,15694,8816,3150
,,,,1341,15694,8816,3150
,,,,1342,15694,8816,3150
,,,,1343,15694,8816,3150
,,,,1344,15694,8816,3150
,,,,1345,15694,8816,3150
,,,,1346,15694,8816,3150
,,,,1347,15694,8816,3150
,,,,1348,15694,8816,3150
,,,,1349,15694,8816,3150
,,,,1350,15694,8816,3150
,,,,1351,15694,8816,3150
,,,,1352,15694,8816,3150
,,,,1353,15694,8816,3150
,,,,1354,15694,8816,3150
,,,,1355,15694,8816,3150
,,,,1356,15694,8816,3150
,,,,1357,15694,8816,3150
,,,,1358,15694,8816,3150
,,,,1359,15694,8816,3150
,,,,1360,15694,8816,3150
,,,,1361,15694,8816,3150
,,,,1362,15694,8816,3150
,,,,1363,15694,8816,3150
,,,,1364,15694,8816,3150
,,,,1365,15694,8816,3150
,,,,1366,15694,8816,3150
,,,,1367,15694,8816,3150
,,,,1368,15694,8816,3150
,,,,1369,15694,8816,3150
,,,,1370,15694,8816,3150
,,,,1371,15694,8816,3150
,,,,1372,15694,8816,3150
,,,,1373,15694,8816,3150
,,,,1374,15694,8816,3150
,,,,1375,15694,8816,3150
,,,,1376,15694,8816,3150
,,,,1377,15694,8816,3150
,,,,1378,15694,8816,3150
,,,,1379,15694,8816,3150
,,,,1380,15694,8816,3150
,,,,1381,15694,8816,3150
,,,,1382,15694,8816,3150
,,,,1383,15694,8816,3150
,,,,1384,15694,8816,3150
,,,,1385,15694,8816,3150
,,,,1386,15694,8816,3150
,,,,1387,15694,8816,3150
,,,,1388,15694,8816,3150
,,,,1389,15694,8816,3150
,,,,1390,15694,8816,3150
,,,,1391,15694,8816,3150
,,,,1392,15694,8816,3150
,,,,1393,15694,8816,3150
,,,,1394,15694,8816,3150
,,,,1395,15694,8816,3150
,,,,1396,15694,8816,3150
,,,,1397,15694,8816,3150
,,,,1398,15694,8816,3150
,,,,1399,15694,8816,3150
,,,,1400,15694,8816,3150
,,,,1401,15694,8816,3150
,,,,1402,15694,8816,3150
,,,,1403,15694,8816,3150
,,,,1404,15694,8816,3150
,,,,1405,15694,8816,3150
,,,,1406,15694,8816,3150
,,,,1407,15694,8816,3150
,,,,1408,15694,8816,3150
,,,,1409,15694,8816,3150
,,,,1410,15694,8816,3150
,,,,1411,15694,8816,3150
,,,,1412,15694,8816,3150
,,,,1413,15694,8816,3150
,,,,1414,15694,8816,3150
,,,,1415,15694,8816,3150
,,,,1416,15694,8816,3150
,,,,1417,15694,8816,3150
,,,,1418,15694,8816,3150
,,,,1419,15694,8816,3150
,,,,1420,15694,8816,3150
,,,,1421,15694,8816,3150
,,,,1422,15694,8816,3150
,,,,1423,15694,8816,3150
,,,,1424,15694,8816,3150
,,,,1425,15694,8816,3150
,,,,1426,15694,8816,3150
,,,,1427,15694,8816,3150
,,,,1428,15694,8816,3150
,,,,1429,15694,8816,3150
,,,,1430,15694,8816,3150
,,,,1431,15694,8816,3150
,,,,1432,15694,8816,3150
,,,,1433,15694,8816,3150
,,,,1434,15694,8816,3150
,,,,1435,15694,8816,3150
,,,,1436,15694,8816,3150
,,,,1437,15694,8816,3150
,,,,1438,15694,8816,3150
,,,,1439,15694,8816,3150
,,,,1440,15694,8816,3150
,,,,1441,15694,8816,3150
,,,,1442,15694,8816,3150
,,,,1443,15694,8816,3150
,,,,1444,15694,8816,3150
,,,,1445,15694,8816,3150
,,,,1446,15694,8816,3150
,,,,1447,15694,8816,3150
,,,,1448,15694,8816,3150
,,,,1449,15694,8816,3150
,,,,1450,15694,8816,3150
,,,,1451,15694,8816,3150
,,,,1452,15694,8816,3150
,,,,1453,15694,8816,3150
,,,,1454,15694,8816,3150
,,,,1455,15694,8816,3150
,,,,1456,15694,8816,3150
,,,,1457,15694,8816,3150
,,,,1458,15694,8816,3150
,,,,1459,15694,8816,3150
,,,,1460,15694,8816,3150
,,,,1461,15694,8816,3150
,,,,1462,15694,8816,3150
,,,,1463,15694,8816,3150
,,,,1464,15694,8816,3150
,,,,1465,15694,8816,3150
,,,,1466,15694,8816,3150
,,,,1467,15694,8816,3150
,,,,1468,15694,8816,3150
,,,,1469,15694,8816,3150
,,,,1470,15694,8816,3150
,,,,1471,15694,8816,3150
,,,,1472,15694,8816,3150
,,,,1473,15694,8816,3150
,,,,1474,15694,8816,3150
,,,,1475,15694,8816,3150
,,,,1476,15694,8816,3150
,,,,1477,15694,8816,3150
,,,,1478,15694,8816,3150
,,,,1479,15694,8816,3150
,,,,1480,15694,8816,3150
,,,,1481,15694,8816,3150
,,,,1482,15694,8816,3150
,,,,1483,15694,8816,3150
,,,,1484,15694,8816,3150
,,,,1485,15694,8816,3150
,,,,1486,15694,8816,3150
,,,,1487,15694,8816,3150
,,,,1488,15694,8816,3150
,,,,1489,15694,8816,3150
,,,,1490,15694,8816,3150
,,,,1491,15694,8816,3150
,,,,1492,15694,8816,3150
,,,,1493,15694,8816,3150
,,,,1494,15694,8816,3150
,,,,1495,15694,8816,3150
,,,,1496,15694,8816,3150
,,,,1497,15694,8816,3150
,,,,1498,15694,8816,3150
,,,,1499,15694,8816,3150
,,,,1500,15694,8816,3150
,,,,1501,15694,8816,3150
,,,,1502,15694,8816,3150
,,,,1503,15694,8816,3150
,,,,1504,15694,8816,3150
,,,,1505,15694,8816,3150
,,,,1506,15694,8816,3150
,,,,1507,15694,8816,3150
,,,,1508,15694,8816,3150
,,,,1509,15694,8816,3150
,,,,1510,15694,8816,3150
,,,,1511,15694,8816,3150
,,,,1512,15694,8816,3150
,,,,1513,15694,8816,3150
,,,,1514,15694,8816,3150
,,,,1515,15694,8816,3150
,,,,1516,15694,8816,3150
,,,,1517,15694,8816,3150
,,,,1518,15694,8816,3150
,,,,1519,15694,8816,3150
,,,,1520,15694,8816,3150
,,,,1521,15694,8816,3150
,,,,1522,15694,8816,3150
,,,,1523,15694,8816,3150
,,,,1524,15694,8816,3150
,,,,1525,15694,8816,3150
,,,,1526,15694,8816,3150
,,,,1527,15694,8816,3150
,,,,1528,15694,8816,3150
,,,,1529,15694,8816,3150
,,,,1530,15694,8816,3150
,,,,1531,15694,8816,3150
,,,,1532,15694,8816,3150
,,,,1533,15694,8816,3150
,,,,1534,15694,8816,3150
,,,,1535,15694,8816,3150
,,,,1536,15694,8816,3150
,,,,1537,15694,8816,3150
,,,,1538,15694,8816,3150
,,,,1539,15694,8816,3150
,,,,1540,15694,8816,3150
,,,,1541,15694,8816,3150
,,,,1542,15694,8816,3150
,,,,1543,15694,8816,3150
,,,,1544,15694,8816,3150
,,,,1545,15694,8816,3150
,,,,1546,15694,8816,3150
,,,,1547,15694,8816,3150
,,,,1548,15694,8816,3150
,,,,1549,15694,8816,3150
,,,,1550,15694,8816,3150
,,,,1551,15694,8816,3150
,,,,1552,15694,8816,3150
,,,,1553,15694,8816,3150
,,,,1554,15694,8816,3150
,,,,1555,15694,8816,3150
,,,,1556,15694,8816,3150
,,,,1557,15694,8816,3150
,,,,1558,15694,8816,3150
,,,,1559,15694,8816,3150
,,,,1560,15694,8816,3150
,,,,1561,15694,8816,3150
,,,,1562,15694,8816,3150
,,,,1563,15694,8816,3150
,,,,1564,15694,8816,3150
,,,,1565,15694,8816,3150
,,,,1566,15694,8816,3150
,,,,1567,15694,8816,3150
,,,,1568,15694,8816,3150
,,,,1569,15694,8816,3150
,,,,1570,15694,8816,3150
,,,,1571,15694,8816,3150
,,,,1572,15694,8816,3150
,,,,1573,15694,8816,3150
,,,,1574,15694,8816,3150
,,,,1575,15694,8816,3150
,,,,1576,15694,8816,3150
,,,,1577,15694,8816,3150
,,,,1578,15694,8816,3150
,,,,1579,15694,8816,3150
,,,,1580,15694,8816,3150
,,,,1581,15694,8816,3150
,,,,1582,15694,8816,3150
,,,,1583,15694,8816,3150
,,,,1584,15694,8816,3150
,,,,1585,15694,8816,3150
,,,,1586,15694,8816,3150
,,,,1587,15694,8816,3150
,,,,1588,15694,8816,3150
,,,,1589,15694,8816,3150
,,,,1590,15694,8816,3150
,,,,1591,15694,8816,3150
,,,,1592,15694,8816,3150
,,,,1593,15694,8816,3150
,,,,1594,15694,8816,3150
,,,,1595,15694,8816,3150
,,,,1596,15694,8816,3150
,,,,1597,15694,8816,3150
,,,,1598,15694,8816,3150
,,,,1599,15694,8816,3150
,,,,1600,15694,8816,3150
,,,,1601,15694,8816,3150
,,,,1602,15694,8816,3150
,,,,1603,15694,8816,3150
,,,,1604,15694,8816,3150
,,,,1605,15694,8816,3150
,,,,1606,15694,8816,3150
,,,,1607,15694,8816,3150
,,,,1608,15694,8816,3150
,,,,1609,15694,8816,3150
,,,,1610,15694,8816,3150
,,,,1611,15694,8816,3150
,,,,1612,15694,8816,3150
,,,,1613,15694,8816,3150
,,,,1614,15694,8816,3150
,,,,1615,15694,8816,3150
,,,,1616,15694,8816,3150
,,,,1617,15694,8816,3150
,,,,1618,15694,8816,3150
,,,,1619,15694,8816,3150
,,,,1620,15694,8816,3150
,,,,1621,15694,8816,3150
,,,,1622,15694,8816,3150
,,,,1623,15694,8816,3150
,,,,1624,15694,8816,3150
,,,,1625,15694,8816,3150
,,,,1626,15694,8816,3150
,,,,1627,15694,8816,3150
,,,,1628,15694,8816,3150
,,,,1629,15694,8816,3150
,,,,1630,15694,8816,3150
,,,,1631,15694,8816,3150
,,,,1632,15694,8816,3150
,,,,1633,15694,8816,3150
,,,,1634,15694,8816,3150
,,,,1635,15694,8816,3150
,,,,1636,15694,8816,3150
,,,,1637,15694,8816,3150
,,,,1638,15694,8816,3150
,,,,1639,15694,8816,3150
,,,,1640,15694,8816,3150
,,,,1641,15694,8816,3150
,,,,1642,15694,8816,3150
,,,,1643,15694,8816,3150
,,,,1644,15694,8816,3150
,,,,1645,15694,8816,3150
,,,,1646,15694,8816,3150
,,,,1647,15694,8816,3150
,,,,1648,15694,8816,3150
,,,,1649,15694,8816,3150
,,,,1650,15694,8816,3150
,,,,1651,15694,8816,3150
,,,,1652,15694,8816,3150
,,,,1653,15694,8816,3150
,,,,1654,15694,8816,3150
,,,,1655,15694,8816,3150
,,,,1656,15694,8816,3150
,,,,1657,15694,8816,3150
,,,,1658,15694,8816,3150
,,,,1659,15694,8816,3150
,,,,1660,15694,8816,3150
,,,,1661,15694,8816,3150
,,,,1662,15694,8816,3150
,,,,1663,15694,8816,3150
,,,,1664,15694,8816,3150
,,,,1665,15694,8816,3150
,,,,1666,15694,8816,3150
,,,,1667,15694,8816,3150
,,,,1668,15694,8816,3150
,,,,1669,15694,8816,3150
,,,,1670,15694,8816,3150
,,,,1671,15694,8816,3150
,,,,1672,15694,8816,3150
,,,,1673,15694,8816,3150
,,,,1674,15694,8816,3150
,,,,1675,15694,8816,3150
,,,,1676,15694,8816,3150
,,,,1677,15694,8816,3150
,,,,1678,15694,8816,3150
,,,,1679,15694,8816,3150
,,,,1680,15694,8816,3150
,,,,1681,15694,8816,3150
,,,,1682,15694,8816,3150
,,,,1683,15694,8816,3150
,,,,1684,15694,8816,3150
,,,,1685,15694,8816,3150
,,,,1686,15694,8816,3150
,,,,1687,15694,8816,3150
,,,,1688,15694,8816,3150
,,,,1689,15694,8816,3150
,,,,1690,15694,8816,3150
,,,,1691,15694,8816,3150
,,,,1692,15694,8816,3150
,,,,1693,15694,8816,3150
,,,,1694,15694,8816,3150
,,,,1695,15694,8816,3150
,,,,1696,15694,8816,3150
,,,,1697,15694,8816,3150
,,,,1698,15694,8816,3150
,,,,1699,15694,8816,3150
,,,,1700,15694,8816,3150
,,,,1701,15694,8816,3150
,,,,1702,15694,8816,3150
,,,,1703,15694,8816,3150
,,,,1704,15694,8816,3150
,,,,1705,15694,8816,3150
,,,,1706,15694,8816,3150
,,,,1707,15694,8816,3150
,,,,1708,15694,8816,3150
,,,,1709,15694,8816,3150
,,,,1710,15694,8816,3150
,,,,1711,15694,8816,3150
,,,,1712,15694,8816,3150
,,,,1713,15694,8816,3150
,,,,1714,15694,8816,3150
,,,,1715,15694,8816,3150
,,,,1716,15694,8816,3150
,,,,1717,15694,8816,3150
,,,,1718,15694,8816,3150
,,,,1719,15694,8816,3150
,,,,1720,15694,8816,3150
,,,,1721,15694,8816,3150
,,,,1722,15694,8816,3150
,,,,1723,15694,8816,3150
,,,,1724,15694,8816,3150
,,,,1725,15694,8816,3150
,,,,1726,15694,8816,3150
,,,,1727,15694,8816,3150
,,,,1728,15694,8816,3150
,,,,1729,15694,8816,3150
,,,,1730,15694,8816,3150
,,,,1731,15694,8816,3150
,,,,1732,15694,8816,3150
,,,,1733,15694,8816,3150
,,,,1734,15694,8816,3150
,,,,1735,15694,8816,3150
,,,,1736,15694,8816,3150
,,,,1737,15694,8816,3150
,,,,1738,15694,8816,3150
,,,,1739,15694,8816,3150
,,,,1740,15694,8816,3150
,,,,1741,15694,8816,3150
,,,,1742,15694,8816,3150
,,,,1743,15694,8816,3150
,,,,1744,15694,8816,3150
,,,,1745,15694,8816,3150
,,,,1746,15694,8816,3150
,,,,1747,15694,8816,3150
,,,,1748,15694,8816,3150
,,,,1749,15694,8816,3150
,,,,1750,15694,8816,3150
,,,,1751,15694,8816,3150
,,,,1752,15694,8816,3150
,,,,1753,15694,8816,3150
,,,,1754,15694,8816,3150
,,,,1755,15694,8816,3150
,,,,1756,15694,8816,3150
,,,,1757,15694,8816,3150
,,,,1758,15694,8816,3150
,,,,1759,15694,8816,3150
,,,,1760,15694,8816,3150
,,,,1761,15694,8816,3150
,,,,1762,15694,8816,3150
,,,,1763,15694,8816,3150
,,,,1764,15694,8816,3150
,,,,1765,15694,8816,3150
,,,,1766,15694,8816,3150
,,,,1767,15694,8816,3150
,,,,1768,15694,8816,3150
,,,,1769,15694,8816,3150
,,,,1770,15694,8816,3150
,,,,1771,15694,8816,3150
,,,,1772,15694,8816,3150
,,,,1773,15694,8816,3150
,,,,1774,15694,8816,3150
,,,,1775,15694,8816,3150
,,,,1776,15694,8816,3150
,,,,1777,15694,8816,3150
,,,,1778,15694,8816,3150
,,,,1779,15694,8816,3150
,,,,1780,15694,8816,3150
,,,,1781,15694,8816,3150
,,,,1782,15694,8816,3150
,,,,1783,15694,8816,3150
,,,,1784,15694,8816,3150
,,,,1785,15694,8816,3150
,,,,1786,15694,8816,3150
,,,,1787,15694,8816,3150
,,,,1788,15694,8816,3150
,,,,1789,15694,8816,3150
,,,,1790,15694,8816,3150
,,,,1791,15694,8816,3150
,,,,1792,15694,8816,3150
,,,,1793,15694,8816,3150
,,,,1794,15694,8816,3150
,,,,1795,15694,8816,3150
,,,,1796,15694,8816,3150
,,,,1797,15694,8816,3150
,,,,1798,15694,8816,3150
,,,,1799,15694,8816,3150
,,,,1800,15694,8816,3150
,,,,1801,15694,8816,3150
,,,,1802,15694,8816,3150
,,,,1803,15694,8816,3150
,,,,1804,15694,8816,3150
,,,,1805,15694,8816,3150
,,,,1806,15694,8816,3150
,,,,1807,15694,8816,3150
,,,,1808,15694,8816,3150
,,,,1809,15694,8816,3150
,,,,1810,15694,8816,3150
,,,,1811,15694,8816,3150
,,,,1812,15694,8816,3150
,,,,1813,15694,8816,3150
,,,,1814,15694,8816,3150
,,,,1815,15694,8816,3150
,,,,1816,15694,8816,3150
,,,,1817,15694,8816,3150
,,,,1818,15694,8816,3150
,,,,1819,15694,8816,3150
,,,,1820,15694,8816,3150
,,,,1821,15694,8816,3150
,,,,1822,15694,8816,3150
,,,,1823,15694,8816,3150
,,,,1824,15694,8816,3150
,,,,1825,15694,8816,3150
,,,,1826,15694,8816,3150
,,,,1827,15694,8816,3150
,,,,1828,15694,8816,3150
,,,,1829,15694,8816,3150
,,,,1830,15694,8816,3150
,,,,1831,15694,8816,3150
,,,,1832,15694,8816,3150
,,,,1833,15694,8816,3150
,,,,1834,15694,8816,3150
,,,,1835,15694,8816,3150
,,,,1836,15694,8816,3150
,,,,1837,15694,8816,3150
,,,,1838,15694,8816,3150
,,,,1839,15694,8816,3150
,,,,1840,15694,8816,3150
,,,,1841,15694,8816,3150
,,,,1842,15694,8816,3150
,,,,1843,15694,8816,3150
,,,,1844,15694,8816,3150
,,,,1845,15694,8816,3150
,,,,1846,15694,8816,3150
,,,,1847,15694,8816,3150
,,,,1848,15694,8816,3150
,,,,1849,15694,8816,3150
,,,,1850,15694,8816,3150
,,,,1851,15694,8816,3150
,,,,1852,15694,8816,3150
,,,,1853,15694,8816,3150
,,,,1854,15694,8816,3150
,,,,1855,15694,8816,3150
,,,,1856,15694,8816,3150
,,,,1857,15694,8816,3150
,,,,1858,15694,8816,3150
,,,,1859,15694,8816,3150
,,,,1860,15694,8816,3150
,,,,1861,15694,8816,3150
,,,,1862,15694,8816,3150
,,,,1863,15694,8816,3150
,,,,1864,15694,8816,3150
,,,,1865,15694,8816,3150
,,,,1866,15694,8816,3150
,,,,1867,15694,8816,3150
,,,,1868,15694,8816,3150
,,,,1869,15694,8816,3150
,,,,1870,15694,8816,3150
,,,,1871,15694,8816,3150
,,,,1872,15694,8816,3150
,,,,1873,15694,8816,3150
,,,,1874,15694,8816,3150
,,,,1875,15694,8816,3150
,,,,1876,15694,8816,3150
,,,,1877,15694,8816,3150
,,,,1878,15694,8816,3150
,,,,1879,15694,8816,3150
,,,,1880,15694,8816,3150
,,,,1881,15694,8816,3150
,,,,1882,15694,8816,3150
,,,,1883,15694,8816,3150
,,,,1884,15694,8816,3150
,,,,1885,15694,8816,3150
,,,,1886,15694,8816,3150
,,,,1887,15694,8816,3150
,,,,1888,15694,8816,3150
,,,,1889,15694,8816,3150
,,,,1890,15694,8816,3150
,,,,1891,15694,8816,3150
,,,,1892,15694,8816,3150
,,,,1893,15694,8816,3150
,,,,1894,15694,8816,3150
,,,,1895,15694,8816,3150
,,,,1896,15694,8816,3150
,,,,1897,15694,8816,3150
,,,,1898,15694,8816,3150
,,,,1899,15694,8816,3150
,,,,1900,15694,8816,3150
,,,,1901,15694,8816,3150
,,,,1902,15694,8816,3150
,,,,1903,15694,8816,3150
,,,,1904,15694,8816,3150
,,,,1905,15694,8816,3150
,,,,1906,15694,8816,3150
,,,,1907,15694,8816,3150
,,,,1908,15694,8816,3150
,,,,1909,15694,8816,3150
,,,,1910,15694,8816,3150
,,,,1911,15694,8816,3150
,,,,1912,15694,8816,3150
,,,,1913,15694,8816,3150
,,,,1914,15694,8816,3150
,,,,1915,15694,8816,3150
,,,,1916,15694,8816,3150
,,,,1917,15694,8816,3150
,,,,1918,15694,8816,3150
,,,,1919,15694,8816,3150
,,,,1920,15694,8816,3150
,,,,1921,15694,8816,3150
,,,,1922,15694,8816,3150
,,,,1923,15694,8816,3150
,,,,1924,15694,8816,3150
,,,,1925,15694,8816,3150
,,,,1926,15694,8816,3150
,,,,1927,15694,8816,3150
,,,,1928,15694,8816,3150
,,,,1929,15694,8816,3150
,,,,1930,15694,8816,3150
,,,,1931,15694,8816,3150
,,,,1932,15694,8816,3150
,,,,1933,15694,8816,3150
,,,,1934,15694,8816,3150
,,,,1935,15694,8816,3150
,,,,1936,15694,8816,3150
,,,,1937,15694,8816,3150
,,,,1938,15694,8816,3150
,,,,1939,15694,8816,3150
,,,,1940,15694,8816,3150
,,,,1941,15694,8816,3150
,,,,1942,15694,8816,3150
,,,,1943,15694,8816,3150
,,,,1944,15694,8816,3150
,,,,1945,15694,8816,3150
,,,,1946,15694,8816,3150
,,,,1947,15694,8816,3150
,,,,1948,15694,8816,3150
,,,,1949,15694,8816,3150
,,,,1950,15694,8816,3150
,,,,1951,15694,8816,3150
,,,,1952,15694,8816,3150
,,,,1953,15694,8816,3150
,,,,1954,15694,8816,3150
,,,,1955,15694,8816,3150
,,,,1956,15694,8816,3150
,,,,1957,15694,8816,3150
,,,,1958,15694,8816,3150
,,,,1959,15694,8816,3150
,,,,1960,15694,8816,3150
,,,,1961,15694,8816,3150
,,,,1962,15694,8816,3150
,,,,1963,15694,8816,3150
,,,,1964,15694,8816,3150
,,,,1965,15694,8816,3150
,,,,1966,15694,8816,3150
,,,,1967,15694,8816,3150
,,,,1968,15694,8816,3150
,,,,1969,15694,8816,3150
,,,,1970,15694,8816,3150
,,,,1971,15694,8816,3150
,,,,1972,15694,8816,3150
,,,,1973,15694,8816,3150
,,,,1974,15694,8816,3150
,,,,1975,15694,8816,3150
,,,,1976,15694,8816,3150
,,,,1977,15694,8816,3150
,,,,1978,15694,8816,3150
,,,,1979,15694,8816,3150
,,,,1980,15694,8816,3150
,,,,1981,15694,8816,3150
,,,,1982,15694,8816,3150
,,,,1983,15694,8816,3150
,,,,1984,15694,8816,3150
,,,,1985,15694,8816,3150
,,,,1986,15694,8816,3150
,,,,1987,15694,8816,3150
,,,,1988,15694,8816,3150
,,,,1989,15694,8816,3150
,,,,1990,15694,8816,3150
,,,,1991,15694,8816,3150
,,,,1992,15694,8816,3150
,,,,1993,15694,8816,3150
,,,,1994,15694,8816,3150
,,,,1995,15694,8816,3150
,,,,1996,15694,8816,3150
,,,,1997,15694,8816,3150
,,,,1998,15694,8816,3150
,,,,1999,15694,8816,3150
,,,,2000,15694,8816,3150
,,,,2001,15694,8816,3150
,,,,2002,15694,8816,3150
,,,,2003,15694,8816,3150
,,,,2004,15694,8816,3150
,,,,2005,15694,8816,3150
,,,,2006,15694,8816,3150
,,,,2007,15694,8816,3150
,,,,2008,15694,8816,3150
,,,,2009,15694,8816,3150
,,,,2010,15694,8816,3150
,,,,2011,15694,8816,3150
,,,,2012,15694,8816,3150
,,,,2013,15694,8816,3150
,,,,2014,15694,8816,3150
,,,,2015,15694,8816,3150
,,,,2016,15694,8816,3150
,,,,2017,15694,8816,3150
,,,,2018,15694,8816,3150
,,,,2019,15694,8816,3150
,,,,2020,15694,8816,3150
,,,,2021,15694,8816,3150
,,,,2022,15694,8816,3150
,,,,2023,15694,8816,3150
,,,,2024,15694,8816,3150
,,,,2025,15694,8816,3150
,,,,2026,15694,8816,3150
,,,,2027,15694,8816,3150
,,,,2028,15694,8816,3150
,,,,2029,15694,8816,3150
,,,,2030,15694,8816,3150
,,,,2031,15694,8816,3150
,,,,2032,15694,8816,3150
,,,,2033,15694,8816,3150
,,,,2034,15694,8816,3150
,,,,2035,15694,8816,3150
,,,,2036,15694,8816,3150
,,,,2037,15694,8816,3150
,,,,2038,15694,8816,3150
,,,,2039,15694,8816,3150
,,,,2040,15694,8816,3150
,,,,2041,15694,8816,3150
,,,,2042,15694,8816,3150
,,,,2043,15694,8816,3150
,,,,2044,15694,8816,3150
,,,,2045,15694,8816,3150
,,,,2046,15694,8816,3150
,,,,2047,15694,8816,3150
,,,,2048,15694,8816,3150
,,,,2049,15694,8816,3150
,,,,2050,15694,8816,3150
,,,,2051,15694,8816,3150
,,,,2052,15694,8816,3150
,,,,2053,15694,8816,3150
,,,,2054,15694,8816,3150
,,,,2055,15694,8816,3150
,,,,2056,15694,8816,3150
,,,,2057,15694,8816,3150
,,,,2058,15694,8816,3150
,,,,2059,15694,8816,3150
,,,,2060,15694,8816,3150
,,,,2061,15694,8816,3150
,,,,2062,15694,8816,3150
,,,,2063,15694,8816,3150
,,,,2064,15694,8816,3150
,,,,2065,15694,8816,3150
,,,,2066,15694,8816,3150
,,,,2067,15694,8816,3150
,,,,2068,15694,8816,3150
,,,,2069,15694,8816,3150
,,,,2070,15694,8816,3150
,,,,2071,15694,8816,3150
,,,,2072,15694,8816,3150
,,,,2073,15694,8816,3150
,,,,2074,15694,8816,3150
,,,,2075,15694,8816,3150
,,,,2076,15694,8816,3150
,,,,2077,15694,8816,3150
,,,,2078,15694,8816,3150
,,,,2079,15694,8816,3150
,,,,2080,15694,8816,3150
,,,,2081,15694,8816,3150
,,,,2082,15694,8816,3150
,,,,2083,15694,8816,3150
,,,,2084,15694,8816,3150
,,,,2085,15694,8816,3150
,,,,2086,15694,8816,3150
,,,,2087,15694,8816,3150
,,,,2088,15694,8816,3150
,,,,2089,15694,8816,3150
,,,,2090,15694,8816,3150
,,,,2091,15694,8816,3150
,,,,2092,15694,8816,3150
,,,,2093,15694,8816,3150
,,,,2094,15694,8816,3150
,,,,2095,15694,8816,3150
,,,,2096,15694,8816,3150
,,,,2097,15694,8816,3150
,,,,2098,15694,8816,3150
,,,,2099,15694,8816,3150
,,,,2100,15694,8816,3150
,,,,2101,15694,8816,3150
,,,,2102,15694,8816,3150
,,,,2103,15694,8816,3150
,,,,2104,15694,8816,3150
,,,,2105,15694,8816,3150
,,,,2106,15694,8816,3150
,,,,2107,15694,8816,3150
,,,,2108,15694,8816,3150
,,,,2109,15694,8816,3150
,,,,2110,15694,8816,3150
,,,,2111,15694,8816,3150
,,,,2112,15694,8816,3150
,,,,2113,15694,8816,3150
,,,,2114,15694,8816,3150
,,,,2115,15694,8816,3150
,,,,2116,15694,8816,3150
,,,,2117,15694,8816,3150
,,,,2118,15694,8816,3150
,,,,2119,15694,8816,3150
,,,,2120,15694,8816,3150
,,,,2121,15694,8816,3150
,,,,2122,15694,8816,3150
,,,,2123,15694,8816,3150
,,,,2124,15694,8816,3150
,,,,2125,15694,8816,3150
,,,,2126,15694,8816,3150
,,,,2127,15694,8816,3150
,,,,2128,15694,8816,3150
,,,,2129,15694,8816,3150
,,,,2130,15694,8816,3150
,,,,2131,15694,8816,3150
,,,,2132,15694,8816,3150
,,,,2133,15694,8816,3150
,,,,2134,15694,8816,3150
,,,,2135,15694,8816,3150
,,,,2136,15694,8816,3150
,,,,2137,15694,8816,3150
,,,,2138,15694,8816,3150
,,,,2139,15694,8816,3150
,,,,2140,15694,8816,3150
,,,,2141,15694,8816,3150
,,,,2142,15694,8816,3150
,,,,2143,15694,8816,3150
,,,,2144,15694,8816,3150
,,,,2145,15694,8816,3150
,,,,2146,15694,8816,3150
,,,,2147,15694,8816,3150
,,,,2148,15694,8816,3150
,,,,2149,15694,8816,3150
,,,,2150,15694,8816,3150
,,,,2151,15694,8816,3150
,,,,2152,15694,8816,3150
,,,,2153,15694,8816,3150
,,,,2154,15694,8816,3150
,,,,2155,15694,8816,3150
,,,,2156,15694,8816,3150
,,,,2157,15694,8816,3150
,,,,2158,15694,8816,3150
,,,,2159,15694,8816,3150
,,,,2160,15694,8816,3150
,,,,2161,15694,8816,3150
,,,,2162,15694,8816,3150
,,,,2163,15694,8816,3150
,,,,2164,15694,8816,3150
,,,,2165,15694,8816,3150
,,,,2166,15694,8816,3150
,,,,2167,15694,8816,3150
,,,,2168,15694,8816,3150
,,,,2169,15694,8816,3150
,,,,2170,15694,8816,3150
,,,,2171,15694,8816,3150
,,,,2172,15694,8816,3150
,,,,2173,15694,8816,3150
,,,,2174,15694,8816,3150
,,,,2175,15694,8816,3150
,,,,2176,15694,8816,3150
,,,,2177,15694,8816,3150
,,,,2178,15694,8816,3150
,,,,2179,15694,8816,3150
,,,,2180,15694,8816,3150
,,,,2181,15694,8816,3150
,,,,2182,15694,8816,3150
,,,,2183,15694,8816,3150
,,,,2184,15694,8816,3150
,,,,2185,15694,8816,3150
,,,,2186,15694,8816,3150
,,,,2187,15694,8816,3150
,,,,2188,15694,8816,3150
,,,,2189,15694,8816,3150
,,,,2190,15694,8816,3150
,,,,2191,15694,8816,3150
,,,,2192,15694,8816,3150
,,,,2193,15694,8816,3150
,,,,2194,15694,8816,3150
,,,,2195,15694,8816,3150
,,,,2196,15694,8816,3150
,,,,2197,15694,8816,3150
,,,,2198,15694,8816,3150
,,,,2199,15694,8816,3150
,,,,2200,15694,8816,3150
,,,,2201,15694,8816,3150
,,,,2202,15694,8816,3150
,,,,2203,15694,8816,3150
,,,,2204,15694,8816,3150
,,,,2205,15694,8816,3150
,,,,2206,15694,8816,3150
,,,,2207,15694,8816,3150
,,,,2208,15694,8816,3150
,,,,2209,15694,8816,3150
,,,,2210,15694,8816,3150
,,,,2211,15694,8816,3150
,,,,2212,15694,8816,3150
,,,,2213,15694,8816,3150
,,,,2214,15694,8816,3150
,,,,2215,15694,8816,3150
,,,,2216,15694,8816,3150
,,,,2217,15694,8816,3150
,,,,2218,15694,8816,3150
,,,,2219,15694,8816,3150
,,,,2220,15694,8816,3150
,,,,2221,15694,8816,3150
,,,,2222,15694,8816,3150
,,,,2223,15694,8816,3150
,,,,2224,15694,8816,3150
,,,,2225,15694,8816,3150
,,,,2226,15694,8816,3150
,,,,2227,15694,8816,3150
,,,,2228,15694,8816,3150
,,,,2229,15694,8816,3150
,,,,2230,15694,8816,3150
,,,,2231,15694,8816,3150
,,,,2232,15694,8816,3150
,,,,2233,15694,8816,3150
,,,,2234,15694,8816,3150
,,,,2235,15694,8816,3150
,,,,2236,15694,8816,3150
,,,,2237,15694,8816,3150
,,,,2238,15694,8816,3150
,,,,2239,15694,8816,3150
,,,,2240,15694,8816,3150
,,,,2241,15694,8816,3150
,,,,2242,15694,8816,3150
,,,,2243,15694,8816,3150
,,,,2244,15694,8816,3150
,,,,2245,15694,8816,3150
,,,,2246,15694,8816,3150
,,,,2247,15694,8816,3150
,,,,2248,15694,8816,3150
,,,,2249,15694,8816,3150
,,,,2250,15694,8816,3150
,,,,2251,15694,8816,3150
,,,,2252,15694,8816,3150
,,,,2253,15694,8816,3150
,,,,2254,15694,8816,3150
,,,,2255,15694,8816,3150
,,,,2256,15694,8816,3150
,,,,2257,15694,8816,3150
,,,,2258,15694,8816,3150
,,,,2259,15694,8816,3150
,,,,2260,15694,8816,3150
,,,,2261,15694,8816,3150
,,,,2262,15694,8816,3150
,,,,2263,15694,8816,3150
,,,,2264,15694,8816,3150
,,,,2265,15694,8816,3150
,,,,2266,15694,8816,3150
,,,,2267,15694,8816,3150
,,,,2268,15694,8816,3150
,,,,2269,15694,8816,3150
,,,,2270,15694,8816,3150
,,,,2271,15694,8816,3150
,,,,2272,15694,8816,3150
,,,,2273,15694,8816,3150
,,,,2274,15694,8816,3150
,,,,2275,15694,8816,3150
,,,,2276,15694,8816,3150
,,,,2277,15694,8816,3150
,,,,2278,15694,8816,3150
,,,,2279,15694,8816,3150
,,,,2280,15694,8816,3150
,,,,2281,15694,8816,3150
,,,,2282,15694,8816,3150
,,,,2283,15694,8816,3150
,,,,2284,15694,8816,3150
,,,,2285,15694,8816,3150
,,,,2286,15694,8816,3150
,,,,2287,15694,8816,3150
,,,,2288,15694,8816,3150
,,,,2289,15694,8816,3150
,,,,2290,15694,8816,3150
,,,,2291,15694,8816,3150
,,,,2292,15694,8816,3150
,,,,2293,15694,8816,3150
,,,,2294,15694,8816,3150
,,,,2295,15694,8816,3150
,,,,2296,15694,8816,3150
,,,,2297,15694,8816,3150
,,,,2298,15694,8816,3150
,,,,2299,15694,8816,3150
,,,,2300,15694,8816,3150
,,,,2301,15694,8816,3150
,,,,2302,15694,8816,3150
,,,,2303,15694,8816,3150
,,,,2304,15694,8816,3150
,,,,2305,15694,8816,3150
,,,,2306,15694,8816,3150
,,,,2307,15694,8816,3150
,,,,2308,15694,8816,3150
,,,,2309,15694,8816,3150
,,,,2310,15694,8816,3150
,,,,2311,15694,8816,3150
,,,,2312,15694,8816,3150
,,,,2313,15694,8816,3150
,,,,2314,15694,8816,3150
,,,,2315,15694,8816,3150
,,,,2316,15694,8816,3150
,,,,2317,15694,8816,3150
,,,,2318,15694,8816,3150
,,,,2319,15694,8816,3150
,,,,2320,15694,8816,3150
,,,,2321,15694,8816,3150
,,,,2322,15694,8816,3150
,,,,2323,15694,8816,3150
,,,,2324,15694,8816,3150
,,,,2325,15694,8816,3150
,,,,2326,15694,8816,3150
,,,,2327,15694,8816,3150
,,,,2328,15694,8816,3150
,,,,2329,15694,8816,3150
,,,,2330,15694,8816,3150
,,,,2331,15694,8816,3150
,,,,2332,15694,8816,3150
,,,,2333,15694,8816,3150
,,,,2334,15694,8816,3150
,,,,2335,15694,8816,3150
,,,,2336,15694,8816,3150
,,,,2337,15694,8816,3150
,,,,2338,15694,8816,3150
,,,,2339,15694,8816,3150
,,,,2340,15694,8816,3150
,,,,2341,15694,8816,3150
,,,,2342,15694,8816,3150
,,,,2343,15694,8816,3150
,,,,2344,15694,8816,3150
,,,,2345,15694,8816,3150
,,,,2346,15694,8816,3150
,,,,2347,15694,8816,3150
,,,,2348,15694,8816,3150
,,,,2349,15694,8816,3150
,,,,2350,15694,8816,3150
,,,,2351,15694,8816,3150
,,,,2352,15694,8816,3150
,,,,2353,15694,8816,3150
,,,,2354,15694,8816,3150
,,,,2355,15694,8816,3150
,,,,2356,15694,8816,3150
,,,,2357,15694,8816,3150
,,,,2358,15694,8816,3150
,,,,2359,15694,8816,3150
,,,,2360,15694,8816,3150
,,,,2361,15694,8816,3150
,,,,2362,15694,8816,3150
,,,,2363,15694,8816,3150
,,,,2364,15694,8816,3150
,,,,2365,15694,8816,3150
,,,,2366,15694,8816,3150
,,,,2367,15694,8816,3150
,,,,2368,15694,8816,3150
,,,,2369,15694,8816,3150
,,,,2370,15694,8816,3150
,,,,2371,15694,8816,3150
,,,,2372,15694,8816,3150
,,,,2373,15694,8816,3150
,,,,2374,15694,8816,3150
,,,,2375,15694,8816,3150
,,,,2376,15694,8816,3150
,,,,2377,15694,8816,3150
,,,,2378,15694,8816,3150
,,,,2379,15694,8816,3150
,,,,2380,15694,8816,3150
,,,,2381,15694,8816,3150
,,,,2382,15694,8816,3150
,,,,2383,15694,8816,3150
,,,,2384,15694,8816,3150
,,,,2385,15694,8816,3150
,,,,2386,15694,8816,3150
,,,,2387,15694,8816,3150
,,,,2388,15694,8816,3150
,,,,2389,15694,8816,3150
,,,,2390,15694,8816,3150
,,,,2391,15694,8816,3150
,,,,2392,15694,8816,3150
,,,,2393,15694,8816,3150
,,,,2394,15694,8816,3150
,,,,2395,15694,8816,3150
,,,,2396,15694,8816,3150
,,,,2397,15694,8816,3150
,,,,2398,15694,8816,3150
,,,,2399,15694,8816,3150
,,,,2400,15694,8816,3150
,,,,2401,15694,8816,3150
,,,,2402,15694,8816,3150
,,,,2403,15694,8816,3150
,,,,2404,15694,8816,3150
,,,,2405,15694,8816,3150
,,,,2406,15694,8816,3150
,,,,2407,15694,8816,3150
,,,,2408,15694,8816,3150
,,,,2409,15694,8816,3150
,,,,2410,15694,8816,3150
,,,,2411,15694,8816,3150
,,,,2412,15694,8816,3150
,,,,2413,15694,8816,3150
,,,,2414,15694,8816,3150
,,,,2415,15694,8816,3150
,,,,2416,15694,8816,3150
,,,,2417,15694,8816,3150
,,,,2418,15694,8816,3150
,,,,2419,15694,8816,3150
,,,,2420,15694,8816,3150
,,,,2421,15694,8816,3150
,,,,2422,15694,8816,3150
,,,,2423,15694,8816,3150
,,,,2424,15694,8816,3150
,,,,2425,15694,8816,3150
,,,,2426,15694,8816,3150
,,,,2427,15694,8816,3150
,,,,2428,15694,8816,3150
,,,,2429,15694,8816,3150
,,,,2430,15694,8816,3150
,,,,2431,15694,8816,3150
,,,,2432,15694,8816,3150
,,,,2433,15694,8816,3150
,,,,2434,15694,8816,3150
,,,,2435,15694,8816,3150
,,,,2436,15694,8816,3150
,,,,2437,15694,8816,3150
,,,,2438,15694,8816,3150
,,,,2439,15694,8816,3150
,,,,2440,15694,8816,3150
,,,,2441,15694,8816,3150
,,,,2442,15694,8816,3150
,,,,2443,15694,8816,3150
,,,,2444,15694,8816,3150
,,,,2445,15694,8816,3150
,,,,2446,15694,8816,3150
,,,,2447,15694,8816,3150
,,,,2448,15694,8816,3150
,,,,2449,15694,8816,3150
,,,,2450,15694,8816,3150
,,,,2451,15694,8816,3150
,,,,2452,15694,8816,3150
,,,,2453,15694,8816,3150
,,,,2454,15694,8816,3150
,,,,2455,15694,8816,3150
,,,,2456,15694,8816,3150
,,,,2457,15694,8816,3150
,,,,2458,15694,8816,3150
,,,,2459,15694,8816,3150
,,,,2460,15694,8816,3150
,,,,2461,15694,8816,3150
,,,,2462,15694,8816,3150
,,,,2463,15694,8816,3150
,,,,2464,15694,8816,3150
,,,,2465,15694,8816,3150
,,,,2466,15694,8816,3150
,,,,2467,15694,8816,3150
,,,,2468,15694,8816,3150
,,,,2469,15694,8816,3150
,,,,2470,15694,8816,3150
,,,,2471,15694,8816,3150
,,,,2472,15694,8816,3150
,,,,2473,15694,8816,3150
,,,,2474,15694,8816,3150
,,,,2475,15694,8816,3150
,,,,2476,15694,8816,3150
,,,,2477,15694,8816,3150
,,,,2478,15694,8816,3150
,,,,2479,15694,8816,3150
,,,,2480,15694,8816,3150
,,,,2481,15694,8816,3150
,,,,2482,15694,8816,3150
,,,,2483,15694,8816,3150
,,,,2484,15694,8816,3150
,,,,2485,15694,8816,3150
,,,,2486,15694,8816,3150
,,,,2487,15694,8816,3150
,,,,2488,15694,8816,3150
,,,,2489,15694,8816,3150
,,,,2490,15694,8816,3150
,,,,2491,15694,8816,3150
,,,,2492,15694,8816,3150
,,,,2493,15694,8816,3150
,,,,2494,15694,8816,3150
,,,,2495,15694,8816,3150
,,,,2496,15694,8816,3150
,,,,2497,15694,8816,3150
,,,,2498,15694,8816,3150
,,,,2499,15694,8816,3150
,,,,2500,15694,8816,3150
,,,,2501,15694,8816,3150
,,,,2502,15694,8816,3150
,,,,2503,15694,8816,3150
,,,,2504,15694,8816,3150
,,,,2505,15694,8816,3150
,,,,2506,15694,8816,3150
,,,,2507,15694,8816,3150
,,,,2508,15694,8816,3150
,,,,2509,15694,8816,3150
,,,,2510,15694,8816,3150
,,,,2511,15694,8816,3150
,,,,2512,15694,8816,3150
,,,,2513,15694,8816,3150
,,,,2514,15694,8816,3150
,,,,2515,15694,8816,3150
,,,,2516,15694,8816,3150
,,,,2517,15694,8816,3150
,,,,2518,15694,8816,3150
,,,,2519,15694,8816,3150
,,,,2520,15694,8816,3150
,,,,2521,15694,8816,3150
,,,,2522,15694,8816,3150
,,,,2523,15694,8816,3150
,,,,2524,15694,8816,3150
,,,,2525,15694,8816,3150
,,,,2526,15694,8816,3150
,,,,2527,15694,8816,3150
,,,,2528,15694,8816,3150
,,,,2529,15694,8816,3150
,,,,2530,15694,8816,3150
,,,,2531,15694,8816,3150
,,,,2532,15694,8816,3150
,,,,2533,15694,8816,3150
,,,,2534,15694,8816,3150
,,,,2535,15694,8816,3150
,,,,2536,15694,8816,3150
,,,,2537,15694,8816,3150
,,,,2538,15694,8816,3150
,,,,2539,15694,8816,3150
,,,,2540,15694,8816,3150
,,,,2541,15694,8816,3150
,,,,2542,15694,8816,3150
,,,,2543,15694,8816,3150
,,,,2544,15694,8816,3150
,,,,2545,15694,8816,3150
,,,,2546,15694,8816,3150
,,,,2547,15694,8816,3150
,,,,2548,15694,8816,3150
,,,,2549,15694,8816,3150
,,,,2550,15694,8816,3150
,,,,2551,15694,8816,3150
,,,,2552,15694,8816,3150
,,,,2553,15694,8816,3150
,,,,2554,15694,8816,3150
,,,,2555,15694,8816,3150
,,,,2556,15694,8816,3150
,,,,2557,15694,8816,3150
,,,,2558,15694,8816,3150
,,,,2559,15694,8816,3150
,,,,2560,15694,8816,3150
,,,,2561,15694,8816,3150
,,,,2562,15694,8816,3150
,,,,2563,15694,8816,3150
,,,,2564,15694,8816,3150
,,,,2565,15694,8816,3150
,,,,2566,15694,8816,3150
,,,,2567,15694,8816,3150
,,,,2568,15694,8816,3150
,,,,2569,15694,8816,3150
,,,,2570,15694,8816,3150
,,,,2571,15694,8816,3150
,,,,2572,15694,8816,3150
,,,,2573,15694,8816,3150
,,,,2574,15694,8816,3150
,,,,2575,15694,8816,3150
,,,,2576,15694,8816,3150
,,,,2577,15694,8816,3150
,,,,2578,15694,8816,3150
,,,,2579,15694,8816,3150
,,,,2580,15694,8816,3150
,,,,2581,15694,8816,3150
,,,,2582,15694,8816,3150
,,,,2583,15694,8816,3150
,,,,2584,15694,8816,3150
,,,,2585,15694,8816,3150
,,,,2586,15694,8816,3150
,,,,2587,15694,8816,3150
,,,,2588,15694,8816,3150
,,,,2589,15694,8816,3150
,,,,2590,15694,8816,3150
,,,,2591,15694,8816,3150
,,,,2592,15694,8816,3150
,,,,2593,15694,8816,3150
,,,,2594,15694,8816,3150
,,,,2595,15694,8816,3150
,,,,2596,15694,8816,3150
,,,,2597,15694,8816,3150
,,,,2598,15694,8816,3150
,,,,2599,15694,8816,3150
,,,,2600,15694,8816,3150
,,,,2601,15694,8816,3150
,,,,2602,15694,8816,3150
,,,,2603,15694,8816,3150
,,,,2604,15694,8816,3150
,,,,2605,15694,8816,3150
,,,,2606,15694,8816,3150
,,,,2607,15694,8816,3150
,,,,2608,15694,8816,3150
,,,,2609,15694,8816,3150
,,,,2610,15694,8816,3150
,,,,2611,15694,8816,3150
,,,,2612,15694,8816,3150
,,,,2613,15694,8816,3150
,,,,2614,15694,8816,3150
,,,,2615,15694,8816,3150
,,,,2616,15694,8816,3150
,,,,2617,15694,8816,3150
,,,,2618,15694,8816,3150
,,,,2619,15694,8816,3150
,,,,2620,15694,8816,3150
,,,,2621,15694,8816,3150
,,,,2622,15694,8816,3150
,,,,2623,15694,8816,3150
,,,,2624,15694,8816,3150
,,,,2625,15694,8816,3150
,,,,2626,15694,8816,3150
,,,,2627,15694,8816,3150
,,,,2628,15694,8816,3150
,,,,2629,15694,8816,3150
,,,,2630,15694,8816,3150
,,,,2631,15694,8816,3150
,,,,2632,15694,8816,3150
,,,,2633,15694,8816,3150
,,,,2634,15694,8816,3150
,,,,2635,15694,8816,3150
,,,,2636,15694,8816,3150
,,,,2637,15694,8816,3150
,,,,2638,15694,8816,3150
,,,,2639,15694,8816,3150
,,,,2640,15694,8816,3150
,,,,2641,15694,8816,3150
,,,,2642,15694,8816,3150
,,,,2643,15694,8816,3150
,,,,2644,15694,8816,3150
,,,,2645,15694,8816,3150
,,,,2646,15694,8816,3150
,,,,2647,15694,8816,3150
,,,,2648,15694,8816,3150
,,,,2649,15694,8816,3150
,,,,2650,15694,8816,3150
,,,,2651,15694,8816,3150
,,,,2652,15694,8816,3150
,,,,2653,15694,8816,3150
,,,,2654,15694,8816,3150
,,,,2655,15694,8816,3150
,,,,2656,15694,8816,3150
,,,,2657,15694,8816,3150
,,,,2658,15694,8816,3150
,,,,2659,15694,8816,3150
,,,,2660,15694,8816,3150
,,,,2661,15694,8816,3150
,,,,2662,15694,8816,3150
,,,,2663,15694,8816,3150
,,,,2664,15694,8816,3150
,,,,2665,15694,8816,3150
,,,,2666,15694,8816,3150
,,,,2667,15694,8816,3150
,,,,2668,15694,8816,3150
,,,,2669,15694,8816,3150
,,,,2670,15694,8816,3150
,,,,2671,15694,8816,3150
,,,,2672,15694,8816,3150
,,,,2673,15694,8816,3150
,,,,2674,15694,8816,3150
,,,,2675,15694,8816,3150
,,,,2676,15694,8816,3150
,,,,2677,15694,8816,3150
,,,,2678,15694,8816,3150
,,,,2679,15694,8816,3150
,,,,2680,15694,8816,3150
,,,,2681,15694,8816,3150
,,,,2682,15694,8816,3150
,,,,2683,15694,8816,3150
,,,,2684,15694,8816,3150
,,,,2685,15694,8816,3150
,,,,2686,15694,8816,3150
,,,,2687,15694,8816,3150
,,,,2688,15694,8816,3150
,,,,2689,15694,8816,3150
,,,,2690,15694,8816,3150
,,,,2691,15694,8816,3150
,,,,2692,15694,8816,3150
,,,,2693,15694,8816,3150
,,,,2694,15694,8816,3150
,,,,2695,15694,8816,3150
,,,,2696,15694,8816,3150
,,,,2697,15694,8816,3150
,,,,2698,15694,8816,3150
,,,,2699,15694,8816,3150
,,,,2700,15694,8816,3150
,,,,2701,15694,8816,3150
,,,,2702,15694,8816,3150
,,,,2703,15694,8816,3150
,,,,2704,15694,8816,3150
,,,,2705,15694,8816,3150
,,,,2706,15694,8816,3150
,,,,2707,15694,8816,3150
,,,,2708,15694,8816,3150
,,,,2709,15694,8816,3150
,,,,2710,15694,8816,3150
,,,,2711,15694,8816,3150
,,,,2712,15694,8816,3150
,,,,2713,15694,8816,3150
,,,,2714,15694,8816,3150
,,,,2715,15694,8816,3150
,,,,2716,15694,8816,3150
,,,,2717,15694,8816,3150
,,,,2718,15694,8816,3150
,,,,2719,15694,8816,3150
,,,,2720,15694,8816,3150
,,,,2721,15694,8816,3150
,,,,2722,15694,8816,3150
,,,,2723,15694,8816,3150
,,,,2724,15694,8816,3150
,,,,2725,15694,8816,3150
,,,,2726,15694,8816,3150
,,,,2727,15694,8816,3150
,,,,2728,15694,8816,3150
,,,,2729,15694,8816,3150
,,,,2730,15694,8816,3150
,,,,2731,15694,8816,3150
,,,,2732,15694,8816,3150
,,,,2733,15694,8816,3150
,,,,2734,15694,8816,3150
,,,,2735,15694,8816,3150
,,,,2736,15694,8816,3150
,,,,2737,15694,8816,3150
,,,,2738,15694,8816,3150
,,,,2739,15694,8816,3150
,,,,2740,15694,8816,3150
,,,,2741,15694,8816,3150
,,,,2742,15694,8816,3150
,,,,2743,15694,8816,3150
,,,,2744,15694,8816,3150
,,,,2745,15694,8816,3150
,,,,2746,15694,8816,3150
,,,,2747,15694,8816,3150
,,,,2748,15694,8816,3150
,,,,2749,15694,8816,3150
,,,,2750,15694,8816,3150
,,,,2751,15694,8816,3150
,,,,2752,15694,8816,3150
,,,,2753,15694,8816,3150
,,,,2754,15694,8816,3150
,,,,2755,15694,8816,3150
,,,,2756,15694,8816,3150
,,,,2757,15694,8816,3150
,,,,2758,15694,8816,3150
,,,,2759,15694,8816,3150
,,,,2760,15694,8816,3150
,,,,2761,15694,8816,3150
,,,,2762,15694,8816,3150
,,,,2763,15694,8816,3150
,,,,2764,15694,8816,3150
,,,,2765,15694,8816,3150
,,,,2766,15694,8816,3150
,,,,2767,15694,8816,3150
,,,,2768,15694,8816,3150
,,,,2769,15694,8816,3150
,,,,2770,15694,8816,3150
,,,,2771,15694,8816,3150
,,,,2772,15694,8816,3150
,,,,2773,15694,8816,3150
,,,,2774,15694,8816,3150
,,,,2775,15694,8816,3150
,,,,2776,15694,8816,3150
,,,,2777,15694,8816,3150
,,,,2778,15694,8816,3150
,,,,2779,15694,8816,3150
,,,,2780,15694,8816,3150
,,,,2781,15694,8816,3150
,,,,2782,15694,8816,3150
,,,,2783,15694,8816,3150
,,,,2784,15694,8816,3150
,,,,2785,15694,8816,3150
,,,,2786,15694,8816,3150
,,,,2787,15694,8816,3150
,,,,2788,15694,8816,3150
,,,,2789,15694,8816,3150
,,,,2790,15694,8816,3150
,,,,2791,15694,8816,3150
,,,,2792,15694,8816,3150
,,,,2793,15694,8816,3150
,,,,2794,15694,8816,3150
,,,,2795,15694,8816,3150
,,,,2796,15694,8816,3150
,,,,2797,15694,8816,3150
,,,,2798,15694,8816,3150
,,,,2799,15694,8816,3150
,,,,2800,15694,8816,3150
,,,,2801,15694,8816,3150
,,,,2802,15694,8816,3150
,,,,2803,15694,8816,3150
,,,,2804,15694,8816,3150
,,,,2805,15694,8816,3150
,,,,2806,15694,8816,3150
,,,,2807,15694,8816,3150
,,,,2808,15694,8816,3150
,,,,2809,15694,8816,3150
,,,,2810,15694,8816,3150
,,,,2811,15694,8816,3150
,,,,2812,15694,8816,3150
,,,,2813,15694,8816,3150
,,,,2814,15694,8816,3150
,,,,2815,15694,8816,3150
,,,,2816,15694,8816,3150
,,,,2817,15694,8816,3150
,,,,2818,15694,8816,3150
,,,,2819,15694,8816,3150
,,,,2820,15694,8816,3150
,,,,2821,15694,8816,3150
,,,,2822,15694,8816,3150
,,,,2823,15694,8816,3150
,,,,2824,15694,8816,3150
,,,,2825,15694,8816,3150
,,,,2826,15694,8816,3150
,,,,2827,15694,8816,3150
,,,,2828,15694,8816,3150
,,,,2829,15694,8816,3150
,,,,2830,15694,8816,3150
,,,,2831,15694,8816,3150
,,,,2832,15694,8816,3150
,,,,2833,15694,8816,3150
,,,,2834,15694,8816,3150
,,,,2835,15694,8816,3150
,,,,2836,15694,8816,3150
,,,,2837,15694,8816,3150
,,,,2838,15694,8816,3150
,,,,2839,15694,8816,3150
,,,,2840,15694,8816,3150
,,,,2841,15694,8816,3150
,,,,2842,15694,8816,3150
,,,,2843,15694,8816,3150
,,,,2844,15694,8816,3150
,,,,2845,15694,8816,3150
,,,,2846,15694,8816,3150
,,,,2847,15694,8816,3150
,,,,2848,15694,8816,3150
,,,,2849,15694,8816,3150
,,,,2850,15694,8816,3150
,,,,2851,15694,8816,3150
,,,,2852,15694,8816,3150
,,,,2853,15694,8816,3150
,,,,2854,15694,8816,3150
,,,,2855,15694,8816,3150
,,,,2856,15694,8816,3150
,,,,2857,15694,8816,3150
,,,,2858,15694,8816,3150
,,,,2859,15694,8816,3150
,,,,2860,15694,8816,3150
,,,,2861,15694,8816,3150
,,,,2862,15694,8816,3150
,,,,2863,15694,8816,3150
,,,,2864,15694,8816,3150
,,,,2865,15694,8816,3150
,,,,2866,15694,8816,3150
,,,,2867,15694,8816,3150
,,,,2868,15694,8816,3150
,,,,2869,15694,8816,3150
,,,,2870,15694,8816,3150
,,,,2871,15694,8816,3150
,,,,2872,15694,8816,3150
,,,,2873,15694,8816,3150
,,,,2874,15694,8816,3150
,,,,2875,15694,8816,3150
,,,,2876,15694,8816,3150
,,,,2877,15694,8816,3150
,,,,2878,15694,8816,3150
,,,,2879,15694,8816,3150
,,,,2880,15694,8816,3150
,,,,2881,15694,8816,3150
,,,,2882,15694,8816,3150
,,,,2883,15694,8816,3150
,,,,2884,15694,8816,3150
,,,,2885,15694,8816,3150
,,,,2886,15694,8816,3150
,,,,2887,15694,8816,3150
,,,,2888,15694,8816,3150
,,,,2889,15694,8816,3150
,,,,2890,15694,8816,3150
,,,,2891,15694,8816,3150
,,,,2892,15694,8816,3150
,,,,2893,15694,8816,3150
,,,,2894,15694,8816,3150
,,,,2895,15694,8816,3150
,,,,2896,15694,8816,3150
,,,,2897,15694,8816,3150
,,,,2898,15694,8816,3150
,,,,2899,15694,8816,3150
,,,,2900,15694,8816,3150
,,,,2901,15694,8816,3150
,,,,2902,15694,8816,3150
,,,,2903,15694,8816,3150
,,,,2904,15694,8816,3150
,,,,2905,15694,8816,3150
,,,,2906,15694,8816,3150
,,,,2907,15694,8816,3150
,,,,2908,15694,8816,3150
,,,,2909,15694,8816,3150
,,,,2910,15694,8816,3150
,,,,2911,15694,8816,3150
,,,,2912,15694,8816,3150
,,,,2913,15694,8816,3150
,,,,2914,15694,8816,3150
,,,,2915,15694,8816,3150
,,,,2916,15694,8816,3150
,,,,2917,15694,8816,3150
,,,,2918,15694,8816,3150
,,,,2919,15694,8816,3150
,,,,2920,15694,8816,3150
,,,,2921,15694,8816,3150
,,,,2922,15694,8816,3150
,,,,2923,15694,8816,3150
,,,,2924,15694,8816,3150
,,,,2925,15694,8816,3150
,,,,2926,15694,8816,3150
,,,,2927,15694,8816,3150
,,,,2928,15694,8816,3150
,,,,2929,15694,8816,3150
,,,,2930,15694,8816,3150
,,,,2931,15694,8816,3150
,,,,2932,15694,8816,3150
,,,,2933,15694,8816,3150
,,,,2934,15694,8816,3150
,,,,2935,15694,8816,3150
,,,,2936,15694,8816,3150
,,,,2937,15694,8816,3150
,,,,2938,15694,8816,3150
,,,,2939,15694,8816,3150
,,,,2940,15694,8816,3150
,,,,2941,15694,8816,3150
,,,,2942,15694,8816,3150
,,,,2943,15694,8816,3150
,,,,2944,15694,8816,3150
,,,,2945,15694,8816,3150
,,,,2946,15694,8816,3150
,,,,2947,15694,8816,3150
,,,,2948,15694,8816,3150
,,,,2949,15694,8816,3150
,,,,2950,15694,8816,3150
,,,,2951,15694,8816,3150
,,,,2952,15694,8816,3150
,,,,2953,15694,8816,3150
,,,,2954,15694,8816,3150
,,,,2955,15694,8816,3150
,,,,2956,15694,8816,3150
,,,,2957,15694,8816,3150
,,,,2958,15694,8816,3150
,,,,2959,15694,8816,3150
,,,,2960,15694,8816,3150
,,,,2961,15694,8816,3150
,,,,2962,15694,8816,3150
,,,,2963,15694,8816,3150
,,,,2964,15694,8816,3150
,,,,2965,15694,8816,3150
,,,,2966,15694,8816,3150
,,,,2967,15694,8816,3150
,,,,2968,15694,8816,3150
,,,,2969,15694,8816,3150
,,,,2970,15694,8816,3150
,,,,2971,15694,8816,3150
,,,,2972,15694,8816,3150
,,,,2973,15694,8816,3150
,,,,2974,15694,8816,3150
,,,,2975,15694,8816,3150
,,,,2976,15694,8816,3150
,,,,2977,15694,8816,3150
,,,,2978,15694,8816,3150
,,,,2979,15694,8816,3150
,,,,2980,15694,8816,3150
,,,,2981,15694,8816,3150
,,,,2982,15694,8816,3150
,,,,2983,15694,8816,3150
,,,,2984,15694,8816,3150
,,,,2985,15694,8816,3150
,,,,2986,15694,8816,3150
,,,,2987,15694,8816,3150
,,,,2988,15694,8816,3150
,,,,2989,15694,8816,3150
,,,,2990,15694,8816,3150
,,,,2991,15694,8816,3150
,,,,2992,15694,8816,3150
,,,,2993,15694,8816,3150
,,,,2994,15694,8816,3150
,,,,2995,15694,8816,3150
,,,,2996,15694,8816,3150
,,,,2997,15694,8816,3150
,,,,2998,15694,8816,3150
,,,,2999,15694,8816,3150
,,,,3000,15694,8816,3150
,,,,3001,15694,8816,3150
,,,,3002,15694,8816,3150
,,,,3003,15694,8816,3150
,,,,3004,15694,8816,3150
,,,,3005,15694,8816,3150
,,,,3006,15694,8816,3150
,,,,3007,15694,8816,3150
,,,,3008,15694,8816,3150
,,,,3009,15694,8816,3150
,,,,3010,15694,8816,3150
,,,,3011,15694,8816,3150
,,,,3012,15694,8816,3150
,,,,3013,15694,8816,3150
,,,,3014,15694,8816,3150
,,,,3015,15694,8816,3150
,,,,3016,15694,8816,3150
,,,,3017,15694,8816,3150
,,,,3018,15694,8816,3150
,,,,3019,15694,8816,3150
,,,,3020,15694,8816,3150
,,,,3021,15694,8816,3150
,,,,3022,15694,8816,3150
,,,,3023,15694,8816,3150
,,,,3024,15694,8816,3150
,,,,3025,15694,8816,3150
,,,,3026,15694,8816,3150
,,,,3027,15694,8816,3150
,,,,3028,15694,8816,3150
,,,,3029,15694,8816,3150
,,,,3030,15694,8816,3150
,,,,3031,15694,8816,3150
,,,,3032,15694,8816,3150
,,,,3033,15694,8816,3150
,,,,3034,15694,8816,3150
,,,,3035,15694,8816,3150
,,,,3036,15694,8816,3150
,,,,3037,15694,8816,3150
,,,,3038,15694,8816,3150
,,,,3039,15694,8816,3150
,,,,3040,15694,8816,3150
,,,,3041,15694,8816,3150
,,,,3042,15694,8816,3150
,,,,3043,15694,8816,3150
,,,,3044,15694,8816,3150
,,,,3045,15694,8816,3150
,,,,3046,15694,8816,3150
,,,,3047,15694,8816,3150
,,,,3048,15694,8816,3150
,,,,3049,15694,8816,3150
,,,,3050,15694,8816,3150
,,,,3051,15694,8816,3150
,,,,3052,15694,8816,3150
,,,,3053,15694,8816,3150
,,,,3054,15694,8816,3150
,,,,3055,15694,8816,3150
,,,,3056,15694,8816,3150
,,,,3057,15694,8816,3150
,,,,3058,15694,8816,3150
,,,,3059,15694,8816,3150
,,,,3060,15694,8816,3150
,,,,3061,15694,8816,3150
,,,,3062,15694,8816,3150
,,,,3063,15694,8816,3150
,,,,3064,15694,8816,3150
,,,,3065,15694,8816,3150
,,,,3066,15694,8816,3150
,,,,3067,15694,8816,3150
,,,,3068,15694,8816,3150
,,,,3069,15694,8816,3150
,,,,3070,15694,8816,3150
,,,,3071,15694,8816,3150
,,,,3072,15694,8816,3150
,,,,3073,15694,8816,3150
,,,,3074,15694,8816,3150
,,,,3075,15694,8816,3150
,,,,3076,15694,8816,3150
,,,,3077,15694,8816,3150
,,,,3078,15694,8816,3150
,,,,3079,15694,8816,3150
,,,,3080,15694,8816,3150
,,,,3081,15694,8816,3150
,,,,3082,15694,8816,3150
,,,,3083,15694,8816,3150
,,,,3084,15694,8816,3150
,,,,3085,15694,8816,3150
,,,,3086,15694,8816,3150
,,,,3087,15694,8816,3150
,,,,3088,15694,8816,3150
,,,,3089,15694,8816,3150
,,,,3090,15694,8816,3150
,,,,3091,15694,8816,3150
,,,,3092,15694,8816,3150
,,,,3093,15694,8816,3150
,,,,3094,15694,8816,3150
,,,,3095,15694,8816,3150
,,,,3096,15694,8816,3150
,,,,3097,15694,8816,3150
,,,,3098,15694,8816,3150
,,,,3099,15694,8816,3150
,,,,3100,15694,8816,3150
,,,,3101,15694,8816,3150
,,,,3102,15694,8816,3150
,,,,3103,15694,8816,3150
,,,,3104,15694,8816,3150
,,,,3105,15694,8816,3150
,,,,3106,15694,8816,3150
,,,,3107,15694,8816,3150
,,,,3108,15694,8816,3150
,,,,3109,15694,8816,3150
,,,,3110,15694,8816,3150
,,,,3111,15694,8816,3150
,,,,3112,15694,8816,3150
,,,,3113,15694,8816,3150
,,,,3114,15694,8816,3150
,,,,3115,15694,8816,3150
,,,,3116,15694,8816,3150
,,,,3117,15694,8816,3150
,,,,3118,15694,8816,3150
,,,,3119,15694,8816,3150
,,,,3120,15694,8816,3150
,,,,3121,15694,8816,3150
,,,,3122,15694,8816,3150
,,,,3123,15694,8816,3150
,,,,3124,15694,8816,3150
,,,,3125,15694,8816,3150
,,,,3126,15694,8816,3150
,,,,3127,15694,8816,3150
,,,,3128,15694,8816,3150
,,,,3129,15694,8816,3150
,,,,3130,15694,8816,3150
,,,,3131,15694,8816,3150
,,,,3132,15694,8816,3150
,,,,3133,15694,8816,3150
,,,,3134,15694,8816,3150
,,,,3135,15694,8816,3150
,,,,3136,15694,8816,3150
,,,,3137,15694,8816,3150
,,,,3138,15694,8816,3150
,,,,3139,15694,8816,3150
,,,,3140,15694,8816,3150
,,,,3141,15694,8816,3150
,,,,3142,15694,8816,3150
,,,,3143,15694,8816,3150
,,,,3144,15694,8816,3150
,,,,3145,15694,8816,3150
,,,,3146,15694,8816,3150
,,,,3147,15694,8816,3150
,,,,3148,15694,8816,3150
,,,,3149,15694,8816,3150
,,,,3150,15694,8816,3150
,,,,3151,15694,8816,3150
,,,,3152,15694,8816,3150
,,,,3153,15694,8816,3150
,,,,3154,15694,8816,3150
,,,,3155,15694,8816,3150
,,,,3156,15694,8816,3150
,,,,3157,15694,8816,3150
,,,,3158,15694,8816,3150
,,,,3159,15694,8816,3150
,,,,3160,15694,8816,3150
,,,,3161,15694,8816,3150
,,,,3162,15694,8816,3150
,,,,3163,15694,8816,3150
,,,,3164,15694,8816,3150
,,,,3165,15694,8816,3150
,,,,3166,15694,8816,3150
,,,,3167,15694,8816,3150
,,,,3168,15694,8816,3150
,,,,3169,15694,8816,3150
,,,,3170,15694,8816,3150
,,,,3171,15694,8816,3150
,,,,3172,15694,8816,3150
,,,,3173,15694,8816,3150
,,,,3174,15694,8816,3150
,,,,3175,15694,8816,3150
,,,,3176,15694,8816,3150
,,,,3177,15694,8816,3150
,,,,3178,15694,8816,3150
,,,,3179,15694,8816,3150
,,,,3180,15694,8816,3150
,,,,3181,15694,8816,3150
,,,,3182,15694,8816,3150
,,,,3183,15694,8816,3150
,,,,3184,15694,8816,3150
,,,,3185,15694,8816,3150
,,,,3186,15694,8816,3150
,,,,3187,15694,8816,3150
,,,,3188,15694,8816,3150
,,,,3189,15694,8816,3150
,,,,3190,15694,8816,3150
,,,,3191,15694,8816,3150
,,,,3192,15694,8816,3150
,,,,3193,15694,8816,3150
,,,,3194,15694,8816,3150
,,,,3195,15694,8816,3150
,,,,3196,15694,8816,3150
,,,,3197,15694,8816,3150
,,,,3198,15694,8816,3150
,,,,3199,15694,8816,3150
,,,,3200,15694,8816,3150
,,,,3201,15694,8816,3150
,,,,3202,15694,8816,3150
,,,,3203,15694,8816,3150
,,,,3204,15694,8816,3150
,,,,3205,15694,8816,3150
,,,,3206,15694,8816,3150
,,,,3207,15694,8816,3150
,,,,3208,15694,8816,3150
,,,,3209,15694,8816,3150
,,,,3210,15694,8816,3150
,,,,3211,15694,8816,3150
,,,,3212,15694,8816,3150
,,,,3213,15694,8816,3150
,,,,3214,15694,8816,3150
,,,,3215,15694,8816,3150
,,,,3216,15694,8816,3150
,,,,3217,15694,8816,3150
,,,,3218,15694,8816,3150
,,,,3219,15694,8816,3150
,,,,3220,15694,8816,3150
,,,,3221,15694,8816,3150
,,,,3222,15694,8816,3150
,,,,3223,15694,8816,3150
,,,,3224,15694,8816,3150
,,,,3225,15694,8816,3150
,,,,3226,15694,8816,3150
,,,,3227,15694,8816,3150
,,,,3228,15694,8816,3150
,,,,3229,15694,8816,3150
,,,,3230,15694,8816,3150
,,,,3231,15694,8816,3150
,,,,3232,15694,8816,3150
,,,,3233,15694,8816,3150
,,,,3234,15694,8816,3150
,,,,3235,15694,8816,3150
,,,,3236,15694,8816,3150
,,,,3237,15694,8816,3150
,,,,3238,15694,8816,3150
,,,,3239,15694,8816,3150
,,,,3240,15694,8816,3150
,,,,3241,15694,8816,3150
,,,,3242,15694,8816,3150
,,,,3243,15694,8816,3150
,,,,3244,15694,8816,3150
,,,,3245,15694,8816,3150
,,,,3246,15694,8816,3150
,,,,3247,15694,8816,3150
,,,,3248,15694,8816,3150
,,,,3249,15694,8816,3150
,,,,3250,15694,8816,3150
,,,,3251,15694,8816,3150
,,,,3252,15694,8816,3150
,,,,3253,15694,8816,3150
,,,,3254,15694,8816,3150
,,,,3255,15694,8816,3150
,,,,3256,15694,8816,3150
,,,,3257,15694,8816,3150
,,,,3258,15694,8816,3150
,,,,3259,15694,8816,3150
,,,,3260,15694,8816,3150
,,,,3261,15694,8816,3150
,,,,3262,15694,8816,3150
,,,,3263,15694,8816,3150
,,,,3264,15694,8816,3150
,,,,3265,15694,8816,3150
,,,,3266,15694,8816,3150
,,,,3267,15694,8816,3150
,,,,3268,15694,8816,3150
,,,,3269,15694,8816,3150
,,,,3270,15694,8816,3150
,,,,3271,15694,8816,3150
,,,,3272,15694,8816,3150
,,,,3273,15694,8816,3150
,,,,3274,15694,8816,3150
,,,,3275,15694,8816,3150
,,,,3276,15694,8816,3150
,,,,3277,15694,8816,3150
,,,,3278,15694,8816,3150
,,,,3279,15694,8816,3150
,,,,3280,15694,8816,3150
,,,,3281,15694,8816,3150
,,,,3282,15694,8816,3150
,,,,3283,15694,8816,3150
,,,,3284,15694,8816,3150
,,,,3285,15694,8816,3150
,,,,3286,15694,8816,3150
,,,,3287,15694,8816,3150
,,,,3288,15694,8816,3150
,,,,3289,15694,8816,3150
,,,,3290,15694,8816,3150
,,,,3291,15694,8816,3150
,,,,3292,15694,8816,3150
,,,,3293,15694,8816,3150
,,,,3294,15694,8816,3150
,,,,3295,15694,8816,3150
,,,,3296,15694,8816,3150
,,,,3297,15694,8816,3150
,,,,3298,15694,8816,3150
,,,,3299,15694,8816,3150
,,,,3300,15694,8816,3150
,,,,3301,15694,8816,3150
,,,,3302,15694,8816,3150
,,,,3303,15694,8816,3150
,,,,3304,15694,8816,3150
,,,,3305,15694,8816,3150
,,,,3306,15694,8816,3150
,,,,3307,15694,8816,3150
,,,,3308,15694,8816,3150
,,,,3309,15694,8816,3150
,,,,3310,15694,8816,3150
,,,,3311,15694,8816,3150
,,,,3312,15694,8816,3150
,,,,3313,15694,8816,3150
,,,,3314,15694,8816,3150
,,,,3315,15694,8816,3150
,,,,3316,15694,8816,3150
,,,,3317,15694,8816,3150
,,,,3318,15694,8816,3150
,,,,3319,15694,8816,3150
,,,,3320,15694,8816,3150
,,,,3321,15694,8816,3150
,,,,3322,15694,8816,3150
,,,,3323,15694,8816,3150
,,,,3324,15694,8816,3150
,,,,3325,15694,8816,3150
,,,,3326,15694,8816,3150
,,,,3327,15694,8816,3150
,,,,3328,15694,8816,3150
,,,,3329,15694,8816,3150
,,,,3330,15694,8816,3150
,,,,3331,15694,8816,3150
,,,,3332,15694,8816,3150
,,,,3333,15694,8816,3150
,,,,3334,15694,8816,3150
,,,,3335,15694,8816,3150
,,,,3336,15694,8816,3150
,,,,3337,15694,8816,3150
,,,,3338,15694,8816,3150
,,,,3339,15694,8816,3150
,,,,3340,15694,8816,3150
,,,,3341,15694,8816,3150
,,,,3342,15694,8816,3150
,,,,3343,15694,8816,3150
,,,,3344,15694,8816,3150
,,,,3345,15694,8816,3150
,,,,3346,15694,8816,3150
,,,,3347,15694,8816,3150
,,,,3348,15694,8816,3150
,,,,3349,15694,8816,3150
,,,,3350,15694,8816,3150
,,,,3351,15694,8816,3150
,,,,3352,15694,8816,3150
,,,,3353,15694,8816,3150
,,,,3354,15694,8816,3150
,,,,3355,15694,8816,3150
,,,,3356,15694,8816,3150
,,,,3357,15694,8816,3150
,,,,3358,15694,8816,3150
,,,,3359,15694,8816,3150
,,,,3360,15694,8816,3150
,,,,3361,15694,8816,3150
,,,,3362,15694,8816,3150
,,,,3363,15694,8816,3150
,,,,3364,15694,8816,3150
,,,,3365,15694,8816,3150
,,,,3366,15694,8816,3150
,,,,3367,15694,8816,3150
,,,,3368,15694,8816,3150
,,,,3369,15694,8816,3150
,,,,3370,15694,8816,3150
,,,,3371,15694,8816,3150
,,,,3372,15694,8816,3150
,,,,3373,15694,8816,3150
,,,,3374,15694,8816,3150
,,,,3375,15694,8816,3150
,,,,3376,15694,8816,3150
,,,,3377,15694,8816,3150
,,,,3378,15694,8816,3150
,,,,3379,15694,8816,3150
,,,,3380,15694,8816,3150
,,,,3381,15694,8816,3150
,,,,3382,15694,8816,3150
,,,,3383,15694,8816,3150
,,,,3384,15694,8816,3150
,,,,3385,15694,8816,3150
,,,,3386,15694,8816,3150
,,,,3387,15694,8816,3150
,,,,3388,15694,8816,3150
,,,,3389,15694,8816,3150
,,,,3390,15694,8816,3150
,,,,3391,15694,8816,3150
,,,,3392,15694,8816,3150
,,,,3393,15694,8816,3150
,,,,3394,15694,8816,3150
,,,,3395,15694,8816,3150
,,,,3396,15694,8816,3150
,,,,3397,15694,8816,3150
,,,,3398,15694,8816,3150
,,,,3399,15694,8816,3150
,,,,3400,15694,8816,3150
,,,,3401,15694,8816,3150
,,,,3402,15694,8816,3150
,,,,3403,15694,8816,3150
,,,,3404,15694,8816,3150
,,,,3405,15694,8816,3150
,,,,3406,15694,8816,3150
,,,,3407,15694,8816,3150
,,,,3408,15694,8816,3150
,,,,3409,15694,8816,3150
,,,,3410,15694,8816,3150
,,,,3411,15694,8816,3150
,,,,3412,15694,8816,3150
,,,,3413,15694,8816,3150
,,,,3414,15694,8816,3150
,,,,3415,15694,8816,3150
,,,,3416,15694,8816,3150
,,,,3417,15694,8816,3150
,,,,3418,15694,8816,3150
,,,,3419,15694,8816,3150
,,,,3420,15694,8816,3150
,,,,3421,15694,8816,3150
,,,,3422,15694,8816,3150
,,,,3423,15694,8816,3150
,,,,3424,15694,8816,3150
,,,,3425,15694,8816,3150
,,,,3426,15694,8816,3150
,,,,3427,15694,8816,3150
,,,,3428,15694,8816,3150
,,,,3429,15694,8816,3150
,,,,3430,15694,8816,3150
,,,,3431,15694,8816,3150
,,,,3432,15694,8816,3150
,,,,3433,15694,8816,3150
,,,,3434,15694,8816,3150
,,,,3435,15694,8816,3150
,,,,3436,15694,8816,3150
,,,,3437,15694,8816,3150
,,,,3438,15694,8816,3150
,,,,3439,15694,8816,3150
,,,,3440,15694,8816,3150
,,,,3441,15694,8816,3150
,,,,3442,15694,8816,3150
,,,,3443,15694,8816,3150
,,,,3444,15694,8816,3150
,,,,3445,15694,8816,3150
,,,,3446,15694,8816,3150
,,,,3447,15694,8816,3150
,,,,3448,15694,8816,3150
,,,,3449,15694,8816,3150
,,,,3450,15694,8816,3150
,,,,3451,15694,8816,3150
,,,,3452,15694,8816,3150
,,,,3453,15694,8816,3150
,,,,3454,15694,8816,3150
,,,,3455,15694,8816,3150
,,,,3456,15694,8816,3150
,,,,3457,15694,8816,3150
,,,,3458,15694,8816,3150
,,,,3459,15694,8816,3150
,,,,3460,15694,8816,3150
,,,,3461,15694,8816,3150
,,,,3462,15694,8816,3150
,,,,3463,15694,8816,3150
,,,,3464,15694,8816,3150
,,,,3465,15694,8816,3150
,,,,3466,15694,8816,3150
,,,,3467,15694,8816,3150
,,,,3468,15694,8816,3150
,,,,3469,15694,8816,3150
,,,,3470,15694,8816,3150
,,,,3471,15694,8816,3150
,,,,3472,15694,8816,3150
,,,,3473,15694,8816,3150
,,,,3474,15694,8816,3150
,,,,3475,15694,8816,3150
,,,,3476,15694,8816,3150
,,,,3477,15694,8816,3150
,,,,3478,15694,8816,3150
,,,,3479,15694,8816,3150
,,,,3480,15694,8816,3150
,,,,3481,15694,8816,3150
,,,,3482,15694,8816,3150
,,,,3483,15694,8816,3150
,,,,3484,15694,8816,3150
,,,,3485,15694,8816,3150
,,,,3486,15694,8816,3150
,,,,3487,15694,8816,3150
,,,,3488,15694,8816,3150
,,,,3489,15694,8816,3150
,,,,3490,15694,8816,3150
,,,,3491,15694,8816,3150
,,,,3492,15694,8816,3150
,,,,3493,15694,8816,3150
,,,,3494,15694,8816,3150
,,,,3495,15694,8816,3150
,,,,3496,15694,8816,3150
,,,,3497,15694,8816,3150
,,,,3498,15694,8816,3150
,,,,3499,15694,8816,3150
,,,,3500,15694,8816,3150
,,,,3501,15694,8816,3150
,,,,3502,15694,8816,3150
,,,,3503,15694,8816,3150
,,,,3504,15694,8816,3150
,,,,3505,15694,8816,3150
,,,,3506,15694,8816,3150
,,,,3507,15694,8816,3150
,,,,3508,15694,8816,3150
,,,,3509,15694,8816,3150
,,,,3510,15694,8816,3150
,,,,3511,15694,8816,3150
,,,,3512,15694,8816,3150
,,,,3513,15694,8816,3150
,,,,3514,15694,8816,3150
,,,,3515,15694,8816,3150
,,,,3516,15694,8816,3150
,,,,3517,15694,8816,3150
,,,,3518,15694,8816,3150
,,,,3519,15694,8816,3150
,,,,3520,15694,8816,3150
,,,,3521,15694,8816,3150
,,,,3522,15694,8816,3150
,,,,3523,15694,8816,3150
,,,,3524,15694,8816,3150
,,,,3525,15694,8816,3150
,,,,3526,15694,8816,3150
,,,,3527,15694,8816,3150
,,,,3528,15694,8816,3150
,,,,3529,15694,8816,3150
,,,,3530,15694,8816,3150
,,,,3531,15694,8816,3150
,,,,3532,15694,8816,3150
,,,,3533,15694,8816,3150
,,,,3534,15694,8816,3150
,,,,3535,15694,8816,3150
,,,,3536,15694,8816,3150
,,,,3537,15694,8816,3150
,,,,3538,15694,8816,3150
,,,,3539,15694,8816,3150
,,,,3540,15694,8816,3150
,,,,3541,15694,8816,3150
,,,,3542,15694,8816,3150
,,,,3543,15694,8816,3150
,,,,3544,15694,8816,3150
,,,,3545,15694,8816,3150
,,,,3546,15694,8816,3150
,,,,3547,15694,8816,3150
,,,,3548,15694,8816,3150
,,,,3549,15694,8816,3150
,,,,3550,15694,8816,3150
,,,,3551,15694,8816,3150
,,,,3552,15694,8816,3150
,,,,3553,15694,8816,3150
,,,,3554,15694,8816,3150
,,,,3555,15694,8816,3150
,,,,3556,15694,8816,3150
,,,,3557,15694,8816,3150
,,,,3558,15694,8816,3150
,,,,3559,15694,8816,3150
,,,,3560,15694,8816,3150
,,,,3561,15694,8816,3150
,,,,3562,15694,8816,3150
,,,,3563,15694,8816,3150
,,,,3564,15694,8816,3150
,,,,3565,15694,8816,3150
,,,,3566,15694,8816,3150
,,,,3567,15694,8816,3150
,,,,3568,15694,8816,3150
,,,,3569,15694,8816,3150
,,,,3570,15694,8816,3150
,,,,3571,15694,8816,3150
,,,,3572,15694,8816,3150
,,,,3573,15694,8816,3150
,,,,3574,15694,8816,3150
,,,,3575,15694,8816,3150
,,,,3576,15694,8816,3150
,,,,3577,15694,8816,3150
,,,,3578,15694,8816,3150
,,,,3579,15694,8816,3150
,,,,3580,15694,8816,3150
,,,,3581,15694,8816,3150
,,,,3582,15694,8816,3150
,,,,3583,15694,8816,3150
,,,,3584,15694,8816,3150
,,,,3585,15694,8816,3150
,,,,3586,15694,8816,3150
,,,,3587,15694,8816,3150
,,,,3588,15694,8816,3150
,,,,3589,15694,8816,3150
,,,,3590,15694,8816,3150
,,,,3591,15694,8816,3150
,,,,3592,15694,8816,3150
,,,,3593,15694,8816,3150
,,,,3594,15694,8816,3150
,,,,3595,15694,8816,3150
,,,,3596,15694,8816,3150
,,,,3597,15694,8816,3150
,,,,3598,15694,8816,3150
,,,,3599,15694,8816,3150
,,,,3600,15694,8816,3150
,,,,3601,15694,8816,3150
,,,,3602,15694,8816,3150
,,,,3603,15694,8816,3150
,,,,3604,15694,8816,3150
,,,,3605,15694,8816,3150
,,,,3606,15694,8816,3150
,,,,3607,15694,8816,3150
,,,,3608,15694,8816,3150
,,,,3609,15694,8816,3150
,,,,3610,15694,8816,3150
,,,,3611,15694,8816,3150
,,,,3612,15694,8816,3150
,,,,3613,15694,8816,3150
,,,,3614,15694,8816,3150
,,,,3615,15694,8816,3150
,,,,3616,15694,8816,3150
,,,,3617,15694,8816,3150
,,,,3618,15694,8816,3150
,,,,3619,15694,8816,3150
,,,,3620,15694,8816,3150
,,,,3621,15694,8816,3150
,,,,3622,15694,8816,3150
,,,,3623,15694,8816,3150
,,,,3624,15694,8816,3150
,,,,3625,15694,8816,3150
,,,,3626,15694,8816,3150
,,,,3627,15694,8816,3150
,,,,3628,15694,8816,3150
,,,,3629,15694,8816,3150
,,,,3630,15694,8816,3150
,,,,3631,15694,8816,3150
,,,,3632,15694,8816,3150
,,,,3633,15694,8816,3150
,,,,3634,15694,8816,3150
,,,,3635,15694,8816,3150
,,,,3636,15694,8816,3150
,,,,3637,15694,8816,3150
,,,,3638,15694,8816,3150
,,,,3639,15694,8816,3150
,,,,3640,15694,8816,3150
,,,,3641,15694,8816,3150
,,,,3642,15694,8816,3150
,,,,3643,15694,8816,3150
,,,,3644,15694,8816,3150
,,,,3645,15694,8816,3150
,,,,3646,15694,8816,3150
,,,,3647,15694,8816,3150
,,,,3648,15694,8816,3150
,,,,3649,15694,8816,3150
,,,,3650,15694,8816,3150
,,,,3651,15694,8816,3150
,,,,3652,15694,8816,3150
,,,,3653,15694,8816,3150
,,,,3654,15694,8816,3150
,,,,3655,15694,8816,3150
,,,,3656,15694,8816,3150
,,,,3657,15694,8816,3150
,,,,3658,15694,8816,3150
,,,,3659,15694,8816,3150
,,,,3660,15694,8816,3150
,,,,3661,15694,8816,3150
,,,,3662,15694,8816,3150
,,,,3663,15694,8816,3150
,,,,3664,15694,8816,3150
,,,,3665,15694,8816,3150
,,,,3666,15694,8816,3150
,,,,3667,15694,8816,3150
,,,,3668,15694,8816,3150
,,,,3669,15694,8816,3150
,,,,3670,15694,8816,3150
,,,,3671,15694,8816,3150
,,,,3672,15694,8816,3150
,,,,3673,15694,8816,3150
,,,,3674,15694,8816,3150
,,,,3675,15694,8816,3150
,,,,3676,15694,8816,3150
,,,,3677,15694,8816,3150
,,,,3678,15694,8816,3150
,,,,3679,15694,8816,3150
,,,,3680,15694,8816,3150
,,,,3681,15694,8816,3150
,,,,3682,15694,8816,3150
,,,,3683,15694,8816,3150
,,,,3684,15694,8816,3150
,,,,3685,15694,8816,3150
,,,,3686,15694,8816,3150
,,,,3687,15694,8816,3150
,,,,3688,15694,8816,3150
,,,,3689,15694,8816,3150
,,,,3690,15694,8816,3150
,,,,3691,15694,8816,3150
,,,,3692,15694,8816,3150
,,,,3693,15694,8816,3150
,,,,3694,15694,8816,3150
,,,,3695,15694,8816,3150
,,,,3696,15694,8816,3150
,,,,3697,15694,8816,3150
,,,,3698,15694,8816,3150
,,,,3699,15694,8816,3150
,,,,3700,15694,8816,3150
,,,,3701,15694,8816,3150
,,,,3702,15694,8816,3150
,,,,3703,15694,8816,3150
,,,,3704,15694,8816,3150
,,,,3705,15694,8816,3150
,,,,3706,15694,8816,3150
,,,,3707,15694,8816,3150
,,,,3708,15694,8816,3150
,,,,3709,15694,8816,3150
,,,,3710,15694,8816,3150
,,,,3711,15694,8816,3150
,,,,3712,15694,8816,3150
,,,,3713,15694,8816,3150
,,,,3714,15694,8816,3150
,,,,3715,15694,8816,3150
,,,,3716,15694,8816,3150
,,,,3717,15694,8816,3150
,,,,3718,15694,8816,3150
,,,,3719,15694,8816,3150
,,,,3720,15694,8816,3150
,,,,3721,15694,8816,3150
,,,,3722,15694,8816,3150
,,,,3723,15694,8816,3150
,,,,3724,15694,8816,3150
,,,,3725,15694,8816,3150
,,,,3726,15694,8816,3150
,,,,3727,15694,8816,3150
,,,,3728,15694,8816,3150
,,,,3729,15694,8816,3150
,,,,3730,15694,8816,3150
,,,,3731,15694,8816,3150
,,,,3732,15694,8816,3150
,,,,3733,15694,8816,3150
,,,,3734,15694,8816,3150
,,,,3735,15694,8816,3150
,,,,3736,15694,8816,3150
,,,,3737,15694,8816,3150
,,,,3738,15694,8816,3150
,,,,3739,15694,8816,3150
,,,,3740,15694,8816,3150
,,,,3741,15694,8816,3150
,,,,3742,15694,8816,3150
,,,,3743,15694,8816,3150
,,,,3744,15694,8816,3150
,,,,3745,15694,8816,3150
,,,,3746,15694,8816,3150
,,,,3747,15694,8816,3150
,,,,3748,15694,8816,3150
,,,,3749,15694,8816,3150
,,,,3750,15694,8816,3150
,,,,3751,15694,8816,3150
,,,,3752,15694,8816,3150
,,,,3753,15694,8816,3150
,,,,3754,15694,8816,3150
,,,,3755,15694,8816,3150
,,,,3756,15694,8816,3150
,,,,3757,15694,8816,3150
,,,,3758,15694,8816,3150
,,,,3759,15694,8816,3150
,,,,3760,15694,8816,3150
,,,,3761,15694,8816,3150
,,,,3762,15694,8816,3150
,,,,3763,15694,8816,3150
,,,,3764,15694,8816,3150
,,,,3765,15694,8816,3150
,,,,3766,15694,8816,3150
,,,,3767,15694,8816,3150
,,,,3768,15694,8816,3150
,,,,3769,15694,8816,3150
,,,,3770,15694,8816,3150
,,,,3771,15694,8816,3150
,,,,3772,15694,8816,3150
,,,,3773,15694,8816,3150
,,,,3774,15694,8816,3150
,,,,3775,15694,8816,3150
,,,,3776,15694,8816,3150
,,,,3777,15694,8816,3150
,,,,3778,15694,8816,3150
,,,,3779,15694,8816,3150
,,,,3780,15694,8816,3150
,,,,3781,15694,8816,3150
,,,,3782,15694,8816,3150
,,,,3783,15694,8816,3150
,,,,3784,15694,8816,3150
,,,,3785,15694,8816,3150
,,,,3786,15694,8816,3150
,,,,3787,15694,8816,3150
,,,,3788,15694,8816,3150
,,,,3789,15694,8816,3150
,,,,3790,15694,8816,3150
,,,,3791,15694,8816,3150
,,,,3792,15694,8816,3150
,,,,3793,15694,8816,3150
,,,,3794,15694,8816,3150
,,,,3795,15694,8816,3150
,,,,3796,15694,8816,3150
,,,,3797,15694,8816,3150
,,,,3798,15694,8816,3150
,,,,3799,15694,8816,3150
,,,,3800,15694,8816,3150
,,,,3801,15694,8816,3150
,,,,3802,15694,8816,3150
,,,,3803,15694,8816,3150
,,,,3804,15694,8816,3150
,,,,3805,15694,8816,3150
,,,,3806,15694,8816,3150
,,,,3807,15694,8816,3150
,,,,3808,15694,8816,3150
,,,,3809,15694,8816,3150
,,,,3810,15694,8816,3150
,,,,3811,15694,8816,3150
,,,,3812,15694,8816,3150
,,,,3813,15694,8816,3150
,,,,3814,15694,8816,3150
,,,,3815,15694,8816,3150
,,,,3816,15694,8816,3150
,,,,3817,15694,8816,3150
,,,,3818,15694,8816,3150
,,,,3819,15694,8816,3150
,,,,3820,15694,8816,3150
,,,,3821,15694,8816,3150
,,,,3822,15694,8816,3150
,,,,3823,15694,8816,3150
,,,,3824,15694,8816,3150
,,,,3825,15694,8816,3150
,,,,3826,15694,8816,3150
,,,,3827,15694,8816,3150
,,,,3828,15694,8816,3150
,,,,3829,15694,8816,3150
,,,,3830,15694,8816,3150
,,,,3831,15694,8816,3150
,,,,3832,15694,8816,3150
,,,,3833,15694,8816,3150
,,,,3834,15694,8816,3150
,,,,3835,15694,8816,3150
,,,,3836,15694,8816,3150
,,,,3837,15694,8816,3150
,,,,3838,15694,8816,3150
,,,,3839,15694,8816,3150
,,,,3840,15694,8816,3150
,,,,3841,15694,8816,3150
,,,,3842,15694,8816,3150
,,,,3843,15694,8816,3150
,,,,3844,15694,8816,3150
,,,,3845,15694,8816,3150
,,,,3846,15694,8816,3150
,,,,3847,15694,8816,3150
,,,,3848,15694,8816,3150
,,,,3849,15694,8816,3150
,,,,3850,15694,8816,3150
,,,,3851,15694,8816,3150
,,,,3852,15694,8816,3150
,,,,3853,15694,8816,3150
,,,,3854,15694,8816,3150
,,,,3855,15694,8816,3150
,,,,3856,15694,8816,3150
,,,,3857,15694,8816,3150
,,,,3858,15694,8816,3150
,,,,3859,15694,8816,3150
,,,,3860,15694,8816,3150
,,,,3861,15694,8816,3150
,,,,3862,15694,8816,3150
,,,,3863,15694,8816,3150
,,,,3864,15694,8816,3150
,,,,3865,15694,8816,3150
,,,,3866,15694,8816,3150
,,,,3867,15694,8816,3150
,,,,3868,15694,8816,3150
,,,,3869,15694,8816,3150
,,,,3870,15694,8816,3150
,,,,3871,15694,8816,3150
,,,,3872,15694,8816,3150
,,,,3873,15694,8816,3150
,,,,3874,15694,8816,3150
,,,,3875,15694,8816,3150
,,,,3876,15694,8816,3150
,,,,3877,15694,8816,3150
,,,,3878,15694,8816,3150
,,,,3879,15694,8816,3150
,,,,3880,15694,8816,3150
,,,,3881,15694,8816,3150
,,,,3882,15694,8816,3150
,,,,3883,15694,8816,3150
,,,,3884,15694,8816,3150
,,,,3885,15694,8816,3150
,,,,3886,15694,8816,3150
,,,,3887,15694,8816,3150
,,,,3888,15694,8816,3150
,,,,3889,15694,8816,3150
,,,,3890,15694,8816,3150
,,,,3891,15694,8816,3150
,,,,3892,15694,8816,3150
,,,,3893,15694,8816,3150
,,,,3894,15694,8816,3150
,,,,3895,15694,8816,3150
,,,,3896,15694,8816,3150
,,,,3897,15694,8816,3150
,,,,3898,15694,8816,3150
,,,,3899,15694,8816,3150
,,,,3900,15694,8816,3150
,,,,3901,15694,8816,3150
,,,,3902,15694,8816,3150
,,,,3903,15694,8816,3150
,,,,3904,15694,8816,3150
,,,,3905,15694,8816,3150
,,,,3906,15694,8816,3150
,,,,3907,15694,8816,3150
,,,,3908,15694,8816,3150
,,,,3909,15694,8816,3150
,,,,3910,15694,8816,3150
,,,,3911,15694,8816,3150
,,,,3912,15694,8816,3150
,,,,3913,15694,8816,3150
,,,,3914,15694,8816,3150
,,,,3915,15694,8816,3150
,,,,3916,15694,8816,3150
,,,,3917,15694,8816,3150
,,,,3918,15694,8816,3150
,,,,3919,15694,8816,3150
,,,,3920,15694,8816,3150
,,,,3921,15694,8816,3150
,,,,3922,15694,8816,3150
,,,,3923,15694,8816,3150
,,,,3924,15694,8816,3150
,,,,3925,15694,8816,3150
,,,,3926,15694,8816,3150
,,,,3927,15694,8816,3150
,,,,3928,15694,8816,3150
,,,,3929,15694,8816,3150
,,,,3930,15694,8816,3150
,,,,3931,15694,8816,3150
,,,,3932,15694,8816,3150
,,,,3933,15694,8816,3150
,,,,3934,15694,8816,3150
,,,,3935,15694,8816,3150
,,,,3936,15694,8816,3150
,,,,3937,15694,8816,3150
,,,,3938,15694,8816,3150
,,,,3939,15694,8816,3150
,,,,3940,15694,8816,3150
,,,,3941,15694,8816,3150
,,,,3942,15694,8816,3150
,,,,3943,15694,8816,3150
,,,,3944,15694,8816,3150
,,,,3945,15694,8816,3150
,,,,3946,15694,8816,3150
,,,,3947,15694,8816,3150
,,,,3948,15694,8816,3150
,,,,3949,15694,8816,3150
,,,,3950,15694,8816,3150
,,,,3951,15694,8816,3150
,,,,3952,15694,8816,3150
,,,,3953,15694,8816,3150
,,,,3954,15694,8816,3150
,,,,3955,15694,8816,3150
,,,,3956,15694,8816,3150
,,,,3957,15694,8816,3150
,,,,3958,15694,8816,3150
,,,,3959,15694,8816,3150
,,,,3960,15694,8816,3150
,,,,3961,15694,8816,3150
,,,,3962,15694,8816,3150
,,,,3963,15694,8816,3150
,,,,3964,15694,8816,3150
,,,,3965,15694,8816,3150
,,,,3966,15694,8816,3150
,,,,3967,15694,8816,3150
,,,,3968,15694,8816,3150
,,,,3969,15694,8816,3150
,,,,3970,15694,8816,3150
,,,,3971,15694,8816,3150
,,,,3972,15694,8816,3150
,,,,3973,15694,8816,3150
,,,,3974,15694,8816,3150
,,,,3975,15694,8816,3150
,,,,3976,15694,8816,3150
,,,,3977,15694,8816,3150
,,,,3978,15694,8816,3150
,,,,3979,15694,8816,3150
,,,,3980,15694,8816,3150
,,,,3981,15694,8816,3150
,,,,3982,15694,8816,3150
,,,,3983,15694,8816,3150
,,,,3984,15694,8816,3150
,,,,3985,15694,8816,3150
,,,,3986,15694,8816,3150
,,,,3987,15694,8816,3150
,,,,3988,15694,8816,3150
,,,,3989,15694,8816,3150
,,,,3990,15694,8816,3150
,,,,3991,15694,8816,3150
,,,,3992,15694,8816,3150
,,,,3993,15694,8816,3150
,,,,3994,15694,8816,3150
,,,,3995,15694,8816,3150
,,,,3996,15694,8816,3150
,,,,3997,15694,8816,3150
,,,,3998,15694,8816,3150
,,,,3999,15694,8816,3150
,,,,4000,15694,8816,3150
,,,,4001,15694,8816,3150
,,,,4002,15694,8816,3150
,,,,4003,15694,8816,3150
,,,,4004,15694,8816,3150
,,,,4005,15694,8816,3150
,,,,4006,15694,8816,3150
,,,,4007,15694,8816,3150
,,,,4008,15694,8816,3150
,,,,4009,15694,8816,3150
,,,,4010,15694,8816,3150
,,,,4011,15694,8816,3150
,,,,4012,15694,8816,3150
,,,,4013,15694,8816,3150
,,,,4014,15694,8816,3150
,,,,4015,15694,8816,3150
,,,,4016,15694,8816,3150
,,,,4017,15694,8816,3150
,,,,4018,15694,8816,3150
,,,,4019,15694,8816,3150
,,,,4020,15694,8816,3150
,,,,4021,15694,8816,3150
,,,,4022,15694,8816,3150
,,,,4023,15694,8816,3150
,,,,4024,15694,8816,3150
,,,,4025,15694,8816,3150
,,,,4026,15694,8816,3150
,,,,4027,15694,8816,3150
,,,,4028,15694,8816,3150
,,,,4029,15694,8816,3150
,,,,4030,15694,8816,3150
,,,,4031,15694,8816,3150
,,,,4032,15694,8816,3150
,,,,4033,15694,8816,3150
,,,,4034,15694,8816,3150
,,,,4035,15694,8816,3150
,,,,4036,15694,8816,3150
,,,,4037,15694,8816,3150
,,,,4038,15694,8816,3150
,,,,4039,15694,8816,3150
,,,,4040,15694,8816,3150
,,,,4041,15694,8816,3150
,,,,4042,15694,8816,3150
,,,,4043,15694,8816,3150
,,,,4044,15694,8816,3150
,,,,4045,15694,8816,3150
,,,,4046,15694,8816,3150
,,,,4047,15694,8816,3150
,,,,4048,15694,8816,3150
,,,,4049,15694,8816,3150
,,,,4050,15694,8816,3150
,,,,4051,15694,8816,3150
,,,,4052,15694,8816,3150
,,,,4053,15694,8816,3150
,,,,4054,15694,8816,3150
,,,,4055,15694,8816,3150
,,,,4056,15694,8816,3150
,,,,4057,15694,8816,3150
,,,,4058,15694,8816,3150
,,,,4059,15694,8816,3150
,,,,4060,15694,8816,3150
,,,,4061,15694,8816,3150
,,,,4062,15694,8816,3150
,,,,4063,15694,8816,3150
,,,,4064,15694,8816,3150
,,,,4065,15694,8816,3150
,,,,4066,15694,8816,3150
,,,,4067,15694,8816,3150
,,,,4068,15694,8816,3150
,,,,4069,15694,8816,3150
,,,,4070,15694,8816,3150
,,,,4071,15694,8816,3150
,,,,4072,15694,8816,3150
,,,,4073,15694,8816,3150
,,,,4074,15694,8816,3150
,,,,4075,15694,8816,3150
,,,,4076,15694,8816,3150
,,,,4077,15694,8816,3150
,,,,4078,15694,8816,3150
,,,,4079,15694,8816,3150
,,,,4080,15694,8816,3150
,,,,4081,15694,8816,3150
,,,,4082,15694,8816,3150
,,,,4083,15694,8816,3150
,,,,4084,15694,8816,3150
,,,,4085,15694,8816,3150
,,,,4086,15694,8816,3150
,,,,4087,15694,8816,3150
,,,,4088,15694,8816,3150
,,,,4089,15694,8816,3150
,,,,4090,15694,8816,3150
,,,,4091,15694,8816,3150
,,,,4092,15694,8816,3150
,,,,4093,15694,8816,3150
,,,,4094,15694,8816,3150
,,,,4095,15694,8816,3150
,,,,4096,15694,8816,3150
,,,,4097,15694,8816,3150
,,,,4098,15694,8816,3150
,,,,4099,15694,8816,3150
,,,,4100,15694,8816,3150
,,,,4101,15694,8816,3150
,,,,4102,15694,8816,3150
,,,,4103,15694,8816,3150
,,,,4104,15694,8816,3150
,,,,4105,15694,8816,3150
,,,,4106,15694,8816,3150
,,,,4107,15694,8816,3150
,,,,4108,15694,8816,3150
,,,,4109,15694,8816,3150
,,,,4110,15694,8816,3150
,,,,4111,15694,8816,3150
,,,,4112,15694,8816,3150
,,,,4113,15694,8816,3150
,,,,4114,15694,8816,3150
,,,,4115,15694,8816,3150
,,,,4116,15694,8816,3150
,,,,4117,15694,8816,3150
,,,,4118,15694,8816,3150
,,,,4119,15694,8816,3150
,,,,4120,15694,8816,3150
,,,,4121,15694,8816,3150
,,,,4122,15694,8816,3150
,,,,4123,15694,8816,3150
,,,,4124,15694,8816,3150
,,,,4125,15694,8816,3150
,,,,4126,15694,8816,3150
,,,,4127,15694,8816,3150
,,,,4128,15694,8816,3150
,,,,4129,15694,8816,3150
,,,,4130,15694,8816,3150
,,,,4131,15694,8816,3150
,,,,4132,15694,8816,3150
,,,,4133,15694,8816,3150
,,,,4134,15694,8816,3150
,,,,4135,15694,8816,3150
,,,,4136,15694,8816,3150
,,,,4137,15694,8816,3150
,,,,4138,15694,8816,3150
,,,,4139,15694,8816,3150
,,,,4140,15694,8816,3150
,,,,4141,15694,8816,3150
,,,,4142,15694,8816,3150
,,,,4143,15694,8816,3150
,,,,4144,15694,8816,3150
,,,,4145,15694,8816,3150
,,,,4146,15694,8816,3150
,,,,4147,15694,8816,3150
,,,,4148,15694,8816,3150
,,,,4149,15694,8816,3150
,,,,4150,15694,8816,3150
,,,,4151,15694,8816,3150
,,,,4152,15694,8816,3150
,,,,4153,15694,8816,3150
,,,,4154,15694,8816,3150
,,,,4155,15694,8816,3150
,,,,4156,15694,8816,3150
,,,,4157,15694,8816,3150
,,,,4158,15694,8816,3150
,,,,4159,15694,8816,3150
,,,,4160,15694,8816,3150
,,,,4161,15694,8816,3150
,,,,4162,15694,8816,3150
,,,,4163,15694,8816,3150
,,,,4164,15694,8816,3150
,,,,4165,15694,8816,3150
,,,,4166,15694,8816,3150
,,,,4167,15694,8816,3150
,,,,4168,15694,8816,3150
,,,,4169,15694,8816,3150
,,,,4170,15694,8816,3150
,,,,4171,15694,8816,3150
,,,,4172,15694,8816,3150
,,,,4173,15694,8816,3150
,,,,4174,15694,8816,3150
,,,,4175,15694,8816,3150
,,,,4176,15694,8816,3150
,,,,4177,15694,8816,3150
,,,,4178,15694,8816,3150
,,,,4179,15694,8816,3150
,,,,4180,15694,8816,3150
,,,,4181,15694,8816,3150
,,,,4182,15694,8816,3150
,,,,4183,15694,8816,3150
,,,,4184,15694,8816,3150
,,,,4185,15694,8816,3150
,,,,4186,15694,8816,3150
,,,,4187,15694,8816,3150
,,,,4188,15694,8816,3150
,,,,4189,15694,8816,3150
,,,,4190,15694,8816,3150
,,,,4191,15694,8816,3150
,,,,4192,15694,8816,3150
,,,,4193,15694,8816,3150
,,,,4194,15694,8816,3150
,,,,4195,15694,8816,3150
,,,,4196,15694,8816,3150
,,,,4197,15694,8816,3150
,,,,4198,15694,8816,3150
,,,,4199,15694,8816,3150
,,,,4200,15694,8816,3150
,,,,4201,15694,8816,3150
,,,,4202,15694,8816,3150
,,,,4203,15694,8816,3150
,,,,4204,15694,8816,3150
,,,,4205,15694,8816,3150
,,,,4206,15694,8816,3150
,,,,4207,15694,8816,3150
,,,,4208,15694,8816,3150
,,,,4209,15694,8816,3150
,,,,4210,15694,8816,3150
,,,,4211,15694,8816,3150
,,,,4212,15694,8816,3150
,,,,4213,15694,8816,3150
,,,,4214,15694,8816,3150
,,,,4215,15694,8816,3150
,,,,4216,15694,8816,3150
,,,,4217,15694,8816,3150
,,,,4218,15694,8816,3150
,,,,4219,15694,8816,3150
,,,,4220,15694,8816,3150
,,,,4221,15694,8816,3150
,,,,4222,15694,8816,3150
,,,,4223,15694,8816,3150
,,,,4224,15694,8816,3150
,,,,4225,15694,8816,3150
,,,,4226,15694,8816,3150
,,,,4227,15694,8816,3150
,,,,4228,15694,8816,3150
,,,,4229,15694,8816,3150
,,,,4230,15694,8816,3150
,,,,4231,15694,8816,3150
,,,,4232,15694,8816,3150
,,,,4233,15694,8816,3150
,,,,4234,15694,8816,3150
,,,,4235,15694,8816,3150
,,,,4236,15694,8816,3150
,,,,4237,15694,8816,3150
,,,,4238,15694,8816,3150
,,,,4239,15694,8816,3150
,,,,4240,15694,8816,3150
,,,,4241,15694,8816,3150
,,,,4242,15694,8816,3150
,,,,4243,15694,8816,3150
,,,,4244,15694,8816,3150
,,,,4245,15694,8816,3150
,,,,4246,15694,8816,3150
,,,,4247,15694,8816,3150
,,,,4248,15694,8816,3150
,,,,4249,15694,8816,3150
,,,,4250,15694,8816,3150
,,,,4251,15694,8816,3150
,,,,4252,15694,8816,3150
,,,,4253,15694,8816,3150
,,,,4254,15694,8816,3150
,,,,4255,15694,8816,3150
,,,,4256,15694,8816,3150
,,,,4257,15694,8816,3150
,,,,4258,15694,8816,3150
,,,,4259,15694,8816,3150
,,,,4260,15694,8816,3150
,,,,4261,15694,8816,3150
,,,,4262,15694,8816,3150
,,,,4263,15694,8816,3150
,,,,4264,15694,8816,3150
,,,,4265,15694,8816,3150
,,,,4266,15694,8816,3150
,,,,4267,15694,8816,3150
,,,,4268,15694,8816,3150
,,,,4269,15694,8816,3150
,,,,4270,15694,8816,3150
,,,,4271,15694,8816,3150
,,,,4272,15694,8816,3150
,,,,4273,15694,8816,3150
,,,,4274,15694,8816,3150
,,,,4275,15694,8816,3150
,,,,4276,15694,8816,3150
,,,,4277,15694,8816,3150
,,,,4278,15694,8816,3150
,,,,4279,15694,8816,3150
,,,,4280,15694,8816,3150
,,,,4281,15694,8816,3150
,,,,4282,15694,8816,3150
,,,,4283,15694,8816,3150
,,,,4284,15694,8816,3150
,,,,4285,15694,8816,3150
,,,,4286,15694,8816,3150
,,,,4287,15694,8816,3150
,,,,4288,15694,8816,3150
,,,,4289,15694,8816,3150
,,,,4290,15694,8816,3150
,,,,4291,15694,8816,3150
,,,,4292,15694,8816,3150
,,,,4293,15694,8816,3150
,,,,4294,15694,8816,3150
,,,,4295,15694,8816,3150
,,,,4296,15694,8816,3150
,,,,4297,15694,8816,3150
,,,,4298,15694,8816,3150
,,,,4299,15694,8816,3150
,,,,4300,15694,8816,3150
,,,,4301,15694,8816,3150
,,,,4302,15694,8816,3150
,,,,4303,15694,8816,3150
,,,,4304,15694,8816,3150
,,,,4305,15694,8816,3150
,,,,4306,15694,8816,3150
,,,,4307,15694,8816,3150
,,,,4308,15694,8816,3150
,,,,4309,15694,8816,3150
,,,,4310,15694,8816,3150
,,,,4311,15694,8816,3150
,,,,4312,15694,8816,3150
,,,,4313,15694,8816,3150
,,,,4314,15694,8816,3150
,,,,4315,15694,8816,3150
,,,,4316,15694,8816,3150
,,,,4317,15694,8816,3150
,,,,4318,15694,8816,3150
,,,,4319,15694,8816,3150
,,,,4320,15694,8816,3150
,,,,4321,15694,8816,3150
,,,,4322,15694,8816,3150
,,,,4323,15694,8816,3150
,,,,4324,15694,8816,3150
,,,,4325,15694,8816,3150
,,,,4326,15694,8816,3150
,,,,4327,15694,8816,3150
,,,,4328,15694,8816,3150
,,,,4329,15694,8816,3150
,,,,4330,15694,8816,3150
,,,,4331,15694,8816,3150
,,,,4332,15694,8816,3150
,,,,4333,15694,8816,3150
,,,,4334,15694,8816,3150
,,,,4335,15694,8816,3150
,,,,4336,15694,8816,3150
,,,,4337,15694,8816,3150
,,,,4338,15694,8816,3150
,,,,4339,15694,8816,3150
,,,,4340,15694,8816,3150
,,,,4341,15694,8816,3150
,,,,4342,15694,8816,3150
,,,,4343,15694,8816,3150
,,,,4344,15694,8816,3150
,,,,4345,15694,8816,3150
,,,,4346,15694,8816,3150
,,,,4347,15694,8816,3150
,,,,4348,15694,8816,3150
,,,,4349,15694,8816,3150
,,,,4350,15694,8816,3150
,,,,4351,15694,8816,3150
,,,,4352,15694,8816,3150
,,,,4353,15694,8816,3150
,,,,4354,15694,8816,3150
,,,,4355,15694,8816,3150
,,,,4356,15694,8816,3150
,,,,4357,15694,8816,3150
,,,,4358,15694,8816,3150
,,,,4359,15694,8816,3150
,,,,4360,15694,8816,3150
,,,,4361,15694,8816,3150
,,,,4362,15694,8816,3150
,,,,4363,15694,8816,3150
,,,,4364,15694,8816,3150
,,,,4365,15694,8816,3150
,,,,4366,15694,8816,3150
,,,,4367,15694,8816,3150
,,,,4368,15694,8816,3150
,,,,4369,15694,8816,3150
,,,,4370,15694,8816,3150
,,,,4371,15694,8816,3150
,,,,4372,15694,8816,3150
,,,,4373,15694,8816,3150
,,,,4374,15694,8816,3150
,,,,4375,15694,8816,3150
,,,,4376,15694,8816,3150
,,,,4377,15694,8816,3150
,,,,4378,15694,8816,3150
,,,,4379,15694,8816,3150
,,,,4380,15694,8816,3150
,,,,4381,15694,8816,3150
,,,,4382,15694,8816,3150
,,,,4383,15694,8816,3150
,,,,4384,15694,8816,3150
,,,,4385,15694,8816,3150
,,,,4386,15694,8816,3150
,,,,4387,15694,8816,3150
,,,,4388,15694,8816,3150
,,,,4389,15694,8816,3150
,,,,4390,15694,8816,3150
,,,,4391,15694,8816,3150
,,,,4392,15694,8816,3150
,,,,4393,15694,8816,3150
,,,,4394,15694,8816,3150
,,,,4395,15694,8816,3150
,,,,4396,15694,8816,3150
,,,,4397,15694,8816,3150
,,,,4398,15694,8816,3150
,,,,4399,15694,8816,3150
,,,,4400,15694,8816,3150
,,,,4401,15694,8816,3150
,,,,4402,15694,8816,3150
,,,,4403,15694,8816,3150
,,,,4404,15694,8816,3150
,,,,4405,15694,8816,3150
,,,,4406,15694,8816,3150
,,,,4407,15694,8816,3150
,,,,4408,15694,8816,3150
,,,,4409,15694,8816,3150
,,,,4410,15694,8816,3150
,,,,4411,15694,8816,3150
,,,,4412,15694,8816,3150
,,,,4413,15694,8816,3150
,,,,4414,15694,8816,3150
,,,,4415,15694,8816,3150
,,,,4416,15694,8816,3150
,,,,4417,15694,8816,3150
,,,,4418,15694,8816,3150
,,,,4419,15694,8816,3150
,,,,4420,15694,8816,3150
,,,,4421,15694,8816,3150
,,,,4422,15694,8816,3150
,,,,4423,15694,8816,3150
,,,,4424,15694,8816,3150
,,,,4425,15694,8816,3150
,,,,4426,15694,8816,3150
,,,,4427,15694,8816,3150
,,,,4428,15694,8816,3150
,,,,4429,15694,8816,3150
,,,,4430,15694,8816,3150
,,,,4431,15694,8816,3150
,,,,4432,15694,8816,3150
,,,,4433,15694,8816,3150
,,,,4434,15694,8816,3150
,,,,4435,15694,8816,3150
,,,,4436,15694,8816,3150
,,,,4437,15694,8816,3150
,,,,4438,15694,8816,3150
,,,,4439,15694,8816,3150
,,,,4440,15694,8816,3150
,,,,4441,15694,8816,3150
,,,,4442,15694,8816,3150
,,,,4443,15694,8816,3150
,,,,4444,15694,8816,3150
,,,,4445,15694,8816,3150
,,,,4446,15694,8816,3150
,,,,4447,15694,8816,3150
,,,,4448,15694,8816,3150
,,,,4449,15694,8816,3150
,,,,4450,15694,8816,3150
,,,,4451,15694,8816,3150
,,,,4452,15694,8816,3150
,,,,4453,15694,8816,3150
,,,,4454,15694,8816,3150
,,,,4455,15694,8816,3150
,,,,4456,15694,8816,3150
,,,,4457,15694,8816,3150
,,,,4458,15694,8816,3150
,,,,4459,15694,8816,3150
,,,,4460,15694,8816,3150
,,,,4461,15694,8816,3150
,,,,4462,15694,8816,3150
,,,,4463,15694,8816,3150
,,,,4464,15694,8816,3150
,,,,4465,15694,8816,3150
,,,,4466,15694,8816,3150
,,,,4467,15694,8816,3150
,,,,4468,15694,8816,3150
,,,,4469,15694,8816,3150
,,,,4470,15694,8816,3150
,,,,4471,15694,8816,3150
,,,,4472,15694,8816,3150
,,,,4473,15694,8816,3150
,,,,4474,15694,8816,3150
,,,,4475,15694,8816,3150
,,,,4476,15694,8816,3150
,,,,4477,15694,8816,3150
,,,,4478,15694,8816,3150
,,,,4479,15694,8816,3150
,,,,4480,15694,8816,3150
,,,,4481,15694,8816,3150
,,,,4482,15694,8816,3150
,,,,4483,15694,8816,3150
,,,,4484,15694,8816,3150
,,,,4485,15694,8816,3150
,,,,4486,15694,8816,3150
,,,,4487,15694,8816,3150
,,,,4488,15694,8816,3150
,,,,4489,15694,8816,3150
,,,,4490,15694,8816,3150
,,,,4491,15694,8816,3150
,,,,4492,15694,8816,3150
,,,,4493,15694,8816,3150
,,,,4494,15694,8816,3150
,,,,4495,15694,8816,3150
,,,,4496,15694,8816,3150
,,,,4497,15694,8816,3150
,,,,4498,15694,8816,3150
,,,,4499,15694,8816,3150
,,,,4500,15694,8816,3150
,,,,4501,15694,8816,3150
,,,,4502,15694,8816,3150
,,,,4503,15694,8816,3150
,,,,4504,15694,8816,3150
,,,,4505,15694,8816,3150
,,,,4506,15694,8816,3150
,,,,4507,15694,8816,3150
,,,,4508,15694,8816,3150
,,,,4509,15694,8816,3150
,,,,4510,15694,8816,3150
,,,,4511,15694,8816,3150
,,,,4512,15694,8816,3150
,,,,4513,15694,8816,3150
,,,,4514,15694,8816,3150
,,,,4515,15694,8816,3150
,,,,4516,15694,8816,3150
,,,,4517,15694,8816,3150
,,,,4518,15694,8816,3150
,,,,4519,15694,8816,3150
,,,,4520,15694,8816,3150
,,,,4521,15694,8816,3150
,,,,4522,15694,8816,3150
,,,,4523,15694,8816,3150
,,,,4524,15694,8816,3150
,,,,4525,15694,8816,3150
,,,,4526,15694,8816,3150
,,,,4527,15694,8816,3150
,,,,4528,15694,8816,3150
,,,,4529,15694,8816,3150
,,,,4530,15694,8816,3150
,,,,4531,15694,8816,3150
,,,,4532,15694,8816,3150
,,,,4533,15694,8816,3150
,,,,4534,15694,8816,3150
,,,,4535,15694,8816,3150
,,,,4536,15694,8816,3150
,,,,4537,15694,8816,3150
,,,,4538,15694,8816,3150
,,,,4539,15694,8816,3150
,,,,4540,15694,8816,3150
,,,,4541,15694,8816,3150
,,,,4542,15694,8816,3150
,,,,4543,15694,8816,3150
,,,,4544,15694,8816,3150
,,,,4545,15694,8816,3150
,,,,4546,15694,8816,3150
,,,,4547,15694,8816,3150
,,,,4548,15694,8816,3150
,,,,4549,15694,8816,3150
,,,,4550,15694,8816,3150
,,,,4551,15694,8816,3150
,,,,4552,15694,8816,3150
,,,,4553,15694,8816,3150
,,,,4554,15694,8816,3150
,,,,4555,15694,8816,3150
,,,,4556,15694,8816,3150
,,,,4557,15694,8816,3150
,,,,4558,15694,8816,3150
,,,,4559,15694,8816,3150
,,,,4560,15694,8816,3150
,,,,4561,15694,8816,3150
,,,,4562,15694,8816,3150
,,,,4563,15694,8816,3150
,,,,4564,15694,8816,3150
,,,,4565,15694,8816,3150
,,,,4566,15694,8816,3150
,,,,4567,15694,8816,3150
,,,,4568,15694,8816,3150
,,,,4569,15694,8816,3150
,,,,4570,15694,8816,3150
,,,,4571,15694,8816,3150
,,,,4572,15694,8816,3150
,,,,4573,15694,8816,3150
,,,,4574,15694,8816,3150
,,,,4575,15694,8816,3150
,,,,4576,15694,8816,3150
,,,,4577,15694,8816,3150
,,,,4578,15694,8816,3150
,,,,4579,15694,8816,3150
,,,,4580,15694,8816,3150
,,,,4581,15694,8816,3150
,,,,4582,15694,8816,3150
,,,,4583,15694,8816,3150
,,,,4584,15694,8816,3150
,,,,4585,15694,8816,3150
,,,,4586,15694,8816,3150
,,,,4587,15694,8816,3150
,,,,4588,15694,8816,3150
,,,,4589,15694,8816,3150
,,,,4590,15694,8816,3150
,,,,4591,15694,8816,3150
,,,,4592,15694,8816,3150
,,,,4593,15694,8816,3150
,,,,4594,15694,8816,3150
,,,,4595,15694,8816,3150
,,,,4596,15694,8816,3150
,,,,4597,15694,8816,3150
,,,,4598,15694,8816,3150
,,,,4599,15694,8816,3150
,,,,4600,15694,8816,3150
,,,,4601,15694,8816,3150
,,,,4602,15694,8816,3150
,,,,4603,15694,8816,3150
,,,,4604,15694,8816,3150
,,,,4605,15694,8816,3150
,,,,4606,15694,8816,3150
,,,,4607,15694,8816,3150
,,,,4608,15694,8816,3150
,,,,4609,15694,8816,3150
,,,,4610,15694,8816,3150
,,,,4611,15694,8816,3150
,,,,4612,15694,8816,3150
,,,,4613,15694,8816,3150
,,,,4614,15694,8816,3150
,,,,4615,15694,8816,3150
,,,,4616,15694,8816,3150
,,,,4617,15694,8816,3150
,,,,4618,15694,8816,3150
,,,,4619,15694,8816,3150
,,,,4620,15694,8816,3150
,,,,4621,15694,8816,3150
,,,,4622,15694,8816,3150
,,,,4623,15694,8816,3150
,,,,4624,15694,8816,3150
,,,,4625,15694,8816,3150
,,,,4626,15694,8816,3150
,,,,4627,15694,8816,3150
,,,,4628,15694,8816,3150
,,,,4629,15694,8816,3150
,,,,4630,15694,8816,3150
,,,,4631,15694,8816,3150
,,,,4632,15694,8816,3150
,,,,4633,15694,8816,3150
,,,,4634,15694,8816,3150
,,,,4635,15694,8816,3150
,,,,4636,15694,8816,3150
,,,,4637,15694,8816,3150
,,,,4638,15694,8816,3150
,,,,4639,15694,8816,3150
,,,,4640,15694,8816,3150
,,,,4641,15694,8816,3150
,,,,4642,15694,8816,3150
,,,,4643,15694,8816,3150
,,,,4644,15694,8816,3150
,,,,4645,15694,8816,3150
,,,,4646,15694,8816,3150
,,,,4647,15694,8816,3150
,,,,4648,15694,8816,3150
,,,,4649,15694,8816,3150
,,,,4650,15694,8816,3150
,,,,4651,15694,8816,3150
,,,,4652,15694,8816,3150
,,,,4653,15694,8816,3150
,,,,4654,15694,8816,3150
,,,,4655,15694,8816,3150
,,,,4656,15694,8816,3150
,,,,4657,15694,8816,3150
,,,,4658,15694,8816,3150
,,,,4659,15694,8816,3150
,,,,4660,15694,8816,3150
,,,,4661,15694,8816,3150
,,,,4662,15694,8816,3150
,,,,4663,15694,8816,3150
,,,,4664,15694,8816,3150
,,,,4665,15694,8816,3150
,,,,4666,15694,8816,3150
,,,,4667,15694,8816,3150
,,,,4668,15694,8816,3150
,,,,4669,15694,8816,3150
,,,,4670,15694,8816,3150
,,,,4671,15694,8816,3150
,,,,4672,15694,8816,3150
,,,,4673,15694,8816,3150
,,,,4674,15694,8816,3150
,,,,4675,15694,8816,3150
,,,,4676,15694,8816,3150
,,,,4677,15694,8816,3150
,,,,4678,15694,8816,3150
,,,,4679,15694,8816,3150
,,,,4680,15694,8816,3150
,,,,4681,15694,8816,3150
,,,,4682,15694,8816,3150
,,,,4683,15694,8816,3150
,,,,4684,15694,8816,3150
,,,,4685,15694,8816,3150
,,,,4686,15694,8816,3150
,,,,4687,15694,8816,3150
,,,,4688,15694,8816,3150
,,,,4689,15694,8816,3150
,,,,4690,15694,8816,3150
,,,,4691,15694,8816,3150
,,,,4692,15694,8816,3150
,,,,4693,15694,8816,3150
,,,,4694,15694,8816,3150
,,,,4695,15694,8816,3150
,,,,4696,15694,8816,3150
,,,,4697,15694,8816,3150
,,,,4698,15694,8816,3150
,,,,4699,15694,8816,3150
,,,,4700,15694,8816,3150
,,,,4701,15694,8816,3150
,,,,4702,15694,8816,3150
,,,,4703,15694,8816,3150
,,,,4704,15694,8816,3150
,,,,4705,15694,8816,3150
,,,,4706,15694,8816,3150
,,,,4707,15694,8816,3150
,,,,4708,15694,8816,3150
,,,,4709,15694,8816,3150
,,,,4710,15694,8816,3150
,,,,4711,15694,8816,3150
,,,,4712,15694,8816,3150
,,,,4713,15694,8816,3150
,,,,4714,15694,8816,3150
,,,,4715,15694,8816,3150
,,,,4716,15694,8816,3150
,,,,4717,15694,8816,3150
,,,,4718,15694,8816,3150
,,,,4719,15694,8816,3150
,,,,4720,15694,8816,3150
,,,,4721,15694,8816,3150
,,,,4722,15694,8816,3150
,,,,4723,15694,8816,3150
,,,,4724,15694,8816,3150
,,,,4725,15694,8816,3150
,,,,4726,15694,8816,3150
,,,,4727,15694,8816,3150
,,,,4728,15694,8816,3150
,,,,4729,15694,8816,3150
,,,,4730,15694,8816,3150
,,,,4731,15694,8816,3150
,,,,4732,15694,8816,3150
,,,,4733,15694,8816,3150
,,,,4734,15694,8816,3150
,,,,4735,15694,8816,3150
,,,,4736,15694,8816,3150
,,,,4737,15694,8816,3150
,,,,4738,15694,8816,3150
,,,,4739,15694,8816,3150
,,,,4740,15694,8816,3150
,,,,4741,15694,8816,3150
,,,,4742,15694,8816,3150
,,,,4743,15694,8816,3150
,,,,4744,15694,8816,3150
,,,,4745,15694,8816,3150
,,,,4746,15694,8816,3150
,,,,4747,15694,8816,3150
,,,,4748,15694,8816,3150
,,,,4749,15694,8816,3150
,,,,4750,15694,8816,3150
,,,,4751,15694,8816,3150
,,,,4752,15694,8816,3150
,,,,4753,15694,8816,3150
,,,,4754,15694,8816,3150
,,,,4755,15694,8816,3150
,,,,4756,15694,8816,3150
,,,,4757,15694,8816,3150
,,,,4758,15694,8816,3150
,,,,4759,15694,8816,3150
,,,,4760,15694,8816,3150
,,,,4761,15694,8816,3150
,,,,4762,15694,8816,3150
,,,,4763,15694,8816,3150
,,,,4764,15694,8816,3150
,,,,4765,15694,8816,3150
,,,,4766,15694,8816,3150
,,,,4767,15694,8816,3150
,,,,4768,15694,8816,3150
,,,,4769,15694,8816,3150
,,,,4770,15694,8816,3150
,,,,4771,15694,8816,3150
,,,,4772,15694,8816,3150
,,,,4773,15694,8816,3150
,,,,4774,15694,8816,3150
,,,,4775,15694,8816,3150
,,,,4776,15694,8816,3150
,,,,4777,15694,8816,3150
,,,,4778,15694,8816,3150
,,,,4779,15694,8816,3150
,,,,4780,15694,8816,3150
,,,,4781,15694,8816,3150
,,,,4782,15694,8816,3150
,,,,4783,15694,8816,3150
,,,,4784,15694,8816,3150
,,,,4785,15694,8816,3150
,,,,4786,15694,8816,3150
,,,,4787,15694,8816,3150
,,,,4788,15694,8816,3150
,,,,4789,15694,8816,3150
,,,,4790,15694,8816,3150
,,,,4791,15694,8816,3150
,,,,4792,15694,8816,3150
,,,,4793,15694,8816,3150
,,,,4794,15694,8816,3150
,,,,4795,15694,8816,3150
,,,,4796,15694,8816,3150
,,,,4797,15694,8816,3150
,,,,4798,15694,8816,3150
,,,,4799,15694,8816,3150
,,,,4800,15694,8816,3150
,,,,4801,15694,8816,3150
,,,,4802,15694,8816,3150
,,,,4803,15694,8816,3150
,,,,4804,15694,8816,3150
,,,,4805,15694,8816,3150
,,,,4806,15694,8816,3150
,,,,4807,15694,8816,3150
,,,,4808,15694,8816,3150
,,,,4809,15694,8816,3150
,,,,4810,15694,8816,3150
,,,,4811,15694,8816,3150
,,,,4812,15694,8816,3150
,,,,4813,15694,8816,3150
,,,,4814,15694,8816,3150
,,,,4815,15694,8816,3150
,,,,4816,15694,8816,3150
,,,,4817,15694,8816,3150
,,,,4818,15694,8816,3150
,,,,4819,15694,8816,3150
,,,,4820,15694,8816,3150
,,,,4821,15694,8816,3150
,,,,4822,15694,8816,3150
,,,,4823,15694,8816,3150
,,,,4824,15694,8816,3150
,,,,4825,15694,8816,3150
,,,,4826,15694,8816,3150
,,,,4827,15694,8816,3150
,,,,4828,15694,8816,3150
,,,,4829,15694,8816,3150
,,,,4830,15694,8816,3150
,,,,4831,15694,8816,3150
,,,,4832,15694,8816,3150
,,,,4833,15694,8816,3150
,,,,4834,15694,8816,3150
,,,,4835,15694,8816,3150
,,,,4836,15694,8816,3150
,,,,4837,15694,8816,3150
,,,,4838,15694,8816,3150
,,,,4839,15694,8816,3150
,,,,4840,15694,8816,3150
,,,,4841,15694,8816,3150
,,,,4842,15694,8816,3150
,,,,4843,15694,8816,3150
,,,,4844,15694,8816,3150
,,,,4845,15694,8816,3150
,,,,4846,15694,8816,3150
,,,,4847,15694,8816,3150
,,,,4848,15694,8816,3150
,,,,4849,15694,8816,3150
,,,,4850,15694,8816,3150
,,,,4851,15694,8816,3150
,,,,4852,15694,8816,3150
,,,,4853,15694,8816,3150
,,,,4854,15694,8816,3150
,,,,4855,15694,8816,3150
,,,,4856,15694,8816,3150
,,,,4857,15694,8816,3150
,,,,4858,15694,8816,3150
,,,,4859,15694,8816,3150
,,,,4860,15694,8816,3150
,,,,4861,15694,8816,3150
,,,,4862,15694,8816,3150
,,,,4863,15694,8816,3150
,,,,4864,15694,8816,3150
,,,,4865,15694,8816,3150
,,,,4866,15694,8816,3150
,,,,4867,15694,8816,3150
,,,,4868,15694,8816,3150
,,,,4869,15694,8816,3150
,,,,4870,15694,8816,3150
,,,,4871,15694,8816,3150
,,,,4872,15694,8816,3150
,,,,4873,15694,8816,3150
,,,,4874,15694,8816,3150
,,,,4875,15694,8816,3150
,,,,4876,15694,8816,3150
,,,,4877,15694,8816,3150
,,,,4878,15694,8816,3150
,,,,4879,15694,8816,3150
,,,,4880,15694,8816,3150
,,,,4881,15694,8816,3150
,,,,4882,15694,8816,3150
,,,,4883,15694,8816,3150
,,,,4884,15694,8816,3150
,,,,4885,15694,8816,3150
,,,,4886,15694,8816,3150
,,,,4887,15694,8816,3150
,,,,4888,15694,8816,3150
,,,,4889,15694,8816,3150
,,,,4890,15694,8816,3150
,,,,4891,15694,8816,3150
,,,,4892,15694,8816,3150
,,,,4893,15694,8816,3150
,,,,4894,15694,8816,3150
,,,,4895,15694,8816,3150
,,,,4896,15694,8816,3150
,,,,4897,15694,8816,3150
,,,,4898,15694,8816,3150
,,,,4899,15694,8816,3150
,,,,4900,15694,8816,3150
,,,,4901,15694,8816,3150
,,,,4902,15694,8816,3150
,,,,4903,15694,8816,3150
,,,,4904,15694,8816,3150
,,,,4905,15694,8816,3150
,,,,4906,15694,8816,3150
,,,,4907,15694,8816,3150
,,,,4908,15694,8816,3150
,,,,4909,15694,8816,3150
,,,,4910,15694,8816,3150
,,,,4911,15694,8816,3150
,,,,4912,15694,8816,3150
,,,,4913,15694,8816,3150
,,,,4914,15694,8816,3150
,,,,4915,15694,8816,3150
,,,,4916,15694,8816,3150
,,,,4917,15694,8816,3150
,,,,4918,15694,8816,3150
,,,,4919,15694,8816,3150
,,,,4920,15694,8816,3150
,,,,4921,15694,8816,3150
,,,,4922,15694,8816,3150
,,,,4923,15694,8816,3150
,,,,4924,15694,8816,3150
,,,,4925,15694,8816,3150
,,,,4926,15694,8816,3150
,,,,4927,15694,8816,3150
,,,,4928,15694,8816,3150
,,,,4929,15694,8816,3150
,,,,4930,15694,8816,3150
,,,,4931,15694,8816,3150
,,,,4932,15694,8816,3150
,,,,4933,15694,8816,3150
,,,,4934,15694,8816,3150
,,,,4935,15694,8816,3150
,,,,4936,15694,8816,3150
,,,,4937,15694,8816,3150
,,,,4938,15694,8816,3150
,,,,4939,15694,8816,3150
,,,,4940,15694,8816,3150
,,,,4941,15694,8816,3150
,,,,4942,15694,8816,3150
,,,,4943,15694,8816,3150
,,,,4944,15694,8816,3150
,,,,4945,15694,8816,3150
,,,,4946,15694,8816,3150
,,,,4947,15694,8816,3150
,,,,4948,15694,8816,3150
,,,,4949,15694,8816,3150
,,,,4950,15694,8816,3150
,,,,4951,15694,8816,3150
,,,,4952,15694,8816,3150
,,,,4953,15694,8816,3150
,,,,4954,15694,8816,3150
,,,,4955,15694,8816,3150
,,,,4956,15694,8816,3150
,,,,4957,15694,8816,3150
,,,,4958,15694,8816,3150
,,,,4959,15694,8816,3150
,,,,4960,15694,8816,3150
,,,,4961,15694,8816,3150
,,,,4962,15694,8816,3150
,,,,4963,15694,8816,3150
,,,,4964,15694,8816,3150
,,,,4965,15694,8816,3150
,,,,4966,15694,8816,3150
,,,,4967,15694,8816,3150
,,,,4968,15694,8816,3150
,,,,4969,15694,8816,3150
,,,,4970,15694,8816,3150
,,,,4971,15694,8816,3150
,,,,4972,15694,8816,3150
,,,,4973,15694,8816,3150
,,,,4974,15694,8816,3150
,,,,4975,15694,8816,3150
,,,,4976,15694,8816,3150
,,,,4977,15694,8816,3150
,,,,4978,15694,8816,3150
,,,,4979,15694,8816,3150
,,,,4980,15694,8816,3150
,,,,4981,15694,8816,3150
,,,,4982,15694,8816,3150
,,,,4983,15694,8816,3150
,,,,4984,15694,8816,3150
,,,,4985,15694,8816,3150
,,,,4986,15694,8816,3150
,,,,4987,15694,8816,3150
,,,,4988,15694,8816,3150
,,,,4989,15694,8816,3150
,,,,4990,15694,8816,3150
,,,,4991,15694,8816,3150
,,,,4992,15694,8816,3150
,,,,4993,15694,8816,3150
,,,,4994,15694,8816,3150
,,,,4995,15694,8816,3150
,,,,4996,15694,8816,3150
,,,,4997,15694,8816,3150
,,,,4998,15694,8816,3150
,,,,4999,15694,8816,3150
,,,,5000,15694,8816,3150
,,,,5001,15694,8816,3150
,,,,5002,15694,8816,3150
,,,,5003,15694,8816,3150
,,,,5004,15694,8816,3150
,,,,5005,15694,8816,3150
,,,,5006,15694,8816,3150
,,,,5007,15694,8816,3150
,,,,5008,15694,8816,3150
,,,,5009,15694,8816,3150
,,,,5010,15694,8816,3150
,,,,5011,15694,8816,3150
,,,,5012,15694,8816,3150
,,,,5013,15694,8816,3150
,,,,5014,15694,8816,3150
,,,,5015,15694,8816,3150
,,,,5016,15694,8816,3150
,,,,5017,15694,8816,3150
,,,,5018,15694,8816,3150
,,,,5019,15694,8816,3150
,,,,5020,15694,8816,3150
,,,,5021,15694,8816,3150
,,,,5022,15694,8816,3150
,,,,5023,15694,8816,3150
,,,,5024,15694,8816,3150
,,,,5025,15694,8816,3150
,,,,5026,15694,8816,3150
,,,,5027,15694,8816,3150
,,,,5028,15694,8816,3150
,,,,5029,15694,8816,3150
,,,,5030,15694,8816,3150
,,,,5031,15694,8816,3150
,,,,5032,15694,8816,3150
,,,,5033,15694,8816,3150
,,,,5034,15694,8816,3150
,,,,5035,15694,8816,3150
,,,,5036,15694,8816,3150
,,,,5037,15694,8816,3150
,,,,5038,15694,8816,3150
,,,,5039,15694,8816,3150
,,,,5040,15694,8816,3150
,,,,5041,15694,8816,3150
,,,,5042,15694,8816,3150
,,,,5043,15694,8816,3150
,,,,5044,15694,8816,3150
,,,,5045,15694,8816,3150
,,,,5046,15694,8816,3150
,,,,5047,15694,8816,3150
,,,,5048,15694,8816,3150
,,,,5049,15694,8816,3150
,,,,5050,15694,8816,3150
,,,,5051,15694,8816,3150
,,,,5052,15694,8816,3150
,,,,5053,15694,8816,3150
,,,,5054,15694,8816,3150
,,,,5055,15694,8816,3150
,,,,5056,15694,8816,3150
,,,,5057,15694,8816,3150
,,,,5058,15694,8816,3150
,,,,5059,15694,8816,3150
,,,,5060,15694,8816,3150
,,,,5061,15694,8816,3150
,,,,5062,15694,8816,3150
,,,,5063,15694,8816,3150
,,,,5064,15694,8816,3150
,,,,5065,15694,8816,3150
,,,,5066,15694,8816,3150
,,,,5067,15694,8816,3150
,,,,5068,15694,8816,3150
,,,,5069,15694,8816,3150
,,,,5070,15694,8816,3150
,,,,5071,15694,8816,3150
,,,,5072,15694,8816,3150
,,,,5073,15694,8816,3150
,,,,5074,15694,8816,3150
,,,,5075,15694,8816,3150
,,,,5076,15694,8816,3150
,,,,5077,15694,8816,3150
,,,,5078,15694,8816,3150
,,,,5079,15694,8816,3150
,,,,5080,15694,8816,3150
,,,,5081,15694,8816,3150
,,,,5082,15694,8816,3150
,,,,5083,15694,8816,3150
,,,,5084,15694,8816,3150
,,,,5085,15694,8816,3150
,,,,5086,15694,8816,3150
,,,,5087,15694,8816,3150
,,,,5088,15694,8816,3150
,,,,5089,15694,8816,3150
,,,,5090,15694,8816,3150
,,,,5091,15694,8816,3150
,,,,5092,15694,8816,3150
,,,,5093,15694,8816,3150
,,,,5094,15694,8816,3150
,,,,5095,15694,8816,3150
,,,,5096,15694,8816,3150
,,,,5097,15694,8816,3150
,,,,5098,15694,8816,3150
,,,,5099,15694,8816,3150
,,,,5100,15694,8816,3150
,,,,5101,15694,8816,3150
,,,,5102,15694,8816,3150
,,,,5103,15694,8816,3150
,,,,5104,15694,8816,3150
,,,,5105,15694,8816,3150
,,,,5106,15694,8816,3150
,,,,5107,15694,8816,3150
,,,,5108,15694,8816,3150
,,,,5109,15694,8816,3150
,,,,5110,15694,8816,3150
,,,,5111,15694,8816,3150
,,,,5112,15694,8816,3150
,,,,5113,15694,8816,3150
,,,,5114,15694,8816,3150
,,,,5115,15694,8816,3150
,,,,5116,15694,8816,3150
,,,,5117,15694,8816,3150
,,,,5118,15694,8816,3150
,,,,5119,15694,8816,3150
,,,,5120,15694,8816,3150
,,,,5121,15694,8816,3150
,,,,5122,15694,8816,3150
,,,,5123,15694,8816,3150
,,,,5124,15694,8816,3150
,,,,5125,15694,8816,3150
,,,,5126,15694,8816,3150
,,,,5127,15694,8816,3150
,,,,5128,15694,8816,3150
,,,,5129,15694,8816,3150
,,,,5130,15694,8816,3150
,,,,5131,15694,8816,3150
,,,,5132,15694,8816,3150
,,,,5133,15694,8816,3150
,,,,5134,15694,8816,3150
,,,,5135,15694,8816,3150
,,,,5136,15694,8816,3150
,,,,5137,15694,8816,3150
,,,,5138,15694,8816,3150
,,,,5139,15694,8816,3150
,,,,5140,15694,8816,3150
,,,,5141,15694,8816,3150
,,,,5142,15694,8816,3150
,,,,5143,15694,8816,3150
,,,,5144,15694,8816,3150
,,,,5145,15694,8816,3150
,,,,5146,15694,8816,3150
,,,,5147,15694,8816,3150
,,,,5148,15694,8816,3150
,,,,5149,15694,8816,3150
,,,,5150,15694,8816,3150
,,,,5151,15694,8816,3150
,,,,5152,15694,8816,3150
,,,,5153,15694,8816,3150
,,,,5154,15694,8816,3150
,,,,5155,15694,8816,3150
,,,,5156,15694,8816,3150
,,,,5157,15694,8816,3150
,,,,5158,15694,8816,3150
,,,,5159,15694,8816,3150
,,,,5160,15694,8816,3150
,,,,5161,15694,8816,3150
,,,,5162,15694,8816,3150
,,,,5163,15694,8816,3150
,,,,5164,15694,8816,3150
,,,,5165,15694,8816,3150
,,,,5166,15694,8816,3150
,,,,5167,15694,8816,3150
,,,,5168,15694,8816,3150
,,,,5169,15694,8816,3150
,,,,5170,15694,8816,3150
,,,,5171,15694,8816,3150
,,,,5172,15694,8816,3150
,,,,5173,15694,8816,3150
,,,,5174,15694,8816,3150
,,,,5175,15694,8816,3150
,,,,5176,15694,8816,3150
,,,,5177,15694,8816,3150
,,,,5178,15694,8816,3150
,,,,5179,15694,8816,3150
,,,,5180,15694,8816,3150
,,,,5181,15694,8816,3150
,,,,5182,15694,8816,3150
,,,,5183,15694,8816,3150
,,,,5184,15694,8816,3150
,,,,5185,15694,8816,3150
,,,,5186,15694,8816,3150
,,,,5187,15694,8816,3150
,,,,5188,15694,8816,3150
,,,,5189,15694,8816,3150
,,,,5190,15694,8816,3150
,,,,5191,15694,8816,3150
,,,,5192,15694,8816,3150
,,,,5193,15694,8816,3150
,,,,5194,15694,8816,3150
,,,,5195,15694,8816,3150
,,,,5196,15694,8816,3150
,,,,5197,15694,8816,3150
,,,,5198,15694,8816,3150
,,,,5199,15694,8816,3150
,,,,5200,15694,8816,3150
,,,,5201,15694,8816,3150
,,,,5202,15694,8816,3150
,,,,5203,15694,8816,3150
,,,,5204,15694,8816,3150
,,,,5205,15694,8816,3150
,,,,5206,15694,8816,3150
,,,,5207,15694,8816,3150
,,,,5208,15694,8816,3150
,,,,5209,15694,8816,3150
,,,,5210,15694,8816,3150
,,,,5211,15694,8816,3150
,,,,5212,15694,8816,3150
,,,,5213,15694,8816,3150
,,,,5214,15694,8816,3150
,,,,5215,15694,8816,3150
,,,,5216,15694,8816,3150
,,,,5217,15694,8816,3150
,,,,5218,15694,8816,3150
,,,,5219,15694,8816,3150
,,,,5220,15694,8816,3150
,,,,5221,15694,8816,3150
,,,,5222,15694,8816,3150
,,,,5223,15694,8816,3150
,,,,5224,15694,8816,3150
,,,,5225,15694,8816,3150
,,,,5226,15694,8816,3150
,,,,5227,15694,8816,3150
,,,,5228,15694,8816,3150
,,,,5229,15694,8816,3150
,,,,5230,15694,8816,3150
,,,,5231,15694,8816,3150
,,,,5232,15694,8816,3150
,,,,5233,15694,8816,3150
,,,,5234,15694,8816,3150
,,,,5235,15694,8816,3150
,,,,5236,15694,8816,3150
,,,,5237,15694,8816,3150
,,,,5238,15694,8816,3150
,,,,5239,15694,8816,3150
,,,,5240,15694,8816,3150
,,,,5241,15694,8816,3150
,,,,5242,15694,8816,3150
,,,,5243,15694,8816,3150
,,,,5244,15694,8816,3150
,,,,5245,15694,8816,3150
,,,,5246,15694,8816,3150
,,,,5247,15694,8816,3150
,,,,5248,15694,8816,3150
,,,,5249,15694,8816,3150
,,,,5250,15694,8816,3150
,,,,5251,15694,8816,3150
,,,,5252,15694,8816,3150
,,,,5253,15694,8816,3150
,,,,5254,15694,8816,3150
,,,,5255,15694,8816,3150
,,,,5256,15694,8816,3150
,,,,5257,15694,8816,3150
,,,,5258,15694,8816,3150
,,,,5259,15694,8816,3150
,,,,5260,15694,8816,3150
,,,,5261,15694,8816,3150
,,,,5262,15694,8816,3150
,,,,5263,15694,8816,3150
,,,,5264,15694,8816,3150
,,,,5265,15694,8816,3150
,,,,5266,15694,8816,3150
,,,,5267,15694,8816,3150
,,,,5268,15694,8816,3150
,,,,5269,15694,8816,3150
,,,,5270,15694,8816,3150
,,,,5271,15694,8816,3150
,,,,5272,15694,8816,3150
,,,,5273,15694,8816,3150
,,,,5274,15694,8816,3150
,,,,5275,15694,8816,3150
,,,,5276,15694,8816,3150
,,,,5277,15694,8816,3150
,,,,5278,15694,8816,3150
,,,,5279,15694,8816,3150
,,,,5280,15694,8816,3150
,,,,5281,15694,8816,3150
,,,,5282,15694,8816,3150
,,,,5283,15694,8816,3150
,,,,5284,15694,8816,3150
,,,,5285,15694,8816,3150
,,,,5286,15694,8816,3150
,,,,5287,15694,8816,3150
,,,,5288,15694,8816,3150
,,,,5289,15694,8816,3150
,,,,5290,15694,8816,3150
,,,,5291,15694,8816,3150
,,,,5292,15694,8816,3150
,,,,5293,15694,8816,3150
,,,,5294,15694,8816,3150
,,,,5295,15694,8816,3150
,,,,5296,15694,8816,3150
,,,,5297,15694,8816,3150
,,,,5298,15694,8816,3150
,,,,5299,15694,8816,3150
,,,,5300,15694,8816,3150
,,,,5301,15694,8816,3150
,,,,5302,15694,8816,3150
,,,,5303,15694,8816,3150
,,,,5304,15694,8816,3150
,,,,5305,15694,8816,3150
,,,,5306,15694,8816,3150
,,,,5307,15694,8816,3150
,,,,5308,15694,8816,3150
,,,,5309,15694,8816,3150
,,,,5310,15694,8816,3150
,,,,5311,15694,8816,3150
,,,,5312,15694,8816,3150
,,,,5313,15694,8816,3150
,,,,5314,15694,8816,3150
,,,,5315,15694,8816,3150
,,,,5316,15694,8816,3150
,,,,5317,15694,8816,3150
,,,,5318,15694,8816,3150
,,,,5319,15694,8816,3150
,,,,5320,15694,8816,3150
,,,,5321,15694,8816,3150
,,,,5322,15694,8816,3150
,,,,5323,15694,8816,3150
,,,,5324,15694,8816,3150
,,,,5325,15694,8816,3150
,,,,5326,15694,8816,3150
,,,,5327,15694,8816,3150
,,,,5328,15694,8816,3150
,,,,5329,15694,8816,3150
,,,,5330,15694,8816,3150
,,,,5331,15694,8816,3150
,,,,5332,15694,8816,3150
,,,,5333,15694,8816,3150
,,,,5334,15694,8816,3150
,,,,5335,15694,8816,3150
,,,,5336,15694,8816,3150
,,,,5337,15694,8816,3150
,,,,5338,15694,8816,3150
,,,,5339,15694,8816,3150
,,,,5340,15694,8816,3150
,,,,5341,15694,8816,3150
,,,,5342,15694,8816,3150
,,,,5343,15694,8816,3150
,,,,5344,15694,8816,3150
,,,,5345,15694,8816,3150
,,,,5346,15694,8816,3150
,,,,5347,15694,8816,3150
,,,,5348,15694,8816,3150
,,,,5349,15694,8816,3150
,,,,5350,15694,8816,3150
,,,,5351,15694,8816,3150
,,,,5352,15694,8816,3150
,,,,5353,15694,8816,3150
,,,,5354,15694,8816,3150
,,,,5355,15694,8816,3150
,,,,5356,15694,8816,3150
,,,,5357,15694,8816,3150
,,,,5358,15694,8816,3150
,,,,5359,15694,8816,3150
,,,,5360,15694,8816,3150
,,,,5361,15694,8816,3150
,,,,5362,15694,8816,3150
,,,,5363,15694,8816,3150
,,,,5364,15694,8816,3150
,,,,5365,15694,8816,3150
,,,,5366,15694,8816,3150
,,,,5367,15694,8816,3150
,,,,5368,15694,8816,3150
,,,,5369,15694,8816,3150
,,,,5370,15694,8816,3150
,,,,5371,15694,8816,3150
,,,,5372,15694,8816,3150
,,,,5373,15694,8816,3150
,,,,5374,15694,8816,3150
,,,,5375,15694,8816,3150
,,,,5376,15694,8816,3150
,,,,5377,15694,8816,3150
,,,,5378,15694,8816,3150
,,,,5379,15694,8816,3150
,,,,5380,15694,8816,3150
,,,,5381,15694,8816,3150
,,,,5382,15694,8816,3150
,,,,5383,15694,8816,3150
,,,,5384,15694,8816,3150
,,,,5385,15694,8816,3150
,,,,5386,15694,8816,3150
,,,,5387,15694,8816,3150
,,,,5388,15694,8816,3150
,,,,5389,15694,8816,3150
,,,,5390,15694,8816,3150
,,,,5391,15694,8816,3150
,,,,5392,15694,8816,3150
,,,,5393,15694,8816,3150
,,,,5394,15694,8816,3150
,,,,5395,15694,8816,3150
,,,,5396,15694,8816,3150
,,,,5397,15694,8816,3150
,,,,5398,15694,8816,3150
,,,,5399,15694,8816,3150
,,,,5400,15694,8816,3150
,,,,5401,15694,8816,3150
,,,,5402,15694,8816,3150
,,,,5403,15694,8816,3150
,,,,5404,15694,8816,3150
,,,,5405,15694,8816,3150
,,,,5406,15694,8816,3150
,,,,5407,15694,8816,3150
,,,,5408,15694,8816,3150
,,,,5409,15694,8816,3150
,,,,5410,15694,8816,3150
,,,,5411,15694,8816,3150
,,,,5412,15694,8816,3150
,,,,5413,15694,8816,3150
,,,,5414,15694,8816,3150
,,,,5415,15694,8816,3150
,,,,5416,15694,8816,3150
,,,,5417,15694,8816,3150
,,,,5418,15694,8816,3150
,,,,5419,15694,8816,3150
,,,,5420,15694,8816,3150
,,,,5421,15694,8816,3150
,,,,5422,15694,8816,3150
,,,,5423,15694,8816,3150
,,,,5424,15694,8816,3150
,,,,5425,15694,8816,3150
,,,,5426,15694,8816,3150
,,,,5427,15694,8816,3150
,,,,5428,15694,8816,3150
,,,,5429,15694,8816,3150
,,,,5430,15694,8816,3150
,,,,5431,15694,8816,3150
,,,,5432,15694,8816,3150
,,,,5433,15694,8816,3150
,,,,5434,15694,8816,3150
,,,,5435,15694,8816,3150
,,,,5436,15694,8816,3150
,,,,5437,15694,8816,3150
,,,,5438,15694,8816,3150
,,,,5439,15694,8816,3150
,,,,5440,15694,8816,3150
,,,,5441,15694,8816,3150
,,,,5442,15694,8816,3150
,,,,5443,15694,8816,3150
,,,,5444,15694,8816,3150
,,,,5445,15694,8816,3150
,,,,5446,15694,8816,3150
,,,,5447,15694,8816,3150
,,,,5448,15694,8816,3150
,,,,5449,15694,8816,3150
,,,,5450,15694,8816,3150
,,,,5451,15694,8816,3150
,,,,5452,15694,8816,3150
,,,,5453,15694,8816,3150
,,,,5454,15694,8816,3150
,,,,5455,15694,8816,3150
,,,,5456,15694,8816,3150
,,,,5457,15694,8816,3150
,,,,5458,15694,8816,3150
,,,,5459,15694,8816,3150
,,,,5460,15694,8816,3150
,,,,5461,15694,8816,3150
,,,,5462,15694,8816,3150
,,,,5463,15694,8816,3150
,,,,5464,15694,8816,3150
,,,,5465,15694,8816,3150
,,,,5466,15694,8816,3150
,,,,5467,15694,8816,3150
,,,,5468,15694,8816,3150
,,,,5469,15694,8816,3150
,,,,5470,15694,8816,3150
,,,,5471,15694,8816,3150
,,,,5472,15694,8816,3150
,,,,5473,15694,8816,3150
,,,,5474,15694,8816,3150
,,,,5475,15694,8816,3150
,,,,5476,15694,8816,3150
,,,,5477,15694,8816,3150
,,,,5478,15694,8816,3150
,,,,5479,15694,8816,3150
,,,,5480,15694,8816,3150
,,,,5481,15694,8816,3150
,,,,5482,15694,8816,3150
,,,,5483,15694,8816,3150
,,,,5484,15694,8816,3150
,,,,5485,15694,8816,3150
,,,,5486,15694,8816,3150
,,,,5487,15694,8816,3150
,,,,5488,15694,8816,3150
,,,,5489,15694,8816,3150
,,,,5490,15694,8816,3150
,,,,5491,15694,8816,3150
,,,,5492,15694,8816,3150
,,,,5493,15694,8816,3150
,,,,5494,15694,8816,3150
,,,,5495,15694,8816,3150
,,,,5496,15694,8816,3150
,,,,5497,15694,8816,3150
,,,,5498,15694,8816,3150
,,,,5499,15694,8816,3150
,,,,5500,15694,8816,3150
,,,,5501,15694,8816,3150
,,,,5502,15694,8816,3150
,,,,5503,15694,8816,3150
,,,,5504,15694,8816,3150
,,,,5505,15694,8816,3150
,,,,5506,15694,8816,3150
,,,,5507,15694,8816,3150
,,,,5508,15694,8816,3150
,,,,5509,15694,8816,3150
,,,,5510,15694,8816,3150
,,,,5511,15694,8816,3150
,,,,5512,15694,8816,3150
,,,,5513,15694,8816,3150
,,,,5514,15694,8816,3150
,,,,5515,15694,8816,3150
,,,,5516,15694,8816,3150
,,,,5517,15694,8816,3150
,,,,5518,15694,8816,3150
,,,,5519,15694,8816,3150
,,,,5520,15694,8816,3150
,,,,5521,15694,8816,3150
,,,,5522,15694,8816,3150
,,,,5523,15694,8816,3150
,,,,5524,15694,8816,3150
,,,,5525,15694,8816,3150
,,,,5526,15694,8816,3150
,,,,5527,15694,8816,3150
,,,,5528,15694,8816,3150
,,,,5529,15694,8816,3150
,,,,5530,15694,8816,3150
,,,,5531,15694,8816,3150
,,,,5532,15694,8816,3150
,,,,5533,15694,8816,3150
,,,,5534,15694,8816,3150
,,,,5535,15694,8816,3150
,,,,5536,15694,8816,3150
,,,,5537,15694,8816,3150
,,,,5538,15694,8816,3150
,,,,5539,15694,8816,3150
,,,,5540,15694,8816,3150
,,,,5541,15694,8816,3150
,,,,5542,15694,8816,3150
,,,,5543,15694,8816,3150
,,,,5544,15694,8816,3150
,,,,5545,15694,8816,3150
,,,,5546,15694,8816,3150
,,,,5547,15694,8816,3150
,,,,5548,15694,8816,3150
,,,,5549,15694,8816,3150
,,,,5550,15694,8816,3150
,,,,5551,15694,8816,3150
,,,,5552,15694,8816,3150
,,,,5553,15694,8816,3150
,,,,5554,15694,8816,3150
,,,,5555,15694,8816,3150
,,,,5556,15694,8816,3150
,,,,5557,15694,8816,3150
,,,,5558,15694,8816,3150
,,,,5559,15694,8816,3150
,,,,5560,15694,8816,3150
,,,,5561,15694,8816,3150
,,,,5562,15694,8816,3150
,,,,5563,15694,8816,3150
,,,,5564,15694,8816,3150
,,,,5565,15694,8816,3150
,,,,5566,15694,8816,3150
,,,,5567,15694,8816,3150
,,,,5568,15694,8816,3150
,,,,5569,15694,8816,3150
,,,,5570,15694,8816,3150
,,,,5571,15694,8816,3150
,,,,5572,15694,8816,3150
,,,,5573,15694,8816,3150
,,,,5574,15694,8816,3150
,,,,5575,15694,8816,3150
,,,,5576,15694,8816,3150
,,,,5577,15694,8816,3150
,,,,5578,15694,8816,3150
,,,,5579,15694,8816,3150
,,,,5580,15694,8816,3150
,,,,5581,15694,8816,3150
,,,,5582,15694,8816,3150
,,,,5583,15694,8816,3150
,,,,5584,15694,8816,3150
,,,,5585,15694,8816,3150
,,,,5586,15694,8816,3150
,,,,5587,15694,8816,3150
,,,,5588,15694,8816,3150
,,,,5589,15694,8816,3150
,,,,5590,15694,8816,3150
,,,,5591,15694,8816,3150
,,,,5592,15694,8816,3150
,,,,5593,15694,8816,3150
,,,,5594,15694,8816,3150
,,,,5595,15694,8816,3150
,,,,5596,15694,8816,3150
,,,,5597,15694,8816,3150
,,,,5598,15694,8816,3150
,,,,5599,15694,8816,3150
,,,,5600,15694,8816,3150
,,,,5601,15694,8816,3150
,,,,5602,15694,8816,3150
,,,,5603,15694,8816,3150
,,,,5604,15694,8816,3150
,,,,5605,15694,8816,3150
,,,,5606,15694,8816,3150
,,,,5607,15694,8816,3150
,,,,5608,15694,8816,3150
,,,,5609,15694,8816,3150
,,,,5610,15694,8816,3150
,,,,5611,15694,8816,3150
,,,,5612,15694,8816,3150
,,,,5613,15694,8816,3150
,,,,5614,15694,8816,3150
,,,,5615,15694,8816,3150
,,,,5616,15694,8816,3150
,,,,5617,15694,8816,3150
,,,,5618,15694,8816,3150
,,,,5619,15694,8816,3150
,,,,5620,15694,8816,3150
,,,,5621,15694,8816,3150
,,,,5622,15694,8816,3150
,,,,5623,15694,8816,3150
,,,,5624,15694,8816,3150
,,,,5625,15694,8816,3150
,,,,5626,15694,8816,3150
,,,,5627,15694,8816,3150
,,,,5628,15694,8816,3150
,,,,5629,15694,8816,3150
,,,,5630,15694,8816,3150
,,,,5631,15694,8816,3150
,,,,5632,15694,8816,3150
,,,,5633,15694,8816,3150
,,,,5634,15694,8816,3150
,,,,5635,15694,8816,3150
,,,,5636,15694,8816,3150
,,,,5637,15694,8816,3150
,,,,5638,15694,8816,3150
,,,,5639,15694,8816,3150
,,,,5640,15694,8816,3150
,,,,5641,15694,8816,3150
,,,,5642,15694,8816,3150
,,,,5643,15694,8816,3150
,,,,5644,15694,8816,3150
,,,,5645,15694,8816,3150
,,,,5646,15694,8816,3150
,,,,5647,15694,8816,3150
,,,,5648,15694,8816,3150
,,,,5649,15694,8816,3150
,,,,5650,15694,8816,3150
,,,,5651,15694,8816,3150
,,,,5652,15694,8816,3150
,,,,5653,15694,8816,3150
,,,,5654,15694,8816,3150
,,,,5655,15694,8816,3150
,,,,5656,15694,8816,3150
,,,,5657,15694,8816,3150
,,,,5658,15694,8816,3150
,,,,5659,15694,8816,3150
,,,,5660,15694,8816,3150
,,,,5661,15694,8816,3150
,,,,5662,15694,8816,3150
,,,,5663,15694,8816,3150
,,,,5664,15694,8816,3150
,,,,5665,15694,8816,3150
,,,,5666,15694,8816,3150
,,,,5667,15694,8816,3150
,,,,5668,15694,8816,3150
,,,,5669,15694,8816,3150
,,,,5670,15694,8816,3150
,,,,5671,15694,8816,3150
,,,,5672,15694,8816,3150
,,,,5673,15694,8816,3150
,,,,5674,15694,8816,3150
,,,,5675,15694,8816,3150
,,,,5676,15694,8816,3150
,,,,5677,15694,8816,3150
,,,,5678,15694,8816,3150
,,,,5679,15694,8816,3150
,,,,5680,15694,8816,3150
,,,,5681,15694,8816,3150
,,,,5682,15694,8816,3150
,,,,5683,15694,8816,3150
,,,,5684,15694,8816,3150
,,,,5685,15694,8816,3150
,,,,5686,15694,8816,3150
,,,,5687,15694,8816,3150
,,,,5688,15694,8816,3150
,,,,5689,15694,8816,3150
,,,,5690,15694,8816,3150
,,,,5691,15694,8816,3150
,,,,5692,15694,8816,3150
,,,,5693,15694,8816,3150
,,,,5694,15694,8816,3150
,,,,5695,15694,8816,3150
,,,,5696,15694,8816,3150
,,,,5697,15694,8816,3150
,,,,5698,15694,8816,3150
,,,,5699,15694,8816,3150
,,,,5700,15694,8816,3150
,,,,5701,15694,8816,3150
,,,,5702,15694,8816,3150
,,,,5703,15694,8816,3150
,,,,5704,15694,8816,3150
,,,,5705,15694,8816,3150
,,,,5706,15694,8816,3150
,,,,5707,15694,8816,3150
,,,,5708,15694,8816,3150
,,,,5709,15694,8816,3150
,,,,5710,15694,8816,3150
,,,,5711,15694,8816,3150
,,,,5712,15694,8816,3150
,,,,5713,15694,8816,3150
,,,,5714,15694,8816,3150
,,,,5715,15694,8816,3150
,,,,5716,15694,8816,3150
,,,,5717,15694,8816,3150
,,,,5718,15694,8816,3150
,,,,5719,15694,8816,3150
,,,,5720,15694,8816,3150
,,,,5721,15694,8816,3150
,,,,5722,15694,8816,3150
,,,,5723,15694,8816,3150
,,,,5724,15694,8816,3150
,,,,5725,15694,8816,3150
,,,,5726,15694,8816,3150
,,,,5727,15694,8816,3150
,,,,5728,15694,8816,3150
,,,,5729,15694,8816,3150
,,,,5730,15694,8816,3150
,,,,5731,15694,8816,3150
,,,,5732,15694,8816,3150
,,,,5733,15694,8816,3150
,,,,5734,15694,8816,3150
,,,,5735,15694,8816,3150
,,,,5736,15694,8816,3150
,,,,5737,15694,8816,3150
,,,,5738,15694,8816,3150
,,,,5739,15694,8816,3150
,,,,5740,15694,8816,3150
,,,,5741,15694,8816,3150
,,,,5742,15694,8816,3150
,,,,5743,15694,8816,3150
,,,,5744,15694,8816,3150
,,,,5745,15694,8816,3150
,,,,5746,15694,8816,3150
,,,,5747,15694,8816,3150
,,,,5748,15694,8816,3150
,,,,5749,15694,8816,3150
,,,,5750,15694,8816,3150
,,,,5751,15694,8816,3150
,,,,5752,15694,8816,3150
,,,,5753,15694,8816,3150
,,,,5754,15694,8816,3150
,,,,5755,15694,8816,3150
,,,,5756,15694,8816,3150
,,,,5757,15694,8816,3150
,,,,5758,15694,8816,3150
,,,,5759,15694,8816,3150
,,,,5760,15694,8816,3150
,,,,5761,15694,8816,3150
,,,,5762,15694,8816,3150
,,,,5763,15694,8816,3150
,,,,5764,15694,8816,3150
,,,,5765,15694,8816,3150
,,,,5766,15694,8816,3150
,,,,5767,15694,8816,3150
,,,,5768,15694,8816,3150
,,,,5769,15694,8816,3150
,,,,5770,15694,8816,3150
,,,,5771,15694,8816,3150
,,,,5772,15694,8816,3150
,,,,5773,15694,8816,3150
,,,,5774,15694,8816,3150
,,,,5775,15694,8816,3150
,,,,5776,15694,8816,3150
,,,,5777,15694,8816,3150
,,,,5778,15694,8816,3150
,,,,5779,15694,8816,3150
,,,,5780,15694,8816,3150
,,,,5781,15694,8816,3150
,,,,5782,15694,8816,3150
,,,,5783,15694,8816,3150
,,,,5784,15694,8816,3150
,,,,5785,15694,8816,3150
,,,,5786,15694,8816,3150
,,,,5787,15694,8816,3150
,,,,5788,15694,8816,3150
,,,,5789,15694,8816,3150
,,,,5790,15694,8816,3150
,,,,5791,15694,8816,3150
,,,,5792,15694,8816,3150
,,,,5793,15694,8816,3150
,,,,5794,15694,8816,3150
,,,,5795,15694,8816,3150
,,,,5796,15694,8816,3150
,,,,5797,15694,8816,3150
,,,,5798,15694,8816,3150
,,,,5799,15694,8816,3150
,,,,5800,15694,8816,3150
,,,,5801,15694,8816,3150
,,,,5802,15694,8816,3150
,,,,5803,15694,8816,3150
,,,,5804,15694,8816,3150
,,,,5805,15694,8816,3150
,,,,5806,15694,8816,3150
,,,,5807,15694,8816,3150
,,,,5808,15694,8816,3150
,,,,5809,15694,8816,3150
,,,,5810,15694,8816,3150
,,,,5811,15694,8816,3150
,,,,5812,15694,8816,3150
,,,,5813,15694,8816,3150
,,,,5814,15694,8816,3150
,,,,5815,15694,8816,3150
,,,,5816,15694,8816,3150
,,,,5817,15694,8816,3150
,,,,5818,15694,8816,3150
,,,,5819,15694,8816,3150
,,,,5820,15694,8816,3150
,,,,5821,15694,8816,3150
,,,,5822,15694,8816,3150
,,,,5823,15694,8816,3150
,,,,5824,15694,8816,3150
,,,,5825,15694,8816,3150
,,,,5826,15694,8816,3150
,,,,5827,15694,8816,3150
,,,,5828,15694,8816,3150
,,,,5829,15694,8816,3150
,,,,5830,15694,8816,3150
,,,,5831,15694,8816,3150
,,,,5832,15694,8816,3150
,,,,5833,15694,8816,3150
,,,,5834,15694,8816,3150
,,,,5835,15694,8816,3150
,,,,5836,15694,8816,3150
,,,,5837,15694,8816,3150
,,,,5838,15694,8816,3150
,,,,5839,15694,8816,3150
,,,,5840,15694,8816,3150
,,,,5841,15694,8816,3150
,,,,5842,15694,8816,3150
,,,,5843,15694,8816,3150
,,,,5844,15694,8816,3150
,,,,5845,15694,8816,3150
,,,,5846,15694,8816,3150
,,,,5847,15694,8816,3150
,,,,5848,15694,8816,3150
,,,,5849,15694,8816,3150
,,,,5850,15694,8816,3150
,,,,5851,15694,8816,3150
,,,,5852,15694,8816,3150
,,,,5853,15694,8816,3150
,,,,5854,15694,8816,3150
,,,,5855,15694,8816,3150
,,,,5856,15694,8816,3150
,,,,5857,15694,8816,3150
,,,,5858,15694,8816,3150
,,,,5859,15694,8816,3150
,,,,5860,15694,8816,3150
,,,,5861,15694,8816,3150
,,,,5862,15694,8816,3150
,,,,5863,15694,8816,3150
,,,,5864,15694,8816,3150
,,,,5865,15694,8816,3150
,,,,5866,15694,8816,3150
,,,,5867,15694,8816,3150
,,,,5868,15694,8816,3150
,,,,5869,15694,8816,3150
,,,,5870,15694,8816,3150
,,,,5871,15694,8816,3150
,,,,5872,15694,8816,3150
,,,,5873,15694,8816,3150
,,,,5874,15694,8816,3150
,,,,5875,15694,8816,3150
,,,,5876,15694,8816,3150
,,,,5877,15694,8816,3150
,,,,5878,15694,8816,3150
,,,,5879,15694,8816,3150
,,,,5880,15694,8816,3150
,,,,5881,15694,8816,3150
,,,,5882,15694,8816,3150
,,,,5883,15694,8816,3150
,,,,5884,15694,8816,3150
,,,,5885,15694,8816,3150
,,,,5886,15694,8816,3150
,,,,5887,15694,8816,3150
,,,,5888,15694,8816,3150
,,,,5889,15694,8816,3150
,,,,5890,15694,8816,3150
,,,,5891,15694,8816,3150
,,,,5892,15694,8816,3150
,,,,5893,15694,8816,3150
,,,,5894,15694,8816,3150
,,,,5895,15694,8816,3150
,,,,5896,15694,8816,3150
,,,,5897,15694,8816,3150
,,,,5898,15694,8816,3150
,,,,5899,15694,8816,3150
,,,,5900,15694,8816,3150
,,,,5901,15694,8816,3150
,,,,5902,15694,8816,3150
,,,,5903,15694,8816,3150
,,,,5904,15694,8816,3150
,,,,5905,15694,8816,3150
,,,,5906,15694,8816,3150
,,,,5907,15694,8816,3150
,,,,5908,15694,8816,3150
,,,,5909,15694,8816,3150
,,,,5910,15694,8816,3150
,,,,5911,15694,8816,3150
,,,,5912,15694,8816,3150
,,,,5913,15694,8816,3150
,,,,5914,15694,8816,3150
,,,,5915,15694,8816,3150
,,,,5916,15694,8816,3150
,,,,5917,15694,8816,3150
,,,,5918,15694,8816,3150
,,,,5919,15694,8816,3150
,,,,5920,15694,8816,3150
,,,,5921,15694,8816,3150
,,,,5922,15694,8816,3150
,,,,5923,15694,8816,3150
,,,,5924,15694,8816,3150
,,,,5925,15694,8816,3150
,,,,5926,15694,8816,3150
,,,,5927,15694,8816,3150
,,,,5928,15694,8816,3150
,,,,5929,15694,8816,3150
,,,,5930,15694,8816,3150
,,,,5931,15694,8816,3150
,,,,5932,15694,8816,3150
,,,,5933,15694,8816,3150
,,,,5934,15694,8816,3150
,,,,5935,15694,8816,3150
,,,,5936,15694,8816,3150
,,,,5937,15694,8816,3150
,,,,5938,15694,8816,3150
,,,,5939,15694,8816,3150
,,,,5940,15694,8816,3150
,,,,5941,15694,8816,3150
,,,,5942,15694,8816,3150
,,,,5943,15694,8816,3150
,,,,5944,15694,8816,3150
,,,,5945,15694,8816,3150
,,,,5946,15694,8816,3150
,,,,5947,15694,8816,3150
,,,,5948,15694,8816,3150
,,,,5949,15694,8816,3150
,,,,5950,15694,8816,3150
,,,,5951,15694,8816,3150
,,,,5952,15694,8816,3150
,,,,5953,15694,8816,3150
,,,,5954,15694,8816,3150
,,,,5955,15694,8816,3150
,,,,5956,15694,8816,3150
,,,,5957,15694,8816,3150
,,,,5958,15694,8816,3150
,,,,5959,15694,8816,3150
,,,,5960,15694,8816,3150
,,,,5961,15694,8816,3150
,,,,5962,15694,8816,3150
,,,,5963,15694,8816,3150
,,,,5964,15694,8816,3150
,,,,5965,15694,8816,3150
,,,,5966,15694,8816,3150
,,,,5967,15694,8816,3150
,,,,5968,15694,8816,3150
,,,,5969,15694,8816,3150
,,,,5970,15694,8816,3150
,,,,5971,15694,8816,3150
,,,,5972,15694,8816,3150
,,,,5973,15694,8816,3150
,,,,5974,15694,8816,3150
,,,,5975,15694,8816,3150
,,,,5976,15694,8816,3150
,,,,5977,15694,8816,3150
,,,,5978,15694,8816,3150
,,,,5979,15694,8816,3150
,,,,5980,15694,8816,3150
,,,,5981,15694,8816,3150
,,,,5982,15694,8816,3150
,,,,5983,15694,8816,3150
,,,,5984,15694,8816,3150
,,,,5985,15694,8816,3150
,,,,5986,15694,8816,3150
,,,,5987,15694,8816,3150
,,,,5988,15694,8816,3150
,,,,5989,15694,8816,3150
,,,,5990,15694,8816,3150
,,,,5991,15694,8816,3150
,,,,5992,15694,8816,3150
,,,,5993,15694,8816,3150
,,,,5994,15694,8816,3150
,,,,5995,15694,8816,3150
,,,,5996,15694,8816,3150
,,,,5997,15694,8816,3150
,,,,5998,15694,8816,3150
,,,,5999,15694,8816,3150
,,,,6000,15694,8816,3150
,,,,6001,15694,8816,3150
,,,,6002,15694,8816,3150
,,,,6003,15694,8816,3150
,,,,6004,15694,8816,3150
,,,,6005,15694,8816,3150
,,,,6006,15694,8816,3150
,,,,6007,15694,8816,3150
,,,,6008,15694,8816,3150
,,,,6009,15694,8816,3150
,,,,6010,15694,8816,3150
,,,,6011,15694,8816,3150
,,,,6012,15694,8816,3150
,,,,6013,15694,8816,3150
,,,,6014,15694,8816,3150
,,,,6015,15694,8816,3150
,,,,6016,15694,8816,3150
,,,,6017,15694,8816,3150
,,,,6018,15694,8816,3150
,,,,6019,15694,8816,3150
,,,,6020,15694,8816,3150
,,,,6021,15694,8816,3150
,,,,6022,15694,8816,3150
,,,,6023,15694,8816,3150
,,,,6024,15694,8816,3150
,,,,6025,15694,8816,3150
,,,,6026,15694,8816,3150
,,,,6027,15694,8816,3150
,,,,6028,15694,8816,3150
,,,,6029,15694,8816,3150
,,,,6030,15694,8816,3150
,,,,6031,15694,8816,3150
,,,,6032,15694,8816,3150
,,,,6033,15694,8816,3150
,,,,6034,15694,8816,3150
,,,,6035,15694,8816,3150
,,,,6036,15694,8816,3150
,,,,6037,15694,8816,3150
,,,,6038,15694,8816,3150
,,,,6039,15694,8816,3150
,,,,6040,15694,8816,3150
,,,,6041,15694,8816,3150
,,,,6042,15694,8816,3150
,,,,6043,15694,8816,3150
,,,,6044,15694,8816,3150
,,,,6045,15694,8816,3150
,,,,6046,15694,8816,3150
,,,,6047,15694,8816,3150
,,,,6048,15694,8816,3150
,,,,6049,15694,8816,3150
,,,,6050,15694,8816,3150
,,,,6051,15694,8816,3150
,,,,6052,15694,8816,3150
,,,,6053,15694,8816,3150
,,,,6054,15694,8816,3150
,,,,6055,15694,8816,3150
,,,,6056,15694,8816,3150
,,,,6057,15694,8816,3150
,,,,6058,15694,8816,3150
,,,,6059,15694,8816,3150
,,,,6060,15694,8816,3150
,,,,6061,15694,8816,3150
,,,,6062,15694,8816,3150
,,,,6063,15694,8816,3150
,,,,6064,15694,8816,3150
,,,,6065,15694,8816,3150
,,,,6066,15694,8816,3150
,,,,6067,15694,8816,3150
,,,,6068,15694,8816,3150
,,,,6069,15694,8816,3150
,,,,6070,15694,8816,3150
,,,,6071,15694,8816,3150
,,,,6072,15694,8816,3150
,,,,6073,15694,8816,3150
,,,,6074,15694,8816,3150
,,,,6075,15694,8816,3150
,,,,6076,15694,8816,3150
,,,,6077,15694,8816,3150
,,,,6078,15694,8816,3150
,,,,6079,15694,8816,3150
,,,,6080,15694,8816,3150
,,,,6081,15694,8816,3150
,,,,6082,15694,8816,3150
,,,,6083,15694,8816,3150
,,,,6084,15694,8816,3150
,,,,6085,15694,8816,3150
,,,,6086,15694,8816,3150
,,,,6087,15694,8816,3150
,,,,6088,15694,8816,3150
,,,,6089,15694,8816,3150
,,,,6090,15694,8816,3150
,,,,6091,15694,8816,3150
,,,,6092,15694,8816,3150
,,,,6093,15694,8816,3150
,,,,6094,15694,8816,3150
,,,,6095,15694,8816,3150
,,,,6096,15694,8816,3150
,,,,6097,15694,8816,3150
,,,,6098,15694,8816,3150
,,,,6099,15694,8816,3150
,,,,6100,15694,8816,3150
,,,,6101,15694,8816,3150
,,,,6102,15694,8816,3150
,,,,6103,15694,8816,3150
,,,,6104,15694,8816,3150
,,,,6105,15694,8816,3150
,,,,6106,15694,8816,3150
,,,,6107,15694,8816,3150
,,,,6108,15694,8816,3150
,,,,6109,15694,8816,3150
,,,,6110,15694,8816,3150
,,,,6111,15694,8816,3150
,,,,6112,15694,8816,3150
,,,,6113,15694,8816,3150
,,,,6114,15694,8816,3150
,,,,6115,15694,8816,3150
,,,,6116,15694,8816,3150
,,,,6117,15694,8816,3150
,,,,6118,15694,8816,3150
,,,,6119,15694,8816,3150
,,,,6120,15694,8816,3150
,,,,6121,15694,8816,3150
,,,,6122,15694,8816,3150
,,,,6123,15694,8816,3150
,,,,6124,15694,8816,3150
,,,,6125,15694,8816,3150
,,,,6126,15694,8816,3150
,,,,6127,15694,8816,3150
,,,,6128,15694,8816,3150
,,,,6129,15694,8816,3150
,,,,6130,15694,8816,3150
,,,,6131,15694,8816,3150
,,,,6132,15694,8816,3150
,,,,6133,15694,8816,3150
,,,,6134,15694,8816,3150
,,,,6135,15694,8816,3150
,,,,6136,15694,8816,3150
,,,,6137,15694,8816,3150
,,,,6138,15694,8816,3150
,,,,6139,15694,8816,3150
,,,,6140,15694,8816,3150
,,,,6141,15694,8816,3150
,,,,6142,15694,8816,3150
,,,,6143,15694,8816,3150
,,,,6144,15694,8816,3150
,,,,6145,15694,8816,3150
,,,,6146,15694,8816,3150
,,,,6147,15694,8816,3150
,,,,6148,15694,8816,3150
,,,,6149,15694,8816,3150
,,,,6150,15694,8816,3150
,,,,6151,15694,8816,3150
,,,,6152,15694,8816,3150
,,,,6153,15694,8816,3150
,,,,6154,15694,8816,3150
,,,,6155,15694,8816,3150
,,,,6156,15694,8816,3150
,,,,6157,15694,8816,3150
,,,,6158,15694,8816,3150
,,,,6159,15694,8816,3150
,,,,6160,15694,8816,3150
,,,,6161,15694,8816,3150
,,,,6162,15694,8816,3150
,,,,6163,15694,8816,3150
,,,,6164,15694,8816,3150
,,,,6165,15694,8816,3150
,,,,6166,15694,8816,3150
,,,,6167,15694,8816,3150
,,,,6168,15694,8816,3150
,,,,6169,15694,8816,3150
,,,,6170,15694,8816,3150
,,,,6171,15694,8816,3150
,,,,6172,15694,8816,3150
,,,,6173,15694,8816,3150
,,,,6174,15694,8816,3150
,,,,6175,15694,8816,3150
,,,,6176,15694,8816,3150
,,,,6177,15694,8816,3150
,,,,6178,15694,8816,3150
,,,,6179,15694,8816,3150
,,,,6180,15694,8816,3150
,,,,6181,15694,8816,3150
,,,,6182,15694,8816,3150
,,,,6183,15694,8816,3150
,,,,6184,15694,8816,3150
,,,,6185,15694,8816,3150
,,,,6186,15694,8816,3150
,,,,6187,15694,8816,3150
,,,,6188,15694,8816,3150
,,,,6189,15694,8816,3150
,,,,6190,15694,8816,3150
,,,,6191,15694,8816,3150
,,,,6192,15694,8816,3150
,,,,6193,15694,8816,3150
,,,,6194,15694,8816,3150
,,,,6195,15694,8816,3150
,,,,6196,15694,8816,3150
,,,,6197,15694,8816,3150
,,,,6198,15694,8816,3150
,,,,6199,15694,8816,3150
,,,,6200,15694,8816,3150
,,,,6201,15694,8816,3150
,,,,6202,15694,8816,3150
,,,,6203,15694,8816,3150
,,,,6204,15694,8816,3150
,,,,6205,15694,8816,3150
,,,,6206,15694,8816,3150
,,,,6207,15694,8816,3150
,,,,6208,15694,8816,3150
,,,,6209,15694,8816,3150
,,,,6210,15694,8816,3150
,,,,6211,15694,8816,3150
,,,,6212,15694,8816,3150
,,,,6213,15694,8816,3150
,,,,6214,15694,8816,3150
,,,,6215,15694,8816,3150
,,,,6216,15694,8816,3150
,,,,6217,15694,8816,3150
,,,,6218,15694,8816,3150
,,,,6219,15694,8816,3150
,,,,6220,15694,8816,3150
,,,,6221,15694,8816,3150
,,,,6222,15694,8816,3150
,,,,6223,15694,8816,3150
,,,,6224,15694,8816,3150
,,,,6225,15694,8816,3150
,,,,6226,15694,8816,3150
,,,,6227,15694,8816,3150
,,,,6228,15694,8816,3150
,,,,6229,15694,8816,3150
,,,,6230,15694,8816,3150
,,,,6231,15694,8816,3150
,,,,6232,15694,8816,3150
,,,,6233,15694,8816,3150
,,,,6234,15694,8816,3150
,,,,6235,15694,8816,3150
,,,,6236,15694,8816,3150
,,,,6237,15694,8816,3150
,,,,6238,15694,8816,3150
,,,,6239,15694,8816,3150
,,,,6240,15694,8816,3150
,,,,6241,15694,8816,3150
,,,,6242,15694,8816,3150
,,,,6243,15694,8816,3150
,,,,6244,15694,8816,3150
,,,,6245,15694,8816,3150
,,,,6246,15694,8816,3150
,,,,6247,15694,8816,3150
,,,,6248,15694,8816,3150
,,,,6249,15694,8816,3150
,,,,6250,15694,8816,3150
,,,,6251,15694,8816,3150
,,,,6252,15694,8816,3150
,,,,6253,15694,8816,3150
,,,,6254,15694,8816,3150
,,,,6255,15694,8816,3150
,,,,6256,15694,8816,3150
,,,,6257,15694,8816,3150
,,,,6258,15694,8816,3150
,,,,6259,15694,8816,3150
,,,,6260,15694,8816,3150
,,,,6261,15694,8816,3150
,,,,6262,15694,8816,3150
,,,,6263,15694,8816,3150
,,,,6264,15694,8816,3150
,,,,6265,15694,8816,3150
,,,,6266,15694,8816,3150
,,,,6267,15694,8816,3150
,,,,6268,15694,8816,3150
,,,,6269,15694,8816,3150
,,,,6270,15694,8816,3150
,,,,6271,15694,8816,3150
,,,,6272,15694,8816,3150
,,,,6273,15694,8816,3150
,,,,6274,15694,8816,3150
,,,,6275,15694,8816,3150
,,,,6276,15694,8816,3150
,,,,6277,15694,8816,3150
,,,,6278,15694,8816,3150
,,,,6279,15694,8816,3150
,,,,6280,15694,8816,3150
,,,,6281,15694,8816,3150
,,,,6282,15694,8816,3150
,,,,6283,15694,8816,3150
,,,,6284,15694,8816,3150
,,,,6285,15694,8816,3150
,,,,6286,15694,8816,3150
,,,,6287,15694,8816,3150
,,,,6288,15694,8816,3150
,,,,6289,15694,8816,3150
,,,,6290,15694,8816,3150
,,,,6291,15694,8816,3150
,,,,6292,15694,8816,3150
,,,,6293,15694,8816,3150
,,,,6294,15694,8816,3150
,,,,6295,15694,8816,3150
,,,,6296,15694,8816,3150
,,,,6297,15694,8816,3150
,,,,6298,15694,8816,3150
,,,,6299,15694,8816,3150
,,,,6300,15694,8816,3150
,,,,6301,15694,8816,3150
,,,,6302,15694,8816,3150
,,,,6303,15694,8816,3150
,,,,6304,15694,8816,3150
,,,,6305,15694,8816,3150
,,,,6306,15694,8816,3150
,,,,6307,15694,8816,3150
,,,,6308,15694,8816,3150
,,,,6309,15694,8816,3150
,,,,6310,15694,8816,3150
,,,,6311,15694,8816,3150
,,,,6312,15694,8816,3150
,,,,6313,15694,8816,3150
,,,,6314,15694,8816,3150
,,,,6315,15694,8816,3150
,,,,6316,15694,8816,3150
,,,,6317,15694,8816,3150
,,,,6318,15694,8816,3150
,,,,6319,15694,8816,3150
,,,,6320,15694,8816,3150
,,,,6321,15694,8816,3150
,,,,6322,15694,8816,3150
,,,,6323,15694,8816,3150
,,,,6324,15694,8816,3150
,,,,6325,15694,8816,3150
,,,,6326,15694,8816,3150
,,,,6327,15694,8816,3150
,,,,6328,15694,8816,3150
,,,,6329,15694,8816,3150
,,,,6330,15694,8816,3150
,,,,6331,15694,8816,3150
,,,,6332,15694,8816,3150
,,,,6333,15694,8816,3150
,,,,6334,15694,8816,3150
,,,,6335,15694,8816,3150
,,,,6336,15694,8816,3150
,,,,6337,15694,8816,3150
,,,,6338,15694,8816,3150
,,,,6339,15694,8816,3150
,,,,6340,15694,8816,3150
,,,,6341,15694,8816,3150
,,,,6342,15694,8816,3150
,,,,6343,15694,8816,3150
,,,,6344,15694,8816,3150
,,,,6345,15694,8816,3150
,,,,6346,15694,8816,3150
,,,,6347,15694,8816,3150
,,,,6348,15694,8816,3150
,,,,6349,15694,8816,3150
,,,,6350,15694,8816,3150
,,,,6351,15694,8816,3150
,,,,6352,15694,8816,3150
,,,,6353,15694,8816,3150
,,,,6354,15694,8816,3150
,,,,6355,15694,8816,3150
,,,,6356,15694,8816,3150
,,,,6357,15694,8816,3150
,,,,6358,15694,8816,3150
,,,,6359,15694,8816,3150
,,,,6360,15694,8816,3150
,,,,6361,15694,8816,3150
,,,,6362,15694,8816,3150
,,,,6363,15694,8816,3150
,,,,6364,15694,8816,3150
,,,,6365,15694,8816,3150
,,,,6366,15694,8816,3150
,,,,6367,15694,8816,3150
,,,,6368,15694,8816,3150
,,,,6369,15694,8816,3150
,,,,6370,15694,8816,3150
,,,,6371,15694,8816,3150
,,,,6372,15694,8816,3150
,,,,6373,15694,8816,3150
,,,,6374,15694,8816,3150
,,,,6375,15694,8816,3150
,,,,6376,15694,8816,3150
,,,,6377,15694,8816,3150
,,,,6378,15694,8816,3150
,,,,6379,15694,8816,3150
,,,,6380,15694,8816,3150
,,,,6381,15694,8816,3150
,,,,6382,15694,8816,3150
,,,,6383,15694,8816,3150
,,,,6384,15694,8816,3150
,,,,6385,15694,8816,3150
,,,,6386,15694,8816,3150
,,,,6387,15694,8816,3150
,,,,6388,15694,8816,3150
,,,,6389,15694,8816,3150
,,,,6390,15694,8816,3150
,,,,6391,15694,8816,3150
,,,,6392,15694,8816,3150
,,,,6393,15694,8816,3150
,,,,6394,15694,8816,3150
,,,,6395,15694,8816,3150
,,,,6396,15694,8816,3150
,,,,6397,15694,8816,3150
,,,,6398,15694,8816,3150
,,,,6399,15694,8816,3150
,,,,6400,15694,8816,3150
,,,,6401,15694,8816,3150
,,,,6402,15694,8816,3150
,,,,6403,15694,8816,3150
,,,,6404,15694,8816,3150
,,,,6405,15694,8816,3150
,,,,6406,15694,8816,3150
,,,,6407,15694,8816,3150
,,,,6408,15694,8816,3150
,,,,6409,15694,8816,3150
,,,,6410,15694,8816,3150
,,,,6411,15694,8816,3150
,,,,6412,15694,8816,3150
,,,,6413,15694,8816,3150
,,,,6414,15694,8816,3150
,,,,6415,15694,8816,3150
,,,,6416,15694,8816,3150
,,,,6417,15694,8816,3150
,,,,6418,15694,8816,3150
,,,,6419,15694,8816,3150
,,,,6420,15694,8816,3150
,,,,6421,15694,8816,3150
,,,,6422,15694,8816,3150
,,,,6423,15694,8816,3150
,,,,6424,15694,8816,3150
,,,,6425,15694,8816,3150
,,,,6426,15694,8816,3150
,,,,6427,15694,8816,3150
,,,,6428,15694,8816,3150
,,,,6429,15694,8816,3150
,,,,6430,15694,8816,3150
,,,,6431,15694,8816,3150
,,,,6432,15694,8816,3150
,,,,6433,15694,8816,3150
,,,,6434,15694,8816,3150
,,,,6435,15694,8816,3150
,,,,6436,15694,8816,3150
,,,,6437,15694,8816,3150
,,,,6438,15694,8816,3150
,,,,6439,15694,8816,3150
,,,,6440,15694,8816,3150
,,,,6441,15694,8816,3150
,,,,6442,15694,8816,3150
,,,,6443,15694,8816,3150
,,,,6444,15694,8816,3150
,,,,6445,15694,8816,3150
,,,,6446,15694,8816,3150
,,,,6447,15694,8816,3150
,,,,6448,15694,8816,3150
,,,,6449,15694,8816,3150
,,,,6450,15694,8816,3150
,,,,6451,15694,8816,3150
,,,,6452,15694,8816,3150
,,,,6453,15694,8816,3150
,,,,6454,15694,8816,3150
,,,,6455,15694,8816,3150
,,,,6456,15694,8816,3150
,,,,6457,15694,8816,3150
,,,,6458,15694,8816,3150
,,,,6459,15694,8816,3150
,,,,6460,15694,8816,3150
,,,,6461,15694,8816,3150
,,,,6462,15694,8816,3150
,,,,6463,15694,8816,3150
,,,,6464,15694,8816,3150
,,,,6465,15694,8816,3150
,,,,6466,15694,8816,3150
,,,,6467,15694,8816,3150
,,,,6468,15694,8816,3150
,,,,6469,15694,8816,3150
,,,,6470,15694,8816,3150
,,,,6471,15694,8816,3150
,,,,6472,15694,8816,3150
,,,,6473,15694,8816,3150
,,,,6474,15694,8816,3150
,,,,6475,15694,8816,3150
,,,,6476,15694,8816,3150
,,,,6477,15694,8816,3150
,,,,6478,15694,8816,3150
,,,,6479,15694,8816,3150
,,,,6480,15694,8816,3150
,,,,6481,15694,8816,3150
,,,,6482,15694,8816,3150
,,,,6483,15694,8816,3150
,,,,6484,15694,8816,3150
,,,,6485,15694,8816,3150
,,,,6486,15694,8816,3150
,,,,6487,15694,8816,3150
,,,,6488,15694,8816,3150
,,,,6489,15694,8816,3150
,,,,6490,15694,8816,3150
,,,,6491,15694,8816,3150
,,,,6492,15694,8816,3150
,,,,6493,15694,8816,3150
,,,,6494,15694,8816,3150
,,,,6495,15694,8816,3150
,,,,6496,15694,8816,3150
,,,,6497,15694,8816,3150
,,,,6498,15694,8816,3150
,,,,6499,15694,8816,3150
,,,,6500,15694,8816,3150
,,,,6501,15694,8816,3150
,,,,6502,15694,8816,3150
,,,,6503,15694,8816,3150
,,,,6504,15694,8816,3150
,,,,6505,15694,8816,3150
,,,,6506,15694,8816,3150
,,,,6507,15694,8816,3150
,,,,6508,15694,8816,3150
,,,,6509,15694,8816,3150
,,,,6510,15694,8816,3150
,,,,6511,15694,8816,3150
,,,,6512,15694,8816,3150
,,,,6513,15694,8816,3150
,,,,6514,15694,8816,3150
,,,,6515,15694,8816,3150
,,,,6516,15694,8816,3150
,,,,6517,15694,8816,3150
,,,,6518,15694,8816,3150
,,,,6519,15694,8816,3150
,,,,6520,15694,8816,3150
,,,,6521,15694,8816,3150
,,,,6522,15694,8816,3150
,,,,6523,15694,8816,3150
,,,,6524,15694,8816,3150
,,,,6525,15694,8816,3150
,,,,6526,15694,8816,3150
,,,,6527,15694,8816,3150
,,,,6528,15694,8816,3150
,,,,6529,15694,8816,3150
,,,,6530,15694,8816,3150
,,,,6531,15694,8816,3150
,,,,6532,15694,8816,3150
,,,,6533,15694,8816,3150
,,,,6534,15694,8816,3150
,,,,6535,15694,8816,3150
,,,,6536,15694,8816,3150
,,,,6537,15694,8816,3150
,,,,6538,15694,8816,3150
,,,,6539,15694,8816,3150
,,,,6540,15694,8816,3150
,,,,6541,15694,8816,3150
,,,,6542,15694,8816,3150
,,,,6543,15694,8816,3150
,,,,6544,15694,8816,3150
,,,,6545,15694,8816,3150
,,,,6546,15694,8816,3150
,,,,6547,15694,8816,3150
,,,,6548,15694,8816,3150
,,,,6549,15694,8816,3150
,,,,6550,15694,8816,3150
,,,,6551,15694,8816,3150
,,,,6552,15694,8816,3150
,,,,6553,15694,8816,3150
,,,,6554,15694,8816,3150
,,,,6555,15694,8816,3150
,,,,6556,15694,8816,3150
,,,,6557,15694,8816,3150
,,,,6558,15694,8816,3150
,,,,6559,15694,8816,3150
,,,,6560,15694,8816,3150
,,,,6561,15694,8816,3150
,,,,6562,15694,8816,3150
,,,,6563,15694,8816,3150
,,,,6564,15694,8816,3150
,,,,6565,15694,8816,3150
,,,,6566,15694,8816,3150
,,,,6567,15694,8816,3150
,,,,6568,15694,8816,3150
,,,,6569,15694,8816,3150
,,,,6570,15694,8816,3150
,,,,6571,15694,8816,3150
,,,,6572,15694,8816,3150
,,,,6573,15694,8816,3150
,,,,6574,15694,8816,3150
,,,,6575,15694,8816,3150
,,,,6576,15694,8816,3150
,,,,6577,15694,8816,3150
,,,,6578,15694,8816,3150
,,,,6579,15694,8816,3150
,,,,6580,15694,8816,3150
,,,,6581,15694,8816,3150
,,,,6582,15694,8816,3150
,,,,6583,15694,8816,3150
,,,,6584,15694,8816,3150
,,,,6585,15694,8816,3150
,,,,6586,15694,8816,3150
,,,,6587,15694,8816,3150
,,,,6588,15694,8816,3150
,,,,6589,15694,8816,3150
,,,,6590,15694,8816,3150
,,,,6591,15694,8816,3150
,,,,6592,15694,8816,3150
,,,,6593,15694,8816,3150
,,,,6594,15694,8816,3150
,,,,6595,15694,8816,3150
,,,,6596,15694,8816,3150
,,,,6597,15694,8816,3150
,,,,6598,15694,8816,3150
,,,,6599,15694,8816,3150
,,,,6600,15694,8816,3150
,,,,6601,15694,8816,3150
,,,,6602,15694,8816,3150
,,,,6603,15694,8816,3150
,,,,6604,15694,8816,3150
,,,,6605,15694,8816,3150
,,,,6606,15694,8816,3150
,,,,6607,15694,8816,3150
,,,,6608,15694,8816,3150
,,,,6609,15694,8816,3150
,,,,6610,15694,8816,3150
,,,,6611,15694,8816,3150
,,,,6612,15694,8816,3150
,,,,6613,15694,8816,3150
,,,,6614,15694,8816,3150
,,,,6615,15694,8816,3150
,,,,6616,15694,8816,3150
,,,,6617,15694,8816,3150
,,,,6618,15694,8816,3150
,,,,6619,15694,8816,3150
,,,,6620,15694,8816,3150
,,,,6621,15694,8816,3150
,,,,6622,15694,8816,3150
,,,,6623,15694,8816,3150
,,,,6624,15694,8816,3150
,,,,6625,15694,8816,3150
,,,,6626,15694,8816,3150
,,,,6627,15694,8816,3150
,,,,6628,15694,8816,3150
,,,,6629,15694,8816,3150
,,,,6630,15694,8816,3150
,,,,6631,15694,8816,3150
,,,,6632,15694,8816,3150
,,,,6633,15694,8816,3150
,,,,6634,15694,8816,3150
,,,,6635,15694,8816,3150
,,,,6636,15694,8816,3150
,,,,6637,15694,8816,3150
,,,,6638,15694,8816,3150
,,,,6639,15694,8816,3150
,,,,6640,15694,8816,3150
,,,,6641,15694,8816,3150
,,,,6642,15694,8816,3150
,,,,6643,15694,8816,3150
,,,,6644,15694,8816,3150
,,,,6645,15694,8816,3150
,,,,6646,15694,8816,3150
,,,,6647,15694,8816,3150
,,,,6648,15694,8816,3150
,,,,6649,15694,8816,3150
,,,,6650,15694,8816,3150
,,,,6651,15694,8816,3150
,,,,6652,15694,8816,3150
,,,,6653,15694,8816,3150
,,,,6654,15694,8816,3150
,,,,6655,15694,8816,3150
,,,,6656,15694,8816,3150
,,,,6657,15694,8816,3150
,,,,6658,15694,8816,3150
,,,,6659,15694,8816,3150
,,,,6660,15694,8816,3150
,,,,6661,15694,8816,3150
,,,,6662,15694,8816,3150
,,,,6663,15694,8816,3150
,,,,6664,15694,8816,3150
,,,,6665,15694,8816,3150
,,,,6666,15694,8816,3150
,,,,6667,15694,8816,3150
,,,,6668,15694,8816,3150
,,,,6669,15694,8816,3150
,,,,6670,15694,8816,3150
,,,,6671,15694,8816,3150
,,,,6672,15694,8816,3150
,,,,6673,15694,8816,3150
,,,,6674,15694,8816,3150
,,,,6675,15694,8816,3150
,,,,6676,15694,8816,3150
,,,,6677,15694,8816,3150
,,,,6678,15694,8816,3150
,,,,6679,15694,8816,3150
,,,,6680,15694,8816,3150
,,,,6681,15694,8816,3150
,,,,6682,15694,8816,3150
,,,,6683,15694,8816,3150
,,,,6684,15694,8816,3150
,,,,6685,15694,8816,3150
,,,,6686,15694,8816,3150
,,,,6687,15694,8816,3150
,,,,6688,15694,8816,3150
,,,,6689,15694,8816,3150
,,,,6690,15694,8816,3150
,,,,6691,15694,8816,3150
,,,,6692,15694,8816,3150
,,,,6693,15694,8816,3150
,,,,6694,15694,8816,3150
,,,,6695,15694,8816,3150
,,,,6696,15694,8816,3150
,,,,6697,15694,8816,3150
,,,,6698,15694,8816,3150
,,,,6699,15694,8816,3150
,,,,6700,15694,8816,3150
,,,,6701,15694,8816,3150
,,,,6702,15694,8816,3150
,,,,6703,15694,8816,3150
,,,,6704,15694,8816,3150
,,,,6705,15694,8816,3150
,,,,6706,15694,8816,3150
,,,,6707,15694,8816,3150
,,,,6708,15694,8816,3150
,,,,6709,15694,8816,3150
,,,,6710,15694,8816,3150
,,,,6711,15694,8816,3150
,,,,6712,15694,8816,3150
,,,,6713,15694,8816,3150
,,,,6714,15694,8816,3150
,,,,6715,15694,8816,3150
,,,,6716,15694,8816,3150
,,,,6717,15694,8816,3150
,,,,6718,15694,8816,3150
,,,,6719,15694,8816,3150
,,,,6720,15694,8816,3150
,,,,6721,15694,8816,3150
,,,,6722,15694,8816,3150
,,,,6723,15694,8816,3150
,,,,6724,15694,8816,3150
,,,,6725,15694,8816,3150
,,,,6726,15694,8816,3150
,,,,6727,15694,8816,3150
,,,,6728,15694,8816,3150
,,,,6729,15694,8816,3150
,,,,6730,15694,8816,3150
,,,,6731,15694,8816,3150
,,,,6732,15694,8816,3150
,,,,6733,15694,8816,3150
,,,,6734,15694,8816,3150
,,,,6735,15694,8816,3150
,,,,6736,15694,8816,3150
,,,,6737,15694,8816,3150
,,,,6738,15694,8816,3150
,,,,6739,15694,8816,3150
,,,,6740,15694,8816,3150
,,,,6741,15694,8816,3150
,,,,6742,15694,8816,3150
,,,,6743,15694,8816,3150
,,,,6744,15694,8816,3150
,,,,6745,15694,8816,3150
,,,,6746,15694,8816,3150
,,,,6747,15694,8816,3150
,,,,6748,15694,8816,3150
,,,,6749,15694,8816,3150
,,,,6750,15694,8816,3150
,,,,6751,15694,8816,3150
,,,,6752,15694,8816,3150
,,,,6753,15694,8816,3150
,,,,6754,15694,8816,3150
,,,,6755,15694,8816,3150
,,,,6756,15694,8816,3150
,,,,6757,15694,8816,3150
,,,,6758,15694,8816,3150
,,,,6759,15694,8816,3150
,,,,6760,15694,8816,3150
,,,,6761,15694,8816,3150
,,,,6762,15694,8816,3150
,,,,6763,15694,8816,3150
,,,,6764,15694,8816,3150
,,,,6765,15694,8816,3150
,,,,6766,15694,8816,3150
,,,,6767,15694,8816,3150
,,,,6768,15694,8816,3150
,,,,6769,15694,8816,3150
,,,,6770,15694,8816,3150
,,,,6771,15694,8816,3150
,,,,6772,15694,8816,3150
,,,,6773,15694,8816,3150
,,,,6774,15694,8816,3150
,,,,6775,15694,8816,3150
,,,,6776,15694,8816,3150
,,,,6777,15694,8816,3150
,,,,6778,15694,8816,3150
,,,,6779,15694,8816,3150
,,,,6780,15694,8816,3150
,,,,6781,15694,8816,3150
,,,,6782,15694,8816,3150
,,,,6783,15694,8816,3150
,,,,6784,15694,8816,3150
,,,,6785,15694,8816,3150
,,,,6786,15694,8816,3150
,,,,6787,15694,8816,3150
,,,,6788,15694,8816,3150
,,,,6789,15694,8816,3150
,,,,6790,15694,8816,3150
,,,,6791,15694,8816,3150
,,,,6792,15694,8816,3150
,,,,6793,15694,8816,3150
,,,,6794,15694,8816,3150
,,,,6795,15694,8816,3150
,,,,6796,15694,8816,3150
,,,,6797,15694,8816,3150
,,,,6798,15694,8816,3150
,,,,6799,15694,8816,3150
,,,,6800,15694,8816,3150
,,,,6801,15694,8816,3150
,,,,6802,15694,8816,3150
,,,,6803,15694,8816,3150
,,,,6804,15694,8816,3150
,,,,6805,15694,8816,3150
,,,,6806,15694,8816,3150
,,,,6807,15694,8816,3150
,,,,6808,15694,8816,3150
,,,,6809,15694,8816,3150
,,,,6810,15694,8816,3150
,,,,6811,15694,8816,3150
,,,,6812,15694,8816,3150
,,,,6813,15694,8816,3150
,,,,6814,15694,8816,3150
,,,,6815,15694,8816,3150
,,,,6816,15694,8816,3150
,,,,6817,15694,8816,3150
,,,,6818,15694,8816,3150
,,,,6819,15694,8816,3150
,,,,6820,15694,8816,3150
,,,,6821,15694,8816,3150
,,,,6822,15694,8816,3150
,,,,6823,15694,8816,3150
,,,,6824,15694,8816,3150
,,,,6825,15694,8816,3150
,,,,6826,15694,8816,3150
,,,,6827,15694,8816,3150
,,,,6828,15694,8816,3150
,,,,6829,15694,8816,3150
,,,,6830,15694,8816,3150
,,,,6831,15694,8816,3150
,,,,6832,15694,8816,3150
,,,,6833,15694,8816,3150
,,,,6834,15694,8816,3150
,,,,6835,15694,8816,3150
,,,,6836,15694,8816,3150
,,,,6837,15694,8816,3150
,,,,6838,15694,8816,3150
,,,,6839,15694,8816,3150
,,,,6840,15694,8816,3150
,,,,6841,15694,8816,3150
,,,,6842,15694,8816,3150
,,,,6843,15694,8816,3150
,,,,6844,15694,8816,3150
,,,,6845,15694,8816,3150
,,,,6846,15694,8816,3150
,,,,6847,15694,8816,3150
,,,,6848,15694,8816,3150
,,,,6849,15694,8816,3150
,,,,6850,15694,8816,3150
,,,,6851,15694,8816,3150
,,,,6852,15694,8816,3150
,,,,6853,15694,8816,3150
,,,,6854,15694,8816,3150
,,,,6855,15694,8816,3150
,,,,6856,15694,8816,3150
,,,,6857,15694,8816,3150
,,,,6858,15694,8816,3150
,,,,6859,15694,8816,3150
,,,,6860,15694,8816,3150
,,,,6861,15694,8816,3150
,,,,6862,15694,8816,3150
,,,,6863,15694,8816,3150
,,,,6864,15694,8816,3150
,,,,6865,15694,8816,3150
,,,,6866,15694,8816,3150
,,,,6867,15694,8816,3150
,,,,6868,15694,8816,3150
,,,,6869,15694,8816,3150
,,,,6870,15694,8816,3150
,,,,6871,15694,8816,3150
,,,,6872,15694,8816,3150
,,,,6873,15694,8816,3150
,,,,6874,15694,8816,3150
,,,,6875,15694,8816,3150
,,,,6876,15694,8816,3150
,,,,6877,15694,8816,3150
,,,,6878,15694,8816,3150
,,,,6879,15694,8816,3150
,,,,6880,15694,8816,3150
,,,,6881,15694,8816,3150
,,,,6882,15694,8816,3150
,,,,6883,15694,8816,3150
,,,,6884,15694,8816,3150
,,,,6885,15694,8816,3150
,,,,6886,15694,8816,3150
,,,,6887,15694,8816,3150
,,,,6888,15694,8816,3150
,,,,6889,15694,8816,3150
,,,,6890,15694,8816,3150
,,,,6891,15694,8816,3150
,,,,6892,15694,8816,3150
,,,,6893,15694,8816,3150
,,,,6894,15694,8816,3150
,,,,6895,15694,8816,3150
,,,,6896,15694,8816,3150
,,,,6897,15694,8816,3150
,,,,6898,15694,8816,3150
,,,,6899,15694,8816,3150
,,,,6900,15694,8816,3150
,,,,6901,15694,8816,3150
,,,,6902,15694,8816,3150
,,,,6903,15694,8816,3150
,,,,6904,15694,8816,3150
,,,,6905,15694,8816,3150
,,,,6906,15694,8816,3150
,,,,6907,15694,8816,3150
,,,,6908,15694,8816,3150
,,,,6909,15694,8816,3150
,,,,6910,15694,8816,3150
,,,,6911,15694,8816,3150
,,,,6912,15694,8816,3150
,,,,6913,15694,8816,3150
,,,,6914,15694,8816,3150
,,,,6915,15694,8816,3150
,,,,6916,15694,8816,3150
,,,,6917,15694,8816,3150
,,,,6918,15694,8816,3150
,,,,6919,15694,8816,3150
,,,,6920,15694,8816,3150
,,,,6921,15694,8816,3150
,,,,6922,15694,8816,3150
,,,,6923,15694,8816,3150
,,,,6924,15694,8816,3150
,,,,6925,15694,8816,3150
,,,,6926,15694,8816,3150
,,,,6927,15694,8816,3150
,,,,6928,15694,8816,3150
,,,,6929,15694,8816,3150
,,,,6930,15694,8816,3150
,,,,6931,15694,8816,3150
,,,,6932,15694,8816,3150
,,,,6933,15694,8816,3150
,,,,6934,15694,8816,3150
,,,,6935,15694,8816,3150
,,,,6936,15694,8816,3150
,,,,6937,15694,8816,3150
,,,,6938,15694,8816,3150
,,,,6939,15694,8816,3150
,,,,6940,15694,8816,3150
,,,,6941,15694,8816,3150
,,,,6942,15694,8816,3150
,,,,6943,15694,8816,3150
,,,,6944,15694,8816,3150
,,,,6945,15694,8816,3150
,,,,6946,15694,8816,3150
,,,,6947,15694,8816,3150
,,,,6948,15694,8816,3150
,,,,6949,15694,8816,3150
,,,,6950,15694,8816,3150
,,,,6951,15694,8816,3150
,,,,6952,15694,8816,3150
,,,,6953,15694,8816,3150
,,,,6954,15694,8816,3150
,,,,6955,15694,8816,3150
,,,,6956,15694,8816,3150
,,,,6957,15694,8816,3150
,,,,6958,15694,8816,3150
,,,,6959,15694,8816,3150
,,,,6960,15694,8816,3150
,,,,6961,15694,8816,3150
,,,,6962,15694,8816,3150
,,,,6963,15694,8816,3150
,,,,6964,15694,8816,3150
,,,,6965,15694,8816,3150
,,,,6966,15694,8816,3150
,,,,6967,15694,8816,3150
,,,,6968,15694,8816,3150
,,,,6969,15694,8816,3150
,,,,6970,15694,8816,3150
,,,,6971,15694,8816,3150
,,,,6972,15694,8816,3150
,,,,6973,15694,8816,3150
,,,,6974,15694,8816,3150
,,,,6975,15694,8816,3150
,,,,6976,15694,8816,3150
,,,,6977,15694,8816,3150
,,,,6978,15694,8816,3150
,,,,6979,15694,8816,3150
,,,,6980,15694,8816,3150
,,,,6981,15694,8816,3150
,,,,6982,15694,8816,3150
,,,,6983,15694,8816,3150
,,,,6984,15694,8816,3150
,,,,6985,15694,8816,3150
,,,,6986,15694,8816,3150
,,,,6987,15694,8816,3150
,,,,6988,15694,8816,3150
,,,,6989,15694,8816,3150
,,,,6990,15694,8816,3150
,,,,6991,15694,8816,3150
,,,,6992,15694,8816,3150
,,,,6993,15694,8816,3150
,,,,6994,15694,8816,3150
,,,,6995,15694,8816,3150
,,,,6996,15694,8816,3150
,,,,6997,15694,8816,3150
,,,,6998,15694,8816,3150
,,,,6999,15694,8816,3150
,,,,7000,15694,8816,3150
,,,,7001,15694,8816,3150
,,,,7002,15694,8816,3150
,,,,7003,15694,8816,3150
,,,,7004,15694,8816,3150
,,,,7005,15694,8816,3150
,,,,7006,15694,8816,3150
,,,,7007,15694,8816,3150
,,,,7008,15694,8816,3150
,,,,7009,15694,8816,3150
,,,,7010,15694,8816,3150
,,,,7011,15694,8816,3150
,,,,7012,15694,8816,3150
,,,,7013,15694,8816,3150
,,,,7014,15694,8816,3150
,,,,7015,15694,8816,3150
,,,,7016,15694,8816,3150
,,,,7017,15694,8816,3150
,,,,7018,15694,8816,3150
,,,,7019,15694,8816,3150
,,,,7020,15694,8816,3150
,,,,7021,15694,8816,3150
,,,,7022,15694,8816,3150
,,,,7023,15694,8816,3150
,,,,7024,15694,8816,3150
,,,,7025,15694,8816,3150
,,,,7026,15694,8816,3150
,,,,7027,15694,8816,3150
,,,,7028,15694,8816,3150
,,,,7029,15694,8816,3150
,,,,7030,15694,8816,3150
,,,,7031,15694,8816,3150
,,,,7032,15694,8816,3150
,,,,7033,15694,8816,3150
,,,,7034,15694,8816,3150
,,,,7035,15694,8816,3150
,,,,7036,15694,8816,3150
,,,,7037,15694,8816,3150
,,,,7038,15694,8816,3150
,,,,7039,15694,8816,3150
,,,,7040,15694,8816,3150
,,,,7041,15694,8816,3150
,,,,7042,15694,8816,3150
,,,,7043,15694,8816,3150
,,,,7044,15694,8816,3150
,,,,7045,15694,8816,3150
,,,,7046,15694,8816,3150
,,,,7047,15694,8816,3150
,,,,7048,15694,8816,3150
,,,,7049,15694,8816,3150
,,,,7050,15694,8816,3150
,,,,7051,15694,8816,3150
,,,,7052,15694,8816,3150
,,,,7053,15694,8816,3150
,,,,7054,15694,8816,3150
,,,,7055,15694,8816,3150
,,,,7056,15694,8816,3150
,,,,7057,15694,8816,3150
,,,,7058,15694,8816,3150
,,,,7059,15694,8816,3150
,,,,7060,15694,8816,3150
,,,,7061,15694,8816,3150
,,,,7062,15694,8816,3150
,,,,7063,15694,8816,3150
,,,,7064,15694,8816,3150
,,,,7065,15694,8816,3150
,,,,7066,15694,8816,3150
,,,,7067,15694,8816,3150
,,,,7068,15694,8816,3150
,,,,7069,15694,8816,3150
,,,,7070,15694,8816,3150
,,,,7071,15694,8816,3150
,,,,7072,15694,8816,3150
,,,,7073,15694,8816,3150
,,,,7074,15694,8816,3150
,,,,7075,15694,8816,3150
,,,,7076,15694,8816,3150
,,,,7077,15694,8816,3150
,,,,7078,15694,8816,3150
,,,,7079,15694,8816,3150
,,,,7080,15694,8816,3150
,,,,7081,15694,8816,3150
,,,,7082,15694,8816,3150
,,,,7083,15694,8816,3150
,,,,7084,15694,8816,3150
,,,,7085,15694,8816,3150
,,,,7086,15694,8816,3150
,,,,7087,15694,8816,3150
,,,,7088,15694,8816,3150
,,,,7089,15694,8816,3150
,,,,7090,15694,8816,3150
,,,,7091,15694,8816,3150
,,,,7092,15694,8816,3150
,,,,7093,15694,8816,3150
,,,,7094,15694,8816,3150
,,,,7095,15694,8816,3150
,,,,7096,15694,8816,3150
,,,,7097,15694,8816,3150
,,,,7098,15694,8816,3150
,,,,7099,15694,8816,3150
,,,,7100,15694,8816,3150
,,,,7101,15694,8816,3150
,,,,7102,15694,8816,3150
,,,,7103,15694,8816,3150
,,,,7104,15694,8816,3150
,,,,7105,15694,8816,3150
,,,,7106,15694,8816,3150
,,,,7107,15694,8816,3150
,,,,7108,15694,8816,3150
,,,,7109,15694,8816,3150
,,,,7110,15694,8816,3150
,,,,7111,15694,8816,3150
,,,,7112,15694,8816,3150
,,,,7113,15694,8816,3150
,,,,7114,15694,8816,3150
,,,,7115,15694,8816,3150
,,,,7116,15694,8816,3150
,,,,7117,15694,8816,3150
,,,,7118,15694,8816,3150
,,,,7119,15694,8816,3150
,,,,7120,15694,8816,3150
,,,,7121,15694,8816,3150
,,,,7122,15694,8816,3150
,,,,7123,15694,8816,3150
,,,,7124,15694,8816,3150
,,,,7125,15694,8816,3150
,,,,7126,15694,8816,3150
,,,,7127,15694,8816,3150
,,,,7128,15694,8816,3150
,,,,7129,15694,8816,3150
,,,,7130,15694,8816,3150
,,,,7131,15694,8816,3150
,,,,7132,15694,8816,3150
,,,,7133,15694,8816,3150
,,,,7134,15694,8816,3150
,,,,7135,15694,8816,3150
,,,,7136,15694,8816,3150
,,,,7137,15694,8816,3150
,,,,7138,15694,8816,3150
,,,,7139,15694,8816,3150
,,,,7140,15694,8816,3150
,,,,7141,15694,8816,3150
,,,,7142,15694,8816,3150
,,,,7143,15694,8816,3150
,,,,7144,15694,8816,3150
,,,,7145,15694,8816,3150
,,,,7146,15694,8816,3150
,,,,7147,15694,8816,3150
,,,,7148,15694,8816,3150
,,,,7149,15694,8816,3150
,,,,7150,15694,8816,3150
,,,,7151,15694,8816,3150
,,,,7152,15694,8816,3150
,,,,7153,15694,8816,3150
,,,,7154,15694,8816,3150
,,,,7155,15694,8816,3150
,,,,7156,15694,8816,3150
,,,,7157,15694,8816,3150
,,,,7158,15694,8816,3150
,,,,7159,15694,8816,3150
,,,,7160,15694,8816,3150
,,,,7161,15694,8816,3150
,,,,7162,15694,8816,3150
,,,,7163,15694,8816,3150
,,,,7164,15694,8816,3150
,,,,7165,15694,8816,3150
,,,,7166,15694,8816,3150
,,,,7167,15694,8816,3150
,,,,7168,15694,8816,3150
,,,,7169,15694,8816,3150
,,,,7170,15694,8816,3150
,,,,7171,15694,8816,3150
,,,,7172,15694,8816,3150
,,,,7173,15694,8816,3150
,,,,7174,15694,8816,3150
,,,,7175,15694,8816,3150
,,,,7176,15694,8816,3150
,,,,7177,15694,8816,3150
,,,,7178,15694,8816,3150
,,,,7179,15694,8816,3150
,,,,7180,15694,8816,3150
,,,,7181,15694,8816,3150
,,,,7182,15694,8816,3150
,,,,7183,15694,8816,3150
,,,,7184,15694,8816,3150
,,,,7185,15694,8816,3150
,,,,7186,15694,8816,3150
,,,,7187,15694,8816,3150
,,,,7188,15694,8816,3150
,,,,7189,15694,8816,3150
,,,,7190,15694,8816,3150
,,,,7191,15694,8816,3150
,,,,7192,15694,8816,3150
,,,,7193,15694,8816,3150
,,,,7194,15694,8816,3150
,,,,7195,15694,8816,3150
,,,,7196,15694,8816,3150
,,,,7197,15694,8816,3150
,,,,7198,15694,8816,3150
,,,,7199,15694,8816,3150
,,,,7200,15694,8816,3150
,,,,7201,15694,8816,3150
,,,,7202,15694,8816,3150
,,,,7203,15694,8816,3150
,,,,7204,15694,8816,3150
,,,,7205,15694,8816,3150
,,,,7206,15694,8816,3150
,,,,7207,15694,8816,3150
,,,,7208,15694,8816,3150
,,,,7209,15694,8816,3150
,,,,7210,15694,8816,3150
,,,,7211,15694,8816,3150
,,,,7212,15694,8816,3150
,,,,7213,15694,8816,3150
,,,,7214,15694,8816,3150
,,,,7215,15694,8816,3150
,,,,7216,15694,8816,3150
,,,,7217,15694,8816,3150
,,,,7218,15694,8816,3150
,,,,7219,15694,8816,3150
,,,,7220,15694,8816,3150
,,,,7221,15694,8816,3150
,,,,7222,15694,8816,3150
,,,,7223,15694,8816,3150
,,,,7224,15694,8816,3150
,,,,7225,15694,8816,3150
,,,,7226,15694,8816,3150
,,,,7227,15694,8816,3150
,,,,7228,15694,8816,3150
,,,,7229,15694,8816,3150
,,,,7230,15694,8816,3150
,,,,7231,15694,8816,3150
,,,,7232,15694,8816,3150
,,,,7233,15694,8816,3150
,,,,7234,15694,8816,3150
,,,,7235,15694,8816,3150
,,,,7236,15694,8816,3150
,,,,7237,15694,8816,3150
,,,,7238,15694,8816,3150
,,,,7239,15694,8816,3150
,,,,7240,15694,8816,3150
,,,,7241,15694,8816,3150
,,,,7242,15694,8816,3150
,,,,7243,15694,8816,3150
,,,,7244,15694,8816,3150
,,,,7245,15694,8816,3150
,,,,7246,15694,8816,3150
,,,,7247,15694,8816,3150
,,,,7248,15694,8816,3150
,,,,7249,15694,8816,3150
,,,,7250,15694,8816,3150
,,,,7251,15694,8816,3150
,,,,7252,15694,8816,3150
,,,,7253,15694,8816,3150
,,,,7254,15694,8816,3150
,,,,7255,15694,8816,3150
,,,,7256,15694,8816,3150
,,,,7257,15694,8816,3150
,,,,7258,15694,8816,3150
,,,,7259,15694,8816,3150
,,,,7260,15694,8816,3150
,,,,7261,15694,8816,3150
,,,,7262,15694,8816,3150
,,,,7263,15694,8816,3150
,,,,7264,15694,8816,3150
,,,,7265,15694,8816,3150
,,,,7266,15694,8816,3150
,,,,7267,15694,8816,3150
,,,,7268,15694,8816,3150
,,,,7269,15694,8816,3150
,,,,7270,15694,8816,3150
,,,,7271,15694,8816,3150
,,,,7272,15694,8816,3150
,,,,7273,15694,8816,3150
,,,,7274,15694,8816,3150
,,,,7275,15694,8816,3150
,,,,7276,15694,8816,3150
,,,,7277,15694,8816,3150
,,,,7278,15694,8816,3150
,,,,7279,15694,8816,3150
,,,,7280,15694,8816,3150
,,,,7281,15694,8816,3150
,,,,7282,15694,8816,3150
,,,,7283,15694,8816,3150
,,,,7284,15694,8816,3150
,,,,7285,15694,8816,3150
,,,,7286,15694,8816,3150
,,,,7287,15694,8816,3150
,,,,7288,15694,8816,3150
,,,,7289,15694,8816,3150
,,,,7290,15694,8816,3150
,,,,7291,15694,8816,3150
,,,,7292,15694,8816,3150
,,,,7293,15694,8816,3150
,,,,7294,15694,8816,3150
,,,,7295,15694,8816,3150
,,,,7296,15694,8816,3150
,,,,7297,15694,8816,3150
,,,,7298,15694,8816,3150
,,,,7299,15694,8816,3150
,,,,7300,15694,8816,3150
,,,,7301,15694,8816,3150
,,,,7302,15694,8816,3150
,,,,7303,15694,8816,3150
,,,,7304,15694,8816,3150
,,,,7305,15694,8816,3150
,,,,7306,15694,8816,3150
,,,,7307,15694,8816,3150
,,,,7308,15694,8816,3150
,,,,7309,15694,8816,3150
,,,,7310,15694,8816,3150
,,,,7311,15694,8816,3150
,,,,7312,15694,8816,3150
,,,,7313,15694,8816,3150
,,,,7314,15694,8816,3150
,,,,7315,15694,8816,3150
,,,,7316,15694,8816,3150
,,,,7317,15694,8816,3150
,,,,7318,15694,8816,3150
,,,,7319,15694,8816,3150
,,,,7320,15694,8816,3150
,,,,7321,15694,8816,3150
,,,,7322,15694,8816,3150
,,,,7323,15694,8816,3150
,,,,7324,15694,8816,3150
,,,,7325,15694,8816,3150
,,,,7326,15694,8816,3150
,,,,7327,15694,8816,3150
,,,,7328,15694,8816,3150
,,,,7329,15694,8816,3150
,,,,7330,15694,8816,3150
,,,,7331,15694,8816,3150
,,,,7332,15694,8816,3150
,,,,7333,15694,8816,3150
,,,,7334,15694,8816,3150
,,,,7335,15694,8816,3150
,,,,7336,15694,8816,3150
,,,,7337,15694,8816,3150
,,,,7338,15694,8816,3150
,,,,7339,15694,8816,3150
,,,,7340,15694,8816,3150
,,,,7341,15694,8816,3150
,,,,7342,15694,8816,3150
,,,,7343,15694,8816,3150
,,,,7344,15694,8816,3150
,,,,7345,15694,8816,3150
,,,,7346,15694,8816,3150
,,,,7347,15694,8816,3150
,,,,7348,15694,8816,3150
,,,,7349,15694,8816,3150
,,,,7350,15694,8816,3150
,,,,7351,15694,8816,3150
,,,,7352,15694,8816,3150
,,,,7353,15694,8816,3150
,,,,7354,15694,8816,3150
,,,,7355,15694,8816,3150
,,,,7356,15694,8816,3150
,,,,7357,15694,8816,3150
,,,,7358,15694,8816,3150
,,,,7359,15694,8816,3150
,,,,7360,15694,8816,3150
,,,,7361,15694,8816,3150
,,,,7362,15694,8816,3150
,,,,7363,15694,8816,3150
,,,,7364,15694,8816,3150
,,,,7365,15694,8816,3150
,,,,7366,15694,8816,3150
,,,,7367,15694,8816,3150
,,,,7368,15694,8816,3150
,,,,7369,15694,8816,3150
,,,,7370,15694,8816,3150
,,,,7371,15694,8816,3150
,,,,7372,15694,8816,3150
,,,,7373,15694,8816,3150
,,,,7374,15694,8816,3150
,,,,7375,15694,8816,3150
,,,,7376,15694,8816,3150
,,,,7377,15694,8816,3150
,,,,7378,15694,8816,3150
,,,,7379,15694,8816,3150
,,,,7380,15694,8816,3150
,,,,7381,15694,8816,3150
,,,,7382,15694,8816,3150
,,,,7383,15694,8816,3150
,,,,7384,15694,8816,3150
,,,,7385,15694,8816,3150
,,,,7386,15694,8816,3150
,,,,7387,15694,8816,3150
,,,,7388,15694,8816,3150
,,,,7389,15694,8816,3150
,,,,7390,15694,8816,3150
,,,,7391,15694,8816,3150
,,,,7392,15694,8816,3150
,,,,7393,15694,8816,3150
,,,,7394,15694,8816,3150
,,,,7395,15694,8816,3150
,,,,7396,15694,8816,3150
,,,,7397,15694,8816,3150
,,,,7398,15694,8816,3150
,,,,7399,15694,8816,3150
,,,,7400,15694,8816,3150
,,,,7401,15694,8816,3150
,,,,7402,15694,8816,3150
,,,,7403,15694,8816,3150
,,,,7404,15694,8816,3150
,,,,7405,15694,8816,3150
,,,,7406,15694,8816,3150
,,,,7407,15694,8816,3150
,,,,7408,15694,8816,3150
,,,,7409,15694,8816,3150
,,,,7410,15694,8816,3150
,,,,7411,15694,8816,3150
,,,,7412,15694,8816,3150
,,,,7413,15694,8816,3150
,,,,7414,15694,8816,3150
,,,,7415,15694,8816,3150
,,,,7416,15694,8816,3150
,,,,7417,15694,8816,3150
,,,,7418,15694,8816,3150
,,,,7419,15694,8816,3150
,,,,7420,15694,8816,3150
,,,,7421,15694,8816,3150
,,,,7422,15694,8816,3150
,,,,7423,15694,8816,3150
,,,,7424,15694,8816,3150
,,,,7425,15694,8816,3150
,,,,7426,15694,8816,3150
,,,,7427,15694,8816,3150
,,,,7428,15694,8816,3150
,,,,7429,15694,8816,3150
,,,,7430,15694,8816,3150
,,,,7431,15694,8816,3150
,,,,7432,15694,8816,3150
,,,,7433,15694,8816,3150
,,,,7434,15694,8816,3150
,,,,7435,15694,8816,3150
,,,,7436,15694,8816,3150
,,,,7437,15694,8816,3150
,,,,7438,15694,8816,3150
,,,,7439,15694,8816,3150
,,,,7440,15694,8816,3150
,,,,7441,15694,8816,3150
,,,,7442,15694,8816,3150
,,,,7443,15694,8816,3150
,,,,7444,15694,8816,3150
,,,,7445,15694,8816,3150
,,,,7446,15694,8816,3150
,,,,7447,15694,8816,3150
,,,,7448,15694,8816,3150
,,,,7449,15694,8816,3150
,,,,7450,15694,8816,3150
,,,,7451,15694,8816,3150
,,,,7452,15694,8816,3150
,,,,7453,15694,8816,3150
,,,,7454,15694,8816,3150
,,,,7455,15694,8816,3150
,,,,7456,15694,8816,3150
,,,,7457,15694,8816,3150
,,,,7458,15694,8816,3150
,,,,7459,15694,8816,3150
,,,,7460,15694,8816,3150
,,,,7461,15694,8816,3150
,,,,7462,15694,8816,3150
,,,,7463,15694,8816,3150
,,,,7464,15694,8816,3150
,,,,7465,15694,8816,3150
,,,,7466,15694,8816,3150
,,,,7467,15694,8816,3150
,,,,7468,15694,8816,3150
,,,,7469,15694,8816,3150
,,,,7470,15694,8816,3150
,,,,7471,15694,8816,3150
,,,,7472,15694,8816,3150
,,,,7473,15694,8816,3150
,,,,7474,15694,8816,3150
,,,,7475,15694,8816,3150
,,,,7476,15694,8816,3150
,,,,7477,15694,8816,3150
,,,,7478,15694,8816,3150
,,,,7479,15694,8816,3150
,,,,7480,15694,8816,3150
,,,,7481,15694,8816,3150
,,,,7482,15694,8816,3150
,,,,7483,15694,8816,3150
,,,,7484,15694,8816,3150
,,,,7485,15694,8816,3150
,,,,7486,15694,8816,3150
,,,,7487,15694,8816,3150
,,,,7488,15694,8816,3150
,,,,7489,15694,8816,3150
,,,,7490,15694,8816,3150
,,,,7491,15694,8816,3150
,,,,7492,15694,8816,3150
,,,,7493,15694,8816,3150
,,,,7494,15694,8816,3150
,,,,7495,15694,8816,3150
,,,,7496,15694,8816,3150
,,,,7497,15694,8816,3150
,,,,7498,15694,8816,3150
,,,,7499,15694,8816,3150
,,,,7500,15694,8816,3150
,,,,7501,15694,8816,3150
,,,,7502,15694,8816,3150
,,,,7503,15694,8816,3150
,,,,7504,15694,8816,3150
,,,,7505,15694,8816,3150
,,,,7506,15694,8816,3150
,,,,7507,15694,8816,3150
,,,,7508,15694,8816,3150
,,,,7509,15694,8816,3150
,,,,7510,15694,8816,3150
,,,,7511,15694,8816,3150
,,,,7512,15694,8816,3150
,,,,7513,15694,8816,3150
,,,,7514,15694,8816,3150
,,,,7515,15694,8816,3150
,,,,7516,15694,8816,3150
,,,,7517,15694,8816,3150
,,,,7518,15694,8816,3150
,,,,7519,15694,8816,3150
,,,,7520,15694,8816,3150
,,,,7521,15694,8816,3150
,,,,7522,15694,8816,3150
,,,,7523,15694,8816,3150
,,,,7524,15694,8816,3150
,,,,7525,15694,8816,3150
,,,,7526,15694,8816,3150
,,,,7527,15694,8816,3150
,,,,7528,15694,8816,3150
,,,,7529,15694,8816,3150
,,,,7530,15694,8816,3150
,,,,7531,15694,8816,3150
,,,,7532,15694,8816,3150
,,,,7533,15694,8816,3150
,,,,7534,15694,8816,3150
,,,,7535,15694,8816,3150
,,,,7536,15694,8816,3150
,,,,7537,15694,8816,3150
,,,,7538,15694,8816,3150
,,,,7539,15694,8816,3150
,,,,7540,15694,8816,3150
,,,,7541,15694,8816,3150
,,,,7542,15694,8816,3150
,,,,7543,15694,8816,3150
,,,,7544,15694,8816,3150
,,,,7545,15694,8816,3150
,,,,7546,15694,8816,3150
,,,,7547,15694,8816,3150
,,,,7548,15694,8816,3150
,,,,7549,15694,8816,3150
,,,,7550,15694,8816,3150
,,,,7551,15694,8816,3150
,,,,7552,15694,8816,3150
,,,,7553,15694,8816,3150
,,,,7554,15694,8816,3150
,,,,7555,15694,8816,3150
,,,,7556,15694,8816,3150
,,,,7557,15694,8816,3150
,,,,7558,15694,8816,3150
,,,,7559,15694,8816,3150
,,,,7560,15694,8816,3150
,,,,7561,15694,8816,3150
,,,,7562,15694,8816,3150
,,,,7563,15694,8816,3150
,,,,7564,15694,8816,3150
,,,,7565,15694,8816,3150
,,,,7566,15694,8816,3150
,,,,7567,15694,8816,3150
,,,,7568,15694,8816,3150
,,,,7569,15694,8816,3150
,,,,7570,15694,8816,3150
,,,,7571,15694,8816,3150
,,,,7572,15694,8816,3150
,,,,7573,15694,8816,3150
,,,,7574,15694,8816,3150
,,,,7575,15694,8816,3150
,,,,7576,15694,8816,3150
,,,,7577,15694,8816,3150
,,,,7578,15694,8816,3150
,,,,7579,15694,8816,3150
,,,,7580,15694,8816,3150
,,,,7581,15694,8816,3150
,,,,7582,15694,8816,3150
,,,,7583,15694,8816,3150
,,,,7584,15694,8816,3150
,,,,7585,15694,8816,3150
,,,,7586,15694,8816,3150
,,,,7587,15694,8816,3150
,,,,7588,15694,8816,3150
,,,,7589,15694,8816,3150
,,,,7590,15694,8816,3150
,,,,7591,15694,8816,3150
,,,,7592,15694,8816,3150
,,,,7593,15694,8816,3150
,,,,7594,15694,8816,3150
,,,,7595,15694,8816,3150
,,,,7596,15694,8816,3150
,,,,7597,15694,8816,3150
,,,,7598,15694,8816,3150
,,,,7599,15694,8816,3150
,,,,7600,15694,8816,3150
,,,,7601,15694,8816,3150
,,,,7602,15694,8816,3150
,,,,7603,15694,8816,3150
,,,,7604,15694,8816,3150
,,,,7605,15694,8816,3150
,,,,7606,15694,8816,3150
,,,,7607,15694,8816,3150
,,,,7608,15694,8816,3150
,,,,7609,15694,8816,3150
,,,,7610,15694,8816,3150
,,,,7611,15694,8816,3150
,,,,7612,15694,8816,3150
,,,,7613,15694,8816,3150
,,,,7614,15694,8816,3150
,,,,7615,15694,8816,3150
,,,,7616,15694,8816,3150
,,,,7617,15694,8816,3150
,,,,7618,15694,8816,3150
,,,,7619,15694,8816,3150
,,,,7620,15694,8816,3150
,,,,7621,15694,8816,3150
,,,,7622,15694,8816,3150
,,,,7623,15694,8816,3150
,,,,7624,15694,8816,3150
,,,,7625,15694,8816,3150
,,,,7626,15694,8816,3150
,,,,7627,15694,8816,3150
,,,,7628,15694,8816,3150
,,,,7629,15694,8816,3150
,,,,7630,15694,8816,3150
,,,,7631,15694,8816,3150
,,,,7632,15694,8816,3150
,,,,7633,15694,8816,3150
,,,,7634,15694,8816,3150
,,,,7635,15694,8816,3150
,,,,7636,15694,8816,3150
,,,,7637,15694,8816,3150
,,,,7638,15694,8816,3150
,,,,7639,15694,8816,3150
,,,,7640,15694,8816,3150
,,,,7641,15694,8816,3150
,,,,7642,15694,8816,3150
,,,,7643,15694,8816,3150
,,,,7644,15694,8816,3150
,,,,7645,15694,8816,3150
,,,,7646,15694,8816,3150
,,,,7647,15694,8816,3150
,,,,7648,15694,8816,3150
,,,,7649,15694,8816,3150
,,,,7650,15694,8816,3150
,,,,7651,15694,8816,3150
,,,,7652,15694,8816,3150
,,,,7653,15694,8816,3150
,,,,7654,15694,8816,3150
,,,,7655,15694,8816,3150
,,,,7656,15694,8816,3150
,,,,7657,15694,8816,3150
,,,,7658,15694,8816,3150
,,,,7659,15694,8816,3150
,,,,7660,15694,8816,3150
,,,,7661,15694,8816,3150
,,,,7662,15694,8816,3150
,,,,7663,15694,8816,3150
,,,,7664,15694,8816,3150
,,,,7665,15694,8816,3150
,,,,7666,15694,8816,3150
,,,,7667,15694,8816,3150
,,,,7668,15694,8816,3150
,,,,7669,15694,8816,3150
,,,,7670,15694,8816,3150
,,,,7671,15694,8816,3150
,,,,7672,15694,8816,3150
,,,,7673,15694,8816,3150
,,,,7674,15694,8816,3150
,,,,7675,15694,8816,3150
,,,,7676,15694,8816,3150
,,,,7677,15694,8816,3150
,,,,7678,15694,8816,3150
,,,,7679,15694,8816,3150
,,,,7680,15694,8816,3150
,,,,7681,15694,8816,3150
,,,,7682,15694,8816,3150
,,,,7683,15694,8816,3150
,,,,7684,15694,8816,3150
,,,,7685,15694,8816,3150
,,,,7686,15694,8816,3150
,,,,7687,15694,8816,3150
,,,,7688,15694,8816,3150
,,,,7689,15694,8816,3150
,,,,7690,15694,8816,3150
,,,,7691,15694,8816,3150
,,,,7692,15694,8816,3150
,,,,7693,15694,8816,3150
,,,,7694,15694,8816,3150
,,,,7695,15694,8816,3150
,,,,7696,15694,8816,3150
,,,,7697,15694,8816,3150
,,,,7698,15694,8816,3150
,,,,7699,15694,8816,3150
,,,,7700,15694,8816,3150
,,,,7701,15694,8816,3150
,,,,7702,15694,8816,3150
,,,,7703,15694,8816,3150
,,,,7704,15694,8816,3150
,,,,7705,15694,8816,3150
,,,,7706,15694,8816,3150
,,,,7707,15694,8816,3150
,,,,7708,15694,8816,3150
,,,,7709,15694,8816,3150
,,,,7710,15694,8816,3150
,,,,7711,15694,8816,3150
,,,,7712,15694,8816,3150
,,,,7713,15694,8816,3150
,,,,7714,15694,8816,3150
,,,,7715,15694,8816,3150
,,,,7716,15694,8816,3150
,,,,7717,15694,8816,3150
,,,,7718,15694,8816,3150
,,,,7719,15694,8816,3150
,,,,7720,15694,8816,3150
,,,,7721,15694,8816,3150
,,,,7722,15694,8816,3150
,,,,7723,15694,8816,3150
,,,,7724,15694,8816,3150
,,,,7725,15694,8816,3150
,,,,7726,15694,8816,3150
,,,,7727,15694,8816,3150
,,,,7728,15694,8816,3150
,,,,7729,15694,8816,3150
,,,,7730,15694,8816,3150
,,,,7731,15694,8816,3150
,,,,7732,15694,8816,3150
,,,,7733,15694,8816,3150
,,,,7734,15694,8816,3150
,,,,7735,15694,8816,3150
,,,,7736,15694,8816,3150
,,,,7737,15694,8816,3150
,,,,7738,15694,8816,3150
,,,,7739,15694,8816,3150
,,,,7740,15694,8816,3150
,,,,7741,15694,8816,3150
,,,,7742,15694,8816,3150
,,,,7743,15694,8816,3150
,,,,7744,15694,8816,3150
,,,,7745,15694,8816,3150
,,,,7746,15694,8816,3150
,,,,7747,15694,8816,3150
,,,,7748,15694,8816,3150
,,,,7749,15694,8816,3150
,,,,7750,15694,8816,3150
,,,,7751,15694,8816,3150
,,,,7752,15694,8816,3150
,,,,7753,15694,8816,3150
,,,,7754,15694,8816,3150
,,,,7755,15694,8816,3150
,,,,7756,15694,8816,3150
,,,,7757,15694,8816,3150
,,,,7758,15694,8816,3150
,,,,7759,15694,8816,3150
,,,,7760,15694,8816,3150
,,,,7761,15694,8816,3150
,,,,7762,15694,8816,3150
,,,,7763,15694,8816,3150
,,,,7764,15694,8816,3150
,,,,7765,15694,8816,3150
,,,,7766,15694,8816,3150
,,,,7767,15694,8816,3150
,,,,7768,15694,8816,3150
,,,,7769,15694,8816,3150
,,,,7770,15694,8816,3150
,,,,7771,15694,8816,3150
,,,,7772,15694,8816,3150
,,,,7773,15694,8816,3150
,,,,7774,15694,8816,3150
,,,,7775,15694,8816,3150
,,,,7776,15694,8816,3150
,,,,7777,15694,8816,3150
,,,,7778,15694,8816,3150
,,,,7779,15694,8816,3150
,,,,7780,15694,8816,3150
,,,,7781,15694,8816,3150
,,,,7782,15694,8816,3150
,,,,7783,15694,8816,3150
,,,,7784,15694,8816,3150
,,,,7785,15694,8816,3150
,,,,7786,15694,8816,3150
,,,,7787,15694,8816,3150
,,,,7788,15694,8816,3150
,,,,7789,15694,8816,3150
,,,,7790,15694,8816,3150
,,,,7791,15694,8816,3150
,,,,7792,15694,8816,3150
,,,,7793,15694,8816,3150
,,,,7794,15694,8816,3150
,,,,7795,15694,8816,3150
,,,,7796,15694,8816,3150
,,,,7797,15694,8816,3150
,,,,7798,15694,8816,3150
,,,,7799,15694,8816,3150
,,,,7800,15694,8816,3150
,,,,7801,15694,8816,3150
,,,,7802,15694,8816,3150
,,,,7803,15694,8816,3150
,,,,7804,15694,8816,3150
,,,,7805,15694,8816,3150
,,,,7806,15694,8816,3150
,,,,7807,15694,8816,3150
,,,,7808,15694,8816,3150
,,,,7809,15694,8816,3150
,,,,7810,15694,8816,3150
,,,,7811,15694,8816,3150
,,,,7812,15694,8816,3150
,,,,7813,15694,8816,3150
,,,,7814,15694,8816,3150
,,,,7815,15694,8816,3150
,,,,7816,15694,8816,3150
,,,,7817,15694,8816,3150
,,,,7818,15694,8816,3150
,,,,7819,15694,8816,3150
,,,,7820,15694,8816,3150
,,,,7821,15694,8816,3150
,,,,7822,15694,8816,3150
,,,,7823,15694,8816,3150
,,,,7824,15694,8816,3150
,,,,7825,15694,8816,3150
,,,,7826,15694,8816,3150
,,,,7827,15694,8816,3150
,,,,7828,15694,8816,3150
,,,,7829,15694,8816,3150
,,,,7830,15694,8816,3150
,,,,7831,15694,8816,3150
,,,,7832,15694,8816,3150
,,,,7833,15694,8816,3150
,,,,7834,15694,8816,3150
,,,,7835,15694,8816,3150
,,,,7836,15694,8816,3150
,,,,7837,15694,8816,3150
,,,,7838,15694,8816,3150
,,,,7839,15694,8816,3150
,,,,7840,15694,8816,3150
,,,,7841,15694,8816,3150
,,,,7842,15694,8816,3150
,,,,7843,15694,8816,3150
,,,,7844,15694,8816,3150
,,,,7845,15694,8816,3150
,,,,7846,15694,8816,3150
,,,,7847,15694,8816,3150
,,,,7848,15694,8816,3150
,,,,7849,15694,8816,3150
,,,,7850,15694,8816,3150
,,,,7851,15694,8816,3150
,,,,7852,15694,8816,3150
,,,,7853,15694,8816,3150
,,,,7854,15694,8816,3150
,,,,7855,15694,8816,3150
,,,,7856,15694,8816,3150
,,,,7857,15694,8816,3150
,,,,7858,15694,8816,3150
,,,,7859,15694,8816,3150
,,,,7860,15694,8816,3150
,,,,7861,15694,8816,3150
,,,,7862,15694,8816,3150
,,,,7863,15694,8816,3150
,,,,7864,15694,8816,3150
,,,,7865,15694,8816,3150
,,,,7866,15694,8816,3150
,,,,7867,15694,8816,3150
,,,,7868,15694,8816,3150
,,,,7869,15694,8816,3150
,,,,7870,15694,8816,3150
,,,,7871,15694,8816,3150
,,,,7872,15694,8816,3150
,,,,7873,15694,8816,3150
,,,,7874,15694,8816,3150
,,,,7875,15694,8816,3150
,,,,7876,15694,8816,3150
,,,,7877,15694,8816,3150
,,,,7878,15694,8816,3150
,,,,7879,15694,8816,3150
,,,,7880,15694,8816,3150
,,,,7881,15694,8816,3150
,,,,7882,15694,8816,3150
,,,,7883,15694,8816,3150
,,,,7884,15694,8816,3150
,,,,7885,15694,8816,3150
,,,,7886,15694,8816,3150
,,,,7887,15694,8816,3150
,,,,7888,15694,8816,3150
,,,,7889,15694,8816,3150
,,,,7890,15694,8816,3150
,,,,7891,15694,8816,3150
,,,,7892,15694,8816,3150
,,,,7893,15694,8816,3150
,,,,7894,15694,8816,3150
,,,,7895,15694,8816,3150
,,,,7896,15694,8816,3150
,,,,7897,15694,8816,3150
,,,,7898,15694,8816,3150
,,,,7899,15694,8816,3150
,,,,7900,15694,8816,3150
,,,,7901,15694,8816,3150
,,,,7902,15694,8816,3150
,,,,7903,15694,8816,3150
,,,,7904,15694,8816,3150
,,,,7905,15694,8816,3150
,,,,7906,15694,8816,3150
,,,,7907,15694,8816,3150
,,,,7908,15694,8816,3150
,,,,7909,15694,8816,3150
,,,,7910,15694,8816,3150
,,,,7911,15694,8816,3150
,,,,7912,15694,8816,3150
,,,,7913,15694,8816,3150
,,,,7914,15694,8816,3150
,,,,7915,15694,8816,3150
,,,,7916,15694,8816,3150
,,,,7917,15694,8816,3150
,,,,7918,15694,8816,3150
,,,,7919,15694,8816,3150
,,,,7920,15694,8816,3150
,,,,7921,15694,8816,3150
,,,,7922,15694,8816,3150
,,,,7923,15694,8816,3150
,,,,7924,15694,8816,3150
,,,,7925,15694,8816,3150
,,,,7926,15694,8816,3150
,,,,7927,15694,8816,3150
,,,,7928,15694,8816,3150
,,,,7929,15694,8816,3150
,,,,7930,15694,8816,3150
,,,,7931,15694,8816,3150
,,,,7932,15694,8816,3150
,,,,7933,15694,8816,3150
,,,,7934,15694,8816,3150
,,,,7935,15694,8816,3150
,,,,7936,15694,8816,3150
,,,,7937,15694,8816,3150
,,,,7938,15694,8816,3150
,,,,7939,15694,8816,3150
,,,,7940,15694,8816,3150
,,,,7941,15694,8816,3150
,,,,7942,15694,8816,3150
,,,,7943,15694,8816,3150
,,,,7944,15694,8816,3150
,,,,7945,15694,8816,3150
,,,,7946,15694,8816,3150
,,,,7947,15694,8816,3150
,,,,7948,15694,8816,3150
,,,,7949,15694,8816,3150
,,,,7950,15694,8816,3150
,,,,7951,15694,8816,3150
,,,,7952,15694,8816,3150
,,,,7953,15694,8816,3150
,,,,7954,15694,8816,3150
,,,,7955,15694,8816,3150
,,,,7956,15694,8816,3150
,,,,7957,15694,8816,3150
,,,,7958,15694,8816,3150
,,,,7959,15694,8816,3150
,,,,7960,15694,8816,3150
,,,,7961,15694,8816,3150
,,,,7962,15694,8816,3150
,,,,7963,15694,8816,3150
,,,,7964,15694,8816,3150
,,,,7965,15694,8816,3150
,,,,7966,15694,8816,3150
,,,,7967,15694,8816,3150
,,,,7968,15694,8816,3150
,,,,7969,15694,8816,3150
,,,,7970,15694,8816,3150
,,,,7971,15694,8816,3150
,,,,7972,15694,8816,3150
,,,,7973,15694,8816,3150
,,,,7974,15694,8816,3150
,,,,7975,15694,8816,3150
,,,,7976,15694,8816,3150
,,,,7977,15694,8816,3150
,,,,7978,15694,8816,3150
,,,,7979,15694,8816,3150
,,,,7980,15694,8816,3150
,,,,7981,15694,8816,3150
,,,,7982,15694,8816,3150
,,,,7983,15694,8816,3150
,,,,7984,15694,8816,3150
,,,,7985,15694,8816,3150
,,,,7986,15694,8816,3150
,,,,7987,15694,8816,3150
,,,,7988,15694,8816,3150
,,,,7989,15694,8816,3150
,,,,7990,15694,8816,3150
,,,,7991,15694,8816,3150
,,,,7992,15694,8816,3150
,,,,7993,15694,8816,3150
,,,,7994,15694,8816,3150
,,,,7995,15694,8816,3150
,,,,7996,15694,8816,3150
,,,,7997,15694,8816,3150
,,,,7998,15694,8816,3150
,,,,7999,15694,8816,3150
,,,,8000,15694,8816,3150
,,,,8001,15694,8816,3150
,,,,8002,15694,8816,3150
,,,,8003,15694,8816,3150
,,,,8004,15694,8816,3150
,,,,8005,15694,8816,3150
,,,,8006,15694,8816,3150
,,,,8007,15694,8816,3150
,,,,8008,15694,8816,3150
,,,,8009,15694,8816,3150
,,,,8010,15694,8816,3150
,,,,8011,15694,8816,3150
,,,,8012,15694,8816,3150
,,,,8013,15694,8816,3150
,,,,8014,15694,8816,3150
,,,,8015,15694,8816,3150
,,,,8016,15694,8816,3150
,,,,8017,15694,8816,3150
,,,,8018,15694,8816,3150
,,,,8019,15694,8816,3150
,,,,8020,15694,8816,3150
,,,,8021,15694,8816,3150
,,,,8022,15694,8816,3150
,,,,8023,15694,8816,3150
,,,,8024,15694,8816,3150
,,,,8025,15694,8816,3150
,,,,8026,15694,8816,3150
,,,,8027,15694,8816,3150
,,,,8028,15694,8816,3150
,,,,8029,15694,8816,3150
,,,,8030,15694,8816,3150
,,,,8031,15694,8816,3150
,,,,8032,15694,8816,3150
,,,,8033,15694,8816,3150
,,,,8034,15694,8816,3150
,,,,8035,15694,8816,3150
,,,,8036,15694,8816,3150
,,,,8037,15694,8816,3150
,,,,8038,15694,8816,3150
,,,,8039,15694,8816,3150
,,,,8040,15694,8816,3150
,,,,8041,15694,8816,3150
,,,,8042,15694,8816,3150
,,,,8043,15694,8816,3150
,,,,8044,15694,8816,3150
,,,,8045,15694,8816,3150
,,,,8046,15694,8816,3150
,,,,8047,15694,8816,3150
,,,,8048,15694,8816,3150
,,,,8049,15694,8816,3150
,,,,8050,15694,8816,3150
,,,,8051,15694,8816,3150
,,,,8052,15694,8816,3150
,,,,8053,15694,8816,3150
,,,,8054,15694,8816,3150
,,,,8055,15694,8816,3150
,,,,8056,15694,8816,3150
,,,,8057,15694,8816,3150
,,,,8058,15694,8816,3150
,,,,8059,15694,8816,3150
,,,,8060,15694,8816,3150
,,,,8061,15694,8816,3150
,,,,8062,15694,8816,3150
,,,,8063,15694,8816,3150
,,,,8064,15694,8816,3150
,,,,8065,15694,8816,3150
,,,,8066,15694,8816,3150
,,,,8067,15694,8816,3150
,,,,8068,15694,8816,3150
,,,,8069,15694,8816,3150
,,,,8070,15694,8816,3150
,,,,8071,15694,8816,3150
,,,,8072,15694,8816,3150
,,,,8073,15694,8816,3150
,,,,8074,15694,8816,3150
,,,,8075,15694,8816,3150
,,,,8076,15694,8816,3150
,,,,8077,15694,8816,3150
,,,,8078,15694,8816,3150
,,,,8079,15694,8816,3150
,,,,8080,15694,8816,3150
,,,,8081,15694,8816,3150
,,,,8082,15694,8816,3150
,,,,8083,15694,8816,3150
,,,,8084,15694,8816,3150
,,,,8085,15694,8816,3150
,,,,8086,15694,8816,3150
,,,,8087,15694,8816,3150
,,,,8088,15694,8816,3150
,,,,8089,15694,8816,3150
,,,,8090,15694,8816,3150
,,,,8091,15694,8816,3150
,,,,8092,15694,8816,3150
,,,,8093,15694,8816,3150
,,,,8094,15694,8816,3150
,,,,8095,15694,8816,3150
,,,,8096,15694,8816,3150
,,,,8097,15694,8816,3150
,,,,8098,15694,8816,3150
,,,,8099,15694,8816,3150
,,,,8100,15694,8816,3150
,,,,8101,15694,8816,3150
,,,,8102,15694,8816,3150
,,,,8103,15694,8816,3150
,,,,8104,15694,8816,3150
,,,,8105,15694,8816,3150
,,,,8106,15694,8816,3150
,,,,8107,15694,8816,3150
,,,,8108,15694,8816,3150
,,,,8109,15694,8816,3150
,,,,8110,15694,8816,3150
,,,,8111,15694,8816,3150
,,,,8112,15694,8816,3150
,,,,8113,15694,8816,3150
,,,,8114,15694,8816,3150
,,,,8115,15694,8816,3150
,,,,8116,15694,8816,3150
,,,,8117,15694,8816,3150
,,,,8118,15694,8816,3150
,,,,8119,15694,8816,3150
,,,,8120,15694,8816,3150
,,,,8121,15694,8816,3150
,,,,8122,15694,8816,3150
,,,,8123,15694,8816,3150
,,,,8124,15694,8816,3150
,,,,8125,15694,8816,3150
,,,,8126,15694,8816,3150
,,,,8127,15694,8816,3150
,,,,8128,15694,8816,3150
,,,,8129,15694,8816,3150
,,,,8130,15694,8816,3150
,,,,8131,15694,8816,3150
,,,,8132,15694,8816,3150
,,,,8133,15694,8816,3150
,,,,8134,15694,8816,3150
,,,,8135,15694,8816,3150
,,,,8136,15694,8816,3150
,,,,8137,15694,8816,3150
,,,,8138,15694,8816,3150
,,,,8139,15694,8816,3150
,,,,8140,15694,8816,3150
,,,,8141,15694,8816,3150
,,,,8142,15694,8816,3150
,,,,8143,15694,8816,3150
,,,,8144,15694,8816,3150
,,,,8145,15694,8816,3150
,,,,8146,15694,8816,3150
,,,,8147,15694,8816,3150
,,,,8148,15694,8816,3150
,,,,8149,15694,8816,3150
,,,,8150,15694,8816,3150
,,,,8151,15694,8816,3150
,,,,8152,15694,8816,3150
,,,,8153,15694,8816,3150
,,,,8154,15694,8816,3150
,,,,8155,15694,8816,3150
,,,,8156,15694,8816,3150
,,,,8157,15694,8816,3150
,,,,8158,15694,8816,3150
,,,,8159,15694,8816,3150
,,,,8160,15694,8816,3150
,,,,8161,15694,8816,3150
,,,,8162,15694,8816,3150
,,,,8163,15694,8816,3150
,,,,8164,15694,8816,3150
,,,,8165,15694,8816,3150
,,,,8166,15694,8816,3150
,,,,8167,15694,8816,3150
,,,,8168,15694,8816,3150
,,,,8169,15694,8816,3150
,,,,8170,15694,8816,3150
,,,,8171,15694,8816,3150
,,,,8172,15694,8816,3150
,,,,8173,15694,8816,3150
,,,,8174,15694,8816,3150
,,,,8175,15694,8816,3150
,,,,8176,15694,8816,3150
,,,,8177,15694,8816,3150
,,,,8178,15694,8816,3150
,,,,8179,15694,8816,3150
,,,,8180,15694,8816,3150
,,,,8181,15694,8816,3150
,,,,8182,15694,8816,3150
,,,,8183,15694,8816,3150
,,,,8184,15694,8816,3150
,,,,8185,15694,8816,3150
,,,,8186,15694,8816,3150
,,,,8187,15694,8816,3150
,,,,8188,15694,8816,3150
,,,,8189,15694,8816,3150
,,,,8190,15694,8816,3150
,,,,8191,15694,8816,3150
,,,,8192,15694,8816,3150
,,,,8193,15694,8816,3150
,,,,8194,15694,8816,3150
,,,,8195,15694,8816,3150
,,,,8196,15694,8816,3150
,,,,8197,15694,8816,3150
,,,,8198,15694,8816,3150
,,,,8199,15694,8816,3150
,,,,8200,15694,8816,3150
,,,,8201,15694,8816,3150
,,,,8202,15694,8816,3150
,,,,8203,15694,8816,3150
,,,,8204,15694,8816,3150
,,,,8205,15694,8816,3150
,,,,8206,15694,8816,3150
,,,,8207,15694,8816,3150
,,,,8208,15694,8816,3150
,,,,8209,15694,8816,3150
,,,,8210,15694,8816,3150
,,,,8211,15694,8816,3150
,,,,8212,15694,8816,3150
,,,,8213,15694,8816,3150
,,,,8214,15694,8816,3150
,,,,8215,15694,8816,3150
,,,,8216,15694,8816,3150
,,,,8217,15694,8816,3150
,,,,8218,15694,8816,3150
,,,,8219,15694,8816,3150
,,,,8220,15694,8816,3150
,,,,8221,15694,8816,3150
,,,,8222,15694,8816,3150
,,,,8223,15694,8816,3150
,,,,8224,15694,8816,3150
,,,,8225,15694,8816,3150
,,,,8226,15694,8816,3150
,,,,8227,15694,8816,3150
,,,,8228,15694,8816,3150
,,,,8229,15694,8816,3150
,,,,8230,15694,8816,3150
,,,,8231,15694,8816,3150
,,,,8232,15694,8816,3150
,,,,8233,15694,8816,3150
,,,,8234,15694,8816,3150
,,,,8235,15694,8816,3150
,,,,8236,15694,8816,3150
,,,,8237,15694,8816,3150
,,,,8238,15694,8816,3150
,,,,8239,15694,8816,3150
,,,,8240,15694,8816,3150
,,,,8241,15694,8816,3150
,,,,8242,15694,8816,3150
,,,,8243,15694,8816,3150
,,,,8244,15694,8816,3150
,,,,8245,15694,8816,3150
,,,,8246,15694,8816,3150
,,,,8247,15694,8816,3150
,,,,8248,15694,8816,3150
,,,,8249,15694,8816,3150
,,,,8250,15694,8816,3150
,,,,8251,15694,8816,3150
,,,,8252,15694,8816,3150
,,,,8253,15694,8816,3150
,,,,8254,15694,8816,3150
,,,,8255,15694,8816,3150
,,,,8256,15694,8816,3150
,,,,8257,15694,8816,3150
,,,,8258,15694,8816,3150
,,,,8259,15694,8816,3150
,,,,8260,15694,8816,3150
,,,,8261,15694,8816,3150
,,,,8262,15694,8816,3150
,,,,8263,15694,8816,3150
,,,,8264,15694,8816,3150
,,,,8265,15694,8816,3150
,,,,8266,15694,8816,3150
,,,,8267,15694,8816,3150
,,,,8268,15694,8816,3150
,,,,8269,15694,8816,3150
,,,,8270,15694,8816,3150
,,,,8271,15694,8816,3150
,,,,8272,15694,8816,3150
,,,,8273,15694,8816,3150
,,,,8274,15694,8816,3150
,,,,8275,15694,8816,3150
,,,,8276,15694,8816,3150
,,,,8277,15694,8816,3150
,,,,8278,15694,8816,3150
,,,,8279,15694,8816,3150
,,,,8280,15694,8816,3150
,,,,8281,15694,8816,3150
,,,,8282,15694,8816,3150
,,,,8283,15694,8816,3150
,,,,8284,15694,8816,3150
,,,,8285,15694,8816,3150
,,,,8286,15694,8816,3150
,,,,8287,15694,8816,3150
,,,,8288,15694,8816,3150
,,,,8289,15694,8816,3150
,,,,8290,15694,8816,3150
,,,,8291,15694,8816,3150
,,,,8292,15694,8816,3150
,,,,8293,15694,8816,3150
,,,,8294,15694,8816,3150
,,,,8295,15694,8816,3150
,,,,8296,15694,8816,3150
,,,,8297,15694,8816,3150
,,,,8298,15694,8816,3150
,,,,8299,15694,8816,3150
,,,,8300,15694,8816,3150
,,,,8301,15694,8816,3150
,,,,8302,15694,8816,3150
,,,,8303,15694,8816,3150
,,,,8304,15694,8816,3150
,,,,8305,15694,8816,3150
,,,,8306,15694,8816,3150
,,,,8307,15694,8816,3150
,,,,8308,15694,8816,3150
,,,,8309,15694,8816,3150
,,,,8310,15694,8816,3150
,,,,8311,15694,8816,3150
,,,,8312,15694,8816,3150
,,,,8313,15694,8816,3150
,,,,8314,15694,8816,3150
,,,,8315,15694,8816,3150
,,,,8316,15694,8816,3150
,,,,8317,15694,8816,3150
,,,,8318,15694,8816,3150
,,,,8319,15694,8816,3150
,,,,8320,15694,8816,3150
,,,,8321,15694,8816,3150
,,,,8322,15694,8816,3150
,,,,8323,15694,8816,3150
,,,,8324,15694,8816,3150
,,,,8325,15694,8816,3150
,,,,8326,15694,8816,3150
,,,,8327,15694,8816,3150
,,,,8328,15694,8816,3150
,,,,8329,15694,8816,3150
,,,,8330,15694,8816,3150
,,,,8331,15694,8816,3150
,,,,8332,15694,8816,3150
,,,,8333,15694,8816,3150
,,,,8334,15694,8816,3150
,,,,8335,15694,8816,3150
,,,,8336,15694,8816,3150
,,,,8337,15694,8816,3150
,,,,8338,15694,8816,3150
,,,,8339,15694,8816,3150
,,,,8340,15694,8816,3150
,,,,8341,15694,8816,3150
,,,,8342,15694,8816,3150
,,,,8343,15694,8816,3150
,,,,8344,15694,8816,3150
,,,,8345,15694,8816,3150
,,,,8346,15694,8816,3150
,,,,8347,15694,8816,3150
,,,,8348,15694,8816,3150
,,,,8349,15694,8816,3150
,,,,8350,15694,8816,3150
,,,,8351,15694,8816,3150
,,,,8352,15694,8816,3150
,,,,8353,15694,8816,3150
,,,,8354,15694,8816,3150
,,,,8355,15694,8816,3150
,,,,8356,15694,8816,3150
,,,,8357,15694,8816,3150
,,,,8358,15694,8816,3150
,,,,8359,15694,8816,3150
,,,,8360,15694,8816,3150
,,,,8361,15694,8816,3150
,,,,8362,15694,8816,3150
,,,,8363,15694,8816,3150
,,,,8364,15694,8816,3150
,,,,8365,15694,8816,3150
,,,,8366,15694,8816,3150
,,,,8367,15694,8816,3150
,,,,8368,15694,8816,3150
,,,,8369,15694,8816,3150
,,,,8370,15694,8816,3150
,,,,8371,15694,8816,3150
,,,,8372,15694,8816,3150
,,,,8373,15694,8816,3150
,,,,8374,15694,8816,3150
,,,,8375,15694,8816,3150
,,,,8376,15694,8816,3150
,,,,8377,15694,8816,3150
,,,,8378,15694,8816,3150
,,,,8379,15694,8816,3150
,,,,8380,15694,8816,3150
,,,,8381,15694,8816,3150
,,,,8382,15694,8816,3150
,,,,8383,15694,8816,3150
,,,,8384,15694,8816,3150
,,,,8385,15694,8816,3150
,,,,8386,15694,8816,3150
,,,,8387,15694,8816,3150
,,,,8388,15694,8816,3150
,,,,8389,15694,8816,3150
,,,,8390,15694,8816,3150
,,,,8391,15694,8816,3150
,,,,8392,15694,8816,3150
,,,,8393,15694,8816,3150
,,,,8394,15694,8816,3150
,,,,8395,15694,8816,3150
,,,,8396,15694,8816,3150
,,,,8397,15694,8816,3150
,,,,8398,15694,8816,3150
,,,,8399,15694,8816,3150
,,,,8400,15694,8816,3150
,,,,8401,15694,8816,3150
,,,,8402,15694,8816,3150
,,,,8403,15694,8816,3150
,,,,8404,15694,8816,3150
,,,,8405,15694,8816,3150
,,,,8406,15694,8816,3150
,,,,8407,15694,8816,3150
,,,,8408,15694,8816,3150
,,,,8409,15694,8816,3150
,,,,8410,15694,8816,3150
,,,,8411,15694,8816,3150
,,,,8412,15694,8816,3150
,,,,8413,15694,8816,3150
,,,,8414,15694,8816,3150
,,,,8415,15694,8816,3150
,,,,8416,15694,8816,3150
,,,,8417,15694,8816,3150
,,,,8418,15694,8816,3150
,,,,8419,15694,8816,3150
,,,,8420,15694,8816,3150
,,,,8421,15694,8816,3150
,,,,8422,15694,8816,3150
,,,,8423,15694,8816,3150
,,,,8424,15694,8816,3150
,,,,8425,15694,8816,3150
,,,,8426,15694,8816,3150
,,,,8427,15694,8816,3150
,,,,8428,15694,8816,3150
,,,,8429,15694,8816,3150
,,,,8430,15694,8816,3150
,,,,8431,15694,8816,3150
,,,,8432,15694,8816,3150
,,,,8433,15694,8816,3150
,,,,8434,15694,8816,3150
,,,,8435,15694,8816,3150
,,,,8436,15694,8816,3150
,,,,8437,15694,8816,3150
,,,,8438,15694,8816,3150
,,,,8439,15694,8816,3150
,,,,8440,15694,8816,3150
,,,,8441,15694,8816,3150
,,,,8442,15694,8816,3150
,,,,8443,15694,8816,3150
,,,,8444,15694,8816,3150
,,,,8445,15694,8816,3150
,,,,8446,15694,8816,3150
,,,,8447,15694,8816,3150
,,,,8448,15694,8816,3150
,,,,8449,15694,8816,3150
,,,,8450,15694,8816,3150
,,,,8451,15694,8816,3150
,,,,8452,15694,8816,3150
,,,,8453,15694,8816,3150
,,,,8454,15694,8816,3150
,,,,8455,15694,8816,3150
,,,,8456,15694,8816,3150
,,,,8457,15694,8816,3150
,,,,8458,15694,8816,3150
,,,,8459,15694,8816,3150
,,,,8460,15694,8816,3150
,,,,8461,15694,8816,3150
,,,,8462,15694,8816,3150
,,,,8463,15694,8816,3150
,,,,8464,15694,8816,3150
,,,,8465,15694,8816,3150
,,,,8466,15694,8816,3150
,,,,8467,15694,8816,3150
,,,,8468,15694,8816,3150
,,,,8469,15694,8816,3150
,,,,8470,15694,8816,3150
,,,,8471,15694,8816,3150
,,,,8472,15694,8816,3150
,,,,8473,15694,8816,3150
,,,,8474,15694,8816,3150
,,,,8475,15694,8816,3150
,,,,8476,15694,8816,3150
,,,,8477,15694,8816,3150
,,,,8478,15694,8816,3150
,,,,8479,15694,8816,3150
,,,,8480,15694,8816,3150
,,,,8481,15694,8816,3150
,,,,8482,15694,8816,3150
,,,,8483,15694,8816,3150
,,,,8484,15694,8816,3150
,,,,8485,15694,8816,3150
,,,,8486,15694,8816,3150
,,,,8487,15694,8816,3150
,,,,8488,15694,8816,3150
,,,,8489,15694,8816,3150
,,,,8490,15694,8816,3150
,,,,8491,15694,8816,3150
,,,,8492,15694,8816,3150
,,,,8493,15694,8816,3150
,,,,8494,15694,8816,3150
,,,,8495,15694,8816,3150
,,,,8496,15694,8816,3150
,,,,8497,15694,8816,3150
,,,,8498,15694,8816,3150
,,,,8499,15694,8816,3150
,,,,8500,15694,8816,3150
,,,,8501,15694,8816,3150
,,,,8502,15694,8816,3150
,,,,8503,15694,8816,3150
,,,,8504,15694,8816,3150
,,,,8505,15694,8816,3150
,,,,8506,15694,8816,3150
,,,,8507,15694,8816,3150
,,,,8508,15694,8816,3150
,,,,8509,15694,8816,3150
,,,,8510,15694,8816,3150
,,,,8511,15694,8816,3150
,,,,8512,15694,8816,3150
,,,,8513,15694,8816,3150
,,,,8514,15694,8816,3150
,,,,8515,15694,8816,3150
,,,,8516,15694,8816,3150
,,,,8517,15694,8816,3150
,,,,8518,15694,8816,3150
,,,,8519,15694,8816,3150
,,,,8520,15694,8816,3150
,,,,8521,15694,8816,3150
,,,,8522,15694,8816,3150
,,,,8523,15694,8816,3150
,,,,8524,15694,8816,3150
,,,,8525,15694,8816,3150
,,,,8526,15694,8816,3150
,,,,8527,15694,8816,3150
,,,,8528,15694,8816,3150
,,,,8529,15694,8816,3150
,,,,8530,15694,8816,3150
,,,,8531,15694,8816,3150
,,,,8532,15694,8816,3150
,,,,8533,15694,8816,3150
,,,,8534,15694,8816,3150
,,,,8535,15694,8816,3150
,,,,8536,15694,8816,3150
,,,,8537,15694,8816,3150
,,,,8538,15694,8816,3150
,,,,8539,15694,8816,3150
,,,,8540,15694,8816,3150
,,,,8541,15694,8816,3150
,,,,8542,15694,8816,3150
,,,,8543,15694,8816,3150
,,,,8544,15694,8816,3150
,,,,8545,15694,8816,3150
,,,,8546,15694,8816,3150
,,,,8547,15694,8816,3150
,,,,8548,15694,8816,3150
,,,,8549,15694,8816,3150
,,,,8550,15694,8816,3150
,,,,8551,15694,8816,3150
,,,,8552,15694,8816,3150
,,,,8553,15694,8816,3150
,,,,8554,15694,8816,3150
,,,,8555,15694,8816,3150
,,,,8556,15694,8816,3150
,,,,8557,15694,8816,3150
,,,,8558,15694,8816,3150
,,,,8559,15694,8816,3150
,,,,8560,15694,8816,3150
,,,,8561,15694,8816,3150
,,,,8562,15694,8816,3150
,,,,8563,15694,8816,3150
,,,,8564,15694,8816,3150
,,,,8565,15694,8816,3150
,,,,8566,15694,8816,3150
,,,,8567,15694,8816,3150
,,,,8568,15694,8816,3150
,,,,8569,15694,8816,3150
,,,,8570,15694,8816,3150
,,,,8571,15694,8816,3150
,,,,8572,15694,8816,3150
,,,,8573,15694,8816,3150
,,,,8574,15694,8816,3150
,,,,8575,15694,8816,3150
,,,,8576,15694,8816,3150
,,,,8577,15694,8816,3150
,,,,8578,15694,8816,3150
,,,,8579,15694,8816,3150
,,,,8580,15694,8816,3150
,,,,8581,15694,8816,3150
,,,,8582,15694,8816,3150
,,,,8583,15694,8816,3150
,,,,8584,15694,8816,3150
,,,,8585,15694,8816,3150
,,,,8586,15694,8816,3150
,,,,8587,15694,8816,3150
,,,,8588,15694,8816,3150
,,,,8589,15694,8816,3150
,,,,8590,15694,8816,3150
,,,,8591,15694,8816,3150
,,,,8592,15694,8816,3150
,,,,8593,15694,8816,3150
,,,,8594,15694,8816,3150
,,,,8595,15694,8816,3150
,,,,8596,15694,8816,3150
,,,,8597,15694,8816,3150
,,,,8598,15694,8816,3150
,,,,8599,15694,8816,3150
,,,,8600,15694,8816,3150
,,,,8601,15694,8816,3150
,,,,8602,15694,8816,3150
,,,,8603,15694,8816,3150
,,,,8604,15694,8816,3150
,,,,8605,15694,8816,3150
,,,,8606,15694,8816,3150
,,,,8607,15694,8816,3150
,,,,8608,15694,8816,3150
,,,,8609,15694,8816,3150
,,,,8610,15694,8816,3150
,,,,8611,15694,8816,3150
,,,,8612,15694,8816,3150
,,,,8613,15694,8816,3150
,,,,8614,15694,8816,3150
,,,,8615,15694,8816,3150
,,,,8616,15694,8816,3150
,,,,8617,15694,8816,3150
,,,,8618,15694,8816,3150
,,,,8619,15694,8816,3150
,,,,8620,15694,8816,3150
,,,,8621,15694,8816,3150
,,,,8622,15694,8816,3150
,,,,8623,15694,8816,3150
,,,,8624,15694,8816,3150
,,,,8625,15694,8816,3150
,,,,8626,15694,8816,3150
,,,,8627,15694,8816,3150
,,,,8628,15694,8816,3150
,,,,8629,15694,8816,3150
,,,,8630,15694,8816,3150
,,,,8631,15694,8816,3150
,,,,8632,15694,8816,3150
,,,,8633,15694,8816,3150
,,,,8634,15694,8816,3150
,,,,8635,15694,8816,3150
,,,,8636,15694,8816,3150
,,,,8637,15694,8816,3150
,,,,8638,15694,8816,3150
,,,,8639,15694,8816,3150
,,,,8640,15694,8816,3150
,,,,8641,15694,8816,3150
,,,,8642,15694,8816,3150
,,,,8643,15694,8816,3150
,,,,8644,15694,8816,3150
,,,,8645,15694,8816,3150
,,,,8646,15694,8816,3150
,,,,8647,15694,8816,3150
,,,,8648,15694,8816,3150
,,,,8649,15694,8816,3150
,,,,8650,15694,8816,3150
,,,,8651,15694,8816,3150
,,,,8652,15694,8816,3150
,,,,8653,15694,8816,3150
,,,,8654,15694,8816,3150
,,,,8655,15694,8816,3150
,,,,8656,15694,8816,3150
,,,,8657,15694,8816,3150
,,,,8658,15694,8816,3150
,,,,8659,15694,8816,3150
,,,,8660,15694,8816,3150
,,,,8661,15694,8816,3150
,,,,8662,15694,8816,3150
,,,,8663,15694,8816,3150
,,,,8664,15694,8816,3150
,,,,8665,15694,8816,3150
,,,,8666,15694,8816,3150
,,,,8667,15694,8816,3150
,,,,8668,15694,8816,3150
,,,,8669,15694,8816,3150
,,,,8670,15694,8816,3150
,,,,8671,15694,8816,3150
,,,,8672,15694,8816,3150
,,,,8673,15694,8816,3150
,,,,8674,15694,8816,3150
,,,,8675,15694,8816,3150
,,,,8676,15694,8816,3150
,,,,8677,15694,8816,3150
,,,,8678,15694,8816,3150
,,,,8679,15694,8816,3150
,,,,8680,15694,8816,3150
,,,,8681,15694,8816,3150
,,,,8682,15694,8816,3150
,,,,8683,15694,8816,3150
,,,,8684,15694,8816,3150
,,,,8685,15694,8816,3150
,,,,8686,15694,8816,3150
,,,,8687,15694,8816,3150
,,,,8688,15694,8816,3150
,,,,8689,15694,8816,3150
,,,,8690,15694,8816,3150
,,,,8691,15694,8816,3150
,,,,8692,15694,8816,3150
,,,,8693,15694,8816,3150
,,,,8694,15694,8816,3150
,,,,8695,15694,8816,3150
,,,,8696,15694,8816,3150
,,,,8697,15694,8816,3150
,,,,8698,15694,8816,3150
,,,,8699,15694,8816,3150
,,,,8700,15694,8816,3150
,,,,8701,15694,8816,3150
,,,,8702,15694,8816,3150
,,,,8703,15694,8816,3150
,,,,8704,15694,8816,3150
,,,,8705,15694,8816,3150
,,,,8706,15694,8816,3150
,,,,8707,15694,8816,3150
,,,,8708,15694,8816,3150
,,,,8709,15694,8816,3150
,,,,8710,15694,8816,3150
,,,,8711,15694,8816,3150
,,,,8712,15694,8816,3150
,,,,8713,15694,8816,3150
,,,,8714,15694,8816,3150
,,,,8715,15694,8816,3150
,,,,8716,15694,8816,3150
,,,,8717,15694,8816,3150
,,,,8718,15694,8816,3150
,,,,8719,15694,8816,3150
,,,,8720,15694,8816,3150
,,,,8721,15694,8816,3150
,,,,8722,15694,8816,3150
,,,,8723,15694,8816,3150
,,,,8724,15694,8816,3150
,,,,8725,15694,8816,3150
,,,,8726,15694,8816,3150
,,,,8727,15694,8816,3150
,,,,8728,15694,8816,3150
,,,,8729,15694,8816,3150
,,,,8730,15694,8816,3150
,,,,8731,15694,8816,3150
,,,,8732,15694,8816,3150
,,,,8733,15694,8816,3150
,,,,8734,15694,8816,3150
,,,,8735,15694,8816,3150
,,,,8736,15694,8816,3150
,,,,8737,15694,8816,3150
,,,,8738,15694,8816,3150
,,,,8739,15694,8816,3150
,,,,8740,15694,8816,3150
,,,,8741,15694,8816,3150
,,,,8742,15694,8816,3150
,,,,8743,15694,8816,3150
,,,,8744,15694,8816,3150
,,,,8745,15694,8816,3150
,,,,8746,15694,8816,3150
,,,,8747,15694,8816,3150
,,,,8748,15694,8816,3150
,,,,8749,15694,8816,3150
,,,,8750,15694,8816,3150
,,,,8751,15694,8816,3150
,,,,8752,15694,8816,3150
,,,,8753,15694,8816,3150
,,,,8754,15694,8816,3150
,,,,8755,15694,8816,3150
,,,,8756,15694,8816,3150
,,,,8757,15694,8816,3150
,,,,8758,15694,8816,3150
,,,,8759,15694,8816,3150
,,,,8760,15694,8816,3150