Global_conventional_gasoline_price_per_mmbtu,Conventional_gasoline_co2_per_mmbtu,Syn_gasoline_co2_per_mmbtu,Bio_gasoline_co2_per_mmbtu,Time_Index,Load_mmbtu_z1,Load_mmbtu_z2,Load_mmbtu_z3
27.83,0.0707,0.0707,0.0707,1,18195,11896,7059
,,,,2,18195,11896,7059
,,,,3,18195,11896,7059
,,,,4,18195,11896,7059
,,,,5,18195,11896,7059
,,,,6,18195,11896,7059
,,,,7,18195,11896,7059
,,,,8,18195,11896,7059
,,,,9,18195,11896,7059
,,,,10,18195,11896,7059
,,,,11,18195,11896,7059
,,,,12,18195,11896,7059
,,,,13,18195,11896,7059
,,,,14,18195,11896,7059
,,,,15,18195,11896,7059
,,,,16,18195,11896,7059
,,,,17,18195,11896,7059
,,,,18,18195,11896,7059
,,,,19,18195,11896,7059
,,,,20,18195,11896,7059
,,,,21,18195,11896,7059
,,,,22,18195,11896,7059
,,,,23,18195,11896,7059
,,,,24,18195,11896,7059
,,,,25,18195,11896,7059
,,,,26,18195,11896,7059
,,,,27,18195,11896,7059
,,,,28,18195,11896,7059
,,,,29,18195,11896,7059
,,,,30,18195,11896,7059
,,,,31,18195,11896,7059
,,,,32,18195,11896,7059
,,,,33,18195,11896,7059
,,,,34,18195,11896,7059
,,,,35,18195,11896,7059
,,,,36,18195,11896,7059
,,,,37,18195,11896,7059
,,,,38,18195,11896,7059
,,,,39,18195,11896,7059
,,,,40,18195,11896,7059
,,,,41,18195,11896,7059
,,,,42,18195,11896,7059
,,,,43,18195,11896,7059
,,,,44,18195,11896,7059
,,,,45,18195,11896,7059
,,,,46,18195,11896,7059
,,,,47,18195,11896,7059
,,,,48,18195,11896,7059
,,,,49,18195,11896,7059
,,,,50,18195,11896,7059
,,,,51,18195,11896,7059
,,,,52,18195,11896,7059
,,,,53,18195,11896,7059
,,,,54,18195,11896,7059
,,,,55,18195,11896,7059
,,,,56,18195,11896,7059
,,,,57,18195,11896,7059
,,,,58,18195,11896,7059
,,,,59,18195,11896,7059
,,,,60,18195,11896,7059
,,,,61,18195,11896,7059
,,,,62,18195,11896,7059
,,,,63,18195,11896,7059
,,,,64,18195,11896,7059
,,,,65,18195,11896,7059
,,,,66,18195,11896,7059
,,,,67,18195,11896,7059
,,,,68,18195,11896,7059
,,,,69,18195,11896,7059
,,,,70,18195,11896,7059
,,,,71,18195,11896,7059
,,,,72,18195,11896,7059
,,,,73,18195,11896,7059
,,,,74,18195,11896,7059
,,,,75,18195,11896,7059
,,,,76,18195,11896,7059
,,,,77,18195,11896,7059
,,,,78,18195,11896,7059
,,,,79,18195,11896,7059
,,,,80,18195,11896,7059
,,,,81,18195,11896,7059
,,,,82,18195,11896,7059
,,,,83,18195,11896,7059
,,,,84,18195,11896,7059
,,,,85,18195,11896,7059
,,,,86,18195,11896,7059
,,,,87,18195,11896,7059
,,,,88,18195,11896,7059
,,,,89,18195,11896,7059
,,,,90,18195,11896,7059
,,,,91,18195,11896,7059
,,,,92,18195,11896,7059
,,,,93,18195,11896,7059
,,,,94,18195,11896,7059
,,,,95,18195,11896,7059
,,,,96,18195,11896,7059
,,,,97,18195,11896,7059
,,,,98,18195,11896,7059
,,,,99,18195,11896,7059
,,,,100,18195,11896,7059
,,,,101,18195,11896,7059
,,,,102,18195,11896,7059
,,,,103,18195,11896,7059
,,,,104,18195,11896,7059
,,,,105,18195,11896,7059
,,,,106,18195,11896,7059
,,,,107,18195,11896,7059
,,,,108,18195,11896,7059
,,,,109,18195,11896,7059
,,,,110,18195,11896,7059
,,,,111,18195,11896,7059
,,,,112,18195,11896,7059
,,,,113,18195,11896,7059
,,,,114,18195,11896,7059
,,,,115,18195,11896,7059
,,,,116,18195,11896,7059
,,,,117,18195,11896,7059
,,,,118,18195,11896,7059
,,,,119,18195,11896,7059
,,,,120,18195,11896,7059
,,,,121,18195,11896,7059
,,,,122,18195,11896,7059
,,,,123,18195,11896,7059
,,,,124,18195,11896,7059
,,,,125,18195,11896,7059
,,,,126,18195,11896,7059
,,,,127,18195,11896,7059
,,,,128,18195,11896,7059
,,,,129,18195,11896,7059
,,,,130,18195,11896,7059
,,,,131,18195,11896,7059
,,,,132,18195,11896,7059
,,,,133,18195,11896,7059
,,,,134,18195,11896,7059
,,,,135,18195,11896,7059
,,,,136,18195,11896,7059
,,,,137,18195,11896,7059
,,,,138,18195,11896,7059
,,,,139,18195,11896,7059
,,,,140,18195,11896,7059
,,,,141,18195,11896,7059
,,,,142,18195,11896,7059
,,,,143,18195,11896,7059
,,,,144,18195,11896,7059
,,,,145,18195,11896,7059
,,,,146,18195,11896,7059
,,,,147,18195,11896,7059
,,,,148,18195,11896,7059
,,,,149,18195,11896,7059
,,,,150,18195,11896,7059
,,,,151,18195,11896,7059
,,,,152,18195,11896,7059
,,,,153,18195,11896,7059
,,,,154,18195,11896,7059
,,,,155,18195,11896,7059
,,,,156,18195,11896,7059
,,,,157,18195,11896,7059
,,,,158,18195,11896,7059
,,,,159,18195,11896,7059
,,,,160,18195,11896,7059
,,,,161,18195,11896,7059
,,,,162,18195,11896,7059
,,,,163,18195,11896,7059
,,,,164,18195,11896,7059
,,,,165,18195,11896,7059
,,,,166,18195,11896,7059
,,,,167,18195,11896,7059
,,,,168,18195,11896,7059
,,,,169,18195,11896,7059
,,,,170,18195,11896,7059
,,,,171,18195,11896,7059
,,,,172,18195,11896,7059
,,,,173,18195,11896,7059
,,,,174,18195,11896,7059
,,,,175,18195,11896,7059
,,,,176,18195,11896,7059
,,,,177,18195,11896,7059
,,,,178,18195,11896,7059
,,,,179,18195,11896,7059
,,,,180,18195,11896,7059
,,,,181,18195,11896,7059
,,,,182,18195,11896,7059
,,,,183,18195,11896,7059
,,,,184,18195,11896,7059
,,,,185,18195,11896,7059
,,,,186,18195,11896,7059
,,,,187,18195,11896,7059
,,,,188,18195,11896,7059
,,,,189,18195,11896,7059
,,,,190,18195,11896,7059
,,,,191,18195,11896,7059
,,,,192,18195,11896,7059
,,,,193,18195,11896,7059
,,,,194,18195,11896,7059
,,,,195,18195,11896,7059
,,,,196,18195,11896,7059
,,,,197,18195,11896,7059
,,,,198,18195,11896,7059
,,,,199,18195,11896,7059
,,,,200,18195,11896,7059
,,,,201,18195,11896,7059
,,,,202,18195,11896,7059
,,,,203,18195,11896,7059
,,,,204,18195,11896,7059
,,,,205,18195,11896,7059
,,,,206,18195,11896,7059
,,,,207,18195,11896,7059
,,,,208,18195,11896,7059
,,,,209,18195,11896,7059
,,,,210,18195,11896,7059
,,,,211,18195,11896,7059
,,,,212,18195,11896,7059
,,,,213,18195,11896,7059
,,,,214,18195,11896,7059
,,,,215,18195,11896,7059
,,,,216,18195,11896,7059
,,,,217,18195,11896,7059
,,,,218,18195,11896,7059
,,,,219,18195,11896,7059
,,,,220,18195,11896,7059
,,,,221,18195,11896,7059
,,,,222,18195,11896,7059
,,,,223,18195,11896,7059
,,,,224,18195,11896,7059
,,,,225,18195,11896,7059
,,,,226,18195,11896,7059
,,,,227,18195,11896,7059
,,,,228,18195,11896,7059
,,,,229,18195,11896,7059
,,,,230,18195,11896,7059
,,,,231,18195,11896,7059
,,,,232,18195,11896,7059
,,,,233,18195,11896,7059
,,,,234,18195,11896,7059
,,,,235,18195,11896,7059
,,,,236,18195,11896,7059
,,,,237,18195,11896,7059
,,,,238,18195,11896,7059
,,,,239,18195,11896,7059
,,,,240,18195,11896,7059
,,,,241,18195,11896,7059
,,,,242,18195,11896,7059
,,,,243,18195,11896,7059
,,,,244,18195,11896,7059
,,,,245,18195,11896,7059
,,,,246,18195,11896,7059
,,,,247,18195,11896,7059
,,,,248,18195,11896,7059
,,,,249,18195,11896,7059
,,,,250,18195,11896,7059
,,,,251,18195,11896,7059
,,,,252,18195,11896,7059
,,,,253,18195,11896,7059
,,,,254,18195,11896,7059
,,,,255,18195,11896,7059
,,,,256,18195,11896,7059
,,,,257,18195,11896,7059
,,,,258,18195,11896,7059
,,,,259,18195,11896,7059
,,,,260,18195,11896,7059
,,,,261,18195,11896,7059
,,,,262,18195,11896,7059
,,,,263,18195,11896,7059
,,,,264,18195,11896,7059
,,,,265,18195,11896,7059
,,,,266,18195,11896,7059
,,,,267,18195,11896,7059
,,,,268,18195,11896,7059
,,,,269,18195,11896,7059
,,,,270,18195,11896,7059
,,,,271,18195,11896,7059
,,,,272,18195,11896,7059
,,,,273,18195,11896,7059
,,,,274,18195,11896,7059
,,,,275,18195,11896,7059
,,,,276,18195,11896,7059
,,,,277,18195,11896,7059
,,,,278,18195,11896,7059
,,,,279,18195,11896,7059
,,,,280,18195,11896,7059
,,,,281,18195,11896,7059
,,,,282,18195,11896,7059
,,,,283,18195,11896,7059
,,,,284,18195,11896,7059
,,,,285,18195,11896,7059
,,,,286,18195,11896,7059
,,,,287,18195,11896,7059
,,,,288,18195,11896,7059
,,,,289,18195,11896,7059
,,,,290,18195,11896,7059
,,,,291,18195,11896,7059
,,,,292,18195,11896,7059
,,,,293,18195,11896,7059
,,,,294,18195,11896,7059
,,,,295,18195,11896,7059
,,,,296,18195,11896,7059
,,,,297,18195,11896,7059
,,,,298,18195,11896,7059
,,,,299,18195,11896,7059
,,,,300,18195,11896,7059
,,,,301,18195,11896,7059
,,,,302,18195,11896,7059
,,,,303,18195,11896,7059
,,,,304,18195,11896,7059
,,,,305,18195,11896,7059
,,,,306,18195,11896,7059
,,,,307,18195,11896,7059
,,,,308,18195,11896,7059
,,,,309,18195,11896,7059
,,,,310,18195,11896,7059
,,,,311,18195,11896,7059
,,,,312,18195,11896,7059
,,,,313,18195,11896,7059
,,,,314,18195,11896,7059
,,,,315,18195,11896,7059
,,,,316,18195,11896,7059
,,,,317,18195,11896,7059
,,,,318,18195,11896,7059
,,,,319,18195,11896,7059
,,,,320,18195,11896,7059
,,,,321,18195,11896,7059
,,,,322,18195,11896,7059
,,,,323,18195,11896,7059
,,,,324,18195,11896,7059
,,,,325,18195,11896,7059
,,,,326,18195,11896,7059
,,,,327,18195,11896,7059
,,,,328,18195,11896,7059
,,,,329,18195,11896,7059
,,,,330,18195,11896,7059
,,,,331,18195,11896,7059
,,,,332,18195,11896,7059
,,,,333,18195,11896,7059
,,,,334,18195,11896,7059
,,,,335,18195,11896,7059
,,,,336,18195,11896,7059
,,,,337,18195,11896,7059
,,,,338,18195,11896,7059
,,,,339,18195,11896,7059
,,,,340,18195,11896,7059
,,,,341,18195,11896,7059
,,,,342,18195,11896,7059
,,,,343,18195,11896,7059
,,,,344,18195,11896,7059
,,,,345,18195,11896,7059
,,,,346,18195,11896,7059
,,,,347,18195,11896,7059
,,,,348,18195,11896,7059
,,,,349,18195,11896,7059
,,,,350,18195,11896,7059
,,,,351,18195,11896,7059
,,,,352,18195,11896,7059
,,,,353,18195,11896,7059
,,,,354,18195,11896,7059
,,,,355,18195,11896,7059
,,,,356,18195,11896,7059
,,,,357,18195,11896,7059
,,,,358,18195,11896,7059
,,,,359,18195,11896,7059
,,,,360,18195,11896,7059
,,,,361,18195,11896,7059
,,,,362,18195,11896,7059
,,,,363,18195,11896,7059
,,,,364,18195,11896,7059
,,,,365,18195,11896,7059
,,,,366,18195,11896,7059
,,,,367,18195,11896,7059
,,,,368,18195,11896,7059
,,,,369,18195,11896,7059
,,,,370,18195,11896,7059
,,,,371,18195,11896,7059
,,,,372,18195,11896,7059
,,,,373,18195,11896,7059
,,,,374,18195,11896,7059
,,,,375,18195,11896,7059
,,,,376,18195,11896,7059
,,,,377,18195,11896,7059
,,,,378,18195,11896,7059
,,,,379,18195,11896,7059
,,,,380,18195,11896,7059
,,,,381,18195,11896,7059
,,,,382,18195,11896,7059
,,,,383,18195,11896,7059
,,,,384,18195,11896,7059
,,,,385,18195,11896,7059
,,,,386,18195,11896,7059
,,,,387,18195,11896,7059
,,,,388,18195,11896,7059
,,,,389,18195,11896,7059
,,,,390,18195,11896,7059
,,,,391,18195,11896,7059
,,,,392,18195,11896,7059
,,,,393,18195,11896,7059
,,,,394,18195,11896,7059
,,,,395,18195,11896,7059
,,,,396,18195,11896,7059
,,,,397,18195,11896,7059
,,,,398,18195,11896,7059
,,,,399,18195,11896,7059
,,,,400,18195,11896,7059
,,,,401,18195,11896,7059
,,,,402,18195,11896,7059
,,,,403,18195,11896,7059
,,,,404,18195,11896,7059
,,,,405,18195,11896,7059
,,,,406,18195,11896,7059
,,,,407,18195,11896,7059
,,,,408,18195,11896,7059
,,,,409,18195,11896,7059
,,,,410,18195,11896,7059
,,,,411,18195,11896,7059
,,,,412,18195,11896,7059
,,,,413,18195,11896,7059
,,,,414,18195,11896,7059
,,,,415,18195,11896,7059
,,,,416,18195,11896,7059
,,,,417,18195,11896,7059
,,,,418,18195,11896,7059
,,,,419,18195,11896,7059
,,,,420,18195,11896,7059
,,,,421,18195,11896,7059
,,,,422,18195,11896,7059
,,,,423,18195,11896,7059
,,,,424,18195,11896,7059
,,,,425,18195,11896,7059
,,,,426,18195,11896,7059
,,,,427,18195,11896,7059
,,,,428,18195,11896,7059
,,,,429,18195,11896,7059
,,,,430,18195,11896,7059
,,,,431,18195,11896,7059
,,,,432,18195,11896,7059
,,,,433,18195,11896,7059
,,,,434,18195,11896,7059
,,,,435,18195,11896,7059
,,,,436,18195,11896,7059
,,,,437,18195,11896,7059
,,,,438,18195,11896,7059
,,,,439,18195,11896,7059
,,,,440,18195,11896,7059
,,,,441,18195,11896,7059
,,,,442,18195,11896,7059
,,,,443,18195,11896,7059
,,,,444,18195,11896,7059
,,,,445,18195,11896,7059
,,,,446,18195,11896,7059
,,,,447,18195,11896,7059
,,,,448,18195,11896,7059
,,,,449,18195,11896,7059
,,,,450,18195,11896,7059
,,,,451,18195,11896,7059
,,,,452,18195,11896,7059
,,,,453,18195,11896,7059
,,,,454,18195,11896,7059
,,,,455,18195,11896,7059
,,,,456,18195,11896,7059
,,,,457,18195,11896,7059
,,,,458,18195,11896,7059
,,,,459,18195,11896,7059
,,,,460,18195,11896,7059
,,,,461,18195,11896,7059
,,,,462,18195,11896,7059
,,,,463,18195,11896,7059
,,,,464,18195,11896,7059
,,,,465,18195,11896,7059
,,,,466,18195,11896,7059
,,,,467,18195,11896,7059
,,,,468,18195,11896,7059
,,,,469,18195,11896,7059
,,,,470,18195,11896,7059
,,,,471,18195,11896,7059
,,,,472,18195,11896,7059
,,,,473,18195,11896,7059
,,,,474,18195,11896,7059
,,,,475,18195,11896,7059
,,,,476,18195,11896,7059
,,,,477,18195,11896,7059
,,,,478,18195,11896,7059
,,,,479,18195,11896,7059
,,,,480,18195,11896,7059
,,,,481,18195,11896,7059
,,,,482,18195,11896,7059
,,,,483,18195,11896,7059
,,,,484,18195,11896,7059
,,,,485,18195,11896,7059
,,,,486,18195,11896,7059
,,,,487,18195,11896,7059
,,,,488,18195,11896,7059
,,,,489,18195,11896,7059
,,,,490,18195,11896,7059
,,,,491,18195,11896,7059
,,,,492,18195,11896,7059
,,,,493,18195,11896,7059
,,,,494,18195,11896,7059
,,,,495,18195,11896,7059
,,,,496,18195,11896,7059
,,,,497,18195,11896,7059
,,,,498,18195,11896,7059
,,,,499,18195,11896,7059
,,,,500,18195,11896,7059
,,,,501,18195,11896,7059
,,,,502,18195,11896,7059
,,,,503,18195,11896,7059
,,,,504,18195,11896,7059
,,,,505,18195,11896,7059
,,,,506,18195,11896,7059
,,,,507,18195,11896,7059
,,,,508,18195,11896,7059
,,,,509,18195,11896,7059
,,,,510,18195,11896,7059
,,,,511,18195,11896,7059
,,,,512,18195,11896,7059
,,,,513,18195,11896,7059
,,,,514,18195,11896,7059
,,,,515,18195,11896,7059
,,,,516,18195,11896,7059
,,,,517,18195,11896,7059
,,,,518,18195,11896,7059
,,,,519,18195,11896,7059
,,,,520,18195,11896,7059
,,,,521,18195,11896,7059
,,,,522,18195,11896,7059
,,,,523,18195,11896,7059
,,,,524,18195,11896,7059
,,,,525,18195,11896,7059
,,,,526,18195,11896,7059
,,,,527,18195,11896,7059
,,,,528,18195,11896,7059
,,,,529,18195,11896,7059
,,,,530,18195,11896,7059
,,,,531,18195,11896,7059
,,,,532,18195,11896,7059
,,,,533,18195,11896,7059
,,,,534,18195,11896,7059
,,,,535,18195,11896,7059
,,,,536,18195,11896,7059
,,,,537,18195,11896,7059
,,,,538,18195,11896,7059
,,,,539,18195,11896,7059
,,,,540,18195,11896,7059
,,,,541,18195,11896,7059
,,,,542,18195,11896,7059
,,,,543,18195,11896,7059
,,,,544,18195,11896,7059
,,,,545,18195,11896,7059
,,,,546,18195,11896,7059
,,,,547,18195,11896,7059
,,,,548,18195,11896,7059
,,,,549,18195,11896,7059
,,,,550,18195,11896,7059
,,,,551,18195,11896,7059
,,,,552,18195,11896,7059
,,,,553,18195,11896,7059
,,,,554,18195,11896,7059
,,,,555,18195,11896,7059
,,,,556,18195,11896,7059
,,,,557,18195,11896,7059
,,,,558,18195,11896,7059
,,,,559,18195,11896,7059
,,,,560,18195,11896,7059
,,,,561,18195,11896,7059
,,,,562,18195,11896,7059
,,,,563,18195,11896,7059
,,,,564,18195,11896,7059
,,,,565,18195,11896,7059
,,,,566,18195,11896,7059
,,,,567,18195,11896,7059
,,,,568,18195,11896,7059
,,,,569,18195,11896,7059
,,,,570,18195,11896,7059
,,,,571,18195,11896,7059
,,,,572,18195,11896,7059
,,,,573,18195,11896,7059
,,,,574,18195,11896,7059
,,,,575,18195,11896,7059
,,,,576,18195,11896,7059
,,,,577,18195,11896,7059
,,,,578,18195,11896,7059
,,,,579,18195,11896,7059
,,,,580,18195,11896,7059
,,,,581,18195,11896,7059
,,,,582,18195,11896,7059
,,,,583,18195,11896,7059
,,,,584,18195,11896,7059
,,,,585,18195,11896,7059
,,,,586,18195,11896,7059
,,,,587,18195,11896,7059
,,,,588,18195,11896,7059
,,,,589,18195,11896,7059
,,,,590,18195,11896,7059
,,,,591,18195,11896,7059
,,,,592,18195,11896,7059
,,,,593,18195,11896,7059
,,,,594,18195,11896,7059
,,,,595,18195,11896,7059
,,,,596,18195,11896,7059
,,,,597,18195,11896,7059
,,,,598,18195,11896,7059
,,,,599,18195,11896,7059
,,,,600,18195,11896,7059
,,,,601,18195,11896,7059
,,,,602,18195,11896,7059
,,,,603,18195,11896,7059
,,,,604,18195,11896,7059
,,,,605,18195,11896,7059
,,,,606,18195,11896,7059
,,,,607,18195,11896,7059
,,,,608,18195,11896,7059
,,,,609,18195,11896,7059
,,,,610,18195,11896,7059
,,,,611,18195,11896,7059
,,,,612,18195,11896,7059
,,,,613,18195,11896,7059
,,,,614,18195,11896,7059
,,,,615,18195,11896,7059
,,,,616,18195,11896,7059
,,,,617,18195,11896,7059
,,,,618,18195,11896,7059
,,,,619,18195,11896,7059
,,,,620,18195,11896,7059
,,,,621,18195,11896,7059
,,,,622,18195,11896,7059
,,,,623,18195,11896,7059
,,,,624,18195,11896,7059
,,,,625,18195,11896,7059
,,,,626,18195,11896,7059
,,,,627,18195,11896,7059
,,,,628,18195,11896,7059
,,,,629,18195,11896,7059
,,,,630,18195,11896,7059
,,,,631,18195,11896,7059
,,,,632,18195,11896,7059
,,,,633,18195,11896,7059
,,,,634,18195,11896,7059
,,,,635,18195,11896,7059
,,,,636,18195,11896,7059
,,,,637,18195,11896,7059
,,,,638,18195,11896,7059
,,,,639,18195,11896,7059
,,,,640,18195,11896,7059
,,,,641,18195,11896,7059
,,,,642,18195,11896,7059
,,,,643,18195,11896,7059
,,,,644,18195,11896,7059
,,,,645,18195,11896,7059
,,,,646,18195,11896,7059
,,,,647,18195,11896,7059
,,,,648,18195,11896,7059
,,,,649,18195,11896,7059
,,,,650,18195,11896,7059
,,,,651,18195,11896,7059
,,,,652,18195,11896,7059
,,,,653,18195,11896,7059
,,,,654,18195,11896,7059
,,,,655,18195,11896,7059
,,,,656,18195,11896,7059
,,,,657,18195,11896,7059
,,,,658,18195,11896,7059
,,,,659,18195,11896,7059
,,,,660,18195,11896,7059
,,,,661,18195,11896,7059
,,,,662,18195,11896,7059
,,,,663,18195,11896,7059
,,,,664,18195,11896,7059
,,,,665,18195,11896,7059
,,,,666,18195,11896,7059
,,,,667,18195,11896,7059
,,,,668,18195,11896,7059
,,,,669,18195,11896,7059
,,,,670,18195,11896,7059
,,,,671,18195,11896,7059
,,,,672,18195,11896,7059
,,,,673,18195,11896,7059
,,,,674,18195,11896,7059
,,,,675,18195,11896,7059
,,,,676,18195,11896,7059
,,,,677,18195,11896,7059
,,,,678,18195,11896,7059
,,,,679,18195,11896,7059
,,,,680,18195,11896,7059
,,,,681,18195,11896,7059
,,,,682,18195,11896,7059
,,,,683,18195,11896,7059
,,,,684,18195,11896,7059
,,,,685,18195,11896,7059
,,,,686,18195,11896,7059
,,,,687,18195,11896,7059
,,,,688,18195,11896,7059
,,,,689,18195,11896,7059
,,,,690,18195,11896,7059
,,,,691,18195,11896,7059
,,,,692,18195,11896,7059
,,,,693,18195,11896,7059
,,,,694,18195,11896,7059
,,,,695,18195,11896,7059
,,,,696,18195,11896,7059
,,,,697,18195,11896,7059
,,,,698,18195,11896,7059
,,,,699,18195,11896,7059
,,,,700,18195,11896,7059
,,,,701,18195,11896,7059
,,,,702,18195,11896,7059
,,,,703,18195,11896,7059
,,,,704,18195,11896,7059
,,,,705,18195,11896,7059
,,,,706,18195,11896,7059
,,,,707,18195,11896,7059
,,,,708,18195,11896,7059
,,,,709,18195,11896,7059
,,,,710,18195,11896,7059
,,,,711,18195,11896,7059
,,,,712,18195,11896,7059
,,,,713,18195,11896,7059
,,,,714,18195,11896,7059
,,,,715,18195,11896,7059
,,,,716,18195,11896,7059
,,,,717,18195,11896,7059
,,,,718,18195,11896,7059
,,,,719,18195,11896,7059
,,,,720,18195,11896,7059
,,,,721,18195,11896,7059
,,,,722,18195,11896,7059
,,,,723,18195,11896,7059
,,,,724,18195,11896,7059
,,,,725,18195,11896,7059
,,,,726,18195,11896,7059
,,,,727,18195,11896,7059
,,,,728,18195,11896,7059
,,,,729,18195,11896,7059
,,,,730,18195,11896,7059
,,,,731,18195,11896,7059
,,,,732,18195,11896,7059
,,,,733,18195,11896,7059
,,,,734,18195,11896,7059
,,,,735,18195,11896,7059
,,,,736,18195,11896,7059
,,,,737,18195,11896,7059
,,,,738,18195,11896,7059
,,,,739,18195,11896,7059
,,,,740,18195,11896,7059
,,,,741,18195,11896,7059
,,,,742,18195,11896,7059
,,,,743,18195,11896,7059
,,,,744,18195,11896,7059
,,,,745,18195,11896,7059
,,,,746,18195,11896,7059
,,,,747,18195,11896,7059
,,,,748,18195,11896,7059
,,,,749,18195,11896,7059
,,,,750,18195,11896,7059
,,,,751,18195,11896,7059
,,,,752,18195,11896,7059
,,,,753,18195,11896,7059
,,,,754,18195,11896,7059
,,,,755,18195,11896,7059
,,,,756,18195,11896,7059
,,,,757,18195,11896,7059
,,,,758,18195,11896,7059
,,,,759,18195,11896,7059
,,,,760,18195,11896,7059
,,,,761,18195,11896,7059
,,,,762,18195,11896,7059
,,,,763,18195,11896,7059
,,,,764,18195,11896,7059
,,,,765,18195,11896,7059
,,,,766,18195,11896,7059
,,,,767,18195,11896,7059
,,,,768,18195,11896,7059
,,,,769,18195,11896,7059
,,,,770,18195,11896,7059
,,,,771,18195,11896,7059
,,,,772,18195,11896,7059
,,,,773,18195,11896,7059
,,,,774,18195,11896,7059
,,,,775,18195,11896,7059
,,,,776,18195,11896,7059
,,,,777,18195,11896,7059
,,,,778,18195,11896,7059
,,,,779,18195,11896,7059
,,,,780,18195,11896,7059
,,,,781,18195,11896,7059
,,,,782,18195,11896,7059
,,,,783,18195,11896,7059
,,,,784,18195,11896,7059
,,,,785,18195,11896,7059
,,,,786,18195,11896,7059
,,,,787,18195,11896,7059
,,,,788,18195,11896,7059
,,,,789,18195,11896,7059
,,,,790,18195,11896,7059
,,,,791,18195,11896,7059
,,,,792,18195,11896,7059
,,,,793,18195,11896,7059
,,,,794,18195,11896,7059
,,,,795,18195,11896,7059
,,,,796,18195,11896,7059
,,,,797,18195,11896,7059
,,,,798,18195,11896,7059
,,,,799,18195,11896,7059
,,,,800,18195,11896,7059
,,,,801,18195,11896,7059
,,,,802,18195,11896,7059
,,,,803,18195,11896,7059
,,,,804,18195,11896,7059
,,,,805,18195,11896,7059
,,,,806,18195,11896,7059
,,,,807,18195,11896,7059
,,,,808,18195,11896,7059
,,,,809,18195,11896,7059
,,,,810,18195,11896,7059
,,,,811,18195,11896,7059
,,,,812,18195,11896,7059
,,,,813,18195,11896,7059
,,,,814,18195,11896,7059
,,,,815,18195,11896,7059
,,,,816,18195,11896,7059
,,,,817,18195,11896,7059
,,,,818,18195,11896,7059
,,,,819,18195,11896,7059
,,,,820,18195,11896,7059
,,,,821,18195,11896,7059
,,,,822,18195,11896,7059
,,,,823,18195,11896,7059
,,,,824,18195,11896,7059
,,,,825,18195,11896,7059
,,,,826,18195,11896,7059
,,,,827,18195,11896,7059
,,,,828,18195,11896,7059
,,,,829,18195,11896,7059
,,,,830,18195,11896,7059
,,,,831,18195,11896,7059
,,,,832,18195,11896,7059
,,,,833,18195,11896,7059
,,,,834,18195,11896,7059
,,,,835,18195,11896,7059
,,,,836,18195,11896,7059
,,,,837,18195,11896,7059
,,,,838,18195,11896,7059
,,,,839,18195,11896,7059
,,,,840,18195,11896,7059
,,,,841,18195,11896,7059
,,,,842,18195,11896,7059
,,,,843,18195,11896,7059
,,,,844,18195,11896,7059
,,,,845,18195,11896,7059
,,,,846,18195,11896,7059
,,,,847,18195,11896,7059
,,,,848,18195,11896,7059
,,,,849,18195,11896,7059
,,,,850,18195,11896,7059
,,,,851,18195,11896,7059
,,,,852,18195,11896,7059
,,,,853,18195,11896,7059
,,,,854,18195,11896,7059
,,,,855,18195,11896,7059
,,,,856,18195,11896,7059
,,,,857,18195,11896,7059
,,,,858,18195,11896,7059
,,,,859,18195,11896,7059
,,,,860,18195,11896,7059
,,,,861,18195,11896,7059
,,,,862,18195,11896,7059
,,,,863,18195,11896,7059
,,,,864,18195,11896,7059
,,,,865,18195,11896,7059
,,,,866,18195,11896,7059
,,,,867,18195,11896,7059
,,,,868,18195,11896,7059
,,,,869,18195,11896,7059
,,,,870,18195,11896,7059
,,,,871,18195,11896,7059
,,,,872,18195,11896,7059
,,,,873,18195,11896,7059
,,,,874,18195,11896,7059
,,,,875,18195,11896,7059
,,,,876,18195,11896,7059
,,,,877,18195,11896,7059
,,,,878,18195,11896,7059
,,,,879,18195,11896,7059
,,,,880,18195,11896,7059
,,,,881,18195,11896,7059
,,,,882,18195,11896,7059
,,,,883,18195,11896,7059
,,,,884,18195,11896,7059
,,,,885,18195,11896,7059
,,,,886,18195,11896,7059
,,,,887,18195,11896,7059
,,,,888,18195,11896,7059
,,,,889,18195,11896,7059
,,,,890,18195,11896,7059
,,,,891,18195,11896,7059
,,,,892,18195,11896,7059
,,,,893,18195,11896,7059
,,,,894,18195,11896,7059
,,,,895,18195,11896,7059
,,,,896,18195,11896,7059
,,,,897,18195,11896,7059
,,,,898,18195,11896,7059
,,,,899,18195,11896,7059
,,,,900,18195,11896,7059
,,,,901,18195,11896,7059
,,,,902,18195,11896,7059
,,,,903,18195,11896,7059
,,,,904,18195,11896,7059
,,,,905,18195,11896,7059
,,,,906,18195,11896,7059
,,,,907,18195,11896,7059
,,,,908,18195,11896,7059
,,,,909,18195,11896,7059
,,,,910,18195,11896,7059
,,,,911,18195,11896,7059
,,,,912,18195,11896,7059
,,,,913,18195,11896,7059
,,,,914,18195,11896,7059
,,,,915,18195,11896,7059
,,,,916,18195,11896,7059
,,,,917,18195,11896,7059
,,,,918,18195,11896,7059
,,,,919,18195,11896,7059
,,,,920,18195,11896,7059
,,,,921,18195,11896,7059
,,,,922,18195,11896,7059
,,,,923,18195,11896,7059
,,,,924,18195,11896,7059
,,,,925,18195,11896,7059
,,,,926,18195,11896,7059
,,,,927,18195,11896,7059
,,,,928,18195,11896,7059
,,,,929,18195,11896,7059
,,,,930,18195,11896,7059
,,,,931,18195,11896,7059
,,,,932,18195,11896,7059
,,,,933,18195,11896,7059
,,,,934,18195,11896,7059
,,,,935,18195,11896,7059
,,,,936,18195,11896,7059
,,,,937,18195,11896,7059
,,,,938,18195,11896,7059
,,,,939,18195,11896,7059
,,,,940,18195,11896,7059
,,,,941,18195,11896,7059
,,,,942,18195,11896,7059
,,,,943,18195,11896,7059
,,,,944,18195,11896,7059
,,,,945,18195,11896,7059
,,,,946,18195,11896,7059
,,,,947,18195,11896,7059
,,,,948,18195,11896,7059
,,,,949,18195,11896,7059
,,,,950,18195,11896,7059
,,,,951,18195,11896,7059
,,,,952,18195,11896,7059
,,,,953,18195,11896,7059
,,,,954,18195,11896,7059
,,,,955,18195,11896,7059
,,,,956,18195,11896,7059
,,,,957,18195,11896,7059
,,,,958,18195,11896,7059
,,,,959,18195,11896,7059
,,,,960,18195,11896,7059
,,,,961,18195,11896,7059
,,,,962,18195,11896,7059
,,,,963,18195,11896,7059
,,,,964,18195,11896,7059
,,,,965,18195,11896,7059
,,,,966,18195,11896,7059
,,,,967,18195,11896,7059
,,,,968,18195,11896,7059
,,,,969,18195,11896,7059
,,,,970,18195,11896,7059
,,,,971,18195,11896,7059
,,,,972,18195,11896,7059
,,,,973,18195,11896,7059
,,,,974,18195,11896,7059
,,,,975,18195,11896,7059
,,,,976,18195,11896,7059
,,,,977,18195,11896,7059
,,,,978,18195,11896,7059
,,,,979,18195,11896,7059
,,,,980,18195,11896,7059
,,,,981,18195,11896,7059
,,,,982,18195,11896,7059
,,,,983,18195,11896,7059
,,,,984,18195,11896,7059
,,,,985,18195,11896,7059
,,,,986,18195,11896,7059
,,,,987,18195,11896,7059
,,,,988,18195,11896,7059
,,,,989,18195,11896,7059
,,,,990,18195,11896,7059
,,,,991,18195,11896,7059
,,,,992,18195,11896,7059
,,,,993,18195,11896,7059
,,,,994,18195,11896,7059
,,,,995,18195,11896,7059
,,,,996,18195,11896,7059
,,,,997,18195,11896,7059
,,,,998,18195,11896,7059
,,,,999,18195,11896,7059
,,,,1000,18195,11896,7059
,,,,1001,18195,11896,7059
,,,,1002,18195,11896,7059
,,,,1003,18195,11896,7059
,,,,1004,18195,11896,7059
,,,,1005,18195,11896,7059
,,,,1006,18195,11896,7059
,,,,1007,18195,11896,7059
,,,,1008,18195,11896,7059
,,,,1009,18195,11896,7059
,,,,1010,18195,11896,7059
,,,,1011,18195,11896,7059
,,,,1012,18195,11896,7059
,,,,1013,18195,11896,7059
,,,,1014,18195,11896,7059
,,,,1015,18195,11896,7059
,,,,1016,18195,11896,7059
,,,,1017,18195,11896,7059
,,,,1018,18195,11896,7059
,,,,1019,18195,11896,7059
,,,,1020,18195,11896,7059
,,,,1021,18195,11896,7059
,,,,1022,18195,11896,7059
,,,,1023,18195,11896,7059
,,,,1024,18195,11896,7059
,,,,1025,18195,11896,7059
,,,,1026,18195,11896,7059
,,,,1027,18195,11896,7059
,,,,1028,18195,11896,7059
,,,,1029,18195,11896,7059
,,,,1030,18195,11896,7059
,,,,1031,18195,11896,7059
,,,,1032,18195,11896,7059
,,,,1033,18195,11896,7059
,,,,1034,18195,11896,7059
,,,,1035,18195,11896,7059
,,,,1036,18195,11896,7059
,,,,1037,18195,11896,7059
,,,,1038,18195,11896,7059
,,,,1039,18195,11896,7059
,,,,1040,18195,11896,7059
,,,,1041,18195,11896,7059
,,,,1042,18195,11896,7059
,,,,1043,18195,11896,7059
,,,,1044,18195,11896,7059
,,,,1045,18195,11896,7059
,,,,1046,18195,11896,7059
,,,,1047,18195,11896,7059
,,,,1048,18195,11896,7059
,,,,1049,18195,11896,7059
,,,,1050,18195,11896,7059
,,,,1051,18195,11896,7059
,,,,1052,18195,11896,7059
,,,,1053,18195,11896,7059
,,,,1054,18195,11896,7059
,,,,1055,18195,11896,7059
,,,,1056,18195,11896,7059
,,,,1057,18195,11896,7059
,,,,1058,18195,11896,7059
,,,,1059,18195,11896,7059
,,,,1060,18195,11896,7059
,,,,1061,18195,11896,7059
,,,,1062,18195,11896,7059
,,,,1063,18195,11896,7059
,,,,1064,18195,11896,7059
,,,,1065,18195,11896,7059
,,,,1066,18195,11896,7059
,,,,1067,18195,11896,7059
,,,,1068,18195,11896,7059
,,,,1069,18195,11896,7059
,,,,1070,18195,11896,7059
,,,,1071,18195,11896,7059
,,,,1072,18195,11896,7059
,,,,1073,18195,11896,7059
,,,,1074,18195,11896,7059
,,,,1075,18195,11896,7059
,,,,1076,18195,11896,7059
,,,,1077,18195,11896,7059
,,,,1078,18195,11896,7059
,,,,1079,18195,11896,7059
,,,,1080,18195,11896,7059
,,,,1081,18195,11896,7059
,,,,1082,18195,11896,7059
,,,,1083,18195,11896,7059
,,,,1084,18195,11896,7059
,,,,1085,18195,11896,7059
,,,,1086,18195,11896,7059
,,,,1087,18195,11896,7059
,,,,1088,18195,11896,7059
,,,,1089,18195,11896,7059
,,,,1090,18195,11896,7059
,,,,1091,18195,11896,7059
,,,,1092,18195,11896,7059
,,,,1093,18195,11896,7059
,,,,1094,18195,11896,7059
,,,,1095,18195,11896,7059
,,,,1096,18195,11896,7059
,,,,1097,18195,11896,7059
,,,,1098,18195,11896,7059
,,,,1099,18195,11896,7059
,,,,1100,18195,11896,7059
,,,,1101,18195,11896,7059
,,,,1102,18195,11896,7059
,,,,1103,18195,11896,7059
,,,,1104,18195,11896,7059
,,,,1105,18195,11896,7059
,,,,1106,18195,11896,7059
,,,,1107,18195,11896,7059
,,,,1108,18195,11896,7059
,,,,1109,18195,11896,7059
,,,,1110,18195,11896,7059
,,,,1111,18195,11896,7059
,,,,1112,18195,11896,7059
,,,,1113,18195,11896,7059
,,,,1114,18195,11896,7059
,,,,1115,18195,11896,7059
,,,,1116,18195,11896,7059
,,,,1117,18195,11896,7059
,,,,1118,18195,11896,7059
,,,,1119,18195,11896,7059
,,,,1120,18195,11896,7059
,,,,1121,18195,11896,7059
,,,,1122,18195,11896,7059
,,,,1123,18195,11896,7059
,,,,1124,18195,11896,7059
,,,,1125,18195,11896,7059
,,,,1126,18195,11896,7059
,,,,1127,18195,11896,7059
,,,,1128,18195,11896,7059
,,,,1129,18195,11896,7059
,,,,1130,18195,11896,7059
,,,,1131,18195,11896,7059
,,,,1132,18195,11896,7059
,,,,1133,18195,11896,7059
,,,,1134,18195,11896,7059
,,,,1135,18195,11896,7059
,,,,1136,18195,11896,7059
,,,,1137,18195,11896,7059
,,,,1138,18195,11896,7059
,,,,1139,18195,11896,7059
,,,,1140,18195,11896,7059
,,,,1141,18195,11896,7059
,,,,1142,18195,11896,7059
,,,,1143,18195,11896,7059
,,,,1144,18195,11896,7059
,,,,1145,18195,11896,7059
,,,,1146,18195,11896,7059
,,,,1147,18195,11896,7059
,,,,1148,18195,11896,7059
,,,,1149,18195,11896,7059
,,,,1150,18195,11896,7059
,,,,1151,18195,11896,7059
,,,,1152,18195,11896,7059
,,,,1153,18195,11896,7059
,,,,1154,18195,11896,7059
,,,,1155,18195,11896,7059
,,,,1156,18195,11896,7059
,,,,1157,18195,11896,7059
,,,,1158,18195,11896,7059
,,,,1159,18195,11896,7059
,,,,1160,18195,11896,7059
,,,,1161,18195,11896,7059
,,,,1162,18195,11896,7059
,,,,1163,18195,11896,7059
,,,,1164,18195,11896,7059
,,,,1165,18195,11896,7059
,,,,1166,18195,11896,7059
,,,,1167,18195,11896,7059
,,,,1168,18195,11896,7059
,,,,1169,18195,11896,7059
,,,,1170,18195,11896,7059
,,,,1171,18195,11896,7059
,,,,1172,18195,11896,7059
,,,,1173,18195,11896,7059
,,,,1174,18195,11896,7059
,,,,1175,18195,11896,7059
,,,,1176,18195,11896,7059
,,,,1177,18195,11896,7059
,,,,1178,18195,11896,7059
,,,,1179,18195,11896,7059
,,,,1180,18195,11896,7059
,,,,1181,18195,11896,7059
,,,,1182,18195,11896,7059
,,,,1183,18195,11896,7059
,,,,1184,18195,11896,7059
,,,,1185,18195,11896,7059
,,,,1186,18195,11896,7059
,,,,1187,18195,11896,7059
,,,,1188,18195,11896,7059
,,,,1189,18195,11896,7059
,,,,1190,18195,11896,7059
,,,,1191,18195,11896,7059
,,,,1192,18195,11896,7059
,,,,1193,18195,11896,7059
,,,,1194,18195,11896,7059
,,,,1195,18195,11896,7059
,,,,1196,18195,11896,7059
,,,,1197,18195,11896,7059
,,,,1198,18195,11896,7059
,,,,1199,18195,11896,7059
,,,,1200,18195,11896,7059
,,,,1201,18195,11896,7059
,,,,1202,18195,11896,7059
,,,,1203,18195,11896,7059
,,,,1204,18195,11896,7059
,,,,1205,18195,11896,7059
,,,,1206,18195,11896,7059
,,,,1207,18195,11896,7059
,,,,1208,18195,11896,7059
,,,,1209,18195,11896,7059
,,,,1210,18195,11896,7059
,,,,1211,18195,11896,7059
,,,,1212,18195,11896,7059
,,,,1213,18195,11896,7059
,,,,1214,18195,11896,7059
,,,,1215,18195,11896,7059
,,,,1216,18195,11896,7059
,,,,1217,18195,11896,7059
,,,,1218,18195,11896,7059
,,,,1219,18195,11896,7059
,,,,1220,18195,11896,7059
,,,,1221,18195,11896,7059
,,,,1222,18195,11896,7059
,,,,1223,18195,11896,7059
,,,,1224,18195,11896,7059
,,,,1225,18195,11896,7059
,,,,1226,18195,11896,7059
,,,,1227,18195,11896,7059
,,,,1228,18195,11896,7059
,,,,1229,18195,11896,7059
,,,,1230,18195,11896,7059
,,,,1231,18195,11896,7059
,,,,1232,18195,11896,7059
,,,,1233,18195,11896,7059
,,,,1234,18195,11896,7059
,,,,1235,18195,11896,7059
,,,,1236,18195,11896,7059
,,,,1237,18195,11896,7059
,,,,1238,18195,11896,7059
,,,,1239,18195,11896,7059
,,,,1240,18195,11896,7059
,,,,1241,18195,11896,7059
,,,,1242,18195,11896,7059
,,,,1243,18195,11896,7059
,,,,1244,18195,11896,7059
,,,,1245,18195,11896,7059
,,,,1246,18195,11896,7059
,,,,1247,18195,11896,7059
,,,,1248,18195,11896,7059
,,,,1249,18195,11896,7059
,,,,1250,18195,11896,7059
,,,,1251,18195,11896,7059
,,,,1252,18195,11896,7059
,,,,1253,18195,11896,7059
,,,,1254,18195,11896,7059
,,,,1255,18195,11896,7059
,,,,1256,18195,11896,7059
,,,,1257,18195,11896,7059
,,,,1258,18195,11896,7059
,,,,1259,18195,11896,7059
,,,,1260,18195,11896,7059
,,,,1261,18195,11896,7059
,,,,1262,18195,11896,7059
,,,,1263,18195,11896,7059
,,,,1264,18195,11896,7059
,,,,1265,18195,11896,7059
,,,,1266,18195,11896,7059
,,,,1267,18195,11896,7059
,,,,1268,18195,11896,7059
,,,,1269,18195,11896,7059
,,,,1270,18195,11896,7059
,,,,1271,18195,11896,7059
,,,,1272,18195,11896,7059
,,,,1273,18195,11896,7059
,,,,1274,18195,11896,7059
,,,,1275,18195,11896,7059
,,,,1276,18195,11896,7059
,,,,1277,18195,11896,7059
,,,,1278,18195,11896,7059
,,,,1279,18195,11896,7059
,,,,1280,18195,11896,7059
,,,,1281,18195,11896,7059
,,,,1282,18195,11896,7059
,,,,1283,18195,11896,7059
,,,,1284,18195,11896,7059
,,,,1285,18195,11896,7059
,,,,1286,18195,11896,7059
,,,,1287,18195,11896,7059
,,,,1288,18195,11896,7059
,,,,1289,18195,11896,7059
,,,,1290,18195,11896,7059
,,,,1291,18195,11896,7059
,,,,1292,18195,11896,7059
,,,,1293,18195,11896,7059
,,,,1294,18195,11896,7059
,,,,1295,18195,11896,7059
,,,,1296,18195,11896,7059
,,,,1297,18195,11896,7059
,,,,1298,18195,11896,7059
,,,,1299,18195,11896,7059
,,,,1300,18195,11896,7059
,,,,1301,18195,11896,7059
,,,,1302,18195,11896,7059
,,,,1303,18195,11896,7059
,,,,1304,18195,11896,7059
,,,,1305,18195,11896,7059
,,,,1306,18195,11896,7059
,,,,1307,18195,11896,7059
,,,,1308,18195,11896,7059
,,,,1309,18195,11896,7059
,,,,1310,18195,11896,7059
,,,,1311,18195,11896,7059
,,,,1312,18195,11896,7059
,,,,1313,18195,11896,7059
,,,,1314,18195,11896,7059
,,,,1315,18195,11896,7059
,,,,1316,18195,11896,7059
,,,,1317,18195,11896,7059
,,,,1318,18195,11896,7059
,,,,1319,18195,11896,7059
,,,,1320,18195,11896,7059
,,,,1321,18195,11896,7059
,,,,1322,18195,11896,7059
,,,,1323,18195,11896,7059
,,,,1324,18195,11896,7059
,,,,1325,18195,11896,7059
,,,,1326,18195,11896,7059
,,,,1327,18195,11896,7059
,,,,1328,18195,11896,7059
,,,,1329,18195,11896,7059
,,,,1330,18195,11896,7059
,,,,1331,18195,11896,7059
,,,,1332,18195,11896,7059
,,,,1333,18195,11896,7059
,,,,1334,18195,11896,7059
,,,,1335,18195,11896,7059
,,,,1336,18195,11896,7059
,,,,1337,18195,11896,7059
,,,,1338,18195,11896,7059
,,,,1339,18195,11896,7059
,,,,1340,18195,11896,7059
,,,,1341,18195,11896,7059
,,,,1342,18195,11896,7059
,,,,1343,18195,11896,7059
,,,,1344,18195,11896,7059
,,,,1345,18195,11896,7059
,,,,1346,18195,11896,7059
,,,,1347,18195,11896,7059
,,,,1348,18195,11896,7059
,,,,1349,18195,11896,7059
,,,,1350,18195,11896,7059
,,,,1351,18195,11896,7059
,,,,1352,18195,11896,7059
,,,,1353,18195,11896,7059
,,,,1354,18195,11896,7059
,,,,1355,18195,11896,7059
,,,,1356,18195,11896,7059
,,,,1357,18195,11896,7059
,,,,1358,18195,11896,7059
,,,,1359,18195,11896,7059
,,,,1360,18195,11896,7059
,,,,1361,18195,11896,7059
,,,,1362,18195,11896,7059
,,,,1363,18195,11896,7059
,,,,1364,18195,11896,7059
,,,,1365,18195,11896,7059
,,,,1366,18195,11896,7059
,,,,1367,18195,11896,7059
,,,,1368,18195,11896,7059
,,,,1369,18195,11896,7059
,,,,1370,18195,11896,7059
,,,,1371,18195,11896,7059
,,,,1372,18195,11896,7059
,,,,1373,18195,11896,7059
,,,,1374,18195,11896,7059
,,,,1375,18195,11896,7059
,,,,1376,18195,11896,7059
,,,,1377,18195,11896,7059
,,,,1378,18195,11896,7059
,,,,1379,18195,11896,7059
,,,,1380,18195,11896,7059
,,,,1381,18195,11896,7059
,,,,1382,18195,11896,7059
,,,,1383,18195,11896,7059
,,,,1384,18195,11896,7059
,,,,1385,18195,11896,7059
,,,,1386,18195,11896,7059
,,,,1387,18195,11896,7059
,,,,1388,18195,11896,7059
,,,,1389,18195,11896,7059
,,,,1390,18195,11896,7059
,,,,1391,18195,11896,7059
,,,,1392,18195,11896,7059
,,,,1393,18195,11896,7059
,,,,1394,18195,11896,7059
,,,,1395,18195,11896,7059
,,,,1396,18195,11896,7059
,,,,1397,18195,11896,7059
,,,,1398,18195,11896,7059
,,,,1399,18195,11896,7059
,,,,1400,18195,11896,7059
,,,,1401,18195,11896,7059
,,,,1402,18195,11896,7059
,,,,1403,18195,11896,7059
,,,,1404,18195,11896,7059
,,,,1405,18195,11896,7059
,,,,1406,18195,11896,7059
,,,,1407,18195,11896,7059
,,,,1408,18195,11896,7059
,,,,1409,18195,11896,7059
,,,,1410,18195,11896,7059
,,,,1411,18195,11896,7059
,,,,1412,18195,11896,7059
,,,,1413,18195,11896,7059
,,,,1414,18195,11896,7059
,,,,1415,18195,11896,7059
,,,,1416,18195,11896,7059
,,,,1417,18195,11896,7059
,,,,1418,18195,11896,7059
,,,,1419,18195,11896,7059
,,,,1420,18195,11896,7059
,,,,1421,18195,11896,7059
,,,,1422,18195,11896,7059
,,,,1423,18195,11896,7059
,,,,1424,18195,11896,7059
,,,,1425,18195,11896,7059
,,,,1426,18195,11896,7059
,,,,1427,18195,11896,7059
,,,,1428,18195,11896,7059
,,,,1429,18195,11896,7059
,,,,1430,18195,11896,7059
,,,,1431,18195,11896,7059
,,,,1432,18195,11896,7059
,,,,1433,18195,11896,7059
,,,,1434,18195,11896,7059
,,,,1435,18195,11896,7059
,,,,1436,18195,11896,7059
,,,,1437,18195,11896,7059
,,,,1438,18195,11896,7059
,,,,1439,18195,11896,7059
,,,,1440,18195,11896,7059
,,,,1441,18195,11896,7059
,,,,1442,18195,11896,7059
,,,,1443,18195,11896,7059
,,,,1444,18195,11896,7059
,,,,1445,18195,11896,7059
,,,,1446,18195,11896,7059
,,,,1447,18195,11896,7059
,,,,1448,18195,11896,7059
,,,,1449,18195,11896,7059
,,,,1450,18195,11896,7059
,,,,1451,18195,11896,7059
,,,,1452,18195,11896,7059
,,,,1453,18195,11896,7059
,,,,1454,18195,11896,7059
,,,,1455,18195,11896,7059
,,,,1456,18195,11896,7059
,,,,1457,18195,11896,7059
,,,,1458,18195,11896,7059
,,,,1459,18195,11896,7059
,,,,1460,18195,11896,7059
,,,,1461,18195,11896,7059
,,,,1462,18195,11896,7059
,,,,1463,18195,11896,7059
,,,,1464,18195,11896,7059
,,,,1465,18195,11896,7059
,,,,1466,18195,11896,7059
,,,,1467,18195,11896,7059
,,,,1468,18195,11896,7059
,,,,1469,18195,11896,7059
,,,,1470,18195,11896,7059
,,,,1471,18195,11896,7059
,,,,1472,18195,11896,7059
,,,,1473,18195,11896,7059
,,,,1474,18195,11896,7059
,,,,1475,18195,11896,7059
,,,,1476,18195,11896,7059
,,,,1477,18195,11896,7059
,,,,1478,18195,11896,7059
,,,,1479,18195,11896,7059
,,,,1480,18195,11896,7059
,,,,1481,18195,11896,7059
,,,,1482,18195,11896,7059
,,,,1483,18195,11896,7059
,,,,1484,18195,11896,7059
,,,,1485,18195,11896,7059
,,,,1486,18195,11896,7059
,,,,1487,18195,11896,7059
,,,,1488,18195,11896,7059
,,,,1489,18195,11896,7059
,,,,1490,18195,11896,7059
,,,,1491,18195,11896,7059
,,,,1492,18195,11896,7059
,,,,1493,18195,11896,7059
,,,,1494,18195,11896,7059
,,,,1495,18195,11896,7059
,,,,1496,18195,11896,7059
,,,,1497,18195,11896,7059
,,,,1498,18195,11896,7059
,,,,1499,18195,11896,7059
,,,,1500,18195,11896,7059
,,,,1501,18195,11896,7059
,,,,1502,18195,11896,7059
,,,,1503,18195,11896,7059
,,,,1504,18195,11896,7059
,,,,1505,18195,11896,7059
,,,,1506,18195,11896,7059
,,,,1507,18195,11896,7059
,,,,1508,18195,11896,7059
,,,,1509,18195,11896,7059
,,,,1510,18195,11896,7059
,,,,1511,18195,11896,7059
,,,,1512,18195,11896,7059
,,,,1513,18195,11896,7059
,,,,1514,18195,11896,7059
,,,,1515,18195,11896,7059
,,,,1516,18195,11896,7059
,,,,1517,18195,11896,7059
,,,,1518,18195,11896,7059
,,,,1519,18195,11896,7059
,,,,1520,18195,11896,7059
,,,,1521,18195,11896,7059
,,,,1522,18195,11896,7059
,,,,1523,18195,11896,7059
,,,,1524,18195,11896,7059
,,,,1525,18195,11896,7059
,,,,1526,18195,11896,7059
,,,,1527,18195,11896,7059
,,,,1528,18195,11896,7059
,,,,1529,18195,11896,7059
,,,,1530,18195,11896,7059
,,,,1531,18195,11896,7059
,,,,1532,18195,11896,7059
,,,,1533,18195,11896,7059
,,,,1534,18195,11896,7059
,,,,1535,18195,11896,7059
,,,,1536,18195,11896,7059
,,,,1537,18195,11896,7059
,,,,1538,18195,11896,7059
,,,,1539,18195,11896,7059
,,,,1540,18195,11896,7059
,,,,1541,18195,11896,7059
,,,,1542,18195,11896,7059
,,,,1543,18195,11896,7059
,,,,1544,18195,11896,7059
,,,,1545,18195,11896,7059
,,,,1546,18195,11896,7059
,,,,1547,18195,11896,7059
,,,,1548,18195,11896,7059
,,,,1549,18195,11896,7059
,,,,1550,18195,11896,7059
,,,,1551,18195,11896,7059
,,,,1552,18195,11896,7059
,,,,1553,18195,11896,7059
,,,,1554,18195,11896,7059
,,,,1555,18195,11896,7059
,,,,1556,18195,11896,7059
,,,,1557,18195,11896,7059
,,,,1558,18195,11896,7059
,,,,1559,18195,11896,7059
,,,,1560,18195,11896,7059
,,,,1561,18195,11896,7059
,,,,1562,18195,11896,7059
,,,,1563,18195,11896,7059
,,,,1564,18195,11896,7059
,,,,1565,18195,11896,7059
,,,,1566,18195,11896,7059
,,,,1567,18195,11896,7059
,,,,1568,18195,11896,7059
,,,,1569,18195,11896,7059
,,,,1570,18195,11896,7059
,,,,1571,18195,11896,7059
,,,,1572,18195,11896,7059
,,,,1573,18195,11896,7059
,,,,1574,18195,11896,7059
,,,,1575,18195,11896,7059
,,,,1576,18195,11896,7059
,,,,1577,18195,11896,7059
,,,,1578,18195,11896,7059
,,,,1579,18195,11896,7059
,,,,1580,18195,11896,7059
,,,,1581,18195,11896,7059
,,,,1582,18195,11896,7059
,,,,1583,18195,11896,7059
,,,,1584,18195,11896,7059
,,,,1585,18195,11896,7059
,,,,1586,18195,11896,7059
,,,,1587,18195,11896,7059
,,,,1588,18195,11896,7059
,,,,1589,18195,11896,7059
,,,,1590,18195,11896,7059
,,,,1591,18195,11896,7059
,,,,1592,18195,11896,7059
,,,,1593,18195,11896,7059
,,,,1594,18195,11896,7059
,,,,1595,18195,11896,7059
,,,,1596,18195,11896,7059
,,,,1597,18195,11896,7059
,,,,1598,18195,11896,7059
,,,,1599,18195,11896,7059
,,,,1600,18195,11896,7059
,,,,1601,18195,11896,7059
,,,,1602,18195,11896,7059
,,,,1603,18195,11896,7059
,,,,1604,18195,11896,7059
,,,,1605,18195,11896,7059
,,,,1606,18195,11896,7059
,,,,1607,18195,11896,7059
,,,,1608,18195,11896,7059
,,,,1609,18195,11896,7059
,,,,1610,18195,11896,7059
,,,,1611,18195,11896,7059
,,,,1612,18195,11896,7059
,,,,1613,18195,11896,7059
,,,,1614,18195,11896,7059
,,,,1615,18195,11896,7059
,,,,1616,18195,11896,7059
,,,,1617,18195,11896,7059
,,,,1618,18195,11896,7059
,,,,1619,18195,11896,7059
,,,,1620,18195,11896,7059
,,,,1621,18195,11896,7059
,,,,1622,18195,11896,7059
,,,,1623,18195,11896,7059
,,,,1624,18195,11896,7059
,,,,1625,18195,11896,7059
,,,,1626,18195,11896,7059
,,,,1627,18195,11896,7059
,,,,1628,18195,11896,7059
,,,,1629,18195,11896,7059
,,,,1630,18195,11896,7059
,,,,1631,18195,11896,7059
,,,,1632,18195,11896,7059
,,,,1633,18195,11896,7059
,,,,1634,18195,11896,7059
,,,,1635,18195,11896,7059
,,,,1636,18195,11896,7059
,,,,1637,18195,11896,7059
,,,,1638,18195,11896,7059
,,,,1639,18195,11896,7059
,,,,1640,18195,11896,7059
,,,,1641,18195,11896,7059
,,,,1642,18195,11896,7059
,,,,1643,18195,11896,7059
,,,,1644,18195,11896,7059
,,,,1645,18195,11896,7059
,,,,1646,18195,11896,7059
,,,,1647,18195,11896,7059
,,,,1648,18195,11896,7059
,,,,1649,18195,11896,7059
,,,,1650,18195,11896,7059
,,,,1651,18195,11896,7059
,,,,1652,18195,11896,7059
,,,,1653,18195,11896,7059
,,,,1654,18195,11896,7059
,,,,1655,18195,11896,7059
,,,,1656,18195,11896,7059
,,,,1657,18195,11896,7059
,,,,1658,18195,11896,7059
,,,,1659,18195,11896,7059
,,,,1660,18195,11896,7059
,,,,1661,18195,11896,7059
,,,,1662,18195,11896,7059
,,,,1663,18195,11896,7059
,,,,1664,18195,11896,7059
,,,,1665,18195,11896,7059
,,,,1666,18195,11896,7059
,,,,1667,18195,11896,7059
,,,,1668,18195,11896,7059
,,,,1669,18195,11896,7059
,,,,1670,18195,11896,7059
,,,,1671,18195,11896,7059
,,,,1672,18195,11896,7059
,,,,1673,18195,11896,7059
,,,,1674,18195,11896,7059
,,,,1675,18195,11896,7059
,,,,1676,18195,11896,7059
,,,,1677,18195,11896,7059
,,,,1678,18195,11896,7059
,,,,1679,18195,11896,7059
,,,,1680,18195,11896,7059
,,,,1681,18195,11896,7059
,,,,1682,18195,11896,7059
,,,,1683,18195,11896,7059
,,,,1684,18195,11896,7059
,,,,1685,18195,11896,7059
,,,,1686,18195,11896,7059
,,,,1687,18195,11896,7059
,,,,1688,18195,11896,7059
,,,,1689,18195,11896,7059
,,,,1690,18195,11896,7059
,,,,1691,18195,11896,7059
,,,,1692,18195,11896,7059
,,,,1693,18195,11896,7059
,,,,1694,18195,11896,7059
,,,,1695,18195,11896,7059
,,,,1696,18195,11896,7059
,,,,1697,18195,11896,7059
,,,,1698,18195,11896,7059
,,,,1699,18195,11896,7059
,,,,1700,18195,11896,7059
,,,,1701,18195,11896,7059
,,,,1702,18195,11896,7059
,,,,1703,18195,11896,7059
,,,,1704,18195,11896,7059
,,,,1705,18195,11896,7059
,,,,1706,18195,11896,7059
,,,,1707,18195,11896,7059
,,,,1708,18195,11896,7059
,,,,1709,18195,11896,7059
,,,,1710,18195,11896,7059
,,,,1711,18195,11896,7059
,,,,1712,18195,11896,7059
,,,,1713,18195,11896,7059
,,,,1714,18195,11896,7059
,,,,1715,18195,11896,7059
,,,,1716,18195,11896,7059
,,,,1717,18195,11896,7059
,,,,1718,18195,11896,7059
,,,,1719,18195,11896,7059
,,,,1720,18195,11896,7059
,,,,1721,18195,11896,7059
,,,,1722,18195,11896,7059
,,,,1723,18195,11896,7059
,,,,1724,18195,11896,7059
,,,,1725,18195,11896,7059
,,,,1726,18195,11896,7059
,,,,1727,18195,11896,7059
,,,,1728,18195,11896,7059
,,,,1729,18195,11896,7059
,,,,1730,18195,11896,7059
,,,,1731,18195,11896,7059
,,,,1732,18195,11896,7059
,,,,1733,18195,11896,7059
,,,,1734,18195,11896,7059
,,,,1735,18195,11896,7059
,,,,1736,18195,11896,7059
,,,,1737,18195,11896,7059
,,,,1738,18195,11896,7059
,,,,1739,18195,11896,7059
,,,,1740,18195,11896,7059
,,,,1741,18195,11896,7059
,,,,1742,18195,11896,7059
,,,,1743,18195,11896,7059
,,,,1744,18195,11896,7059
,,,,1745,18195,11896,7059
,,,,1746,18195,11896,7059
,,,,1747,18195,11896,7059
,,,,1748,18195,11896,7059
,,,,1749,18195,11896,7059
,,,,1750,18195,11896,7059
,,,,1751,18195,11896,7059
,,,,1752,18195,11896,7059
,,,,1753,18195,11896,7059
,,,,1754,18195,11896,7059
,,,,1755,18195,11896,7059
,,,,1756,18195,11896,7059
,,,,1757,18195,11896,7059
,,,,1758,18195,11896,7059
,,,,1759,18195,11896,7059
,,,,1760,18195,11896,7059
,,,,1761,18195,11896,7059
,,,,1762,18195,11896,7059
,,,,1763,18195,11896,7059
,,,,1764,18195,11896,7059
,,,,1765,18195,11896,7059
,,,,1766,18195,11896,7059
,,,,1767,18195,11896,7059
,,,,1768,18195,11896,7059
,,,,1769,18195,11896,7059
,,,,1770,18195,11896,7059
,,,,1771,18195,11896,7059
,,,,1772,18195,11896,7059
,,,,1773,18195,11896,7059
,,,,1774,18195,11896,7059
,,,,1775,18195,11896,7059
,,,,1776,18195,11896,7059
,,,,1777,18195,11896,7059
,,,,1778,18195,11896,7059
,,,,1779,18195,11896,7059
,,,,1780,18195,11896,7059
,,,,1781,18195,11896,7059
,,,,1782,18195,11896,7059
,,,,1783,18195,11896,7059
,,,,1784,18195,11896,7059
,,,,1785,18195,11896,7059
,,,,1786,18195,11896,7059
,,,,1787,18195,11896,7059
,,,,1788,18195,11896,7059
,,,,1789,18195,11896,7059
,,,,1790,18195,11896,7059
,,,,1791,18195,11896,7059
,,,,1792,18195,11896,7059
,,,,1793,18195,11896,7059
,,,,1794,18195,11896,7059
,,,,1795,18195,11896,7059
,,,,1796,18195,11896,7059
,,,,1797,18195,11896,7059
,,,,1798,18195,11896,7059
,,,,1799,18195,11896,7059
,,,,1800,18195,11896,7059
,,,,1801,18195,11896,7059
,,,,1802,18195,11896,7059
,,,,1803,18195,11896,7059
,,,,1804,18195,11896,7059
,,,,1805,18195,11896,7059
,,,,1806,18195,11896,7059
,,,,1807,18195,11896,7059
,,,,1808,18195,11896,7059
,,,,1809,18195,11896,7059
,,,,1810,18195,11896,7059
,,,,1811,18195,11896,7059
,,,,1812,18195,11896,7059
,,,,1813,18195,11896,7059
,,,,1814,18195,11896,7059
,,,,1815,18195,11896,7059
,,,,1816,18195,11896,7059
,,,,1817,18195,11896,7059
,,,,1818,18195,11896,7059
,,,,1819,18195,11896,7059
,,,,1820,18195,11896,7059
,,,,1821,18195,11896,7059
,,,,1822,18195,11896,7059
,,,,1823,18195,11896,7059
,,,,1824,18195,11896,7059
,,,,1825,18195,11896,7059
,,,,1826,18195,11896,7059
,,,,1827,18195,11896,7059
,,,,1828,18195,11896,7059
,,,,1829,18195,11896,7059
,,,,1830,18195,11896,7059
,,,,1831,18195,11896,7059
,,,,1832,18195,11896,7059
,,,,1833,18195,11896,7059
,,,,1834,18195,11896,7059
,,,,1835,18195,11896,7059
,,,,1836,18195,11896,7059
,,,,1837,18195,11896,7059
,,,,1838,18195,11896,7059
,,,,1839,18195,11896,7059
,,,,1840,18195,11896,7059
,,,,1841,18195,11896,7059
,,,,1842,18195,11896,7059
,,,,1843,18195,11896,7059
,,,,1844,18195,11896,7059
,,,,1845,18195,11896,7059
,,,,1846,18195,11896,7059
,,,,1847,18195,11896,7059
,,,,1848,18195,11896,7059
,,,,1849,18195,11896,7059
,,,,1850,18195,11896,7059
,,,,1851,18195,11896,7059
,,,,1852,18195,11896,7059
,,,,1853,18195,11896,7059
,,,,1854,18195,11896,7059
,,,,1855,18195,11896,7059
,,,,1856,18195,11896,7059
,,,,1857,18195,11896,7059
,,,,1858,18195,11896,7059
,,,,1859,18195,11896,7059
,,,,1860,18195,11896,7059
,,,,1861,18195,11896,7059
,,,,1862,18195,11896,7059
,,,,1863,18195,11896,7059
,,,,1864,18195,11896,7059
,,,,1865,18195,11896,7059
,,,,1866,18195,11896,7059
,,,,1867,18195,11896,7059
,,,,1868,18195,11896,7059
,,,,1869,18195,11896,7059
,,,,1870,18195,11896,7059
,,,,1871,18195,11896,7059
,,,,1872,18195,11896,7059
,,,,1873,18195,11896,7059
,,,,1874,18195,11896,7059
,,,,1875,18195,11896,7059
,,,,1876,18195,11896,7059
,,,,1877,18195,11896,7059
,,,,1878,18195,11896,7059
,,,,1879,18195,11896,7059
,,,,1880,18195,11896,7059
,,,,1881,18195,11896,7059
,,,,1882,18195,11896,7059
,,,,1883,18195,11896,7059
,,,,1884,18195,11896,7059
,,,,1885,18195,11896,7059
,,,,1886,18195,11896,7059
,,,,1887,18195,11896,7059
,,,,1888,18195,11896,7059
,,,,1889,18195,11896,7059
,,,,1890,18195,11896,7059
,,,,1891,18195,11896,7059
,,,,1892,18195,11896,7059
,,,,1893,18195,11896,7059
,,,,1894,18195,11896,7059
,,,,1895,18195,11896,7059
,,,,1896,18195,11896,7059
,,,,1897,18195,11896,7059
,,,,1898,18195,11896,7059
,,,,1899,18195,11896,7059
,,,,1900,18195,11896,7059
,,,,1901,18195,11896,7059
,,,,1902,18195,11896,7059
,,,,1903,18195,11896,7059
,,,,1904,18195,11896,7059
,,,,1905,18195,11896,7059
,,,,1906,18195,11896,7059
,,,,1907,18195,11896,7059
,,,,1908,18195,11896,7059
,,,,1909,18195,11896,7059
,,,,1910,18195,11896,7059
,,,,1911,18195,11896,7059
,,,,1912,18195,11896,7059
,,,,1913,18195,11896,7059
,,,,1914,18195,11896,7059
,,,,1915,18195,11896,7059
,,,,1916,18195,11896,7059
,,,,1917,18195,11896,7059
,,,,1918,18195,11896,7059
,,,,1919,18195,11896,7059
,,,,1920,18195,11896,7059
,,,,1921,18195,11896,7059
,,,,1922,18195,11896,7059
,,,,1923,18195,11896,7059
,,,,1924,18195,11896,7059
,,,,1925,18195,11896,7059
,,,,1926,18195,11896,7059
,,,,1927,18195,11896,7059
,,,,1928,18195,11896,7059
,,,,1929,18195,11896,7059
,,,,1930,18195,11896,7059
,,,,1931,18195,11896,7059
,,,,1932,18195,11896,7059
,,,,1933,18195,11896,7059
,,,,1934,18195,11896,7059
,,,,1935,18195,11896,7059
,,,,1936,18195,11896,7059
,,,,1937,18195,11896,7059
,,,,1938,18195,11896,7059
,,,,1939,18195,11896,7059
,,,,1940,18195,11896,7059
,,,,1941,18195,11896,7059
,,,,1942,18195,11896,7059
,,,,1943,18195,11896,7059
,,,,1944,18195,11896,7059
,,,,1945,18195,11896,7059
,,,,1946,18195,11896,7059
,,,,1947,18195,11896,7059
,,,,1948,18195,11896,7059
,,,,1949,18195,11896,7059
,,,,1950,18195,11896,7059
,,,,1951,18195,11896,7059
,,,,1952,18195,11896,7059
,,,,1953,18195,11896,7059
,,,,1954,18195,11896,7059
,,,,1955,18195,11896,7059
,,,,1956,18195,11896,7059
,,,,1957,18195,11896,7059
,,,,1958,18195,11896,7059
,,,,1959,18195,11896,7059
,,,,1960,18195,11896,7059
,,,,1961,18195,11896,7059
,,,,1962,18195,11896,7059
,,,,1963,18195,11896,7059
,,,,1964,18195,11896,7059
,,,,1965,18195,11896,7059
,,,,1966,18195,11896,7059
,,,,1967,18195,11896,7059
,,,,1968,18195,11896,7059
,,,,1969,18195,11896,7059
,,,,1970,18195,11896,7059
,,,,1971,18195,11896,7059
,,,,1972,18195,11896,7059
,,,,1973,18195,11896,7059
,,,,1974,18195,11896,7059
,,,,1975,18195,11896,7059
,,,,1976,18195,11896,7059
,,,,1977,18195,11896,7059
,,,,1978,18195,11896,7059
,,,,1979,18195,11896,7059
,,,,1980,18195,11896,7059
,,,,1981,18195,11896,7059
,,,,1982,18195,11896,7059
,,,,1983,18195,11896,7059
,,,,1984,18195,11896,7059
,,,,1985,18195,11896,7059
,,,,1986,18195,11896,7059
,,,,1987,18195,11896,7059
,,,,1988,18195,11896,7059
,,,,1989,18195,11896,7059
,,,,1990,18195,11896,7059
,,,,1991,18195,11896,7059
,,,,1992,18195,11896,7059
,,,,1993,18195,11896,7059
,,,,1994,18195,11896,7059
,,,,1995,18195,11896,7059
,,,,1996,18195,11896,7059
,,,,1997,18195,11896,7059
,,,,1998,18195,11896,7059
,,,,1999,18195,11896,7059
,,,,2000,18195,11896,7059
,,,,2001,18195,11896,7059
,,,,2002,18195,11896,7059
,,,,2003,18195,11896,7059
,,,,2004,18195,11896,7059
,,,,2005,18195,11896,7059
,,,,2006,18195,11896,7059
,,,,2007,18195,11896,7059
,,,,2008,18195,11896,7059
,,,,2009,18195,11896,7059
,,,,2010,18195,11896,7059
,,,,2011,18195,11896,7059
,,,,2012,18195,11896,7059
,,,,2013,18195,11896,7059
,,,,2014,18195,11896,7059
,,,,2015,18195,11896,7059
,,,,2016,18195,11896,7059
,,,,2017,18195,11896,7059
,,,,2018,18195,11896,7059
,,,,2019,18195,11896,7059
,,,,2020,18195,11896,7059
,,,,2021,18195,11896,7059
,,,,2022,18195,11896,7059
,,,,2023,18195,11896,7059
,,,,2024,18195,11896,7059
,,,,2025,18195,11896,7059
,,,,2026,18195,11896,7059
,,,,2027,18195,11896,7059
,,,,2028,18195,11896,7059
,,,,2029,18195,11896,7059
,,,,2030,18195,11896,7059
,,,,2031,18195,11896,7059
,,,,2032,18195,11896,7059
,,,,2033,18195,11896,7059
,,,,2034,18195,11896,7059
,,,,2035,18195,11896,7059
,,,,2036,18195,11896,7059
,,,,2037,18195,11896,7059
,,,,2038,18195,11896,7059
,,,,2039,18195,11896,7059
,,,,2040,18195,11896,7059
,,,,2041,18195,11896,7059
,,,,2042,18195,11896,7059
,,,,2043,18195,11896,7059
,,,,2044,18195,11896,7059
,,,,2045,18195,11896,7059
,,,,2046,18195,11896,7059
,,,,2047,18195,11896,7059
,,,,2048,18195,11896,7059
,,,,2049,18195,11896,7059
,,,,2050,18195,11896,7059
,,,,2051,18195,11896,7059
,,,,2052,18195,11896,7059
,,,,2053,18195,11896,7059
,,,,2054,18195,11896,7059
,,,,2055,18195,11896,7059
,,,,2056,18195,11896,7059
,,,,2057,18195,11896,7059
,,,,2058,18195,11896,7059
,,,,2059,18195,11896,7059
,,,,2060,18195,11896,7059
,,,,2061,18195,11896,7059
,,,,2062,18195,11896,7059
,,,,2063,18195,11896,7059
,,,,2064,18195,11896,7059
,,,,2065,18195,11896,7059
,,,,2066,18195,11896,7059
,,,,2067,18195,11896,7059
,,,,2068,18195,11896,7059
,,,,2069,18195,11896,7059
,,,,2070,18195,11896,7059
,,,,2071,18195,11896,7059
,,,,2072,18195,11896,7059
,,,,2073,18195,11896,7059
,,,,2074,18195,11896,7059
,,,,2075,18195,11896,7059
,,,,2076,18195,11896,7059
,,,,2077,18195,11896,7059
,,,,2078,18195,11896,7059
,,,,2079,18195,11896,7059
,,,,2080,18195,11896,7059
,,,,2081,18195,11896,7059
,,,,2082,18195,11896,7059
,,,,2083,18195,11896,7059
,,,,2084,18195,11896,7059
,,,,2085,18195,11896,7059
,,,,2086,18195,11896,7059
,,,,2087,18195,11896,7059
,,,,2088,18195,11896,7059
,,,,2089,18195,11896,7059
,,,,2090,18195,11896,7059
,,,,2091,18195,11896,7059
,,,,2092,18195,11896,7059
,,,,2093,18195,11896,7059
,,,,2094,18195,11896,7059
,,,,2095,18195,11896,7059
,,,,2096,18195,11896,7059
,,,,2097,18195,11896,7059
,,,,2098,18195,11896,7059
,,,,2099,18195,11896,7059
,,,,2100,18195,11896,7059
,,,,2101,18195,11896,7059
,,,,2102,18195,11896,7059
,,,,2103,18195,11896,7059
,,,,2104,18195,11896,7059
,,,,2105,18195,11896,7059
,,,,2106,18195,11896,7059
,,,,2107,18195,11896,7059
,,,,2108,18195,11896,7059
,,,,2109,18195,11896,7059
,,,,2110,18195,11896,7059
,,,,2111,18195,11896,7059
,,,,2112,18195,11896,7059
,,,,2113,18195,11896,7059
,,,,2114,18195,11896,7059
,,,,2115,18195,11896,7059
,,,,2116,18195,11896,7059
,,,,2117,18195,11896,7059
,,,,2118,18195,11896,7059
,,,,2119,18195,11896,7059
,,,,2120,18195,11896,7059
,,,,2121,18195,11896,7059
,,,,2122,18195,11896,7059
,,,,2123,18195,11896,7059
,,,,2124,18195,11896,7059
,,,,2125,18195,11896,7059
,,,,2126,18195,11896,7059
,,,,2127,18195,11896,7059
,,,,2128,18195,11896,7059
,,,,2129,18195,11896,7059
,,,,2130,18195,11896,7059
,,,,2131,18195,11896,7059
,,,,2132,18195,11896,7059
,,,,2133,18195,11896,7059
,,,,2134,18195,11896,7059
,,,,2135,18195,11896,7059
,,,,2136,18195,11896,7059
,,,,2137,18195,11896,7059
,,,,2138,18195,11896,7059
,,,,2139,18195,11896,7059
,,,,2140,18195,11896,7059
,,,,2141,18195,11896,7059
,,,,2142,18195,11896,7059
,,,,2143,18195,11896,7059
,,,,2144,18195,11896,7059
,,,,2145,18195,11896,7059
,,,,2146,18195,11896,7059
,,,,2147,18195,11896,7059
,,,,2148,18195,11896,7059
,,,,2149,18195,11896,7059
,,,,2150,18195,11896,7059
,,,,2151,18195,11896,7059
,,,,2152,18195,11896,7059
,,,,2153,18195,11896,7059
,,,,2154,18195,11896,7059
,,,,2155,18195,11896,7059
,,,,2156,18195,11896,7059
,,,,2157,18195,11896,7059
,,,,2158,18195,11896,7059
,,,,2159,18195,11896,7059
,,,,2160,18195,11896,7059
,,,,2161,18195,11896,7059
,,,,2162,18195,11896,7059
,,,,2163,18195,11896,7059
,,,,2164,18195,11896,7059
,,,,2165,18195,11896,7059
,,,,2166,18195,11896,7059
,,,,2167,18195,11896,7059
,,,,2168,18195,11896,7059
,,,,2169,18195,11896,7059
,,,,2170,18195,11896,7059
,,,,2171,18195,11896,7059
,,,,2172,18195,11896,7059
,,,,2173,18195,11896,7059
,,,,2174,18195,11896,7059
,,,,2175,18195,11896,7059
,,,,2176,18195,11896,7059
,,,,2177,18195,11896,7059
,,,,2178,18195,11896,7059
,,,,2179,18195,11896,7059
,,,,2180,18195,11896,7059
,,,,2181,18195,11896,7059
,,,,2182,18195,11896,7059
,,,,2183,18195,11896,7059
,,,,2184,18195,11896,7059
,,,,2185,18195,11896,7059
,,,,2186,18195,11896,7059
,,,,2187,18195,11896,7059
,,,,2188,18195,11896,7059
,,,,2189,18195,11896,7059
,,,,2190,18195,11896,7059
,,,,2191,18195,11896,7059
,,,,2192,18195,11896,7059
,,,,2193,18195,11896,7059
,,,,2194,18195,11896,7059
,,,,2195,18195,11896,7059
,,,,2196,18195,11896,7059
,,,,2197,18195,11896,7059
,,,,2198,18195,11896,7059
,,,,2199,18195,11896,7059
,,,,2200,18195,11896,7059
,,,,2201,18195,11896,7059
,,,,2202,18195,11896,7059
,,,,2203,18195,11896,7059
,,,,2204,18195,11896,7059
,,,,2205,18195,11896,7059
,,,,2206,18195,11896,7059
,,,,2207,18195,11896,7059
,,,,2208,18195,11896,7059
,,,,2209,18195,11896,7059
,,,,2210,18195,11896,7059
,,,,2211,18195,11896,7059
,,,,2212,18195,11896,7059
,,,,2213,18195,11896,7059
,,,,2214,18195,11896,7059
,,,,2215,18195,11896,7059
,,,,2216,18195,11896,7059
,,,,2217,18195,11896,7059
,,,,2218,18195,11896,7059
,,,,2219,18195,11896,7059
,,,,2220,18195,11896,7059
,,,,2221,18195,11896,7059
,,,,2222,18195,11896,7059
,,,,2223,18195,11896,7059
,,,,2224,18195,11896,7059
,,,,2225,18195,11896,7059
,,,,2226,18195,11896,7059
,,,,2227,18195,11896,7059
,,,,2228,18195,11896,7059
,,,,2229,18195,11896,7059
,,,,2230,18195,11896,7059
,,,,2231,18195,11896,7059
,,,,2232,18195,11896,7059
,,,,2233,18195,11896,7059
,,,,2234,18195,11896,7059
,,,,2235,18195,11896,7059
,,,,2236,18195,11896,7059
,,,,2237,18195,11896,7059
,,,,2238,18195,11896,7059
,,,,2239,18195,11896,7059
,,,,2240,18195,11896,7059
,,,,2241,18195,11896,7059
,,,,2242,18195,11896,7059
,,,,2243,18195,11896,7059
,,,,2244,18195,11896,7059
,,,,2245,18195,11896,7059
,,,,2246,18195,11896,7059
,,,,2247,18195,11896,7059
,,,,2248,18195,11896,7059
,,,,2249,18195,11896,7059
,,,,2250,18195,11896,7059
,,,,2251,18195,11896,7059
,,,,2252,18195,11896,7059
,,,,2253,18195,11896,7059
,,,,2254,18195,11896,7059
,,,,2255,18195,11896,7059
,,,,2256,18195,11896,7059
,,,,2257,18195,11896,7059
,,,,2258,18195,11896,7059
,,,,2259,18195,11896,7059
,,,,2260,18195,11896,7059
,,,,2261,18195,11896,7059
,,,,2262,18195,11896,7059
,,,,2263,18195,11896,7059
,,,,2264,18195,11896,7059
,,,,2265,18195,11896,7059
,,,,2266,18195,11896,7059
,,,,2267,18195,11896,7059
,,,,2268,18195,11896,7059
,,,,2269,18195,11896,7059
,,,,2270,18195,11896,7059
,,,,2271,18195,11896,7059
,,,,2272,18195,11896,7059
,,,,2273,18195,11896,7059
,,,,2274,18195,11896,7059
,,,,2275,18195,11896,7059
,,,,2276,18195,11896,7059
,,,,2277,18195,11896,7059
,,,,2278,18195,11896,7059
,,,,2279,18195,11896,7059
,,,,2280,18195,11896,7059
,,,,2281,18195,11896,7059
,,,,2282,18195,11896,7059
,,,,2283,18195,11896,7059
,,,,2284,18195,11896,7059
,,,,2285,18195,11896,7059
,,,,2286,18195,11896,7059
,,,,2287,18195,11896,7059
,,,,2288,18195,11896,7059
,,,,2289,18195,11896,7059
,,,,2290,18195,11896,7059
,,,,2291,18195,11896,7059
,,,,2292,18195,11896,7059
,,,,2293,18195,11896,7059
,,,,2294,18195,11896,7059
,,,,2295,18195,11896,7059
,,,,2296,18195,11896,7059
,,,,2297,18195,11896,7059
,,,,2298,18195,11896,7059
,,,,2299,18195,11896,7059
,,,,2300,18195,11896,7059
,,,,2301,18195,11896,7059
,,,,2302,18195,11896,7059
,,,,2303,18195,11896,7059
,,,,2304,18195,11896,7059
,,,,2305,18195,11896,7059
,,,,2306,18195,11896,7059
,,,,2307,18195,11896,7059
,,,,2308,18195,11896,7059
,,,,2309,18195,11896,7059
,,,,2310,18195,11896,7059
,,,,2311,18195,11896,7059
,,,,2312,18195,11896,7059
,,,,2313,18195,11896,7059
,,,,2314,18195,11896,7059
,,,,2315,18195,11896,7059
,,,,2316,18195,11896,7059
,,,,2317,18195,11896,7059
,,,,2318,18195,11896,7059
,,,,2319,18195,11896,7059
,,,,2320,18195,11896,7059
,,,,2321,18195,11896,7059
,,,,2322,18195,11896,7059
,,,,2323,18195,11896,7059
,,,,2324,18195,11896,7059
,,,,2325,18195,11896,7059
,,,,2326,18195,11896,7059
,,,,2327,18195,11896,7059
,,,,2328,18195,11896,7059
,,,,2329,18195,11896,7059
,,,,2330,18195,11896,7059
,,,,2331,18195,11896,7059
,,,,2332,18195,11896,7059
,,,,2333,18195,11896,7059
,,,,2334,18195,11896,7059
,,,,2335,18195,11896,7059
,,,,2336,18195,11896,7059
,,,,2337,18195,11896,7059
,,,,2338,18195,11896,7059
,,,,2339,18195,11896,7059
,,,,2340,18195,11896,7059
,,,,2341,18195,11896,7059
,,,,2342,18195,11896,7059
,,,,2343,18195,11896,7059
,,,,2344,18195,11896,7059
,,,,2345,18195,11896,7059
,,,,2346,18195,11896,7059
,,,,2347,18195,11896,7059
,,,,2348,18195,11896,7059
,,,,2349,18195,11896,7059
,,,,2350,18195,11896,7059
,,,,2351,18195,11896,7059
,,,,2352,18195,11896,7059
,,,,2353,18195,11896,7059
,,,,2354,18195,11896,7059
,,,,2355,18195,11896,7059
,,,,2356,18195,11896,7059
,,,,2357,18195,11896,7059
,,,,2358,18195,11896,7059
,,,,2359,18195,11896,7059
,,,,2360,18195,11896,7059
,,,,2361,18195,11896,7059
,,,,2362,18195,11896,7059
,,,,2363,18195,11896,7059
,,,,2364,18195,11896,7059
,,,,2365,18195,11896,7059
,,,,2366,18195,11896,7059
,,,,2367,18195,11896,7059
,,,,2368,18195,11896,7059
,,,,2369,18195,11896,7059
,,,,2370,18195,11896,7059
,,,,2371,18195,11896,7059
,,,,2372,18195,11896,7059
,,,,2373,18195,11896,7059
,,,,2374,18195,11896,7059
,,,,2375,18195,11896,7059
,,,,2376,18195,11896,7059
,,,,2377,18195,11896,7059
,,,,2378,18195,11896,7059
,,,,2379,18195,11896,7059
,,,,2380,18195,11896,7059
,,,,2381,18195,11896,7059
,,,,2382,18195,11896,7059
,,,,2383,18195,11896,7059
,,,,2384,18195,11896,7059
,,,,2385,18195,11896,7059
,,,,2386,18195,11896,7059
,,,,2387,18195,11896,7059
,,,,2388,18195,11896,7059
,,,,2389,18195,11896,7059
,,,,2390,18195,11896,7059
,,,,2391,18195,11896,7059
,,,,2392,18195,11896,7059
,,,,2393,18195,11896,7059
,,,,2394,18195,11896,7059
,,,,2395,18195,11896,7059
,,,,2396,18195,11896,7059
,,,,2397,18195,11896,7059
,,,,2398,18195,11896,7059
,,,,2399,18195,11896,7059
,,,,2400,18195,11896,7059
,,,,2401,18195,11896,7059
,,,,2402,18195,11896,7059
,,,,2403,18195,11896,7059
,,,,2404,18195,11896,7059
,,,,2405,18195,11896,7059
,,,,2406,18195,11896,7059
,,,,2407,18195,11896,7059
,,,,2408,18195,11896,7059
,,,,2409,18195,11896,7059
,,,,2410,18195,11896,7059
,,,,2411,18195,11896,7059
,,,,2412,18195,11896,7059
,,,,2413,18195,11896,7059
,,,,2414,18195,11896,7059
,,,,2415,18195,11896,7059
,,,,2416,18195,11896,7059
,,,,2417,18195,11896,7059
,,,,2418,18195,11896,7059
,,,,2419,18195,11896,7059
,,,,2420,18195,11896,7059
,,,,2421,18195,11896,7059
,,,,2422,18195,11896,7059
,,,,2423,18195,11896,7059
,,,,2424,18195,11896,7059
,,,,2425,18195,11896,7059
,,,,2426,18195,11896,7059
,,,,2427,18195,11896,7059
,,,,2428,18195,11896,7059
,,,,2429,18195,11896,7059
,,,,2430,18195,11896,7059
,,,,2431,18195,11896,7059
,,,,2432,18195,11896,7059
,,,,2433,18195,11896,7059
,,,,2434,18195,11896,7059
,,,,2435,18195,11896,7059
,,,,2436,18195,11896,7059
,,,,2437,18195,11896,7059
,,,,2438,18195,11896,7059
,,,,2439,18195,11896,7059
,,,,2440,18195,11896,7059
,,,,2441,18195,11896,7059
,,,,2442,18195,11896,7059
,,,,2443,18195,11896,7059
,,,,2444,18195,11896,7059
,,,,2445,18195,11896,7059
,,,,2446,18195,11896,7059
,,,,2447,18195,11896,7059
,,,,2448,18195,11896,7059
,,,,2449,18195,11896,7059
,,,,2450,18195,11896,7059
,,,,2451,18195,11896,7059
,,,,2452,18195,11896,7059
,,,,2453,18195,11896,7059
,,,,2454,18195,11896,7059
,,,,2455,18195,11896,7059
,,,,2456,18195,11896,7059
,,,,2457,18195,11896,7059
,,,,2458,18195,11896,7059
,,,,2459,18195,11896,7059
,,,,2460,18195,11896,7059
,,,,2461,18195,11896,7059
,,,,2462,18195,11896,7059
,,,,2463,18195,11896,7059
,,,,2464,18195,11896,7059
,,,,2465,18195,11896,7059
,,,,2466,18195,11896,7059
,,,,2467,18195,11896,7059
,,,,2468,18195,11896,7059
,,,,2469,18195,11896,7059
,,,,2470,18195,11896,7059
,,,,2471,18195,11896,7059
,,,,2472,18195,11896,7059
,,,,2473,18195,11896,7059
,,,,2474,18195,11896,7059
,,,,2475,18195,11896,7059
,,,,2476,18195,11896,7059
,,,,2477,18195,11896,7059
,,,,2478,18195,11896,7059
,,,,2479,18195,11896,7059
,,,,2480,18195,11896,7059
,,,,2481,18195,11896,7059
,,,,2482,18195,11896,7059
,,,,2483,18195,11896,7059
,,,,2484,18195,11896,7059
,,,,2485,18195,11896,7059
,,,,2486,18195,11896,7059
,,,,2487,18195,11896,7059
,,,,2488,18195,11896,7059
,,,,2489,18195,11896,7059
,,,,2490,18195,11896,7059
,,,,2491,18195,11896,7059
,,,,2492,18195,11896,7059
,,,,2493,18195,11896,7059
,,,,2494,18195,11896,7059
,,,,2495,18195,11896,7059
,,,,2496,18195,11896,7059
,,,,2497,18195,11896,7059
,,,,2498,18195,11896,7059
,,,,2499,18195,11896,7059
,,,,2500,18195,11896,7059
,,,,2501,18195,11896,7059
,,,,2502,18195,11896,7059
,,,,2503,18195,11896,7059
,,,,2504,18195,11896,7059
,,,,2505,18195,11896,7059
,,,,2506,18195,11896,7059
,,,,2507,18195,11896,7059
,,,,2508,18195,11896,7059
,,,,2509,18195,11896,7059
,,,,2510,18195,11896,7059
,,,,2511,18195,11896,7059
,,,,2512,18195,11896,7059
,,,,2513,18195,11896,7059
,,,,2514,18195,11896,7059
,,,,2515,18195,11896,7059
,,,,2516,18195,11896,7059
,,,,2517,18195,11896,7059
,,,,2518,18195,11896,7059
,,,,2519,18195,11896,7059
,,,,2520,18195,11896,7059
,,,,2521,18195,11896,7059
,,,,2522,18195,11896,7059
,,,,2523,18195,11896,7059
,,,,2524,18195,11896,7059
,,,,2525,18195,11896,7059
,,,,2526,18195,11896,7059
,,,,2527,18195,11896,7059
,,,,2528,18195,11896,7059
,,,,2529,18195,11896,7059
,,,,2530,18195,11896,7059
,,,,2531,18195,11896,7059
,,,,2532,18195,11896,7059
,,,,2533,18195,11896,7059
,,,,2534,18195,11896,7059
,,,,2535,18195,11896,7059
,,,,2536,18195,11896,7059
,,,,2537,18195,11896,7059
,,,,2538,18195,11896,7059
,,,,2539,18195,11896,7059
,,,,2540,18195,11896,7059
,,,,2541,18195,11896,7059
,,,,2542,18195,11896,7059
,,,,2543,18195,11896,7059
,,,,2544,18195,11896,7059
,,,,2545,18195,11896,7059
,,,,2546,18195,11896,7059
,,,,2547,18195,11896,7059
,,,,2548,18195,11896,7059
,,,,2549,18195,11896,7059
,,,,2550,18195,11896,7059
,,,,2551,18195,11896,7059
,,,,2552,18195,11896,7059
,,,,2553,18195,11896,7059
,,,,2554,18195,11896,7059
,,,,2555,18195,11896,7059
,,,,2556,18195,11896,7059
,,,,2557,18195,11896,7059
,,,,2558,18195,11896,7059
,,,,2559,18195,11896,7059
,,,,2560,18195,11896,7059
,,,,2561,18195,11896,7059
,,,,2562,18195,11896,7059
,,,,2563,18195,11896,7059
,,,,2564,18195,11896,7059
,,,,2565,18195,11896,7059
,,,,2566,18195,11896,7059
,,,,2567,18195,11896,7059
,,,,2568,18195,11896,7059
,,,,2569,18195,11896,7059
,,,,2570,18195,11896,7059
,,,,2571,18195,11896,7059
,,,,2572,18195,11896,7059
,,,,2573,18195,11896,7059
,,,,2574,18195,11896,7059
,,,,2575,18195,11896,7059
,,,,2576,18195,11896,7059
,,,,2577,18195,11896,7059
,,,,2578,18195,11896,7059
,,,,2579,18195,11896,7059
,,,,2580,18195,11896,7059
,,,,2581,18195,11896,7059
,,,,2582,18195,11896,7059
,,,,2583,18195,11896,7059
,,,,2584,18195,11896,7059
,,,,2585,18195,11896,7059
,,,,2586,18195,11896,7059
,,,,2587,18195,11896,7059
,,,,2588,18195,11896,7059
,,,,2589,18195,11896,7059
,,,,2590,18195,11896,7059
,,,,2591,18195,11896,7059
,,,,2592,18195,11896,7059
,,,,2593,18195,11896,7059
,,,,2594,18195,11896,7059
,,,,2595,18195,11896,7059
,,,,2596,18195,11896,7059
,,,,2597,18195,11896,7059
,,,,2598,18195,11896,7059
,,,,2599,18195,11896,7059
,,,,2600,18195,11896,7059
,,,,2601,18195,11896,7059
,,,,2602,18195,11896,7059
,,,,2603,18195,11896,7059
,,,,2604,18195,11896,7059
,,,,2605,18195,11896,7059
,,,,2606,18195,11896,7059
,,,,2607,18195,11896,7059
,,,,2608,18195,11896,7059
,,,,2609,18195,11896,7059
,,,,2610,18195,11896,7059
,,,,2611,18195,11896,7059
,,,,2612,18195,11896,7059
,,,,2613,18195,11896,7059
,,,,2614,18195,11896,7059
,,,,2615,18195,11896,7059
,,,,2616,18195,11896,7059
,,,,2617,18195,11896,7059
,,,,2618,18195,11896,7059
,,,,2619,18195,11896,7059
,,,,2620,18195,11896,7059
,,,,2621,18195,11896,7059
,,,,2622,18195,11896,7059
,,,,2623,18195,11896,7059
,,,,2624,18195,11896,7059
,,,,2625,18195,11896,7059
,,,,2626,18195,11896,7059
,,,,2627,18195,11896,7059
,,,,2628,18195,11896,7059
,,,,2629,18195,11896,7059
,,,,2630,18195,11896,7059
,,,,2631,18195,11896,7059
,,,,2632,18195,11896,7059
,,,,2633,18195,11896,7059
,,,,2634,18195,11896,7059
,,,,2635,18195,11896,7059
,,,,2636,18195,11896,7059
,,,,2637,18195,11896,7059
,,,,2638,18195,11896,7059
,,,,2639,18195,11896,7059
,,,,2640,18195,11896,7059
,,,,2641,18195,11896,7059
,,,,2642,18195,11896,7059
,,,,2643,18195,11896,7059
,,,,2644,18195,11896,7059
,,,,2645,18195,11896,7059
,,,,2646,18195,11896,7059
,,,,2647,18195,11896,7059
,,,,2648,18195,11896,7059
,,,,2649,18195,11896,7059
,,,,2650,18195,11896,7059
,,,,2651,18195,11896,7059
,,,,2652,18195,11896,7059
,,,,2653,18195,11896,7059
,,,,2654,18195,11896,7059
,,,,2655,18195,11896,7059
,,,,2656,18195,11896,7059
,,,,2657,18195,11896,7059
,,,,2658,18195,11896,7059
,,,,2659,18195,11896,7059
,,,,2660,18195,11896,7059
,,,,2661,18195,11896,7059
,,,,2662,18195,11896,7059
,,,,2663,18195,11896,7059
,,,,2664,18195,11896,7059
,,,,2665,18195,11896,7059
,,,,2666,18195,11896,7059
,,,,2667,18195,11896,7059
,,,,2668,18195,11896,7059
,,,,2669,18195,11896,7059
,,,,2670,18195,11896,7059
,,,,2671,18195,11896,7059
,,,,2672,18195,11896,7059
,,,,2673,18195,11896,7059
,,,,2674,18195,11896,7059
,,,,2675,18195,11896,7059
,,,,2676,18195,11896,7059
,,,,2677,18195,11896,7059
,,,,2678,18195,11896,7059
,,,,2679,18195,11896,7059
,,,,2680,18195,11896,7059
,,,,2681,18195,11896,7059
,,,,2682,18195,11896,7059
,,,,2683,18195,11896,7059
,,,,2684,18195,11896,7059
,,,,2685,18195,11896,7059
,,,,2686,18195,11896,7059
,,,,2687,18195,11896,7059
,,,,2688,18195,11896,7059
,,,,2689,18195,11896,7059
,,,,2690,18195,11896,7059
,,,,2691,18195,11896,7059
,,,,2692,18195,11896,7059
,,,,2693,18195,11896,7059
,,,,2694,18195,11896,7059
,,,,2695,18195,11896,7059
,,,,2696,18195,11896,7059
,,,,2697,18195,11896,7059
,,,,2698,18195,11896,7059
,,,,2699,18195,11896,7059
,,,,2700,18195,11896,7059
,,,,2701,18195,11896,7059
,,,,2702,18195,11896,7059
,,,,2703,18195,11896,7059
,,,,2704,18195,11896,7059
,,,,2705,18195,11896,7059
,,,,2706,18195,11896,7059
,,,,2707,18195,11896,7059
,,,,2708,18195,11896,7059
,,,,2709,18195,11896,7059
,,,,2710,18195,11896,7059
,,,,2711,18195,11896,7059
,,,,2712,18195,11896,7059
,,,,2713,18195,11896,7059
,,,,2714,18195,11896,7059
,,,,2715,18195,11896,7059
,,,,2716,18195,11896,7059
,,,,2717,18195,11896,7059
,,,,2718,18195,11896,7059
,,,,2719,18195,11896,7059
,,,,2720,18195,11896,7059
,,,,2721,18195,11896,7059
,,,,2722,18195,11896,7059
,,,,2723,18195,11896,7059
,,,,2724,18195,11896,7059
,,,,2725,18195,11896,7059
,,,,2726,18195,11896,7059
,,,,2727,18195,11896,7059
,,,,2728,18195,11896,7059
,,,,2729,18195,11896,7059
,,,,2730,18195,11896,7059
,,,,2731,18195,11896,7059
,,,,2732,18195,11896,7059
,,,,2733,18195,11896,7059
,,,,2734,18195,11896,7059
,,,,2735,18195,11896,7059
,,,,2736,18195,11896,7059
,,,,2737,18195,11896,7059
,,,,2738,18195,11896,7059
,,,,2739,18195,11896,7059
,,,,2740,18195,11896,7059
,,,,2741,18195,11896,7059
,,,,2742,18195,11896,7059
,,,,2743,18195,11896,7059
,,,,2744,18195,11896,7059
,,,,2745,18195,11896,7059
,,,,2746,18195,11896,7059
,,,,2747,18195,11896,7059
,,,,2748,18195,11896,7059
,,,,2749,18195,11896,7059
,,,,2750,18195,11896,7059
,,,,2751,18195,11896,7059
,,,,2752,18195,11896,7059
,,,,2753,18195,11896,7059
,,,,2754,18195,11896,7059
,,,,2755,18195,11896,7059
,,,,2756,18195,11896,7059
,,,,2757,18195,11896,7059
,,,,2758,18195,11896,7059
,,,,2759,18195,11896,7059
,,,,2760,18195,11896,7059
,,,,2761,18195,11896,7059
,,,,2762,18195,11896,7059
,,,,2763,18195,11896,7059
,,,,2764,18195,11896,7059
,,,,2765,18195,11896,7059
,,,,2766,18195,11896,7059
,,,,2767,18195,11896,7059
,,,,2768,18195,11896,7059
,,,,2769,18195,11896,7059
,,,,2770,18195,11896,7059
,,,,2771,18195,11896,7059
,,,,2772,18195,11896,7059
,,,,2773,18195,11896,7059
,,,,2774,18195,11896,7059
,,,,2775,18195,11896,7059
,,,,2776,18195,11896,7059
,,,,2777,18195,11896,7059
,,,,2778,18195,11896,7059
,,,,2779,18195,11896,7059
,,,,2780,18195,11896,7059
,,,,2781,18195,11896,7059
,,,,2782,18195,11896,7059
,,,,2783,18195,11896,7059
,,,,2784,18195,11896,7059
,,,,2785,18195,11896,7059
,,,,2786,18195,11896,7059
,,,,2787,18195,11896,7059
,,,,2788,18195,11896,7059
,,,,2789,18195,11896,7059
,,,,2790,18195,11896,7059
,,,,2791,18195,11896,7059
,,,,2792,18195,11896,7059
,,,,2793,18195,11896,7059
,,,,2794,18195,11896,7059
,,,,2795,18195,11896,7059
,,,,2796,18195,11896,7059
,,,,2797,18195,11896,7059
,,,,2798,18195,11896,7059
,,,,2799,18195,11896,7059
,,,,2800,18195,11896,7059
,,,,2801,18195,11896,7059
,,,,2802,18195,11896,7059
,,,,2803,18195,11896,7059
,,,,2804,18195,11896,7059
,,,,2805,18195,11896,7059
,,,,2806,18195,11896,7059
,,,,2807,18195,11896,7059
,,,,2808,18195,11896,7059
,,,,2809,18195,11896,7059
,,,,2810,18195,11896,7059
,,,,2811,18195,11896,7059
,,,,2812,18195,11896,7059
,,,,2813,18195,11896,7059
,,,,2814,18195,11896,7059
,,,,2815,18195,11896,7059
,,,,2816,18195,11896,7059
,,,,2817,18195,11896,7059
,,,,2818,18195,11896,7059
,,,,2819,18195,11896,7059
,,,,2820,18195,11896,7059
,,,,2821,18195,11896,7059
,,,,2822,18195,11896,7059
,,,,2823,18195,11896,7059
,,,,2824,18195,11896,7059
,,,,2825,18195,11896,7059
,,,,2826,18195,11896,7059
,,,,2827,18195,11896,7059
,,,,2828,18195,11896,7059
,,,,2829,18195,11896,7059
,,,,2830,18195,11896,7059
,,,,2831,18195,11896,7059
,,,,2832,18195,11896,7059
,,,,2833,18195,11896,7059
,,,,2834,18195,11896,7059
,,,,2835,18195,11896,7059
,,,,2836,18195,11896,7059
,,,,2837,18195,11896,7059
,,,,2838,18195,11896,7059
,,,,2839,18195,11896,7059
,,,,2840,18195,11896,7059
,,,,2841,18195,11896,7059
,,,,2842,18195,11896,7059
,,,,2843,18195,11896,7059
,,,,2844,18195,11896,7059
,,,,2845,18195,11896,7059
,,,,2846,18195,11896,7059
,,,,2847,18195,11896,7059
,,,,2848,18195,11896,7059
,,,,2849,18195,11896,7059
,,,,2850,18195,11896,7059
,,,,2851,18195,11896,7059
,,,,2852,18195,11896,7059
,,,,2853,18195,11896,7059
,,,,2854,18195,11896,7059
,,,,2855,18195,11896,7059
,,,,2856,18195,11896,7059
,,,,2857,18195,11896,7059
,,,,2858,18195,11896,7059
,,,,2859,18195,11896,7059
,,,,2860,18195,11896,7059
,,,,2861,18195,11896,7059
,,,,2862,18195,11896,7059
,,,,2863,18195,11896,7059
,,,,2864,18195,11896,7059
,,,,2865,18195,11896,7059
,,,,2866,18195,11896,7059
,,,,2867,18195,11896,7059
,,,,2868,18195,11896,7059
,,,,2869,18195,11896,7059
,,,,2870,18195,11896,7059
,,,,2871,18195,11896,7059
,,,,2872,18195,11896,7059
,,,,2873,18195,11896,7059
,,,,2874,18195,11896,7059
,,,,2875,18195,11896,7059
,,,,2876,18195,11896,7059
,,,,2877,18195,11896,7059
,,,,2878,18195,11896,7059
,,,,2879,18195,11896,7059
,,,,2880,18195,11896,7059
,,,,2881,18195,11896,7059
,,,,2882,18195,11896,7059
,,,,2883,18195,11896,7059
,,,,2884,18195,11896,7059
,,,,2885,18195,11896,7059
,,,,2886,18195,11896,7059
,,,,2887,18195,11896,7059
,,,,2888,18195,11896,7059
,,,,2889,18195,11896,7059
,,,,2890,18195,11896,7059
,,,,2891,18195,11896,7059
,,,,2892,18195,11896,7059
,,,,2893,18195,11896,7059
,,,,2894,18195,11896,7059
,,,,2895,18195,11896,7059
,,,,2896,18195,11896,7059
,,,,2897,18195,11896,7059
,,,,2898,18195,11896,7059
,,,,2899,18195,11896,7059
,,,,2900,18195,11896,7059
,,,,2901,18195,11896,7059
,,,,2902,18195,11896,7059
,,,,2903,18195,11896,7059
,,,,2904,18195,11896,7059
,,,,2905,18195,11896,7059
,,,,2906,18195,11896,7059
,,,,2907,18195,11896,7059
,,,,2908,18195,11896,7059
,,,,2909,18195,11896,7059
,,,,2910,18195,11896,7059
,,,,2911,18195,11896,7059
,,,,2912,18195,11896,7059
,,,,2913,18195,11896,7059
,,,,2914,18195,11896,7059
,,,,2915,18195,11896,7059
,,,,2916,18195,11896,7059
,,,,2917,18195,11896,7059
,,,,2918,18195,11896,7059
,,,,2919,18195,11896,7059
,,,,2920,18195,11896,7059
,,,,2921,18195,11896,7059
,,,,2922,18195,11896,7059
,,,,2923,18195,11896,7059
,,,,2924,18195,11896,7059
,,,,2925,18195,11896,7059
,,,,2926,18195,11896,7059
,,,,2927,18195,11896,7059
,,,,2928,18195,11896,7059
,,,,2929,18195,11896,7059
,,,,2930,18195,11896,7059
,,,,2931,18195,11896,7059
,,,,2932,18195,11896,7059
,,,,2933,18195,11896,7059
,,,,2934,18195,11896,7059
,,,,2935,18195,11896,7059
,,,,2936,18195,11896,7059
,,,,2937,18195,11896,7059
,,,,2938,18195,11896,7059
,,,,2939,18195,11896,7059
,,,,2940,18195,11896,7059
,,,,2941,18195,11896,7059
,,,,2942,18195,11896,7059
,,,,2943,18195,11896,7059
,,,,2944,18195,11896,7059
,,,,2945,18195,11896,7059
,,,,2946,18195,11896,7059
,,,,2947,18195,11896,7059
,,,,2948,18195,11896,7059
,,,,2949,18195,11896,7059
,,,,2950,18195,11896,7059
,,,,2951,18195,11896,7059
,,,,2952,18195,11896,7059
,,,,2953,18195,11896,7059
,,,,2954,18195,11896,7059
,,,,2955,18195,11896,7059
,,,,2956,18195,11896,7059
,,,,2957,18195,11896,7059
,,,,2958,18195,11896,7059
,,,,2959,18195,11896,7059
,,,,2960,18195,11896,7059
,,,,2961,18195,11896,7059
,,,,2962,18195,11896,7059
,,,,2963,18195,11896,7059
,,,,2964,18195,11896,7059
,,,,2965,18195,11896,7059
,,,,2966,18195,11896,7059
,,,,2967,18195,11896,7059
,,,,2968,18195,11896,7059
,,,,2969,18195,11896,7059
,,,,2970,18195,11896,7059
,,,,2971,18195,11896,7059
,,,,2972,18195,11896,7059
,,,,2973,18195,11896,7059
,,,,2974,18195,11896,7059
,,,,2975,18195,11896,7059
,,,,2976,18195,11896,7059
,,,,2977,18195,11896,7059
,,,,2978,18195,11896,7059
,,,,2979,18195,11896,7059
,,,,2980,18195,11896,7059
,,,,2981,18195,11896,7059
,,,,2982,18195,11896,7059
,,,,2983,18195,11896,7059
,,,,2984,18195,11896,7059
,,,,2985,18195,11896,7059
,,,,2986,18195,11896,7059
,,,,2987,18195,11896,7059
,,,,2988,18195,11896,7059
,,,,2989,18195,11896,7059
,,,,2990,18195,11896,7059
,,,,2991,18195,11896,7059
,,,,2992,18195,11896,7059
,,,,2993,18195,11896,7059
,,,,2994,18195,11896,7059
,,,,2995,18195,11896,7059
,,,,2996,18195,11896,7059
,,,,2997,18195,11896,7059
,,,,2998,18195,11896,7059
,,,,2999,18195,11896,7059
,,,,3000,18195,11896,7059
,,,,3001,18195,11896,7059
,,,,3002,18195,11896,7059
,,,,3003,18195,11896,7059
,,,,3004,18195,11896,7059
,,,,3005,18195,11896,7059
,,,,3006,18195,11896,7059
,,,,3007,18195,11896,7059
,,,,3008,18195,11896,7059
,,,,3009,18195,11896,7059
,,,,3010,18195,11896,7059
,,,,3011,18195,11896,7059
,,,,3012,18195,11896,7059
,,,,3013,18195,11896,7059
,,,,3014,18195,11896,7059
,,,,3015,18195,11896,7059
,,,,3016,18195,11896,7059
,,,,3017,18195,11896,7059
,,,,3018,18195,11896,7059
,,,,3019,18195,11896,7059
,,,,3020,18195,11896,7059
,,,,3021,18195,11896,7059
,,,,3022,18195,11896,7059
,,,,3023,18195,11896,7059
,,,,3024,18195,11896,7059
,,,,3025,18195,11896,7059
,,,,3026,18195,11896,7059
,,,,3027,18195,11896,7059
,,,,3028,18195,11896,7059
,,,,3029,18195,11896,7059
,,,,3030,18195,11896,7059
,,,,3031,18195,11896,7059
,,,,3032,18195,11896,7059
,,,,3033,18195,11896,7059
,,,,3034,18195,11896,7059
,,,,3035,18195,11896,7059
,,,,3036,18195,11896,7059
,,,,3037,18195,11896,7059
,,,,3038,18195,11896,7059
,,,,3039,18195,11896,7059
,,,,3040,18195,11896,7059
,,,,3041,18195,11896,7059
,,,,3042,18195,11896,7059
,,,,3043,18195,11896,7059
,,,,3044,18195,11896,7059
,,,,3045,18195,11896,7059
,,,,3046,18195,11896,7059
,,,,3047,18195,11896,7059
,,,,3048,18195,11896,7059
,,,,3049,18195,11896,7059
,,,,3050,18195,11896,7059
,,,,3051,18195,11896,7059
,,,,3052,18195,11896,7059
,,,,3053,18195,11896,7059
,,,,3054,18195,11896,7059
,,,,3055,18195,11896,7059
,,,,3056,18195,11896,7059
,,,,3057,18195,11896,7059
,,,,3058,18195,11896,7059
,,,,3059,18195,11896,7059
,,,,3060,18195,11896,7059
,,,,3061,18195,11896,7059
,,,,3062,18195,11896,7059
,,,,3063,18195,11896,7059
,,,,3064,18195,11896,7059
,,,,3065,18195,11896,7059
,,,,3066,18195,11896,7059
,,,,3067,18195,11896,7059
,,,,3068,18195,11896,7059
,,,,3069,18195,11896,7059
,,,,3070,18195,11896,7059
,,,,3071,18195,11896,7059
,,,,3072,18195,11896,7059
,,,,3073,18195,11896,7059
,,,,3074,18195,11896,7059
,,,,3075,18195,11896,7059
,,,,3076,18195,11896,7059
,,,,3077,18195,11896,7059
,,,,3078,18195,11896,7059
,,,,3079,18195,11896,7059
,,,,3080,18195,11896,7059
,,,,3081,18195,11896,7059
,,,,3082,18195,11896,7059
,,,,3083,18195,11896,7059
,,,,3084,18195,11896,7059
,,,,3085,18195,11896,7059
,,,,3086,18195,11896,7059
,,,,3087,18195,11896,7059
,,,,3088,18195,11896,7059
,,,,3089,18195,11896,7059
,,,,3090,18195,11896,7059
,,,,3091,18195,11896,7059
,,,,3092,18195,11896,7059
,,,,3093,18195,11896,7059
,,,,3094,18195,11896,7059
,,,,3095,18195,11896,7059
,,,,3096,18195,11896,7059
,,,,3097,18195,11896,7059
,,,,3098,18195,11896,7059
,,,,3099,18195,11896,7059
,,,,3100,18195,11896,7059
,,,,3101,18195,11896,7059
,,,,3102,18195,11896,7059
,,,,3103,18195,11896,7059
,,,,3104,18195,11896,7059
,,,,3105,18195,11896,7059
,,,,3106,18195,11896,7059
,,,,3107,18195,11896,7059
,,,,3108,18195,11896,7059
,,,,3109,18195,11896,7059
,,,,3110,18195,11896,7059
,,,,3111,18195,11896,7059
,,,,3112,18195,11896,7059
,,,,3113,18195,11896,7059
,,,,3114,18195,11896,7059
,,,,3115,18195,11896,7059
,,,,3116,18195,11896,7059
,,,,3117,18195,11896,7059
,,,,3118,18195,11896,7059
,,,,3119,18195,11896,7059
,,,,3120,18195,11896,7059
,,,,3121,18195,11896,7059
,,,,3122,18195,11896,7059
,,,,3123,18195,11896,7059
,,,,3124,18195,11896,7059
,,,,3125,18195,11896,7059
,,,,3126,18195,11896,7059
,,,,3127,18195,11896,7059
,,,,3128,18195,11896,7059
,,,,3129,18195,11896,7059
,,,,3130,18195,11896,7059
,,,,3131,18195,11896,7059
,,,,3132,18195,11896,7059
,,,,3133,18195,11896,7059
,,,,3134,18195,11896,7059
,,,,3135,18195,11896,7059
,,,,3136,18195,11896,7059
,,,,3137,18195,11896,7059
,,,,3138,18195,11896,7059
,,,,3139,18195,11896,7059
,,,,3140,18195,11896,7059
,,,,3141,18195,11896,7059
,,,,3142,18195,11896,7059
,,,,3143,18195,11896,7059
,,,,3144,18195,11896,7059
,,,,3145,18195,11896,7059
,,,,3146,18195,11896,7059
,,,,3147,18195,11896,7059
,,,,3148,18195,11896,7059
,,,,3149,18195,11896,7059
,,,,3150,18195,11896,7059
,,,,3151,18195,11896,7059
,,,,3152,18195,11896,7059
,,,,3153,18195,11896,7059
,,,,3154,18195,11896,7059
,,,,3155,18195,11896,7059
,,,,3156,18195,11896,7059
,,,,3157,18195,11896,7059
,,,,3158,18195,11896,7059
,,,,3159,18195,11896,7059
,,,,3160,18195,11896,7059
,,,,3161,18195,11896,7059
,,,,3162,18195,11896,7059
,,,,3163,18195,11896,7059
,,,,3164,18195,11896,7059
,,,,3165,18195,11896,7059
,,,,3166,18195,11896,7059
,,,,3167,18195,11896,7059
,,,,3168,18195,11896,7059
,,,,3169,18195,11896,7059
,,,,3170,18195,11896,7059
,,,,3171,18195,11896,7059
,,,,3172,18195,11896,7059
,,,,3173,18195,11896,7059
,,,,3174,18195,11896,7059
,,,,3175,18195,11896,7059
,,,,3176,18195,11896,7059
,,,,3177,18195,11896,7059
,,,,3178,18195,11896,7059
,,,,3179,18195,11896,7059
,,,,3180,18195,11896,7059
,,,,3181,18195,11896,7059
,,,,3182,18195,11896,7059
,,,,3183,18195,11896,7059
,,,,3184,18195,11896,7059
,,,,3185,18195,11896,7059
,,,,3186,18195,11896,7059
,,,,3187,18195,11896,7059
,,,,3188,18195,11896,7059
,,,,3189,18195,11896,7059
,,,,3190,18195,11896,7059
,,,,3191,18195,11896,7059
,,,,3192,18195,11896,7059
,,,,3193,18195,11896,7059
,,,,3194,18195,11896,7059
,,,,3195,18195,11896,7059
,,,,3196,18195,11896,7059
,,,,3197,18195,11896,7059
,,,,3198,18195,11896,7059
,,,,3199,18195,11896,7059
,,,,3200,18195,11896,7059
,,,,3201,18195,11896,7059
,,,,3202,18195,11896,7059
,,,,3203,18195,11896,7059
,,,,3204,18195,11896,7059
,,,,3205,18195,11896,7059
,,,,3206,18195,11896,7059
,,,,3207,18195,11896,7059
,,,,3208,18195,11896,7059
,,,,3209,18195,11896,7059
,,,,3210,18195,11896,7059
,,,,3211,18195,11896,7059
,,,,3212,18195,11896,7059
,,,,3213,18195,11896,7059
,,,,3214,18195,11896,7059
,,,,3215,18195,11896,7059
,,,,3216,18195,11896,7059
,,,,3217,18195,11896,7059
,,,,3218,18195,11896,7059
,,,,3219,18195,11896,7059
,,,,3220,18195,11896,7059
,,,,3221,18195,11896,7059
,,,,3222,18195,11896,7059
,,,,3223,18195,11896,7059
,,,,3224,18195,11896,7059
,,,,3225,18195,11896,7059
,,,,3226,18195,11896,7059
,,,,3227,18195,11896,7059
,,,,3228,18195,11896,7059
,,,,3229,18195,11896,7059
,,,,3230,18195,11896,7059
,,,,3231,18195,11896,7059
,,,,3232,18195,11896,7059
,,,,3233,18195,11896,7059
,,,,3234,18195,11896,7059
,,,,3235,18195,11896,7059
,,,,3236,18195,11896,7059
,,,,3237,18195,11896,7059
,,,,3238,18195,11896,7059
,,,,3239,18195,11896,7059
,,,,3240,18195,11896,7059
,,,,3241,18195,11896,7059
,,,,3242,18195,11896,7059
,,,,3243,18195,11896,7059
,,,,3244,18195,11896,7059
,,,,3245,18195,11896,7059
,,,,3246,18195,11896,7059
,,,,3247,18195,11896,7059
,,,,3248,18195,11896,7059
,,,,3249,18195,11896,7059
,,,,3250,18195,11896,7059
,,,,3251,18195,11896,7059
,,,,3252,18195,11896,7059
,,,,3253,18195,11896,7059
,,,,3254,18195,11896,7059
,,,,3255,18195,11896,7059
,,,,3256,18195,11896,7059
,,,,3257,18195,11896,7059
,,,,3258,18195,11896,7059
,,,,3259,18195,11896,7059
,,,,3260,18195,11896,7059
,,,,3261,18195,11896,7059
,,,,3262,18195,11896,7059
,,,,3263,18195,11896,7059
,,,,3264,18195,11896,7059
,,,,3265,18195,11896,7059
,,,,3266,18195,11896,7059
,,,,3267,18195,11896,7059
,,,,3268,18195,11896,7059
,,,,3269,18195,11896,7059
,,,,3270,18195,11896,7059
,,,,3271,18195,11896,7059
,,,,3272,18195,11896,7059
,,,,3273,18195,11896,7059
,,,,3274,18195,11896,7059
,,,,3275,18195,11896,7059
,,,,3276,18195,11896,7059
,,,,3277,18195,11896,7059
,,,,3278,18195,11896,7059
,,,,3279,18195,11896,7059
,,,,3280,18195,11896,7059
,,,,3281,18195,11896,7059
,,,,3282,18195,11896,7059
,,,,3283,18195,11896,7059
,,,,3284,18195,11896,7059
,,,,3285,18195,11896,7059
,,,,3286,18195,11896,7059
,,,,3287,18195,11896,7059
,,,,3288,18195,11896,7059
,,,,3289,18195,11896,7059
,,,,3290,18195,11896,7059
,,,,3291,18195,11896,7059
,,,,3292,18195,11896,7059
,,,,3293,18195,11896,7059
,,,,3294,18195,11896,7059
,,,,3295,18195,11896,7059
,,,,3296,18195,11896,7059
,,,,3297,18195,11896,7059
,,,,3298,18195,11896,7059
,,,,3299,18195,11896,7059
,,,,3300,18195,11896,7059
,,,,3301,18195,11896,7059
,,,,3302,18195,11896,7059
,,,,3303,18195,11896,7059
,,,,3304,18195,11896,7059
,,,,3305,18195,11896,7059
,,,,3306,18195,11896,7059
,,,,3307,18195,11896,7059
,,,,3308,18195,11896,7059
,,,,3309,18195,11896,7059
,,,,3310,18195,11896,7059
,,,,3311,18195,11896,7059
,,,,3312,18195,11896,7059
,,,,3313,18195,11896,7059
,,,,3314,18195,11896,7059
,,,,3315,18195,11896,7059
,,,,3316,18195,11896,7059
,,,,3317,18195,11896,7059
,,,,3318,18195,11896,7059
,,,,3319,18195,11896,7059
,,,,3320,18195,11896,7059
,,,,3321,18195,11896,7059
,,,,3322,18195,11896,7059
,,,,3323,18195,11896,7059
,,,,3324,18195,11896,7059
,,,,3325,18195,11896,7059
,,,,3326,18195,11896,7059
,,,,3327,18195,11896,7059
,,,,3328,18195,11896,7059
,,,,3329,18195,11896,7059
,,,,3330,18195,11896,7059
,,,,3331,18195,11896,7059
,,,,3332,18195,11896,7059
,,,,3333,18195,11896,7059
,,,,3334,18195,11896,7059
,,,,3335,18195,11896,7059
,,,,3336,18195,11896,7059
,,,,3337,18195,11896,7059
,,,,3338,18195,11896,7059
,,,,3339,18195,11896,7059
,,,,3340,18195,11896,7059
,,,,3341,18195,11896,7059
,,,,3342,18195,11896,7059
,,,,3343,18195,11896,7059
,,,,3344,18195,11896,7059
,,,,3345,18195,11896,7059
,,,,3346,18195,11896,7059
,,,,3347,18195,11896,7059
,,,,3348,18195,11896,7059
,,,,3349,18195,11896,7059
,,,,3350,18195,11896,7059
,,,,3351,18195,11896,7059
,,,,3352,18195,11896,7059
,,,,3353,18195,11896,7059
,,,,3354,18195,11896,7059
,,,,3355,18195,11896,7059
,,,,3356,18195,11896,7059
,,,,3357,18195,11896,7059
,,,,3358,18195,11896,7059
,,,,3359,18195,11896,7059
,,,,3360,18195,11896,7059
,,,,3361,18195,11896,7059
,,,,3362,18195,11896,7059
,,,,3363,18195,11896,7059
,,,,3364,18195,11896,7059
,,,,3365,18195,11896,7059
,,,,3366,18195,11896,7059
,,,,3367,18195,11896,7059
,,,,3368,18195,11896,7059
,,,,3369,18195,11896,7059
,,,,3370,18195,11896,7059
,,,,3371,18195,11896,7059
,,,,3372,18195,11896,7059
,,,,3373,18195,11896,7059
,,,,3374,18195,11896,7059
,,,,3375,18195,11896,7059
,,,,3376,18195,11896,7059
,,,,3377,18195,11896,7059
,,,,3378,18195,11896,7059
,,,,3379,18195,11896,7059
,,,,3380,18195,11896,7059
,,,,3381,18195,11896,7059
,,,,3382,18195,11896,7059
,,,,3383,18195,11896,7059
,,,,3384,18195,11896,7059
,,,,3385,18195,11896,7059
,,,,3386,18195,11896,7059
,,,,3387,18195,11896,7059
,,,,3388,18195,11896,7059
,,,,3389,18195,11896,7059
,,,,3390,18195,11896,7059
,,,,3391,18195,11896,7059
,,,,3392,18195,11896,7059
,,,,3393,18195,11896,7059
,,,,3394,18195,11896,7059
,,,,3395,18195,11896,7059
,,,,3396,18195,11896,7059
,,,,3397,18195,11896,7059
,,,,3398,18195,11896,7059
,,,,3399,18195,11896,7059
,,,,3400,18195,11896,7059
,,,,3401,18195,11896,7059
,,,,3402,18195,11896,7059
,,,,3403,18195,11896,7059
,,,,3404,18195,11896,7059
,,,,3405,18195,11896,7059
,,,,3406,18195,11896,7059
,,,,3407,18195,11896,7059
,,,,3408,18195,11896,7059
,,,,3409,18195,11896,7059
,,,,3410,18195,11896,7059
,,,,3411,18195,11896,7059
,,,,3412,18195,11896,7059
,,,,3413,18195,11896,7059
,,,,3414,18195,11896,7059
,,,,3415,18195,11896,7059
,,,,3416,18195,11896,7059
,,,,3417,18195,11896,7059
,,,,3418,18195,11896,7059
,,,,3419,18195,11896,7059
,,,,3420,18195,11896,7059
,,,,3421,18195,11896,7059
,,,,3422,18195,11896,7059
,,,,3423,18195,11896,7059
,,,,3424,18195,11896,7059
,,,,3425,18195,11896,7059
,,,,3426,18195,11896,7059
,,,,3427,18195,11896,7059
,,,,3428,18195,11896,7059
,,,,3429,18195,11896,7059
,,,,3430,18195,11896,7059
,,,,3431,18195,11896,7059
,,,,3432,18195,11896,7059
,,,,3433,18195,11896,7059
,,,,3434,18195,11896,7059
,,,,3435,18195,11896,7059
,,,,3436,18195,11896,7059
,,,,3437,18195,11896,7059
,,,,3438,18195,11896,7059
,,,,3439,18195,11896,7059
,,,,3440,18195,11896,7059
,,,,3441,18195,11896,7059
,,,,3442,18195,11896,7059
,,,,3443,18195,11896,7059
,,,,3444,18195,11896,7059
,,,,3445,18195,11896,7059
,,,,3446,18195,11896,7059
,,,,3447,18195,11896,7059
,,,,3448,18195,11896,7059
,,,,3449,18195,11896,7059
,,,,3450,18195,11896,7059
,,,,3451,18195,11896,7059
,,,,3452,18195,11896,7059
,,,,3453,18195,11896,7059
,,,,3454,18195,11896,7059
,,,,3455,18195,11896,7059
,,,,3456,18195,11896,7059
,,,,3457,18195,11896,7059
,,,,3458,18195,11896,7059
,,,,3459,18195,11896,7059
,,,,3460,18195,11896,7059
,,,,3461,18195,11896,7059
,,,,3462,18195,11896,7059
,,,,3463,18195,11896,7059
,,,,3464,18195,11896,7059
,,,,3465,18195,11896,7059
,,,,3466,18195,11896,7059
,,,,3467,18195,11896,7059
,,,,3468,18195,11896,7059
,,,,3469,18195,11896,7059
,,,,3470,18195,11896,7059
,,,,3471,18195,11896,7059
,,,,3472,18195,11896,7059
,,,,3473,18195,11896,7059
,,,,3474,18195,11896,7059
,,,,3475,18195,11896,7059
,,,,3476,18195,11896,7059
,,,,3477,18195,11896,7059
,,,,3478,18195,11896,7059
,,,,3479,18195,11896,7059
,,,,3480,18195,11896,7059
,,,,3481,18195,11896,7059
,,,,3482,18195,11896,7059
,,,,3483,18195,11896,7059
,,,,3484,18195,11896,7059
,,,,3485,18195,11896,7059
,,,,3486,18195,11896,7059
,,,,3487,18195,11896,7059
,,,,3488,18195,11896,7059
,,,,3489,18195,11896,7059
,,,,3490,18195,11896,7059
,,,,3491,18195,11896,7059
,,,,3492,18195,11896,7059
,,,,3493,18195,11896,7059
,,,,3494,18195,11896,7059
,,,,3495,18195,11896,7059
,,,,3496,18195,11896,7059
,,,,3497,18195,11896,7059
,,,,3498,18195,11896,7059
,,,,3499,18195,11896,7059
,,,,3500,18195,11896,7059
,,,,3501,18195,11896,7059
,,,,3502,18195,11896,7059
,,,,3503,18195,11896,7059
,,,,3504,18195,11896,7059
,,,,3505,18195,11896,7059
,,,,3506,18195,11896,7059
,,,,3507,18195,11896,7059
,,,,3508,18195,11896,7059
,,,,3509,18195,11896,7059
,,,,3510,18195,11896,7059
,,,,3511,18195,11896,7059
,,,,3512,18195,11896,7059
,,,,3513,18195,11896,7059
,,,,3514,18195,11896,7059
,,,,3515,18195,11896,7059
,,,,3516,18195,11896,7059
,,,,3517,18195,11896,7059
,,,,3518,18195,11896,7059
,,,,3519,18195,11896,7059
,,,,3520,18195,11896,7059
,,,,3521,18195,11896,7059
,,,,3522,18195,11896,7059
,,,,3523,18195,11896,7059
,,,,3524,18195,11896,7059
,,,,3525,18195,11896,7059
,,,,3526,18195,11896,7059
,,,,3527,18195,11896,7059
,,,,3528,18195,11896,7059
,,,,3529,18195,11896,7059
,,,,3530,18195,11896,7059
,,,,3531,18195,11896,7059
,,,,3532,18195,11896,7059
,,,,3533,18195,11896,7059
,,,,3534,18195,11896,7059
,,,,3535,18195,11896,7059
,,,,3536,18195,11896,7059
,,,,3537,18195,11896,7059
,,,,3538,18195,11896,7059
,,,,3539,18195,11896,7059
,,,,3540,18195,11896,7059
,,,,3541,18195,11896,7059
,,,,3542,18195,11896,7059
,,,,3543,18195,11896,7059
,,,,3544,18195,11896,7059
,,,,3545,18195,11896,7059
,,,,3546,18195,11896,7059
,,,,3547,18195,11896,7059
,,,,3548,18195,11896,7059
,,,,3549,18195,11896,7059
,,,,3550,18195,11896,7059
,,,,3551,18195,11896,7059
,,,,3552,18195,11896,7059
,,,,3553,18195,11896,7059
,,,,3554,18195,11896,7059
,,,,3555,18195,11896,7059
,,,,3556,18195,11896,7059
,,,,3557,18195,11896,7059
,,,,3558,18195,11896,7059
,,,,3559,18195,11896,7059
,,,,3560,18195,11896,7059
,,,,3561,18195,11896,7059
,,,,3562,18195,11896,7059
,,,,3563,18195,11896,7059
,,,,3564,18195,11896,7059
,,,,3565,18195,11896,7059
,,,,3566,18195,11896,7059
,,,,3567,18195,11896,7059
,,,,3568,18195,11896,7059
,,,,3569,18195,11896,7059
,,,,3570,18195,11896,7059
,,,,3571,18195,11896,7059
,,,,3572,18195,11896,7059
,,,,3573,18195,11896,7059
,,,,3574,18195,11896,7059
,,,,3575,18195,11896,7059
,,,,3576,18195,11896,7059
,,,,3577,18195,11896,7059
,,,,3578,18195,11896,7059
,,,,3579,18195,11896,7059
,,,,3580,18195,11896,7059
,,,,3581,18195,11896,7059
,,,,3582,18195,11896,7059
,,,,3583,18195,11896,7059
,,,,3584,18195,11896,7059
,,,,3585,18195,11896,7059
,,,,3586,18195,11896,7059
,,,,3587,18195,11896,7059
,,,,3588,18195,11896,7059
,,,,3589,18195,11896,7059
,,,,3590,18195,11896,7059
,,,,3591,18195,11896,7059
,,,,3592,18195,11896,7059
,,,,3593,18195,11896,7059
,,,,3594,18195,11896,7059
,,,,3595,18195,11896,7059
,,,,3596,18195,11896,7059
,,,,3597,18195,11896,7059
,,,,3598,18195,11896,7059
,,,,3599,18195,11896,7059
,,,,3600,18195,11896,7059
,,,,3601,18195,11896,7059
,,,,3602,18195,11896,7059
,,,,3603,18195,11896,7059
,,,,3604,18195,11896,7059
,,,,3605,18195,11896,7059
,,,,3606,18195,11896,7059
,,,,3607,18195,11896,7059
,,,,3608,18195,11896,7059
,,,,3609,18195,11896,7059
,,,,3610,18195,11896,7059
,,,,3611,18195,11896,7059
,,,,3612,18195,11896,7059
,,,,3613,18195,11896,7059
,,,,3614,18195,11896,7059
,,,,3615,18195,11896,7059
,,,,3616,18195,11896,7059
,,,,3617,18195,11896,7059
,,,,3618,18195,11896,7059
,,,,3619,18195,11896,7059
,,,,3620,18195,11896,7059
,,,,3621,18195,11896,7059
,,,,3622,18195,11896,7059
,,,,3623,18195,11896,7059
,,,,3624,18195,11896,7059
,,,,3625,18195,11896,7059
,,,,3626,18195,11896,7059
,,,,3627,18195,11896,7059
,,,,3628,18195,11896,7059
,,,,3629,18195,11896,7059
,,,,3630,18195,11896,7059
,,,,3631,18195,11896,7059
,,,,3632,18195,11896,7059
,,,,3633,18195,11896,7059
,,,,3634,18195,11896,7059
,,,,3635,18195,11896,7059
,,,,3636,18195,11896,7059
,,,,3637,18195,11896,7059
,,,,3638,18195,11896,7059
,,,,3639,18195,11896,7059
,,,,3640,18195,11896,7059
,,,,3641,18195,11896,7059
,,,,3642,18195,11896,7059
,,,,3643,18195,11896,7059
,,,,3644,18195,11896,7059
,,,,3645,18195,11896,7059
,,,,3646,18195,11896,7059
,,,,3647,18195,11896,7059
,,,,3648,18195,11896,7059
,,,,3649,18195,11896,7059
,,,,3650,18195,11896,7059
,,,,3651,18195,11896,7059
,,,,3652,18195,11896,7059
,,,,3653,18195,11896,7059
,,,,3654,18195,11896,7059
,,,,3655,18195,11896,7059
,,,,3656,18195,11896,7059
,,,,3657,18195,11896,7059
,,,,3658,18195,11896,7059
,,,,3659,18195,11896,7059
,,,,3660,18195,11896,7059
,,,,3661,18195,11896,7059
,,,,3662,18195,11896,7059
,,,,3663,18195,11896,7059
,,,,3664,18195,11896,7059
,,,,3665,18195,11896,7059
,,,,3666,18195,11896,7059
,,,,3667,18195,11896,7059
,,,,3668,18195,11896,7059
,,,,3669,18195,11896,7059
,,,,3670,18195,11896,7059
,,,,3671,18195,11896,7059
,,,,3672,18195,11896,7059
,,,,3673,18195,11896,7059
,,,,3674,18195,11896,7059
,,,,3675,18195,11896,7059
,,,,3676,18195,11896,7059
,,,,3677,18195,11896,7059
,,,,3678,18195,11896,7059
,,,,3679,18195,11896,7059
,,,,3680,18195,11896,7059
,,,,3681,18195,11896,7059
,,,,3682,18195,11896,7059
,,,,3683,18195,11896,7059
,,,,3684,18195,11896,7059
,,,,3685,18195,11896,7059
,,,,3686,18195,11896,7059
,,,,3687,18195,11896,7059
,,,,3688,18195,11896,7059
,,,,3689,18195,11896,7059
,,,,3690,18195,11896,7059
,,,,3691,18195,11896,7059
,,,,3692,18195,11896,7059
,,,,3693,18195,11896,7059
,,,,3694,18195,11896,7059
,,,,3695,18195,11896,7059
,,,,3696,18195,11896,7059
,,,,3697,18195,11896,7059
,,,,3698,18195,11896,7059
,,,,3699,18195,11896,7059
,,,,3700,18195,11896,7059
,,,,3701,18195,11896,7059
,,,,3702,18195,11896,7059
,,,,3703,18195,11896,7059
,,,,3704,18195,11896,7059
,,,,3705,18195,11896,7059
,,,,3706,18195,11896,7059
,,,,3707,18195,11896,7059
,,,,3708,18195,11896,7059
,,,,3709,18195,11896,7059
,,,,3710,18195,11896,7059
,,,,3711,18195,11896,7059
,,,,3712,18195,11896,7059
,,,,3713,18195,11896,7059
,,,,3714,18195,11896,7059
,,,,3715,18195,11896,7059
,,,,3716,18195,11896,7059
,,,,3717,18195,11896,7059
,,,,3718,18195,11896,7059
,,,,3719,18195,11896,7059
,,,,3720,18195,11896,7059
,,,,3721,18195,11896,7059
,,,,3722,18195,11896,7059
,,,,3723,18195,11896,7059
,,,,3724,18195,11896,7059
,,,,3725,18195,11896,7059
,,,,3726,18195,11896,7059
,,,,3727,18195,11896,7059
,,,,3728,18195,11896,7059
,,,,3729,18195,11896,7059
,,,,3730,18195,11896,7059
,,,,3731,18195,11896,7059
,,,,3732,18195,11896,7059
,,,,3733,18195,11896,7059
,,,,3734,18195,11896,7059
,,,,3735,18195,11896,7059
,,,,3736,18195,11896,7059
,,,,3737,18195,11896,7059
,,,,3738,18195,11896,7059
,,,,3739,18195,11896,7059
,,,,3740,18195,11896,7059
,,,,3741,18195,11896,7059
,,,,3742,18195,11896,7059
,,,,3743,18195,11896,7059
,,,,3744,18195,11896,7059
,,,,3745,18195,11896,7059
,,,,3746,18195,11896,7059
,,,,3747,18195,11896,7059
,,,,3748,18195,11896,7059
,,,,3749,18195,11896,7059
,,,,3750,18195,11896,7059
,,,,3751,18195,11896,7059
,,,,3752,18195,11896,7059
,,,,3753,18195,11896,7059
,,,,3754,18195,11896,7059
,,,,3755,18195,11896,7059
,,,,3756,18195,11896,7059
,,,,3757,18195,11896,7059
,,,,3758,18195,11896,7059
,,,,3759,18195,11896,7059
,,,,3760,18195,11896,7059
,,,,3761,18195,11896,7059
,,,,3762,18195,11896,7059
,,,,3763,18195,11896,7059
,,,,3764,18195,11896,7059
,,,,3765,18195,11896,7059
,,,,3766,18195,11896,7059
,,,,3767,18195,11896,7059
,,,,3768,18195,11896,7059
,,,,3769,18195,11896,7059
,,,,3770,18195,11896,7059
,,,,3771,18195,11896,7059
,,,,3772,18195,11896,7059
,,,,3773,18195,11896,7059
,,,,3774,18195,11896,7059
,,,,3775,18195,11896,7059
,,,,3776,18195,11896,7059
,,,,3777,18195,11896,7059
,,,,3778,18195,11896,7059
,,,,3779,18195,11896,7059
,,,,3780,18195,11896,7059
,,,,3781,18195,11896,7059
,,,,3782,18195,11896,7059
,,,,3783,18195,11896,7059
,,,,3784,18195,11896,7059
,,,,3785,18195,11896,7059
,,,,3786,18195,11896,7059
,,,,3787,18195,11896,7059
,,,,3788,18195,11896,7059
,,,,3789,18195,11896,7059
,,,,3790,18195,11896,7059
,,,,3791,18195,11896,7059
,,,,3792,18195,11896,7059
,,,,3793,18195,11896,7059
,,,,3794,18195,11896,7059
,,,,3795,18195,11896,7059
,,,,3796,18195,11896,7059
,,,,3797,18195,11896,7059
,,,,3798,18195,11896,7059
,,,,3799,18195,11896,7059
,,,,3800,18195,11896,7059
,,,,3801,18195,11896,7059
,,,,3802,18195,11896,7059
,,,,3803,18195,11896,7059
,,,,3804,18195,11896,7059
,,,,3805,18195,11896,7059
,,,,3806,18195,11896,7059
,,,,3807,18195,11896,7059
,,,,3808,18195,11896,7059
,,,,3809,18195,11896,7059
,,,,3810,18195,11896,7059
,,,,3811,18195,11896,7059
,,,,3812,18195,11896,7059
,,,,3813,18195,11896,7059
,,,,3814,18195,11896,7059
,,,,3815,18195,11896,7059
,,,,3816,18195,11896,7059
,,,,3817,18195,11896,7059
,,,,3818,18195,11896,7059
,,,,3819,18195,11896,7059
,,,,3820,18195,11896,7059
,,,,3821,18195,11896,7059
,,,,3822,18195,11896,7059
,,,,3823,18195,11896,7059
,,,,3824,18195,11896,7059
,,,,3825,18195,11896,7059
,,,,3826,18195,11896,7059
,,,,3827,18195,11896,7059
,,,,3828,18195,11896,7059
,,,,3829,18195,11896,7059
,,,,3830,18195,11896,7059
,,,,3831,18195,11896,7059
,,,,3832,18195,11896,7059
,,,,3833,18195,11896,7059
,,,,3834,18195,11896,7059
,,,,3835,18195,11896,7059
,,,,3836,18195,11896,7059
,,,,3837,18195,11896,7059
,,,,3838,18195,11896,7059
,,,,3839,18195,11896,7059
,,,,3840,18195,11896,7059
,,,,3841,18195,11896,7059
,,,,3842,18195,11896,7059
,,,,3843,18195,11896,7059
,,,,3844,18195,11896,7059
,,,,3845,18195,11896,7059
,,,,3846,18195,11896,7059
,,,,3847,18195,11896,7059
,,,,3848,18195,11896,7059
,,,,3849,18195,11896,7059
,,,,3850,18195,11896,7059
,,,,3851,18195,11896,7059
,,,,3852,18195,11896,7059
,,,,3853,18195,11896,7059
,,,,3854,18195,11896,7059
,,,,3855,18195,11896,7059
,,,,3856,18195,11896,7059
,,,,3857,18195,11896,7059
,,,,3858,18195,11896,7059
,,,,3859,18195,11896,7059
,,,,3860,18195,11896,7059
,,,,3861,18195,11896,7059
,,,,3862,18195,11896,7059
,,,,3863,18195,11896,7059
,,,,3864,18195,11896,7059
,,,,3865,18195,11896,7059
,,,,3866,18195,11896,7059
,,,,3867,18195,11896,7059
,,,,3868,18195,11896,7059
,,,,3869,18195,11896,7059
,,,,3870,18195,11896,7059
,,,,3871,18195,11896,7059
,,,,3872,18195,11896,7059
,,,,3873,18195,11896,7059
,,,,3874,18195,11896,7059
,,,,3875,18195,11896,7059
,,,,3876,18195,11896,7059
,,,,3877,18195,11896,7059
,,,,3878,18195,11896,7059
,,,,3879,18195,11896,7059
,,,,3880,18195,11896,7059
,,,,3881,18195,11896,7059
,,,,3882,18195,11896,7059
,,,,3883,18195,11896,7059
,,,,3884,18195,11896,7059
,,,,3885,18195,11896,7059
,,,,3886,18195,11896,7059
,,,,3887,18195,11896,7059
,,,,3888,18195,11896,7059
,,,,3889,18195,11896,7059
,,,,3890,18195,11896,7059
,,,,3891,18195,11896,7059
,,,,3892,18195,11896,7059
,,,,3893,18195,11896,7059
,,,,3894,18195,11896,7059
,,,,3895,18195,11896,7059
,,,,3896,18195,11896,7059
,,,,3897,18195,11896,7059
,,,,3898,18195,11896,7059
,,,,3899,18195,11896,7059
,,,,3900,18195,11896,7059
,,,,3901,18195,11896,7059
,,,,3902,18195,11896,7059
,,,,3903,18195,11896,7059
,,,,3904,18195,11896,7059
,,,,3905,18195,11896,7059
,,,,3906,18195,11896,7059
,,,,3907,18195,11896,7059
,,,,3908,18195,11896,7059
,,,,3909,18195,11896,7059
,,,,3910,18195,11896,7059
,,,,3911,18195,11896,7059
,,,,3912,18195,11896,7059
,,,,3913,18195,11896,7059
,,,,3914,18195,11896,7059
,,,,3915,18195,11896,7059
,,,,3916,18195,11896,7059
,,,,3917,18195,11896,7059
,,,,3918,18195,11896,7059
,,,,3919,18195,11896,7059
,,,,3920,18195,11896,7059
,,,,3921,18195,11896,7059
,,,,3922,18195,11896,7059
,,,,3923,18195,11896,7059
,,,,3924,18195,11896,7059
,,,,3925,18195,11896,7059
,,,,3926,18195,11896,7059
,,,,3927,18195,11896,7059
,,,,3928,18195,11896,7059
,,,,3929,18195,11896,7059
,,,,3930,18195,11896,7059
,,,,3931,18195,11896,7059
,,,,3932,18195,11896,7059
,,,,3933,18195,11896,7059
,,,,3934,18195,11896,7059
,,,,3935,18195,11896,7059
,,,,3936,18195,11896,7059
,,,,3937,18195,11896,7059
,,,,3938,18195,11896,7059
,,,,3939,18195,11896,7059
,,,,3940,18195,11896,7059
,,,,3941,18195,11896,7059
,,,,3942,18195,11896,7059
,,,,3943,18195,11896,7059
,,,,3944,18195,11896,7059
,,,,3945,18195,11896,7059
,,,,3946,18195,11896,7059
,,,,3947,18195,11896,7059
,,,,3948,18195,11896,7059
,,,,3949,18195,11896,7059
,,,,3950,18195,11896,7059
,,,,3951,18195,11896,7059
,,,,3952,18195,11896,7059
,,,,3953,18195,11896,7059
,,,,3954,18195,11896,7059
,,,,3955,18195,11896,7059
,,,,3956,18195,11896,7059
,,,,3957,18195,11896,7059
,,,,3958,18195,11896,7059
,,,,3959,18195,11896,7059
,,,,3960,18195,11896,7059
,,,,3961,18195,11896,7059
,,,,3962,18195,11896,7059
,,,,3963,18195,11896,7059
,,,,3964,18195,11896,7059
,,,,3965,18195,11896,7059
,,,,3966,18195,11896,7059
,,,,3967,18195,11896,7059
,,,,3968,18195,11896,7059
,,,,3969,18195,11896,7059
,,,,3970,18195,11896,7059
,,,,3971,18195,11896,7059
,,,,3972,18195,11896,7059
,,,,3973,18195,11896,7059
,,,,3974,18195,11896,7059
,,,,3975,18195,11896,7059
,,,,3976,18195,11896,7059
,,,,3977,18195,11896,7059
,,,,3978,18195,11896,7059
,,,,3979,18195,11896,7059
,,,,3980,18195,11896,7059
,,,,3981,18195,11896,7059
,,,,3982,18195,11896,7059
,,,,3983,18195,11896,7059
,,,,3984,18195,11896,7059
,,,,3985,18195,11896,7059
,,,,3986,18195,11896,7059
,,,,3987,18195,11896,7059
,,,,3988,18195,11896,7059
,,,,3989,18195,11896,7059
,,,,3990,18195,11896,7059
,,,,3991,18195,11896,7059
,,,,3992,18195,11896,7059
,,,,3993,18195,11896,7059
,,,,3994,18195,11896,7059
,,,,3995,18195,11896,7059
,,,,3996,18195,11896,7059
,,,,3997,18195,11896,7059
,,,,3998,18195,11896,7059
,,,,3999,18195,11896,7059
,,,,4000,18195,11896,7059
,,,,4001,18195,11896,7059
,,,,4002,18195,11896,7059
,,,,4003,18195,11896,7059
,,,,4004,18195,11896,7059
,,,,4005,18195,11896,7059
,,,,4006,18195,11896,7059
,,,,4007,18195,11896,7059
,,,,4008,18195,11896,7059
,,,,4009,18195,11896,7059
,,,,4010,18195,11896,7059
,,,,4011,18195,11896,7059
,,,,4012,18195,11896,7059
,,,,4013,18195,11896,7059
,,,,4014,18195,11896,7059
,,,,4015,18195,11896,7059
,,,,4016,18195,11896,7059
,,,,4017,18195,11896,7059
,,,,4018,18195,11896,7059
,,,,4019,18195,11896,7059
,,,,4020,18195,11896,7059
,,,,4021,18195,11896,7059
,,,,4022,18195,11896,7059
,,,,4023,18195,11896,7059
,,,,4024,18195,11896,7059
,,,,4025,18195,11896,7059
,,,,4026,18195,11896,7059
,,,,4027,18195,11896,7059
,,,,4028,18195,11896,7059
,,,,4029,18195,11896,7059
,,,,4030,18195,11896,7059
,,,,4031,18195,11896,7059
,,,,4032,18195,11896,7059
,,,,4033,18195,11896,7059
,,,,4034,18195,11896,7059
,,,,4035,18195,11896,7059
,,,,4036,18195,11896,7059
,,,,4037,18195,11896,7059
,,,,4038,18195,11896,7059
,,,,4039,18195,11896,7059
,,,,4040,18195,11896,7059
,,,,4041,18195,11896,7059
,,,,4042,18195,11896,7059
,,,,4043,18195,11896,7059
,,,,4044,18195,11896,7059
,,,,4045,18195,11896,7059
,,,,4046,18195,11896,7059
,,,,4047,18195,11896,7059
,,,,4048,18195,11896,7059
,,,,4049,18195,11896,7059
,,,,4050,18195,11896,7059
,,,,4051,18195,11896,7059
,,,,4052,18195,11896,7059
,,,,4053,18195,11896,7059
,,,,4054,18195,11896,7059
,,,,4055,18195,11896,7059
,,,,4056,18195,11896,7059
,,,,4057,18195,11896,7059
,,,,4058,18195,11896,7059
,,,,4059,18195,11896,7059
,,,,4060,18195,11896,7059
,,,,4061,18195,11896,7059
,,,,4062,18195,11896,7059
,,,,4063,18195,11896,7059
,,,,4064,18195,11896,7059
,,,,4065,18195,11896,7059
,,,,4066,18195,11896,7059
,,,,4067,18195,11896,7059
,,,,4068,18195,11896,7059
,,,,4069,18195,11896,7059
,,,,4070,18195,11896,7059
,,,,4071,18195,11896,7059
,,,,4072,18195,11896,7059
,,,,4073,18195,11896,7059
,,,,4074,18195,11896,7059
,,,,4075,18195,11896,7059
,,,,4076,18195,11896,7059
,,,,4077,18195,11896,7059
,,,,4078,18195,11896,7059
,,,,4079,18195,11896,7059
,,,,4080,18195,11896,7059
,,,,4081,18195,11896,7059
,,,,4082,18195,11896,7059
,,,,4083,18195,11896,7059
,,,,4084,18195,11896,7059
,,,,4085,18195,11896,7059
,,,,4086,18195,11896,7059
,,,,4087,18195,11896,7059
,,,,4088,18195,11896,7059
,,,,4089,18195,11896,7059
,,,,4090,18195,11896,7059
,,,,4091,18195,11896,7059
,,,,4092,18195,11896,7059
,,,,4093,18195,11896,7059
,,,,4094,18195,11896,7059
,,,,4095,18195,11896,7059
,,,,4096,18195,11896,7059
,,,,4097,18195,11896,7059
,,,,4098,18195,11896,7059
,,,,4099,18195,11896,7059
,,,,4100,18195,11896,7059
,,,,4101,18195,11896,7059
,,,,4102,18195,11896,7059
,,,,4103,18195,11896,7059
,,,,4104,18195,11896,7059
,,,,4105,18195,11896,7059
,,,,4106,18195,11896,7059
,,,,4107,18195,11896,7059
,,,,4108,18195,11896,7059
,,,,4109,18195,11896,7059
,,,,4110,18195,11896,7059
,,,,4111,18195,11896,7059
,,,,4112,18195,11896,7059
,,,,4113,18195,11896,7059
,,,,4114,18195,11896,7059
,,,,4115,18195,11896,7059
,,,,4116,18195,11896,7059
,,,,4117,18195,11896,7059
,,,,4118,18195,11896,7059
,,,,4119,18195,11896,7059
,,,,4120,18195,11896,7059
,,,,4121,18195,11896,7059
,,,,4122,18195,11896,7059
,,,,4123,18195,11896,7059
,,,,4124,18195,11896,7059
,,,,4125,18195,11896,7059
,,,,4126,18195,11896,7059
,,,,4127,18195,11896,7059
,,,,4128,18195,11896,7059
,,,,4129,18195,11896,7059
,,,,4130,18195,11896,7059
,,,,4131,18195,11896,7059
,,,,4132,18195,11896,7059
,,,,4133,18195,11896,7059
,,,,4134,18195,11896,7059
,,,,4135,18195,11896,7059
,,,,4136,18195,11896,7059
,,,,4137,18195,11896,7059
,,,,4138,18195,11896,7059
,,,,4139,18195,11896,7059
,,,,4140,18195,11896,7059
,,,,4141,18195,11896,7059
,,,,4142,18195,11896,7059
,,,,4143,18195,11896,7059
,,,,4144,18195,11896,7059
,,,,4145,18195,11896,7059
,,,,4146,18195,11896,7059
,,,,4147,18195,11896,7059
,,,,4148,18195,11896,7059
,,,,4149,18195,11896,7059
,,,,4150,18195,11896,7059
,,,,4151,18195,11896,7059
,,,,4152,18195,11896,7059
,,,,4153,18195,11896,7059
,,,,4154,18195,11896,7059
,,,,4155,18195,11896,7059
,,,,4156,18195,11896,7059
,,,,4157,18195,11896,7059
,,,,4158,18195,11896,7059
,,,,4159,18195,11896,7059
,,,,4160,18195,11896,7059
,,,,4161,18195,11896,7059
,,,,4162,18195,11896,7059
,,,,4163,18195,11896,7059
,,,,4164,18195,11896,7059
,,,,4165,18195,11896,7059
,,,,4166,18195,11896,7059
,,,,4167,18195,11896,7059
,,,,4168,18195,11896,7059
,,,,4169,18195,11896,7059
,,,,4170,18195,11896,7059
,,,,4171,18195,11896,7059
,,,,4172,18195,11896,7059
,,,,4173,18195,11896,7059
,,,,4174,18195,11896,7059
,,,,4175,18195,11896,7059
,,,,4176,18195,11896,7059
,,,,4177,18195,11896,7059
,,,,4178,18195,11896,7059
,,,,4179,18195,11896,7059
,,,,4180,18195,11896,7059
,,,,4181,18195,11896,7059
,,,,4182,18195,11896,7059
,,,,4183,18195,11896,7059
,,,,4184,18195,11896,7059
,,,,4185,18195,11896,7059
,,,,4186,18195,11896,7059
,,,,4187,18195,11896,7059
,,,,4188,18195,11896,7059
,,,,4189,18195,11896,7059
,,,,4190,18195,11896,7059
,,,,4191,18195,11896,7059
,,,,4192,18195,11896,7059
,,,,4193,18195,11896,7059
,,,,4194,18195,11896,7059
,,,,4195,18195,11896,7059
,,,,4196,18195,11896,7059
,,,,4197,18195,11896,7059
,,,,4198,18195,11896,7059
,,,,4199,18195,11896,7059
,,,,4200,18195,11896,7059
,,,,4201,18195,11896,7059
,,,,4202,18195,11896,7059
,,,,4203,18195,11896,7059
,,,,4204,18195,11896,7059
,,,,4205,18195,11896,7059
,,,,4206,18195,11896,7059
,,,,4207,18195,11896,7059
,,,,4208,18195,11896,7059
,,,,4209,18195,11896,7059
,,,,4210,18195,11896,7059
,,,,4211,18195,11896,7059
,,,,4212,18195,11896,7059
,,,,4213,18195,11896,7059
,,,,4214,18195,11896,7059
,,,,4215,18195,11896,7059
,,,,4216,18195,11896,7059
,,,,4217,18195,11896,7059
,,,,4218,18195,11896,7059
,,,,4219,18195,11896,7059
,,,,4220,18195,11896,7059
,,,,4221,18195,11896,7059
,,,,4222,18195,11896,7059
,,,,4223,18195,11896,7059
,,,,4224,18195,11896,7059
,,,,4225,18195,11896,7059
,,,,4226,18195,11896,7059
,,,,4227,18195,11896,7059
,,,,4228,18195,11896,7059
,,,,4229,18195,11896,7059
,,,,4230,18195,11896,7059
,,,,4231,18195,11896,7059
,,,,4232,18195,11896,7059
,,,,4233,18195,11896,7059
,,,,4234,18195,11896,7059
,,,,4235,18195,11896,7059
,,,,4236,18195,11896,7059
,,,,4237,18195,11896,7059
,,,,4238,18195,11896,7059
,,,,4239,18195,11896,7059
,,,,4240,18195,11896,7059
,,,,4241,18195,11896,7059
,,,,4242,18195,11896,7059
,,,,4243,18195,11896,7059
,,,,4244,18195,11896,7059
,,,,4245,18195,11896,7059
,,,,4246,18195,11896,7059
,,,,4247,18195,11896,7059
,,,,4248,18195,11896,7059
,,,,4249,18195,11896,7059
,,,,4250,18195,11896,7059
,,,,4251,18195,11896,7059
,,,,4252,18195,11896,7059
,,,,4253,18195,11896,7059
,,,,4254,18195,11896,7059
,,,,4255,18195,11896,7059
,,,,4256,18195,11896,7059
,,,,4257,18195,11896,7059
,,,,4258,18195,11896,7059
,,,,4259,18195,11896,7059
,,,,4260,18195,11896,7059
,,,,4261,18195,11896,7059
,,,,4262,18195,11896,7059
,,,,4263,18195,11896,7059
,,,,4264,18195,11896,7059
,,,,4265,18195,11896,7059
,,,,4266,18195,11896,7059
,,,,4267,18195,11896,7059
,,,,4268,18195,11896,7059
,,,,4269,18195,11896,7059
,,,,4270,18195,11896,7059
,,,,4271,18195,11896,7059
,,,,4272,18195,11896,7059
,,,,4273,18195,11896,7059
,,,,4274,18195,11896,7059
,,,,4275,18195,11896,7059
,,,,4276,18195,11896,7059
,,,,4277,18195,11896,7059
,,,,4278,18195,11896,7059
,,,,4279,18195,11896,7059
,,,,4280,18195,11896,7059
,,,,4281,18195,11896,7059
,,,,4282,18195,11896,7059
,,,,4283,18195,11896,7059
,,,,4284,18195,11896,7059
,,,,4285,18195,11896,7059
,,,,4286,18195,11896,7059
,,,,4287,18195,11896,7059
,,,,4288,18195,11896,7059
,,,,4289,18195,11896,7059
,,,,4290,18195,11896,7059
,,,,4291,18195,11896,7059
,,,,4292,18195,11896,7059
,,,,4293,18195,11896,7059
,,,,4294,18195,11896,7059
,,,,4295,18195,11896,7059
,,,,4296,18195,11896,7059
,,,,4297,18195,11896,7059
,,,,4298,18195,11896,7059
,,,,4299,18195,11896,7059
,,,,4300,18195,11896,7059
,,,,4301,18195,11896,7059
,,,,4302,18195,11896,7059
,,,,4303,18195,11896,7059
,,,,4304,18195,11896,7059
,,,,4305,18195,11896,7059
,,,,4306,18195,11896,7059
,,,,4307,18195,11896,7059
,,,,4308,18195,11896,7059
,,,,4309,18195,11896,7059
,,,,4310,18195,11896,7059
,,,,4311,18195,11896,7059
,,,,4312,18195,11896,7059
,,,,4313,18195,11896,7059
,,,,4314,18195,11896,7059
,,,,4315,18195,11896,7059
,,,,4316,18195,11896,7059
,,,,4317,18195,11896,7059
,,,,4318,18195,11896,7059
,,,,4319,18195,11896,7059
,,,,4320,18195,11896,7059
,,,,4321,18195,11896,7059
,,,,4322,18195,11896,7059
,,,,4323,18195,11896,7059
,,,,4324,18195,11896,7059
,,,,4325,18195,11896,7059
,,,,4326,18195,11896,7059
,,,,4327,18195,11896,7059
,,,,4328,18195,11896,7059
,,,,4329,18195,11896,7059
,,,,4330,18195,11896,7059
,,,,4331,18195,11896,7059
,,,,4332,18195,11896,7059
,,,,4333,18195,11896,7059
,,,,4334,18195,11896,7059
,,,,4335,18195,11896,7059
,,,,4336,18195,11896,7059
,,,,4337,18195,11896,7059
,,,,4338,18195,11896,7059
,,,,4339,18195,11896,7059
,,,,4340,18195,11896,7059
,,,,4341,18195,11896,7059
,,,,4342,18195,11896,7059
,,,,4343,18195,11896,7059
,,,,4344,18195,11896,7059
,,,,4345,18195,11896,7059
,,,,4346,18195,11896,7059
,,,,4347,18195,11896,7059
,,,,4348,18195,11896,7059
,,,,4349,18195,11896,7059
,,,,4350,18195,11896,7059
,,,,4351,18195,11896,7059
,,,,4352,18195,11896,7059
,,,,4353,18195,11896,7059
,,,,4354,18195,11896,7059
,,,,4355,18195,11896,7059
,,,,4356,18195,11896,7059
,,,,4357,18195,11896,7059
,,,,4358,18195,11896,7059
,,,,4359,18195,11896,7059
,,,,4360,18195,11896,7059
,,,,4361,18195,11896,7059
,,,,4362,18195,11896,7059
,,,,4363,18195,11896,7059
,,,,4364,18195,11896,7059
,,,,4365,18195,11896,7059
,,,,4366,18195,11896,7059
,,,,4367,18195,11896,7059
,,,,4368,18195,11896,7059
,,,,4369,18195,11896,7059
,,,,4370,18195,11896,7059
,,,,4371,18195,11896,7059
,,,,4372,18195,11896,7059
,,,,4373,18195,11896,7059
,,,,4374,18195,11896,7059
,,,,4375,18195,11896,7059
,,,,4376,18195,11896,7059
,,,,4377,18195,11896,7059
,,,,4378,18195,11896,7059
,,,,4379,18195,11896,7059
,,,,4380,18195,11896,7059
,,,,4381,18195,11896,7059
,,,,4382,18195,11896,7059
,,,,4383,18195,11896,7059
,,,,4384,18195,11896,7059
,,,,4385,18195,11896,7059
,,,,4386,18195,11896,7059
,,,,4387,18195,11896,7059
,,,,4388,18195,11896,7059
,,,,4389,18195,11896,7059
,,,,4390,18195,11896,7059
,,,,4391,18195,11896,7059
,,,,4392,18195,11896,7059
,,,,4393,18195,11896,7059
,,,,4394,18195,11896,7059
,,,,4395,18195,11896,7059
,,,,4396,18195,11896,7059
,,,,4397,18195,11896,7059
,,,,4398,18195,11896,7059
,,,,4399,18195,11896,7059
,,,,4400,18195,11896,7059
,,,,4401,18195,11896,7059
,,,,4402,18195,11896,7059
,,,,4403,18195,11896,7059
,,,,4404,18195,11896,7059
,,,,4405,18195,11896,7059
,,,,4406,18195,11896,7059
,,,,4407,18195,11896,7059
,,,,4408,18195,11896,7059
,,,,4409,18195,11896,7059
,,,,4410,18195,11896,7059
,,,,4411,18195,11896,7059
,,,,4412,18195,11896,7059
,,,,4413,18195,11896,7059
,,,,4414,18195,11896,7059
,,,,4415,18195,11896,7059
,,,,4416,18195,11896,7059
,,,,4417,18195,11896,7059
,,,,4418,18195,11896,7059
,,,,4419,18195,11896,7059
,,,,4420,18195,11896,7059
,,,,4421,18195,11896,7059
,,,,4422,18195,11896,7059
,,,,4423,18195,11896,7059
,,,,4424,18195,11896,7059
,,,,4425,18195,11896,7059
,,,,4426,18195,11896,7059
,,,,4427,18195,11896,7059
,,,,4428,18195,11896,7059
,,,,4429,18195,11896,7059
,,,,4430,18195,11896,7059
,,,,4431,18195,11896,7059
,,,,4432,18195,11896,7059
,,,,4433,18195,11896,7059
,,,,4434,18195,11896,7059
,,,,4435,18195,11896,7059
,,,,4436,18195,11896,7059
,,,,4437,18195,11896,7059
,,,,4438,18195,11896,7059
,,,,4439,18195,11896,7059
,,,,4440,18195,11896,7059
,,,,4441,18195,11896,7059
,,,,4442,18195,11896,7059
,,,,4443,18195,11896,7059
,,,,4444,18195,11896,7059
,,,,4445,18195,11896,7059
,,,,4446,18195,11896,7059
,,,,4447,18195,11896,7059
,,,,4448,18195,11896,7059
,,,,4449,18195,11896,7059
,,,,4450,18195,11896,7059
,,,,4451,18195,11896,7059
,,,,4452,18195,11896,7059
,,,,4453,18195,11896,7059
,,,,4454,18195,11896,7059
,,,,4455,18195,11896,7059
,,,,4456,18195,11896,7059
,,,,4457,18195,11896,7059
,,,,4458,18195,11896,7059
,,,,4459,18195,11896,7059
,,,,4460,18195,11896,7059
,,,,4461,18195,11896,7059
,,,,4462,18195,11896,7059
,,,,4463,18195,11896,7059
,,,,4464,18195,11896,7059
,,,,4465,18195,11896,7059
,,,,4466,18195,11896,7059
,,,,4467,18195,11896,7059
,,,,4468,18195,11896,7059
,,,,4469,18195,11896,7059
,,,,4470,18195,11896,7059
,,,,4471,18195,11896,7059
,,,,4472,18195,11896,7059
,,,,4473,18195,11896,7059
,,,,4474,18195,11896,7059
,,,,4475,18195,11896,7059
,,,,4476,18195,11896,7059
,,,,4477,18195,11896,7059
,,,,4478,18195,11896,7059
,,,,4479,18195,11896,7059
,,,,4480,18195,11896,7059
,,,,4481,18195,11896,7059
,,,,4482,18195,11896,7059
,,,,4483,18195,11896,7059
,,,,4484,18195,11896,7059
,,,,4485,18195,11896,7059
,,,,4486,18195,11896,7059
,,,,4487,18195,11896,7059
,,,,4488,18195,11896,7059
,,,,4489,18195,11896,7059
,,,,4490,18195,11896,7059
,,,,4491,18195,11896,7059
,,,,4492,18195,11896,7059
,,,,4493,18195,11896,7059
,,,,4494,18195,11896,7059
,,,,4495,18195,11896,7059
,,,,4496,18195,11896,7059
,,,,4497,18195,11896,7059
,,,,4498,18195,11896,7059
,,,,4499,18195,11896,7059
,,,,4500,18195,11896,7059
,,,,4501,18195,11896,7059
,,,,4502,18195,11896,7059
,,,,4503,18195,11896,7059
,,,,4504,18195,11896,7059
,,,,4505,18195,11896,7059
,,,,4506,18195,11896,7059
,,,,4507,18195,11896,7059
,,,,4508,18195,11896,7059
,,,,4509,18195,11896,7059
,,,,4510,18195,11896,7059
,,,,4511,18195,11896,7059
,,,,4512,18195,11896,7059
,,,,4513,18195,11896,7059
,,,,4514,18195,11896,7059
,,,,4515,18195,11896,7059
,,,,4516,18195,11896,7059
,,,,4517,18195,11896,7059
,,,,4518,18195,11896,7059
,,,,4519,18195,11896,7059
,,,,4520,18195,11896,7059
,,,,4521,18195,11896,7059
,,,,4522,18195,11896,7059
,,,,4523,18195,11896,7059
,,,,4524,18195,11896,7059
,,,,4525,18195,11896,7059
,,,,4526,18195,11896,7059
,,,,4527,18195,11896,7059
,,,,4528,18195,11896,7059
,,,,4529,18195,11896,7059
,,,,4530,18195,11896,7059
,,,,4531,18195,11896,7059
,,,,4532,18195,11896,7059
,,,,4533,18195,11896,7059
,,,,4534,18195,11896,7059
,,,,4535,18195,11896,7059
,,,,4536,18195,11896,7059
,,,,4537,18195,11896,7059
,,,,4538,18195,11896,7059
,,,,4539,18195,11896,7059
,,,,4540,18195,11896,7059
,,,,4541,18195,11896,7059
,,,,4542,18195,11896,7059
,,,,4543,18195,11896,7059
,,,,4544,18195,11896,7059
,,,,4545,18195,11896,7059
,,,,4546,18195,11896,7059
,,,,4547,18195,11896,7059
,,,,4548,18195,11896,7059
,,,,4549,18195,11896,7059
,,,,4550,18195,11896,7059
,,,,4551,18195,11896,7059
,,,,4552,18195,11896,7059
,,,,4553,18195,11896,7059
,,,,4554,18195,11896,7059
,,,,4555,18195,11896,7059
,,,,4556,18195,11896,7059
,,,,4557,18195,11896,7059
,,,,4558,18195,11896,7059
,,,,4559,18195,11896,7059
,,,,4560,18195,11896,7059
,,,,4561,18195,11896,7059
,,,,4562,18195,11896,7059
,,,,4563,18195,11896,7059
,,,,4564,18195,11896,7059
,,,,4565,18195,11896,7059
,,,,4566,18195,11896,7059
,,,,4567,18195,11896,7059
,,,,4568,18195,11896,7059
,,,,4569,18195,11896,7059
,,,,4570,18195,11896,7059
,,,,4571,18195,11896,7059
,,,,4572,18195,11896,7059
,,,,4573,18195,11896,7059
,,,,4574,18195,11896,7059
,,,,4575,18195,11896,7059
,,,,4576,18195,11896,7059
,,,,4577,18195,11896,7059
,,,,4578,18195,11896,7059
,,,,4579,18195,11896,7059
,,,,4580,18195,11896,7059
,,,,4581,18195,11896,7059
,,,,4582,18195,11896,7059
,,,,4583,18195,11896,7059
,,,,4584,18195,11896,7059
,,,,4585,18195,11896,7059
,,,,4586,18195,11896,7059
,,,,4587,18195,11896,7059
,,,,4588,18195,11896,7059
,,,,4589,18195,11896,7059
,,,,4590,18195,11896,7059
,,,,4591,18195,11896,7059
,,,,4592,18195,11896,7059
,,,,4593,18195,11896,7059
,,,,4594,18195,11896,7059
,,,,4595,18195,11896,7059
,,,,4596,18195,11896,7059
,,,,4597,18195,11896,7059
,,,,4598,18195,11896,7059
,,,,4599,18195,11896,7059
,,,,4600,18195,11896,7059
,,,,4601,18195,11896,7059
,,,,4602,18195,11896,7059
,,,,4603,18195,11896,7059
,,,,4604,18195,11896,7059
,,,,4605,18195,11896,7059
,,,,4606,18195,11896,7059
,,,,4607,18195,11896,7059
,,,,4608,18195,11896,7059
,,,,4609,18195,11896,7059
,,,,4610,18195,11896,7059
,,,,4611,18195,11896,7059
,,,,4612,18195,11896,7059
,,,,4613,18195,11896,7059
,,,,4614,18195,11896,7059
,,,,4615,18195,11896,7059
,,,,4616,18195,11896,7059
,,,,4617,18195,11896,7059
,,,,4618,18195,11896,7059
,,,,4619,18195,11896,7059
,,,,4620,18195,11896,7059
,,,,4621,18195,11896,7059
,,,,4622,18195,11896,7059
,,,,4623,18195,11896,7059
,,,,4624,18195,11896,7059
,,,,4625,18195,11896,7059
,,,,4626,18195,11896,7059
,,,,4627,18195,11896,7059
,,,,4628,18195,11896,7059
,,,,4629,18195,11896,7059
,,,,4630,18195,11896,7059
,,,,4631,18195,11896,7059
,,,,4632,18195,11896,7059
,,,,4633,18195,11896,7059
,,,,4634,18195,11896,7059
,,,,4635,18195,11896,7059
,,,,4636,18195,11896,7059
,,,,4637,18195,11896,7059
,,,,4638,18195,11896,7059
,,,,4639,18195,11896,7059
,,,,4640,18195,11896,7059
,,,,4641,18195,11896,7059
,,,,4642,18195,11896,7059
,,,,4643,18195,11896,7059
,,,,4644,18195,11896,7059
,,,,4645,18195,11896,7059
,,,,4646,18195,11896,7059
,,,,4647,18195,11896,7059
,,,,4648,18195,11896,7059
,,,,4649,18195,11896,7059
,,,,4650,18195,11896,7059
,,,,4651,18195,11896,7059
,,,,4652,18195,11896,7059
,,,,4653,18195,11896,7059
,,,,4654,18195,11896,7059
,,,,4655,18195,11896,7059
,,,,4656,18195,11896,7059
,,,,4657,18195,11896,7059
,,,,4658,18195,11896,7059
,,,,4659,18195,11896,7059
,,,,4660,18195,11896,7059
,,,,4661,18195,11896,7059
,,,,4662,18195,11896,7059
,,,,4663,18195,11896,7059
,,,,4664,18195,11896,7059
,,,,4665,18195,11896,7059
,,,,4666,18195,11896,7059
,,,,4667,18195,11896,7059
,,,,4668,18195,11896,7059
,,,,4669,18195,11896,7059
,,,,4670,18195,11896,7059
,,,,4671,18195,11896,7059
,,,,4672,18195,11896,7059
,,,,4673,18195,11896,7059
,,,,4674,18195,11896,7059
,,,,4675,18195,11896,7059
,,,,4676,18195,11896,7059
,,,,4677,18195,11896,7059
,,,,4678,18195,11896,7059
,,,,4679,18195,11896,7059
,,,,4680,18195,11896,7059
,,,,4681,18195,11896,7059
,,,,4682,18195,11896,7059
,,,,4683,18195,11896,7059
,,,,4684,18195,11896,7059
,,,,4685,18195,11896,7059
,,,,4686,18195,11896,7059
,,,,4687,18195,11896,7059
,,,,4688,18195,11896,7059
,,,,4689,18195,11896,7059
,,,,4690,18195,11896,7059
,,,,4691,18195,11896,7059
,,,,4692,18195,11896,7059
,,,,4693,18195,11896,7059
,,,,4694,18195,11896,7059
,,,,4695,18195,11896,7059
,,,,4696,18195,11896,7059
,,,,4697,18195,11896,7059
,,,,4698,18195,11896,7059
,,,,4699,18195,11896,7059
,,,,4700,18195,11896,7059
,,,,4701,18195,11896,7059
,,,,4702,18195,11896,7059
,,,,4703,18195,11896,7059
,,,,4704,18195,11896,7059
,,,,4705,18195,11896,7059
,,,,4706,18195,11896,7059
,,,,4707,18195,11896,7059
,,,,4708,18195,11896,7059
,,,,4709,18195,11896,7059
,,,,4710,18195,11896,7059
,,,,4711,18195,11896,7059
,,,,4712,18195,11896,7059
,,,,4713,18195,11896,7059
,,,,4714,18195,11896,7059
,,,,4715,18195,11896,7059
,,,,4716,18195,11896,7059
,,,,4717,18195,11896,7059
,,,,4718,18195,11896,7059
,,,,4719,18195,11896,7059
,,,,4720,18195,11896,7059
,,,,4721,18195,11896,7059
,,,,4722,18195,11896,7059
,,,,4723,18195,11896,7059
,,,,4724,18195,11896,7059
,,,,4725,18195,11896,7059
,,,,4726,18195,11896,7059
,,,,4727,18195,11896,7059
,,,,4728,18195,11896,7059
,,,,4729,18195,11896,7059
,,,,4730,18195,11896,7059
,,,,4731,18195,11896,7059
,,,,4732,18195,11896,7059
,,,,4733,18195,11896,7059
,,,,4734,18195,11896,7059
,,,,4735,18195,11896,7059
,,,,4736,18195,11896,7059
,,,,4737,18195,11896,7059
,,,,4738,18195,11896,7059
,,,,4739,18195,11896,7059
,,,,4740,18195,11896,7059
,,,,4741,18195,11896,7059
,,,,4742,18195,11896,7059
,,,,4743,18195,11896,7059
,,,,4744,18195,11896,7059
,,,,4745,18195,11896,7059
,,,,4746,18195,11896,7059
,,,,4747,18195,11896,7059
,,,,4748,18195,11896,7059
,,,,4749,18195,11896,7059
,,,,4750,18195,11896,7059
,,,,4751,18195,11896,7059
,,,,4752,18195,11896,7059
,,,,4753,18195,11896,7059
,,,,4754,18195,11896,7059
,,,,4755,18195,11896,7059
,,,,4756,18195,11896,7059
,,,,4757,18195,11896,7059
,,,,4758,18195,11896,7059
,,,,4759,18195,11896,7059
,,,,4760,18195,11896,7059
,,,,4761,18195,11896,7059
,,,,4762,18195,11896,7059
,,,,4763,18195,11896,7059
,,,,4764,18195,11896,7059
,,,,4765,18195,11896,7059
,,,,4766,18195,11896,7059
,,,,4767,18195,11896,7059
,,,,4768,18195,11896,7059
,,,,4769,18195,11896,7059
,,,,4770,18195,11896,7059
,,,,4771,18195,11896,7059
,,,,4772,18195,11896,7059
,,,,4773,18195,11896,7059
,,,,4774,18195,11896,7059
,,,,4775,18195,11896,7059
,,,,4776,18195,11896,7059
,,,,4777,18195,11896,7059
,,,,4778,18195,11896,7059
,,,,4779,18195,11896,7059
,,,,4780,18195,11896,7059
,,,,4781,18195,11896,7059
,,,,4782,18195,11896,7059
,,,,4783,18195,11896,7059
,,,,4784,18195,11896,7059
,,,,4785,18195,11896,7059
,,,,4786,18195,11896,7059
,,,,4787,18195,11896,7059
,,,,4788,18195,11896,7059
,,,,4789,18195,11896,7059
,,,,4790,18195,11896,7059
,,,,4791,18195,11896,7059
,,,,4792,18195,11896,7059
,,,,4793,18195,11896,7059
,,,,4794,18195,11896,7059
,,,,4795,18195,11896,7059
,,,,4796,18195,11896,7059
,,,,4797,18195,11896,7059
,,,,4798,18195,11896,7059
,,,,4799,18195,11896,7059
,,,,4800,18195,11896,7059
,,,,4801,18195,11896,7059
,,,,4802,18195,11896,7059
,,,,4803,18195,11896,7059
,,,,4804,18195,11896,7059
,,,,4805,18195,11896,7059
,,,,4806,18195,11896,7059
,,,,4807,18195,11896,7059
,,,,4808,18195,11896,7059
,,,,4809,18195,11896,7059
,,,,4810,18195,11896,7059
,,,,4811,18195,11896,7059
,,,,4812,18195,11896,7059
,,,,4813,18195,11896,7059
,,,,4814,18195,11896,7059
,,,,4815,18195,11896,7059
,,,,4816,18195,11896,7059
,,,,4817,18195,11896,7059
,,,,4818,18195,11896,7059
,,,,4819,18195,11896,7059
,,,,4820,18195,11896,7059
,,,,4821,18195,11896,7059
,,,,4822,18195,11896,7059
,,,,4823,18195,11896,7059
,,,,4824,18195,11896,7059
,,,,4825,18195,11896,7059
,,,,4826,18195,11896,7059
,,,,4827,18195,11896,7059
,,,,4828,18195,11896,7059
,,,,4829,18195,11896,7059
,,,,4830,18195,11896,7059
,,,,4831,18195,11896,7059
,,,,4832,18195,11896,7059
,,,,4833,18195,11896,7059
,,,,4834,18195,11896,7059
,,,,4835,18195,11896,7059
,,,,4836,18195,11896,7059
,,,,4837,18195,11896,7059
,,,,4838,18195,11896,7059
,,,,4839,18195,11896,7059
,,,,4840,18195,11896,7059
,,,,4841,18195,11896,7059
,,,,4842,18195,11896,7059
,,,,4843,18195,11896,7059
,,,,4844,18195,11896,7059
,,,,4845,18195,11896,7059
,,,,4846,18195,11896,7059
,,,,4847,18195,11896,7059
,,,,4848,18195,11896,7059
,,,,4849,18195,11896,7059
,,,,4850,18195,11896,7059
,,,,4851,18195,11896,7059
,,,,4852,18195,11896,7059
,,,,4853,18195,11896,7059
,,,,4854,18195,11896,7059
,,,,4855,18195,11896,7059
,,,,4856,18195,11896,7059
,,,,4857,18195,11896,7059
,,,,4858,18195,11896,7059
,,,,4859,18195,11896,7059
,,,,4860,18195,11896,7059
,,,,4861,18195,11896,7059
,,,,4862,18195,11896,7059
,,,,4863,18195,11896,7059
,,,,4864,18195,11896,7059
,,,,4865,18195,11896,7059
,,,,4866,18195,11896,7059
,,,,4867,18195,11896,7059
,,,,4868,18195,11896,7059
,,,,4869,18195,11896,7059
,,,,4870,18195,11896,7059
,,,,4871,18195,11896,7059
,,,,4872,18195,11896,7059
,,,,4873,18195,11896,7059
,,,,4874,18195,11896,7059
,,,,4875,18195,11896,7059
,,,,4876,18195,11896,7059
,,,,4877,18195,11896,7059
,,,,4878,18195,11896,7059
,,,,4879,18195,11896,7059
,,,,4880,18195,11896,7059
,,,,4881,18195,11896,7059
,,,,4882,18195,11896,7059
,,,,4883,18195,11896,7059
,,,,4884,18195,11896,7059
,,,,4885,18195,11896,7059
,,,,4886,18195,11896,7059
,,,,4887,18195,11896,7059
,,,,4888,18195,11896,7059
,,,,4889,18195,11896,7059
,,,,4890,18195,11896,7059
,,,,4891,18195,11896,7059
,,,,4892,18195,11896,7059
,,,,4893,18195,11896,7059
,,,,4894,18195,11896,7059
,,,,4895,18195,11896,7059
,,,,4896,18195,11896,7059
,,,,4897,18195,11896,7059
,,,,4898,18195,11896,7059
,,,,4899,18195,11896,7059
,,,,4900,18195,11896,7059
,,,,4901,18195,11896,7059
,,,,4902,18195,11896,7059
,,,,4903,18195,11896,7059
,,,,4904,18195,11896,7059
,,,,4905,18195,11896,7059
,,,,4906,18195,11896,7059
,,,,4907,18195,11896,7059
,,,,4908,18195,11896,7059
,,,,4909,18195,11896,7059
,,,,4910,18195,11896,7059
,,,,4911,18195,11896,7059
,,,,4912,18195,11896,7059
,,,,4913,18195,11896,7059
,,,,4914,18195,11896,7059
,,,,4915,18195,11896,7059
,,,,4916,18195,11896,7059
,,,,4917,18195,11896,7059
,,,,4918,18195,11896,7059
,,,,4919,18195,11896,7059
,,,,4920,18195,11896,7059
,,,,4921,18195,11896,7059
,,,,4922,18195,11896,7059
,,,,4923,18195,11896,7059
,,,,4924,18195,11896,7059
,,,,4925,18195,11896,7059
,,,,4926,18195,11896,7059
,,,,4927,18195,11896,7059
,,,,4928,18195,11896,7059
,,,,4929,18195,11896,7059
,,,,4930,18195,11896,7059
,,,,4931,18195,11896,7059
,,,,4932,18195,11896,7059
,,,,4933,18195,11896,7059
,,,,4934,18195,11896,7059
,,,,4935,18195,11896,7059
,,,,4936,18195,11896,7059
,,,,4937,18195,11896,7059
,,,,4938,18195,11896,7059
,,,,4939,18195,11896,7059
,,,,4940,18195,11896,7059
,,,,4941,18195,11896,7059
,,,,4942,18195,11896,7059
,,,,4943,18195,11896,7059
,,,,4944,18195,11896,7059
,,,,4945,18195,11896,7059
,,,,4946,18195,11896,7059
,,,,4947,18195,11896,7059
,,,,4948,18195,11896,7059
,,,,4949,18195,11896,7059
,,,,4950,18195,11896,7059
,,,,4951,18195,11896,7059
,,,,4952,18195,11896,7059
,,,,4953,18195,11896,7059
,,,,4954,18195,11896,7059
,,,,4955,18195,11896,7059
,,,,4956,18195,11896,7059
,,,,4957,18195,11896,7059
,,,,4958,18195,11896,7059
,,,,4959,18195,11896,7059
,,,,4960,18195,11896,7059
,,,,4961,18195,11896,7059
,,,,4962,18195,11896,7059
,,,,4963,18195,11896,7059
,,,,4964,18195,11896,7059
,,,,4965,18195,11896,7059
,,,,4966,18195,11896,7059
,,,,4967,18195,11896,7059
,,,,4968,18195,11896,7059
,,,,4969,18195,11896,7059
,,,,4970,18195,11896,7059
,,,,4971,18195,11896,7059
,,,,4972,18195,11896,7059
,,,,4973,18195,11896,7059
,,,,4974,18195,11896,7059
,,,,4975,18195,11896,7059
,,,,4976,18195,11896,7059
,,,,4977,18195,11896,7059
,,,,4978,18195,11896,7059
,,,,4979,18195,11896,7059
,,,,4980,18195,11896,7059
,,,,4981,18195,11896,7059
,,,,4982,18195,11896,7059
,,,,4983,18195,11896,7059
,,,,4984,18195,11896,7059
,,,,4985,18195,11896,7059
,,,,4986,18195,11896,7059
,,,,4987,18195,11896,7059
,,,,4988,18195,11896,7059
,,,,4989,18195,11896,7059
,,,,4990,18195,11896,7059
,,,,4991,18195,11896,7059
,,,,4992,18195,11896,7059
,,,,4993,18195,11896,7059
,,,,4994,18195,11896,7059
,,,,4995,18195,11896,7059
,,,,4996,18195,11896,7059
,,,,4997,18195,11896,7059
,,,,4998,18195,11896,7059
,,,,4999,18195,11896,7059
,,,,5000,18195,11896,7059
,,,,5001,18195,11896,7059
,,,,5002,18195,11896,7059
,,,,5003,18195,11896,7059
,,,,5004,18195,11896,7059
,,,,5005,18195,11896,7059
,,,,5006,18195,11896,7059
,,,,5007,18195,11896,7059
,,,,5008,18195,11896,7059
,,,,5009,18195,11896,7059
,,,,5010,18195,11896,7059
,,,,5011,18195,11896,7059
,,,,5012,18195,11896,7059
,,,,5013,18195,11896,7059
,,,,5014,18195,11896,7059
,,,,5015,18195,11896,7059
,,,,5016,18195,11896,7059
,,,,5017,18195,11896,7059
,,,,5018,18195,11896,7059
,,,,5019,18195,11896,7059
,,,,5020,18195,11896,7059
,,,,5021,18195,11896,7059
,,,,5022,18195,11896,7059
,,,,5023,18195,11896,7059
,,,,5024,18195,11896,7059
,,,,5025,18195,11896,7059
,,,,5026,18195,11896,7059
,,,,5027,18195,11896,7059
,,,,5028,18195,11896,7059
,,,,5029,18195,11896,7059
,,,,5030,18195,11896,7059
,,,,5031,18195,11896,7059
,,,,5032,18195,11896,7059
,,,,5033,18195,11896,7059
,,,,5034,18195,11896,7059
,,,,5035,18195,11896,7059
,,,,5036,18195,11896,7059
,,,,5037,18195,11896,7059
,,,,5038,18195,11896,7059
,,,,5039,18195,11896,7059
,,,,5040,18195,11896,7059
,,,,5041,18195,11896,7059
,,,,5042,18195,11896,7059
,,,,5043,18195,11896,7059
,,,,5044,18195,11896,7059
,,,,5045,18195,11896,7059
,,,,5046,18195,11896,7059
,,,,5047,18195,11896,7059
,,,,5048,18195,11896,7059
,,,,5049,18195,11896,7059
,,,,5050,18195,11896,7059
,,,,5051,18195,11896,7059
,,,,5052,18195,11896,7059
,,,,5053,18195,11896,7059
,,,,5054,18195,11896,7059
,,,,5055,18195,11896,7059
,,,,5056,18195,11896,7059
,,,,5057,18195,11896,7059
,,,,5058,18195,11896,7059
,,,,5059,18195,11896,7059
,,,,5060,18195,11896,7059
,,,,5061,18195,11896,7059
,,,,5062,18195,11896,7059
,,,,5063,18195,11896,7059
,,,,5064,18195,11896,7059
,,,,5065,18195,11896,7059
,,,,5066,18195,11896,7059
,,,,5067,18195,11896,7059
,,,,5068,18195,11896,7059
,,,,5069,18195,11896,7059
,,,,5070,18195,11896,7059
,,,,5071,18195,11896,7059
,,,,5072,18195,11896,7059
,,,,5073,18195,11896,7059
,,,,5074,18195,11896,7059
,,,,5075,18195,11896,7059
,,,,5076,18195,11896,7059
,,,,5077,18195,11896,7059
,,,,5078,18195,11896,7059
,,,,5079,18195,11896,7059
,,,,5080,18195,11896,7059
,,,,5081,18195,11896,7059
,,,,5082,18195,11896,7059
,,,,5083,18195,11896,7059
,,,,5084,18195,11896,7059
,,,,5085,18195,11896,7059
,,,,5086,18195,11896,7059
,,,,5087,18195,11896,7059
,,,,5088,18195,11896,7059
,,,,5089,18195,11896,7059
,,,,5090,18195,11896,7059
,,,,5091,18195,11896,7059
,,,,5092,18195,11896,7059
,,,,5093,18195,11896,7059
,,,,5094,18195,11896,7059
,,,,5095,18195,11896,7059
,,,,5096,18195,11896,7059
,,,,5097,18195,11896,7059
,,,,5098,18195,11896,7059
,,,,5099,18195,11896,7059
,,,,5100,18195,11896,7059
,,,,5101,18195,11896,7059
,,,,5102,18195,11896,7059
,,,,5103,18195,11896,7059
,,,,5104,18195,11896,7059
,,,,5105,18195,11896,7059
,,,,5106,18195,11896,7059
,,,,5107,18195,11896,7059
,,,,5108,18195,11896,7059
,,,,5109,18195,11896,7059
,,,,5110,18195,11896,7059
,,,,5111,18195,11896,7059
,,,,5112,18195,11896,7059
,,,,5113,18195,11896,7059
,,,,5114,18195,11896,7059
,,,,5115,18195,11896,7059
,,,,5116,18195,11896,7059
,,,,5117,18195,11896,7059
,,,,5118,18195,11896,7059
,,,,5119,18195,11896,7059
,,,,5120,18195,11896,7059
,,,,5121,18195,11896,7059
,,,,5122,18195,11896,7059
,,,,5123,18195,11896,7059
,,,,5124,18195,11896,7059
,,,,5125,18195,11896,7059
,,,,5126,18195,11896,7059
,,,,5127,18195,11896,7059
,,,,5128,18195,11896,7059
,,,,5129,18195,11896,7059
,,,,5130,18195,11896,7059
,,,,5131,18195,11896,7059
,,,,5132,18195,11896,7059
,,,,5133,18195,11896,7059
,,,,5134,18195,11896,7059
,,,,5135,18195,11896,7059
,,,,5136,18195,11896,7059
,,,,5137,18195,11896,7059
,,,,5138,18195,11896,7059
,,,,5139,18195,11896,7059
,,,,5140,18195,11896,7059
,,,,5141,18195,11896,7059
,,,,5142,18195,11896,7059
,,,,5143,18195,11896,7059
,,,,5144,18195,11896,7059
,,,,5145,18195,11896,7059
,,,,5146,18195,11896,7059
,,,,5147,18195,11896,7059
,,,,5148,18195,11896,7059
,,,,5149,18195,11896,7059
,,,,5150,18195,11896,7059
,,,,5151,18195,11896,7059
,,,,5152,18195,11896,7059
,,,,5153,18195,11896,7059
,,,,5154,18195,11896,7059
,,,,5155,18195,11896,7059
,,,,5156,18195,11896,7059
,,,,5157,18195,11896,7059
,,,,5158,18195,11896,7059
,,,,5159,18195,11896,7059
,,,,5160,18195,11896,7059
,,,,5161,18195,11896,7059
,,,,5162,18195,11896,7059
,,,,5163,18195,11896,7059
,,,,5164,18195,11896,7059
,,,,5165,18195,11896,7059
,,,,5166,18195,11896,7059
,,,,5167,18195,11896,7059
,,,,5168,18195,11896,7059
,,,,5169,18195,11896,7059
,,,,5170,18195,11896,7059
,,,,5171,18195,11896,7059
,,,,5172,18195,11896,7059
,,,,5173,18195,11896,7059
,,,,5174,18195,11896,7059
,,,,5175,18195,11896,7059
,,,,5176,18195,11896,7059
,,,,5177,18195,11896,7059
,,,,5178,18195,11896,7059
,,,,5179,18195,11896,7059
,,,,5180,18195,11896,7059
,,,,5181,18195,11896,7059
,,,,5182,18195,11896,7059
,,,,5183,18195,11896,7059
,,,,5184,18195,11896,7059
,,,,5185,18195,11896,7059
,,,,5186,18195,11896,7059
,,,,5187,18195,11896,7059
,,,,5188,18195,11896,7059
,,,,5189,18195,11896,7059
,,,,5190,18195,11896,7059
,,,,5191,18195,11896,7059
,,,,5192,18195,11896,7059
,,,,5193,18195,11896,7059
,,,,5194,18195,11896,7059
,,,,5195,18195,11896,7059
,,,,5196,18195,11896,7059
,,,,5197,18195,11896,7059
,,,,5198,18195,11896,7059
,,,,5199,18195,11896,7059
,,,,5200,18195,11896,7059
,,,,5201,18195,11896,7059
,,,,5202,18195,11896,7059
,,,,5203,18195,11896,7059
,,,,5204,18195,11896,7059
,,,,5205,18195,11896,7059
,,,,5206,18195,11896,7059
,,,,5207,18195,11896,7059
,,,,5208,18195,11896,7059
,,,,5209,18195,11896,7059
,,,,5210,18195,11896,7059
,,,,5211,18195,11896,7059
,,,,5212,18195,11896,7059
,,,,5213,18195,11896,7059
,,,,5214,18195,11896,7059
,,,,5215,18195,11896,7059
,,,,5216,18195,11896,7059
,,,,5217,18195,11896,7059
,,,,5218,18195,11896,7059
,,,,5219,18195,11896,7059
,,,,5220,18195,11896,7059
,,,,5221,18195,11896,7059
,,,,5222,18195,11896,7059
,,,,5223,18195,11896,7059
,,,,5224,18195,11896,7059
,,,,5225,18195,11896,7059
,,,,5226,18195,11896,7059
,,,,5227,18195,11896,7059
,,,,5228,18195,11896,7059
,,,,5229,18195,11896,7059
,,,,5230,18195,11896,7059
,,,,5231,18195,11896,7059
,,,,5232,18195,11896,7059
,,,,5233,18195,11896,7059
,,,,5234,18195,11896,7059
,,,,5235,18195,11896,7059
,,,,5236,18195,11896,7059
,,,,5237,18195,11896,7059
,,,,5238,18195,11896,7059
,,,,5239,18195,11896,7059
,,,,5240,18195,11896,7059
,,,,5241,18195,11896,7059
,,,,5242,18195,11896,7059
,,,,5243,18195,11896,7059
,,,,5244,18195,11896,7059
,,,,5245,18195,11896,7059
,,,,5246,18195,11896,7059
,,,,5247,18195,11896,7059
,,,,5248,18195,11896,7059
,,,,5249,18195,11896,7059
,,,,5250,18195,11896,7059
,,,,5251,18195,11896,7059
,,,,5252,18195,11896,7059
,,,,5253,18195,11896,7059
,,,,5254,18195,11896,7059
,,,,5255,18195,11896,7059
,,,,5256,18195,11896,7059
,,,,5257,18195,11896,7059
,,,,5258,18195,11896,7059
,,,,5259,18195,11896,7059
,,,,5260,18195,11896,7059
,,,,5261,18195,11896,7059
,,,,5262,18195,11896,7059
,,,,5263,18195,11896,7059
,,,,5264,18195,11896,7059
,,,,5265,18195,11896,7059
,,,,5266,18195,11896,7059
,,,,5267,18195,11896,7059
,,,,5268,18195,11896,7059
,,,,5269,18195,11896,7059
,,,,5270,18195,11896,7059
,,,,5271,18195,11896,7059
,,,,5272,18195,11896,7059
,,,,5273,18195,11896,7059
,,,,5274,18195,11896,7059
,,,,5275,18195,11896,7059
,,,,5276,18195,11896,7059
,,,,5277,18195,11896,7059
,,,,5278,18195,11896,7059
,,,,5279,18195,11896,7059
,,,,5280,18195,11896,7059
,,,,5281,18195,11896,7059
,,,,5282,18195,11896,7059
,,,,5283,18195,11896,7059
,,,,5284,18195,11896,7059
,,,,5285,18195,11896,7059
,,,,5286,18195,11896,7059
,,,,5287,18195,11896,7059
,,,,5288,18195,11896,7059
,,,,5289,18195,11896,7059
,,,,5290,18195,11896,7059
,,,,5291,18195,11896,7059
,,,,5292,18195,11896,7059
,,,,5293,18195,11896,7059
,,,,5294,18195,11896,7059
,,,,5295,18195,11896,7059
,,,,5296,18195,11896,7059
,,,,5297,18195,11896,7059
,,,,5298,18195,11896,7059
,,,,5299,18195,11896,7059
,,,,5300,18195,11896,7059
,,,,5301,18195,11896,7059
,,,,5302,18195,11896,7059
,,,,5303,18195,11896,7059
,,,,5304,18195,11896,7059
,,,,5305,18195,11896,7059
,,,,5306,18195,11896,7059
,,,,5307,18195,11896,7059
,,,,5308,18195,11896,7059
,,,,5309,18195,11896,7059
,,,,5310,18195,11896,7059
,,,,5311,18195,11896,7059
,,,,5312,18195,11896,7059
,,,,5313,18195,11896,7059
,,,,5314,18195,11896,7059
,,,,5315,18195,11896,7059
,,,,5316,18195,11896,7059
,,,,5317,18195,11896,7059
,,,,5318,18195,11896,7059
,,,,5319,18195,11896,7059
,,,,5320,18195,11896,7059
,,,,5321,18195,11896,7059
,,,,5322,18195,11896,7059
,,,,5323,18195,11896,7059
,,,,5324,18195,11896,7059
,,,,5325,18195,11896,7059
,,,,5326,18195,11896,7059
,,,,5327,18195,11896,7059
,,,,5328,18195,11896,7059
,,,,5329,18195,11896,7059
,,,,5330,18195,11896,7059
,,,,5331,18195,11896,7059
,,,,5332,18195,11896,7059
,,,,5333,18195,11896,7059
,,,,5334,18195,11896,7059
,,,,5335,18195,11896,7059
,,,,5336,18195,11896,7059
,,,,5337,18195,11896,7059
,,,,5338,18195,11896,7059
,,,,5339,18195,11896,7059
,,,,5340,18195,11896,7059
,,,,5341,18195,11896,7059
,,,,5342,18195,11896,7059
,,,,5343,18195,11896,7059
,,,,5344,18195,11896,7059
,,,,5345,18195,11896,7059
,,,,5346,18195,11896,7059
,,,,5347,18195,11896,7059
,,,,5348,18195,11896,7059
,,,,5349,18195,11896,7059
,,,,5350,18195,11896,7059
,,,,5351,18195,11896,7059
,,,,5352,18195,11896,7059
,,,,5353,18195,11896,7059
,,,,5354,18195,11896,7059
,,,,5355,18195,11896,7059
,,,,5356,18195,11896,7059
,,,,5357,18195,11896,7059
,,,,5358,18195,11896,7059
,,,,5359,18195,11896,7059
,,,,5360,18195,11896,7059
,,,,5361,18195,11896,7059
,,,,5362,18195,11896,7059
,,,,5363,18195,11896,7059
,,,,5364,18195,11896,7059
,,,,5365,18195,11896,7059
,,,,5366,18195,11896,7059
,,,,5367,18195,11896,7059
,,,,5368,18195,11896,7059
,,,,5369,18195,11896,7059
,,,,5370,18195,11896,7059
,,,,5371,18195,11896,7059
,,,,5372,18195,11896,7059
,,,,5373,18195,11896,7059
,,,,5374,18195,11896,7059
,,,,5375,18195,11896,7059
,,,,5376,18195,11896,7059
,,,,5377,18195,11896,7059
,,,,5378,18195,11896,7059
,,,,5379,18195,11896,7059
,,,,5380,18195,11896,7059
,,,,5381,18195,11896,7059
,,,,5382,18195,11896,7059
,,,,5383,18195,11896,7059
,,,,5384,18195,11896,7059
,,,,5385,18195,11896,7059
,,,,5386,18195,11896,7059
,,,,5387,18195,11896,7059
,,,,5388,18195,11896,7059
,,,,5389,18195,11896,7059
,,,,5390,18195,11896,7059
,,,,5391,18195,11896,7059
,,,,5392,18195,11896,7059
,,,,5393,18195,11896,7059
,,,,5394,18195,11896,7059
,,,,5395,18195,11896,7059
,,,,5396,18195,11896,7059
,,,,5397,18195,11896,7059
,,,,5398,18195,11896,7059
,,,,5399,18195,11896,7059
,,,,5400,18195,11896,7059
,,,,5401,18195,11896,7059
,,,,5402,18195,11896,7059
,,,,5403,18195,11896,7059
,,,,5404,18195,11896,7059
,,,,5405,18195,11896,7059
,,,,5406,18195,11896,7059
,,,,5407,18195,11896,7059
,,,,5408,18195,11896,7059
,,,,5409,18195,11896,7059
,,,,5410,18195,11896,7059
,,,,5411,18195,11896,7059
,,,,5412,18195,11896,7059
,,,,5413,18195,11896,7059
,,,,5414,18195,11896,7059
,,,,5415,18195,11896,7059
,,,,5416,18195,11896,7059
,,,,5417,18195,11896,7059
,,,,5418,18195,11896,7059
,,,,5419,18195,11896,7059
,,,,5420,18195,11896,7059
,,,,5421,18195,11896,7059
,,,,5422,18195,11896,7059
,,,,5423,18195,11896,7059
,,,,5424,18195,11896,7059
,,,,5425,18195,11896,7059
,,,,5426,18195,11896,7059
,,,,5427,18195,11896,7059
,,,,5428,18195,11896,7059
,,,,5429,18195,11896,7059
,,,,5430,18195,11896,7059
,,,,5431,18195,11896,7059
,,,,5432,18195,11896,7059
,,,,5433,18195,11896,7059
,,,,5434,18195,11896,7059
,,,,5435,18195,11896,7059
,,,,5436,18195,11896,7059
,,,,5437,18195,11896,7059
,,,,5438,18195,11896,7059
,,,,5439,18195,11896,7059
,,,,5440,18195,11896,7059
,,,,5441,18195,11896,7059
,,,,5442,18195,11896,7059
,,,,5443,18195,11896,7059
,,,,5444,18195,11896,7059
,,,,5445,18195,11896,7059
,,,,5446,18195,11896,7059
,,,,5447,18195,11896,7059
,,,,5448,18195,11896,7059
,,,,5449,18195,11896,7059
,,,,5450,18195,11896,7059
,,,,5451,18195,11896,7059
,,,,5452,18195,11896,7059
,,,,5453,18195,11896,7059
,,,,5454,18195,11896,7059
,,,,5455,18195,11896,7059
,,,,5456,18195,11896,7059
,,,,5457,18195,11896,7059
,,,,5458,18195,11896,7059
,,,,5459,18195,11896,7059
,,,,5460,18195,11896,7059
,,,,5461,18195,11896,7059
,,,,5462,18195,11896,7059
,,,,5463,18195,11896,7059
,,,,5464,18195,11896,7059
,,,,5465,18195,11896,7059
,,,,5466,18195,11896,7059
,,,,5467,18195,11896,7059
,,,,5468,18195,11896,7059
,,,,5469,18195,11896,7059
,,,,5470,18195,11896,7059
,,,,5471,18195,11896,7059
,,,,5472,18195,11896,7059
,,,,5473,18195,11896,7059
,,,,5474,18195,11896,7059
,,,,5475,18195,11896,7059
,,,,5476,18195,11896,7059
,,,,5477,18195,11896,7059
,,,,5478,18195,11896,7059
,,,,5479,18195,11896,7059
,,,,5480,18195,11896,7059
,,,,5481,18195,11896,7059
,,,,5482,18195,11896,7059
,,,,5483,18195,11896,7059
,,,,5484,18195,11896,7059
,,,,5485,18195,11896,7059
,,,,5486,18195,11896,7059
,,,,5487,18195,11896,7059
,,,,5488,18195,11896,7059
,,,,5489,18195,11896,7059
,,,,5490,18195,11896,7059
,,,,5491,18195,11896,7059
,,,,5492,18195,11896,7059
,,,,5493,18195,11896,7059
,,,,5494,18195,11896,7059
,,,,5495,18195,11896,7059
,,,,5496,18195,11896,7059
,,,,5497,18195,11896,7059
,,,,5498,18195,11896,7059
,,,,5499,18195,11896,7059
,,,,5500,18195,11896,7059
,,,,5501,18195,11896,7059
,,,,5502,18195,11896,7059
,,,,5503,18195,11896,7059
,,,,5504,18195,11896,7059
,,,,5505,18195,11896,7059
,,,,5506,18195,11896,7059
,,,,5507,18195,11896,7059
,,,,5508,18195,11896,7059
,,,,5509,18195,11896,7059
,,,,5510,18195,11896,7059
,,,,5511,18195,11896,7059
,,,,5512,18195,11896,7059
,,,,5513,18195,11896,7059
,,,,5514,18195,11896,7059
,,,,5515,18195,11896,7059
,,,,5516,18195,11896,7059
,,,,5517,18195,11896,7059
,,,,5518,18195,11896,7059
,,,,5519,18195,11896,7059
,,,,5520,18195,11896,7059
,,,,5521,18195,11896,7059
,,,,5522,18195,11896,7059
,,,,5523,18195,11896,7059
,,,,5524,18195,11896,7059
,,,,5525,18195,11896,7059
,,,,5526,18195,11896,7059
,,,,5527,18195,11896,7059
,,,,5528,18195,11896,7059
,,,,5529,18195,11896,7059
,,,,5530,18195,11896,7059
,,,,5531,18195,11896,7059
,,,,5532,18195,11896,7059
,,,,5533,18195,11896,7059
,,,,5534,18195,11896,7059
,,,,5535,18195,11896,7059
,,,,5536,18195,11896,7059
,,,,5537,18195,11896,7059
,,,,5538,18195,11896,7059
,,,,5539,18195,11896,7059
,,,,5540,18195,11896,7059
,,,,5541,18195,11896,7059
,,,,5542,18195,11896,7059
,,,,5543,18195,11896,7059
,,,,5544,18195,11896,7059
,,,,5545,18195,11896,7059
,,,,5546,18195,11896,7059
,,,,5547,18195,11896,7059
,,,,5548,18195,11896,7059
,,,,5549,18195,11896,7059
,,,,5550,18195,11896,7059
,,,,5551,18195,11896,7059
,,,,5552,18195,11896,7059
,,,,5553,18195,11896,7059
,,,,5554,18195,11896,7059
,,,,5555,18195,11896,7059
,,,,5556,18195,11896,7059
,,,,5557,18195,11896,7059
,,,,5558,18195,11896,7059
,,,,5559,18195,11896,7059
,,,,5560,18195,11896,7059
,,,,5561,18195,11896,7059
,,,,5562,18195,11896,7059
,,,,5563,18195,11896,7059
,,,,5564,18195,11896,7059
,,,,5565,18195,11896,7059
,,,,5566,18195,11896,7059
,,,,5567,18195,11896,7059
,,,,5568,18195,11896,7059
,,,,5569,18195,11896,7059
,,,,5570,18195,11896,7059
,,,,5571,18195,11896,7059
,,,,5572,18195,11896,7059
,,,,5573,18195,11896,7059
,,,,5574,18195,11896,7059
,,,,5575,18195,11896,7059
,,,,5576,18195,11896,7059
,,,,5577,18195,11896,7059
,,,,5578,18195,11896,7059
,,,,5579,18195,11896,7059
,,,,5580,18195,11896,7059
,,,,5581,18195,11896,7059
,,,,5582,18195,11896,7059
,,,,5583,18195,11896,7059
,,,,5584,18195,11896,7059
,,,,5585,18195,11896,7059
,,,,5586,18195,11896,7059
,,,,5587,18195,11896,7059
,,,,5588,18195,11896,7059
,,,,5589,18195,11896,7059
,,,,5590,18195,11896,7059
,,,,5591,18195,11896,7059
,,,,5592,18195,11896,7059
,,,,5593,18195,11896,7059
,,,,5594,18195,11896,7059
,,,,5595,18195,11896,7059
,,,,5596,18195,11896,7059
,,,,5597,18195,11896,7059
,,,,5598,18195,11896,7059
,,,,5599,18195,11896,7059
,,,,5600,18195,11896,7059
,,,,5601,18195,11896,7059
,,,,5602,18195,11896,7059
,,,,5603,18195,11896,7059
,,,,5604,18195,11896,7059
,,,,5605,18195,11896,7059
,,,,5606,18195,11896,7059
,,,,5607,18195,11896,7059
,,,,5608,18195,11896,7059
,,,,5609,18195,11896,7059
,,,,5610,18195,11896,7059
,,,,5611,18195,11896,7059
,,,,5612,18195,11896,7059
,,,,5613,18195,11896,7059
,,,,5614,18195,11896,7059
,,,,5615,18195,11896,7059
,,,,5616,18195,11896,7059
,,,,5617,18195,11896,7059
,,,,5618,18195,11896,7059
,,,,5619,18195,11896,7059
,,,,5620,18195,11896,7059
,,,,5621,18195,11896,7059
,,,,5622,18195,11896,7059
,,,,5623,18195,11896,7059
,,,,5624,18195,11896,7059
,,,,5625,18195,11896,7059
,,,,5626,18195,11896,7059
,,,,5627,18195,11896,7059
,,,,5628,18195,11896,7059
,,,,5629,18195,11896,7059
,,,,5630,18195,11896,7059
,,,,5631,18195,11896,7059
,,,,5632,18195,11896,7059
,,,,5633,18195,11896,7059
,,,,5634,18195,11896,7059
,,,,5635,18195,11896,7059
,,,,5636,18195,11896,7059
,,,,5637,18195,11896,7059
,,,,5638,18195,11896,7059
,,,,5639,18195,11896,7059
,,,,5640,18195,11896,7059
,,,,5641,18195,11896,7059
,,,,5642,18195,11896,7059
,,,,5643,18195,11896,7059
,,,,5644,18195,11896,7059
,,,,5645,18195,11896,7059
,,,,5646,18195,11896,7059
,,,,5647,18195,11896,7059
,,,,5648,18195,11896,7059
,,,,5649,18195,11896,7059
,,,,5650,18195,11896,7059
,,,,5651,18195,11896,7059
,,,,5652,18195,11896,7059
,,,,5653,18195,11896,7059
,,,,5654,18195,11896,7059
,,,,5655,18195,11896,7059
,,,,5656,18195,11896,7059
,,,,5657,18195,11896,7059
,,,,5658,18195,11896,7059
,,,,5659,18195,11896,7059
,,,,5660,18195,11896,7059
,,,,5661,18195,11896,7059
,,,,5662,18195,11896,7059
,,,,5663,18195,11896,7059
,,,,5664,18195,11896,7059
,,,,5665,18195,11896,7059
,,,,5666,18195,11896,7059
,,,,5667,18195,11896,7059
,,,,5668,18195,11896,7059
,,,,5669,18195,11896,7059
,,,,5670,18195,11896,7059
,,,,5671,18195,11896,7059
,,,,5672,18195,11896,7059
,,,,5673,18195,11896,7059
,,,,5674,18195,11896,7059
,,,,5675,18195,11896,7059
,,,,5676,18195,11896,7059
,,,,5677,18195,11896,7059
,,,,5678,18195,11896,7059
,,,,5679,18195,11896,7059
,,,,5680,18195,11896,7059
,,,,5681,18195,11896,7059
,,,,5682,18195,11896,7059
,,,,5683,18195,11896,7059
,,,,5684,18195,11896,7059
,,,,5685,18195,11896,7059
,,,,5686,18195,11896,7059
,,,,5687,18195,11896,7059
,,,,5688,18195,11896,7059
,,,,5689,18195,11896,7059
,,,,5690,18195,11896,7059
,,,,5691,18195,11896,7059
,,,,5692,18195,11896,7059
,,,,5693,18195,11896,7059
,,,,5694,18195,11896,7059
,,,,5695,18195,11896,7059
,,,,5696,18195,11896,7059
,,,,5697,18195,11896,7059
,,,,5698,18195,11896,7059
,,,,5699,18195,11896,7059
,,,,5700,18195,11896,7059
,,,,5701,18195,11896,7059
,,,,5702,18195,11896,7059
,,,,5703,18195,11896,7059
,,,,5704,18195,11896,7059
,,,,5705,18195,11896,7059
,,,,5706,18195,11896,7059
,,,,5707,18195,11896,7059
,,,,5708,18195,11896,7059
,,,,5709,18195,11896,7059
,,,,5710,18195,11896,7059
,,,,5711,18195,11896,7059
,,,,5712,18195,11896,7059
,,,,5713,18195,11896,7059
,,,,5714,18195,11896,7059
,,,,5715,18195,11896,7059
,,,,5716,18195,11896,7059
,,,,5717,18195,11896,7059
,,,,5718,18195,11896,7059
,,,,5719,18195,11896,7059
,,,,5720,18195,11896,7059
,,,,5721,18195,11896,7059
,,,,5722,18195,11896,7059
,,,,5723,18195,11896,7059
,,,,5724,18195,11896,7059
,,,,5725,18195,11896,7059
,,,,5726,18195,11896,7059
,,,,5727,18195,11896,7059
,,,,5728,18195,11896,7059
,,,,5729,18195,11896,7059
,,,,5730,18195,11896,7059
,,,,5731,18195,11896,7059
,,,,5732,18195,11896,7059
,,,,5733,18195,11896,7059
,,,,5734,18195,11896,7059
,,,,5735,18195,11896,7059
,,,,5736,18195,11896,7059
,,,,5737,18195,11896,7059
,,,,5738,18195,11896,7059
,,,,5739,18195,11896,7059
,,,,5740,18195,11896,7059
,,,,5741,18195,11896,7059
,,,,5742,18195,11896,7059
,,,,5743,18195,11896,7059
,,,,5744,18195,11896,7059
,,,,5745,18195,11896,7059
,,,,5746,18195,11896,7059
,,,,5747,18195,11896,7059
,,,,5748,18195,11896,7059
,,,,5749,18195,11896,7059
,,,,5750,18195,11896,7059
,,,,5751,18195,11896,7059
,,,,5752,18195,11896,7059
,,,,5753,18195,11896,7059
,,,,5754,18195,11896,7059
,,,,5755,18195,11896,7059
,,,,5756,18195,11896,7059
,,,,5757,18195,11896,7059
,,,,5758,18195,11896,7059
,,,,5759,18195,11896,7059
,,,,5760,18195,11896,7059
,,,,5761,18195,11896,7059
,,,,5762,18195,11896,7059
,,,,5763,18195,11896,7059
,,,,5764,18195,11896,7059
,,,,5765,18195,11896,7059
,,,,5766,18195,11896,7059
,,,,5767,18195,11896,7059
,,,,5768,18195,11896,7059
,,,,5769,18195,11896,7059
,,,,5770,18195,11896,7059
,,,,5771,18195,11896,7059
,,,,5772,18195,11896,7059
,,,,5773,18195,11896,7059
,,,,5774,18195,11896,7059
,,,,5775,18195,11896,7059
,,,,5776,18195,11896,7059
,,,,5777,18195,11896,7059
,,,,5778,18195,11896,7059
,,,,5779,18195,11896,7059
,,,,5780,18195,11896,7059
,,,,5781,18195,11896,7059
,,,,5782,18195,11896,7059
,,,,5783,18195,11896,7059
,,,,5784,18195,11896,7059
,,,,5785,18195,11896,7059
,,,,5786,18195,11896,7059
,,,,5787,18195,11896,7059
,,,,5788,18195,11896,7059
,,,,5789,18195,11896,7059
,,,,5790,18195,11896,7059
,,,,5791,18195,11896,7059
,,,,5792,18195,11896,7059
,,,,5793,18195,11896,7059
,,,,5794,18195,11896,7059
,,,,5795,18195,11896,7059
,,,,5796,18195,11896,7059
,,,,5797,18195,11896,7059
,,,,5798,18195,11896,7059
,,,,5799,18195,11896,7059
,,,,5800,18195,11896,7059
,,,,5801,18195,11896,7059
,,,,5802,18195,11896,7059
,,,,5803,18195,11896,7059
,,,,5804,18195,11896,7059
,,,,5805,18195,11896,7059
,,,,5806,18195,11896,7059
,,,,5807,18195,11896,7059
,,,,5808,18195,11896,7059
,,,,5809,18195,11896,7059
,,,,5810,18195,11896,7059
,,,,5811,18195,11896,7059
,,,,5812,18195,11896,7059
,,,,5813,18195,11896,7059
,,,,5814,18195,11896,7059
,,,,5815,18195,11896,7059
,,,,5816,18195,11896,7059
,,,,5817,18195,11896,7059
,,,,5818,18195,11896,7059
,,,,5819,18195,11896,7059
,,,,5820,18195,11896,7059
,,,,5821,18195,11896,7059
,,,,5822,18195,11896,7059
,,,,5823,18195,11896,7059
,,,,5824,18195,11896,7059
,,,,5825,18195,11896,7059
,,,,5826,18195,11896,7059
,,,,5827,18195,11896,7059
,,,,5828,18195,11896,7059
,,,,5829,18195,11896,7059
,,,,5830,18195,11896,7059
,,,,5831,18195,11896,7059
,,,,5832,18195,11896,7059
,,,,5833,18195,11896,7059
,,,,5834,18195,11896,7059
,,,,5835,18195,11896,7059
,,,,5836,18195,11896,7059
,,,,5837,18195,11896,7059
,,,,5838,18195,11896,7059
,,,,5839,18195,11896,7059
,,,,5840,18195,11896,7059
,,,,5841,18195,11896,7059
,,,,5842,18195,11896,7059
,,,,5843,18195,11896,7059
,,,,5844,18195,11896,7059
,,,,5845,18195,11896,7059
,,,,5846,18195,11896,7059
,,,,5847,18195,11896,7059
,,,,5848,18195,11896,7059
,,,,5849,18195,11896,7059
,,,,5850,18195,11896,7059
,,,,5851,18195,11896,7059
,,,,5852,18195,11896,7059
,,,,5853,18195,11896,7059
,,,,5854,18195,11896,7059
,,,,5855,18195,11896,7059
,,,,5856,18195,11896,7059
,,,,5857,18195,11896,7059
,,,,5858,18195,11896,7059
,,,,5859,18195,11896,7059
,,,,5860,18195,11896,7059
,,,,5861,18195,11896,7059
,,,,5862,18195,11896,7059
,,,,5863,18195,11896,7059
,,,,5864,18195,11896,7059
,,,,5865,18195,11896,7059
,,,,5866,18195,11896,7059
,,,,5867,18195,11896,7059
,,,,5868,18195,11896,7059
,,,,5869,18195,11896,7059
,,,,5870,18195,11896,7059
,,,,5871,18195,11896,7059
,,,,5872,18195,11896,7059
,,,,5873,18195,11896,7059
,,,,5874,18195,11896,7059
,,,,5875,18195,11896,7059
,,,,5876,18195,11896,7059
,,,,5877,18195,11896,7059
,,,,5878,18195,11896,7059
,,,,5879,18195,11896,7059
,,,,5880,18195,11896,7059
,,,,5881,18195,11896,7059
,,,,5882,18195,11896,7059
,,,,5883,18195,11896,7059
,,,,5884,18195,11896,7059
,,,,5885,18195,11896,7059
,,,,5886,18195,11896,7059
,,,,5887,18195,11896,7059
,,,,5888,18195,11896,7059
,,,,5889,18195,11896,7059
,,,,5890,18195,11896,7059
,,,,5891,18195,11896,7059
,,,,5892,18195,11896,7059
,,,,5893,18195,11896,7059
,,,,5894,18195,11896,7059
,,,,5895,18195,11896,7059
,,,,5896,18195,11896,7059
,,,,5897,18195,11896,7059
,,,,5898,18195,11896,7059
,,,,5899,18195,11896,7059
,,,,5900,18195,11896,7059
,,,,5901,18195,11896,7059
,,,,5902,18195,11896,7059
,,,,5903,18195,11896,7059
,,,,5904,18195,11896,7059
,,,,5905,18195,11896,7059
,,,,5906,18195,11896,7059
,,,,5907,18195,11896,7059
,,,,5908,18195,11896,7059
,,,,5909,18195,11896,7059
,,,,5910,18195,11896,7059
,,,,5911,18195,11896,7059
,,,,5912,18195,11896,7059
,,,,5913,18195,11896,7059
,,,,5914,18195,11896,7059
,,,,5915,18195,11896,7059
,,,,5916,18195,11896,7059
,,,,5917,18195,11896,7059
,,,,5918,18195,11896,7059
,,,,5919,18195,11896,7059
,,,,5920,18195,11896,7059
,,,,5921,18195,11896,7059
,,,,5922,18195,11896,7059
,,,,5923,18195,11896,7059
,,,,5924,18195,11896,7059
,,,,5925,18195,11896,7059
,,,,5926,18195,11896,7059
,,,,5927,18195,11896,7059
,,,,5928,18195,11896,7059
,,,,5929,18195,11896,7059
,,,,5930,18195,11896,7059
,,,,5931,18195,11896,7059
,,,,5932,18195,11896,7059
,,,,5933,18195,11896,7059
,,,,5934,18195,11896,7059
,,,,5935,18195,11896,7059
,,,,5936,18195,11896,7059
,,,,5937,18195,11896,7059
,,,,5938,18195,11896,7059
,,,,5939,18195,11896,7059
,,,,5940,18195,11896,7059
,,,,5941,18195,11896,7059
,,,,5942,18195,11896,7059
,,,,5943,18195,11896,7059
,,,,5944,18195,11896,7059
,,,,5945,18195,11896,7059
,,,,5946,18195,11896,7059
,,,,5947,18195,11896,7059
,,,,5948,18195,11896,7059
,,,,5949,18195,11896,7059
,,,,5950,18195,11896,7059
,,,,5951,18195,11896,7059
,,,,5952,18195,11896,7059
,,,,5953,18195,11896,7059
,,,,5954,18195,11896,7059
,,,,5955,18195,11896,7059
,,,,5956,18195,11896,7059
,,,,5957,18195,11896,7059
,,,,5958,18195,11896,7059
,,,,5959,18195,11896,7059
,,,,5960,18195,11896,7059
,,,,5961,18195,11896,7059
,,,,5962,18195,11896,7059
,,,,5963,18195,11896,7059
,,,,5964,18195,11896,7059
,,,,5965,18195,11896,7059
,,,,5966,18195,11896,7059
,,,,5967,18195,11896,7059
,,,,5968,18195,11896,7059
,,,,5969,18195,11896,7059
,,,,5970,18195,11896,7059
,,,,5971,18195,11896,7059
,,,,5972,18195,11896,7059
,,,,5973,18195,11896,7059
,,,,5974,18195,11896,7059
,,,,5975,18195,11896,7059
,,,,5976,18195,11896,7059
,,,,5977,18195,11896,7059
,,,,5978,18195,11896,7059
,,,,5979,18195,11896,7059
,,,,5980,18195,11896,7059
,,,,5981,18195,11896,7059
,,,,5982,18195,11896,7059
,,,,5983,18195,11896,7059
,,,,5984,18195,11896,7059
,,,,5985,18195,11896,7059
,,,,5986,18195,11896,7059
,,,,5987,18195,11896,7059
,,,,5988,18195,11896,7059
,,,,5989,18195,11896,7059
,,,,5990,18195,11896,7059
,,,,5991,18195,11896,7059
,,,,5992,18195,11896,7059
,,,,5993,18195,11896,7059
,,,,5994,18195,11896,7059
,,,,5995,18195,11896,7059
,,,,5996,18195,11896,7059
,,,,5997,18195,11896,7059
,,,,5998,18195,11896,7059
,,,,5999,18195,11896,7059
,,,,6000,18195,11896,7059
,,,,6001,18195,11896,7059
,,,,6002,18195,11896,7059
,,,,6003,18195,11896,7059
,,,,6004,18195,11896,7059
,,,,6005,18195,11896,7059
,,,,6006,18195,11896,7059
,,,,6007,18195,11896,7059
,,,,6008,18195,11896,7059
,,,,6009,18195,11896,7059
,,,,6010,18195,11896,7059
,,,,6011,18195,11896,7059
,,,,6012,18195,11896,7059
,,,,6013,18195,11896,7059
,,,,6014,18195,11896,7059
,,,,6015,18195,11896,7059
,,,,6016,18195,11896,7059
,,,,6017,18195,11896,7059
,,,,6018,18195,11896,7059
,,,,6019,18195,11896,7059
,,,,6020,18195,11896,7059
,,,,6021,18195,11896,7059
,,,,6022,18195,11896,7059
,,,,6023,18195,11896,7059
,,,,6024,18195,11896,7059
,,,,6025,18195,11896,7059
,,,,6026,18195,11896,7059
,,,,6027,18195,11896,7059
,,,,6028,18195,11896,7059
,,,,6029,18195,11896,7059
,,,,6030,18195,11896,7059
,,,,6031,18195,11896,7059
,,,,6032,18195,11896,7059
,,,,6033,18195,11896,7059
,,,,6034,18195,11896,7059
,,,,6035,18195,11896,7059
,,,,6036,18195,11896,7059
,,,,6037,18195,11896,7059
,,,,6038,18195,11896,7059
,,,,6039,18195,11896,7059
,,,,6040,18195,11896,7059
,,,,6041,18195,11896,7059
,,,,6042,18195,11896,7059
,,,,6043,18195,11896,7059
,,,,6044,18195,11896,7059
,,,,6045,18195,11896,7059
,,,,6046,18195,11896,7059
,,,,6047,18195,11896,7059
,,,,6048,18195,11896,7059
,,,,6049,18195,11896,7059
,,,,6050,18195,11896,7059
,,,,6051,18195,11896,7059
,,,,6052,18195,11896,7059
,,,,6053,18195,11896,7059
,,,,6054,18195,11896,7059
,,,,6055,18195,11896,7059
,,,,6056,18195,11896,7059
,,,,6057,18195,11896,7059
,,,,6058,18195,11896,7059
,,,,6059,18195,11896,7059
,,,,6060,18195,11896,7059
,,,,6061,18195,11896,7059
,,,,6062,18195,11896,7059
,,,,6063,18195,11896,7059
,,,,6064,18195,11896,7059
,,,,6065,18195,11896,7059
,,,,6066,18195,11896,7059
,,,,6067,18195,11896,7059
,,,,6068,18195,11896,7059
,,,,6069,18195,11896,7059
,,,,6070,18195,11896,7059
,,,,6071,18195,11896,7059
,,,,6072,18195,11896,7059
,,,,6073,18195,11896,7059
,,,,6074,18195,11896,7059
,,,,6075,18195,11896,7059
,,,,6076,18195,11896,7059
,,,,6077,18195,11896,7059
,,,,6078,18195,11896,7059
,,,,6079,18195,11896,7059
,,,,6080,18195,11896,7059
,,,,6081,18195,11896,7059
,,,,6082,18195,11896,7059
,,,,6083,18195,11896,7059
,,,,6084,18195,11896,7059
,,,,6085,18195,11896,7059
,,,,6086,18195,11896,7059
,,,,6087,18195,11896,7059
,,,,6088,18195,11896,7059
,,,,6089,18195,11896,7059
,,,,6090,18195,11896,7059
,,,,6091,18195,11896,7059
,,,,6092,18195,11896,7059
,,,,6093,18195,11896,7059
,,,,6094,18195,11896,7059
,,,,6095,18195,11896,7059
,,,,6096,18195,11896,7059
,,,,6097,18195,11896,7059
,,,,6098,18195,11896,7059
,,,,6099,18195,11896,7059
,,,,6100,18195,11896,7059
,,,,6101,18195,11896,7059
,,,,6102,18195,11896,7059
,,,,6103,18195,11896,7059
,,,,6104,18195,11896,7059
,,,,6105,18195,11896,7059
,,,,6106,18195,11896,7059
,,,,6107,18195,11896,7059
,,,,6108,18195,11896,7059
,,,,6109,18195,11896,7059
,,,,6110,18195,11896,7059
,,,,6111,18195,11896,7059
,,,,6112,18195,11896,7059
,,,,6113,18195,11896,7059
,,,,6114,18195,11896,7059
,,,,6115,18195,11896,7059
,,,,6116,18195,11896,7059
,,,,6117,18195,11896,7059
,,,,6118,18195,11896,7059
,,,,6119,18195,11896,7059
,,,,6120,18195,11896,7059
,,,,6121,18195,11896,7059
,,,,6122,18195,11896,7059
,,,,6123,18195,11896,7059
,,,,6124,18195,11896,7059
,,,,6125,18195,11896,7059
,,,,6126,18195,11896,7059
,,,,6127,18195,11896,7059
,,,,6128,18195,11896,7059
,,,,6129,18195,11896,7059
,,,,6130,18195,11896,7059
,,,,6131,18195,11896,7059
,,,,6132,18195,11896,7059
,,,,6133,18195,11896,7059
,,,,6134,18195,11896,7059
,,,,6135,18195,11896,7059
,,,,6136,18195,11896,7059
,,,,6137,18195,11896,7059
,,,,6138,18195,11896,7059
,,,,6139,18195,11896,7059
,,,,6140,18195,11896,7059
,,,,6141,18195,11896,7059
,,,,6142,18195,11896,7059
,,,,6143,18195,11896,7059
,,,,6144,18195,11896,7059
,,,,6145,18195,11896,7059
,,,,6146,18195,11896,7059
,,,,6147,18195,11896,7059
,,,,6148,18195,11896,7059
,,,,6149,18195,11896,7059
,,,,6150,18195,11896,7059
,,,,6151,18195,11896,7059
,,,,6152,18195,11896,7059
,,,,6153,18195,11896,7059
,,,,6154,18195,11896,7059
,,,,6155,18195,11896,7059
,,,,6156,18195,11896,7059
,,,,6157,18195,11896,7059
,,,,6158,18195,11896,7059
,,,,6159,18195,11896,7059
,,,,6160,18195,11896,7059
,,,,6161,18195,11896,7059
,,,,6162,18195,11896,7059
,,,,6163,18195,11896,7059
,,,,6164,18195,11896,7059
,,,,6165,18195,11896,7059
,,,,6166,18195,11896,7059
,,,,6167,18195,11896,7059
,,,,6168,18195,11896,7059
,,,,6169,18195,11896,7059
,,,,6170,18195,11896,7059
,,,,6171,18195,11896,7059
,,,,6172,18195,11896,7059
,,,,6173,18195,11896,7059
,,,,6174,18195,11896,7059
,,,,6175,18195,11896,7059
,,,,6176,18195,11896,7059
,,,,6177,18195,11896,7059
,,,,6178,18195,11896,7059
,,,,6179,18195,11896,7059
,,,,6180,18195,11896,7059
,,,,6181,18195,11896,7059
,,,,6182,18195,11896,7059
,,,,6183,18195,11896,7059
,,,,6184,18195,11896,7059
,,,,6185,18195,11896,7059
,,,,6186,18195,11896,7059
,,,,6187,18195,11896,7059
,,,,6188,18195,11896,7059
,,,,6189,18195,11896,7059
,,,,6190,18195,11896,7059
,,,,6191,18195,11896,7059
,,,,6192,18195,11896,7059
,,,,6193,18195,11896,7059
,,,,6194,18195,11896,7059
,,,,6195,18195,11896,7059
,,,,6196,18195,11896,7059
,,,,6197,18195,11896,7059
,,,,6198,18195,11896,7059
,,,,6199,18195,11896,7059
,,,,6200,18195,11896,7059
,,,,6201,18195,11896,7059
,,,,6202,18195,11896,7059
,,,,6203,18195,11896,7059
,,,,6204,18195,11896,7059
,,,,6205,18195,11896,7059
,,,,6206,18195,11896,7059
,,,,6207,18195,11896,7059
,,,,6208,18195,11896,7059
,,,,6209,18195,11896,7059
,,,,6210,18195,11896,7059
,,,,6211,18195,11896,7059
,,,,6212,18195,11896,7059
,,,,6213,18195,11896,7059
,,,,6214,18195,11896,7059
,,,,6215,18195,11896,7059
,,,,6216,18195,11896,7059
,,,,6217,18195,11896,7059
,,,,6218,18195,11896,7059
,,,,6219,18195,11896,7059
,,,,6220,18195,11896,7059
,,,,6221,18195,11896,7059
,,,,6222,18195,11896,7059
,,,,6223,18195,11896,7059
,,,,6224,18195,11896,7059
,,,,6225,18195,11896,7059
,,,,6226,18195,11896,7059
,,,,6227,18195,11896,7059
,,,,6228,18195,11896,7059
,,,,6229,18195,11896,7059
,,,,6230,18195,11896,7059
,,,,6231,18195,11896,7059
,,,,6232,18195,11896,7059
,,,,6233,18195,11896,7059
,,,,6234,18195,11896,7059
,,,,6235,18195,11896,7059
,,,,6236,18195,11896,7059
,,,,6237,18195,11896,7059
,,,,6238,18195,11896,7059
,,,,6239,18195,11896,7059
,,,,6240,18195,11896,7059
,,,,6241,18195,11896,7059
,,,,6242,18195,11896,7059
,,,,6243,18195,11896,7059
,,,,6244,18195,11896,7059
,,,,6245,18195,11896,7059
,,,,6246,18195,11896,7059
,,,,6247,18195,11896,7059
,,,,6248,18195,11896,7059
,,,,6249,18195,11896,7059
,,,,6250,18195,11896,7059
,,,,6251,18195,11896,7059
,,,,6252,18195,11896,7059
,,,,6253,18195,11896,7059
,,,,6254,18195,11896,7059
,,,,6255,18195,11896,7059
,,,,6256,18195,11896,7059
,,,,6257,18195,11896,7059
,,,,6258,18195,11896,7059
,,,,6259,18195,11896,7059
,,,,6260,18195,11896,7059
,,,,6261,18195,11896,7059
,,,,6262,18195,11896,7059
,,,,6263,18195,11896,7059
,,,,6264,18195,11896,7059
,,,,6265,18195,11896,7059
,,,,6266,18195,11896,7059
,,,,6267,18195,11896,7059
,,,,6268,18195,11896,7059
,,,,6269,18195,11896,7059
,,,,6270,18195,11896,7059
,,,,6271,18195,11896,7059
,,,,6272,18195,11896,7059
,,,,6273,18195,11896,7059
,,,,6274,18195,11896,7059
,,,,6275,18195,11896,7059
,,,,6276,18195,11896,7059
,,,,6277,18195,11896,7059
,,,,6278,18195,11896,7059
,,,,6279,18195,11896,7059
,,,,6280,18195,11896,7059
,,,,6281,18195,11896,7059
,,,,6282,18195,11896,7059
,,,,6283,18195,11896,7059
,,,,6284,18195,11896,7059
,,,,6285,18195,11896,7059
,,,,6286,18195,11896,7059
,,,,6287,18195,11896,7059
,,,,6288,18195,11896,7059
,,,,6289,18195,11896,7059
,,,,6290,18195,11896,7059
,,,,6291,18195,11896,7059
,,,,6292,18195,11896,7059
,,,,6293,18195,11896,7059
,,,,6294,18195,11896,7059
,,,,6295,18195,11896,7059
,,,,6296,18195,11896,7059
,,,,6297,18195,11896,7059
,,,,6298,18195,11896,7059
,,,,6299,18195,11896,7059
,,,,6300,18195,11896,7059
,,,,6301,18195,11896,7059
,,,,6302,18195,11896,7059
,,,,6303,18195,11896,7059
,,,,6304,18195,11896,7059
,,,,6305,18195,11896,7059
,,,,6306,18195,11896,7059
,,,,6307,18195,11896,7059
,,,,6308,18195,11896,7059
,,,,6309,18195,11896,7059
,,,,6310,18195,11896,7059
,,,,6311,18195,11896,7059
,,,,6312,18195,11896,7059
,,,,6313,18195,11896,7059
,,,,6314,18195,11896,7059
,,,,6315,18195,11896,7059
,,,,6316,18195,11896,7059
,,,,6317,18195,11896,7059
,,,,6318,18195,11896,7059
,,,,6319,18195,11896,7059
,,,,6320,18195,11896,7059
,,,,6321,18195,11896,7059
,,,,6322,18195,11896,7059
,,,,6323,18195,11896,7059
,,,,6324,18195,11896,7059
,,,,6325,18195,11896,7059
,,,,6326,18195,11896,7059
,,,,6327,18195,11896,7059
,,,,6328,18195,11896,7059
,,,,6329,18195,11896,7059
,,,,6330,18195,11896,7059
,,,,6331,18195,11896,7059
,,,,6332,18195,11896,7059
,,,,6333,18195,11896,7059
,,,,6334,18195,11896,7059
,,,,6335,18195,11896,7059
,,,,6336,18195,11896,7059
,,,,6337,18195,11896,7059
,,,,6338,18195,11896,7059
,,,,6339,18195,11896,7059
,,,,6340,18195,11896,7059
,,,,6341,18195,11896,7059
,,,,6342,18195,11896,7059
,,,,6343,18195,11896,7059
,,,,6344,18195,11896,7059
,,,,6345,18195,11896,7059
,,,,6346,18195,11896,7059
,,,,6347,18195,11896,7059
,,,,6348,18195,11896,7059
,,,,6349,18195,11896,7059
,,,,6350,18195,11896,7059
,,,,6351,18195,11896,7059
,,,,6352,18195,11896,7059
,,,,6353,18195,11896,7059
,,,,6354,18195,11896,7059
,,,,6355,18195,11896,7059
,,,,6356,18195,11896,7059
,,,,6357,18195,11896,7059
,,,,6358,18195,11896,7059
,,,,6359,18195,11896,7059
,,,,6360,18195,11896,7059
,,,,6361,18195,11896,7059
,,,,6362,18195,11896,7059
,,,,6363,18195,11896,7059
,,,,6364,18195,11896,7059
,,,,6365,18195,11896,7059
,,,,6366,18195,11896,7059
,,,,6367,18195,11896,7059
,,,,6368,18195,11896,7059
,,,,6369,18195,11896,7059
,,,,6370,18195,11896,7059
,,,,6371,18195,11896,7059
,,,,6372,18195,11896,7059
,,,,6373,18195,11896,7059
,,,,6374,18195,11896,7059
,,,,6375,18195,11896,7059
,,,,6376,18195,11896,7059
,,,,6377,18195,11896,7059
,,,,6378,18195,11896,7059
,,,,6379,18195,11896,7059
,,,,6380,18195,11896,7059
,,,,6381,18195,11896,7059
,,,,6382,18195,11896,7059
,,,,6383,18195,11896,7059
,,,,6384,18195,11896,7059
,,,,6385,18195,11896,7059
,,,,6386,18195,11896,7059
,,,,6387,18195,11896,7059
,,,,6388,18195,11896,7059
,,,,6389,18195,11896,7059
,,,,6390,18195,11896,7059
,,,,6391,18195,11896,7059
,,,,6392,18195,11896,7059
,,,,6393,18195,11896,7059
,,,,6394,18195,11896,7059
,,,,6395,18195,11896,7059
,,,,6396,18195,11896,7059
,,,,6397,18195,11896,7059
,,,,6398,18195,11896,7059
,,,,6399,18195,11896,7059
,,,,6400,18195,11896,7059
,,,,6401,18195,11896,7059
,,,,6402,18195,11896,7059
,,,,6403,18195,11896,7059
,,,,6404,18195,11896,7059
,,,,6405,18195,11896,7059
,,,,6406,18195,11896,7059
,,,,6407,18195,11896,7059
,,,,6408,18195,11896,7059
,,,,6409,18195,11896,7059
,,,,6410,18195,11896,7059
,,,,6411,18195,11896,7059
,,,,6412,18195,11896,7059
,,,,6413,18195,11896,7059
,,,,6414,18195,11896,7059
,,,,6415,18195,11896,7059
,,,,6416,18195,11896,7059
,,,,6417,18195,11896,7059
,,,,6418,18195,11896,7059
,,,,6419,18195,11896,7059
,,,,6420,18195,11896,7059
,,,,6421,18195,11896,7059
,,,,6422,18195,11896,7059
,,,,6423,18195,11896,7059
,,,,6424,18195,11896,7059
,,,,6425,18195,11896,7059
,,,,6426,18195,11896,7059
,,,,6427,18195,11896,7059
,,,,6428,18195,11896,7059
,,,,6429,18195,11896,7059
,,,,6430,18195,11896,7059
,,,,6431,18195,11896,7059
,,,,6432,18195,11896,7059
,,,,6433,18195,11896,7059
,,,,6434,18195,11896,7059
,,,,6435,18195,11896,7059
,,,,6436,18195,11896,7059
,,,,6437,18195,11896,7059
,,,,6438,18195,11896,7059
,,,,6439,18195,11896,7059
,,,,6440,18195,11896,7059
,,,,6441,18195,11896,7059
,,,,6442,18195,11896,7059
,,,,6443,18195,11896,7059
,,,,6444,18195,11896,7059
,,,,6445,18195,11896,7059
,,,,6446,18195,11896,7059
,,,,6447,18195,11896,7059
,,,,6448,18195,11896,7059
,,,,6449,18195,11896,7059
,,,,6450,18195,11896,7059
,,,,6451,18195,11896,7059
,,,,6452,18195,11896,7059
,,,,6453,18195,11896,7059
,,,,6454,18195,11896,7059
,,,,6455,18195,11896,7059
,,,,6456,18195,11896,7059
,,,,6457,18195,11896,7059
,,,,6458,18195,11896,7059
,,,,6459,18195,11896,7059
,,,,6460,18195,11896,7059
,,,,6461,18195,11896,7059
,,,,6462,18195,11896,7059
,,,,6463,18195,11896,7059
,,,,6464,18195,11896,7059
,,,,6465,18195,11896,7059
,,,,6466,18195,11896,7059
,,,,6467,18195,11896,7059
,,,,6468,18195,11896,7059
,,,,6469,18195,11896,7059
,,,,6470,18195,11896,7059
,,,,6471,18195,11896,7059
,,,,6472,18195,11896,7059
,,,,6473,18195,11896,7059
,,,,6474,18195,11896,7059
,,,,6475,18195,11896,7059
,,,,6476,18195,11896,7059
,,,,6477,18195,11896,7059
,,,,6478,18195,11896,7059
,,,,6479,18195,11896,7059
,,,,6480,18195,11896,7059
,,,,6481,18195,11896,7059
,,,,6482,18195,11896,7059
,,,,6483,18195,11896,7059
,,,,6484,18195,11896,7059
,,,,6485,18195,11896,7059
,,,,6486,18195,11896,7059
,,,,6487,18195,11896,7059
,,,,6488,18195,11896,7059
,,,,6489,18195,11896,7059
,,,,6490,18195,11896,7059
,,,,6491,18195,11896,7059
,,,,6492,18195,11896,7059
,,,,6493,18195,11896,7059
,,,,6494,18195,11896,7059
,,,,6495,18195,11896,7059
,,,,6496,18195,11896,7059
,,,,6497,18195,11896,7059
,,,,6498,18195,11896,7059
,,,,6499,18195,11896,7059
,,,,6500,18195,11896,7059
,,,,6501,18195,11896,7059
,,,,6502,18195,11896,7059
,,,,6503,18195,11896,7059
,,,,6504,18195,11896,7059
,,,,6505,18195,11896,7059
,,,,6506,18195,11896,7059
,,,,6507,18195,11896,7059
,,,,6508,18195,11896,7059
,,,,6509,18195,11896,7059
,,,,6510,18195,11896,7059
,,,,6511,18195,11896,7059
,,,,6512,18195,11896,7059
,,,,6513,18195,11896,7059
,,,,6514,18195,11896,7059
,,,,6515,18195,11896,7059
,,,,6516,18195,11896,7059
,,,,6517,18195,11896,7059
,,,,6518,18195,11896,7059
,,,,6519,18195,11896,7059
,,,,6520,18195,11896,7059
,,,,6521,18195,11896,7059
,,,,6522,18195,11896,7059
,,,,6523,18195,11896,7059
,,,,6524,18195,11896,7059
,,,,6525,18195,11896,7059
,,,,6526,18195,11896,7059
,,,,6527,18195,11896,7059
,,,,6528,18195,11896,7059
,,,,6529,18195,11896,7059
,,,,6530,18195,11896,7059
,,,,6531,18195,11896,7059
,,,,6532,18195,11896,7059
,,,,6533,18195,11896,7059
,,,,6534,18195,11896,7059
,,,,6535,18195,11896,7059
,,,,6536,18195,11896,7059
,,,,6537,18195,11896,7059
,,,,6538,18195,11896,7059
,,,,6539,18195,11896,7059
,,,,6540,18195,11896,7059
,,,,6541,18195,11896,7059
,,,,6542,18195,11896,7059
,,,,6543,18195,11896,7059
,,,,6544,18195,11896,7059
,,,,6545,18195,11896,7059
,,,,6546,18195,11896,7059
,,,,6547,18195,11896,7059
,,,,6548,18195,11896,7059
,,,,6549,18195,11896,7059
,,,,6550,18195,11896,7059
,,,,6551,18195,11896,7059
,,,,6552,18195,11896,7059
,,,,6553,18195,11896,7059
,,,,6554,18195,11896,7059
,,,,6555,18195,11896,7059
,,,,6556,18195,11896,7059
,,,,6557,18195,11896,7059
,,,,6558,18195,11896,7059
,,,,6559,18195,11896,7059
,,,,6560,18195,11896,7059
,,,,6561,18195,11896,7059
,,,,6562,18195,11896,7059
,,,,6563,18195,11896,7059
,,,,6564,18195,11896,7059
,,,,6565,18195,11896,7059
,,,,6566,18195,11896,7059
,,,,6567,18195,11896,7059
,,,,6568,18195,11896,7059
,,,,6569,18195,11896,7059
,,,,6570,18195,11896,7059
,,,,6571,18195,11896,7059
,,,,6572,18195,11896,7059
,,,,6573,18195,11896,7059
,,,,6574,18195,11896,7059
,,,,6575,18195,11896,7059
,,,,6576,18195,11896,7059
,,,,6577,18195,11896,7059
,,,,6578,18195,11896,7059
,,,,6579,18195,11896,7059
,,,,6580,18195,11896,7059
,,,,6581,18195,11896,7059
,,,,6582,18195,11896,7059
,,,,6583,18195,11896,7059
,,,,6584,18195,11896,7059
,,,,6585,18195,11896,7059
,,,,6586,18195,11896,7059
,,,,6587,18195,11896,7059
,,,,6588,18195,11896,7059
,,,,6589,18195,11896,7059
,,,,6590,18195,11896,7059
,,,,6591,18195,11896,7059
,,,,6592,18195,11896,7059
,,,,6593,18195,11896,7059
,,,,6594,18195,11896,7059
,,,,6595,18195,11896,7059
,,,,6596,18195,11896,7059
,,,,6597,18195,11896,7059
,,,,6598,18195,11896,7059
,,,,6599,18195,11896,7059
,,,,6600,18195,11896,7059
,,,,6601,18195,11896,7059
,,,,6602,18195,11896,7059
,,,,6603,18195,11896,7059
,,,,6604,18195,11896,7059
,,,,6605,18195,11896,7059
,,,,6606,18195,11896,7059
,,,,6607,18195,11896,7059
,,,,6608,18195,11896,7059
,,,,6609,18195,11896,7059
,,,,6610,18195,11896,7059
,,,,6611,18195,11896,7059
,,,,6612,18195,11896,7059
,,,,6613,18195,11896,7059
,,,,6614,18195,11896,7059
,,,,6615,18195,11896,7059
,,,,6616,18195,11896,7059
,,,,6617,18195,11896,7059
,,,,6618,18195,11896,7059
,,,,6619,18195,11896,7059
,,,,6620,18195,11896,7059
,,,,6621,18195,11896,7059
,,,,6622,18195,11896,7059
,,,,6623,18195,11896,7059
,,,,6624,18195,11896,7059
,,,,6625,18195,11896,7059
,,,,6626,18195,11896,7059
,,,,6627,18195,11896,7059
,,,,6628,18195,11896,7059
,,,,6629,18195,11896,7059
,,,,6630,18195,11896,7059
,,,,6631,18195,11896,7059
,,,,6632,18195,11896,7059
,,,,6633,18195,11896,7059
,,,,6634,18195,11896,7059
,,,,6635,18195,11896,7059
,,,,6636,18195,11896,7059
,,,,6637,18195,11896,7059
,,,,6638,18195,11896,7059
,,,,6639,18195,11896,7059
,,,,6640,18195,11896,7059
,,,,6641,18195,11896,7059
,,,,6642,18195,11896,7059
,,,,6643,18195,11896,7059
,,,,6644,18195,11896,7059
,,,,6645,18195,11896,7059
,,,,6646,18195,11896,7059
,,,,6647,18195,11896,7059
,,,,6648,18195,11896,7059
,,,,6649,18195,11896,7059
,,,,6650,18195,11896,7059
,,,,6651,18195,11896,7059
,,,,6652,18195,11896,7059
,,,,6653,18195,11896,7059
,,,,6654,18195,11896,7059
,,,,6655,18195,11896,7059
,,,,6656,18195,11896,7059
,,,,6657,18195,11896,7059
,,,,6658,18195,11896,7059
,,,,6659,18195,11896,7059
,,,,6660,18195,11896,7059
,,,,6661,18195,11896,7059
,,,,6662,18195,11896,7059
,,,,6663,18195,11896,7059
,,,,6664,18195,11896,7059
,,,,6665,18195,11896,7059
,,,,6666,18195,11896,7059
,,,,6667,18195,11896,7059
,,,,6668,18195,11896,7059
,,,,6669,18195,11896,7059
,,,,6670,18195,11896,7059
,,,,6671,18195,11896,7059
,,,,6672,18195,11896,7059
,,,,6673,18195,11896,7059
,,,,6674,18195,11896,7059
,,,,6675,18195,11896,7059
,,,,6676,18195,11896,7059
,,,,6677,18195,11896,7059
,,,,6678,18195,11896,7059
,,,,6679,18195,11896,7059
,,,,6680,18195,11896,7059
,,,,6681,18195,11896,7059
,,,,6682,18195,11896,7059
,,,,6683,18195,11896,7059
,,,,6684,18195,11896,7059
,,,,6685,18195,11896,7059
,,,,6686,18195,11896,7059
,,,,6687,18195,11896,7059
,,,,6688,18195,11896,7059
,,,,6689,18195,11896,7059
,,,,6690,18195,11896,7059
,,,,6691,18195,11896,7059
,,,,6692,18195,11896,7059
,,,,6693,18195,11896,7059
,,,,6694,18195,11896,7059
,,,,6695,18195,11896,7059
,,,,6696,18195,11896,7059
,,,,6697,18195,11896,7059
,,,,6698,18195,11896,7059
,,,,6699,18195,11896,7059
,,,,6700,18195,11896,7059
,,,,6701,18195,11896,7059
,,,,6702,18195,11896,7059
,,,,6703,18195,11896,7059
,,,,6704,18195,11896,7059
,,,,6705,18195,11896,7059
,,,,6706,18195,11896,7059
,,,,6707,18195,11896,7059
,,,,6708,18195,11896,7059
,,,,6709,18195,11896,7059
,,,,6710,18195,11896,7059
,,,,6711,18195,11896,7059
,,,,6712,18195,11896,7059
,,,,6713,18195,11896,7059
,,,,6714,18195,11896,7059
,,,,6715,18195,11896,7059
,,,,6716,18195,11896,7059
,,,,6717,18195,11896,7059
,,,,6718,18195,11896,7059
,,,,6719,18195,11896,7059
,,,,6720,18195,11896,7059
,,,,6721,18195,11896,7059
,,,,6722,18195,11896,7059
,,,,6723,18195,11896,7059
,,,,6724,18195,11896,7059
,,,,6725,18195,11896,7059
,,,,6726,18195,11896,7059
,,,,6727,18195,11896,7059
,,,,6728,18195,11896,7059
,,,,6729,18195,11896,7059
,,,,6730,18195,11896,7059
,,,,6731,18195,11896,7059
,,,,6732,18195,11896,7059
,,,,6733,18195,11896,7059
,,,,6734,18195,11896,7059
,,,,6735,18195,11896,7059
,,,,6736,18195,11896,7059
,,,,6737,18195,11896,7059
,,,,6738,18195,11896,7059
,,,,6739,18195,11896,7059
,,,,6740,18195,11896,7059
,,,,6741,18195,11896,7059
,,,,6742,18195,11896,7059
,,,,6743,18195,11896,7059
,,,,6744,18195,11896,7059
,,,,6745,18195,11896,7059
,,,,6746,18195,11896,7059
,,,,6747,18195,11896,7059
,,,,6748,18195,11896,7059
,,,,6749,18195,11896,7059
,,,,6750,18195,11896,7059
,,,,6751,18195,11896,7059
,,,,6752,18195,11896,7059
,,,,6753,18195,11896,7059
,,,,6754,18195,11896,7059
,,,,6755,18195,11896,7059
,,,,6756,18195,11896,7059
,,,,6757,18195,11896,7059
,,,,6758,18195,11896,7059
,,,,6759,18195,11896,7059
,,,,6760,18195,11896,7059
,,,,6761,18195,11896,7059
,,,,6762,18195,11896,7059
,,,,6763,18195,11896,7059
,,,,6764,18195,11896,7059
,,,,6765,18195,11896,7059
,,,,6766,18195,11896,7059
,,,,6767,18195,11896,7059
,,,,6768,18195,11896,7059
,,,,6769,18195,11896,7059
,,,,6770,18195,11896,7059
,,,,6771,18195,11896,7059
,,,,6772,18195,11896,7059
,,,,6773,18195,11896,7059
,,,,6774,18195,11896,7059
,,,,6775,18195,11896,7059
,,,,6776,18195,11896,7059
,,,,6777,18195,11896,7059
,,,,6778,18195,11896,7059
,,,,6779,18195,11896,7059
,,,,6780,18195,11896,7059
,,,,6781,18195,11896,7059
,,,,6782,18195,11896,7059
,,,,6783,18195,11896,7059
,,,,6784,18195,11896,7059
,,,,6785,18195,11896,7059
,,,,6786,18195,11896,7059
,,,,6787,18195,11896,7059
,,,,6788,18195,11896,7059
,,,,6789,18195,11896,7059
,,,,6790,18195,11896,7059
,,,,6791,18195,11896,7059
,,,,6792,18195,11896,7059
,,,,6793,18195,11896,7059
,,,,6794,18195,11896,7059
,,,,6795,18195,11896,7059
,,,,6796,18195,11896,7059
,,,,6797,18195,11896,7059
,,,,6798,18195,11896,7059
,,,,6799,18195,11896,7059
,,,,6800,18195,11896,7059
,,,,6801,18195,11896,7059
,,,,6802,18195,11896,7059
,,,,6803,18195,11896,7059
,,,,6804,18195,11896,7059
,,,,6805,18195,11896,7059
,,,,6806,18195,11896,7059
,,,,6807,18195,11896,7059
,,,,6808,18195,11896,7059
,,,,6809,18195,11896,7059
,,,,6810,18195,11896,7059
,,,,6811,18195,11896,7059
,,,,6812,18195,11896,7059
,,,,6813,18195,11896,7059
,,,,6814,18195,11896,7059
,,,,6815,18195,11896,7059
,,,,6816,18195,11896,7059
,,,,6817,18195,11896,7059
,,,,6818,18195,11896,7059
,,,,6819,18195,11896,7059
,,,,6820,18195,11896,7059
,,,,6821,18195,11896,7059
,,,,6822,18195,11896,7059
,,,,6823,18195,11896,7059
,,,,6824,18195,11896,7059
,,,,6825,18195,11896,7059
,,,,6826,18195,11896,7059
,,,,6827,18195,11896,7059
,,,,6828,18195,11896,7059
,,,,6829,18195,11896,7059
,,,,6830,18195,11896,7059
,,,,6831,18195,11896,7059
,,,,6832,18195,11896,7059
,,,,6833,18195,11896,7059
,,,,6834,18195,11896,7059
,,,,6835,18195,11896,7059
,,,,6836,18195,11896,7059
,,,,6837,18195,11896,7059
,,,,6838,18195,11896,7059
,,,,6839,18195,11896,7059
,,,,6840,18195,11896,7059
,,,,6841,18195,11896,7059
,,,,6842,18195,11896,7059
,,,,6843,18195,11896,7059
,,,,6844,18195,11896,7059
,,,,6845,18195,11896,7059
,,,,6846,18195,11896,7059
,,,,6847,18195,11896,7059
,,,,6848,18195,11896,7059
,,,,6849,18195,11896,7059
,,,,6850,18195,11896,7059
,,,,6851,18195,11896,7059
,,,,6852,18195,11896,7059
,,,,6853,18195,11896,7059
,,,,6854,18195,11896,7059
,,,,6855,18195,11896,7059
,,,,6856,18195,11896,7059
,,,,6857,18195,11896,7059
,,,,6858,18195,11896,7059
,,,,6859,18195,11896,7059
,,,,6860,18195,11896,7059
,,,,6861,18195,11896,7059
,,,,6862,18195,11896,7059
,,,,6863,18195,11896,7059
,,,,6864,18195,11896,7059
,,,,6865,18195,11896,7059
,,,,6866,18195,11896,7059
,,,,6867,18195,11896,7059
,,,,6868,18195,11896,7059
,,,,6869,18195,11896,7059
,,,,6870,18195,11896,7059
,,,,6871,18195,11896,7059
,,,,6872,18195,11896,7059
,,,,6873,18195,11896,7059
,,,,6874,18195,11896,7059
,,,,6875,18195,11896,7059
,,,,6876,18195,11896,7059
,,,,6877,18195,11896,7059
,,,,6878,18195,11896,7059
,,,,6879,18195,11896,7059
,,,,6880,18195,11896,7059
,,,,6881,18195,11896,7059
,,,,6882,18195,11896,7059
,,,,6883,18195,11896,7059
,,,,6884,18195,11896,7059
,,,,6885,18195,11896,7059
,,,,6886,18195,11896,7059
,,,,6887,18195,11896,7059
,,,,6888,18195,11896,7059
,,,,6889,18195,11896,7059
,,,,6890,18195,11896,7059
,,,,6891,18195,11896,7059
,,,,6892,18195,11896,7059
,,,,6893,18195,11896,7059
,,,,6894,18195,11896,7059
,,,,6895,18195,11896,7059
,,,,6896,18195,11896,7059
,,,,6897,18195,11896,7059
,,,,6898,18195,11896,7059
,,,,6899,18195,11896,7059
,,,,6900,18195,11896,7059
,,,,6901,18195,11896,7059
,,,,6902,18195,11896,7059
,,,,6903,18195,11896,7059
,,,,6904,18195,11896,7059
,,,,6905,18195,11896,7059
,,,,6906,18195,11896,7059
,,,,6907,18195,11896,7059
,,,,6908,18195,11896,7059
,,,,6909,18195,11896,7059
,,,,6910,18195,11896,7059
,,,,6911,18195,11896,7059
,,,,6912,18195,11896,7059
,,,,6913,18195,11896,7059
,,,,6914,18195,11896,7059
,,,,6915,18195,11896,7059
,,,,6916,18195,11896,7059
,,,,6917,18195,11896,7059
,,,,6918,18195,11896,7059
,,,,6919,18195,11896,7059
,,,,6920,18195,11896,7059
,,,,6921,18195,11896,7059
,,,,6922,18195,11896,7059
,,,,6923,18195,11896,7059
,,,,6924,18195,11896,7059
,,,,6925,18195,11896,7059
,,,,6926,18195,11896,7059
,,,,6927,18195,11896,7059
,,,,6928,18195,11896,7059
,,,,6929,18195,11896,7059
,,,,6930,18195,11896,7059
,,,,6931,18195,11896,7059
,,,,6932,18195,11896,7059
,,,,6933,18195,11896,7059
,,,,6934,18195,11896,7059
,,,,6935,18195,11896,7059
,,,,6936,18195,11896,7059
,,,,6937,18195,11896,7059
,,,,6938,18195,11896,7059
,,,,6939,18195,11896,7059
,,,,6940,18195,11896,7059
,,,,6941,18195,11896,7059
,,,,6942,18195,11896,7059
,,,,6943,18195,11896,7059
,,,,6944,18195,11896,7059
,,,,6945,18195,11896,7059
,,,,6946,18195,11896,7059
,,,,6947,18195,11896,7059
,,,,6948,18195,11896,7059
,,,,6949,18195,11896,7059
,,,,6950,18195,11896,7059
,,,,6951,18195,11896,7059
,,,,6952,18195,11896,7059
,,,,6953,18195,11896,7059
,,,,6954,18195,11896,7059
,,,,6955,18195,11896,7059
,,,,6956,18195,11896,7059
,,,,6957,18195,11896,7059
,,,,6958,18195,11896,7059
,,,,6959,18195,11896,7059
,,,,6960,18195,11896,7059
,,,,6961,18195,11896,7059
,,,,6962,18195,11896,7059
,,,,6963,18195,11896,7059
,,,,6964,18195,11896,7059
,,,,6965,18195,11896,7059
,,,,6966,18195,11896,7059
,,,,6967,18195,11896,7059
,,,,6968,18195,11896,7059
,,,,6969,18195,11896,7059
,,,,6970,18195,11896,7059
,,,,6971,18195,11896,7059
,,,,6972,18195,11896,7059
,,,,6973,18195,11896,7059
,,,,6974,18195,11896,7059
,,,,6975,18195,11896,7059
,,,,6976,18195,11896,7059
,,,,6977,18195,11896,7059
,,,,6978,18195,11896,7059
,,,,6979,18195,11896,7059
,,,,6980,18195,11896,7059
,,,,6981,18195,11896,7059
,,,,6982,18195,11896,7059
,,,,6983,18195,11896,7059
,,,,6984,18195,11896,7059
,,,,6985,18195,11896,7059
,,,,6986,18195,11896,7059
,,,,6987,18195,11896,7059
,,,,6988,18195,11896,7059
,,,,6989,18195,11896,7059
,,,,6990,18195,11896,7059
,,,,6991,18195,11896,7059
,,,,6992,18195,11896,7059
,,,,6993,18195,11896,7059
,,,,6994,18195,11896,7059
,,,,6995,18195,11896,7059
,,,,6996,18195,11896,7059
,,,,6997,18195,11896,7059
,,,,6998,18195,11896,7059
,,,,6999,18195,11896,7059
,,,,7000,18195,11896,7059
,,,,7001,18195,11896,7059
,,,,7002,18195,11896,7059
,,,,7003,18195,11896,7059
,,,,7004,18195,11896,7059
,,,,7005,18195,11896,7059
,,,,7006,18195,11896,7059
,,,,7007,18195,11896,7059
,,,,7008,18195,11896,7059
,,,,7009,18195,11896,7059
,,,,7010,18195,11896,7059
,,,,7011,18195,11896,7059
,,,,7012,18195,11896,7059
,,,,7013,18195,11896,7059
,,,,7014,18195,11896,7059
,,,,7015,18195,11896,7059
,,,,7016,18195,11896,7059
,,,,7017,18195,11896,7059
,,,,7018,18195,11896,7059
,,,,7019,18195,11896,7059
,,,,7020,18195,11896,7059
,,,,7021,18195,11896,7059
,,,,7022,18195,11896,7059
,,,,7023,18195,11896,7059
,,,,7024,18195,11896,7059
,,,,7025,18195,11896,7059
,,,,7026,18195,11896,7059
,,,,7027,18195,11896,7059
,,,,7028,18195,11896,7059
,,,,7029,18195,11896,7059
,,,,7030,18195,11896,7059
,,,,7031,18195,11896,7059
,,,,7032,18195,11896,7059
,,,,7033,18195,11896,7059
,,,,7034,18195,11896,7059
,,,,7035,18195,11896,7059
,,,,7036,18195,11896,7059
,,,,7037,18195,11896,7059
,,,,7038,18195,11896,7059
,,,,7039,18195,11896,7059
,,,,7040,18195,11896,7059
,,,,7041,18195,11896,7059
,,,,7042,18195,11896,7059
,,,,7043,18195,11896,7059
,,,,7044,18195,11896,7059
,,,,7045,18195,11896,7059
,,,,7046,18195,11896,7059
,,,,7047,18195,11896,7059
,,,,7048,18195,11896,7059
,,,,7049,18195,11896,7059
,,,,7050,18195,11896,7059
,,,,7051,18195,11896,7059
,,,,7052,18195,11896,7059
,,,,7053,18195,11896,7059
,,,,7054,18195,11896,7059
,,,,7055,18195,11896,7059
,,,,7056,18195,11896,7059
,,,,7057,18195,11896,7059
,,,,7058,18195,11896,7059
,,,,7059,18195,11896,7059
,,,,7060,18195,11896,7059
,,,,7061,18195,11896,7059
,,,,7062,18195,11896,7059
,,,,7063,18195,11896,7059
,,,,7064,18195,11896,7059
,,,,7065,18195,11896,7059
,,,,7066,18195,11896,7059
,,,,7067,18195,11896,7059
,,,,7068,18195,11896,7059
,,,,7069,18195,11896,7059
,,,,7070,18195,11896,7059
,,,,7071,18195,11896,7059
,,,,7072,18195,11896,7059
,,,,7073,18195,11896,7059
,,,,7074,18195,11896,7059
,,,,7075,18195,11896,7059
,,,,7076,18195,11896,7059
,,,,7077,18195,11896,7059
,,,,7078,18195,11896,7059
,,,,7079,18195,11896,7059
,,,,7080,18195,11896,7059
,,,,7081,18195,11896,7059
,,,,7082,18195,11896,7059
,,,,7083,18195,11896,7059
,,,,7084,18195,11896,7059
,,,,7085,18195,11896,7059
,,,,7086,18195,11896,7059
,,,,7087,18195,11896,7059
,,,,7088,18195,11896,7059
,,,,7089,18195,11896,7059
,,,,7090,18195,11896,7059
,,,,7091,18195,11896,7059
,,,,7092,18195,11896,7059
,,,,7093,18195,11896,7059
,,,,7094,18195,11896,7059
,,,,7095,18195,11896,7059
,,,,7096,18195,11896,7059
,,,,7097,18195,11896,7059
,,,,7098,18195,11896,7059
,,,,7099,18195,11896,7059
,,,,7100,18195,11896,7059
,,,,7101,18195,11896,7059
,,,,7102,18195,11896,7059
,,,,7103,18195,11896,7059
,,,,7104,18195,11896,7059
,,,,7105,18195,11896,7059
,,,,7106,18195,11896,7059
,,,,7107,18195,11896,7059
,,,,7108,18195,11896,7059
,,,,7109,18195,11896,7059
,,,,7110,18195,11896,7059
,,,,7111,18195,11896,7059
,,,,7112,18195,11896,7059
,,,,7113,18195,11896,7059
,,,,7114,18195,11896,7059
,,,,7115,18195,11896,7059
,,,,7116,18195,11896,7059
,,,,7117,18195,11896,7059
,,,,7118,18195,11896,7059
,,,,7119,18195,11896,7059
,,,,7120,18195,11896,7059
,,,,7121,18195,11896,7059
,,,,7122,18195,11896,7059
,,,,7123,18195,11896,7059
,,,,7124,18195,11896,7059
,,,,7125,18195,11896,7059
,,,,7126,18195,11896,7059
,,,,7127,18195,11896,7059
,,,,7128,18195,11896,7059
,,,,7129,18195,11896,7059
,,,,7130,18195,11896,7059
,,,,7131,18195,11896,7059
,,,,7132,18195,11896,7059
,,,,7133,18195,11896,7059
,,,,7134,18195,11896,7059
,,,,7135,18195,11896,7059
,,,,7136,18195,11896,7059
,,,,7137,18195,11896,7059
,,,,7138,18195,11896,7059
,,,,7139,18195,11896,7059
,,,,7140,18195,11896,7059
,,,,7141,18195,11896,7059
,,,,7142,18195,11896,7059
,,,,7143,18195,11896,7059
,,,,7144,18195,11896,7059
,,,,7145,18195,11896,7059
,,,,7146,18195,11896,7059
,,,,7147,18195,11896,7059
,,,,7148,18195,11896,7059
,,,,7149,18195,11896,7059
,,,,7150,18195,11896,7059
,,,,7151,18195,11896,7059
,,,,7152,18195,11896,7059
,,,,7153,18195,11896,7059
,,,,7154,18195,11896,7059
,,,,7155,18195,11896,7059
,,,,7156,18195,11896,7059
,,,,7157,18195,11896,7059
,,,,7158,18195,11896,7059
,,,,7159,18195,11896,7059
,,,,7160,18195,11896,7059
,,,,7161,18195,11896,7059
,,,,7162,18195,11896,7059
,,,,7163,18195,11896,7059
,,,,7164,18195,11896,7059
,,,,7165,18195,11896,7059
,,,,7166,18195,11896,7059
,,,,7167,18195,11896,7059
,,,,7168,18195,11896,7059
,,,,7169,18195,11896,7059
,,,,7170,18195,11896,7059
,,,,7171,18195,11896,7059
,,,,7172,18195,11896,7059
,,,,7173,18195,11896,7059
,,,,7174,18195,11896,7059
,,,,7175,18195,11896,7059
,,,,7176,18195,11896,7059
,,,,7177,18195,11896,7059
,,,,7178,18195,11896,7059
,,,,7179,18195,11896,7059
,,,,7180,18195,11896,7059
,,,,7181,18195,11896,7059
,,,,7182,18195,11896,7059
,,,,7183,18195,11896,7059
,,,,7184,18195,11896,7059
,,,,7185,18195,11896,7059
,,,,7186,18195,11896,7059
,,,,7187,18195,11896,7059
,,,,7188,18195,11896,7059
,,,,7189,18195,11896,7059
,,,,7190,18195,11896,7059
,,,,7191,18195,11896,7059
,,,,7192,18195,11896,7059
,,,,7193,18195,11896,7059
,,,,7194,18195,11896,7059
,,,,7195,18195,11896,7059
,,,,7196,18195,11896,7059
,,,,7197,18195,11896,7059
,,,,7198,18195,11896,7059
,,,,7199,18195,11896,7059
,,,,7200,18195,11896,7059
,,,,7201,18195,11896,7059
,,,,7202,18195,11896,7059
,,,,7203,18195,11896,7059
,,,,7204,18195,11896,7059
,,,,7205,18195,11896,7059
,,,,7206,18195,11896,7059
,,,,7207,18195,11896,7059
,,,,7208,18195,11896,7059
,,,,7209,18195,11896,7059
,,,,7210,18195,11896,7059
,,,,7211,18195,11896,7059
,,,,7212,18195,11896,7059
,,,,7213,18195,11896,7059
,,,,7214,18195,11896,7059
,,,,7215,18195,11896,7059
,,,,7216,18195,11896,7059
,,,,7217,18195,11896,7059
,,,,7218,18195,11896,7059
,,,,7219,18195,11896,7059
,,,,7220,18195,11896,7059
,,,,7221,18195,11896,7059
,,,,7222,18195,11896,7059
,,,,7223,18195,11896,7059
,,,,7224,18195,11896,7059
,,,,7225,18195,11896,7059
,,,,7226,18195,11896,7059
,,,,7227,18195,11896,7059
,,,,7228,18195,11896,7059
,,,,7229,18195,11896,7059
,,,,7230,18195,11896,7059
,,,,7231,18195,11896,7059
,,,,7232,18195,11896,7059
,,,,7233,18195,11896,7059
,,,,7234,18195,11896,7059
,,,,7235,18195,11896,7059
,,,,7236,18195,11896,7059
,,,,7237,18195,11896,7059
,,,,7238,18195,11896,7059
,,,,7239,18195,11896,7059
,,,,7240,18195,11896,7059
,,,,7241,18195,11896,7059
,,,,7242,18195,11896,7059
,,,,7243,18195,11896,7059
,,,,7244,18195,11896,7059
,,,,7245,18195,11896,7059
,,,,7246,18195,11896,7059
,,,,7247,18195,11896,7059
,,,,7248,18195,11896,7059
,,,,7249,18195,11896,7059
,,,,7250,18195,11896,7059
,,,,7251,18195,11896,7059
,,,,7252,18195,11896,7059
,,,,7253,18195,11896,7059
,,,,7254,18195,11896,7059
,,,,7255,18195,11896,7059
,,,,7256,18195,11896,7059
,,,,7257,18195,11896,7059
,,,,7258,18195,11896,7059
,,,,7259,18195,11896,7059
,,,,7260,18195,11896,7059
,,,,7261,18195,11896,7059
,,,,7262,18195,11896,7059
,,,,7263,18195,11896,7059
,,,,7264,18195,11896,7059
,,,,7265,18195,11896,7059
,,,,7266,18195,11896,7059
,,,,7267,18195,11896,7059
,,,,7268,18195,11896,7059
,,,,7269,18195,11896,7059
,,,,7270,18195,11896,7059
,,,,7271,18195,11896,7059
,,,,7272,18195,11896,7059
,,,,7273,18195,11896,7059
,,,,7274,18195,11896,7059
,,,,7275,18195,11896,7059
,,,,7276,18195,11896,7059
,,,,7277,18195,11896,7059
,,,,7278,18195,11896,7059
,,,,7279,18195,11896,7059
,,,,7280,18195,11896,7059
,,,,7281,18195,11896,7059
,,,,7282,18195,11896,7059
,,,,7283,18195,11896,7059
,,,,7284,18195,11896,7059
,,,,7285,18195,11896,7059
,,,,7286,18195,11896,7059
,,,,7287,18195,11896,7059
,,,,7288,18195,11896,7059
,,,,7289,18195,11896,7059
,,,,7290,18195,11896,7059
,,,,7291,18195,11896,7059
,,,,7292,18195,11896,7059
,,,,7293,18195,11896,7059
,,,,7294,18195,11896,7059
,,,,7295,18195,11896,7059
,,,,7296,18195,11896,7059
,,,,7297,18195,11896,7059
,,,,7298,18195,11896,7059
,,,,7299,18195,11896,7059
,,,,7300,18195,11896,7059
,,,,7301,18195,11896,7059
,,,,7302,18195,11896,7059
,,,,7303,18195,11896,7059
,,,,7304,18195,11896,7059
,,,,7305,18195,11896,7059
,,,,7306,18195,11896,7059
,,,,7307,18195,11896,7059
,,,,7308,18195,11896,7059
,,,,7309,18195,11896,7059
,,,,7310,18195,11896,7059
,,,,7311,18195,11896,7059
,,,,7312,18195,11896,7059
,,,,7313,18195,11896,7059
,,,,7314,18195,11896,7059
,,,,7315,18195,11896,7059
,,,,7316,18195,11896,7059
,,,,7317,18195,11896,7059
,,,,7318,18195,11896,7059
,,,,7319,18195,11896,7059
,,,,7320,18195,11896,7059
,,,,7321,18195,11896,7059
,,,,7322,18195,11896,7059
,,,,7323,18195,11896,7059
,,,,7324,18195,11896,7059
,,,,7325,18195,11896,7059
,,,,7326,18195,11896,7059
,,,,7327,18195,11896,7059
,,,,7328,18195,11896,7059
,,,,7329,18195,11896,7059
,,,,7330,18195,11896,7059
,,,,7331,18195,11896,7059
,,,,7332,18195,11896,7059
,,,,7333,18195,11896,7059
,,,,7334,18195,11896,7059
,,,,7335,18195,11896,7059
,,,,7336,18195,11896,7059
,,,,7337,18195,11896,7059
,,,,7338,18195,11896,7059
,,,,7339,18195,11896,7059
,,,,7340,18195,11896,7059
,,,,7341,18195,11896,7059
,,,,7342,18195,11896,7059
,,,,7343,18195,11896,7059
,,,,7344,18195,11896,7059
,,,,7345,18195,11896,7059
,,,,7346,18195,11896,7059
,,,,7347,18195,11896,7059
,,,,7348,18195,11896,7059
,,,,7349,18195,11896,7059
,,,,7350,18195,11896,7059
,,,,7351,18195,11896,7059
,,,,7352,18195,11896,7059
,,,,7353,18195,11896,7059
,,,,7354,18195,11896,7059
,,,,7355,18195,11896,7059
,,,,7356,18195,11896,7059
,,,,7357,18195,11896,7059
,,,,7358,18195,11896,7059
,,,,7359,18195,11896,7059
,,,,7360,18195,11896,7059
,,,,7361,18195,11896,7059
,,,,7362,18195,11896,7059
,,,,7363,18195,11896,7059
,,,,7364,18195,11896,7059
,,,,7365,18195,11896,7059
,,,,7366,18195,11896,7059
,,,,7367,18195,11896,7059
,,,,7368,18195,11896,7059
,,,,7369,18195,11896,7059
,,,,7370,18195,11896,7059
,,,,7371,18195,11896,7059
,,,,7372,18195,11896,7059
,,,,7373,18195,11896,7059
,,,,7374,18195,11896,7059
,,,,7375,18195,11896,7059
,,,,7376,18195,11896,7059
,,,,7377,18195,11896,7059
,,,,7378,18195,11896,7059
,,,,7379,18195,11896,7059
,,,,7380,18195,11896,7059
,,,,7381,18195,11896,7059
,,,,7382,18195,11896,7059
,,,,7383,18195,11896,7059
,,,,7384,18195,11896,7059
,,,,7385,18195,11896,7059
,,,,7386,18195,11896,7059
,,,,7387,18195,11896,7059
,,,,7388,18195,11896,7059
,,,,7389,18195,11896,7059
,,,,7390,18195,11896,7059
,,,,7391,18195,11896,7059
,,,,7392,18195,11896,7059
,,,,7393,18195,11896,7059
,,,,7394,18195,11896,7059
,,,,7395,18195,11896,7059
,,,,7396,18195,11896,7059
,,,,7397,18195,11896,7059
,,,,7398,18195,11896,7059
,,,,7399,18195,11896,7059
,,,,7400,18195,11896,7059
,,,,7401,18195,11896,7059
,,,,7402,18195,11896,7059
,,,,7403,18195,11896,7059
,,,,7404,18195,11896,7059
,,,,7405,18195,11896,7059
,,,,7406,18195,11896,7059
,,,,7407,18195,11896,7059
,,,,7408,18195,11896,7059
,,,,7409,18195,11896,7059
,,,,7410,18195,11896,7059
,,,,7411,18195,11896,7059
,,,,7412,18195,11896,7059
,,,,7413,18195,11896,7059
,,,,7414,18195,11896,7059
,,,,7415,18195,11896,7059
,,,,7416,18195,11896,7059
,,,,7417,18195,11896,7059
,,,,7418,18195,11896,7059
,,,,7419,18195,11896,7059
,,,,7420,18195,11896,7059
,,,,7421,18195,11896,7059
,,,,7422,18195,11896,7059
,,,,7423,18195,11896,7059
,,,,7424,18195,11896,7059
,,,,7425,18195,11896,7059
,,,,7426,18195,11896,7059
,,,,7427,18195,11896,7059
,,,,7428,18195,11896,7059
,,,,7429,18195,11896,7059
,,,,7430,18195,11896,7059
,,,,7431,18195,11896,7059
,,,,7432,18195,11896,7059
,,,,7433,18195,11896,7059
,,,,7434,18195,11896,7059
,,,,7435,18195,11896,7059
,,,,7436,18195,11896,7059
,,,,7437,18195,11896,7059
,,,,7438,18195,11896,7059
,,,,7439,18195,11896,7059
,,,,7440,18195,11896,7059
,,,,7441,18195,11896,7059
,,,,7442,18195,11896,7059
,,,,7443,18195,11896,7059
,,,,7444,18195,11896,7059
,,,,7445,18195,11896,7059
,,,,7446,18195,11896,7059
,,,,7447,18195,11896,7059
,,,,7448,18195,11896,7059
,,,,7449,18195,11896,7059
,,,,7450,18195,11896,7059
,,,,7451,18195,11896,7059
,,,,7452,18195,11896,7059
,,,,7453,18195,11896,7059
,,,,7454,18195,11896,7059
,,,,7455,18195,11896,7059
,,,,7456,18195,11896,7059
,,,,7457,18195,11896,7059
,,,,7458,18195,11896,7059
,,,,7459,18195,11896,7059
,,,,7460,18195,11896,7059
,,,,7461,18195,11896,7059
,,,,7462,18195,11896,7059
,,,,7463,18195,11896,7059
,,,,7464,18195,11896,7059
,,,,7465,18195,11896,7059
,,,,7466,18195,11896,7059
,,,,7467,18195,11896,7059
,,,,7468,18195,11896,7059
,,,,7469,18195,11896,7059
,,,,7470,18195,11896,7059
,,,,7471,18195,11896,7059
,,,,7472,18195,11896,7059
,,,,7473,18195,11896,7059
,,,,7474,18195,11896,7059
,,,,7475,18195,11896,7059
,,,,7476,18195,11896,7059
,,,,7477,18195,11896,7059
,,,,7478,18195,11896,7059
,,,,7479,18195,11896,7059
,,,,7480,18195,11896,7059
,,,,7481,18195,11896,7059
,,,,7482,18195,11896,7059
,,,,7483,18195,11896,7059
,,,,7484,18195,11896,7059
,,,,7485,18195,11896,7059
,,,,7486,18195,11896,7059
,,,,7487,18195,11896,7059
,,,,7488,18195,11896,7059
,,,,7489,18195,11896,7059
,,,,7490,18195,11896,7059
,,,,7491,18195,11896,7059
,,,,7492,18195,11896,7059
,,,,7493,18195,11896,7059
,,,,7494,18195,11896,7059
,,,,7495,18195,11896,7059
,,,,7496,18195,11896,7059
,,,,7497,18195,11896,7059
,,,,7498,18195,11896,7059
,,,,7499,18195,11896,7059
,,,,7500,18195,11896,7059
,,,,7501,18195,11896,7059
,,,,7502,18195,11896,7059
,,,,7503,18195,11896,7059
,,,,7504,18195,11896,7059
,,,,7505,18195,11896,7059
,,,,7506,18195,11896,7059
,,,,7507,18195,11896,7059
,,,,7508,18195,11896,7059
,,,,7509,18195,11896,7059
,,,,7510,18195,11896,7059
,,,,7511,18195,11896,7059
,,,,7512,18195,11896,7059
,,,,7513,18195,11896,7059
,,,,7514,18195,11896,7059
,,,,7515,18195,11896,7059
,,,,7516,18195,11896,7059
,,,,7517,18195,11896,7059
,,,,7518,18195,11896,7059
,,,,7519,18195,11896,7059
,,,,7520,18195,11896,7059
,,,,7521,18195,11896,7059
,,,,7522,18195,11896,7059
,,,,7523,18195,11896,7059
,,,,7524,18195,11896,7059
,,,,7525,18195,11896,7059
,,,,7526,18195,11896,7059
,,,,7527,18195,11896,7059
,,,,7528,18195,11896,7059
,,,,7529,18195,11896,7059
,,,,7530,18195,11896,7059
,,,,7531,18195,11896,7059
,,,,7532,18195,11896,7059
,,,,7533,18195,11896,7059
,,,,7534,18195,11896,7059
,,,,7535,18195,11896,7059
,,,,7536,18195,11896,7059
,,,,7537,18195,11896,7059
,,,,7538,18195,11896,7059
,,,,7539,18195,11896,7059
,,,,7540,18195,11896,7059
,,,,7541,18195,11896,7059
,,,,7542,18195,11896,7059
,,,,7543,18195,11896,7059
,,,,7544,18195,11896,7059
,,,,7545,18195,11896,7059
,,,,7546,18195,11896,7059
,,,,7547,18195,11896,7059
,,,,7548,18195,11896,7059
,,,,7549,18195,11896,7059
,,,,7550,18195,11896,7059
,,,,7551,18195,11896,7059
,,,,7552,18195,11896,7059
,,,,7553,18195,11896,7059
,,,,7554,18195,11896,7059
,,,,7555,18195,11896,7059
,,,,7556,18195,11896,7059
,,,,7557,18195,11896,7059
,,,,7558,18195,11896,7059
,,,,7559,18195,11896,7059
,,,,7560,18195,11896,7059
,,,,7561,18195,11896,7059
,,,,7562,18195,11896,7059
,,,,7563,18195,11896,7059
,,,,7564,18195,11896,7059
,,,,7565,18195,11896,7059
,,,,7566,18195,11896,7059
,,,,7567,18195,11896,7059
,,,,7568,18195,11896,7059
,,,,7569,18195,11896,7059
,,,,7570,18195,11896,7059
,,,,7571,18195,11896,7059
,,,,7572,18195,11896,7059
,,,,7573,18195,11896,7059
,,,,7574,18195,11896,7059
,,,,7575,18195,11896,7059
,,,,7576,18195,11896,7059
,,,,7577,18195,11896,7059
,,,,7578,18195,11896,7059
,,,,7579,18195,11896,7059
,,,,7580,18195,11896,7059
,,,,7581,18195,11896,7059
,,,,7582,18195,11896,7059
,,,,7583,18195,11896,7059
,,,,7584,18195,11896,7059
,,,,7585,18195,11896,7059
,,,,7586,18195,11896,7059
,,,,7587,18195,11896,7059
,,,,7588,18195,11896,7059
,,,,7589,18195,11896,7059
,,,,7590,18195,11896,7059
,,,,7591,18195,11896,7059
,,,,7592,18195,11896,7059
,,,,7593,18195,11896,7059
,,,,7594,18195,11896,7059
,,,,7595,18195,11896,7059
,,,,7596,18195,11896,7059
,,,,7597,18195,11896,7059
,,,,7598,18195,11896,7059
,,,,7599,18195,11896,7059
,,,,7600,18195,11896,7059
,,,,7601,18195,11896,7059
,,,,7602,18195,11896,7059
,,,,7603,18195,11896,7059
,,,,7604,18195,11896,7059
,,,,7605,18195,11896,7059
,,,,7606,18195,11896,7059
,,,,7607,18195,11896,7059
,,,,7608,18195,11896,7059
,,,,7609,18195,11896,7059
,,,,7610,18195,11896,7059
,,,,7611,18195,11896,7059
,,,,7612,18195,11896,7059
,,,,7613,18195,11896,7059
,,,,7614,18195,11896,7059
,,,,7615,18195,11896,7059
,,,,7616,18195,11896,7059
,,,,7617,18195,11896,7059
,,,,7618,18195,11896,7059
,,,,7619,18195,11896,7059
,,,,7620,18195,11896,7059
,,,,7621,18195,11896,7059
,,,,7622,18195,11896,7059
,,,,7623,18195,11896,7059
,,,,7624,18195,11896,7059
,,,,7625,18195,11896,7059
,,,,7626,18195,11896,7059
,,,,7627,18195,11896,7059
,,,,7628,18195,11896,7059
,,,,7629,18195,11896,7059
,,,,7630,18195,11896,7059
,,,,7631,18195,11896,7059
,,,,7632,18195,11896,7059
,,,,7633,18195,11896,7059
,,,,7634,18195,11896,7059
,,,,7635,18195,11896,7059
,,,,7636,18195,11896,7059
,,,,7637,18195,11896,7059
,,,,7638,18195,11896,7059
,,,,7639,18195,11896,7059
,,,,7640,18195,11896,7059
,,,,7641,18195,11896,7059
,,,,7642,18195,11896,7059
,,,,7643,18195,11896,7059
,,,,7644,18195,11896,7059
,,,,7645,18195,11896,7059
,,,,7646,18195,11896,7059
,,,,7647,18195,11896,7059
,,,,7648,18195,11896,7059
,,,,7649,18195,11896,7059
,,,,7650,18195,11896,7059
,,,,7651,18195,11896,7059
,,,,7652,18195,11896,7059
,,,,7653,18195,11896,7059
,,,,7654,18195,11896,7059
,,,,7655,18195,11896,7059
,,,,7656,18195,11896,7059
,,,,7657,18195,11896,7059
,,,,7658,18195,11896,7059
,,,,7659,18195,11896,7059
,,,,7660,18195,11896,7059
,,,,7661,18195,11896,7059
,,,,7662,18195,11896,7059
,,,,7663,18195,11896,7059
,,,,7664,18195,11896,7059
,,,,7665,18195,11896,7059
,,,,7666,18195,11896,7059
,,,,7667,18195,11896,7059
,,,,7668,18195,11896,7059
,,,,7669,18195,11896,7059
,,,,7670,18195,11896,7059
,,,,7671,18195,11896,7059
,,,,7672,18195,11896,7059
,,,,7673,18195,11896,7059
,,,,7674,18195,11896,7059
,,,,7675,18195,11896,7059
,,,,7676,18195,11896,7059
,,,,7677,18195,11896,7059
,,,,7678,18195,11896,7059
,,,,7679,18195,11896,7059
,,,,7680,18195,11896,7059
,,,,7681,18195,11896,7059
,,,,7682,18195,11896,7059
,,,,7683,18195,11896,7059
,,,,7684,18195,11896,7059
,,,,7685,18195,11896,7059
,,,,7686,18195,11896,7059
,,,,7687,18195,11896,7059
,,,,7688,18195,11896,7059
,,,,7689,18195,11896,7059
,,,,7690,18195,11896,7059
,,,,7691,18195,11896,7059
,,,,7692,18195,11896,7059
,,,,7693,18195,11896,7059
,,,,7694,18195,11896,7059
,,,,7695,18195,11896,7059
,,,,7696,18195,11896,7059
,,,,7697,18195,11896,7059
,,,,7698,18195,11896,7059
,,,,7699,18195,11896,7059
,,,,7700,18195,11896,7059
,,,,7701,18195,11896,7059
,,,,7702,18195,11896,7059
,,,,7703,18195,11896,7059
,,,,7704,18195,11896,7059
,,,,7705,18195,11896,7059
,,,,7706,18195,11896,7059
,,,,7707,18195,11896,7059
,,,,7708,18195,11896,7059
,,,,7709,18195,11896,7059
,,,,7710,18195,11896,7059
,,,,7711,18195,11896,7059
,,,,7712,18195,11896,7059
,,,,7713,18195,11896,7059
,,,,7714,18195,11896,7059
,,,,7715,18195,11896,7059
,,,,7716,18195,11896,7059
,,,,7717,18195,11896,7059
,,,,7718,18195,11896,7059
,,,,7719,18195,11896,7059
,,,,7720,18195,11896,7059
,,,,7721,18195,11896,7059
,,,,7722,18195,11896,7059
,,,,7723,18195,11896,7059
,,,,7724,18195,11896,7059
,,,,7725,18195,11896,7059
,,,,7726,18195,11896,7059
,,,,7727,18195,11896,7059
,,,,7728,18195,11896,7059
,,,,7729,18195,11896,7059
,,,,7730,18195,11896,7059
,,,,7731,18195,11896,7059
,,,,7732,18195,11896,7059
,,,,7733,18195,11896,7059
,,,,7734,18195,11896,7059
,,,,7735,18195,11896,7059
,,,,7736,18195,11896,7059
,,,,7737,18195,11896,7059
,,,,7738,18195,11896,7059
,,,,7739,18195,11896,7059
,,,,7740,18195,11896,7059
,,,,7741,18195,11896,7059
,,,,7742,18195,11896,7059
,,,,7743,18195,11896,7059
,,,,7744,18195,11896,7059
,,,,7745,18195,11896,7059
,,,,7746,18195,11896,7059
,,,,7747,18195,11896,7059
,,,,7748,18195,11896,7059
,,,,7749,18195,11896,7059
,,,,7750,18195,11896,7059
,,,,7751,18195,11896,7059
,,,,7752,18195,11896,7059
,,,,7753,18195,11896,7059
,,,,7754,18195,11896,7059
,,,,7755,18195,11896,7059
,,,,7756,18195,11896,7059
,,,,7757,18195,11896,7059
,,,,7758,18195,11896,7059
,,,,7759,18195,11896,7059
,,,,7760,18195,11896,7059
,,,,7761,18195,11896,7059
,,,,7762,18195,11896,7059
,,,,7763,18195,11896,7059
,,,,7764,18195,11896,7059
,,,,7765,18195,11896,7059
,,,,7766,18195,11896,7059
,,,,7767,18195,11896,7059
,,,,7768,18195,11896,7059
,,,,7769,18195,11896,7059
,,,,7770,18195,11896,7059
,,,,7771,18195,11896,7059
,,,,7772,18195,11896,7059
,,,,7773,18195,11896,7059
,,,,7774,18195,11896,7059
,,,,7775,18195,11896,7059
,,,,7776,18195,11896,7059
,,,,7777,18195,11896,7059
,,,,7778,18195,11896,7059
,,,,7779,18195,11896,7059
,,,,7780,18195,11896,7059
,,,,7781,18195,11896,7059
,,,,7782,18195,11896,7059
,,,,7783,18195,11896,7059
,,,,7784,18195,11896,7059
,,,,7785,18195,11896,7059
,,,,7786,18195,11896,7059
,,,,7787,18195,11896,7059
,,,,7788,18195,11896,7059
,,,,7789,18195,11896,7059
,,,,7790,18195,11896,7059
,,,,7791,18195,11896,7059
,,,,7792,18195,11896,7059
,,,,7793,18195,11896,7059
,,,,7794,18195,11896,7059
,,,,7795,18195,11896,7059
,,,,7796,18195,11896,7059
,,,,7797,18195,11896,7059
,,,,7798,18195,11896,7059
,,,,7799,18195,11896,7059
,,,,7800,18195,11896,7059
,,,,7801,18195,11896,7059
,,,,7802,18195,11896,7059
,,,,7803,18195,11896,7059
,,,,7804,18195,11896,7059
,,,,7805,18195,11896,7059
,,,,7806,18195,11896,7059
,,,,7807,18195,11896,7059
,,,,7808,18195,11896,7059
,,,,7809,18195,11896,7059
,,,,7810,18195,11896,7059
,,,,7811,18195,11896,7059
,,,,7812,18195,11896,7059
,,,,7813,18195,11896,7059
,,,,7814,18195,11896,7059
,,,,7815,18195,11896,7059
,,,,7816,18195,11896,7059
,,,,7817,18195,11896,7059
,,,,7818,18195,11896,7059
,,,,7819,18195,11896,7059
,,,,7820,18195,11896,7059
,,,,7821,18195,11896,7059
,,,,7822,18195,11896,7059
,,,,7823,18195,11896,7059
,,,,7824,18195,11896,7059
,,,,7825,18195,11896,7059
,,,,7826,18195,11896,7059
,,,,7827,18195,11896,7059
,,,,7828,18195,11896,7059
,,,,7829,18195,11896,7059
,,,,7830,18195,11896,7059
,,,,7831,18195,11896,7059
,,,,7832,18195,11896,7059
,,,,7833,18195,11896,7059
,,,,7834,18195,11896,7059
,,,,7835,18195,11896,7059
,,,,7836,18195,11896,7059
,,,,7837,18195,11896,7059
,,,,7838,18195,11896,7059
,,,,7839,18195,11896,7059
,,,,7840,18195,11896,7059
,,,,7841,18195,11896,7059
,,,,7842,18195,11896,7059
,,,,7843,18195,11896,7059
,,,,7844,18195,11896,7059
,,,,7845,18195,11896,7059
,,,,7846,18195,11896,7059
,,,,7847,18195,11896,7059
,,,,7848,18195,11896,7059
,,,,7849,18195,11896,7059
,,,,7850,18195,11896,7059
,,,,7851,18195,11896,7059
,,,,7852,18195,11896,7059
,,,,7853,18195,11896,7059
,,,,7854,18195,11896,7059
,,,,7855,18195,11896,7059
,,,,7856,18195,11896,7059
,,,,7857,18195,11896,7059
,,,,7858,18195,11896,7059
,,,,7859,18195,11896,7059
,,,,7860,18195,11896,7059
,,,,7861,18195,11896,7059
,,,,7862,18195,11896,7059
,,,,7863,18195,11896,7059
,,,,7864,18195,11896,7059
,,,,7865,18195,11896,7059
,,,,7866,18195,11896,7059
,,,,7867,18195,11896,7059
,,,,7868,18195,11896,7059
,,,,7869,18195,11896,7059
,,,,7870,18195,11896,7059
,,,,7871,18195,11896,7059
,,,,7872,18195,11896,7059
,,,,7873,18195,11896,7059
,,,,7874,18195,11896,7059
,,,,7875,18195,11896,7059
,,,,7876,18195,11896,7059
,,,,7877,18195,11896,7059
,,,,7878,18195,11896,7059
,,,,7879,18195,11896,7059
,,,,7880,18195,11896,7059
,,,,7881,18195,11896,7059
,,,,7882,18195,11896,7059
,,,,7883,18195,11896,7059
,,,,7884,18195,11896,7059
,,,,7885,18195,11896,7059
,,,,7886,18195,11896,7059
,,,,7887,18195,11896,7059
,,,,7888,18195,11896,7059
,,,,7889,18195,11896,7059
,,,,7890,18195,11896,7059
,,,,7891,18195,11896,7059
,,,,7892,18195,11896,7059
,,,,7893,18195,11896,7059
,,,,7894,18195,11896,7059
,,,,7895,18195,11896,7059
,,,,7896,18195,11896,7059
,,,,7897,18195,11896,7059
,,,,7898,18195,11896,7059
,,,,7899,18195,11896,7059
,,,,7900,18195,11896,7059
,,,,7901,18195,11896,7059
,,,,7902,18195,11896,7059
,,,,7903,18195,11896,7059
,,,,7904,18195,11896,7059
,,,,7905,18195,11896,7059
,,,,7906,18195,11896,7059
,,,,7907,18195,11896,7059
,,,,7908,18195,11896,7059
,,,,7909,18195,11896,7059
,,,,7910,18195,11896,7059
,,,,7911,18195,11896,7059
,,,,7912,18195,11896,7059
,,,,7913,18195,11896,7059
,,,,7914,18195,11896,7059
,,,,7915,18195,11896,7059
,,,,7916,18195,11896,7059
,,,,7917,18195,11896,7059
,,,,7918,18195,11896,7059
,,,,7919,18195,11896,7059
,,,,7920,18195,11896,7059
,,,,7921,18195,11896,7059
,,,,7922,18195,11896,7059
,,,,7923,18195,11896,7059
,,,,7924,18195,11896,7059
,,,,7925,18195,11896,7059
,,,,7926,18195,11896,7059
,,,,7927,18195,11896,7059
,,,,7928,18195,11896,7059
,,,,7929,18195,11896,7059
,,,,7930,18195,11896,7059
,,,,7931,18195,11896,7059
,,,,7932,18195,11896,7059
,,,,7933,18195,11896,7059
,,,,7934,18195,11896,7059
,,,,7935,18195,11896,7059
,,,,7936,18195,11896,7059
,,,,7937,18195,11896,7059
,,,,7938,18195,11896,7059
,,,,7939,18195,11896,7059
,,,,7940,18195,11896,7059
,,,,7941,18195,11896,7059
,,,,7942,18195,11896,7059
,,,,7943,18195,11896,7059
,,,,7944,18195,11896,7059
,,,,7945,18195,11896,7059
,,,,7946,18195,11896,7059
,,,,7947,18195,11896,7059
,,,,7948,18195,11896,7059
,,,,7949,18195,11896,7059
,,,,7950,18195,11896,7059
,,,,7951,18195,11896,7059
,,,,7952,18195,11896,7059
,,,,7953,18195,11896,7059
,,,,7954,18195,11896,7059
,,,,7955,18195,11896,7059
,,,,7956,18195,11896,7059
,,,,7957,18195,11896,7059
,,,,7958,18195,11896,7059
,,,,7959,18195,11896,7059
,,,,7960,18195,11896,7059
,,,,7961,18195,11896,7059
,,,,7962,18195,11896,7059
,,,,7963,18195,11896,7059
,,,,7964,18195,11896,7059
,,,,7965,18195,11896,7059
,,,,7966,18195,11896,7059
,,,,7967,18195,11896,7059
,,,,7968,18195,11896,7059
,,,,7969,18195,11896,7059
,,,,7970,18195,11896,7059
,,,,7971,18195,11896,7059
,,,,7972,18195,11896,7059
,,,,7973,18195,11896,7059
,,,,7974,18195,11896,7059
,,,,7975,18195,11896,7059
,,,,7976,18195,11896,7059
,,,,7977,18195,11896,7059
,,,,7978,18195,11896,7059
,,,,7979,18195,11896,7059
,,,,7980,18195,11896,7059
,,,,7981,18195,11896,7059
,,,,7982,18195,11896,7059
,,,,7983,18195,11896,7059
,,,,7984,18195,11896,7059
,,,,7985,18195,11896,7059
,,,,7986,18195,11896,7059
,,,,7987,18195,11896,7059
,,,,7988,18195,11896,7059
,,,,7989,18195,11896,7059
,,,,7990,18195,11896,7059
,,,,7991,18195,11896,7059
,,,,7992,18195,11896,7059
,,,,7993,18195,11896,7059
,,,,7994,18195,11896,7059
,,,,7995,18195,11896,7059
,,,,7996,18195,11896,7059
,,,,7997,18195,11896,7059
,,,,7998,18195,11896,7059
,,,,7999,18195,11896,7059
,,,,8000,18195,11896,7059
,,,,8001,18195,11896,7059
,,,,8002,18195,11896,7059
,,,,8003,18195,11896,7059
,,,,8004,18195,11896,7059
,,,,8005,18195,11896,7059
,,,,8006,18195,11896,7059
,,,,8007,18195,11896,7059
,,,,8008,18195,11896,7059
,,,,8009,18195,11896,7059
,,,,8010,18195,11896,7059
,,,,8011,18195,11896,7059
,,,,8012,18195,11896,7059
,,,,8013,18195,11896,7059
,,,,8014,18195,11896,7059
,,,,8015,18195,11896,7059
,,,,8016,18195,11896,7059
,,,,8017,18195,11896,7059
,,,,8018,18195,11896,7059
,,,,8019,18195,11896,7059
,,,,8020,18195,11896,7059
,,,,8021,18195,11896,7059
,,,,8022,18195,11896,7059
,,,,8023,18195,11896,7059
,,,,8024,18195,11896,7059
,,,,8025,18195,11896,7059
,,,,8026,18195,11896,7059
,,,,8027,18195,11896,7059
,,,,8028,18195,11896,7059
,,,,8029,18195,11896,7059
,,,,8030,18195,11896,7059
,,,,8031,18195,11896,7059
,,,,8032,18195,11896,7059
,,,,8033,18195,11896,7059
,,,,8034,18195,11896,7059
,,,,8035,18195,11896,7059
,,,,8036,18195,11896,7059
,,,,8037,18195,11896,7059
,,,,8038,18195,11896,7059
,,,,8039,18195,11896,7059
,,,,8040,18195,11896,7059
,,,,8041,18195,11896,7059
,,,,8042,18195,11896,7059
,,,,8043,18195,11896,7059
,,,,8044,18195,11896,7059
,,,,8045,18195,11896,7059
,,,,8046,18195,11896,7059
,,,,8047,18195,11896,7059
,,,,8048,18195,11896,7059
,,,,8049,18195,11896,7059
,,,,8050,18195,11896,7059
,,,,8051,18195,11896,7059
,,,,8052,18195,11896,7059
,,,,8053,18195,11896,7059
,,,,8054,18195,11896,7059
,,,,8055,18195,11896,7059
,,,,8056,18195,11896,7059
,,,,8057,18195,11896,7059
,,,,8058,18195,11896,7059
,,,,8059,18195,11896,7059
,,,,8060,18195,11896,7059
,,,,8061,18195,11896,7059
,,,,8062,18195,11896,7059
,,,,8063,18195,11896,7059
,,,,8064,18195,11896,7059
,,,,8065,18195,11896,7059
,,,,8066,18195,11896,7059
,,,,8067,18195,11896,7059
,,,,8068,18195,11896,7059
,,,,8069,18195,11896,7059
,,,,8070,18195,11896,7059
,,,,8071,18195,11896,7059
,,,,8072,18195,11896,7059
,,,,8073,18195,11896,7059
,,,,8074,18195,11896,7059
,,,,8075,18195,11896,7059
,,,,8076,18195,11896,7059
,,,,8077,18195,11896,7059
,,,,8078,18195,11896,7059
,,,,8079,18195,11896,7059
,,,,8080,18195,11896,7059
,,,,8081,18195,11896,7059
,,,,8082,18195,11896,7059
,,,,8083,18195,11896,7059
,,,,8084,18195,11896,7059
,,,,8085,18195,11896,7059
,,,,8086,18195,11896,7059
,,,,8087,18195,11896,7059
,,,,8088,18195,11896,7059
,,,,8089,18195,11896,7059
,,,,8090,18195,11896,7059
,,,,8091,18195,11896,7059
,,,,8092,18195,11896,7059
,,,,8093,18195,11896,7059
,,,,8094,18195,11896,7059
,,,,8095,18195,11896,7059
,,,,8096,18195,11896,7059
,,,,8097,18195,11896,7059
,,,,8098,18195,11896,7059
,,,,8099,18195,11896,7059
,,,,8100,18195,11896,7059
,,,,8101,18195,11896,7059
,,,,8102,18195,11896,7059
,,,,8103,18195,11896,7059
,,,,8104,18195,11896,7059
,,,,8105,18195,11896,7059
,,,,8106,18195,11896,7059
,,,,8107,18195,11896,7059
,,,,8108,18195,11896,7059
,,,,8109,18195,11896,7059
,,,,8110,18195,11896,7059
,,,,8111,18195,11896,7059
,,,,8112,18195,11896,7059
,,,,8113,18195,11896,7059
,,,,8114,18195,11896,7059
,,,,8115,18195,11896,7059
,,,,8116,18195,11896,7059
,,,,8117,18195,11896,7059
,,,,8118,18195,11896,7059
,,,,8119,18195,11896,7059
,,,,8120,18195,11896,7059
,,,,8121,18195,11896,7059
,,,,8122,18195,11896,7059
,,,,8123,18195,11896,7059
,,,,8124,18195,11896,7059
,,,,8125,18195,11896,7059
,,,,8126,18195,11896,7059
,,,,8127,18195,11896,7059
,,,,8128,18195,11896,7059
,,,,8129,18195,11896,7059
,,,,8130,18195,11896,7059
,,,,8131,18195,11896,7059
,,,,8132,18195,11896,7059
,,,,8133,18195,11896,7059
,,,,8134,18195,11896,7059
,,,,8135,18195,11896,7059
,,,,8136,18195,11896,7059
,,,,8137,18195,11896,7059
,,,,8138,18195,11896,7059
,,,,8139,18195,11896,7059
,,,,8140,18195,11896,7059
,,,,8141,18195,11896,7059
,,,,8142,18195,11896,7059
,,,,8143,18195,11896,7059
,,,,8144,18195,11896,7059
,,,,8145,18195,11896,7059
,,,,8146,18195,11896,7059
,,,,8147,18195,11896,7059
,,,,8148,18195,11896,7059
,,,,8149,18195,11896,7059
,,,,8150,18195,11896,7059
,,,,8151,18195,11896,7059
,,,,8152,18195,11896,7059
,,,,8153,18195,11896,7059
,,,,8154,18195,11896,7059
,,,,8155,18195,11896,7059
,,,,8156,18195,11896,7059
,,,,8157,18195,11896,7059
,,,,8158,18195,11896,7059
,,,,8159,18195,11896,7059
,,,,8160,18195,11896,7059
,,,,8161,18195,11896,7059
,,,,8162,18195,11896,7059
,,,,8163,18195,11896,7059
,,,,8164,18195,11896,7059
,,,,8165,18195,11896,7059
,,,,8166,18195,11896,7059
,,,,8167,18195,11896,7059
,,,,8168,18195,11896,7059
,,,,8169,18195,11896,7059
,,,,8170,18195,11896,7059
,,,,8171,18195,11896,7059
,,,,8172,18195,11896,7059
,,,,8173,18195,11896,7059
,,,,8174,18195,11896,7059
,,,,8175,18195,11896,7059
,,,,8176,18195,11896,7059
,,,,8177,18195,11896,7059
,,,,8178,18195,11896,7059
,,,,8179,18195,11896,7059
,,,,8180,18195,11896,7059
,,,,8181,18195,11896,7059
,,,,8182,18195,11896,7059
,,,,8183,18195,11896,7059
,,,,8184,18195,11896,7059
,,,,8185,18195,11896,7059
,,,,8186,18195,11896,7059
,,,,8187,18195,11896,7059
,,,,8188,18195,11896,7059
,,,,8189,18195,11896,7059
,,,,8190,18195,11896,7059
,,,,8191,18195,11896,7059
,,,,8192,18195,11896,7059
,,,,8193,18195,11896,7059
,,,,8194,18195,11896,7059
,,,,8195,18195,11896,7059
,,,,8196,18195,11896,7059
,,,,8197,18195,11896,7059
,,,,8198,18195,11896,7059
,,,,8199,18195,11896,7059
,,,,8200,18195,11896,7059
,,,,8201,18195,11896,7059
,,,,8202,18195,11896,7059
,,,,8203,18195,11896,7059
,,,,8204,18195,11896,7059
,,,,8205,18195,11896,7059
,,,,8206,18195,11896,7059
,,,,8207,18195,11896,7059
,,,,8208,18195,11896,7059
,,,,8209,18195,11896,7059
,,,,8210,18195,11896,7059
,,,,8211,18195,11896,7059
,,,,8212,18195,11896,7059
,,,,8213,18195,11896,7059
,,,,8214,18195,11896,7059
,,,,8215,18195,11896,7059
,,,,8216,18195,11896,7059
,,,,8217,18195,11896,7059
,,,,8218,18195,11896,7059
,,,,8219,18195,11896,7059
,,,,8220,18195,11896,7059
,,,,8221,18195,11896,7059
,,,,8222,18195,11896,7059
,,,,8223,18195,11896,7059
,,,,8224,18195,11896,7059
,,,,8225,18195,11896,7059
,,,,8226,18195,11896,7059
,,,,8227,18195,11896,7059
,,,,8228,18195,11896,7059
,,,,8229,18195,11896,7059
,,,,8230,18195,11896,7059
,,,,8231,18195,11896,7059
,,,,8232,18195,11896,7059
,,,,8233,18195,11896,7059
,,,,8234,18195,11896,7059
,,,,8235,18195,11896,7059
,,,,8236,18195,11896,7059
,,,,8237,18195,11896,7059
,,,,8238,18195,11896,7059
,,,,8239,18195,11896,7059
,,,,8240,18195,11896,7059
,,,,8241,18195,11896,7059
,,,,8242,18195,11896,7059
,,,,8243,18195,11896,7059
,,,,8244,18195,11896,7059
,,,,8245,18195,11896,7059
,,,,8246,18195,11896,7059
,,,,8247,18195,11896,7059
,,,,8248,18195,11896,7059
,,,,8249,18195,11896,7059
,,,,8250,18195,11896,7059
,,,,8251,18195,11896,7059
,,,,8252,18195,11896,7059
,,,,8253,18195,11896,7059
,,,,8254,18195,11896,7059
,,,,8255,18195,11896,7059
,,,,8256,18195,11896,7059
,,,,8257,18195,11896,7059
,,,,8258,18195,11896,7059
,,,,8259,18195,11896,7059
,,,,8260,18195,11896,7059
,,,,8261,18195,11896,7059
,,,,8262,18195,11896,7059
,,,,8263,18195,11896,7059
,,,,8264,18195,11896,7059
,,,,8265,18195,11896,7059
,,,,8266,18195,11896,7059
,,,,8267,18195,11896,7059
,,,,8268,18195,11896,7059
,,,,8269,18195,11896,7059
,,,,8270,18195,11896,7059
,,,,8271,18195,11896,7059
,,,,8272,18195,11896,7059
,,,,8273,18195,11896,7059
,,,,8274,18195,11896,7059
,,,,8275,18195,11896,7059
,,,,8276,18195,11896,7059
,,,,8277,18195,11896,7059
,,,,8278,18195,11896,7059
,,,,8279,18195,11896,7059
,,,,8280,18195,11896,7059
,,,,8281,18195,11896,7059
,,,,8282,18195,11896,7059
,,,,8283,18195,11896,7059
,,,,8284,18195,11896,7059
,,,,8285,18195,11896,7059
,,,,8286,18195,11896,7059
,,,,8287,18195,11896,7059
,,,,8288,18195,11896,7059
,,,,8289,18195,11896,7059
,,,,8290,18195,11896,7059
,,,,8291,18195,11896,7059
,,,,8292,18195,11896,7059
,,,,8293,18195,11896,7059
,,,,8294,18195,11896,7059
,,,,8295,18195,11896,7059
,,,,8296,18195,11896,7059
,,,,8297,18195,11896,7059
,,,,8298,18195,11896,7059
,,,,8299,18195,11896,7059
,,,,8300,18195,11896,7059
,,,,8301,18195,11896,7059
,,,,8302,18195,11896,7059
,,,,8303,18195,11896,7059
,,,,8304,18195,11896,7059
,,,,8305,18195,11896,7059
,,,,8306,18195,11896,7059
,,,,8307,18195,11896,7059
,,,,8308,18195,11896,7059
,,,,8309,18195,11896,7059
,,,,8310,18195,11896,7059
,,,,8311,18195,11896,7059
,,,,8312,18195,11896,7059
,,,,8313,18195,11896,7059
,,,,8314,18195,11896,7059
,,,,8315,18195,11896,7059
,,,,8316,18195,11896,7059
,,,,8317,18195,11896,7059
,,,,8318,18195,11896,7059
,,,,8319,18195,11896,7059
,,,,8320,18195,11896,7059
,,,,8321,18195,11896,7059
,,,,8322,18195,11896,7059
,,,,8323,18195,11896,7059
,,,,8324,18195,11896,7059
,,,,8325,18195,11896,7059
,,,,8326,18195,11896,7059
,,,,8327,18195,11896,7059
,,,,8328,18195,11896,7059
,,,,8329,18195,11896,7059
,,,,8330,18195,11896,7059
,,,,8331,18195,11896,7059
,,,,8332,18195,11896,7059
,,,,8333,18195,11896,7059
,,,,8334,18195,11896,7059
,,,,8335,18195,11896,7059
,,,,8336,18195,11896,7059
,,,,8337,18195,11896,7059
,,,,8338,18195,11896,7059
,,,,8339,18195,11896,7059
,,,,8340,18195,11896,7059
,,,,8341,18195,11896,7059
,,,,8342,18195,11896,7059
,,,,8343,18195,11896,7059
,,,,8344,18195,11896,7059
,,,,8345,18195,11896,7059
,,,,8346,18195,11896,7059
,,,,8347,18195,11896,7059
,,,,8348,18195,11896,7059
,,,,8349,18195,11896,7059
,,,,8350,18195,11896,7059
,,,,8351,18195,11896,7059
,,,,8352,18195,11896,7059
,,,,8353,18195,11896,7059
,,,,8354,18195,11896,7059
,,,,8355,18195,11896,7059
,,,,8356,18195,11896,7059
,,,,8357,18195,11896,7059
,,,,8358,18195,11896,7059
,,,,8359,18195,11896,7059
,,,,8360,18195,11896,7059
,,,,8361,18195,11896,7059
,,,,8362,18195,11896,7059
,,,,8363,18195,11896,7059
,,,,8364,18195,11896,7059
,,,,8365,18195,11896,7059
,,,,8366,18195,11896,7059
,,,,8367,18195,11896,7059
,,,,8368,18195,11896,7059
,,,,8369,18195,11896,7059
,,,,8370,18195,11896,7059
,,,,8371,18195,11896,7059
,,,,8372,18195,11896,7059
,,,,8373,18195,11896,7059
,,,,8374,18195,11896,7059
,,,,8375,18195,11896,7059
,,,,8376,18195,11896,7059
,,,,8377,18195,11896,7059
,,,,8378,18195,11896,7059
,,,,8379,18195,11896,7059
,,,,8380,18195,11896,7059
,,,,8381,18195,11896,7059
,,,,8382,18195,11896,7059
,,,,8383,18195,11896,7059
,,,,8384,18195,11896,7059
,,,,8385,18195,11896,7059
,,,,8386,18195,11896,7059
,,,,8387,18195,11896,7059
,,,,8388,18195,11896,7059
,,,,8389,18195,11896,7059
,,,,8390,18195,11896,7059
,,,,8391,18195,11896,7059
,,,,8392,18195,11896,7059
,,,,8393,18195,11896,7059
,,,,8394,18195,11896,7059
,,,,8395,18195,11896,7059
,,,,8396,18195,11896,7059
,,,,8397,18195,11896,7059
,,,,8398,18195,11896,7059
,,,,8399,18195,11896,7059
,,,,8400,18195,11896,7059
,,,,8401,18195,11896,7059
,,,,8402,18195,11896,7059
,,,,8403,18195,11896,7059
,,,,8404,18195,11896,7059
,,,,8405,18195,11896,7059
,,,,8406,18195,11896,7059
,,,,8407,18195,11896,7059
,,,,8408,18195,11896,7059
,,,,8409,18195,11896,7059
,,,,8410,18195,11896,7059
,,,,8411,18195,11896,7059
,,,,8412,18195,11896,7059
,,,,8413,18195,11896,7059
,,,,8414,18195,11896,7059
,,,,8415,18195,11896,7059
,,,,8416,18195,11896,7059
,,,,8417,18195,11896,7059
,,,,8418,18195,11896,7059
,,,,8419,18195,11896,7059
,,,,8420,18195,11896,7059
,,,,8421,18195,11896,7059
,,,,8422,18195,11896,7059
,,,,8423,18195,11896,7059
,,,,8424,18195,11896,7059
,,,,8425,18195,11896,7059
,,,,8426,18195,11896,7059
,,,,8427,18195,11896,7059
,,,,8428,18195,11896,7059
,,,,8429,18195,11896,7059
,,,,8430,18195,11896,7059
,,,,8431,18195,11896,7059
,,,,8432,18195,11896,7059
,,,,8433,18195,11896,7059
,,,,8434,18195,11896,7059
,,,,8435,18195,11896,7059
,,,,8436,18195,11896,7059
,,,,8437,18195,11896,7059
,,,,8438,18195,11896,7059
,,,,8439,18195,11896,7059
,,,,8440,18195,11896,7059
,,,,8441,18195,11896,7059
,,,,8442,18195,11896,7059
,,,,8443,18195,11896,7059
,,,,8444,18195,11896,7059
,,,,8445,18195,11896,7059
,,,,8446,18195,11896,7059
,,,,8447,18195,11896,7059
,,,,8448,18195,11896,7059
,,,,8449,18195,11896,7059
,,,,8450,18195,11896,7059
,,,,8451,18195,11896,7059
,,,,8452,18195,11896,7059
,,,,8453,18195,11896,7059
,,,,8454,18195,11896,7059
,,,,8455,18195,11896,7059
,,,,8456,18195,11896,7059
,,,,8457,18195,11896,7059
,,,,8458,18195,11896,7059
,,,,8459,18195,11896,7059
,,,,8460,18195,11896,7059
,,,,8461,18195,11896,7059
,,,,8462,18195,11896,7059
,,,,8463,18195,11896,7059
,,,,8464,18195,11896,7059
,,,,8465,18195,11896,7059
,,,,8466,18195,11896,7059
,,,,8467,18195,11896,7059
,,,,8468,18195,11896,7059
,,,,8469,18195,11896,7059
,,,,8470,18195,11896,7059
,,,,8471,18195,11896,7059
,,,,8472,18195,11896,7059
,,,,8473,18195,11896,7059
,,,,8474,18195,11896,7059
,,,,8475,18195,11896,7059
,,,,8476,18195,11896,7059
,,,,8477,18195,11896,7059
,,,,8478,18195,11896,7059
,,,,8479,18195,11896,7059
,,,,8480,18195,11896,7059
,,,,8481,18195,11896,7059
,,,,8482,18195,11896,7059
,,,,8483,18195,11896,7059
,,,,8484,18195,11896,7059
,,,,8485,18195,11896,7059
,,,,8486,18195,11896,7059
,,,,8487,18195,11896,7059
,,,,8488,18195,11896,7059
,,,,8489,18195,11896,7059
,,,,8490,18195,11896,7059
,,,,8491,18195,11896,7059
,,,,8492,18195,11896,7059
,,,,8493,18195,11896,7059
,,,,8494,18195,11896,7059
,,,,8495,18195,11896,7059
,,,,8496,18195,11896,7059
,,,,8497,18195,11896,7059
,,,,8498,18195,11896,7059
,,,,8499,18195,11896,7059
,,,,8500,18195,11896,7059
,,,,8501,18195,11896,7059
,,,,8502,18195,11896,7059
,,,,8503,18195,11896,7059
,,,,8504,18195,11896,7059
,,,,8505,18195,11896,7059
,,,,8506,18195,11896,7059
,,,,8507,18195,11896,7059
,,,,8508,18195,11896,7059
,,,,8509,18195,11896,7059
,,,,8510,18195,11896,7059
,,,,8511,18195,11896,7059
,,,,8512,18195,11896,7059
,,,,8513,18195,11896,7059
,,,,8514,18195,11896,7059
,,,,8515,18195,11896,7059
,,,,8516,18195,11896,7059
,,,,8517,18195,11896,7059
,,,,8518,18195,11896,7059
,,,,8519,18195,11896,7059
,,,,8520,18195,11896,7059
,,,,8521,18195,11896,7059
,,,,8522,18195,11896,7059
,,,,8523,18195,11896,7059
,,,,8524,18195,11896,7059
,,,,8525,18195,11896,7059
,,,,8526,18195,11896,7059
,,,,8527,18195,11896,7059
,,,,8528,18195,11896,7059
,,,,8529,18195,11896,7059
,,,,8530,18195,11896,7059
,,,,8531,18195,11896,7059
,,,,8532,18195,11896,7059
,,,,8533,18195,11896,7059
,,,,8534,18195,11896,7059
,,,,8535,18195,11896,7059
,,,,8536,18195,11896,7059
,,,,8537,18195,11896,7059
,,,,8538,18195,11896,7059
,,,,8539,18195,11896,7059
,,,,8540,18195,11896,7059
,,,,8541,18195,11896,7059
,,,,8542,18195,11896,7059
,,,,8543,18195,11896,7059
,,,,8544,18195,11896,7059
,,,,8545,18195,11896,7059
,,,,8546,18195,11896,7059
,,,,8547,18195,11896,7059
,,,,8548,18195,11896,7059
,,,,8549,18195,11896,7059
,,,,8550,18195,11896,7059
,,,,8551,18195,11896,7059
,,,,8552,18195,11896,7059
,,,,8553,18195,11896,7059
,,,,8554,18195,11896,7059
,,,,8555,18195,11896,7059
,,,,8556,18195,11896,7059
,,,,8557,18195,11896,7059
,,,,8558,18195,11896,7059
,,,,8559,18195,11896,7059
,,,,8560,18195,11896,7059
,,,,8561,18195,11896,7059
,,,,8562,18195,11896,7059
,,,,8563,18195,11896,7059
,,,,8564,18195,11896,7059
,,,,8565,18195,11896,7059
,,,,8566,18195,11896,7059
,,,,8567,18195,11896,7059
,,,,8568,18195,11896,7059
,,,,8569,18195,11896,7059
,,,,8570,18195,11896,7059
,,,,8571,18195,11896,7059
,,,,8572,18195,11896,7059
,,,,8573,18195,11896,7059
,,,,8574,18195,11896,7059
,,,,8575,18195,11896,7059
,,,,8576,18195,11896,7059
,,,,8577,18195,11896,7059
,,,,8578,18195,11896,7059
,,,,8579,18195,11896,7059
,,,,8580,18195,11896,7059
,,,,8581,18195,11896,7059
,,,,8582,18195,11896,7059
,,,,8583,18195,11896,7059
,,,,8584,18195,11896,7059
,,,,8585,18195,11896,7059
,,,,8586,18195,11896,7059
,,,,8587,18195,11896,7059
,,,,8588,18195,11896,7059
,,,,8589,18195,11896,7059
,,,,8590,18195,11896,7059
,,,,8591,18195,11896,7059
,,,,8592,18195,11896,7059
,,,,8593,18195,11896,7059
,,,,8594,18195,11896,7059
,,,,8595,18195,11896,7059
,,,,8596,18195,11896,7059
,,,,8597,18195,11896,7059
,,,,8598,18195,11896,7059
,,,,8599,18195,11896,7059
,,,,8600,18195,11896,7059
,,,,8601,18195,11896,7059
,,,,8602,18195,11896,7059
,,,,8603,18195,11896,7059
,,,,8604,18195,11896,7059
,,,,8605,18195,11896,7059
,,,,8606,18195,11896,7059
,,,,8607,18195,11896,7059
,,,,8608,18195,11896,7059
,,,,8609,18195,11896,7059
,,,,8610,18195,11896,7059
,,,,8611,18195,11896,7059
,,,,8612,18195,11896,7059
,,,,8613,18195,11896,7059
,,,,8614,18195,11896,7059
,,,,8615,18195,11896,7059
,,,,8616,18195,11896,7059
,,,,8617,18195,11896,7059
,,,,8618,18195,11896,7059
,,,,8619,18195,11896,7059
,,,,8620,18195,11896,7059
,,,,8621,18195,11896,7059
,,,,8622,18195,11896,7059
,,,,8623,18195,11896,7059
,,,,8624,18195,11896,7059
,,,,8625,18195,11896,7059
,,,,8626,18195,11896,7059
,,,,8627,18195,11896,7059
,,,,8628,18195,11896,7059
,,,,8629,18195,11896,7059
,,,,8630,18195,11896,7059
,,,,8631,18195,11896,7059
,,,,8632,18195,11896,7059
,,,,8633,18195,11896,7059
,,,,8634,18195,11896,7059
,,,,8635,18195,11896,7059
,,,,8636,18195,11896,7059
,,,,8637,18195,11896,7059
,,,,8638,18195,11896,7059
,,,,8639,18195,11896,7059
,,,,8640,18195,11896,7059
,,,,8641,18195,11896,7059
,,,,8642,18195,11896,7059
,,,,8643,18195,11896,7059
,,,,8644,18195,11896,7059
,,,,8645,18195,11896,7059
,,,,8646,18195,11896,7059
,,,,8647,18195,11896,7059
,,,,8648,18195,11896,7059
,,,,8649,18195,11896,7059
,,,,8650,18195,11896,7059
,,,,8651,18195,11896,7059
,,,,8652,18195,11896,7059
,,,,8653,18195,11896,7059
,,,,8654,18195,11896,7059
,,,,8655,18195,11896,7059
,,,,8656,18195,11896,7059
,,,,8657,18195,11896,7059
,,,,8658,18195,11896,7059
,,,,8659,18195,11896,7059
,,,,8660,18195,11896,7059
,,,,8661,18195,11896,7059
,,,,8662,18195,11896,7059
,,,,8663,18195,11896,7059
,,,,8664,18195,11896,7059
,,,,8665,18195,11896,7059
,,,,8666,18195,11896,7059
,,,,8667,18195,11896,7059
,,,,8668,18195,11896,7059
,,,,8669,18195,11896,7059
,,,,8670,18195,11896,7059
,,,,8671,18195,11896,7059
,,,,8672,18195,11896,7059
,,,,8673,18195,11896,7059
,,,,8674,18195,11896,7059
,,,,8675,18195,11896,7059
,,,,8676,18195,11896,7059
,,,,8677,18195,11896,7059
,,,,8678,18195,11896,7059
,,,,8679,18195,11896,7059
,,,,8680,18195,11896,7059
,,,,8681,18195,11896,7059
,,,,8682,18195,11896,7059
,,,,8683,18195,11896,7059
,,,,8684,18195,11896,7059
,,,,8685,18195,11896,7059
,,,,8686,18195,11896,7059
,,,,8687,18195,11896,7059
,,,,8688,18195,11896,7059
,,,,8689,18195,11896,7059
,,,,8690,18195,11896,7059
,,,,8691,18195,11896,7059
,,,,8692,18195,11896,7059
,,,,8693,18195,11896,7059
,,,,8694,18195,11896,7059
,,,,8695,18195,11896,7059
,,,,8696,18195,11896,7059
,,,,8697,18195,11896,7059
,,,,8698,18195,11896,7059
,,,,8699,18195,11896,7059
,,,,8700,18195,11896,7059
,,,,8701,18195,11896,7059
,,,,8702,18195,11896,7059
,,,,8703,18195,11896,7059
,,,,8704,18195,11896,7059
,,,,8705,18195,11896,7059
,,,,8706,18195,11896,7059
,,,,8707,18195,11896,7059
,,,,8708,18195,11896,7059
,,,,8709,18195,11896,7059
,,,,8710,18195,11896,7059
,,,,8711,18195,11896,7059
,,,,8712,18195,11896,7059
,,,,8713,18195,11896,7059
,,,,8714,18195,11896,7059
,,,,8715,18195,11896,7059
,,,,8716,18195,11896,7059
,,,,8717,18195,11896,7059
,,,,8718,18195,11896,7059
,,,,8719,18195,11896,7059
,,,,8720,18195,11896,7059
,,,,8721,18195,11896,7059
,,,,8722,18195,11896,7059
,,,,8723,18195,11896,7059
,,,,8724,18195,11896,7059
,,,,8725,18195,11896,7059
,,,,8726,18195,11896,7059
,,,,8727,18195,11896,7059
,,,,8728,18195,11896,7059
,,,,8729,18195,11896,7059
,,,,8730,18195,11896,7059
,,,,8731,18195,11896,7059
,,,,8732,18195,11896,7059
,,,,8733,18195,11896,7059
,,,,8734,18195,11896,7059
,,,,8735,18195,11896,7059
,,,,8736,18195,11896,7059
,,,,8737,18195,11896,7059
,,,,8738,18195,11896,7059
,,,,8739,18195,11896,7059
,,,,8740,18195,11896,7059
,,,,8741,18195,11896,7059
,,,,8742,18195,11896,7059
,,,,8743,18195,11896,7059
,,,,8744,18195,11896,7059
,,,,8745,18195,11896,7059
,,,,8746,18195,11896,7059
,,,,8747,18195,11896,7059
,,,,8748,18195,11896,7059
,,,,8749,18195,11896,7059
,,,,8750,18195,11896,7059
,,,,8751,18195,11896,7059
,,,,8752,18195,11896,7059
,,,,8753,18195,11896,7059
,,,,8754,18195,11896,7059
,,,,8755,18195,11896,7059
,,,,8756,18195,11896,7059
,,,,8757,18195,11896,7059
,,,,8758,18195,11896,7059
,,,,8759,18195,11896,7059
,,,,8760,18195,11896,7059