Zone1,Zone2,Distance
1,2,317.2085335
2,1,317.2085335
2,3,199.1662906
3,2,199.1662906
1,3,503.6544232
3,1,503.6544232
