Costs,Total,Zone1,Zone2,Zone3
cTotal,3.7986428062018666e9,3.0073455452198443e9,7.714956156805892e8,1.9801645301431585e7
cFix,1.258302704487113e9,9.899284050294049e8,2.4862872911106434e8,1.9745570346643727e7
cVar,2.5403401017147536e9,2.0174171401904397e9,5.2286688656952494e8,56074.954787855895
cNSE,0.0,0.0,0.0,0.0
cStart,0.0,0.0,0.0,0.0
cUnmetRsv,0.0,-,-,-
cNetworkExp,0.0,-,-,-
