Resource,Zone,Capacity
Liquid_DAC_1,1,0.0
Liquid_DAC_2,2,0.0
Liquid_DAC_3,3,0.0
Solid_DAC_1,1,3407.1994916218296
Solid_DAC_2,2,967.001931359698
Solid_DAC_3,3,8.832979091087012
Total,n/a,4383.034402072614
