Costs,Total
cDACTotal,5.675772772277167e9
cDACFix,5.66715828905424e9
cDACVar,8.614483222927516e6
cDACStart,0.0
