Line,New_Trans_Capacity,Cost_Trans_Capacity
1,9.881672e-7,0.011917297
2,6.927721e-7,0.013343483
