Status,Solve,Objval
OPTIMAL,13.355886936187744,7.047347860568946e9
