Costs,Total,Zone1,Zone2,Zone3
cTotal,2.846817936838193e9,1.761718859642209e9,7.164520720254632e8,3.686470051705211e8
cFix,2.7931893017302275e9,1.7214587740599666e9,7.069897483443384e8,3.6474077932592267e8
cVar,4.052244164645911e7,3.0821300145688172e7,6.962790342107321e6,2.7383511586636165e6
cNSE,1.3106193461506559e7,9.438785436554197e6,2.4995333390175127e6,1.1678746859348514e6
cStart,0.0,0,0,0
cUnmetRsv,0.0,-,-,-
cNetworkExp,0.0,-,-,-
