Status,Solve,Objval
OPTIMAL,0.31800007820129395,8.624832333642656e9
