StartZone,EndZone,Distance
z1,z2,317.2085335
z2,z3,199.1662906
z1,z3,503.6544232
