Status,Solve,Objval
OPTIMAL,2.111999988555908,1.1338143834413048e10
