Status,Solve,Objval
LOCALLY_SOLVED,266.61330008506775,5.267789346578816e10
