Status,Solve,Objval
LOCALLY_SOLVED,851.5139999389648,3.9393046382963165e10
