StartZone,EndZone,Distance
z1,z2,317.2085335
z2,z3,503.654423
z1,z4,962.089321
z5,z6,723.092372
z7,z10,234.97352
z6,z9,103.224114
z2,z6,914.236345
