Costs,Total
cDACTotal,9.886890113942596e8
cDACFix,9.792966622729305e8
cDACVar,9.392349121329036e6
cDACStart,0.0
