gasoline_demand_mmbtu,gasoline_emissions_mtonnes
245029548.81322572,17.299086146213735
