Costs,Total
cDACTotal,5.778014396804482e9
cDACFix,5.769244591769966e9
cDACVar,8.769805034516344e6
cDACStart,0.0
