Resource,Zone,Investment_Cost,Fixed_OM_Cost,Var_OM_Cost,Startup_Cost
Liquid_DAC_1,1,0.0,0.0,0.0,0.0
Liquid_DAC_2,2,0.0,0.0,0.0,0.0
Liquid_DAC_3,3,0.0,0.0,0.0,0.0
Solid_DAC_1,1,3.967426987117292e9,4.355220602399433e8,39841.80978926109,0.0
Solid_DAC_2,2,8.95107580042089e8,9.825992983920676e7,8988.875172943008,0.0
Solid_DAC_3,3,3.360394891103036e8,3.6888545421131074e7,3374.585455582923,0.0
