Voll,Demand_Segment,Segment_Cost_of_Demand_Curtailment_Fraction,Max_Demand_Curtailment,Rep_Periods,Timesteps_per_Rep_Period,Sub_Weights,Time_Index,Load_H2_MW_z1,Load_H2_MW_z2,Load_H2_MW_z3,Load_H2_MW_z4,Load_H2_MW_z5,Load_H2_MW_z6,Load_H2_MW_z7,Load_H2_MW_z8,Load_H2_MW_z9
1666500,1,1,0,1,8760,8760,1,4135.95,3939,3229.98,10832.25,14259.18,23397.66,14771.25,7365.93,1811.94
,,,,,,,2,4135.95,3939,3229.98,10832.25,14259.18,23397.66,14771.25,7365.93,1811.94
,,,,,,,3,4135.95,3939,3229.98,10832.25,14259.18,23397.66,14771.25,7365.93,1811.94
,,,,,,,4,4135.95,3939,3229.98,10832.25,14259.18,23397.66,14771.25,7365.93,1811.94
,,,,,,,5,4135.95,3939,3229.98,10832.25,14259.18,23397.66,14771.25,7365.93,1811.94
,,,,,,,6,4135.95,3939,3229.98,10832.25,14259.18,23397.66,14771.25,7365.93,1811.94
,,,,,,,7,4135.95,3939,3229.98,10832.25,14259.18,23397.66,14771.25,7365.93,1811.94
,,,,,,,8,4135.95,3939,3229.98,10832.25,14259.18,23397.66,14771.25,7365.93,1811.94
,,,,,,,9,4135.95,3939,3229.98,10832.25,14259.18,23397.66,14771.25,7365.93,1811.94
,,,,,,,10,4135.95,3939,3229.98,10832.25,14259.18,23397.66,14771.25,7365.93,1811.94
,,,,,,,11,4135.95,3939,3229.98,10832.25,14259.18,23397.66,14771.25,7365.93,1811.94
,,,,,,,12,4135.95,3939,3229.98,10832.25,14259.18,23397.66,14771.25,7365.93,1811.94
,,,,,,,13,4135.95,3939,3229.98,10832.25,14259.18,23397.66,14771.25,7365.93,1811.94
,,,,,,,14,4135.95,3939,3229.98,10832.25,14259.18,23397.66,14771.25,7365.93,1811.94
,,,,,,,15,4135.95,3939,3229.98,10832.25,14259.18,23397.66,14771.25,7365.93,1811.94
,,,,,,,16,4135.95,3939,3229.98,10832.25,14259.18,23397.66,14771.25,7365.93,1811.94
,,,,,,,17,4135.95,3939,3229.98,10832.25,14259.18,23397.66,14771.25,7365.93,1811.94
,,,,,,,18,4135.95,3939,3229.98,10832.25,14259.18,23397.66,14771.25,7365.93,1811.94
,,,,,,,19,4135.95,3939,3229.98,10832.25,14259.18,23397.66,14771.25,7365.93,1811.94
,,,,,,,20,4135.95,3939,3229.98,10832.25,14259.18,23397.66,14771.25,7365.93,1811.94
,,,,,,,21,4135.95,3939,3229.98,10832.25,14259.18,23397.66,14771.25,7365.93,1811.94
,,,,,,,22,4135.95,3939,3229.98,10832.25,14259.18,23397.66,14771.25,7365.93,1811.94
,,,,,,,23,4135.95,3939,3229.98,10832.25,14259.18,23397.66,14771.25,7365.93,1811.94
,,,,,,,24,4135.95,3939,3229.98,10832.25,14259.18,23397.66,14771.25,7365.93,1811.94
,,,,,,,25,4135.95,3939,3229.98,10832.25,14259.18,23397.66,14771.25,7365.93,1811.94
,,,,,,,26,4135.95,3939,3229.98,10832.25,14259.18,23397.66,14771.25,7365.93,1811.94
,,,,,,,27,4135.95,3939,3229.98,10832.25,14259.18,23397.66,14771.25,7365.93,1811.94
,,,,,,,28,4135.95,3939,3229.98,10832.25,14259.18,23397.66,14771.25,7365.93,1811.94
,,,,,,,29,4135.95,3939,3229.98,10832.25,14259.18,23397.66,14771.25,7365.93,1811.94
,,,,,,,30,4135.95,3939,3229.98,10832.25,14259.18,23397.66,14771.25,7365.93,1811.94
,,,,,,,31,4135.95,3939,3229.98,10832.25,14259.18,23397.66,14771.25,7365.93,1811.94
,,,,,,,32,4135.95,3939,3229.98,10832.25,14259.18,23397.66,14771.25,7365.93,1811.94
,,,,,,,33,4135.95,3939,3229.98,10832.25,14259.18,23397.66,14771.25,7365.93,1811.94
,,,,,,,34,4135.95,3939,3229.98,10832.25,14259.18,23397.66,14771.25,7365.93,1811.94
,,,,,,,35,4135.95,3939,3229.98,10832.25,14259.18,23397.66,14771.25,7365.93,1811.94
,,,,,,,36,4135.95,3939,3229.98,10832.25,14259.18,23397.66,14771.25,7365.93,1811.94
,,,,,,,37,4135.95,3939,3229.98,10832.25,14259.18,23397.66,14771.25,7365.93,1811.94
,,,,,,,38,4135.95,3939,3229.98,10832.25,14259.18,23397.66,14771.25,7365.93,1811.94
,,,,,,,39,4135.95,3939,3229.98,10832.25,14259.18,23397.66,14771.25,7365.93,1811.94
,,,,,,,40,4135.95,3939,3229.98,10832.25,14259.18,23397.66,14771.25,7365.93,1811.94
,,,,,,,41,4135.95,3939,3229.98,10832.25,14259.18,23397.66,14771.25,7365.93,1811.94
,,,,,,,42,4135.95,3939,3229.98,10832.25,14259.18,23397.66,14771.25,7365.93,1811.94
,,,,,,,43,4135.95,3939,3229.98,10832.25,14259.18,23397.66,14771.25,7365.93,1811.94
,,,,,,,44,4135.95,3939,3229.98,10832.25,14259.18,23397.66,14771.25,7365.93,1811.94
,,,,,,,45,4135.95,3939,3229.98,10832.25,14259.18,23397.66,14771.25,7365.93,1811.94
,,,,,,,46,4135.95,3939,3229.98,10832.25,14259.18,23397.66,14771.25,7365.93,1811.94
,,,,,,,47,4135.95,3939,3229.98,10832.25,14259.18,23397.66,14771.25,7365.93,1811.94
,,,,,,,48,4135.95,3939,3229.98,10832.25,14259.18,23397.66,14771.25,7365.93,1811.94
,,,,,,,49,4135.95,3939,3229.98,10832.25,14259.18,23397.66,14771.25,7365.93,1811.94
,,,,,,,50,4135.95,3939,3229.98,10832.25,14259.18,23397.66,14771.25,7365.93,1811.94
,,,,,,,51,4135.95,3939,3229.98,10832.25,14259.18,23397.66,14771.25,7365.93,1811.94
,,,,,,,52,4135.95,3939,3229.98,10832.25,14259.18,23397.66,14771.25,7365.93,1811.94
,,,,,,,53,4135.95,3939,3229.98,10832.25,14259.18,23397.66,14771.25,7365.93,1811.94
,,,,,,,54,4135.95,3939,3229.98,10832.25,14259.18,23397.66,14771.25,7365.93,1811.94
,,,,,,,55,4135.95,3939,3229.98,10832.25,14259.18,23397.66,14771.25,7365.93,1811.94
,,,,,,,56,4135.95,3939,3229.98,10832.25,14259.18,23397.66,14771.25,7365.93,1811.94
,,,,,,,57,4135.95,3939,3229.98,10832.25,14259.18,23397.66,14771.25,7365.93,1811.94
,,,,,,,58,4135.95,3939,3229.98,10832.25,14259.18,23397.66,14771.25,7365.93,1811.94
,,,,,,,59,4135.95,3939,3229.98,10832.25,14259.18,23397.66,14771.25,7365.93,1811.94
,,,,,,,60,4135.95,3939,3229.98,10832.25,14259.18,23397.66,14771.25,7365.93,1811.94
,,,,,,,61,4135.95,3939,3229.98,10832.25,14259.18,23397.66,14771.25,7365.93,1811.94
,,,,,,,62,4135.95,3939,3229.98,10832.25,14259.18,23397.66,14771.25,7365.93,1811.94
,,,,,,,63,4135.95,3939,3229.98,10832.25,14259.18,23397.66,14771.25,7365.93,1811.94
,,,,,,,64,4135.95,3939,3229.98,10832.25,14259.18,23397.66,14771.25,7365.93,1811.94
,,,,,,,65,4135.95,3939,3229.98,10832.25,14259.18,23397.66,14771.25,7365.93,1811.94
,,,,,,,66,4135.95,3939,3229.98,10832.25,14259.18,23397.66,14771.25,7365.93,1811.94
,,,,,,,67,4135.95,3939,3229.98,10832.25,14259.18,23397.66,14771.25,7365.93,1811.94
,,,,,,,68,4135.95,3939,3229.98,10832.25,14259.18,23397.66,14771.25,7365.93,1811.94
,,,,,,,69,4135.95,3939,3229.98,10832.25,14259.18,23397.66,14771.25,7365.93,1811.94
,,,,,,,70,4135.95,3939,3229.98,10832.25,14259.18,23397.66,14771.25,7365.93,1811.94
,,,,,,,71,4135.95,3939,3229.98,10832.25,14259.18,23397.66,14771.25,7365.93,1811.94
,,,,,,,72,4135.95,3939,3229.98,10832.25,14259.18,23397.66,14771.25,7365.93,1811.94
,,,,,,,73,4135.95,3939,3229.98,10832.25,14259.18,23397.66,14771.25,7365.93,1811.94
,,,,,,,74,4135.95,3939,3229.98,10832.25,14259.18,23397.66,14771.25,7365.93,1811.94
,,,,,,,75,4135.95,3939,3229.98,10832.25,14259.18,23397.66,14771.25,7365.93,1811.94
,,,,,,,76,4135.95,3939,3229.98,10832.25,14259.18,23397.66,14771.25,7365.93,1811.94
,,,,,,,77,4135.95,3939,3229.98,10832.25,14259.18,23397.66,14771.25,7365.93,1811.94
,,,,,,,78,4135.95,3939,3229.98,10832.25,14259.18,23397.66,14771.25,7365.93,1811.94
,,,,,,,79,4135.95,3939,3229.98,10832.25,14259.18,23397.66,14771.25,7365.93,1811.94
,,,,,,,80,4135.95,3939,3229.98,10832.25,14259.18,23397.66,14771.25,7365.93,1811.94
,,,,,,,81,4135.95,3939,3229.98,10832.25,14259.18,23397.66,14771.25,7365.93,1811.94
,,,,,,,82,4135.95,3939,3229.98,10832.25,14259.18,23397.66,14771.25,7365.93,1811.94
,,,,,,,83,4135.95,3939,3229.98,10832.25,14259.18,23397.66,14771.25,7365.93,1811.94
,,,,,,,84,4135.95,3939,3229.98,10832.25,14259.18,23397.66,14771.25,7365.93,1811.94
,,,,,,,85,4135.95,3939,3229.98,10832.25,14259.18,23397.66,14771.25,7365.93,1811.94
,,,,,,,86,4135.95,3939,3229.98,10832.25,14259.18,23397.66,14771.25,7365.93,1811.94
,,,,,,,87,4135.95,3939,3229.98,10832.25,14259.18,23397.66,14771.25,7365.93,1811.94
,,,,,,,88,4135.95,3939,3229.98,10832.25,14259.18,23397.66,14771.25,7365.93,1811.94
,,,,,,,89,4135.95,3939,3229.98,10832.25,14259.18,23397.66,14771.25,7365.93,1811.94
,,,,,,,90,4135.95,3939,3229.98,10832.25,14259.18,23397.66,14771.25,7365.93,1811.94
,,,,,,,91,4135.95,3939,3229.98,10832.25,14259.18,23397.66,14771.25,7365.93,1811.94
,,,,,,,92,4135.95,3939,3229.98,10832.25,14259.18,23397.66,14771.25,7365.93,1811.94
,,,,,,,93,4135.95,3939,3229.98,10832.25,14259.18,23397.66,14771.25,7365.93,1811.94
,,,,,,,94,4135.95,3939,3229.98,10832.25,14259.18,23397.66,14771.25,7365.93,1811.94
,,,,,,,95,4135.95,3939,3229.98,10832.25,14259.18,23397.66,14771.25,7365.93,1811.94
,,,,,,,96,4135.95,3939,3229.98,10832.25,14259.18,23397.66,14771.25,7365.93,1811.94
,,,,,,,97,4135.95,3939,3229.98,10832.25,14259.18,23397.66,14771.25,7365.93,1811.94
,,,,,,,98,4135.95,3939,3229.98,10832.25,14259.18,23397.66,14771.25,7365.93,1811.94
,,,,,,,99,4135.95,3939,3229.98,10832.25,14259.18,23397.66,14771.25,7365.93,1811.94
,,,,,,,100,4135.95,3939,3229.98,10832.25,14259.18,23397.66,14771.25,7365.93,1811.94
,,,,,,,101,4135.95,3939,3229.98,10832.25,14259.18,23397.66,14771.25,7365.93,1811.94
,,,,,,,102,4135.95,3939,3229.98,10832.25,14259.18,23397.66,14771.25,7365.93,1811.94
,,,,,,,103,4135.95,3939,3229.98,10832.25,14259.18,23397.66,14771.25,7365.93,1811.94
,,,,,,,104,4135.95,3939,3229.98,10832.25,14259.18,23397.66,14771.25,7365.93,1811.94
,,,,,,,105,4135.95,3939,3229.98,10832.25,14259.18,23397.66,14771.25,7365.93,1811.94
,,,,,,,106,4135.95,3939,3229.98,10832.25,14259.18,23397.66,14771.25,7365.93,1811.94
,,,,,,,107,4135.95,3939,3229.98,10832.25,14259.18,23397.66,14771.25,7365.93,1811.94
,,,,,,,108,4135.95,3939,3229.98,10832.25,14259.18,23397.66,14771.25,7365.93,1811.94
,,,,,,,109,4135.95,3939,3229.98,10832.25,14259.18,23397.66,14771.25,7365.93,1811.94
,,,,,,,110,4135.95,3939,3229.98,10832.25,14259.18,23397.66,14771.25,7365.93,1811.94
,,,,,,,111,4135.95,3939,3229.98,10832.25,14259.18,23397.66,14771.25,7365.93,1811.94
,,,,,,,112,4135.95,3939,3229.98,10832.25,14259.18,23397.66,14771.25,7365.93,1811.94
,,,,,,,113,4135.95,3939,3229.98,10832.25,14259.18,23397.66,14771.25,7365.93,1811.94
,,,,,,,114,4135.95,3939,3229.98,10832.25,14259.18,23397.66,14771.25,7365.93,1811.94
,,,,,,,115,4135.95,3939,3229.98,10832.25,14259.18,23397.66,14771.25,7365.93,1811.94
,,,,,,,116,4135.95,3939,3229.98,10832.25,14259.18,23397.66,14771.25,7365.93,1811.94
,,,,,,,117,4135.95,3939,3229.98,10832.25,14259.18,23397.66,14771.25,7365.93,1811.94
,,,,,,,118,4135.95,3939,3229.98,10832.25,14259.18,23397.66,14771.25,7365.93,1811.94
,,,,,,,119,4135.95,3939,3229.98,10832.25,14259.18,23397.66,14771.25,7365.93,1811.94
,,,,,,,120,4135.95,3939,3229.98,10832.25,14259.18,23397.66,14771.25,7365.93,1811.94
,,,,,,,121,4135.95,3939,3229.98,10832.25,14259.18,23397.66,14771.25,7365.93,1811.94
,,,,,,,122,4135.95,3939,3229.98,10832.25,14259.18,23397.66,14771.25,7365.93,1811.94
,,,,,,,123,4135.95,3939,3229.98,10832.25,14259.18,23397.66,14771.25,7365.93,1811.94
,,,,,,,124,4135.95,3939,3229.98,10832.25,14259.18,23397.66,14771.25,7365.93,1811.94
,,,,,,,125,4135.95,3939,3229.98,10832.25,14259.18,23397.66,14771.25,7365.93,1811.94
,,,,,,,126,4135.95,3939,3229.98,10832.25,14259.18,23397.66,14771.25,7365.93,1811.94
,,,,,,,127,4135.95,3939,3229.98,10832.25,14259.18,23397.66,14771.25,7365.93,1811.94
,,,,,,,128,4135.95,3939,3229.98,10832.25,14259.18,23397.66,14771.25,7365.93,1811.94
,,,,,,,129,4135.95,3939,3229.98,10832.25,14259.18,23397.66,14771.25,7365.93,1811.94
,,,,,,,130,4135.95,3939,3229.98,10832.25,14259.18,23397.66,14771.25,7365.93,1811.94
,,,,,,,131,4135.95,3939,3229.98,10832.25,14259.18,23397.66,14771.25,7365.93,1811.94
,,,,,,,132,4135.95,3939,3229.98,10832.25,14259.18,23397.66,14771.25,7365.93,1811.94
,,,,,,,133,4135.95,3939,3229.98,10832.25,14259.18,23397.66,14771.25,7365.93,1811.94
,,,,,,,134,4135.95,3939,3229.98,10832.25,14259.18,23397.66,14771.25,7365.93,1811.94
,,,,,,,135,4135.95,3939,3229.98,10832.25,14259.18,23397.66,14771.25,7365.93,1811.94
,,,,,,,136,4135.95,3939,3229.98,10832.25,14259.18,23397.66,14771.25,7365.93,1811.94
,,,,,,,137,4135.95,3939,3229.98,10832.25,14259.18,23397.66,14771.25,7365.93,1811.94
,,,,,,,138,4135.95,3939,3229.98,10832.25,14259.18,23397.66,14771.25,7365.93,1811.94
,,,,,,,139,4135.95,3939,3229.98,10832.25,14259.18,23397.66,14771.25,7365.93,1811.94
,,,,,,,140,4135.95,3939,3229.98,10832.25,14259.18,23397.66,14771.25,7365.93,1811.94
,,,,,,,141,4135.95,3939,3229.98,10832.25,14259.18,23397.66,14771.25,7365.93,1811.94
,,,,,,,142,4135.95,3939,3229.98,10832.25,14259.18,23397.66,14771.25,7365.93,1811.94
,,,,,,,143,4135.95,3939,3229.98,10832.25,14259.18,23397.66,14771.25,7365.93,1811.94
,,,,,,,144,4135.95,3939,3229.98,10832.25,14259.18,23397.66,14771.25,7365.93,1811.94
,,,,,,,145,4135.95,3939,3229.98,10832.25,14259.18,23397.66,14771.25,7365.93,1811.94
,,,,,,,146,4135.95,3939,3229.98,10832.25,14259.18,23397.66,14771.25,7365.93,1811.94
,,,,,,,147,4135.95,3939,3229.98,10832.25,14259.18,23397.66,14771.25,7365.93,1811.94
,,,,,,,148,4135.95,3939,3229.98,10832.25,14259.18,23397.66,14771.25,7365.93,1811.94
,,,,,,,149,4135.95,3939,3229.98,10832.25,14259.18,23397.66,14771.25,7365.93,1811.94
,,,,,,,150,4135.95,3939,3229.98,10832.25,14259.18,23397.66,14771.25,7365.93,1811.94
,,,,,,,151,4135.95,3939,3229.98,10832.25,14259.18,23397.66,14771.25,7365.93,1811.94
,,,,,,,152,4135.95,3939,3229.98,10832.25,14259.18,23397.66,14771.25,7365.93,1811.94
,,,,,,,153,4135.95,3939,3229.98,10832.25,14259.18,23397.66,14771.25,7365.93,1811.94
,,,,,,,154,4135.95,3939,3229.98,10832.25,14259.18,23397.66,14771.25,7365.93,1811.94
,,,,,,,155,4135.95,3939,3229.98,10832.25,14259.18,23397.66,14771.25,7365.93,1811.94
,,,,,,,156,4135.95,3939,3229.98,10832.25,14259.18,23397.66,14771.25,7365.93,1811.94
,,,,,,,157,4135.95,3939,3229.98,10832.25,14259.18,23397.66,14771.25,7365.93,1811.94
,,,,,,,158,4135.95,3939,3229.98,10832.25,14259.18,23397.66,14771.25,7365.93,1811.94
,,,,,,,159,4135.95,3939,3229.98,10832.25,14259.18,23397.66,14771.25,7365.93,1811.94
,,,,,,,160,4135.95,3939,3229.98,10832.25,14259.18,23397.66,14771.25,7365.93,1811.94
,,,,,,,161,4135.95,3939,3229.98,10832.25,14259.18,23397.66,14771.25,7365.93,1811.94
,,,,,,,162,4135.95,3939,3229.98,10832.25,14259.18,23397.66,14771.25,7365.93,1811.94
,,,,,,,163,4135.95,3939,3229.98,10832.25,14259.18,23397.66,14771.25,7365.93,1811.94
,,,,,,,164,4135.95,3939,3229.98,10832.25,14259.18,23397.66,14771.25,7365.93,1811.94
,,,,,,,165,4135.95,3939,3229.98,10832.25,14259.18,23397.66,14771.25,7365.93,1811.94
,,,,,,,166,4135.95,3939,3229.98,10832.25,14259.18,23397.66,14771.25,7365.93,1811.94
,,,,,,,167,4135.95,3939,3229.98,10832.25,14259.18,23397.66,14771.25,7365.93,1811.94
,,,,,,,168,4135.95,3939,3229.98,10832.25,14259.18,23397.66,14771.25,7365.93,1811.94
,,,,,,,169,4135.95,3939,3229.98,10832.25,14259.18,23397.66,14771.25,7365.93,1811.94
,,,,,,,170,4135.95,3939,3229.98,10832.25,14259.18,23397.66,14771.25,7365.93,1811.94
,,,,,,,171,4135.95,3939,3229.98,10832.25,14259.18,23397.66,14771.25,7365.93,1811.94
,,,,,,,172,4135.95,3939,3229.98,10832.25,14259.18,23397.66,14771.25,7365.93,1811.94
,,,,,,,173,4135.95,3939,3229.98,10832.25,14259.18,23397.66,14771.25,7365.93,1811.94
,,,,,,,174,4135.95,3939,3229.98,10832.25,14259.18,23397.66,14771.25,7365.93,1811.94
,,,,,,,175,4135.95,3939,3229.98,10832.25,14259.18,23397.66,14771.25,7365.93,1811.94
,,,,,,,176,4135.95,3939,3229.98,10832.25,14259.18,23397.66,14771.25,7365.93,1811.94
,,,,,,,177,4135.95,3939,3229.98,10832.25,14259.18,23397.66,14771.25,7365.93,1811.94
,,,,,,,178,4135.95,3939,3229.98,10832.25,14259.18,23397.66,14771.25,7365.93,1811.94
,,,,,,,179,4135.95,3939,3229.98,10832.25,14259.18,23397.66,14771.25,7365.93,1811.94
,,,,,,,180,4135.95,3939,3229.98,10832.25,14259.18,23397.66,14771.25,7365.93,1811.94
,,,,,,,181,4135.95,3939,3229.98,10832.25,14259.18,23397.66,14771.25,7365.93,1811.94
,,,,,,,182,4135.95,3939,3229.98,10832.25,14259.18,23397.66,14771.25,7365.93,1811.94
,,,,,,,183,4135.95,3939,3229.98,10832.25,14259.18,23397.66,14771.25,7365.93,1811.94
,,,,,,,184,4135.95,3939,3229.98,10832.25,14259.18,23397.66,14771.25,7365.93,1811.94
,,,,,,,185,4135.95,3939,3229.98,10832.25,14259.18,23397.66,14771.25,7365.93,1811.94
,,,,,,,186,4135.95,3939,3229.98,10832.25,14259.18,23397.66,14771.25,7365.93,1811.94
,,,,,,,187,4135.95,3939,3229.98,10832.25,14259.18,23397.66,14771.25,7365.93,1811.94
,,,,,,,188,4135.95,3939,3229.98,10832.25,14259.18,23397.66,14771.25,7365.93,1811.94
,,,,,,,189,4135.95,3939,3229.98,10832.25,14259.18,23397.66,14771.25,7365.93,1811.94
,,,,,,,190,4135.95,3939,3229.98,10832.25,14259.18,23397.66,14771.25,7365.93,1811.94
,,,,,,,191,4135.95,3939,3229.98,10832.25,14259.18,23397.66,14771.25,7365.93,1811.94
,,,,,,,192,4135.95,3939,3229.98,10832.25,14259.18,23397.66,14771.25,7365.93,1811.94
,,,,,,,193,4135.95,3939,3229.98,10832.25,14259.18,23397.66,14771.25,7365.93,1811.94
,,,,,,,194,4135.95,3939,3229.98,10832.25,14259.18,23397.66,14771.25,7365.93,1811.94
,,,,,,,195,4135.95,3939,3229.98,10832.25,14259.18,23397.66,14771.25,7365.93,1811.94
,,,,,,,196,4135.95,3939,3229.98,10832.25,14259.18,23397.66,14771.25,7365.93,1811.94
,,,,,,,197,4135.95,3939,3229.98,10832.25,14259.18,23397.66,14771.25,7365.93,1811.94
,,,,,,,198,4135.95,3939,3229.98,10832.25,14259.18,23397.66,14771.25,7365.93,1811.94
,,,,,,,199,4135.95,3939,3229.98,10832.25,14259.18,23397.66,14771.25,7365.93,1811.94
,,,,,,,200,4135.95,3939,3229.98,10832.25,14259.18,23397.66,14771.25,7365.93,1811.94
,,,,,,,201,4135.95,3939,3229.98,10832.25,14259.18,23397.66,14771.25,7365.93,1811.94
,,,,,,,202,4135.95,3939,3229.98,10832.25,14259.18,23397.66,14771.25,7365.93,1811.94
,,,,,,,203,4135.95,3939,3229.98,10832.25,14259.18,23397.66,14771.25,7365.93,1811.94
,,,,,,,204,4135.95,3939,3229.98,10832.25,14259.18,23397.66,14771.25,7365.93,1811.94
,,,,,,,205,4135.95,3939,3229.98,10832.25,14259.18,23397.66,14771.25,7365.93,1811.94
,,,,,,,206,4135.95,3939,3229.98,10832.25,14259.18,23397.66,14771.25,7365.93,1811.94
,,,,,,,207,4135.95,3939,3229.98,10832.25,14259.18,23397.66,14771.25,7365.93,1811.94
,,,,,,,208,4135.95,3939,3229.98,10832.25,14259.18,23397.66,14771.25,7365.93,1811.94
,,,,,,,209,4135.95,3939,3229.98,10832.25,14259.18,23397.66,14771.25,7365.93,1811.94
,,,,,,,210,4135.95,3939,3229.98,10832.25,14259.18,23397.66,14771.25,7365.93,1811.94
,,,,,,,211,4135.95,3939,3229.98,10832.25,14259.18,23397.66,14771.25,7365.93,1811.94
,,,,,,,212,4135.95,3939,3229.98,10832.25,14259.18,23397.66,14771.25,7365.93,1811.94
,,,,,,,213,4135.95,3939,3229.98,10832.25,14259.18,23397.66,14771.25,7365.93,1811.94
,,,,,,,214,4135.95,3939,3229.98,10832.25,14259.18,23397.66,14771.25,7365.93,1811.94
,,,,,,,215,4135.95,3939,3229.98,10832.25,14259.18,23397.66,14771.25,7365.93,1811.94
,,,,,,,216,4135.95,3939,3229.98,10832.25,14259.18,23397.66,14771.25,7365.93,1811.94
,,,,,,,217,4135.95,3939,3229.98,10832.25,14259.18,23397.66,14771.25,7365.93,1811.94
,,,,,,,218,4135.95,3939,3229.98,10832.25,14259.18,23397.66,14771.25,7365.93,1811.94
,,,,,,,219,4135.95,3939,3229.98,10832.25,14259.18,23397.66,14771.25,7365.93,1811.94
,,,,,,,220,4135.95,3939,3229.98,10832.25,14259.18,23397.66,14771.25,7365.93,1811.94
,,,,,,,221,4135.95,3939,3229.98,10832.25,14259.18,23397.66,14771.25,7365.93,1811.94
,,,,,,,222,4135.95,3939,3229.98,10832.25,14259.18,23397.66,14771.25,7365.93,1811.94
,,,,,,,223,4135.95,3939,3229.98,10832.25,14259.18,23397.66,14771.25,7365.93,1811.94
,,,,,,,224,4135.95,3939,3229.98,10832.25,14259.18,23397.66,14771.25,7365.93,1811.94
,,,,,,,225,4135.95,3939,3229.98,10832.25,14259.18,23397.66,14771.25,7365.93,1811.94
,,,,,,,226,4135.95,3939,3229.98,10832.25,14259.18,23397.66,14771.25,7365.93,1811.94
,,,,,,,227,4135.95,3939,3229.98,10832.25,14259.18,23397.66,14771.25,7365.93,1811.94
,,,,,,,228,4135.95,3939,3229.98,10832.25,14259.18,23397.66,14771.25,7365.93,1811.94
,,,,,,,229,4135.95,3939,3229.98,10832.25,14259.18,23397.66,14771.25,7365.93,1811.94
,,,,,,,230,4135.95,3939,3229.98,10832.25,14259.18,23397.66,14771.25,7365.93,1811.94
,,,,,,,231,4135.95,3939,3229.98,10832.25,14259.18,23397.66,14771.25,7365.93,1811.94
,,,,,,,232,4135.95,3939,3229.98,10832.25,14259.18,23397.66,14771.25,7365.93,1811.94
,,,,,,,233,4135.95,3939,3229.98,10832.25,14259.18,23397.66,14771.25,7365.93,1811.94
,,,,,,,234,4135.95,3939,3229.98,10832.25,14259.18,23397.66,14771.25,7365.93,1811.94
,,,,,,,235,4135.95,3939,3229.98,10832.25,14259.18,23397.66,14771.25,7365.93,1811.94
,,,,,,,236,4135.95,3939,3229.98,10832.25,14259.18,23397.66,14771.25,7365.93,1811.94
,,,,,,,237,4135.95,3939,3229.98,10832.25,14259.18,23397.66,14771.25,7365.93,1811.94
,,,,,,,238,4135.95,3939,3229.98,10832.25,14259.18,23397.66,14771.25,7365.93,1811.94
,,,,,,,239,4135.95,3939,3229.98,10832.25,14259.18,23397.66,14771.25,7365.93,1811.94
,,,,,,,240,4135.95,3939,3229.98,10832.25,14259.18,23397.66,14771.25,7365.93,1811.94
,,,,,,,241,4135.95,3939,3229.98,10832.25,14259.18,23397.66,14771.25,7365.93,1811.94
,,,,,,,242,4135.95,3939,3229.98,10832.25,14259.18,23397.66,14771.25,7365.93,1811.94
,,,,,,,243,4135.95,3939,3229.98,10832.25,14259.18,23397.66,14771.25,7365.93,1811.94
,,,,,,,244,4135.95,3939,3229.98,10832.25,14259.18,23397.66,14771.25,7365.93,1811.94
,,,,,,,245,4135.95,3939,3229.98,10832.25,14259.18,23397.66,14771.25,7365.93,1811.94
,,,,,,,246,4135.95,3939,3229.98,10832.25,14259.18,23397.66,14771.25,7365.93,1811.94
,,,,,,,247,4135.95,3939,3229.98,10832.25,14259.18,23397.66,14771.25,7365.93,1811.94
,,,,,,,248,4135.95,3939,3229.98,10832.25,14259.18,23397.66,14771.25,7365.93,1811.94
,,,,,,,249,4135.95,3939,3229.98,10832.25,14259.18,23397.66,14771.25,7365.93,1811.94
,,,,,,,250,4135.95,3939,3229.98,10832.25,14259.18,23397.66,14771.25,7365.93,1811.94
,,,,,,,251,4135.95,3939,3229.98,10832.25,14259.18,23397.66,14771.25,7365.93,1811.94
,,,,,,,252,4135.95,3939,3229.98,10832.25,14259.18,23397.66,14771.25,7365.93,1811.94
,,,,,,,253,4135.95,3939,3229.98,10832.25,14259.18,23397.66,14771.25,7365.93,1811.94
,,,,,,,254,4135.95,3939,3229.98,10832.25,14259.18,23397.66,14771.25,7365.93,1811.94
,,,,,,,255,4135.95,3939,3229.98,10832.25,14259.18,23397.66,14771.25,7365.93,1811.94
,,,,,,,256,4135.95,3939,3229.98,10832.25,14259.18,23397.66,14771.25,7365.93,1811.94
,,,,,,,257,4135.95,3939,3229.98,10832.25,14259.18,23397.66,14771.25,7365.93,1811.94
,,,,,,,258,4135.95,3939,3229.98,10832.25,14259.18,23397.66,14771.25,7365.93,1811.94
,,,,,,,259,4135.95,3939,3229.98,10832.25,14259.18,23397.66,14771.25,7365.93,1811.94
,,,,,,,260,4135.95,3939,3229.98,10832.25,14259.18,23397.66,14771.25,7365.93,1811.94
,,,,,,,261,4135.95,3939,3229.98,10832.25,14259.18,23397.66,14771.25,7365.93,1811.94
,,,,,,,262,4135.95,3939,3229.98,10832.25,14259.18,23397.66,14771.25,7365.93,1811.94
,,,,,,,263,4135.95,3939,3229.98,10832.25,14259.18,23397.66,14771.25,7365.93,1811.94
,,,,,,,264,4135.95,3939,3229.98,10832.25,14259.18,23397.66,14771.25,7365.93,1811.94
,,,,,,,265,4135.95,3939,3229.98,10832.25,14259.18,23397.66,14771.25,7365.93,1811.94
,,,,,,,266,4135.95,3939,3229.98,10832.25,14259.18,23397.66,14771.25,7365.93,1811.94
,,,,,,,267,4135.95,3939,3229.98,10832.25,14259.18,23397.66,14771.25,7365.93,1811.94
,,,,,,,268,4135.95,3939,3229.98,10832.25,14259.18,23397.66,14771.25,7365.93,1811.94
,,,,,,,269,4135.95,3939,3229.98,10832.25,14259.18,23397.66,14771.25,7365.93,1811.94
,,,,,,,270,4135.95,3939,3229.98,10832.25,14259.18,23397.66,14771.25,7365.93,1811.94
,,,,,,,271,4135.95,3939,3229.98,10832.25,14259.18,23397.66,14771.25,7365.93,1811.94
,,,,,,,272,4135.95,3939,3229.98,10832.25,14259.18,23397.66,14771.25,7365.93,1811.94
,,,,,,,273,4135.95,3939,3229.98,10832.25,14259.18,23397.66,14771.25,7365.93,1811.94
,,,,,,,274,4135.95,3939,3229.98,10832.25,14259.18,23397.66,14771.25,7365.93,1811.94
,,,,,,,275,4135.95,3939,3229.98,10832.25,14259.18,23397.66,14771.25,7365.93,1811.94
,,,,,,,276,4135.95,3939,3229.98,10832.25,14259.18,23397.66,14771.25,7365.93,1811.94
,,,,,,,277,4135.95,3939,3229.98,10832.25,14259.18,23397.66,14771.25,7365.93,1811.94
,,,,,,,278,4135.95,3939,3229.98,10832.25,14259.18,23397.66,14771.25,7365.93,1811.94
,,,,,,,279,4135.95,3939,3229.98,10832.25,14259.18,23397.66,14771.25,7365.93,1811.94
,,,,,,,280,4135.95,3939,3229.98,10832.25,14259.18,23397.66,14771.25,7365.93,1811.94
,,,,,,,281,4135.95,3939,3229.98,10832.25,14259.18,23397.66,14771.25,7365.93,1811.94
,,,,,,,282,4135.95,3939,3229.98,10832.25,14259.18,23397.66,14771.25,7365.93,1811.94
,,,,,,,283,4135.95,3939,3229.98,10832.25,14259.18,23397.66,14771.25,7365.93,1811.94
,,,,,,,284,4135.95,3939,3229.98,10832.25,14259.18,23397.66,14771.25,7365.93,1811.94
,,,,,,,285,4135.95,3939,3229.98,10832.25,14259.18,23397.66,14771.25,7365.93,1811.94
,,,,,,,286,4135.95,3939,3229.98,10832.25,14259.18,23397.66,14771.25,7365.93,1811.94
,,,,,,,287,4135.95,3939,3229.98,10832.25,14259.18,23397.66,14771.25,7365.93,1811.94
,,,,,,,288,4135.95,3939,3229.98,10832.25,14259.18,23397.66,14771.25,7365.93,1811.94
,,,,,,,289,4135.95,3939,3229.98,10832.25,14259.18,23397.66,14771.25,7365.93,1811.94
,,,,,,,290,4135.95,3939,3229.98,10832.25,14259.18,23397.66,14771.25,7365.93,1811.94
,,,,,,,291,4135.95,3939,3229.98,10832.25,14259.18,23397.66,14771.25,7365.93,1811.94
,,,,,,,292,4135.95,3939,3229.98,10832.25,14259.18,23397.66,14771.25,7365.93,1811.94
,,,,,,,293,4135.95,3939,3229.98,10832.25,14259.18,23397.66,14771.25,7365.93,1811.94
,,,,,,,294,4135.95,3939,3229.98,10832.25,14259.18,23397.66,14771.25,7365.93,1811.94
,,,,,,,295,4135.95,3939,3229.98,10832.25,14259.18,23397.66,14771.25,7365.93,1811.94
,,,,,,,296,4135.95,3939,3229.98,10832.25,14259.18,23397.66,14771.25,7365.93,1811.94
,,,,,,,297,4135.95,3939,3229.98,10832.25,14259.18,23397.66,14771.25,7365.93,1811.94
,,,,,,,298,4135.95,3939,3229.98,10832.25,14259.18,23397.66,14771.25,7365.93,1811.94
,,,,,,,299,4135.95,3939,3229.98,10832.25,14259.18,23397.66,14771.25,7365.93,1811.94
,,,,,,,300,4135.95,3939,3229.98,10832.25,14259.18,23397.66,14771.25,7365.93,1811.94
,,,,,,,301,4135.95,3939,3229.98,10832.25,14259.18,23397.66,14771.25,7365.93,1811.94
,,,,,,,302,4135.95,3939,3229.98,10832.25,14259.18,23397.66,14771.25,7365.93,1811.94
,,,,,,,303,4135.95,3939,3229.98,10832.25,14259.18,23397.66,14771.25,7365.93,1811.94
,,,,,,,304,4135.95,3939,3229.98,10832.25,14259.18,23397.66,14771.25,7365.93,1811.94
,,,,,,,305,4135.95,3939,3229.98,10832.25,14259.18,23397.66,14771.25,7365.93,1811.94
,,,,,,,306,4135.95,3939,3229.98,10832.25,14259.18,23397.66,14771.25,7365.93,1811.94
,,,,,,,307,4135.95,3939,3229.98,10832.25,14259.18,23397.66,14771.25,7365.93,1811.94
,,,,,,,308,4135.95,3939,3229.98,10832.25,14259.18,23397.66,14771.25,7365.93,1811.94
,,,,,,,309,4135.95,3939,3229.98,10832.25,14259.18,23397.66,14771.25,7365.93,1811.94
,,,,,,,310,4135.95,3939,3229.98,10832.25,14259.18,23397.66,14771.25,7365.93,1811.94
,,,,,,,311,4135.95,3939,3229.98,10832.25,14259.18,23397.66,14771.25,7365.93,1811.94
,,,,,,,312,4135.95,3939,3229.98,10832.25,14259.18,23397.66,14771.25,7365.93,1811.94
,,,,,,,313,4135.95,3939,3229.98,10832.25,14259.18,23397.66,14771.25,7365.93,1811.94
,,,,,,,314,4135.95,3939,3229.98,10832.25,14259.18,23397.66,14771.25,7365.93,1811.94
,,,,,,,315,4135.95,3939,3229.98,10832.25,14259.18,23397.66,14771.25,7365.93,1811.94
,,,,,,,316,4135.95,3939,3229.98,10832.25,14259.18,23397.66,14771.25,7365.93,1811.94
,,,,,,,317,4135.95,3939,3229.98,10832.25,14259.18,23397.66,14771.25,7365.93,1811.94
,,,,,,,318,4135.95,3939,3229.98,10832.25,14259.18,23397.66,14771.25,7365.93,1811.94
,,,,,,,319,4135.95,3939,3229.98,10832.25,14259.18,23397.66,14771.25,7365.93,1811.94
,,,,,,,320,4135.95,3939,3229.98,10832.25,14259.18,23397.66,14771.25,7365.93,1811.94
,,,,,,,321,4135.95,3939,3229.98,10832.25,14259.18,23397.66,14771.25,7365.93,1811.94
,,,,,,,322,4135.95,3939,3229.98,10832.25,14259.18,23397.66,14771.25,7365.93,1811.94
,,,,,,,323,4135.95,3939,3229.98,10832.25,14259.18,23397.66,14771.25,7365.93,1811.94
,,,,,,,324,4135.95,3939,3229.98,10832.25,14259.18,23397.66,14771.25,7365.93,1811.94
,,,,,,,325,4135.95,3939,3229.98,10832.25,14259.18,23397.66,14771.25,7365.93,1811.94
,,,,,,,326,4135.95,3939,3229.98,10832.25,14259.18,23397.66,14771.25,7365.93,1811.94
,,,,,,,327,4135.95,3939,3229.98,10832.25,14259.18,23397.66,14771.25,7365.93,1811.94
,,,,,,,328,4135.95,3939,3229.98,10832.25,14259.18,23397.66,14771.25,7365.93,1811.94
,,,,,,,329,4135.95,3939,3229.98,10832.25,14259.18,23397.66,14771.25,7365.93,1811.94
,,,,,,,330,4135.95,3939,3229.98,10832.25,14259.18,23397.66,14771.25,7365.93,1811.94
,,,,,,,331,4135.95,3939,3229.98,10832.25,14259.18,23397.66,14771.25,7365.93,1811.94
,,,,,,,332,4135.95,3939,3229.98,10832.25,14259.18,23397.66,14771.25,7365.93,1811.94
,,,,,,,333,4135.95,3939,3229.98,10832.25,14259.18,23397.66,14771.25,7365.93,1811.94
,,,,,,,334,4135.95,3939,3229.98,10832.25,14259.18,23397.66,14771.25,7365.93,1811.94
,,,,,,,335,4135.95,3939,3229.98,10832.25,14259.18,23397.66,14771.25,7365.93,1811.94
,,,,,,,336,4135.95,3939,3229.98,10832.25,14259.18,23397.66,14771.25,7365.93,1811.94
,,,,,,,337,4135.95,3939,3229.98,10832.25,14259.18,23397.66,14771.25,7365.93,1811.94
,,,,,,,338,4135.95,3939,3229.98,10832.25,14259.18,23397.66,14771.25,7365.93,1811.94
,,,,,,,339,4135.95,3939,3229.98,10832.25,14259.18,23397.66,14771.25,7365.93,1811.94
,,,,,,,340,4135.95,3939,3229.98,10832.25,14259.18,23397.66,14771.25,7365.93,1811.94
,,,,,,,341,4135.95,3939,3229.98,10832.25,14259.18,23397.66,14771.25,7365.93,1811.94
,,,,,,,342,4135.95,3939,3229.98,10832.25,14259.18,23397.66,14771.25,7365.93,1811.94
,,,,,,,343,4135.95,3939,3229.98,10832.25,14259.18,23397.66,14771.25,7365.93,1811.94
,,,,,,,344,4135.95,3939,3229.98,10832.25,14259.18,23397.66,14771.25,7365.93,1811.94
,,,,,,,345,4135.95,3939,3229.98,10832.25,14259.18,23397.66,14771.25,7365.93,1811.94
,,,,,,,346,4135.95,3939,3229.98,10832.25,14259.18,23397.66,14771.25,7365.93,1811.94
,,,,,,,347,4135.95,3939,3229.98,10832.25,14259.18,23397.66,14771.25,7365.93,1811.94
,,,,,,,348,4135.95,3939,3229.98,10832.25,14259.18,23397.66,14771.25,7365.93,1811.94
,,,,,,,349,4135.95,3939,3229.98,10832.25,14259.18,23397.66,14771.25,7365.93,1811.94
,,,,,,,350,4135.95,3939,3229.98,10832.25,14259.18,23397.66,14771.25,7365.93,1811.94
,,,,,,,351,4135.95,3939,3229.98,10832.25,14259.18,23397.66,14771.25,7365.93,1811.94
,,,,,,,352,4135.95,3939,3229.98,10832.25,14259.18,23397.66,14771.25,7365.93,1811.94
,,,,,,,353,4135.95,3939,3229.98,10832.25,14259.18,23397.66,14771.25,7365.93,1811.94
,,,,,,,354,4135.95,3939,3229.98,10832.25,14259.18,23397.66,14771.25,7365.93,1811.94
,,,,,,,355,4135.95,3939,3229.98,10832.25,14259.18,23397.66,14771.25,7365.93,1811.94
,,,,,,,356,4135.95,3939,3229.98,10832.25,14259.18,23397.66,14771.25,7365.93,1811.94
,,,,,,,357,4135.95,3939,3229.98,10832.25,14259.18,23397.66,14771.25,7365.93,1811.94
,,,,,,,358,4135.95,3939,3229.98,10832.25,14259.18,23397.66,14771.25,7365.93,1811.94
,,,,,,,359,4135.95,3939,3229.98,10832.25,14259.18,23397.66,14771.25,7365.93,1811.94
,,,,,,,360,4135.95,3939,3229.98,10832.25,14259.18,23397.66,14771.25,7365.93,1811.94
,,,,,,,361,4135.95,3939,3229.98,10832.25,14259.18,23397.66,14771.25,7365.93,1811.94
,,,,,,,362,4135.95,3939,3229.98,10832.25,14259.18,23397.66,14771.25,7365.93,1811.94
,,,,,,,363,4135.95,3939,3229.98,10832.25,14259.18,23397.66,14771.25,7365.93,1811.94
,,,,,,,364,4135.95,3939,3229.98,10832.25,14259.18,23397.66,14771.25,7365.93,1811.94
,,,,,,,365,4135.95,3939,3229.98,10832.25,14259.18,23397.66,14771.25,7365.93,1811.94
,,,,,,,366,4135.95,3939,3229.98,10832.25,14259.18,23397.66,14771.25,7365.93,1811.94
,,,,,,,367,4135.95,3939,3229.98,10832.25,14259.18,23397.66,14771.25,7365.93,1811.94
,,,,,,,368,4135.95,3939,3229.98,10832.25,14259.18,23397.66,14771.25,7365.93,1811.94
,,,,,,,369,4135.95,3939,3229.98,10832.25,14259.18,23397.66,14771.25,7365.93,1811.94
,,,,,,,370,4135.95,3939,3229.98,10832.25,14259.18,23397.66,14771.25,7365.93,1811.94
,,,,,,,371,4135.95,3939,3229.98,10832.25,14259.18,23397.66,14771.25,7365.93,1811.94
,,,,,,,372,4135.95,3939,3229.98,10832.25,14259.18,23397.66,14771.25,7365.93,1811.94
,,,,,,,373,4135.95,3939,3229.98,10832.25,14259.18,23397.66,14771.25,7365.93,1811.94
,,,,,,,374,4135.95,3939,3229.98,10832.25,14259.18,23397.66,14771.25,7365.93,1811.94
,,,,,,,375,4135.95,3939,3229.98,10832.25,14259.18,23397.66,14771.25,7365.93,1811.94
,,,,,,,376,4135.95,3939,3229.98,10832.25,14259.18,23397.66,14771.25,7365.93,1811.94
,,,,,,,377,4135.95,3939,3229.98,10832.25,14259.18,23397.66,14771.25,7365.93,1811.94
,,,,,,,378,4135.95,3939,3229.98,10832.25,14259.18,23397.66,14771.25,7365.93,1811.94
,,,,,,,379,4135.95,3939,3229.98,10832.25,14259.18,23397.66,14771.25,7365.93,1811.94
,,,,,,,380,4135.95,3939,3229.98,10832.25,14259.18,23397.66,14771.25,7365.93,1811.94
,,,,,,,381,4135.95,3939,3229.98,10832.25,14259.18,23397.66,14771.25,7365.93,1811.94
,,,,,,,382,4135.95,3939,3229.98,10832.25,14259.18,23397.66,14771.25,7365.93,1811.94
,,,,,,,383,4135.95,3939,3229.98,10832.25,14259.18,23397.66,14771.25,7365.93,1811.94
,,,,,,,384,4135.95,3939,3229.98,10832.25,14259.18,23397.66,14771.25,7365.93,1811.94
,,,,,,,385,4135.95,3939,3229.98,10832.25,14259.18,23397.66,14771.25,7365.93,1811.94
,,,,,,,386,4135.95,3939,3229.98,10832.25,14259.18,23397.66,14771.25,7365.93,1811.94
,,,,,,,387,4135.95,3939,3229.98,10832.25,14259.18,23397.66,14771.25,7365.93,1811.94
,,,,,,,388,4135.95,3939,3229.98,10832.25,14259.18,23397.66,14771.25,7365.93,1811.94
,,,,,,,389,4135.95,3939,3229.98,10832.25,14259.18,23397.66,14771.25,7365.93,1811.94
,,,,,,,390,4135.95,3939,3229.98,10832.25,14259.18,23397.66,14771.25,7365.93,1811.94
,,,,,,,391,4135.95,3939,3229.98,10832.25,14259.18,23397.66,14771.25,7365.93,1811.94
,,,,,,,392,4135.95,3939,3229.98,10832.25,14259.18,23397.66,14771.25,7365.93,1811.94
,,,,,,,393,4135.95,3939,3229.98,10832.25,14259.18,23397.66,14771.25,7365.93,1811.94
,,,,,,,394,4135.95,3939,3229.98,10832.25,14259.18,23397.66,14771.25,7365.93,1811.94
,,,,,,,395,4135.95,3939,3229.98,10832.25,14259.18,23397.66,14771.25,7365.93,1811.94
,,,,,,,396,4135.95,3939,3229.98,10832.25,14259.18,23397.66,14771.25,7365.93,1811.94
,,,,,,,397,4135.95,3939,3229.98,10832.25,14259.18,23397.66,14771.25,7365.93,1811.94
,,,,,,,398,4135.95,3939,3229.98,10832.25,14259.18,23397.66,14771.25,7365.93,1811.94
,,,,,,,399,4135.95,3939,3229.98,10832.25,14259.18,23397.66,14771.25,7365.93,1811.94
,,,,,,,400,4135.95,3939,3229.98,10832.25,14259.18,23397.66,14771.25,7365.93,1811.94
,,,,,,,401,4135.95,3939,3229.98,10832.25,14259.18,23397.66,14771.25,7365.93,1811.94
,,,,,,,402,4135.95,3939,3229.98,10832.25,14259.18,23397.66,14771.25,7365.93,1811.94
,,,,,,,403,4135.95,3939,3229.98,10832.25,14259.18,23397.66,14771.25,7365.93,1811.94
,,,,,,,404,4135.95,3939,3229.98,10832.25,14259.18,23397.66,14771.25,7365.93,1811.94
,,,,,,,405,4135.95,3939,3229.98,10832.25,14259.18,23397.66,14771.25,7365.93,1811.94
,,,,,,,406,4135.95,3939,3229.98,10832.25,14259.18,23397.66,14771.25,7365.93,1811.94
,,,,,,,407,4135.95,3939,3229.98,10832.25,14259.18,23397.66,14771.25,7365.93,1811.94
,,,,,,,408,4135.95,3939,3229.98,10832.25,14259.18,23397.66,14771.25,7365.93,1811.94
,,,,,,,409,4135.95,3939,3229.98,10832.25,14259.18,23397.66,14771.25,7365.93,1811.94
,,,,,,,410,4135.95,3939,3229.98,10832.25,14259.18,23397.66,14771.25,7365.93,1811.94
,,,,,,,411,4135.95,3939,3229.98,10832.25,14259.18,23397.66,14771.25,7365.93,1811.94
,,,,,,,412,4135.95,3939,3229.98,10832.25,14259.18,23397.66,14771.25,7365.93,1811.94
,,,,,,,413,4135.95,3939,3229.98,10832.25,14259.18,23397.66,14771.25,7365.93,1811.94
,,,,,,,414,4135.95,3939,3229.98,10832.25,14259.18,23397.66,14771.25,7365.93,1811.94
,,,,,,,415,4135.95,3939,3229.98,10832.25,14259.18,23397.66,14771.25,7365.93,1811.94
,,,,,,,416,4135.95,3939,3229.98,10832.25,14259.18,23397.66,14771.25,7365.93,1811.94
,,,,,,,417,4135.95,3939,3229.98,10832.25,14259.18,23397.66,14771.25,7365.93,1811.94
,,,,,,,418,4135.95,3939,3229.98,10832.25,14259.18,23397.66,14771.25,7365.93,1811.94
,,,,,,,419,4135.95,3939,3229.98,10832.25,14259.18,23397.66,14771.25,7365.93,1811.94
,,,,,,,420,4135.95,3939,3229.98,10832.25,14259.18,23397.66,14771.25,7365.93,1811.94
,,,,,,,421,4135.95,3939,3229.98,10832.25,14259.18,23397.66,14771.25,7365.93,1811.94
,,,,,,,422,4135.95,3939,3229.98,10832.25,14259.18,23397.66,14771.25,7365.93,1811.94
,,,,,,,423,4135.95,3939,3229.98,10832.25,14259.18,23397.66,14771.25,7365.93,1811.94
,,,,,,,424,4135.95,3939,3229.98,10832.25,14259.18,23397.66,14771.25,7365.93,1811.94
,,,,,,,425,4135.95,3939,3229.98,10832.25,14259.18,23397.66,14771.25,7365.93,1811.94
,,,,,,,426,4135.95,3939,3229.98,10832.25,14259.18,23397.66,14771.25,7365.93,1811.94
,,,,,,,427,4135.95,3939,3229.98,10832.25,14259.18,23397.66,14771.25,7365.93,1811.94
,,,,,,,428,4135.95,3939,3229.98,10832.25,14259.18,23397.66,14771.25,7365.93,1811.94
,,,,,,,429,4135.95,3939,3229.98,10832.25,14259.18,23397.66,14771.25,7365.93,1811.94
,,,,,,,430,4135.95,3939,3229.98,10832.25,14259.18,23397.66,14771.25,7365.93,1811.94
,,,,,,,431,4135.95,3939,3229.98,10832.25,14259.18,23397.66,14771.25,7365.93,1811.94
,,,,,,,432,4135.95,3939,3229.98,10832.25,14259.18,23397.66,14771.25,7365.93,1811.94
,,,,,,,433,4135.95,3939,3229.98,10832.25,14259.18,23397.66,14771.25,7365.93,1811.94
,,,,,,,434,4135.95,3939,3229.98,10832.25,14259.18,23397.66,14771.25,7365.93,1811.94
,,,,,,,435,4135.95,3939,3229.98,10832.25,14259.18,23397.66,14771.25,7365.93,1811.94
,,,,,,,436,4135.95,3939,3229.98,10832.25,14259.18,23397.66,14771.25,7365.93,1811.94
,,,,,,,437,4135.95,3939,3229.98,10832.25,14259.18,23397.66,14771.25,7365.93,1811.94
,,,,,,,438,4135.95,3939,3229.98,10832.25,14259.18,23397.66,14771.25,7365.93,1811.94
,,,,,,,439,4135.95,3939,3229.98,10832.25,14259.18,23397.66,14771.25,7365.93,1811.94
,,,,,,,440,4135.95,3939,3229.98,10832.25,14259.18,23397.66,14771.25,7365.93,1811.94
,,,,,,,441,4135.95,3939,3229.98,10832.25,14259.18,23397.66,14771.25,7365.93,1811.94
,,,,,,,442,4135.95,3939,3229.98,10832.25,14259.18,23397.66,14771.25,7365.93,1811.94
,,,,,,,443,4135.95,3939,3229.98,10832.25,14259.18,23397.66,14771.25,7365.93,1811.94
,,,,,,,444,4135.95,3939,3229.98,10832.25,14259.18,23397.66,14771.25,7365.93,1811.94
,,,,,,,445,4135.95,3939,3229.98,10832.25,14259.18,23397.66,14771.25,7365.93,1811.94
,,,,,,,446,4135.95,3939,3229.98,10832.25,14259.18,23397.66,14771.25,7365.93,1811.94
,,,,,,,447,4135.95,3939,3229.98,10832.25,14259.18,23397.66,14771.25,7365.93,1811.94
,,,,,,,448,4135.95,3939,3229.98,10832.25,14259.18,23397.66,14771.25,7365.93,1811.94
,,,,,,,449,4135.95,3939,3229.98,10832.25,14259.18,23397.66,14771.25,7365.93,1811.94
,,,,,,,450,4135.95,3939,3229.98,10832.25,14259.18,23397.66,14771.25,7365.93,1811.94
,,,,,,,451,4135.95,3939,3229.98,10832.25,14259.18,23397.66,14771.25,7365.93,1811.94
,,,,,,,452,4135.95,3939,3229.98,10832.25,14259.18,23397.66,14771.25,7365.93,1811.94
,,,,,,,453,4135.95,3939,3229.98,10832.25,14259.18,23397.66,14771.25,7365.93,1811.94
,,,,,,,454,4135.95,3939,3229.98,10832.25,14259.18,23397.66,14771.25,7365.93,1811.94
,,,,,,,455,4135.95,3939,3229.98,10832.25,14259.18,23397.66,14771.25,7365.93,1811.94
,,,,,,,456,4135.95,3939,3229.98,10832.25,14259.18,23397.66,14771.25,7365.93,1811.94
,,,,,,,457,4135.95,3939,3229.98,10832.25,14259.18,23397.66,14771.25,7365.93,1811.94
,,,,,,,458,4135.95,3939,3229.98,10832.25,14259.18,23397.66,14771.25,7365.93,1811.94
,,,,,,,459,4135.95,3939,3229.98,10832.25,14259.18,23397.66,14771.25,7365.93,1811.94
,,,,,,,460,4135.95,3939,3229.98,10832.25,14259.18,23397.66,14771.25,7365.93,1811.94
,,,,,,,461,4135.95,3939,3229.98,10832.25,14259.18,23397.66,14771.25,7365.93,1811.94
,,,,,,,462,4135.95,3939,3229.98,10832.25,14259.18,23397.66,14771.25,7365.93,1811.94
,,,,,,,463,4135.95,3939,3229.98,10832.25,14259.18,23397.66,14771.25,7365.93,1811.94
,,,,,,,464,4135.95,3939,3229.98,10832.25,14259.18,23397.66,14771.25,7365.93,1811.94
,,,,,,,465,4135.95,3939,3229.98,10832.25,14259.18,23397.66,14771.25,7365.93,1811.94
,,,,,,,466,4135.95,3939,3229.98,10832.25,14259.18,23397.66,14771.25,7365.93,1811.94
,,,,,,,467,4135.95,3939,3229.98,10832.25,14259.18,23397.66,14771.25,7365.93,1811.94
,,,,,,,468,4135.95,3939,3229.98,10832.25,14259.18,23397.66,14771.25,7365.93,1811.94
,,,,,,,469,4135.95,3939,3229.98,10832.25,14259.18,23397.66,14771.25,7365.93,1811.94
,,,,,,,470,4135.95,3939,3229.98,10832.25,14259.18,23397.66,14771.25,7365.93,1811.94
,,,,,,,471,4135.95,3939,3229.98,10832.25,14259.18,23397.66,14771.25,7365.93,1811.94
,,,,,,,472,4135.95,3939,3229.98,10832.25,14259.18,23397.66,14771.25,7365.93,1811.94
,,,,,,,473,4135.95,3939,3229.98,10832.25,14259.18,23397.66,14771.25,7365.93,1811.94
,,,,,,,474,4135.95,3939,3229.98,10832.25,14259.18,23397.66,14771.25,7365.93,1811.94
,,,,,,,475,4135.95,3939,3229.98,10832.25,14259.18,23397.66,14771.25,7365.93,1811.94
,,,,,,,476,4135.95,3939,3229.98,10832.25,14259.18,23397.66,14771.25,7365.93,1811.94
,,,,,,,477,4135.95,3939,3229.98,10832.25,14259.18,23397.66,14771.25,7365.93,1811.94
,,,,,,,478,4135.95,3939,3229.98,10832.25,14259.18,23397.66,14771.25,7365.93,1811.94
,,,,,,,479,4135.95,3939,3229.98,10832.25,14259.18,23397.66,14771.25,7365.93,1811.94
,,,,,,,480,4135.95,3939,3229.98,10832.25,14259.18,23397.66,14771.25,7365.93,1811.94
,,,,,,,481,4135.95,3939,3229.98,10832.25,14259.18,23397.66,14771.25,7365.93,1811.94
,,,,,,,482,4135.95,3939,3229.98,10832.25,14259.18,23397.66,14771.25,7365.93,1811.94
,,,,,,,483,4135.95,3939,3229.98,10832.25,14259.18,23397.66,14771.25,7365.93,1811.94
,,,,,,,484,4135.95,3939,3229.98,10832.25,14259.18,23397.66,14771.25,7365.93,1811.94
,,,,,,,485,4135.95,3939,3229.98,10832.25,14259.18,23397.66,14771.25,7365.93,1811.94
,,,,,,,486,4135.95,3939,3229.98,10832.25,14259.18,23397.66,14771.25,7365.93,1811.94
,,,,,,,487,4135.95,3939,3229.98,10832.25,14259.18,23397.66,14771.25,7365.93,1811.94
,,,,,,,488,4135.95,3939,3229.98,10832.25,14259.18,23397.66,14771.25,7365.93,1811.94
,,,,,,,489,4135.95,3939,3229.98,10832.25,14259.18,23397.66,14771.25,7365.93,1811.94
,,,,,,,490,4135.95,3939,3229.98,10832.25,14259.18,23397.66,14771.25,7365.93,1811.94
,,,,,,,491,4135.95,3939,3229.98,10832.25,14259.18,23397.66,14771.25,7365.93,1811.94
,,,,,,,492,4135.95,3939,3229.98,10832.25,14259.18,23397.66,14771.25,7365.93,1811.94
,,,,,,,493,4135.95,3939,3229.98,10832.25,14259.18,23397.66,14771.25,7365.93,1811.94
,,,,,,,494,4135.95,3939,3229.98,10832.25,14259.18,23397.66,14771.25,7365.93,1811.94
,,,,,,,495,4135.95,3939,3229.98,10832.25,14259.18,23397.66,14771.25,7365.93,1811.94
,,,,,,,496,4135.95,3939,3229.98,10832.25,14259.18,23397.66,14771.25,7365.93,1811.94
,,,,,,,497,4135.95,3939,3229.98,10832.25,14259.18,23397.66,14771.25,7365.93,1811.94
,,,,,,,498,4135.95,3939,3229.98,10832.25,14259.18,23397.66,14771.25,7365.93,1811.94
,,,,,,,499,4135.95,3939,3229.98,10832.25,14259.18,23397.66,14771.25,7365.93,1811.94
,,,,,,,500,4135.95,3939,3229.98,10832.25,14259.18,23397.66,14771.25,7365.93,1811.94
,,,,,,,501,4135.95,3939,3229.98,10832.25,14259.18,23397.66,14771.25,7365.93,1811.94
,,,,,,,502,4135.95,3939,3229.98,10832.25,14259.18,23397.66,14771.25,7365.93,1811.94
,,,,,,,503,4135.95,3939,3229.98,10832.25,14259.18,23397.66,14771.25,7365.93,1811.94
,,,,,,,504,4135.95,3939,3229.98,10832.25,14259.18,23397.66,14771.25,7365.93,1811.94
,,,,,,,505,4135.95,3939,3229.98,10832.25,14259.18,23397.66,14771.25,7365.93,1811.94
,,,,,,,506,4135.95,3939,3229.98,10832.25,14259.18,23397.66,14771.25,7365.93,1811.94
,,,,,,,507,4135.95,3939,3229.98,10832.25,14259.18,23397.66,14771.25,7365.93,1811.94
,,,,,,,508,4135.95,3939,3229.98,10832.25,14259.18,23397.66,14771.25,7365.93,1811.94
,,,,,,,509,4135.95,3939,3229.98,10832.25,14259.18,23397.66,14771.25,7365.93,1811.94
,,,,,,,510,4135.95,3939,3229.98,10832.25,14259.18,23397.66,14771.25,7365.93,1811.94
,,,,,,,511,4135.95,3939,3229.98,10832.25,14259.18,23397.66,14771.25,7365.93,1811.94
,,,,,,,512,4135.95,3939,3229.98,10832.25,14259.18,23397.66,14771.25,7365.93,1811.94
,,,,,,,513,4135.95,3939,3229.98,10832.25,14259.18,23397.66,14771.25,7365.93,1811.94
,,,,,,,514,4135.95,3939,3229.98,10832.25,14259.18,23397.66,14771.25,7365.93,1811.94
,,,,,,,515,4135.95,3939,3229.98,10832.25,14259.18,23397.66,14771.25,7365.93,1811.94
,,,,,,,516,4135.95,3939,3229.98,10832.25,14259.18,23397.66,14771.25,7365.93,1811.94
,,,,,,,517,4135.95,3939,3229.98,10832.25,14259.18,23397.66,14771.25,7365.93,1811.94
,,,,,,,518,4135.95,3939,3229.98,10832.25,14259.18,23397.66,14771.25,7365.93,1811.94
,,,,,,,519,4135.95,3939,3229.98,10832.25,14259.18,23397.66,14771.25,7365.93,1811.94
,,,,,,,520,4135.95,3939,3229.98,10832.25,14259.18,23397.66,14771.25,7365.93,1811.94
,,,,,,,521,4135.95,3939,3229.98,10832.25,14259.18,23397.66,14771.25,7365.93,1811.94
,,,,,,,522,4135.95,3939,3229.98,10832.25,14259.18,23397.66,14771.25,7365.93,1811.94
,,,,,,,523,4135.95,3939,3229.98,10832.25,14259.18,23397.66,14771.25,7365.93,1811.94
,,,,,,,524,4135.95,3939,3229.98,10832.25,14259.18,23397.66,14771.25,7365.93,1811.94
,,,,,,,525,4135.95,3939,3229.98,10832.25,14259.18,23397.66,14771.25,7365.93,1811.94
,,,,,,,526,4135.95,3939,3229.98,10832.25,14259.18,23397.66,14771.25,7365.93,1811.94
,,,,,,,527,4135.95,3939,3229.98,10832.25,14259.18,23397.66,14771.25,7365.93,1811.94
,,,,,,,528,4135.95,3939,3229.98,10832.25,14259.18,23397.66,14771.25,7365.93,1811.94
,,,,,,,529,4135.95,3939,3229.98,10832.25,14259.18,23397.66,14771.25,7365.93,1811.94
,,,,,,,530,4135.95,3939,3229.98,10832.25,14259.18,23397.66,14771.25,7365.93,1811.94
,,,,,,,531,4135.95,3939,3229.98,10832.25,14259.18,23397.66,14771.25,7365.93,1811.94
,,,,,,,532,4135.95,3939,3229.98,10832.25,14259.18,23397.66,14771.25,7365.93,1811.94
,,,,,,,533,4135.95,3939,3229.98,10832.25,14259.18,23397.66,14771.25,7365.93,1811.94
,,,,,,,534,4135.95,3939,3229.98,10832.25,14259.18,23397.66,14771.25,7365.93,1811.94
,,,,,,,535,4135.95,3939,3229.98,10832.25,14259.18,23397.66,14771.25,7365.93,1811.94
,,,,,,,536,4135.95,3939,3229.98,10832.25,14259.18,23397.66,14771.25,7365.93,1811.94
,,,,,,,537,4135.95,3939,3229.98,10832.25,14259.18,23397.66,14771.25,7365.93,1811.94
,,,,,,,538,4135.95,3939,3229.98,10832.25,14259.18,23397.66,14771.25,7365.93,1811.94
,,,,,,,539,4135.95,3939,3229.98,10832.25,14259.18,23397.66,14771.25,7365.93,1811.94
,,,,,,,540,4135.95,3939,3229.98,10832.25,14259.18,23397.66,14771.25,7365.93,1811.94
,,,,,,,541,4135.95,3939,3229.98,10832.25,14259.18,23397.66,14771.25,7365.93,1811.94
,,,,,,,542,4135.95,3939,3229.98,10832.25,14259.18,23397.66,14771.25,7365.93,1811.94
,,,,,,,543,4135.95,3939,3229.98,10832.25,14259.18,23397.66,14771.25,7365.93,1811.94
,,,,,,,544,4135.95,3939,3229.98,10832.25,14259.18,23397.66,14771.25,7365.93,1811.94
,,,,,,,545,4135.95,3939,3229.98,10832.25,14259.18,23397.66,14771.25,7365.93,1811.94
,,,,,,,546,4135.95,3939,3229.98,10832.25,14259.18,23397.66,14771.25,7365.93,1811.94
,,,,,,,547,4135.95,3939,3229.98,10832.25,14259.18,23397.66,14771.25,7365.93,1811.94
,,,,,,,548,4135.95,3939,3229.98,10832.25,14259.18,23397.66,14771.25,7365.93,1811.94
,,,,,,,549,4135.95,3939,3229.98,10832.25,14259.18,23397.66,14771.25,7365.93,1811.94
,,,,,,,550,4135.95,3939,3229.98,10832.25,14259.18,23397.66,14771.25,7365.93,1811.94
,,,,,,,551,4135.95,3939,3229.98,10832.25,14259.18,23397.66,14771.25,7365.93,1811.94
,,,,,,,552,4135.95,3939,3229.98,10832.25,14259.18,23397.66,14771.25,7365.93,1811.94
,,,,,,,553,4135.95,3939,3229.98,10832.25,14259.18,23397.66,14771.25,7365.93,1811.94
,,,,,,,554,4135.95,3939,3229.98,10832.25,14259.18,23397.66,14771.25,7365.93,1811.94
,,,,,,,555,4135.95,3939,3229.98,10832.25,14259.18,23397.66,14771.25,7365.93,1811.94
,,,,,,,556,4135.95,3939,3229.98,10832.25,14259.18,23397.66,14771.25,7365.93,1811.94
,,,,,,,557,4135.95,3939,3229.98,10832.25,14259.18,23397.66,14771.25,7365.93,1811.94
,,,,,,,558,4135.95,3939,3229.98,10832.25,14259.18,23397.66,14771.25,7365.93,1811.94
,,,,,,,559,4135.95,3939,3229.98,10832.25,14259.18,23397.66,14771.25,7365.93,1811.94
,,,,,,,560,4135.95,3939,3229.98,10832.25,14259.18,23397.66,14771.25,7365.93,1811.94
,,,,,,,561,4135.95,3939,3229.98,10832.25,14259.18,23397.66,14771.25,7365.93,1811.94
,,,,,,,562,4135.95,3939,3229.98,10832.25,14259.18,23397.66,14771.25,7365.93,1811.94
,,,,,,,563,4135.95,3939,3229.98,10832.25,14259.18,23397.66,14771.25,7365.93,1811.94
,,,,,,,564,4135.95,3939,3229.98,10832.25,14259.18,23397.66,14771.25,7365.93,1811.94
,,,,,,,565,4135.95,3939,3229.98,10832.25,14259.18,23397.66,14771.25,7365.93,1811.94
,,,,,,,566,4135.95,3939,3229.98,10832.25,14259.18,23397.66,14771.25,7365.93,1811.94
,,,,,,,567,4135.95,3939,3229.98,10832.25,14259.18,23397.66,14771.25,7365.93,1811.94
,,,,,,,568,4135.95,3939,3229.98,10832.25,14259.18,23397.66,14771.25,7365.93,1811.94
,,,,,,,569,4135.95,3939,3229.98,10832.25,14259.18,23397.66,14771.25,7365.93,1811.94
,,,,,,,570,4135.95,3939,3229.98,10832.25,14259.18,23397.66,14771.25,7365.93,1811.94
,,,,,,,571,4135.95,3939,3229.98,10832.25,14259.18,23397.66,14771.25,7365.93,1811.94
,,,,,,,572,4135.95,3939,3229.98,10832.25,14259.18,23397.66,14771.25,7365.93,1811.94
,,,,,,,573,4135.95,3939,3229.98,10832.25,14259.18,23397.66,14771.25,7365.93,1811.94
,,,,,,,574,4135.95,3939,3229.98,10832.25,14259.18,23397.66,14771.25,7365.93,1811.94
,,,,,,,575,4135.95,3939,3229.98,10832.25,14259.18,23397.66,14771.25,7365.93,1811.94
,,,,,,,576,4135.95,3939,3229.98,10832.25,14259.18,23397.66,14771.25,7365.93,1811.94
,,,,,,,577,4135.95,3939,3229.98,10832.25,14259.18,23397.66,14771.25,7365.93,1811.94
,,,,,,,578,4135.95,3939,3229.98,10832.25,14259.18,23397.66,14771.25,7365.93,1811.94
,,,,,,,579,4135.95,3939,3229.98,10832.25,14259.18,23397.66,14771.25,7365.93,1811.94
,,,,,,,580,4135.95,3939,3229.98,10832.25,14259.18,23397.66,14771.25,7365.93,1811.94
,,,,,,,581,4135.95,3939,3229.98,10832.25,14259.18,23397.66,14771.25,7365.93,1811.94
,,,,,,,582,4135.95,3939,3229.98,10832.25,14259.18,23397.66,14771.25,7365.93,1811.94
,,,,,,,583,4135.95,3939,3229.98,10832.25,14259.18,23397.66,14771.25,7365.93,1811.94
,,,,,,,584,4135.95,3939,3229.98,10832.25,14259.18,23397.66,14771.25,7365.93,1811.94
,,,,,,,585,4135.95,3939,3229.98,10832.25,14259.18,23397.66,14771.25,7365.93,1811.94
,,,,,,,586,4135.95,3939,3229.98,10832.25,14259.18,23397.66,14771.25,7365.93,1811.94
,,,,,,,587,4135.95,3939,3229.98,10832.25,14259.18,23397.66,14771.25,7365.93,1811.94
,,,,,,,588,4135.95,3939,3229.98,10832.25,14259.18,23397.66,14771.25,7365.93,1811.94
,,,,,,,589,4135.95,3939,3229.98,10832.25,14259.18,23397.66,14771.25,7365.93,1811.94
,,,,,,,590,4135.95,3939,3229.98,10832.25,14259.18,23397.66,14771.25,7365.93,1811.94
,,,,,,,591,4135.95,3939,3229.98,10832.25,14259.18,23397.66,14771.25,7365.93,1811.94
,,,,,,,592,4135.95,3939,3229.98,10832.25,14259.18,23397.66,14771.25,7365.93,1811.94
,,,,,,,593,4135.95,3939,3229.98,10832.25,14259.18,23397.66,14771.25,7365.93,1811.94
,,,,,,,594,4135.95,3939,3229.98,10832.25,14259.18,23397.66,14771.25,7365.93,1811.94
,,,,,,,595,4135.95,3939,3229.98,10832.25,14259.18,23397.66,14771.25,7365.93,1811.94
,,,,,,,596,4135.95,3939,3229.98,10832.25,14259.18,23397.66,14771.25,7365.93,1811.94
,,,,,,,597,4135.95,3939,3229.98,10832.25,14259.18,23397.66,14771.25,7365.93,1811.94
,,,,,,,598,4135.95,3939,3229.98,10832.25,14259.18,23397.66,14771.25,7365.93,1811.94
,,,,,,,599,4135.95,3939,3229.98,10832.25,14259.18,23397.66,14771.25,7365.93,1811.94
,,,,,,,600,4135.95,3939,3229.98,10832.25,14259.18,23397.66,14771.25,7365.93,1811.94
,,,,,,,601,4135.95,3939,3229.98,10832.25,14259.18,23397.66,14771.25,7365.93,1811.94
,,,,,,,602,4135.95,3939,3229.98,10832.25,14259.18,23397.66,14771.25,7365.93,1811.94
,,,,,,,603,4135.95,3939,3229.98,10832.25,14259.18,23397.66,14771.25,7365.93,1811.94
,,,,,,,604,4135.95,3939,3229.98,10832.25,14259.18,23397.66,14771.25,7365.93,1811.94
,,,,,,,605,4135.95,3939,3229.98,10832.25,14259.18,23397.66,14771.25,7365.93,1811.94
,,,,,,,606,4135.95,3939,3229.98,10832.25,14259.18,23397.66,14771.25,7365.93,1811.94
,,,,,,,607,4135.95,3939,3229.98,10832.25,14259.18,23397.66,14771.25,7365.93,1811.94
,,,,,,,608,4135.95,3939,3229.98,10832.25,14259.18,23397.66,14771.25,7365.93,1811.94
,,,,,,,609,4135.95,3939,3229.98,10832.25,14259.18,23397.66,14771.25,7365.93,1811.94
,,,,,,,610,4135.95,3939,3229.98,10832.25,14259.18,23397.66,14771.25,7365.93,1811.94
,,,,,,,611,4135.95,3939,3229.98,10832.25,14259.18,23397.66,14771.25,7365.93,1811.94
,,,,,,,612,4135.95,3939,3229.98,10832.25,14259.18,23397.66,14771.25,7365.93,1811.94
,,,,,,,613,4135.95,3939,3229.98,10832.25,14259.18,23397.66,14771.25,7365.93,1811.94
,,,,,,,614,4135.95,3939,3229.98,10832.25,14259.18,23397.66,14771.25,7365.93,1811.94
,,,,,,,615,4135.95,3939,3229.98,10832.25,14259.18,23397.66,14771.25,7365.93,1811.94
,,,,,,,616,4135.95,3939,3229.98,10832.25,14259.18,23397.66,14771.25,7365.93,1811.94
,,,,,,,617,4135.95,3939,3229.98,10832.25,14259.18,23397.66,14771.25,7365.93,1811.94
,,,,,,,618,4135.95,3939,3229.98,10832.25,14259.18,23397.66,14771.25,7365.93,1811.94
,,,,,,,619,4135.95,3939,3229.98,10832.25,14259.18,23397.66,14771.25,7365.93,1811.94
,,,,,,,620,4135.95,3939,3229.98,10832.25,14259.18,23397.66,14771.25,7365.93,1811.94
,,,,,,,621,4135.95,3939,3229.98,10832.25,14259.18,23397.66,14771.25,7365.93,1811.94
,,,,,,,622,4135.95,3939,3229.98,10832.25,14259.18,23397.66,14771.25,7365.93,1811.94
,,,,,,,623,4135.95,3939,3229.98,10832.25,14259.18,23397.66,14771.25,7365.93,1811.94
,,,,,,,624,4135.95,3939,3229.98,10832.25,14259.18,23397.66,14771.25,7365.93,1811.94
,,,,,,,625,4135.95,3939,3229.98,10832.25,14259.18,23397.66,14771.25,7365.93,1811.94
,,,,,,,626,4135.95,3939,3229.98,10832.25,14259.18,23397.66,14771.25,7365.93,1811.94
,,,,,,,627,4135.95,3939,3229.98,10832.25,14259.18,23397.66,14771.25,7365.93,1811.94
,,,,,,,628,4135.95,3939,3229.98,10832.25,14259.18,23397.66,14771.25,7365.93,1811.94
,,,,,,,629,4135.95,3939,3229.98,10832.25,14259.18,23397.66,14771.25,7365.93,1811.94
,,,,,,,630,4135.95,3939,3229.98,10832.25,14259.18,23397.66,14771.25,7365.93,1811.94
,,,,,,,631,4135.95,3939,3229.98,10832.25,14259.18,23397.66,14771.25,7365.93,1811.94
,,,,,,,632,4135.95,3939,3229.98,10832.25,14259.18,23397.66,14771.25,7365.93,1811.94
,,,,,,,633,4135.95,3939,3229.98,10832.25,14259.18,23397.66,14771.25,7365.93,1811.94
,,,,,,,634,4135.95,3939,3229.98,10832.25,14259.18,23397.66,14771.25,7365.93,1811.94
,,,,,,,635,4135.95,3939,3229.98,10832.25,14259.18,23397.66,14771.25,7365.93,1811.94
,,,,,,,636,4135.95,3939,3229.98,10832.25,14259.18,23397.66,14771.25,7365.93,1811.94
,,,,,,,637,4135.95,3939,3229.98,10832.25,14259.18,23397.66,14771.25,7365.93,1811.94
,,,,,,,638,4135.95,3939,3229.98,10832.25,14259.18,23397.66,14771.25,7365.93,1811.94
,,,,,,,639,4135.95,3939,3229.98,10832.25,14259.18,23397.66,14771.25,7365.93,1811.94
,,,,,,,640,4135.95,3939,3229.98,10832.25,14259.18,23397.66,14771.25,7365.93,1811.94
,,,,,,,641,4135.95,3939,3229.98,10832.25,14259.18,23397.66,14771.25,7365.93,1811.94
,,,,,,,642,4135.95,3939,3229.98,10832.25,14259.18,23397.66,14771.25,7365.93,1811.94
,,,,,,,643,4135.95,3939,3229.98,10832.25,14259.18,23397.66,14771.25,7365.93,1811.94
,,,,,,,644,4135.95,3939,3229.98,10832.25,14259.18,23397.66,14771.25,7365.93,1811.94
,,,,,,,645,4135.95,3939,3229.98,10832.25,14259.18,23397.66,14771.25,7365.93,1811.94
,,,,,,,646,4135.95,3939,3229.98,10832.25,14259.18,23397.66,14771.25,7365.93,1811.94
,,,,,,,647,4135.95,3939,3229.98,10832.25,14259.18,23397.66,14771.25,7365.93,1811.94
,,,,,,,648,4135.95,3939,3229.98,10832.25,14259.18,23397.66,14771.25,7365.93,1811.94
,,,,,,,649,4135.95,3939,3229.98,10832.25,14259.18,23397.66,14771.25,7365.93,1811.94
,,,,,,,650,4135.95,3939,3229.98,10832.25,14259.18,23397.66,14771.25,7365.93,1811.94
,,,,,,,651,4135.95,3939,3229.98,10832.25,14259.18,23397.66,14771.25,7365.93,1811.94
,,,,,,,652,4135.95,3939,3229.98,10832.25,14259.18,23397.66,14771.25,7365.93,1811.94
,,,,,,,653,4135.95,3939,3229.98,10832.25,14259.18,23397.66,14771.25,7365.93,1811.94
,,,,,,,654,4135.95,3939,3229.98,10832.25,14259.18,23397.66,14771.25,7365.93,1811.94
,,,,,,,655,4135.95,3939,3229.98,10832.25,14259.18,23397.66,14771.25,7365.93,1811.94
,,,,,,,656,4135.95,3939,3229.98,10832.25,14259.18,23397.66,14771.25,7365.93,1811.94
,,,,,,,657,4135.95,3939,3229.98,10832.25,14259.18,23397.66,14771.25,7365.93,1811.94
,,,,,,,658,4135.95,3939,3229.98,10832.25,14259.18,23397.66,14771.25,7365.93,1811.94
,,,,,,,659,4135.95,3939,3229.98,10832.25,14259.18,23397.66,14771.25,7365.93,1811.94
,,,,,,,660,4135.95,3939,3229.98,10832.25,14259.18,23397.66,14771.25,7365.93,1811.94
,,,,,,,661,4135.95,3939,3229.98,10832.25,14259.18,23397.66,14771.25,7365.93,1811.94
,,,,,,,662,4135.95,3939,3229.98,10832.25,14259.18,23397.66,14771.25,7365.93,1811.94
,,,,,,,663,4135.95,3939,3229.98,10832.25,14259.18,23397.66,14771.25,7365.93,1811.94
,,,,,,,664,4135.95,3939,3229.98,10832.25,14259.18,23397.66,14771.25,7365.93,1811.94
,,,,,,,665,4135.95,3939,3229.98,10832.25,14259.18,23397.66,14771.25,7365.93,1811.94
,,,,,,,666,4135.95,3939,3229.98,10832.25,14259.18,23397.66,14771.25,7365.93,1811.94
,,,,,,,667,4135.95,3939,3229.98,10832.25,14259.18,23397.66,14771.25,7365.93,1811.94
,,,,,,,668,4135.95,3939,3229.98,10832.25,14259.18,23397.66,14771.25,7365.93,1811.94
,,,,,,,669,4135.95,3939,3229.98,10832.25,14259.18,23397.66,14771.25,7365.93,1811.94
,,,,,,,670,4135.95,3939,3229.98,10832.25,14259.18,23397.66,14771.25,7365.93,1811.94
,,,,,,,671,4135.95,3939,3229.98,10832.25,14259.18,23397.66,14771.25,7365.93,1811.94
,,,,,,,672,4135.95,3939,3229.98,10832.25,14259.18,23397.66,14771.25,7365.93,1811.94
,,,,,,,673,4135.95,3939,3229.98,10832.25,14259.18,23397.66,14771.25,7365.93,1811.94
,,,,,,,674,4135.95,3939,3229.98,10832.25,14259.18,23397.66,14771.25,7365.93,1811.94
,,,,,,,675,4135.95,3939,3229.98,10832.25,14259.18,23397.66,14771.25,7365.93,1811.94
,,,,,,,676,4135.95,3939,3229.98,10832.25,14259.18,23397.66,14771.25,7365.93,1811.94
,,,,,,,677,4135.95,3939,3229.98,10832.25,14259.18,23397.66,14771.25,7365.93,1811.94
,,,,,,,678,4135.95,3939,3229.98,10832.25,14259.18,23397.66,14771.25,7365.93,1811.94
,,,,,,,679,4135.95,3939,3229.98,10832.25,14259.18,23397.66,14771.25,7365.93,1811.94
,,,,,,,680,4135.95,3939,3229.98,10832.25,14259.18,23397.66,14771.25,7365.93,1811.94
,,,,,,,681,4135.95,3939,3229.98,10832.25,14259.18,23397.66,14771.25,7365.93,1811.94
,,,,,,,682,4135.95,3939,3229.98,10832.25,14259.18,23397.66,14771.25,7365.93,1811.94
,,,,,,,683,4135.95,3939,3229.98,10832.25,14259.18,23397.66,14771.25,7365.93,1811.94
,,,,,,,684,4135.95,3939,3229.98,10832.25,14259.18,23397.66,14771.25,7365.93,1811.94
,,,,,,,685,4135.95,3939,3229.98,10832.25,14259.18,23397.66,14771.25,7365.93,1811.94
,,,,,,,686,4135.95,3939,3229.98,10832.25,14259.18,23397.66,14771.25,7365.93,1811.94
,,,,,,,687,4135.95,3939,3229.98,10832.25,14259.18,23397.66,14771.25,7365.93,1811.94
,,,,,,,688,4135.95,3939,3229.98,10832.25,14259.18,23397.66,14771.25,7365.93,1811.94
,,,,,,,689,4135.95,3939,3229.98,10832.25,14259.18,23397.66,14771.25,7365.93,1811.94
,,,,,,,690,4135.95,3939,3229.98,10832.25,14259.18,23397.66,14771.25,7365.93,1811.94
,,,,,,,691,4135.95,3939,3229.98,10832.25,14259.18,23397.66,14771.25,7365.93,1811.94
,,,,,,,692,4135.95,3939,3229.98,10832.25,14259.18,23397.66,14771.25,7365.93,1811.94
,,,,,,,693,4135.95,3939,3229.98,10832.25,14259.18,23397.66,14771.25,7365.93,1811.94
,,,,,,,694,4135.95,3939,3229.98,10832.25,14259.18,23397.66,14771.25,7365.93,1811.94
,,,,,,,695,4135.95,3939,3229.98,10832.25,14259.18,23397.66,14771.25,7365.93,1811.94
,,,,,,,696,4135.95,3939,3229.98,10832.25,14259.18,23397.66,14771.25,7365.93,1811.94
,,,,,,,697,4135.95,3939,3229.98,10832.25,14259.18,23397.66,14771.25,7365.93,1811.94
,,,,,,,698,4135.95,3939,3229.98,10832.25,14259.18,23397.66,14771.25,7365.93,1811.94
,,,,,,,699,4135.95,3939,3229.98,10832.25,14259.18,23397.66,14771.25,7365.93,1811.94
,,,,,,,700,4135.95,3939,3229.98,10832.25,14259.18,23397.66,14771.25,7365.93,1811.94
,,,,,,,701,4135.95,3939,3229.98,10832.25,14259.18,23397.66,14771.25,7365.93,1811.94
,,,,,,,702,4135.95,3939,3229.98,10832.25,14259.18,23397.66,14771.25,7365.93,1811.94
,,,,,,,703,4135.95,3939,3229.98,10832.25,14259.18,23397.66,14771.25,7365.93,1811.94
,,,,,,,704,4135.95,3939,3229.98,10832.25,14259.18,23397.66,14771.25,7365.93,1811.94
,,,,,,,705,4135.95,3939,3229.98,10832.25,14259.18,23397.66,14771.25,7365.93,1811.94
,,,,,,,706,4135.95,3939,3229.98,10832.25,14259.18,23397.66,14771.25,7365.93,1811.94
,,,,,,,707,4135.95,3939,3229.98,10832.25,14259.18,23397.66,14771.25,7365.93,1811.94
,,,,,,,708,4135.95,3939,3229.98,10832.25,14259.18,23397.66,14771.25,7365.93,1811.94
,,,,,,,709,4135.95,3939,3229.98,10832.25,14259.18,23397.66,14771.25,7365.93,1811.94
,,,,,,,710,4135.95,3939,3229.98,10832.25,14259.18,23397.66,14771.25,7365.93,1811.94
,,,,,,,711,4135.95,3939,3229.98,10832.25,14259.18,23397.66,14771.25,7365.93,1811.94
,,,,,,,712,4135.95,3939,3229.98,10832.25,14259.18,23397.66,14771.25,7365.93,1811.94
,,,,,,,713,4135.95,3939,3229.98,10832.25,14259.18,23397.66,14771.25,7365.93,1811.94
,,,,,,,714,4135.95,3939,3229.98,10832.25,14259.18,23397.66,14771.25,7365.93,1811.94
,,,,,,,715,4135.95,3939,3229.98,10832.25,14259.18,23397.66,14771.25,7365.93,1811.94
,,,,,,,716,4135.95,3939,3229.98,10832.25,14259.18,23397.66,14771.25,7365.93,1811.94
,,,,,,,717,4135.95,3939,3229.98,10832.25,14259.18,23397.66,14771.25,7365.93,1811.94
,,,,,,,718,4135.95,3939,3229.98,10832.25,14259.18,23397.66,14771.25,7365.93,1811.94
,,,,,,,719,4135.95,3939,3229.98,10832.25,14259.18,23397.66,14771.25,7365.93,1811.94
,,,,,,,720,4135.95,3939,3229.98,10832.25,14259.18,23397.66,14771.25,7365.93,1811.94
,,,,,,,721,4135.95,3939,3229.98,10832.25,14259.18,23397.66,14771.25,7365.93,1811.94
,,,,,,,722,4135.95,3939,3229.98,10832.25,14259.18,23397.66,14771.25,7365.93,1811.94
,,,,,,,723,4135.95,3939,3229.98,10832.25,14259.18,23397.66,14771.25,7365.93,1811.94
,,,,,,,724,4135.95,3939,3229.98,10832.25,14259.18,23397.66,14771.25,7365.93,1811.94
,,,,,,,725,4135.95,3939,3229.98,10832.25,14259.18,23397.66,14771.25,7365.93,1811.94
,,,,,,,726,4135.95,3939,3229.98,10832.25,14259.18,23397.66,14771.25,7365.93,1811.94
,,,,,,,727,4135.95,3939,3229.98,10832.25,14259.18,23397.66,14771.25,7365.93,1811.94
,,,,,,,728,4135.95,3939,3229.98,10832.25,14259.18,23397.66,14771.25,7365.93,1811.94
,,,,,,,729,4135.95,3939,3229.98,10832.25,14259.18,23397.66,14771.25,7365.93,1811.94
,,,,,,,730,4135.95,3939,3229.98,10832.25,14259.18,23397.66,14771.25,7365.93,1811.94
,,,,,,,731,4135.95,3939,3229.98,10832.25,14259.18,23397.66,14771.25,7365.93,1811.94
,,,,,,,732,4135.95,3939,3229.98,10832.25,14259.18,23397.66,14771.25,7365.93,1811.94
,,,,,,,733,4135.95,3939,3229.98,10832.25,14259.18,23397.66,14771.25,7365.93,1811.94
,,,,,,,734,4135.95,3939,3229.98,10832.25,14259.18,23397.66,14771.25,7365.93,1811.94
,,,,,,,735,4135.95,3939,3229.98,10832.25,14259.18,23397.66,14771.25,7365.93,1811.94
,,,,,,,736,4135.95,3939,3229.98,10832.25,14259.18,23397.66,14771.25,7365.93,1811.94
,,,,,,,737,4135.95,3939,3229.98,10832.25,14259.18,23397.66,14771.25,7365.93,1811.94
,,,,,,,738,4135.95,3939,3229.98,10832.25,14259.18,23397.66,14771.25,7365.93,1811.94
,,,,,,,739,4135.95,3939,3229.98,10832.25,14259.18,23397.66,14771.25,7365.93,1811.94
,,,,,,,740,4135.95,3939,3229.98,10832.25,14259.18,23397.66,14771.25,7365.93,1811.94
,,,,,,,741,4135.95,3939,3229.98,10832.25,14259.18,23397.66,14771.25,7365.93,1811.94
,,,,,,,742,4135.95,3939,3229.98,10832.25,14259.18,23397.66,14771.25,7365.93,1811.94
,,,,,,,743,4135.95,3939,3229.98,10832.25,14259.18,23397.66,14771.25,7365.93,1811.94
,,,,,,,744,4135.95,3939,3229.98,10832.25,14259.18,23397.66,14771.25,7365.93,1811.94
,,,,,,,745,4135.95,3939,3229.98,10832.25,14259.18,23397.66,14771.25,7365.93,1811.94
,,,,,,,746,4135.95,3939,3229.98,10832.25,14259.18,23397.66,14771.25,7365.93,1811.94
,,,,,,,747,4135.95,3939,3229.98,10832.25,14259.18,23397.66,14771.25,7365.93,1811.94
,,,,,,,748,4135.95,3939,3229.98,10832.25,14259.18,23397.66,14771.25,7365.93,1811.94
,,,,,,,749,4135.95,3939,3229.98,10832.25,14259.18,23397.66,14771.25,7365.93,1811.94
,,,,,,,750,4135.95,3939,3229.98,10832.25,14259.18,23397.66,14771.25,7365.93,1811.94
,,,,,,,751,4135.95,3939,3229.98,10832.25,14259.18,23397.66,14771.25,7365.93,1811.94
,,,,,,,752,4135.95,3939,3229.98,10832.25,14259.18,23397.66,14771.25,7365.93,1811.94
,,,,,,,753,4135.95,3939,3229.98,10832.25,14259.18,23397.66,14771.25,7365.93,1811.94
,,,,,,,754,4135.95,3939,3229.98,10832.25,14259.18,23397.66,14771.25,7365.93,1811.94
,,,,,,,755,4135.95,3939,3229.98,10832.25,14259.18,23397.66,14771.25,7365.93,1811.94
,,,,,,,756,4135.95,3939,3229.98,10832.25,14259.18,23397.66,14771.25,7365.93,1811.94
,,,,,,,757,4135.95,3939,3229.98,10832.25,14259.18,23397.66,14771.25,7365.93,1811.94
,,,,,,,758,4135.95,3939,3229.98,10832.25,14259.18,23397.66,14771.25,7365.93,1811.94
,,,,,,,759,4135.95,3939,3229.98,10832.25,14259.18,23397.66,14771.25,7365.93,1811.94
,,,,,,,760,4135.95,3939,3229.98,10832.25,14259.18,23397.66,14771.25,7365.93,1811.94
,,,,,,,761,4135.95,3939,3229.98,10832.25,14259.18,23397.66,14771.25,7365.93,1811.94
,,,,,,,762,4135.95,3939,3229.98,10832.25,14259.18,23397.66,14771.25,7365.93,1811.94
,,,,,,,763,4135.95,3939,3229.98,10832.25,14259.18,23397.66,14771.25,7365.93,1811.94
,,,,,,,764,4135.95,3939,3229.98,10832.25,14259.18,23397.66,14771.25,7365.93,1811.94
,,,,,,,765,4135.95,3939,3229.98,10832.25,14259.18,23397.66,14771.25,7365.93,1811.94
,,,,,,,766,4135.95,3939,3229.98,10832.25,14259.18,23397.66,14771.25,7365.93,1811.94
,,,,,,,767,4135.95,3939,3229.98,10832.25,14259.18,23397.66,14771.25,7365.93,1811.94
,,,,,,,768,4135.95,3939,3229.98,10832.25,14259.18,23397.66,14771.25,7365.93,1811.94
,,,,,,,769,4135.95,3939,3229.98,10832.25,14259.18,23397.66,14771.25,7365.93,1811.94
,,,,,,,770,4135.95,3939,3229.98,10832.25,14259.18,23397.66,14771.25,7365.93,1811.94
,,,,,,,771,4135.95,3939,3229.98,10832.25,14259.18,23397.66,14771.25,7365.93,1811.94
,,,,,,,772,4135.95,3939,3229.98,10832.25,14259.18,23397.66,14771.25,7365.93,1811.94
,,,,,,,773,4135.95,3939,3229.98,10832.25,14259.18,23397.66,14771.25,7365.93,1811.94
,,,,,,,774,4135.95,3939,3229.98,10832.25,14259.18,23397.66,14771.25,7365.93,1811.94
,,,,,,,775,4135.95,3939,3229.98,10832.25,14259.18,23397.66,14771.25,7365.93,1811.94
,,,,,,,776,4135.95,3939,3229.98,10832.25,14259.18,23397.66,14771.25,7365.93,1811.94
,,,,,,,777,4135.95,3939,3229.98,10832.25,14259.18,23397.66,14771.25,7365.93,1811.94
,,,,,,,778,4135.95,3939,3229.98,10832.25,14259.18,23397.66,14771.25,7365.93,1811.94
,,,,,,,779,4135.95,3939,3229.98,10832.25,14259.18,23397.66,14771.25,7365.93,1811.94
,,,,,,,780,4135.95,3939,3229.98,10832.25,14259.18,23397.66,14771.25,7365.93,1811.94
,,,,,,,781,4135.95,3939,3229.98,10832.25,14259.18,23397.66,14771.25,7365.93,1811.94
,,,,,,,782,4135.95,3939,3229.98,10832.25,14259.18,23397.66,14771.25,7365.93,1811.94
,,,,,,,783,4135.95,3939,3229.98,10832.25,14259.18,23397.66,14771.25,7365.93,1811.94
,,,,,,,784,4135.95,3939,3229.98,10832.25,14259.18,23397.66,14771.25,7365.93,1811.94
,,,,,,,785,4135.95,3939,3229.98,10832.25,14259.18,23397.66,14771.25,7365.93,1811.94
,,,,,,,786,4135.95,3939,3229.98,10832.25,14259.18,23397.66,14771.25,7365.93,1811.94
,,,,,,,787,4135.95,3939,3229.98,10832.25,14259.18,23397.66,14771.25,7365.93,1811.94
,,,,,,,788,4135.95,3939,3229.98,10832.25,14259.18,23397.66,14771.25,7365.93,1811.94
,,,,,,,789,4135.95,3939,3229.98,10832.25,14259.18,23397.66,14771.25,7365.93,1811.94
,,,,,,,790,4135.95,3939,3229.98,10832.25,14259.18,23397.66,14771.25,7365.93,1811.94
,,,,,,,791,4135.95,3939,3229.98,10832.25,14259.18,23397.66,14771.25,7365.93,1811.94
,,,,,,,792,4135.95,3939,3229.98,10832.25,14259.18,23397.66,14771.25,7365.93,1811.94
,,,,,,,793,4135.95,3939,3229.98,10832.25,14259.18,23397.66,14771.25,7365.93,1811.94
,,,,,,,794,4135.95,3939,3229.98,10832.25,14259.18,23397.66,14771.25,7365.93,1811.94
,,,,,,,795,4135.95,3939,3229.98,10832.25,14259.18,23397.66,14771.25,7365.93,1811.94
,,,,,,,796,4135.95,3939,3229.98,10832.25,14259.18,23397.66,14771.25,7365.93,1811.94
,,,,,,,797,4135.95,3939,3229.98,10832.25,14259.18,23397.66,14771.25,7365.93,1811.94
,,,,,,,798,4135.95,3939,3229.98,10832.25,14259.18,23397.66,14771.25,7365.93,1811.94
,,,,,,,799,4135.95,3939,3229.98,10832.25,14259.18,23397.66,14771.25,7365.93,1811.94
,,,,,,,800,4135.95,3939,3229.98,10832.25,14259.18,23397.66,14771.25,7365.93,1811.94
,,,,,,,801,4135.95,3939,3229.98,10832.25,14259.18,23397.66,14771.25,7365.93,1811.94
,,,,,,,802,4135.95,3939,3229.98,10832.25,14259.18,23397.66,14771.25,7365.93,1811.94
,,,,,,,803,4135.95,3939,3229.98,10832.25,14259.18,23397.66,14771.25,7365.93,1811.94
,,,,,,,804,4135.95,3939,3229.98,10832.25,14259.18,23397.66,14771.25,7365.93,1811.94
,,,,,,,805,4135.95,3939,3229.98,10832.25,14259.18,23397.66,14771.25,7365.93,1811.94
,,,,,,,806,4135.95,3939,3229.98,10832.25,14259.18,23397.66,14771.25,7365.93,1811.94
,,,,,,,807,4135.95,3939,3229.98,10832.25,14259.18,23397.66,14771.25,7365.93,1811.94
,,,,,,,808,4135.95,3939,3229.98,10832.25,14259.18,23397.66,14771.25,7365.93,1811.94
,,,,,,,809,4135.95,3939,3229.98,10832.25,14259.18,23397.66,14771.25,7365.93,1811.94
,,,,,,,810,4135.95,3939,3229.98,10832.25,14259.18,23397.66,14771.25,7365.93,1811.94
,,,,,,,811,4135.95,3939,3229.98,10832.25,14259.18,23397.66,14771.25,7365.93,1811.94
,,,,,,,812,4135.95,3939,3229.98,10832.25,14259.18,23397.66,14771.25,7365.93,1811.94
,,,,,,,813,4135.95,3939,3229.98,10832.25,14259.18,23397.66,14771.25,7365.93,1811.94
,,,,,,,814,4135.95,3939,3229.98,10832.25,14259.18,23397.66,14771.25,7365.93,1811.94
,,,,,,,815,4135.95,3939,3229.98,10832.25,14259.18,23397.66,14771.25,7365.93,1811.94
,,,,,,,816,4135.95,3939,3229.98,10832.25,14259.18,23397.66,14771.25,7365.93,1811.94
,,,,,,,817,4135.95,3939,3229.98,10832.25,14259.18,23397.66,14771.25,7365.93,1811.94
,,,,,,,818,4135.95,3939,3229.98,10832.25,14259.18,23397.66,14771.25,7365.93,1811.94
,,,,,,,819,4135.95,3939,3229.98,10832.25,14259.18,23397.66,14771.25,7365.93,1811.94
,,,,,,,820,4135.95,3939,3229.98,10832.25,14259.18,23397.66,14771.25,7365.93,1811.94
,,,,,,,821,4135.95,3939,3229.98,10832.25,14259.18,23397.66,14771.25,7365.93,1811.94
,,,,,,,822,4135.95,3939,3229.98,10832.25,14259.18,23397.66,14771.25,7365.93,1811.94
,,,,,,,823,4135.95,3939,3229.98,10832.25,14259.18,23397.66,14771.25,7365.93,1811.94
,,,,,,,824,4135.95,3939,3229.98,10832.25,14259.18,23397.66,14771.25,7365.93,1811.94
,,,,,,,825,4135.95,3939,3229.98,10832.25,14259.18,23397.66,14771.25,7365.93,1811.94
,,,,,,,826,4135.95,3939,3229.98,10832.25,14259.18,23397.66,14771.25,7365.93,1811.94
,,,,,,,827,4135.95,3939,3229.98,10832.25,14259.18,23397.66,14771.25,7365.93,1811.94
,,,,,,,828,4135.95,3939,3229.98,10832.25,14259.18,23397.66,14771.25,7365.93,1811.94
,,,,,,,829,4135.95,3939,3229.98,10832.25,14259.18,23397.66,14771.25,7365.93,1811.94
,,,,,,,830,4135.95,3939,3229.98,10832.25,14259.18,23397.66,14771.25,7365.93,1811.94
,,,,,,,831,4135.95,3939,3229.98,10832.25,14259.18,23397.66,14771.25,7365.93,1811.94
,,,,,,,832,4135.95,3939,3229.98,10832.25,14259.18,23397.66,14771.25,7365.93,1811.94
,,,,,,,833,4135.95,3939,3229.98,10832.25,14259.18,23397.66,14771.25,7365.93,1811.94
,,,,,,,834,4135.95,3939,3229.98,10832.25,14259.18,23397.66,14771.25,7365.93,1811.94
,,,,,,,835,4135.95,3939,3229.98,10832.25,14259.18,23397.66,14771.25,7365.93,1811.94
,,,,,,,836,4135.95,3939,3229.98,10832.25,14259.18,23397.66,14771.25,7365.93,1811.94
,,,,,,,837,4135.95,3939,3229.98,10832.25,14259.18,23397.66,14771.25,7365.93,1811.94
,,,,,,,838,4135.95,3939,3229.98,10832.25,14259.18,23397.66,14771.25,7365.93,1811.94
,,,,,,,839,4135.95,3939,3229.98,10832.25,14259.18,23397.66,14771.25,7365.93,1811.94
,,,,,,,840,4135.95,3939,3229.98,10832.25,14259.18,23397.66,14771.25,7365.93,1811.94
,,,,,,,841,4135.95,3939,3229.98,10832.25,14259.18,23397.66,14771.25,7365.93,1811.94
,,,,,,,842,4135.95,3939,3229.98,10832.25,14259.18,23397.66,14771.25,7365.93,1811.94
,,,,,,,843,4135.95,3939,3229.98,10832.25,14259.18,23397.66,14771.25,7365.93,1811.94
,,,,,,,844,4135.95,3939,3229.98,10832.25,14259.18,23397.66,14771.25,7365.93,1811.94
,,,,,,,845,4135.95,3939,3229.98,10832.25,14259.18,23397.66,14771.25,7365.93,1811.94
,,,,,,,846,4135.95,3939,3229.98,10832.25,14259.18,23397.66,14771.25,7365.93,1811.94
,,,,,,,847,4135.95,3939,3229.98,10832.25,14259.18,23397.66,14771.25,7365.93,1811.94
,,,,,,,848,4135.95,3939,3229.98,10832.25,14259.18,23397.66,14771.25,7365.93,1811.94
,,,,,,,849,4135.95,3939,3229.98,10832.25,14259.18,23397.66,14771.25,7365.93,1811.94
,,,,,,,850,4135.95,3939,3229.98,10832.25,14259.18,23397.66,14771.25,7365.93,1811.94
,,,,,,,851,4135.95,3939,3229.98,10832.25,14259.18,23397.66,14771.25,7365.93,1811.94
,,,,,,,852,4135.95,3939,3229.98,10832.25,14259.18,23397.66,14771.25,7365.93,1811.94
,,,,,,,853,4135.95,3939,3229.98,10832.25,14259.18,23397.66,14771.25,7365.93,1811.94
,,,,,,,854,4135.95,3939,3229.98,10832.25,14259.18,23397.66,14771.25,7365.93,1811.94
,,,,,,,855,4135.95,3939,3229.98,10832.25,14259.18,23397.66,14771.25,7365.93,1811.94
,,,,,,,856,4135.95,3939,3229.98,10832.25,14259.18,23397.66,14771.25,7365.93,1811.94
,,,,,,,857,4135.95,3939,3229.98,10832.25,14259.18,23397.66,14771.25,7365.93,1811.94
,,,,,,,858,4135.95,3939,3229.98,10832.25,14259.18,23397.66,14771.25,7365.93,1811.94
,,,,,,,859,4135.95,3939,3229.98,10832.25,14259.18,23397.66,14771.25,7365.93,1811.94
,,,,,,,860,4135.95,3939,3229.98,10832.25,14259.18,23397.66,14771.25,7365.93,1811.94
,,,,,,,861,4135.95,3939,3229.98,10832.25,14259.18,23397.66,14771.25,7365.93,1811.94
,,,,,,,862,4135.95,3939,3229.98,10832.25,14259.18,23397.66,14771.25,7365.93,1811.94
,,,,,,,863,4135.95,3939,3229.98,10832.25,14259.18,23397.66,14771.25,7365.93,1811.94
,,,,,,,864,4135.95,3939,3229.98,10832.25,14259.18,23397.66,14771.25,7365.93,1811.94
,,,,,,,865,4135.95,3939,3229.98,10832.25,14259.18,23397.66,14771.25,7365.93,1811.94
,,,,,,,866,4135.95,3939,3229.98,10832.25,14259.18,23397.66,14771.25,7365.93,1811.94
,,,,,,,867,4135.95,3939,3229.98,10832.25,14259.18,23397.66,14771.25,7365.93,1811.94
,,,,,,,868,4135.95,3939,3229.98,10832.25,14259.18,23397.66,14771.25,7365.93,1811.94
,,,,,,,869,4135.95,3939,3229.98,10832.25,14259.18,23397.66,14771.25,7365.93,1811.94
,,,,,,,870,4135.95,3939,3229.98,10832.25,14259.18,23397.66,14771.25,7365.93,1811.94
,,,,,,,871,4135.95,3939,3229.98,10832.25,14259.18,23397.66,14771.25,7365.93,1811.94
,,,,,,,872,4135.95,3939,3229.98,10832.25,14259.18,23397.66,14771.25,7365.93,1811.94
,,,,,,,873,4135.95,3939,3229.98,10832.25,14259.18,23397.66,14771.25,7365.93,1811.94
,,,,,,,874,4135.95,3939,3229.98,10832.25,14259.18,23397.66,14771.25,7365.93,1811.94
,,,,,,,875,4135.95,3939,3229.98,10832.25,14259.18,23397.66,14771.25,7365.93,1811.94
,,,,,,,876,4135.95,3939,3229.98,10832.25,14259.18,23397.66,14771.25,7365.93,1811.94
,,,,,,,877,4135.95,3939,3229.98,10832.25,14259.18,23397.66,14771.25,7365.93,1811.94
,,,,,,,878,4135.95,3939,3229.98,10832.25,14259.18,23397.66,14771.25,7365.93,1811.94
,,,,,,,879,4135.95,3939,3229.98,10832.25,14259.18,23397.66,14771.25,7365.93,1811.94
,,,,,,,880,4135.95,3939,3229.98,10832.25,14259.18,23397.66,14771.25,7365.93,1811.94
,,,,,,,881,4135.95,3939,3229.98,10832.25,14259.18,23397.66,14771.25,7365.93,1811.94
,,,,,,,882,4135.95,3939,3229.98,10832.25,14259.18,23397.66,14771.25,7365.93,1811.94
,,,,,,,883,4135.95,3939,3229.98,10832.25,14259.18,23397.66,14771.25,7365.93,1811.94
,,,,,,,884,4135.95,3939,3229.98,10832.25,14259.18,23397.66,14771.25,7365.93,1811.94
,,,,,,,885,4135.95,3939,3229.98,10832.25,14259.18,23397.66,14771.25,7365.93,1811.94
,,,,,,,886,4135.95,3939,3229.98,10832.25,14259.18,23397.66,14771.25,7365.93,1811.94
,,,,,,,887,4135.95,3939,3229.98,10832.25,14259.18,23397.66,14771.25,7365.93,1811.94
,,,,,,,888,4135.95,3939,3229.98,10832.25,14259.18,23397.66,14771.25,7365.93,1811.94
,,,,,,,889,4135.95,3939,3229.98,10832.25,14259.18,23397.66,14771.25,7365.93,1811.94
,,,,,,,890,4135.95,3939,3229.98,10832.25,14259.18,23397.66,14771.25,7365.93,1811.94
,,,,,,,891,4135.95,3939,3229.98,10832.25,14259.18,23397.66,14771.25,7365.93,1811.94
,,,,,,,892,4135.95,3939,3229.98,10832.25,14259.18,23397.66,14771.25,7365.93,1811.94
,,,,,,,893,4135.95,3939,3229.98,10832.25,14259.18,23397.66,14771.25,7365.93,1811.94
,,,,,,,894,4135.95,3939,3229.98,10832.25,14259.18,23397.66,14771.25,7365.93,1811.94
,,,,,,,895,4135.95,3939,3229.98,10832.25,14259.18,23397.66,14771.25,7365.93,1811.94
,,,,,,,896,4135.95,3939,3229.98,10832.25,14259.18,23397.66,14771.25,7365.93,1811.94
,,,,,,,897,4135.95,3939,3229.98,10832.25,14259.18,23397.66,14771.25,7365.93,1811.94
,,,,,,,898,4135.95,3939,3229.98,10832.25,14259.18,23397.66,14771.25,7365.93,1811.94
,,,,,,,899,4135.95,3939,3229.98,10832.25,14259.18,23397.66,14771.25,7365.93,1811.94
,,,,,,,900,4135.95,3939,3229.98,10832.25,14259.18,23397.66,14771.25,7365.93,1811.94
,,,,,,,901,4135.95,3939,3229.98,10832.25,14259.18,23397.66,14771.25,7365.93,1811.94
,,,,,,,902,4135.95,3939,3229.98,10832.25,14259.18,23397.66,14771.25,7365.93,1811.94
,,,,,,,903,4135.95,3939,3229.98,10832.25,14259.18,23397.66,14771.25,7365.93,1811.94
,,,,,,,904,4135.95,3939,3229.98,10832.25,14259.18,23397.66,14771.25,7365.93,1811.94
,,,,,,,905,4135.95,3939,3229.98,10832.25,14259.18,23397.66,14771.25,7365.93,1811.94
,,,,,,,906,4135.95,3939,3229.98,10832.25,14259.18,23397.66,14771.25,7365.93,1811.94
,,,,,,,907,4135.95,3939,3229.98,10832.25,14259.18,23397.66,14771.25,7365.93,1811.94
,,,,,,,908,4135.95,3939,3229.98,10832.25,14259.18,23397.66,14771.25,7365.93,1811.94
,,,,,,,909,4135.95,3939,3229.98,10832.25,14259.18,23397.66,14771.25,7365.93,1811.94
,,,,,,,910,4135.95,3939,3229.98,10832.25,14259.18,23397.66,14771.25,7365.93,1811.94
,,,,,,,911,4135.95,3939,3229.98,10832.25,14259.18,23397.66,14771.25,7365.93,1811.94
,,,,,,,912,4135.95,3939,3229.98,10832.25,14259.18,23397.66,14771.25,7365.93,1811.94
,,,,,,,913,4135.95,3939,3229.98,10832.25,14259.18,23397.66,14771.25,7365.93,1811.94
,,,,,,,914,4135.95,3939,3229.98,10832.25,14259.18,23397.66,14771.25,7365.93,1811.94
,,,,,,,915,4135.95,3939,3229.98,10832.25,14259.18,23397.66,14771.25,7365.93,1811.94
,,,,,,,916,4135.95,3939,3229.98,10832.25,14259.18,23397.66,14771.25,7365.93,1811.94
,,,,,,,917,4135.95,3939,3229.98,10832.25,14259.18,23397.66,14771.25,7365.93,1811.94
,,,,,,,918,4135.95,3939,3229.98,10832.25,14259.18,23397.66,14771.25,7365.93,1811.94
,,,,,,,919,4135.95,3939,3229.98,10832.25,14259.18,23397.66,14771.25,7365.93,1811.94
,,,,,,,920,4135.95,3939,3229.98,10832.25,14259.18,23397.66,14771.25,7365.93,1811.94
,,,,,,,921,4135.95,3939,3229.98,10832.25,14259.18,23397.66,14771.25,7365.93,1811.94
,,,,,,,922,4135.95,3939,3229.98,10832.25,14259.18,23397.66,14771.25,7365.93,1811.94
,,,,,,,923,4135.95,3939,3229.98,10832.25,14259.18,23397.66,14771.25,7365.93,1811.94
,,,,,,,924,4135.95,3939,3229.98,10832.25,14259.18,23397.66,14771.25,7365.93,1811.94
,,,,,,,925,4135.95,3939,3229.98,10832.25,14259.18,23397.66,14771.25,7365.93,1811.94
,,,,,,,926,4135.95,3939,3229.98,10832.25,14259.18,23397.66,14771.25,7365.93,1811.94
,,,,,,,927,4135.95,3939,3229.98,10832.25,14259.18,23397.66,14771.25,7365.93,1811.94
,,,,,,,928,4135.95,3939,3229.98,10832.25,14259.18,23397.66,14771.25,7365.93,1811.94
,,,,,,,929,4135.95,3939,3229.98,10832.25,14259.18,23397.66,14771.25,7365.93,1811.94
,,,,,,,930,4135.95,3939,3229.98,10832.25,14259.18,23397.66,14771.25,7365.93,1811.94
,,,,,,,931,4135.95,3939,3229.98,10832.25,14259.18,23397.66,14771.25,7365.93,1811.94
,,,,,,,932,4135.95,3939,3229.98,10832.25,14259.18,23397.66,14771.25,7365.93,1811.94
,,,,,,,933,4135.95,3939,3229.98,10832.25,14259.18,23397.66,14771.25,7365.93,1811.94
,,,,,,,934,4135.95,3939,3229.98,10832.25,14259.18,23397.66,14771.25,7365.93,1811.94
,,,,,,,935,4135.95,3939,3229.98,10832.25,14259.18,23397.66,14771.25,7365.93,1811.94
,,,,,,,936,4135.95,3939,3229.98,10832.25,14259.18,23397.66,14771.25,7365.93,1811.94
,,,,,,,937,4135.95,3939,3229.98,10832.25,14259.18,23397.66,14771.25,7365.93,1811.94
,,,,,,,938,4135.95,3939,3229.98,10832.25,14259.18,23397.66,14771.25,7365.93,1811.94
,,,,,,,939,4135.95,3939,3229.98,10832.25,14259.18,23397.66,14771.25,7365.93,1811.94
,,,,,,,940,4135.95,3939,3229.98,10832.25,14259.18,23397.66,14771.25,7365.93,1811.94
,,,,,,,941,4135.95,3939,3229.98,10832.25,14259.18,23397.66,14771.25,7365.93,1811.94
,,,,,,,942,4135.95,3939,3229.98,10832.25,14259.18,23397.66,14771.25,7365.93,1811.94
,,,,,,,943,4135.95,3939,3229.98,10832.25,14259.18,23397.66,14771.25,7365.93,1811.94
,,,,,,,944,4135.95,3939,3229.98,10832.25,14259.18,23397.66,14771.25,7365.93,1811.94
,,,,,,,945,4135.95,3939,3229.98,10832.25,14259.18,23397.66,14771.25,7365.93,1811.94
,,,,,,,946,4135.95,3939,3229.98,10832.25,14259.18,23397.66,14771.25,7365.93,1811.94
,,,,,,,947,4135.95,3939,3229.98,10832.25,14259.18,23397.66,14771.25,7365.93,1811.94
,,,,,,,948,4135.95,3939,3229.98,10832.25,14259.18,23397.66,14771.25,7365.93,1811.94
,,,,,,,949,4135.95,3939,3229.98,10832.25,14259.18,23397.66,14771.25,7365.93,1811.94
,,,,,,,950,4135.95,3939,3229.98,10832.25,14259.18,23397.66,14771.25,7365.93,1811.94
,,,,,,,951,4135.95,3939,3229.98,10832.25,14259.18,23397.66,14771.25,7365.93,1811.94
,,,,,,,952,4135.95,3939,3229.98,10832.25,14259.18,23397.66,14771.25,7365.93,1811.94
,,,,,,,953,4135.95,3939,3229.98,10832.25,14259.18,23397.66,14771.25,7365.93,1811.94
,,,,,,,954,4135.95,3939,3229.98,10832.25,14259.18,23397.66,14771.25,7365.93,1811.94
,,,,,,,955,4135.95,3939,3229.98,10832.25,14259.18,23397.66,14771.25,7365.93,1811.94
,,,,,,,956,4135.95,3939,3229.98,10832.25,14259.18,23397.66,14771.25,7365.93,1811.94
,,,,,,,957,4135.95,3939,3229.98,10832.25,14259.18,23397.66,14771.25,7365.93,1811.94
,,,,,,,958,4135.95,3939,3229.98,10832.25,14259.18,23397.66,14771.25,7365.93,1811.94
,,,,,,,959,4135.95,3939,3229.98,10832.25,14259.18,23397.66,14771.25,7365.93,1811.94
,,,,,,,960,4135.95,3939,3229.98,10832.25,14259.18,23397.66,14771.25,7365.93,1811.94
,,,,,,,961,4135.95,3939,3229.98,10832.25,14259.18,23397.66,14771.25,7365.93,1811.94
,,,,,,,962,4135.95,3939,3229.98,10832.25,14259.18,23397.66,14771.25,7365.93,1811.94
,,,,,,,963,4135.95,3939,3229.98,10832.25,14259.18,23397.66,14771.25,7365.93,1811.94
,,,,,,,964,4135.95,3939,3229.98,10832.25,14259.18,23397.66,14771.25,7365.93,1811.94
,,,,,,,965,4135.95,3939,3229.98,10832.25,14259.18,23397.66,14771.25,7365.93,1811.94
,,,,,,,966,4135.95,3939,3229.98,10832.25,14259.18,23397.66,14771.25,7365.93,1811.94
,,,,,,,967,4135.95,3939,3229.98,10832.25,14259.18,23397.66,14771.25,7365.93,1811.94
,,,,,,,968,4135.95,3939,3229.98,10832.25,14259.18,23397.66,14771.25,7365.93,1811.94
,,,,,,,969,4135.95,3939,3229.98,10832.25,14259.18,23397.66,14771.25,7365.93,1811.94
,,,,,,,970,4135.95,3939,3229.98,10832.25,14259.18,23397.66,14771.25,7365.93,1811.94
,,,,,,,971,4135.95,3939,3229.98,10832.25,14259.18,23397.66,14771.25,7365.93,1811.94
,,,,,,,972,4135.95,3939,3229.98,10832.25,14259.18,23397.66,14771.25,7365.93,1811.94
,,,,,,,973,4135.95,3939,3229.98,10832.25,14259.18,23397.66,14771.25,7365.93,1811.94
,,,,,,,974,4135.95,3939,3229.98,10832.25,14259.18,23397.66,14771.25,7365.93,1811.94
,,,,,,,975,4135.95,3939,3229.98,10832.25,14259.18,23397.66,14771.25,7365.93,1811.94
,,,,,,,976,4135.95,3939,3229.98,10832.25,14259.18,23397.66,14771.25,7365.93,1811.94
,,,,,,,977,4135.95,3939,3229.98,10832.25,14259.18,23397.66,14771.25,7365.93,1811.94
,,,,,,,978,4135.95,3939,3229.98,10832.25,14259.18,23397.66,14771.25,7365.93,1811.94
,,,,,,,979,4135.95,3939,3229.98,10832.25,14259.18,23397.66,14771.25,7365.93,1811.94
,,,,,,,980,4135.95,3939,3229.98,10832.25,14259.18,23397.66,14771.25,7365.93,1811.94
,,,,,,,981,4135.95,3939,3229.98,10832.25,14259.18,23397.66,14771.25,7365.93,1811.94
,,,,,,,982,4135.95,3939,3229.98,10832.25,14259.18,23397.66,14771.25,7365.93,1811.94
,,,,,,,983,4135.95,3939,3229.98,10832.25,14259.18,23397.66,14771.25,7365.93,1811.94
,,,,,,,984,4135.95,3939,3229.98,10832.25,14259.18,23397.66,14771.25,7365.93,1811.94
,,,,,,,985,4135.95,3939,3229.98,10832.25,14259.18,23397.66,14771.25,7365.93,1811.94
,,,,,,,986,4135.95,3939,3229.98,10832.25,14259.18,23397.66,14771.25,7365.93,1811.94
,,,,,,,987,4135.95,3939,3229.98,10832.25,14259.18,23397.66,14771.25,7365.93,1811.94
,,,,,,,988,4135.95,3939,3229.98,10832.25,14259.18,23397.66,14771.25,7365.93,1811.94
,,,,,,,989,4135.95,3939,3229.98,10832.25,14259.18,23397.66,14771.25,7365.93,1811.94
,,,,,,,990,4135.95,3939,3229.98,10832.25,14259.18,23397.66,14771.25,7365.93,1811.94
,,,,,,,991,4135.95,3939,3229.98,10832.25,14259.18,23397.66,14771.25,7365.93,1811.94
,,,,,,,992,4135.95,3939,3229.98,10832.25,14259.18,23397.66,14771.25,7365.93,1811.94
,,,,,,,993,4135.95,3939,3229.98,10832.25,14259.18,23397.66,14771.25,7365.93,1811.94
,,,,,,,994,4135.95,3939,3229.98,10832.25,14259.18,23397.66,14771.25,7365.93,1811.94
,,,,,,,995,4135.95,3939,3229.98,10832.25,14259.18,23397.66,14771.25,7365.93,1811.94
,,,,,,,996,4135.95,3939,3229.98,10832.25,14259.18,23397.66,14771.25,7365.93,1811.94
,,,,,,,997,4135.95,3939,3229.98,10832.25,14259.18,23397.66,14771.25,7365.93,1811.94
,,,,,,,998,4135.95,3939,3229.98,10832.25,14259.18,23397.66,14771.25,7365.93,1811.94
,,,,,,,999,4135.95,3939,3229.98,10832.25,14259.18,23397.66,14771.25,7365.93,1811.94
,,,,,,,1000,4135.95,3939,3229.98,10832.25,14259.18,23397.66,14771.25,7365.93,1811.94
,,,,,,,1001,4135.95,3939,3229.98,10832.25,14259.18,23397.66,14771.25,7365.93,1811.94
,,,,,,,1002,4135.95,3939,3229.98,10832.25,14259.18,23397.66,14771.25,7365.93,1811.94
,,,,,,,1003,4135.95,3939,3229.98,10832.25,14259.18,23397.66,14771.25,7365.93,1811.94
,,,,,,,1004,4135.95,3939,3229.98,10832.25,14259.18,23397.66,14771.25,7365.93,1811.94
,,,,,,,1005,4135.95,3939,3229.98,10832.25,14259.18,23397.66,14771.25,7365.93,1811.94
,,,,,,,1006,4135.95,3939,3229.98,10832.25,14259.18,23397.66,14771.25,7365.93,1811.94
,,,,,,,1007,4135.95,3939,3229.98,10832.25,14259.18,23397.66,14771.25,7365.93,1811.94
,,,,,,,1008,4135.95,3939,3229.98,10832.25,14259.18,23397.66,14771.25,7365.93,1811.94
,,,,,,,1009,4135.95,3939,3229.98,10832.25,14259.18,23397.66,14771.25,7365.93,1811.94
,,,,,,,1010,4135.95,3939,3229.98,10832.25,14259.18,23397.66,14771.25,7365.93,1811.94
,,,,,,,1011,4135.95,3939,3229.98,10832.25,14259.18,23397.66,14771.25,7365.93,1811.94
,,,,,,,1012,4135.95,3939,3229.98,10832.25,14259.18,23397.66,14771.25,7365.93,1811.94
,,,,,,,1013,4135.95,3939,3229.98,10832.25,14259.18,23397.66,14771.25,7365.93,1811.94
,,,,,,,1014,4135.95,3939,3229.98,10832.25,14259.18,23397.66,14771.25,7365.93,1811.94
,,,,,,,1015,4135.95,3939,3229.98,10832.25,14259.18,23397.66,14771.25,7365.93,1811.94
,,,,,,,1016,4135.95,3939,3229.98,10832.25,14259.18,23397.66,14771.25,7365.93,1811.94
,,,,,,,1017,4135.95,3939,3229.98,10832.25,14259.18,23397.66,14771.25,7365.93,1811.94
,,,,,,,1018,4135.95,3939,3229.98,10832.25,14259.18,23397.66,14771.25,7365.93,1811.94
,,,,,,,1019,4135.95,3939,3229.98,10832.25,14259.18,23397.66,14771.25,7365.93,1811.94
,,,,,,,1020,4135.95,3939,3229.98,10832.25,14259.18,23397.66,14771.25,7365.93,1811.94
,,,,,,,1021,4135.95,3939,3229.98,10832.25,14259.18,23397.66,14771.25,7365.93,1811.94
,,,,,,,1022,4135.95,3939,3229.98,10832.25,14259.18,23397.66,14771.25,7365.93,1811.94
,,,,,,,1023,4135.95,3939,3229.98,10832.25,14259.18,23397.66,14771.25,7365.93,1811.94
,,,,,,,1024,4135.95,3939,3229.98,10832.25,14259.18,23397.66,14771.25,7365.93,1811.94
,,,,,,,1025,4135.95,3939,3229.98,10832.25,14259.18,23397.66,14771.25,7365.93,1811.94
,,,,,,,1026,4135.95,3939,3229.98,10832.25,14259.18,23397.66,14771.25,7365.93,1811.94
,,,,,,,1027,4135.95,3939,3229.98,10832.25,14259.18,23397.66,14771.25,7365.93,1811.94
,,,,,,,1028,4135.95,3939,3229.98,10832.25,14259.18,23397.66,14771.25,7365.93,1811.94
,,,,,,,1029,4135.95,3939,3229.98,10832.25,14259.18,23397.66,14771.25,7365.93,1811.94
,,,,,,,1030,4135.95,3939,3229.98,10832.25,14259.18,23397.66,14771.25,7365.93,1811.94
,,,,,,,1031,4135.95,3939,3229.98,10832.25,14259.18,23397.66,14771.25,7365.93,1811.94
,,,,,,,1032,4135.95,3939,3229.98,10832.25,14259.18,23397.66,14771.25,7365.93,1811.94
,,,,,,,1033,4135.95,3939,3229.98,10832.25,14259.18,23397.66,14771.25,7365.93,1811.94
,,,,,,,1034,4135.95,3939,3229.98,10832.25,14259.18,23397.66,14771.25,7365.93,1811.94
,,,,,,,1035,4135.95,3939,3229.98,10832.25,14259.18,23397.66,14771.25,7365.93,1811.94
,,,,,,,1036,4135.95,3939,3229.98,10832.25,14259.18,23397.66,14771.25,7365.93,1811.94
,,,,,,,1037,4135.95,3939,3229.98,10832.25,14259.18,23397.66,14771.25,7365.93,1811.94
,,,,,,,1038,4135.95,3939,3229.98,10832.25,14259.18,23397.66,14771.25,7365.93,1811.94
,,,,,,,1039,4135.95,3939,3229.98,10832.25,14259.18,23397.66,14771.25,7365.93,1811.94
,,,,,,,1040,4135.95,3939,3229.98,10832.25,14259.18,23397.66,14771.25,7365.93,1811.94
,,,,,,,1041,4135.95,3939,3229.98,10832.25,14259.18,23397.66,14771.25,7365.93,1811.94
,,,,,,,1042,4135.95,3939,3229.98,10832.25,14259.18,23397.66,14771.25,7365.93,1811.94
,,,,,,,1043,4135.95,3939,3229.98,10832.25,14259.18,23397.66,14771.25,7365.93,1811.94
,,,,,,,1044,4135.95,3939,3229.98,10832.25,14259.18,23397.66,14771.25,7365.93,1811.94
,,,,,,,1045,4135.95,3939,3229.98,10832.25,14259.18,23397.66,14771.25,7365.93,1811.94
,,,,,,,1046,4135.95,3939,3229.98,10832.25,14259.18,23397.66,14771.25,7365.93,1811.94
,,,,,,,1047,4135.95,3939,3229.98,10832.25,14259.18,23397.66,14771.25,7365.93,1811.94
,,,,,,,1048,4135.95,3939,3229.98,10832.25,14259.18,23397.66,14771.25,7365.93,1811.94
,,,,,,,1049,4135.95,3939,3229.98,10832.25,14259.18,23397.66,14771.25,7365.93,1811.94
,,,,,,,1050,4135.95,3939,3229.98,10832.25,14259.18,23397.66,14771.25,7365.93,1811.94
,,,,,,,1051,4135.95,3939,3229.98,10832.25,14259.18,23397.66,14771.25,7365.93,1811.94
,,,,,,,1052,4135.95,3939,3229.98,10832.25,14259.18,23397.66,14771.25,7365.93,1811.94
,,,,,,,1053,4135.95,3939,3229.98,10832.25,14259.18,23397.66,14771.25,7365.93,1811.94
,,,,,,,1054,4135.95,3939,3229.98,10832.25,14259.18,23397.66,14771.25,7365.93,1811.94
,,,,,,,1055,4135.95,3939,3229.98,10832.25,14259.18,23397.66,14771.25,7365.93,1811.94
,,,,,,,1056,4135.95,3939,3229.98,10832.25,14259.18,23397.66,14771.25,7365.93,1811.94
,,,,,,,1057,4135.95,3939,3229.98,10832.25,14259.18,23397.66,14771.25,7365.93,1811.94
,,,,,,,1058,4135.95,3939,3229.98,10832.25,14259.18,23397.66,14771.25,7365.93,1811.94
,,,,,,,1059,4135.95,3939,3229.98,10832.25,14259.18,23397.66,14771.25,7365.93,1811.94
,,,,,,,1060,4135.95,3939,3229.98,10832.25,14259.18,23397.66,14771.25,7365.93,1811.94
,,,,,,,1061,4135.95,3939,3229.98,10832.25,14259.18,23397.66,14771.25,7365.93,1811.94
,,,,,,,1062,4135.95,3939,3229.98,10832.25,14259.18,23397.66,14771.25,7365.93,1811.94
,,,,,,,1063,4135.95,3939,3229.98,10832.25,14259.18,23397.66,14771.25,7365.93,1811.94
,,,,,,,1064,4135.95,3939,3229.98,10832.25,14259.18,23397.66,14771.25,7365.93,1811.94
,,,,,,,1065,4135.95,3939,3229.98,10832.25,14259.18,23397.66,14771.25,7365.93,1811.94
,,,,,,,1066,4135.95,3939,3229.98,10832.25,14259.18,23397.66,14771.25,7365.93,1811.94
,,,,,,,1067,4135.95,3939,3229.98,10832.25,14259.18,23397.66,14771.25,7365.93,1811.94
,,,,,,,1068,4135.95,3939,3229.98,10832.25,14259.18,23397.66,14771.25,7365.93,1811.94
,,,,,,,1069,4135.95,3939,3229.98,10832.25,14259.18,23397.66,14771.25,7365.93,1811.94
,,,,,,,1070,4135.95,3939,3229.98,10832.25,14259.18,23397.66,14771.25,7365.93,1811.94
,,,,,,,1071,4135.95,3939,3229.98,10832.25,14259.18,23397.66,14771.25,7365.93,1811.94
,,,,,,,1072,4135.95,3939,3229.98,10832.25,14259.18,23397.66,14771.25,7365.93,1811.94
,,,,,,,1073,4135.95,3939,3229.98,10832.25,14259.18,23397.66,14771.25,7365.93,1811.94
,,,,,,,1074,4135.95,3939,3229.98,10832.25,14259.18,23397.66,14771.25,7365.93,1811.94
,,,,,,,1075,4135.95,3939,3229.98,10832.25,14259.18,23397.66,14771.25,7365.93,1811.94
,,,,,,,1076,4135.95,3939,3229.98,10832.25,14259.18,23397.66,14771.25,7365.93,1811.94
,,,,,,,1077,4135.95,3939,3229.98,10832.25,14259.18,23397.66,14771.25,7365.93,1811.94
,,,,,,,1078,4135.95,3939,3229.98,10832.25,14259.18,23397.66,14771.25,7365.93,1811.94
,,,,,,,1079,4135.95,3939,3229.98,10832.25,14259.18,23397.66,14771.25,7365.93,1811.94
,,,,,,,1080,4135.95,3939,3229.98,10832.25,14259.18,23397.66,14771.25,7365.93,1811.94
,,,,,,,1081,4135.95,3939,3229.98,10832.25,14259.18,23397.66,14771.25,7365.93,1811.94
,,,,,,,1082,4135.95,3939,3229.98,10832.25,14259.18,23397.66,14771.25,7365.93,1811.94
,,,,,,,1083,4135.95,3939,3229.98,10832.25,14259.18,23397.66,14771.25,7365.93,1811.94
,,,,,,,1084,4135.95,3939,3229.98,10832.25,14259.18,23397.66,14771.25,7365.93,1811.94
,,,,,,,1085,4135.95,3939,3229.98,10832.25,14259.18,23397.66,14771.25,7365.93,1811.94
,,,,,,,1086,4135.95,3939,3229.98,10832.25,14259.18,23397.66,14771.25,7365.93,1811.94
,,,,,,,1087,4135.95,3939,3229.98,10832.25,14259.18,23397.66,14771.25,7365.93,1811.94
,,,,,,,1088,4135.95,3939,3229.98,10832.25,14259.18,23397.66,14771.25,7365.93,1811.94
,,,,,,,1089,4135.95,3939,3229.98,10832.25,14259.18,23397.66,14771.25,7365.93,1811.94
,,,,,,,1090,4135.95,3939,3229.98,10832.25,14259.18,23397.66,14771.25,7365.93,1811.94
,,,,,,,1091,4135.95,3939,3229.98,10832.25,14259.18,23397.66,14771.25,7365.93,1811.94
,,,,,,,1092,4135.95,3939,3229.98,10832.25,14259.18,23397.66,14771.25,7365.93,1811.94
,,,,,,,1093,4135.95,3939,3229.98,10832.25,14259.18,23397.66,14771.25,7365.93,1811.94
,,,,,,,1094,4135.95,3939,3229.98,10832.25,14259.18,23397.66,14771.25,7365.93,1811.94
,,,,,,,1095,4135.95,3939,3229.98,10832.25,14259.18,23397.66,14771.25,7365.93,1811.94
,,,,,,,1096,4135.95,3939,3229.98,10832.25,14259.18,23397.66,14771.25,7365.93,1811.94
,,,,,,,1097,4135.95,3939,3229.98,10832.25,14259.18,23397.66,14771.25,7365.93,1811.94
,,,,,,,1098,4135.95,3939,3229.98,10832.25,14259.18,23397.66,14771.25,7365.93,1811.94
,,,,,,,1099,4135.95,3939,3229.98,10832.25,14259.18,23397.66,14771.25,7365.93,1811.94
,,,,,,,1100,4135.95,3939,3229.98,10832.25,14259.18,23397.66,14771.25,7365.93,1811.94
,,,,,,,1101,4135.95,3939,3229.98,10832.25,14259.18,23397.66,14771.25,7365.93,1811.94
,,,,,,,1102,4135.95,3939,3229.98,10832.25,14259.18,23397.66,14771.25,7365.93,1811.94
,,,,,,,1103,4135.95,3939,3229.98,10832.25,14259.18,23397.66,14771.25,7365.93,1811.94
,,,,,,,1104,4135.95,3939,3229.98,10832.25,14259.18,23397.66,14771.25,7365.93,1811.94
,,,,,,,1105,4135.95,3939,3229.98,10832.25,14259.18,23397.66,14771.25,7365.93,1811.94
,,,,,,,1106,4135.95,3939,3229.98,10832.25,14259.18,23397.66,14771.25,7365.93,1811.94
,,,,,,,1107,4135.95,3939,3229.98,10832.25,14259.18,23397.66,14771.25,7365.93,1811.94
,,,,,,,1108,4135.95,3939,3229.98,10832.25,14259.18,23397.66,14771.25,7365.93,1811.94
,,,,,,,1109,4135.95,3939,3229.98,10832.25,14259.18,23397.66,14771.25,7365.93,1811.94
,,,,,,,1110,4135.95,3939,3229.98,10832.25,14259.18,23397.66,14771.25,7365.93,1811.94
,,,,,,,1111,4135.95,3939,3229.98,10832.25,14259.18,23397.66,14771.25,7365.93,1811.94
,,,,,,,1112,4135.95,3939,3229.98,10832.25,14259.18,23397.66,14771.25,7365.93,1811.94
,,,,,,,1113,4135.95,3939,3229.98,10832.25,14259.18,23397.66,14771.25,7365.93,1811.94
,,,,,,,1114,4135.95,3939,3229.98,10832.25,14259.18,23397.66,14771.25,7365.93,1811.94
,,,,,,,1115,4135.95,3939,3229.98,10832.25,14259.18,23397.66,14771.25,7365.93,1811.94
,,,,,,,1116,4135.95,3939,3229.98,10832.25,14259.18,23397.66,14771.25,7365.93,1811.94
,,,,,,,1117,4135.95,3939,3229.98,10832.25,14259.18,23397.66,14771.25,7365.93,1811.94
,,,,,,,1118,4135.95,3939,3229.98,10832.25,14259.18,23397.66,14771.25,7365.93,1811.94
,,,,,,,1119,4135.95,3939,3229.98,10832.25,14259.18,23397.66,14771.25,7365.93,1811.94
,,,,,,,1120,4135.95,3939,3229.98,10832.25,14259.18,23397.66,14771.25,7365.93,1811.94
,,,,,,,1121,4135.95,3939,3229.98,10832.25,14259.18,23397.66,14771.25,7365.93,1811.94
,,,,,,,1122,4135.95,3939,3229.98,10832.25,14259.18,23397.66,14771.25,7365.93,1811.94
,,,,,,,1123,4135.95,3939,3229.98,10832.25,14259.18,23397.66,14771.25,7365.93,1811.94
,,,,,,,1124,4135.95,3939,3229.98,10832.25,14259.18,23397.66,14771.25,7365.93,1811.94
,,,,,,,1125,4135.95,3939,3229.98,10832.25,14259.18,23397.66,14771.25,7365.93,1811.94
,,,,,,,1126,4135.95,3939,3229.98,10832.25,14259.18,23397.66,14771.25,7365.93,1811.94
,,,,,,,1127,4135.95,3939,3229.98,10832.25,14259.18,23397.66,14771.25,7365.93,1811.94
,,,,,,,1128,4135.95,3939,3229.98,10832.25,14259.18,23397.66,14771.25,7365.93,1811.94
,,,,,,,1129,4135.95,3939,3229.98,10832.25,14259.18,23397.66,14771.25,7365.93,1811.94
,,,,,,,1130,4135.95,3939,3229.98,10832.25,14259.18,23397.66,14771.25,7365.93,1811.94
,,,,,,,1131,4135.95,3939,3229.98,10832.25,14259.18,23397.66,14771.25,7365.93,1811.94
,,,,,,,1132,4135.95,3939,3229.98,10832.25,14259.18,23397.66,14771.25,7365.93,1811.94
,,,,,,,1133,4135.95,3939,3229.98,10832.25,14259.18,23397.66,14771.25,7365.93,1811.94
,,,,,,,1134,4135.95,3939,3229.98,10832.25,14259.18,23397.66,14771.25,7365.93,1811.94
,,,,,,,1135,4135.95,3939,3229.98,10832.25,14259.18,23397.66,14771.25,7365.93,1811.94
,,,,,,,1136,4135.95,3939,3229.98,10832.25,14259.18,23397.66,14771.25,7365.93,1811.94
,,,,,,,1137,4135.95,3939,3229.98,10832.25,14259.18,23397.66,14771.25,7365.93,1811.94
,,,,,,,1138,4135.95,3939,3229.98,10832.25,14259.18,23397.66,14771.25,7365.93,1811.94
,,,,,,,1139,4135.95,3939,3229.98,10832.25,14259.18,23397.66,14771.25,7365.93,1811.94
,,,,,,,1140,4135.95,3939,3229.98,10832.25,14259.18,23397.66,14771.25,7365.93,1811.94
,,,,,,,1141,4135.95,3939,3229.98,10832.25,14259.18,23397.66,14771.25,7365.93,1811.94
,,,,,,,1142,4135.95,3939,3229.98,10832.25,14259.18,23397.66,14771.25,7365.93,1811.94
,,,,,,,1143,4135.95,3939,3229.98,10832.25,14259.18,23397.66,14771.25,7365.93,1811.94
,,,,,,,1144,4135.95,3939,3229.98,10832.25,14259.18,23397.66,14771.25,7365.93,1811.94
,,,,,,,1145,4135.95,3939,3229.98,10832.25,14259.18,23397.66,14771.25,7365.93,1811.94
,,,,,,,1146,4135.95,3939,3229.98,10832.25,14259.18,23397.66,14771.25,7365.93,1811.94
,,,,,,,1147,4135.95,3939,3229.98,10832.25,14259.18,23397.66,14771.25,7365.93,1811.94
,,,,,,,1148,4135.95,3939,3229.98,10832.25,14259.18,23397.66,14771.25,7365.93,1811.94
,,,,,,,1149,4135.95,3939,3229.98,10832.25,14259.18,23397.66,14771.25,7365.93,1811.94
,,,,,,,1150,4135.95,3939,3229.98,10832.25,14259.18,23397.66,14771.25,7365.93,1811.94
,,,,,,,1151,4135.95,3939,3229.98,10832.25,14259.18,23397.66,14771.25,7365.93,1811.94
,,,,,,,1152,4135.95,3939,3229.98,10832.25,14259.18,23397.66,14771.25,7365.93,1811.94
,,,,,,,1153,4135.95,3939,3229.98,10832.25,14259.18,23397.66,14771.25,7365.93,1811.94
,,,,,,,1154,4135.95,3939,3229.98,10832.25,14259.18,23397.66,14771.25,7365.93,1811.94
,,,,,,,1155,4135.95,3939,3229.98,10832.25,14259.18,23397.66,14771.25,7365.93,1811.94
,,,,,,,1156,4135.95,3939,3229.98,10832.25,14259.18,23397.66,14771.25,7365.93,1811.94
,,,,,,,1157,4135.95,3939,3229.98,10832.25,14259.18,23397.66,14771.25,7365.93,1811.94
,,,,,,,1158,4135.95,3939,3229.98,10832.25,14259.18,23397.66,14771.25,7365.93,1811.94
,,,,,,,1159,4135.95,3939,3229.98,10832.25,14259.18,23397.66,14771.25,7365.93,1811.94
,,,,,,,1160,4135.95,3939,3229.98,10832.25,14259.18,23397.66,14771.25,7365.93,1811.94
,,,,,,,1161,4135.95,3939,3229.98,10832.25,14259.18,23397.66,14771.25,7365.93,1811.94
,,,,,,,1162,4135.95,3939,3229.98,10832.25,14259.18,23397.66,14771.25,7365.93,1811.94
,,,,,,,1163,4135.95,3939,3229.98,10832.25,14259.18,23397.66,14771.25,7365.93,1811.94
,,,,,,,1164,4135.95,3939,3229.98,10832.25,14259.18,23397.66,14771.25,7365.93,1811.94
,,,,,,,1165,4135.95,3939,3229.98,10832.25,14259.18,23397.66,14771.25,7365.93,1811.94
,,,,,,,1166,4135.95,3939,3229.98,10832.25,14259.18,23397.66,14771.25,7365.93,1811.94
,,,,,,,1167,4135.95,3939,3229.98,10832.25,14259.18,23397.66,14771.25,7365.93,1811.94
,,,,,,,1168,4135.95,3939,3229.98,10832.25,14259.18,23397.66,14771.25,7365.93,1811.94
,,,,,,,1169,4135.95,3939,3229.98,10832.25,14259.18,23397.66,14771.25,7365.93,1811.94
,,,,,,,1170,4135.95,3939,3229.98,10832.25,14259.18,23397.66,14771.25,7365.93,1811.94
,,,,,,,1171,4135.95,3939,3229.98,10832.25,14259.18,23397.66,14771.25,7365.93,1811.94
,,,,,,,1172,4135.95,3939,3229.98,10832.25,14259.18,23397.66,14771.25,7365.93,1811.94
,,,,,,,1173,4135.95,3939,3229.98,10832.25,14259.18,23397.66,14771.25,7365.93,1811.94
,,,,,,,1174,4135.95,3939,3229.98,10832.25,14259.18,23397.66,14771.25,7365.93,1811.94
,,,,,,,1175,4135.95,3939,3229.98,10832.25,14259.18,23397.66,14771.25,7365.93,1811.94
,,,,,,,1176,4135.95,3939,3229.98,10832.25,14259.18,23397.66,14771.25,7365.93,1811.94
,,,,,,,1177,4135.95,3939,3229.98,10832.25,14259.18,23397.66,14771.25,7365.93,1811.94
,,,,,,,1178,4135.95,3939,3229.98,10832.25,14259.18,23397.66,14771.25,7365.93,1811.94
,,,,,,,1179,4135.95,3939,3229.98,10832.25,14259.18,23397.66,14771.25,7365.93,1811.94
,,,,,,,1180,4135.95,3939,3229.98,10832.25,14259.18,23397.66,14771.25,7365.93,1811.94
,,,,,,,1181,4135.95,3939,3229.98,10832.25,14259.18,23397.66,14771.25,7365.93,1811.94
,,,,,,,1182,4135.95,3939,3229.98,10832.25,14259.18,23397.66,14771.25,7365.93,1811.94
,,,,,,,1183,4135.95,3939,3229.98,10832.25,14259.18,23397.66,14771.25,7365.93,1811.94
,,,,,,,1184,4135.95,3939,3229.98,10832.25,14259.18,23397.66,14771.25,7365.93,1811.94
,,,,,,,1185,4135.95,3939,3229.98,10832.25,14259.18,23397.66,14771.25,7365.93,1811.94
,,,,,,,1186,4135.95,3939,3229.98,10832.25,14259.18,23397.66,14771.25,7365.93,1811.94
,,,,,,,1187,4135.95,3939,3229.98,10832.25,14259.18,23397.66,14771.25,7365.93,1811.94
,,,,,,,1188,4135.95,3939,3229.98,10832.25,14259.18,23397.66,14771.25,7365.93,1811.94
,,,,,,,1189,4135.95,3939,3229.98,10832.25,14259.18,23397.66,14771.25,7365.93,1811.94
,,,,,,,1190,4135.95,3939,3229.98,10832.25,14259.18,23397.66,14771.25,7365.93,1811.94
,,,,,,,1191,4135.95,3939,3229.98,10832.25,14259.18,23397.66,14771.25,7365.93,1811.94
,,,,,,,1192,4135.95,3939,3229.98,10832.25,14259.18,23397.66,14771.25,7365.93,1811.94
,,,,,,,1193,4135.95,3939,3229.98,10832.25,14259.18,23397.66,14771.25,7365.93,1811.94
,,,,,,,1194,4135.95,3939,3229.98,10832.25,14259.18,23397.66,14771.25,7365.93,1811.94
,,,,,,,1195,4135.95,3939,3229.98,10832.25,14259.18,23397.66,14771.25,7365.93,1811.94
,,,,,,,1196,4135.95,3939,3229.98,10832.25,14259.18,23397.66,14771.25,7365.93,1811.94
,,,,,,,1197,4135.95,3939,3229.98,10832.25,14259.18,23397.66,14771.25,7365.93,1811.94
,,,,,,,1198,4135.95,3939,3229.98,10832.25,14259.18,23397.66,14771.25,7365.93,1811.94
,,,,,,,1199,4135.95,3939,3229.98,10832.25,14259.18,23397.66,14771.25,7365.93,1811.94
,,,,,,,1200,4135.95,3939,3229.98,10832.25,14259.18,23397.66,14771.25,7365.93,1811.94
,,,,,,,1201,4135.95,3939,3229.98,10832.25,14259.18,23397.66,14771.25,7365.93,1811.94
,,,,,,,1202,4135.95,3939,3229.98,10832.25,14259.18,23397.66,14771.25,7365.93,1811.94
,,,,,,,1203,4135.95,3939,3229.98,10832.25,14259.18,23397.66,14771.25,7365.93,1811.94
,,,,,,,1204,4135.95,3939,3229.98,10832.25,14259.18,23397.66,14771.25,7365.93,1811.94
,,,,,,,1205,4135.95,3939,3229.98,10832.25,14259.18,23397.66,14771.25,7365.93,1811.94
,,,,,,,1206,4135.95,3939,3229.98,10832.25,14259.18,23397.66,14771.25,7365.93,1811.94
,,,,,,,1207,4135.95,3939,3229.98,10832.25,14259.18,23397.66,14771.25,7365.93,1811.94
,,,,,,,1208,4135.95,3939,3229.98,10832.25,14259.18,23397.66,14771.25,7365.93,1811.94
,,,,,,,1209,4135.95,3939,3229.98,10832.25,14259.18,23397.66,14771.25,7365.93,1811.94
,,,,,,,1210,4135.95,3939,3229.98,10832.25,14259.18,23397.66,14771.25,7365.93,1811.94
,,,,,,,1211,4135.95,3939,3229.98,10832.25,14259.18,23397.66,14771.25,7365.93,1811.94
,,,,,,,1212,4135.95,3939,3229.98,10832.25,14259.18,23397.66,14771.25,7365.93,1811.94
,,,,,,,1213,4135.95,3939,3229.98,10832.25,14259.18,23397.66,14771.25,7365.93,1811.94
,,,,,,,1214,4135.95,3939,3229.98,10832.25,14259.18,23397.66,14771.25,7365.93,1811.94
,,,,,,,1215,4135.95,3939,3229.98,10832.25,14259.18,23397.66,14771.25,7365.93,1811.94
,,,,,,,1216,4135.95,3939,3229.98,10832.25,14259.18,23397.66,14771.25,7365.93,1811.94
,,,,,,,1217,4135.95,3939,3229.98,10832.25,14259.18,23397.66,14771.25,7365.93,1811.94
,,,,,,,1218,4135.95,3939,3229.98,10832.25,14259.18,23397.66,14771.25,7365.93,1811.94
,,,,,,,1219,4135.95,3939,3229.98,10832.25,14259.18,23397.66,14771.25,7365.93,1811.94
,,,,,,,1220,4135.95,3939,3229.98,10832.25,14259.18,23397.66,14771.25,7365.93,1811.94
,,,,,,,1221,4135.95,3939,3229.98,10832.25,14259.18,23397.66,14771.25,7365.93,1811.94
,,,,,,,1222,4135.95,3939,3229.98,10832.25,14259.18,23397.66,14771.25,7365.93,1811.94
,,,,,,,1223,4135.95,3939,3229.98,10832.25,14259.18,23397.66,14771.25,7365.93,1811.94
,,,,,,,1224,4135.95,3939,3229.98,10832.25,14259.18,23397.66,14771.25,7365.93,1811.94
,,,,,,,1225,4135.95,3939,3229.98,10832.25,14259.18,23397.66,14771.25,7365.93,1811.94
,,,,,,,1226,4135.95,3939,3229.98,10832.25,14259.18,23397.66,14771.25,7365.93,1811.94
,,,,,,,1227,4135.95,3939,3229.98,10832.25,14259.18,23397.66,14771.25,7365.93,1811.94
,,,,,,,1228,4135.95,3939,3229.98,10832.25,14259.18,23397.66,14771.25,7365.93,1811.94
,,,,,,,1229,4135.95,3939,3229.98,10832.25,14259.18,23397.66,14771.25,7365.93,1811.94
,,,,,,,1230,4135.95,3939,3229.98,10832.25,14259.18,23397.66,14771.25,7365.93,1811.94
,,,,,,,1231,4135.95,3939,3229.98,10832.25,14259.18,23397.66,14771.25,7365.93,1811.94
,,,,,,,1232,4135.95,3939,3229.98,10832.25,14259.18,23397.66,14771.25,7365.93,1811.94
,,,,,,,1233,4135.95,3939,3229.98,10832.25,14259.18,23397.66,14771.25,7365.93,1811.94
,,,,,,,1234,4135.95,3939,3229.98,10832.25,14259.18,23397.66,14771.25,7365.93,1811.94
,,,,,,,1235,4135.95,3939,3229.98,10832.25,14259.18,23397.66,14771.25,7365.93,1811.94
,,,,,,,1236,4135.95,3939,3229.98,10832.25,14259.18,23397.66,14771.25,7365.93,1811.94
,,,,,,,1237,4135.95,3939,3229.98,10832.25,14259.18,23397.66,14771.25,7365.93,1811.94
,,,,,,,1238,4135.95,3939,3229.98,10832.25,14259.18,23397.66,14771.25,7365.93,1811.94
,,,,,,,1239,4135.95,3939,3229.98,10832.25,14259.18,23397.66,14771.25,7365.93,1811.94
,,,,,,,1240,4135.95,3939,3229.98,10832.25,14259.18,23397.66,14771.25,7365.93,1811.94
,,,,,,,1241,4135.95,3939,3229.98,10832.25,14259.18,23397.66,14771.25,7365.93,1811.94
,,,,,,,1242,4135.95,3939,3229.98,10832.25,14259.18,23397.66,14771.25,7365.93,1811.94
,,,,,,,1243,4135.95,3939,3229.98,10832.25,14259.18,23397.66,14771.25,7365.93,1811.94
,,,,,,,1244,4135.95,3939,3229.98,10832.25,14259.18,23397.66,14771.25,7365.93,1811.94
,,,,,,,1245,4135.95,3939,3229.98,10832.25,14259.18,23397.66,14771.25,7365.93,1811.94
,,,,,,,1246,4135.95,3939,3229.98,10832.25,14259.18,23397.66,14771.25,7365.93,1811.94
,,,,,,,1247,4135.95,3939,3229.98,10832.25,14259.18,23397.66,14771.25,7365.93,1811.94
,,,,,,,1248,4135.95,3939,3229.98,10832.25,14259.18,23397.66,14771.25,7365.93,1811.94
,,,,,,,1249,4135.95,3939,3229.98,10832.25,14259.18,23397.66,14771.25,7365.93,1811.94
,,,,,,,1250,4135.95,3939,3229.98,10832.25,14259.18,23397.66,14771.25,7365.93,1811.94
,,,,,,,1251,4135.95,3939,3229.98,10832.25,14259.18,23397.66,14771.25,7365.93,1811.94
,,,,,,,1252,4135.95,3939,3229.98,10832.25,14259.18,23397.66,14771.25,7365.93,1811.94
,,,,,,,1253,4135.95,3939,3229.98,10832.25,14259.18,23397.66,14771.25,7365.93,1811.94
,,,,,,,1254,4135.95,3939,3229.98,10832.25,14259.18,23397.66,14771.25,7365.93,1811.94
,,,,,,,1255,4135.95,3939,3229.98,10832.25,14259.18,23397.66,14771.25,7365.93,1811.94
,,,,,,,1256,4135.95,3939,3229.98,10832.25,14259.18,23397.66,14771.25,7365.93,1811.94
,,,,,,,1257,4135.95,3939,3229.98,10832.25,14259.18,23397.66,14771.25,7365.93,1811.94
,,,,,,,1258,4135.95,3939,3229.98,10832.25,14259.18,23397.66,14771.25,7365.93,1811.94
,,,,,,,1259,4135.95,3939,3229.98,10832.25,14259.18,23397.66,14771.25,7365.93,1811.94
,,,,,,,1260,4135.95,3939,3229.98,10832.25,14259.18,23397.66,14771.25,7365.93,1811.94
,,,,,,,1261,4135.95,3939,3229.98,10832.25,14259.18,23397.66,14771.25,7365.93,1811.94
,,,,,,,1262,4135.95,3939,3229.98,10832.25,14259.18,23397.66,14771.25,7365.93,1811.94
,,,,,,,1263,4135.95,3939,3229.98,10832.25,14259.18,23397.66,14771.25,7365.93,1811.94
,,,,,,,1264,4135.95,3939,3229.98,10832.25,14259.18,23397.66,14771.25,7365.93,1811.94
,,,,,,,1265,4135.95,3939,3229.98,10832.25,14259.18,23397.66,14771.25,7365.93,1811.94
,,,,,,,1266,4135.95,3939,3229.98,10832.25,14259.18,23397.66,14771.25,7365.93,1811.94
,,,,,,,1267,4135.95,3939,3229.98,10832.25,14259.18,23397.66,14771.25,7365.93,1811.94
,,,,,,,1268,4135.95,3939,3229.98,10832.25,14259.18,23397.66,14771.25,7365.93,1811.94
,,,,,,,1269,4135.95,3939,3229.98,10832.25,14259.18,23397.66,14771.25,7365.93,1811.94
,,,,,,,1270,4135.95,3939,3229.98,10832.25,14259.18,23397.66,14771.25,7365.93,1811.94
,,,,,,,1271,4135.95,3939,3229.98,10832.25,14259.18,23397.66,14771.25,7365.93,1811.94
,,,,,,,1272,4135.95,3939,3229.98,10832.25,14259.18,23397.66,14771.25,7365.93,1811.94
,,,,,,,1273,4135.95,3939,3229.98,10832.25,14259.18,23397.66,14771.25,7365.93,1811.94
,,,,,,,1274,4135.95,3939,3229.98,10832.25,14259.18,23397.66,14771.25,7365.93,1811.94
,,,,,,,1275,4135.95,3939,3229.98,10832.25,14259.18,23397.66,14771.25,7365.93,1811.94
,,,,,,,1276,4135.95,3939,3229.98,10832.25,14259.18,23397.66,14771.25,7365.93,1811.94
,,,,,,,1277,4135.95,3939,3229.98,10832.25,14259.18,23397.66,14771.25,7365.93,1811.94
,,,,,,,1278,4135.95,3939,3229.98,10832.25,14259.18,23397.66,14771.25,7365.93,1811.94
,,,,,,,1279,4135.95,3939,3229.98,10832.25,14259.18,23397.66,14771.25,7365.93,1811.94
,,,,,,,1280,4135.95,3939,3229.98,10832.25,14259.18,23397.66,14771.25,7365.93,1811.94
,,,,,,,1281,4135.95,3939,3229.98,10832.25,14259.18,23397.66,14771.25,7365.93,1811.94
,,,,,,,1282,4135.95,3939,3229.98,10832.25,14259.18,23397.66,14771.25,7365.93,1811.94
,,,,,,,1283,4135.95,3939,3229.98,10832.25,14259.18,23397.66,14771.25,7365.93,1811.94
,,,,,,,1284,4135.95,3939,3229.98,10832.25,14259.18,23397.66,14771.25,7365.93,1811.94
,,,,,,,1285,4135.95,3939,3229.98,10832.25,14259.18,23397.66,14771.25,7365.93,1811.94
,,,,,,,1286,4135.95,3939,3229.98,10832.25,14259.18,23397.66,14771.25,7365.93,1811.94
,,,,,,,1287,4135.95,3939,3229.98,10832.25,14259.18,23397.66,14771.25,7365.93,1811.94
,,,,,,,1288,4135.95,3939,3229.98,10832.25,14259.18,23397.66,14771.25,7365.93,1811.94
,,,,,,,1289,4135.95,3939,3229.98,10832.25,14259.18,23397.66,14771.25,7365.93,1811.94
,,,,,,,1290,4135.95,3939,3229.98,10832.25,14259.18,23397.66,14771.25,7365.93,1811.94
,,,,,,,1291,4135.95,3939,3229.98,10832.25,14259.18,23397.66,14771.25,7365.93,1811.94
,,,,,,,1292,4135.95,3939,3229.98,10832.25,14259.18,23397.66,14771.25,7365.93,1811.94
,,,,,,,1293,4135.95,3939,3229.98,10832.25,14259.18,23397.66,14771.25,7365.93,1811.94
,,,,,,,1294,4135.95,3939,3229.98,10832.25,14259.18,23397.66,14771.25,7365.93,1811.94
,,,,,,,1295,4135.95,3939,3229.98,10832.25,14259.18,23397.66,14771.25,7365.93,1811.94
,,,,,,,1296,4135.95,3939,3229.98,10832.25,14259.18,23397.66,14771.25,7365.93,1811.94
,,,,,,,1297,4135.95,3939,3229.98,10832.25,14259.18,23397.66,14771.25,7365.93,1811.94
,,,,,,,1298,4135.95,3939,3229.98,10832.25,14259.18,23397.66,14771.25,7365.93,1811.94
,,,,,,,1299,4135.95,3939,3229.98,10832.25,14259.18,23397.66,14771.25,7365.93,1811.94
,,,,,,,1300,4135.95,3939,3229.98,10832.25,14259.18,23397.66,14771.25,7365.93,1811.94
,,,,,,,1301,4135.95,3939,3229.98,10832.25,14259.18,23397.66,14771.25,7365.93,1811.94
,,,,,,,1302,4135.95,3939,3229.98,10832.25,14259.18,23397.66,14771.25,7365.93,1811.94
,,,,,,,1303,4135.95,3939,3229.98,10832.25,14259.18,23397.66,14771.25,7365.93,1811.94
,,,,,,,1304,4135.95,3939,3229.98,10832.25,14259.18,23397.66,14771.25,7365.93,1811.94
,,,,,,,1305,4135.95,3939,3229.98,10832.25,14259.18,23397.66,14771.25,7365.93,1811.94
,,,,,,,1306,4135.95,3939,3229.98,10832.25,14259.18,23397.66,14771.25,7365.93,1811.94
,,,,,,,1307,4135.95,3939,3229.98,10832.25,14259.18,23397.66,14771.25,7365.93,1811.94
,,,,,,,1308,4135.95,3939,3229.98,10832.25,14259.18,23397.66,14771.25,7365.93,1811.94
,,,,,,,1309,4135.95,3939,3229.98,10832.25,14259.18,23397.66,14771.25,7365.93,1811.94
,,,,,,,1310,4135.95,3939,3229.98,10832.25,14259.18,23397.66,14771.25,7365.93,1811.94
,,,,,,,1311,4135.95,3939,3229.98,10832.25,14259.18,23397.66,14771.25,7365.93,1811.94
,,,,,,,1312,4135.95,3939,3229.98,10832.25,14259.18,23397.66,14771.25,7365.93,1811.94
,,,,,,,1313,4135.95,3939,3229.98,10832.25,14259.18,23397.66,14771.25,7365.93,1811.94
,,,,,,,1314,4135.95,3939,3229.98,10832.25,14259.18,23397.66,14771.25,7365.93,1811.94
,,,,,,,1315,4135.95,3939,3229.98,10832.25,14259.18,23397.66,14771.25,7365.93,1811.94
,,,,,,,1316,4135.95,3939,3229.98,10832.25,14259.18,23397.66,14771.25,7365.93,1811.94
,,,,,,,1317,4135.95,3939,3229.98,10832.25,14259.18,23397.66,14771.25,7365.93,1811.94
,,,,,,,1318,4135.95,3939,3229.98,10832.25,14259.18,23397.66,14771.25,7365.93,1811.94
,,,,,,,1319,4135.95,3939,3229.98,10832.25,14259.18,23397.66,14771.25,7365.93,1811.94
,,,,,,,1320,4135.95,3939,3229.98,10832.25,14259.18,23397.66,14771.25,7365.93,1811.94
,,,,,,,1321,4135.95,3939,3229.98,10832.25,14259.18,23397.66,14771.25,7365.93,1811.94
,,,,,,,1322,4135.95,3939,3229.98,10832.25,14259.18,23397.66,14771.25,7365.93,1811.94
,,,,,,,1323,4135.95,3939,3229.98,10832.25,14259.18,23397.66,14771.25,7365.93,1811.94
,,,,,,,1324,4135.95,3939,3229.98,10832.25,14259.18,23397.66,14771.25,7365.93,1811.94
,,,,,,,1325,4135.95,3939,3229.98,10832.25,14259.18,23397.66,14771.25,7365.93,1811.94
,,,,,,,1326,4135.95,3939,3229.98,10832.25,14259.18,23397.66,14771.25,7365.93,1811.94
,,,,,,,1327,4135.95,3939,3229.98,10832.25,14259.18,23397.66,14771.25,7365.93,1811.94
,,,,,,,1328,4135.95,3939,3229.98,10832.25,14259.18,23397.66,14771.25,7365.93,1811.94
,,,,,,,1329,4135.95,3939,3229.98,10832.25,14259.18,23397.66,14771.25,7365.93,1811.94
,,,,,,,1330,4135.95,3939,3229.98,10832.25,14259.18,23397.66,14771.25,7365.93,1811.94
,,,,,,,1331,4135.95,3939,3229.98,10832.25,14259.18,23397.66,14771.25,7365.93,1811.94
,,,,,,,1332,4135.95,3939,3229.98,10832.25,14259.18,23397.66,14771.25,7365.93,1811.94
,,,,,,,1333,4135.95,3939,3229.98,10832.25,14259.18,23397.66,14771.25,7365.93,1811.94
,,,,,,,1334,4135.95,3939,3229.98,10832.25,14259.18,23397.66,14771.25,7365.93,1811.94
,,,,,,,1335,4135.95,3939,3229.98,10832.25,14259.18,23397.66,14771.25,7365.93,1811.94
,,,,,,,1336,4135.95,3939,3229.98,10832.25,14259.18,23397.66,14771.25,7365.93,1811.94
,,,,,,,1337,4135.95,3939,3229.98,10832.25,14259.18,23397.66,14771.25,7365.93,1811.94
,,,,,,,1338,4135.95,3939,3229.98,10832.25,14259.18,23397.66,14771.25,7365.93,1811.94
,,,,,,,1339,4135.95,3939,3229.98,10832.25,14259.18,23397.66,14771.25,7365.93,1811.94
,,,,,,,1340,4135.95,3939,3229.98,10832.25,14259.18,23397.66,14771.25,7365.93,1811.94
,,,,,,,1341,4135.95,3939,3229.98,10832.25,14259.18,23397.66,14771.25,7365.93,1811.94
,,,,,,,1342,4135.95,3939,3229.98,10832.25,14259.18,23397.66,14771.25,7365.93,1811.94
,,,,,,,1343,4135.95,3939,3229.98,10832.25,14259.18,23397.66,14771.25,7365.93,1811.94
,,,,,,,1344,4135.95,3939,3229.98,10832.25,14259.18,23397.66,14771.25,7365.93,1811.94
,,,,,,,1345,4135.95,3939,3229.98,10832.25,14259.18,23397.66,14771.25,7365.93,1811.94
,,,,,,,1346,4135.95,3939,3229.98,10832.25,14259.18,23397.66,14771.25,7365.93,1811.94
,,,,,,,1347,4135.95,3939,3229.98,10832.25,14259.18,23397.66,14771.25,7365.93,1811.94
,,,,,,,1348,4135.95,3939,3229.98,10832.25,14259.18,23397.66,14771.25,7365.93,1811.94
,,,,,,,1349,4135.95,3939,3229.98,10832.25,14259.18,23397.66,14771.25,7365.93,1811.94
,,,,,,,1350,4135.95,3939,3229.98,10832.25,14259.18,23397.66,14771.25,7365.93,1811.94
,,,,,,,1351,4135.95,3939,3229.98,10832.25,14259.18,23397.66,14771.25,7365.93,1811.94
,,,,,,,1352,4135.95,3939,3229.98,10832.25,14259.18,23397.66,14771.25,7365.93,1811.94
,,,,,,,1353,4135.95,3939,3229.98,10832.25,14259.18,23397.66,14771.25,7365.93,1811.94
,,,,,,,1354,4135.95,3939,3229.98,10832.25,14259.18,23397.66,14771.25,7365.93,1811.94
,,,,,,,1355,4135.95,3939,3229.98,10832.25,14259.18,23397.66,14771.25,7365.93,1811.94
,,,,,,,1356,4135.95,3939,3229.98,10832.25,14259.18,23397.66,14771.25,7365.93,1811.94
,,,,,,,1357,4135.95,3939,3229.98,10832.25,14259.18,23397.66,14771.25,7365.93,1811.94
,,,,,,,1358,4135.95,3939,3229.98,10832.25,14259.18,23397.66,14771.25,7365.93,1811.94
,,,,,,,1359,4135.95,3939,3229.98,10832.25,14259.18,23397.66,14771.25,7365.93,1811.94
,,,,,,,1360,4135.95,3939,3229.98,10832.25,14259.18,23397.66,14771.25,7365.93,1811.94
,,,,,,,1361,4135.95,3939,3229.98,10832.25,14259.18,23397.66,14771.25,7365.93,1811.94
,,,,,,,1362,4135.95,3939,3229.98,10832.25,14259.18,23397.66,14771.25,7365.93,1811.94
,,,,,,,1363,4135.95,3939,3229.98,10832.25,14259.18,23397.66,14771.25,7365.93,1811.94
,,,,,,,1364,4135.95,3939,3229.98,10832.25,14259.18,23397.66,14771.25,7365.93,1811.94
,,,,,,,1365,4135.95,3939,3229.98,10832.25,14259.18,23397.66,14771.25,7365.93,1811.94
,,,,,,,1366,4135.95,3939,3229.98,10832.25,14259.18,23397.66,14771.25,7365.93,1811.94
,,,,,,,1367,4135.95,3939,3229.98,10832.25,14259.18,23397.66,14771.25,7365.93,1811.94
,,,,,,,1368,4135.95,3939,3229.98,10832.25,14259.18,23397.66,14771.25,7365.93,1811.94
,,,,,,,1369,4135.95,3939,3229.98,10832.25,14259.18,23397.66,14771.25,7365.93,1811.94
,,,,,,,1370,4135.95,3939,3229.98,10832.25,14259.18,23397.66,14771.25,7365.93,1811.94
,,,,,,,1371,4135.95,3939,3229.98,10832.25,14259.18,23397.66,14771.25,7365.93,1811.94
,,,,,,,1372,4135.95,3939,3229.98,10832.25,14259.18,23397.66,14771.25,7365.93,1811.94
,,,,,,,1373,4135.95,3939,3229.98,10832.25,14259.18,23397.66,14771.25,7365.93,1811.94
,,,,,,,1374,4135.95,3939,3229.98,10832.25,14259.18,23397.66,14771.25,7365.93,1811.94
,,,,,,,1375,4135.95,3939,3229.98,10832.25,14259.18,23397.66,14771.25,7365.93,1811.94
,,,,,,,1376,4135.95,3939,3229.98,10832.25,14259.18,23397.66,14771.25,7365.93,1811.94
,,,,,,,1377,4135.95,3939,3229.98,10832.25,14259.18,23397.66,14771.25,7365.93,1811.94
,,,,,,,1378,4135.95,3939,3229.98,10832.25,14259.18,23397.66,14771.25,7365.93,1811.94
,,,,,,,1379,4135.95,3939,3229.98,10832.25,14259.18,23397.66,14771.25,7365.93,1811.94
,,,,,,,1380,4135.95,3939,3229.98,10832.25,14259.18,23397.66,14771.25,7365.93,1811.94
,,,,,,,1381,4135.95,3939,3229.98,10832.25,14259.18,23397.66,14771.25,7365.93,1811.94
,,,,,,,1382,4135.95,3939,3229.98,10832.25,14259.18,23397.66,14771.25,7365.93,1811.94
,,,,,,,1383,4135.95,3939,3229.98,10832.25,14259.18,23397.66,14771.25,7365.93,1811.94
,,,,,,,1384,4135.95,3939,3229.98,10832.25,14259.18,23397.66,14771.25,7365.93,1811.94
,,,,,,,1385,4135.95,3939,3229.98,10832.25,14259.18,23397.66,14771.25,7365.93,1811.94
,,,,,,,1386,4135.95,3939,3229.98,10832.25,14259.18,23397.66,14771.25,7365.93,1811.94
,,,,,,,1387,4135.95,3939,3229.98,10832.25,14259.18,23397.66,14771.25,7365.93,1811.94
,,,,,,,1388,4135.95,3939,3229.98,10832.25,14259.18,23397.66,14771.25,7365.93,1811.94
,,,,,,,1389,4135.95,3939,3229.98,10832.25,14259.18,23397.66,14771.25,7365.93,1811.94
,,,,,,,1390,4135.95,3939,3229.98,10832.25,14259.18,23397.66,14771.25,7365.93,1811.94
,,,,,,,1391,4135.95,3939,3229.98,10832.25,14259.18,23397.66,14771.25,7365.93,1811.94
,,,,,,,1392,4135.95,3939,3229.98,10832.25,14259.18,23397.66,14771.25,7365.93,1811.94
,,,,,,,1393,4135.95,3939,3229.98,10832.25,14259.18,23397.66,14771.25,7365.93,1811.94
,,,,,,,1394,4135.95,3939,3229.98,10832.25,14259.18,23397.66,14771.25,7365.93,1811.94
,,,,,,,1395,4135.95,3939,3229.98,10832.25,14259.18,23397.66,14771.25,7365.93,1811.94
,,,,,,,1396,4135.95,3939,3229.98,10832.25,14259.18,23397.66,14771.25,7365.93,1811.94
,,,,,,,1397,4135.95,3939,3229.98,10832.25,14259.18,23397.66,14771.25,7365.93,1811.94
,,,,,,,1398,4135.95,3939,3229.98,10832.25,14259.18,23397.66,14771.25,7365.93,1811.94
,,,,,,,1399,4135.95,3939,3229.98,10832.25,14259.18,23397.66,14771.25,7365.93,1811.94
,,,,,,,1400,4135.95,3939,3229.98,10832.25,14259.18,23397.66,14771.25,7365.93,1811.94
,,,,,,,1401,4135.95,3939,3229.98,10832.25,14259.18,23397.66,14771.25,7365.93,1811.94
,,,,,,,1402,4135.95,3939,3229.98,10832.25,14259.18,23397.66,14771.25,7365.93,1811.94
,,,,,,,1403,4135.95,3939,3229.98,10832.25,14259.18,23397.66,14771.25,7365.93,1811.94
,,,,,,,1404,4135.95,3939,3229.98,10832.25,14259.18,23397.66,14771.25,7365.93,1811.94
,,,,,,,1405,4135.95,3939,3229.98,10832.25,14259.18,23397.66,14771.25,7365.93,1811.94
,,,,,,,1406,4135.95,3939,3229.98,10832.25,14259.18,23397.66,14771.25,7365.93,1811.94
,,,,,,,1407,4135.95,3939,3229.98,10832.25,14259.18,23397.66,14771.25,7365.93,1811.94
,,,,,,,1408,4135.95,3939,3229.98,10832.25,14259.18,23397.66,14771.25,7365.93,1811.94
,,,,,,,1409,4135.95,3939,3229.98,10832.25,14259.18,23397.66,14771.25,7365.93,1811.94
,,,,,,,1410,4135.95,3939,3229.98,10832.25,14259.18,23397.66,14771.25,7365.93,1811.94
,,,,,,,1411,4135.95,3939,3229.98,10832.25,14259.18,23397.66,14771.25,7365.93,1811.94
,,,,,,,1412,4135.95,3939,3229.98,10832.25,14259.18,23397.66,14771.25,7365.93,1811.94
,,,,,,,1413,4135.95,3939,3229.98,10832.25,14259.18,23397.66,14771.25,7365.93,1811.94
,,,,,,,1414,4135.95,3939,3229.98,10832.25,14259.18,23397.66,14771.25,7365.93,1811.94
,,,,,,,1415,4135.95,3939,3229.98,10832.25,14259.18,23397.66,14771.25,7365.93,1811.94
,,,,,,,1416,4135.95,3939,3229.98,10832.25,14259.18,23397.66,14771.25,7365.93,1811.94
,,,,,,,1417,4135.95,3939,3229.98,10832.25,14259.18,23397.66,14771.25,7365.93,1811.94
,,,,,,,1418,4135.95,3939,3229.98,10832.25,14259.18,23397.66,14771.25,7365.93,1811.94
,,,,,,,1419,4135.95,3939,3229.98,10832.25,14259.18,23397.66,14771.25,7365.93,1811.94
,,,,,,,1420,4135.95,3939,3229.98,10832.25,14259.18,23397.66,14771.25,7365.93,1811.94
,,,,,,,1421,4135.95,3939,3229.98,10832.25,14259.18,23397.66,14771.25,7365.93,1811.94
,,,,,,,1422,4135.95,3939,3229.98,10832.25,14259.18,23397.66,14771.25,7365.93,1811.94
,,,,,,,1423,4135.95,3939,3229.98,10832.25,14259.18,23397.66,14771.25,7365.93,1811.94
,,,,,,,1424,4135.95,3939,3229.98,10832.25,14259.18,23397.66,14771.25,7365.93,1811.94
,,,,,,,1425,4135.95,3939,3229.98,10832.25,14259.18,23397.66,14771.25,7365.93,1811.94
,,,,,,,1426,4135.95,3939,3229.98,10832.25,14259.18,23397.66,14771.25,7365.93,1811.94
,,,,,,,1427,4135.95,3939,3229.98,10832.25,14259.18,23397.66,14771.25,7365.93,1811.94
,,,,,,,1428,4135.95,3939,3229.98,10832.25,14259.18,23397.66,14771.25,7365.93,1811.94
,,,,,,,1429,4135.95,3939,3229.98,10832.25,14259.18,23397.66,14771.25,7365.93,1811.94
,,,,,,,1430,4135.95,3939,3229.98,10832.25,14259.18,23397.66,14771.25,7365.93,1811.94
,,,,,,,1431,4135.95,3939,3229.98,10832.25,14259.18,23397.66,14771.25,7365.93,1811.94
,,,,,,,1432,4135.95,3939,3229.98,10832.25,14259.18,23397.66,14771.25,7365.93,1811.94
,,,,,,,1433,4135.95,3939,3229.98,10832.25,14259.18,23397.66,14771.25,7365.93,1811.94
,,,,,,,1434,4135.95,3939,3229.98,10832.25,14259.18,23397.66,14771.25,7365.93,1811.94
,,,,,,,1435,4135.95,3939,3229.98,10832.25,14259.18,23397.66,14771.25,7365.93,1811.94
,,,,,,,1436,4135.95,3939,3229.98,10832.25,14259.18,23397.66,14771.25,7365.93,1811.94
,,,,,,,1437,4135.95,3939,3229.98,10832.25,14259.18,23397.66,14771.25,7365.93,1811.94
,,,,,,,1438,4135.95,3939,3229.98,10832.25,14259.18,23397.66,14771.25,7365.93,1811.94
,,,,,,,1439,4135.95,3939,3229.98,10832.25,14259.18,23397.66,14771.25,7365.93,1811.94
,,,,,,,1440,4135.95,3939,3229.98,10832.25,14259.18,23397.66,14771.25,7365.93,1811.94
,,,,,,,1441,4135.95,3939,3229.98,10832.25,14259.18,23397.66,14771.25,7365.93,1811.94
,,,,,,,1442,4135.95,3939,3229.98,10832.25,14259.18,23397.66,14771.25,7365.93,1811.94
,,,,,,,1443,4135.95,3939,3229.98,10832.25,14259.18,23397.66,14771.25,7365.93,1811.94
,,,,,,,1444,4135.95,3939,3229.98,10832.25,14259.18,23397.66,14771.25,7365.93,1811.94
,,,,,,,1445,4135.95,3939,3229.98,10832.25,14259.18,23397.66,14771.25,7365.93,1811.94
,,,,,,,1446,4135.95,3939,3229.98,10832.25,14259.18,23397.66,14771.25,7365.93,1811.94
,,,,,,,1447,4135.95,3939,3229.98,10832.25,14259.18,23397.66,14771.25,7365.93,1811.94
,,,,,,,1448,4135.95,3939,3229.98,10832.25,14259.18,23397.66,14771.25,7365.93,1811.94
,,,,,,,1449,4135.95,3939,3229.98,10832.25,14259.18,23397.66,14771.25,7365.93,1811.94
,,,,,,,1450,4135.95,3939,3229.98,10832.25,14259.18,23397.66,14771.25,7365.93,1811.94
,,,,,,,1451,4135.95,3939,3229.98,10832.25,14259.18,23397.66,14771.25,7365.93,1811.94
,,,,,,,1452,4135.95,3939,3229.98,10832.25,14259.18,23397.66,14771.25,7365.93,1811.94
,,,,,,,1453,4135.95,3939,3229.98,10832.25,14259.18,23397.66,14771.25,7365.93,1811.94
,,,,,,,1454,4135.95,3939,3229.98,10832.25,14259.18,23397.66,14771.25,7365.93,1811.94
,,,,,,,1455,4135.95,3939,3229.98,10832.25,14259.18,23397.66,14771.25,7365.93,1811.94
,,,,,,,1456,4135.95,3939,3229.98,10832.25,14259.18,23397.66,14771.25,7365.93,1811.94
,,,,,,,1457,4135.95,3939,3229.98,10832.25,14259.18,23397.66,14771.25,7365.93,1811.94
,,,,,,,1458,4135.95,3939,3229.98,10832.25,14259.18,23397.66,14771.25,7365.93,1811.94
,,,,,,,1459,4135.95,3939,3229.98,10832.25,14259.18,23397.66,14771.25,7365.93,1811.94
,,,,,,,1460,4135.95,3939,3229.98,10832.25,14259.18,23397.66,14771.25,7365.93,1811.94
,,,,,,,1461,4135.95,3939,3229.98,10832.25,14259.18,23397.66,14771.25,7365.93,1811.94
,,,,,,,1462,4135.95,3939,3229.98,10832.25,14259.18,23397.66,14771.25,7365.93,1811.94
,,,,,,,1463,4135.95,3939,3229.98,10832.25,14259.18,23397.66,14771.25,7365.93,1811.94
,,,,,,,1464,4135.95,3939,3229.98,10832.25,14259.18,23397.66,14771.25,7365.93,1811.94
,,,,,,,1465,4135.95,3939,3229.98,10832.25,14259.18,23397.66,14771.25,7365.93,1811.94
,,,,,,,1466,4135.95,3939,3229.98,10832.25,14259.18,23397.66,14771.25,7365.93,1811.94
,,,,,,,1467,4135.95,3939,3229.98,10832.25,14259.18,23397.66,14771.25,7365.93,1811.94
,,,,,,,1468,4135.95,3939,3229.98,10832.25,14259.18,23397.66,14771.25,7365.93,1811.94
,,,,,,,1469,4135.95,3939,3229.98,10832.25,14259.18,23397.66,14771.25,7365.93,1811.94
,,,,,,,1470,4135.95,3939,3229.98,10832.25,14259.18,23397.66,14771.25,7365.93,1811.94
,,,,,,,1471,4135.95,3939,3229.98,10832.25,14259.18,23397.66,14771.25,7365.93,1811.94
,,,,,,,1472,4135.95,3939,3229.98,10832.25,14259.18,23397.66,14771.25,7365.93,1811.94
,,,,,,,1473,4135.95,3939,3229.98,10832.25,14259.18,23397.66,14771.25,7365.93,1811.94
,,,,,,,1474,4135.95,3939,3229.98,10832.25,14259.18,23397.66,14771.25,7365.93,1811.94
,,,,,,,1475,4135.95,3939,3229.98,10832.25,14259.18,23397.66,14771.25,7365.93,1811.94
,,,,,,,1476,4135.95,3939,3229.98,10832.25,14259.18,23397.66,14771.25,7365.93,1811.94
,,,,,,,1477,4135.95,3939,3229.98,10832.25,14259.18,23397.66,14771.25,7365.93,1811.94
,,,,,,,1478,4135.95,3939,3229.98,10832.25,14259.18,23397.66,14771.25,7365.93,1811.94
,,,,,,,1479,4135.95,3939,3229.98,10832.25,14259.18,23397.66,14771.25,7365.93,1811.94
,,,,,,,1480,4135.95,3939,3229.98,10832.25,14259.18,23397.66,14771.25,7365.93,1811.94
,,,,,,,1481,4135.95,3939,3229.98,10832.25,14259.18,23397.66,14771.25,7365.93,1811.94
,,,,,,,1482,4135.95,3939,3229.98,10832.25,14259.18,23397.66,14771.25,7365.93,1811.94
,,,,,,,1483,4135.95,3939,3229.98,10832.25,14259.18,23397.66,14771.25,7365.93,1811.94
,,,,,,,1484,4135.95,3939,3229.98,10832.25,14259.18,23397.66,14771.25,7365.93,1811.94
,,,,,,,1485,4135.95,3939,3229.98,10832.25,14259.18,23397.66,14771.25,7365.93,1811.94
,,,,,,,1486,4135.95,3939,3229.98,10832.25,14259.18,23397.66,14771.25,7365.93,1811.94
,,,,,,,1487,4135.95,3939,3229.98,10832.25,14259.18,23397.66,14771.25,7365.93,1811.94
,,,,,,,1488,4135.95,3939,3229.98,10832.25,14259.18,23397.66,14771.25,7365.93,1811.94
,,,,,,,1489,4135.95,3939,3229.98,10832.25,14259.18,23397.66,14771.25,7365.93,1811.94
,,,,,,,1490,4135.95,3939,3229.98,10832.25,14259.18,23397.66,14771.25,7365.93,1811.94
,,,,,,,1491,4135.95,3939,3229.98,10832.25,14259.18,23397.66,14771.25,7365.93,1811.94
,,,,,,,1492,4135.95,3939,3229.98,10832.25,14259.18,23397.66,14771.25,7365.93,1811.94
,,,,,,,1493,4135.95,3939,3229.98,10832.25,14259.18,23397.66,14771.25,7365.93,1811.94
,,,,,,,1494,4135.95,3939,3229.98,10832.25,14259.18,23397.66,14771.25,7365.93,1811.94
,,,,,,,1495,4135.95,3939,3229.98,10832.25,14259.18,23397.66,14771.25,7365.93,1811.94
,,,,,,,1496,4135.95,3939,3229.98,10832.25,14259.18,23397.66,14771.25,7365.93,1811.94
,,,,,,,1497,4135.95,3939,3229.98,10832.25,14259.18,23397.66,14771.25,7365.93,1811.94
,,,,,,,1498,4135.95,3939,3229.98,10832.25,14259.18,23397.66,14771.25,7365.93,1811.94
,,,,,,,1499,4135.95,3939,3229.98,10832.25,14259.18,23397.66,14771.25,7365.93,1811.94
,,,,,,,1500,4135.95,3939,3229.98,10832.25,14259.18,23397.66,14771.25,7365.93,1811.94
,,,,,,,1501,4135.95,3939,3229.98,10832.25,14259.18,23397.66,14771.25,7365.93,1811.94
,,,,,,,1502,4135.95,3939,3229.98,10832.25,14259.18,23397.66,14771.25,7365.93,1811.94
,,,,,,,1503,4135.95,3939,3229.98,10832.25,14259.18,23397.66,14771.25,7365.93,1811.94
,,,,,,,1504,4135.95,3939,3229.98,10832.25,14259.18,23397.66,14771.25,7365.93,1811.94
,,,,,,,1505,4135.95,3939,3229.98,10832.25,14259.18,23397.66,14771.25,7365.93,1811.94
,,,,,,,1506,4135.95,3939,3229.98,10832.25,14259.18,23397.66,14771.25,7365.93,1811.94
,,,,,,,1507,4135.95,3939,3229.98,10832.25,14259.18,23397.66,14771.25,7365.93,1811.94
,,,,,,,1508,4135.95,3939,3229.98,10832.25,14259.18,23397.66,14771.25,7365.93,1811.94
,,,,,,,1509,4135.95,3939,3229.98,10832.25,14259.18,23397.66,14771.25,7365.93,1811.94
,,,,,,,1510,4135.95,3939,3229.98,10832.25,14259.18,23397.66,14771.25,7365.93,1811.94
,,,,,,,1511,4135.95,3939,3229.98,10832.25,14259.18,23397.66,14771.25,7365.93,1811.94
,,,,,,,1512,4135.95,3939,3229.98,10832.25,14259.18,23397.66,14771.25,7365.93,1811.94
,,,,,,,1513,4135.95,3939,3229.98,10832.25,14259.18,23397.66,14771.25,7365.93,1811.94
,,,,,,,1514,4135.95,3939,3229.98,10832.25,14259.18,23397.66,14771.25,7365.93,1811.94
,,,,,,,1515,4135.95,3939,3229.98,10832.25,14259.18,23397.66,14771.25,7365.93,1811.94
,,,,,,,1516,4135.95,3939,3229.98,10832.25,14259.18,23397.66,14771.25,7365.93,1811.94
,,,,,,,1517,4135.95,3939,3229.98,10832.25,14259.18,23397.66,14771.25,7365.93,1811.94
,,,,,,,1518,4135.95,3939,3229.98,10832.25,14259.18,23397.66,14771.25,7365.93,1811.94
,,,,,,,1519,4135.95,3939,3229.98,10832.25,14259.18,23397.66,14771.25,7365.93,1811.94
,,,,,,,1520,4135.95,3939,3229.98,10832.25,14259.18,23397.66,14771.25,7365.93,1811.94
,,,,,,,1521,4135.95,3939,3229.98,10832.25,14259.18,23397.66,14771.25,7365.93,1811.94
,,,,,,,1522,4135.95,3939,3229.98,10832.25,14259.18,23397.66,14771.25,7365.93,1811.94
,,,,,,,1523,4135.95,3939,3229.98,10832.25,14259.18,23397.66,14771.25,7365.93,1811.94
,,,,,,,1524,4135.95,3939,3229.98,10832.25,14259.18,23397.66,14771.25,7365.93,1811.94
,,,,,,,1525,4135.95,3939,3229.98,10832.25,14259.18,23397.66,14771.25,7365.93,1811.94
,,,,,,,1526,4135.95,3939,3229.98,10832.25,14259.18,23397.66,14771.25,7365.93,1811.94
,,,,,,,1527,4135.95,3939,3229.98,10832.25,14259.18,23397.66,14771.25,7365.93,1811.94
,,,,,,,1528,4135.95,3939,3229.98,10832.25,14259.18,23397.66,14771.25,7365.93,1811.94
,,,,,,,1529,4135.95,3939,3229.98,10832.25,14259.18,23397.66,14771.25,7365.93,1811.94
,,,,,,,1530,4135.95,3939,3229.98,10832.25,14259.18,23397.66,14771.25,7365.93,1811.94
,,,,,,,1531,4135.95,3939,3229.98,10832.25,14259.18,23397.66,14771.25,7365.93,1811.94
,,,,,,,1532,4135.95,3939,3229.98,10832.25,14259.18,23397.66,14771.25,7365.93,1811.94
,,,,,,,1533,4135.95,3939,3229.98,10832.25,14259.18,23397.66,14771.25,7365.93,1811.94
,,,,,,,1534,4135.95,3939,3229.98,10832.25,14259.18,23397.66,14771.25,7365.93,1811.94
,,,,,,,1535,4135.95,3939,3229.98,10832.25,14259.18,23397.66,14771.25,7365.93,1811.94
,,,,,,,1536,4135.95,3939,3229.98,10832.25,14259.18,23397.66,14771.25,7365.93,1811.94
,,,,,,,1537,4135.95,3939,3229.98,10832.25,14259.18,23397.66,14771.25,7365.93,1811.94
,,,,,,,1538,4135.95,3939,3229.98,10832.25,14259.18,23397.66,14771.25,7365.93,1811.94
,,,,,,,1539,4135.95,3939,3229.98,10832.25,14259.18,23397.66,14771.25,7365.93,1811.94
,,,,,,,1540,4135.95,3939,3229.98,10832.25,14259.18,23397.66,14771.25,7365.93,1811.94
,,,,,,,1541,4135.95,3939,3229.98,10832.25,14259.18,23397.66,14771.25,7365.93,1811.94
,,,,,,,1542,4135.95,3939,3229.98,10832.25,14259.18,23397.66,14771.25,7365.93,1811.94
,,,,,,,1543,4135.95,3939,3229.98,10832.25,14259.18,23397.66,14771.25,7365.93,1811.94
,,,,,,,1544,4135.95,3939,3229.98,10832.25,14259.18,23397.66,14771.25,7365.93,1811.94
,,,,,,,1545,4135.95,3939,3229.98,10832.25,14259.18,23397.66,14771.25,7365.93,1811.94
,,,,,,,1546,4135.95,3939,3229.98,10832.25,14259.18,23397.66,14771.25,7365.93,1811.94
,,,,,,,1547,4135.95,3939,3229.98,10832.25,14259.18,23397.66,14771.25,7365.93,1811.94
,,,,,,,1548,4135.95,3939,3229.98,10832.25,14259.18,23397.66,14771.25,7365.93,1811.94
,,,,,,,1549,4135.95,3939,3229.98,10832.25,14259.18,23397.66,14771.25,7365.93,1811.94
,,,,,,,1550,4135.95,3939,3229.98,10832.25,14259.18,23397.66,14771.25,7365.93,1811.94
,,,,,,,1551,4135.95,3939,3229.98,10832.25,14259.18,23397.66,14771.25,7365.93,1811.94
,,,,,,,1552,4135.95,3939,3229.98,10832.25,14259.18,23397.66,14771.25,7365.93,1811.94
,,,,,,,1553,4135.95,3939,3229.98,10832.25,14259.18,23397.66,14771.25,7365.93,1811.94
,,,,,,,1554,4135.95,3939,3229.98,10832.25,14259.18,23397.66,14771.25,7365.93,1811.94
,,,,,,,1555,4135.95,3939,3229.98,10832.25,14259.18,23397.66,14771.25,7365.93,1811.94
,,,,,,,1556,4135.95,3939,3229.98,10832.25,14259.18,23397.66,14771.25,7365.93,1811.94
,,,,,,,1557,4135.95,3939,3229.98,10832.25,14259.18,23397.66,14771.25,7365.93,1811.94
,,,,,,,1558,4135.95,3939,3229.98,10832.25,14259.18,23397.66,14771.25,7365.93,1811.94
,,,,,,,1559,4135.95,3939,3229.98,10832.25,14259.18,23397.66,14771.25,7365.93,1811.94
,,,,,,,1560,4135.95,3939,3229.98,10832.25,14259.18,23397.66,14771.25,7365.93,1811.94
,,,,,,,1561,4135.95,3939,3229.98,10832.25,14259.18,23397.66,14771.25,7365.93,1811.94
,,,,,,,1562,4135.95,3939,3229.98,10832.25,14259.18,23397.66,14771.25,7365.93,1811.94
,,,,,,,1563,4135.95,3939,3229.98,10832.25,14259.18,23397.66,14771.25,7365.93,1811.94
,,,,,,,1564,4135.95,3939,3229.98,10832.25,14259.18,23397.66,14771.25,7365.93,1811.94
,,,,,,,1565,4135.95,3939,3229.98,10832.25,14259.18,23397.66,14771.25,7365.93,1811.94
,,,,,,,1566,4135.95,3939,3229.98,10832.25,14259.18,23397.66,14771.25,7365.93,1811.94
,,,,,,,1567,4135.95,3939,3229.98,10832.25,14259.18,23397.66,14771.25,7365.93,1811.94
,,,,,,,1568,4135.95,3939,3229.98,10832.25,14259.18,23397.66,14771.25,7365.93,1811.94
,,,,,,,1569,4135.95,3939,3229.98,10832.25,14259.18,23397.66,14771.25,7365.93,1811.94
,,,,,,,1570,4135.95,3939,3229.98,10832.25,14259.18,23397.66,14771.25,7365.93,1811.94
,,,,,,,1571,4135.95,3939,3229.98,10832.25,14259.18,23397.66,14771.25,7365.93,1811.94
,,,,,,,1572,4135.95,3939,3229.98,10832.25,14259.18,23397.66,14771.25,7365.93,1811.94
,,,,,,,1573,4135.95,3939,3229.98,10832.25,14259.18,23397.66,14771.25,7365.93,1811.94
,,,,,,,1574,4135.95,3939,3229.98,10832.25,14259.18,23397.66,14771.25,7365.93,1811.94
,,,,,,,1575,4135.95,3939,3229.98,10832.25,14259.18,23397.66,14771.25,7365.93,1811.94
,,,,,,,1576,4135.95,3939,3229.98,10832.25,14259.18,23397.66,14771.25,7365.93,1811.94
,,,,,,,1577,4135.95,3939,3229.98,10832.25,14259.18,23397.66,14771.25,7365.93,1811.94
,,,,,,,1578,4135.95,3939,3229.98,10832.25,14259.18,23397.66,14771.25,7365.93,1811.94
,,,,,,,1579,4135.95,3939,3229.98,10832.25,14259.18,23397.66,14771.25,7365.93,1811.94
,,,,,,,1580,4135.95,3939,3229.98,10832.25,14259.18,23397.66,14771.25,7365.93,1811.94
,,,,,,,1581,4135.95,3939,3229.98,10832.25,14259.18,23397.66,14771.25,7365.93,1811.94
,,,,,,,1582,4135.95,3939,3229.98,10832.25,14259.18,23397.66,14771.25,7365.93,1811.94
,,,,,,,1583,4135.95,3939,3229.98,10832.25,14259.18,23397.66,14771.25,7365.93,1811.94
,,,,,,,1584,4135.95,3939,3229.98,10832.25,14259.18,23397.66,14771.25,7365.93,1811.94
,,,,,,,1585,4135.95,3939,3229.98,10832.25,14259.18,23397.66,14771.25,7365.93,1811.94
,,,,,,,1586,4135.95,3939,3229.98,10832.25,14259.18,23397.66,14771.25,7365.93,1811.94
,,,,,,,1587,4135.95,3939,3229.98,10832.25,14259.18,23397.66,14771.25,7365.93,1811.94
,,,,,,,1588,4135.95,3939,3229.98,10832.25,14259.18,23397.66,14771.25,7365.93,1811.94
,,,,,,,1589,4135.95,3939,3229.98,10832.25,14259.18,23397.66,14771.25,7365.93,1811.94
,,,,,,,1590,4135.95,3939,3229.98,10832.25,14259.18,23397.66,14771.25,7365.93,1811.94
,,,,,,,1591,4135.95,3939,3229.98,10832.25,14259.18,23397.66,14771.25,7365.93,1811.94
,,,,,,,1592,4135.95,3939,3229.98,10832.25,14259.18,23397.66,14771.25,7365.93,1811.94
,,,,,,,1593,4135.95,3939,3229.98,10832.25,14259.18,23397.66,14771.25,7365.93,1811.94
,,,,,,,1594,4135.95,3939,3229.98,10832.25,14259.18,23397.66,14771.25,7365.93,1811.94
,,,,,,,1595,4135.95,3939,3229.98,10832.25,14259.18,23397.66,14771.25,7365.93,1811.94
,,,,,,,1596,4135.95,3939,3229.98,10832.25,14259.18,23397.66,14771.25,7365.93,1811.94
,,,,,,,1597,4135.95,3939,3229.98,10832.25,14259.18,23397.66,14771.25,7365.93,1811.94
,,,,,,,1598,4135.95,3939,3229.98,10832.25,14259.18,23397.66,14771.25,7365.93,1811.94
,,,,,,,1599,4135.95,3939,3229.98,10832.25,14259.18,23397.66,14771.25,7365.93,1811.94
,,,,,,,1600,4135.95,3939,3229.98,10832.25,14259.18,23397.66,14771.25,7365.93,1811.94
,,,,,,,1601,4135.95,3939,3229.98,10832.25,14259.18,23397.66,14771.25,7365.93,1811.94
,,,,,,,1602,4135.95,3939,3229.98,10832.25,14259.18,23397.66,14771.25,7365.93,1811.94
,,,,,,,1603,4135.95,3939,3229.98,10832.25,14259.18,23397.66,14771.25,7365.93,1811.94
,,,,,,,1604,4135.95,3939,3229.98,10832.25,14259.18,23397.66,14771.25,7365.93,1811.94
,,,,,,,1605,4135.95,3939,3229.98,10832.25,14259.18,23397.66,14771.25,7365.93,1811.94
,,,,,,,1606,4135.95,3939,3229.98,10832.25,14259.18,23397.66,14771.25,7365.93,1811.94
,,,,,,,1607,4135.95,3939,3229.98,10832.25,14259.18,23397.66,14771.25,7365.93,1811.94
,,,,,,,1608,4135.95,3939,3229.98,10832.25,14259.18,23397.66,14771.25,7365.93,1811.94
,,,,,,,1609,4135.95,3939,3229.98,10832.25,14259.18,23397.66,14771.25,7365.93,1811.94
,,,,,,,1610,4135.95,3939,3229.98,10832.25,14259.18,23397.66,14771.25,7365.93,1811.94
,,,,,,,1611,4135.95,3939,3229.98,10832.25,14259.18,23397.66,14771.25,7365.93,1811.94
,,,,,,,1612,4135.95,3939,3229.98,10832.25,14259.18,23397.66,14771.25,7365.93,1811.94
,,,,,,,1613,4135.95,3939,3229.98,10832.25,14259.18,23397.66,14771.25,7365.93,1811.94
,,,,,,,1614,4135.95,3939,3229.98,10832.25,14259.18,23397.66,14771.25,7365.93,1811.94
,,,,,,,1615,4135.95,3939,3229.98,10832.25,14259.18,23397.66,14771.25,7365.93,1811.94
,,,,,,,1616,4135.95,3939,3229.98,10832.25,14259.18,23397.66,14771.25,7365.93,1811.94
,,,,,,,1617,4135.95,3939,3229.98,10832.25,14259.18,23397.66,14771.25,7365.93,1811.94
,,,,,,,1618,4135.95,3939,3229.98,10832.25,14259.18,23397.66,14771.25,7365.93,1811.94
,,,,,,,1619,4135.95,3939,3229.98,10832.25,14259.18,23397.66,14771.25,7365.93,1811.94
,,,,,,,1620,4135.95,3939,3229.98,10832.25,14259.18,23397.66,14771.25,7365.93,1811.94
,,,,,,,1621,4135.95,3939,3229.98,10832.25,14259.18,23397.66,14771.25,7365.93,1811.94
,,,,,,,1622,4135.95,3939,3229.98,10832.25,14259.18,23397.66,14771.25,7365.93,1811.94
,,,,,,,1623,4135.95,3939,3229.98,10832.25,14259.18,23397.66,14771.25,7365.93,1811.94
,,,,,,,1624,4135.95,3939,3229.98,10832.25,14259.18,23397.66,14771.25,7365.93,1811.94
,,,,,,,1625,4135.95,3939,3229.98,10832.25,14259.18,23397.66,14771.25,7365.93,1811.94
,,,,,,,1626,4135.95,3939,3229.98,10832.25,14259.18,23397.66,14771.25,7365.93,1811.94
,,,,,,,1627,4135.95,3939,3229.98,10832.25,14259.18,23397.66,14771.25,7365.93,1811.94
,,,,,,,1628,4135.95,3939,3229.98,10832.25,14259.18,23397.66,14771.25,7365.93,1811.94
,,,,,,,1629,4135.95,3939,3229.98,10832.25,14259.18,23397.66,14771.25,7365.93,1811.94
,,,,,,,1630,4135.95,3939,3229.98,10832.25,14259.18,23397.66,14771.25,7365.93,1811.94
,,,,,,,1631,4135.95,3939,3229.98,10832.25,14259.18,23397.66,14771.25,7365.93,1811.94
,,,,,,,1632,4135.95,3939,3229.98,10832.25,14259.18,23397.66,14771.25,7365.93,1811.94
,,,,,,,1633,4135.95,3939,3229.98,10832.25,14259.18,23397.66,14771.25,7365.93,1811.94
,,,,,,,1634,4135.95,3939,3229.98,10832.25,14259.18,23397.66,14771.25,7365.93,1811.94
,,,,,,,1635,4135.95,3939,3229.98,10832.25,14259.18,23397.66,14771.25,7365.93,1811.94
,,,,,,,1636,4135.95,3939,3229.98,10832.25,14259.18,23397.66,14771.25,7365.93,1811.94
,,,,,,,1637,4135.95,3939,3229.98,10832.25,14259.18,23397.66,14771.25,7365.93,1811.94
,,,,,,,1638,4135.95,3939,3229.98,10832.25,14259.18,23397.66,14771.25,7365.93,1811.94
,,,,,,,1639,4135.95,3939,3229.98,10832.25,14259.18,23397.66,14771.25,7365.93,1811.94
,,,,,,,1640,4135.95,3939,3229.98,10832.25,14259.18,23397.66,14771.25,7365.93,1811.94
,,,,,,,1641,4135.95,3939,3229.98,10832.25,14259.18,23397.66,14771.25,7365.93,1811.94
,,,,,,,1642,4135.95,3939,3229.98,10832.25,14259.18,23397.66,14771.25,7365.93,1811.94
,,,,,,,1643,4135.95,3939,3229.98,10832.25,14259.18,23397.66,14771.25,7365.93,1811.94
,,,,,,,1644,4135.95,3939,3229.98,10832.25,14259.18,23397.66,14771.25,7365.93,1811.94
,,,,,,,1645,4135.95,3939,3229.98,10832.25,14259.18,23397.66,14771.25,7365.93,1811.94
,,,,,,,1646,4135.95,3939,3229.98,10832.25,14259.18,23397.66,14771.25,7365.93,1811.94
,,,,,,,1647,4135.95,3939,3229.98,10832.25,14259.18,23397.66,14771.25,7365.93,1811.94
,,,,,,,1648,4135.95,3939,3229.98,10832.25,14259.18,23397.66,14771.25,7365.93,1811.94
,,,,,,,1649,4135.95,3939,3229.98,10832.25,14259.18,23397.66,14771.25,7365.93,1811.94
,,,,,,,1650,4135.95,3939,3229.98,10832.25,14259.18,23397.66,14771.25,7365.93,1811.94
,,,,,,,1651,4135.95,3939,3229.98,10832.25,14259.18,23397.66,14771.25,7365.93,1811.94
,,,,,,,1652,4135.95,3939,3229.98,10832.25,14259.18,23397.66,14771.25,7365.93,1811.94
,,,,,,,1653,4135.95,3939,3229.98,10832.25,14259.18,23397.66,14771.25,7365.93,1811.94
,,,,,,,1654,4135.95,3939,3229.98,10832.25,14259.18,23397.66,14771.25,7365.93,1811.94
,,,,,,,1655,4135.95,3939,3229.98,10832.25,14259.18,23397.66,14771.25,7365.93,1811.94
,,,,,,,1656,4135.95,3939,3229.98,10832.25,14259.18,23397.66,14771.25,7365.93,1811.94
,,,,,,,1657,4135.95,3939,3229.98,10832.25,14259.18,23397.66,14771.25,7365.93,1811.94
,,,,,,,1658,4135.95,3939,3229.98,10832.25,14259.18,23397.66,14771.25,7365.93,1811.94
,,,,,,,1659,4135.95,3939,3229.98,10832.25,14259.18,23397.66,14771.25,7365.93,1811.94
,,,,,,,1660,4135.95,3939,3229.98,10832.25,14259.18,23397.66,14771.25,7365.93,1811.94
,,,,,,,1661,4135.95,3939,3229.98,10832.25,14259.18,23397.66,14771.25,7365.93,1811.94
,,,,,,,1662,4135.95,3939,3229.98,10832.25,14259.18,23397.66,14771.25,7365.93,1811.94
,,,,,,,1663,4135.95,3939,3229.98,10832.25,14259.18,23397.66,14771.25,7365.93,1811.94
,,,,,,,1664,4135.95,3939,3229.98,10832.25,14259.18,23397.66,14771.25,7365.93,1811.94
,,,,,,,1665,4135.95,3939,3229.98,10832.25,14259.18,23397.66,14771.25,7365.93,1811.94
,,,,,,,1666,4135.95,3939,3229.98,10832.25,14259.18,23397.66,14771.25,7365.93,1811.94
,,,,,,,1667,4135.95,3939,3229.98,10832.25,14259.18,23397.66,14771.25,7365.93,1811.94
,,,,,,,1668,4135.95,3939,3229.98,10832.25,14259.18,23397.66,14771.25,7365.93,1811.94
,,,,,,,1669,4135.95,3939,3229.98,10832.25,14259.18,23397.66,14771.25,7365.93,1811.94
,,,,,,,1670,4135.95,3939,3229.98,10832.25,14259.18,23397.66,14771.25,7365.93,1811.94
,,,,,,,1671,4135.95,3939,3229.98,10832.25,14259.18,23397.66,14771.25,7365.93,1811.94
,,,,,,,1672,4135.95,3939,3229.98,10832.25,14259.18,23397.66,14771.25,7365.93,1811.94
,,,,,,,1673,4135.95,3939,3229.98,10832.25,14259.18,23397.66,14771.25,7365.93,1811.94
,,,,,,,1674,4135.95,3939,3229.98,10832.25,14259.18,23397.66,14771.25,7365.93,1811.94
,,,,,,,1675,4135.95,3939,3229.98,10832.25,14259.18,23397.66,14771.25,7365.93,1811.94
,,,,,,,1676,4135.95,3939,3229.98,10832.25,14259.18,23397.66,14771.25,7365.93,1811.94
,,,,,,,1677,4135.95,3939,3229.98,10832.25,14259.18,23397.66,14771.25,7365.93,1811.94
,,,,,,,1678,4135.95,3939,3229.98,10832.25,14259.18,23397.66,14771.25,7365.93,1811.94
,,,,,,,1679,4135.95,3939,3229.98,10832.25,14259.18,23397.66,14771.25,7365.93,1811.94
,,,,,,,1680,4135.95,3939,3229.98,10832.25,14259.18,23397.66,14771.25,7365.93,1811.94
,,,,,,,1681,4135.95,3939,3229.98,10832.25,14259.18,23397.66,14771.25,7365.93,1811.94
,,,,,,,1682,4135.95,3939,3229.98,10832.25,14259.18,23397.66,14771.25,7365.93,1811.94
,,,,,,,1683,4135.95,3939,3229.98,10832.25,14259.18,23397.66,14771.25,7365.93,1811.94
,,,,,,,1684,4135.95,3939,3229.98,10832.25,14259.18,23397.66,14771.25,7365.93,1811.94
,,,,,,,1685,4135.95,3939,3229.98,10832.25,14259.18,23397.66,14771.25,7365.93,1811.94
,,,,,,,1686,4135.95,3939,3229.98,10832.25,14259.18,23397.66,14771.25,7365.93,1811.94
,,,,,,,1687,4135.95,3939,3229.98,10832.25,14259.18,23397.66,14771.25,7365.93,1811.94
,,,,,,,1688,4135.95,3939,3229.98,10832.25,14259.18,23397.66,14771.25,7365.93,1811.94
,,,,,,,1689,4135.95,3939,3229.98,10832.25,14259.18,23397.66,14771.25,7365.93,1811.94
,,,,,,,1690,4135.95,3939,3229.98,10832.25,14259.18,23397.66,14771.25,7365.93,1811.94
,,,,,,,1691,4135.95,3939,3229.98,10832.25,14259.18,23397.66,14771.25,7365.93,1811.94
,,,,,,,1692,4135.95,3939,3229.98,10832.25,14259.18,23397.66,14771.25,7365.93,1811.94
,,,,,,,1693,4135.95,3939,3229.98,10832.25,14259.18,23397.66,14771.25,7365.93,1811.94
,,,,,,,1694,4135.95,3939,3229.98,10832.25,14259.18,23397.66,14771.25,7365.93,1811.94
,,,,,,,1695,4135.95,3939,3229.98,10832.25,14259.18,23397.66,14771.25,7365.93,1811.94
,,,,,,,1696,4135.95,3939,3229.98,10832.25,14259.18,23397.66,14771.25,7365.93,1811.94
,,,,,,,1697,4135.95,3939,3229.98,10832.25,14259.18,23397.66,14771.25,7365.93,1811.94
,,,,,,,1698,4135.95,3939,3229.98,10832.25,14259.18,23397.66,14771.25,7365.93,1811.94
,,,,,,,1699,4135.95,3939,3229.98,10832.25,14259.18,23397.66,14771.25,7365.93,1811.94
,,,,,,,1700,4135.95,3939,3229.98,10832.25,14259.18,23397.66,14771.25,7365.93,1811.94
,,,,,,,1701,4135.95,3939,3229.98,10832.25,14259.18,23397.66,14771.25,7365.93,1811.94
,,,,,,,1702,4135.95,3939,3229.98,10832.25,14259.18,23397.66,14771.25,7365.93,1811.94
,,,,,,,1703,4135.95,3939,3229.98,10832.25,14259.18,23397.66,14771.25,7365.93,1811.94
,,,,,,,1704,4135.95,3939,3229.98,10832.25,14259.18,23397.66,14771.25,7365.93,1811.94
,,,,,,,1705,4135.95,3939,3229.98,10832.25,14259.18,23397.66,14771.25,7365.93,1811.94
,,,,,,,1706,4135.95,3939,3229.98,10832.25,14259.18,23397.66,14771.25,7365.93,1811.94
,,,,,,,1707,4135.95,3939,3229.98,10832.25,14259.18,23397.66,14771.25,7365.93,1811.94
,,,,,,,1708,4135.95,3939,3229.98,10832.25,14259.18,23397.66,14771.25,7365.93,1811.94
,,,,,,,1709,4135.95,3939,3229.98,10832.25,14259.18,23397.66,14771.25,7365.93,1811.94
,,,,,,,1710,4135.95,3939,3229.98,10832.25,14259.18,23397.66,14771.25,7365.93,1811.94
,,,,,,,1711,4135.95,3939,3229.98,10832.25,14259.18,23397.66,14771.25,7365.93,1811.94
,,,,,,,1712,4135.95,3939,3229.98,10832.25,14259.18,23397.66,14771.25,7365.93,1811.94
,,,,,,,1713,4135.95,3939,3229.98,10832.25,14259.18,23397.66,14771.25,7365.93,1811.94
,,,,,,,1714,4135.95,3939,3229.98,10832.25,14259.18,23397.66,14771.25,7365.93,1811.94
,,,,,,,1715,4135.95,3939,3229.98,10832.25,14259.18,23397.66,14771.25,7365.93,1811.94
,,,,,,,1716,4135.95,3939,3229.98,10832.25,14259.18,23397.66,14771.25,7365.93,1811.94
,,,,,,,1717,4135.95,3939,3229.98,10832.25,14259.18,23397.66,14771.25,7365.93,1811.94
,,,,,,,1718,4135.95,3939,3229.98,10832.25,14259.18,23397.66,14771.25,7365.93,1811.94
,,,,,,,1719,4135.95,3939,3229.98,10832.25,14259.18,23397.66,14771.25,7365.93,1811.94
,,,,,,,1720,4135.95,3939,3229.98,10832.25,14259.18,23397.66,14771.25,7365.93,1811.94
,,,,,,,1721,4135.95,3939,3229.98,10832.25,14259.18,23397.66,14771.25,7365.93,1811.94
,,,,,,,1722,4135.95,3939,3229.98,10832.25,14259.18,23397.66,14771.25,7365.93,1811.94
,,,,,,,1723,4135.95,3939,3229.98,10832.25,14259.18,23397.66,14771.25,7365.93,1811.94
,,,,,,,1724,4135.95,3939,3229.98,10832.25,14259.18,23397.66,14771.25,7365.93,1811.94
,,,,,,,1725,4135.95,3939,3229.98,10832.25,14259.18,23397.66,14771.25,7365.93,1811.94
,,,,,,,1726,4135.95,3939,3229.98,10832.25,14259.18,23397.66,14771.25,7365.93,1811.94
,,,,,,,1727,4135.95,3939,3229.98,10832.25,14259.18,23397.66,14771.25,7365.93,1811.94
,,,,,,,1728,4135.95,3939,3229.98,10832.25,14259.18,23397.66,14771.25,7365.93,1811.94
,,,,,,,1729,4135.95,3939,3229.98,10832.25,14259.18,23397.66,14771.25,7365.93,1811.94
,,,,,,,1730,4135.95,3939,3229.98,10832.25,14259.18,23397.66,14771.25,7365.93,1811.94
,,,,,,,1731,4135.95,3939,3229.98,10832.25,14259.18,23397.66,14771.25,7365.93,1811.94
,,,,,,,1732,4135.95,3939,3229.98,10832.25,14259.18,23397.66,14771.25,7365.93,1811.94
,,,,,,,1733,4135.95,3939,3229.98,10832.25,14259.18,23397.66,14771.25,7365.93,1811.94
,,,,,,,1734,4135.95,3939,3229.98,10832.25,14259.18,23397.66,14771.25,7365.93,1811.94
,,,,,,,1735,4135.95,3939,3229.98,10832.25,14259.18,23397.66,14771.25,7365.93,1811.94
,,,,,,,1736,4135.95,3939,3229.98,10832.25,14259.18,23397.66,14771.25,7365.93,1811.94
,,,,,,,1737,4135.95,3939,3229.98,10832.25,14259.18,23397.66,14771.25,7365.93,1811.94
,,,,,,,1738,4135.95,3939,3229.98,10832.25,14259.18,23397.66,14771.25,7365.93,1811.94
,,,,,,,1739,4135.95,3939,3229.98,10832.25,14259.18,23397.66,14771.25,7365.93,1811.94
,,,,,,,1740,4135.95,3939,3229.98,10832.25,14259.18,23397.66,14771.25,7365.93,1811.94
,,,,,,,1741,4135.95,3939,3229.98,10832.25,14259.18,23397.66,14771.25,7365.93,1811.94
,,,,,,,1742,4135.95,3939,3229.98,10832.25,14259.18,23397.66,14771.25,7365.93,1811.94
,,,,,,,1743,4135.95,3939,3229.98,10832.25,14259.18,23397.66,14771.25,7365.93,1811.94
,,,,,,,1744,4135.95,3939,3229.98,10832.25,14259.18,23397.66,14771.25,7365.93,1811.94
,,,,,,,1745,4135.95,3939,3229.98,10832.25,14259.18,23397.66,14771.25,7365.93,1811.94
,,,,,,,1746,4135.95,3939,3229.98,10832.25,14259.18,23397.66,14771.25,7365.93,1811.94
,,,,,,,1747,4135.95,3939,3229.98,10832.25,14259.18,23397.66,14771.25,7365.93,1811.94
,,,,,,,1748,4135.95,3939,3229.98,10832.25,14259.18,23397.66,14771.25,7365.93,1811.94
,,,,,,,1749,4135.95,3939,3229.98,10832.25,14259.18,23397.66,14771.25,7365.93,1811.94
,,,,,,,1750,4135.95,3939,3229.98,10832.25,14259.18,23397.66,14771.25,7365.93,1811.94
,,,,,,,1751,4135.95,3939,3229.98,10832.25,14259.18,23397.66,14771.25,7365.93,1811.94
,,,,,,,1752,4135.95,3939,3229.98,10832.25,14259.18,23397.66,14771.25,7365.93,1811.94
,,,,,,,1753,4135.95,3939,3229.98,10832.25,14259.18,23397.66,14771.25,7365.93,1811.94
,,,,,,,1754,4135.95,3939,3229.98,10832.25,14259.18,23397.66,14771.25,7365.93,1811.94
,,,,,,,1755,4135.95,3939,3229.98,10832.25,14259.18,23397.66,14771.25,7365.93,1811.94
,,,,,,,1756,4135.95,3939,3229.98,10832.25,14259.18,23397.66,14771.25,7365.93,1811.94
,,,,,,,1757,4135.95,3939,3229.98,10832.25,14259.18,23397.66,14771.25,7365.93,1811.94
,,,,,,,1758,4135.95,3939,3229.98,10832.25,14259.18,23397.66,14771.25,7365.93,1811.94
,,,,,,,1759,4135.95,3939,3229.98,10832.25,14259.18,23397.66,14771.25,7365.93,1811.94
,,,,,,,1760,4135.95,3939,3229.98,10832.25,14259.18,23397.66,14771.25,7365.93,1811.94
,,,,,,,1761,4135.95,3939,3229.98,10832.25,14259.18,23397.66,14771.25,7365.93,1811.94
,,,,,,,1762,4135.95,3939,3229.98,10832.25,14259.18,23397.66,14771.25,7365.93,1811.94
,,,,,,,1763,4135.95,3939,3229.98,10832.25,14259.18,23397.66,14771.25,7365.93,1811.94
,,,,,,,1764,4135.95,3939,3229.98,10832.25,14259.18,23397.66,14771.25,7365.93,1811.94
,,,,,,,1765,4135.95,3939,3229.98,10832.25,14259.18,23397.66,14771.25,7365.93,1811.94
,,,,,,,1766,4135.95,3939,3229.98,10832.25,14259.18,23397.66,14771.25,7365.93,1811.94
,,,,,,,1767,4135.95,3939,3229.98,10832.25,14259.18,23397.66,14771.25,7365.93,1811.94
,,,,,,,1768,4135.95,3939,3229.98,10832.25,14259.18,23397.66,14771.25,7365.93,1811.94
,,,,,,,1769,4135.95,3939,3229.98,10832.25,14259.18,23397.66,14771.25,7365.93,1811.94
,,,,,,,1770,4135.95,3939,3229.98,10832.25,14259.18,23397.66,14771.25,7365.93,1811.94
,,,,,,,1771,4135.95,3939,3229.98,10832.25,14259.18,23397.66,14771.25,7365.93,1811.94
,,,,,,,1772,4135.95,3939,3229.98,10832.25,14259.18,23397.66,14771.25,7365.93,1811.94
,,,,,,,1773,4135.95,3939,3229.98,10832.25,14259.18,23397.66,14771.25,7365.93,1811.94
,,,,,,,1774,4135.95,3939,3229.98,10832.25,14259.18,23397.66,14771.25,7365.93,1811.94
,,,,,,,1775,4135.95,3939,3229.98,10832.25,14259.18,23397.66,14771.25,7365.93,1811.94
,,,,,,,1776,4135.95,3939,3229.98,10832.25,14259.18,23397.66,14771.25,7365.93,1811.94
,,,,,,,1777,4135.95,3939,3229.98,10832.25,14259.18,23397.66,14771.25,7365.93,1811.94
,,,,,,,1778,4135.95,3939,3229.98,10832.25,14259.18,23397.66,14771.25,7365.93,1811.94
,,,,,,,1779,4135.95,3939,3229.98,10832.25,14259.18,23397.66,14771.25,7365.93,1811.94
,,,,,,,1780,4135.95,3939,3229.98,10832.25,14259.18,23397.66,14771.25,7365.93,1811.94
,,,,,,,1781,4135.95,3939,3229.98,10832.25,14259.18,23397.66,14771.25,7365.93,1811.94
,,,,,,,1782,4135.95,3939,3229.98,10832.25,14259.18,23397.66,14771.25,7365.93,1811.94
,,,,,,,1783,4135.95,3939,3229.98,10832.25,14259.18,23397.66,14771.25,7365.93,1811.94
,,,,,,,1784,4135.95,3939,3229.98,10832.25,14259.18,23397.66,14771.25,7365.93,1811.94
,,,,,,,1785,4135.95,3939,3229.98,10832.25,14259.18,23397.66,14771.25,7365.93,1811.94
,,,,,,,1786,4135.95,3939,3229.98,10832.25,14259.18,23397.66,14771.25,7365.93,1811.94
,,,,,,,1787,4135.95,3939,3229.98,10832.25,14259.18,23397.66,14771.25,7365.93,1811.94
,,,,,,,1788,4135.95,3939,3229.98,10832.25,14259.18,23397.66,14771.25,7365.93,1811.94
,,,,,,,1789,4135.95,3939,3229.98,10832.25,14259.18,23397.66,14771.25,7365.93,1811.94
,,,,,,,1790,4135.95,3939,3229.98,10832.25,14259.18,23397.66,14771.25,7365.93,1811.94
,,,,,,,1791,4135.95,3939,3229.98,10832.25,14259.18,23397.66,14771.25,7365.93,1811.94
,,,,,,,1792,4135.95,3939,3229.98,10832.25,14259.18,23397.66,14771.25,7365.93,1811.94
,,,,,,,1793,4135.95,3939,3229.98,10832.25,14259.18,23397.66,14771.25,7365.93,1811.94
,,,,,,,1794,4135.95,3939,3229.98,10832.25,14259.18,23397.66,14771.25,7365.93,1811.94
,,,,,,,1795,4135.95,3939,3229.98,10832.25,14259.18,23397.66,14771.25,7365.93,1811.94
,,,,,,,1796,4135.95,3939,3229.98,10832.25,14259.18,23397.66,14771.25,7365.93,1811.94
,,,,,,,1797,4135.95,3939,3229.98,10832.25,14259.18,23397.66,14771.25,7365.93,1811.94
,,,,,,,1798,4135.95,3939,3229.98,10832.25,14259.18,23397.66,14771.25,7365.93,1811.94
,,,,,,,1799,4135.95,3939,3229.98,10832.25,14259.18,23397.66,14771.25,7365.93,1811.94
,,,,,,,1800,4135.95,3939,3229.98,10832.25,14259.18,23397.66,14771.25,7365.93,1811.94
,,,,,,,1801,4135.95,3939,3229.98,10832.25,14259.18,23397.66,14771.25,7365.93,1811.94
,,,,,,,1802,4135.95,3939,3229.98,10832.25,14259.18,23397.66,14771.25,7365.93,1811.94
,,,,,,,1803,4135.95,3939,3229.98,10832.25,14259.18,23397.66,14771.25,7365.93,1811.94
,,,,,,,1804,4135.95,3939,3229.98,10832.25,14259.18,23397.66,14771.25,7365.93,1811.94
,,,,,,,1805,4135.95,3939,3229.98,10832.25,14259.18,23397.66,14771.25,7365.93,1811.94
,,,,,,,1806,4135.95,3939,3229.98,10832.25,14259.18,23397.66,14771.25,7365.93,1811.94
,,,,,,,1807,4135.95,3939,3229.98,10832.25,14259.18,23397.66,14771.25,7365.93,1811.94
,,,,,,,1808,4135.95,3939,3229.98,10832.25,14259.18,23397.66,14771.25,7365.93,1811.94
,,,,,,,1809,4135.95,3939,3229.98,10832.25,14259.18,23397.66,14771.25,7365.93,1811.94
,,,,,,,1810,4135.95,3939,3229.98,10832.25,14259.18,23397.66,14771.25,7365.93,1811.94
,,,,,,,1811,4135.95,3939,3229.98,10832.25,14259.18,23397.66,14771.25,7365.93,1811.94
,,,,,,,1812,4135.95,3939,3229.98,10832.25,14259.18,23397.66,14771.25,7365.93,1811.94
,,,,,,,1813,4135.95,3939,3229.98,10832.25,14259.18,23397.66,14771.25,7365.93,1811.94
,,,,,,,1814,4135.95,3939,3229.98,10832.25,14259.18,23397.66,14771.25,7365.93,1811.94
,,,,,,,1815,4135.95,3939,3229.98,10832.25,14259.18,23397.66,14771.25,7365.93,1811.94
,,,,,,,1816,4135.95,3939,3229.98,10832.25,14259.18,23397.66,14771.25,7365.93,1811.94
,,,,,,,1817,4135.95,3939,3229.98,10832.25,14259.18,23397.66,14771.25,7365.93,1811.94
,,,,,,,1818,4135.95,3939,3229.98,10832.25,14259.18,23397.66,14771.25,7365.93,1811.94
,,,,,,,1819,4135.95,3939,3229.98,10832.25,14259.18,23397.66,14771.25,7365.93,1811.94
,,,,,,,1820,4135.95,3939,3229.98,10832.25,14259.18,23397.66,14771.25,7365.93,1811.94
,,,,,,,1821,4135.95,3939,3229.98,10832.25,14259.18,23397.66,14771.25,7365.93,1811.94
,,,,,,,1822,4135.95,3939,3229.98,10832.25,14259.18,23397.66,14771.25,7365.93,1811.94
,,,,,,,1823,4135.95,3939,3229.98,10832.25,14259.18,23397.66,14771.25,7365.93,1811.94
,,,,,,,1824,4135.95,3939,3229.98,10832.25,14259.18,23397.66,14771.25,7365.93,1811.94
,,,,,,,1825,4135.95,3939,3229.98,10832.25,14259.18,23397.66,14771.25,7365.93,1811.94
,,,,,,,1826,4135.95,3939,3229.98,10832.25,14259.18,23397.66,14771.25,7365.93,1811.94
,,,,,,,1827,4135.95,3939,3229.98,10832.25,14259.18,23397.66,14771.25,7365.93,1811.94
,,,,,,,1828,4135.95,3939,3229.98,10832.25,14259.18,23397.66,14771.25,7365.93,1811.94
,,,,,,,1829,4135.95,3939,3229.98,10832.25,14259.18,23397.66,14771.25,7365.93,1811.94
,,,,,,,1830,4135.95,3939,3229.98,10832.25,14259.18,23397.66,14771.25,7365.93,1811.94
,,,,,,,1831,4135.95,3939,3229.98,10832.25,14259.18,23397.66,14771.25,7365.93,1811.94
,,,,,,,1832,4135.95,3939,3229.98,10832.25,14259.18,23397.66,14771.25,7365.93,1811.94
,,,,,,,1833,4135.95,3939,3229.98,10832.25,14259.18,23397.66,14771.25,7365.93,1811.94
,,,,,,,1834,4135.95,3939,3229.98,10832.25,14259.18,23397.66,14771.25,7365.93,1811.94
,,,,,,,1835,4135.95,3939,3229.98,10832.25,14259.18,23397.66,14771.25,7365.93,1811.94
,,,,,,,1836,4135.95,3939,3229.98,10832.25,14259.18,23397.66,14771.25,7365.93,1811.94
,,,,,,,1837,4135.95,3939,3229.98,10832.25,14259.18,23397.66,14771.25,7365.93,1811.94
,,,,,,,1838,4135.95,3939,3229.98,10832.25,14259.18,23397.66,14771.25,7365.93,1811.94
,,,,,,,1839,4135.95,3939,3229.98,10832.25,14259.18,23397.66,14771.25,7365.93,1811.94
,,,,,,,1840,4135.95,3939,3229.98,10832.25,14259.18,23397.66,14771.25,7365.93,1811.94
,,,,,,,1841,4135.95,3939,3229.98,10832.25,14259.18,23397.66,14771.25,7365.93,1811.94
,,,,,,,1842,4135.95,3939,3229.98,10832.25,14259.18,23397.66,14771.25,7365.93,1811.94
,,,,,,,1843,4135.95,3939,3229.98,10832.25,14259.18,23397.66,14771.25,7365.93,1811.94
,,,,,,,1844,4135.95,3939,3229.98,10832.25,14259.18,23397.66,14771.25,7365.93,1811.94
,,,,,,,1845,4135.95,3939,3229.98,10832.25,14259.18,23397.66,14771.25,7365.93,1811.94
,,,,,,,1846,4135.95,3939,3229.98,10832.25,14259.18,23397.66,14771.25,7365.93,1811.94
,,,,,,,1847,4135.95,3939,3229.98,10832.25,14259.18,23397.66,14771.25,7365.93,1811.94
,,,,,,,1848,4135.95,3939,3229.98,10832.25,14259.18,23397.66,14771.25,7365.93,1811.94
,,,,,,,1849,4135.95,3939,3229.98,10832.25,14259.18,23397.66,14771.25,7365.93,1811.94
,,,,,,,1850,4135.95,3939,3229.98,10832.25,14259.18,23397.66,14771.25,7365.93,1811.94
,,,,,,,1851,4135.95,3939,3229.98,10832.25,14259.18,23397.66,14771.25,7365.93,1811.94
,,,,,,,1852,4135.95,3939,3229.98,10832.25,14259.18,23397.66,14771.25,7365.93,1811.94
,,,,,,,1853,4135.95,3939,3229.98,10832.25,14259.18,23397.66,14771.25,7365.93,1811.94
,,,,,,,1854,4135.95,3939,3229.98,10832.25,14259.18,23397.66,14771.25,7365.93,1811.94
,,,,,,,1855,4135.95,3939,3229.98,10832.25,14259.18,23397.66,14771.25,7365.93,1811.94
,,,,,,,1856,4135.95,3939,3229.98,10832.25,14259.18,23397.66,14771.25,7365.93,1811.94
,,,,,,,1857,4135.95,3939,3229.98,10832.25,14259.18,23397.66,14771.25,7365.93,1811.94
,,,,,,,1858,4135.95,3939,3229.98,10832.25,14259.18,23397.66,14771.25,7365.93,1811.94
,,,,,,,1859,4135.95,3939,3229.98,10832.25,14259.18,23397.66,14771.25,7365.93,1811.94
,,,,,,,1860,4135.95,3939,3229.98,10832.25,14259.18,23397.66,14771.25,7365.93,1811.94
,,,,,,,1861,4135.95,3939,3229.98,10832.25,14259.18,23397.66,14771.25,7365.93,1811.94
,,,,,,,1862,4135.95,3939,3229.98,10832.25,14259.18,23397.66,14771.25,7365.93,1811.94
,,,,,,,1863,4135.95,3939,3229.98,10832.25,14259.18,23397.66,14771.25,7365.93,1811.94
,,,,,,,1864,4135.95,3939,3229.98,10832.25,14259.18,23397.66,14771.25,7365.93,1811.94
,,,,,,,1865,4135.95,3939,3229.98,10832.25,14259.18,23397.66,14771.25,7365.93,1811.94
,,,,,,,1866,4135.95,3939,3229.98,10832.25,14259.18,23397.66,14771.25,7365.93,1811.94
,,,,,,,1867,4135.95,3939,3229.98,10832.25,14259.18,23397.66,14771.25,7365.93,1811.94
,,,,,,,1868,4135.95,3939,3229.98,10832.25,14259.18,23397.66,14771.25,7365.93,1811.94
,,,,,,,1869,4135.95,3939,3229.98,10832.25,14259.18,23397.66,14771.25,7365.93,1811.94
,,,,,,,1870,4135.95,3939,3229.98,10832.25,14259.18,23397.66,14771.25,7365.93,1811.94
,,,,,,,1871,4135.95,3939,3229.98,10832.25,14259.18,23397.66,14771.25,7365.93,1811.94
,,,,,,,1872,4135.95,3939,3229.98,10832.25,14259.18,23397.66,14771.25,7365.93,1811.94
,,,,,,,1873,4135.95,3939,3229.98,10832.25,14259.18,23397.66,14771.25,7365.93,1811.94
,,,,,,,1874,4135.95,3939,3229.98,10832.25,14259.18,23397.66,14771.25,7365.93,1811.94
,,,,,,,1875,4135.95,3939,3229.98,10832.25,14259.18,23397.66,14771.25,7365.93,1811.94
,,,,,,,1876,4135.95,3939,3229.98,10832.25,14259.18,23397.66,14771.25,7365.93,1811.94
,,,,,,,1877,4135.95,3939,3229.98,10832.25,14259.18,23397.66,14771.25,7365.93,1811.94
,,,,,,,1878,4135.95,3939,3229.98,10832.25,14259.18,23397.66,14771.25,7365.93,1811.94
,,,,,,,1879,4135.95,3939,3229.98,10832.25,14259.18,23397.66,14771.25,7365.93,1811.94
,,,,,,,1880,4135.95,3939,3229.98,10832.25,14259.18,23397.66,14771.25,7365.93,1811.94
,,,,,,,1881,4135.95,3939,3229.98,10832.25,14259.18,23397.66,14771.25,7365.93,1811.94
,,,,,,,1882,4135.95,3939,3229.98,10832.25,14259.18,23397.66,14771.25,7365.93,1811.94
,,,,,,,1883,4135.95,3939,3229.98,10832.25,14259.18,23397.66,14771.25,7365.93,1811.94
,,,,,,,1884,4135.95,3939,3229.98,10832.25,14259.18,23397.66,14771.25,7365.93,1811.94
,,,,,,,1885,4135.95,3939,3229.98,10832.25,14259.18,23397.66,14771.25,7365.93,1811.94
,,,,,,,1886,4135.95,3939,3229.98,10832.25,14259.18,23397.66,14771.25,7365.93,1811.94
,,,,,,,1887,4135.95,3939,3229.98,10832.25,14259.18,23397.66,14771.25,7365.93,1811.94
,,,,,,,1888,4135.95,3939,3229.98,10832.25,14259.18,23397.66,14771.25,7365.93,1811.94
,,,,,,,1889,4135.95,3939,3229.98,10832.25,14259.18,23397.66,14771.25,7365.93,1811.94
,,,,,,,1890,4135.95,3939,3229.98,10832.25,14259.18,23397.66,14771.25,7365.93,1811.94
,,,,,,,1891,4135.95,3939,3229.98,10832.25,14259.18,23397.66,14771.25,7365.93,1811.94
,,,,,,,1892,4135.95,3939,3229.98,10832.25,14259.18,23397.66,14771.25,7365.93,1811.94
,,,,,,,1893,4135.95,3939,3229.98,10832.25,14259.18,23397.66,14771.25,7365.93,1811.94
,,,,,,,1894,4135.95,3939,3229.98,10832.25,14259.18,23397.66,14771.25,7365.93,1811.94
,,,,,,,1895,4135.95,3939,3229.98,10832.25,14259.18,23397.66,14771.25,7365.93,1811.94
,,,,,,,1896,4135.95,3939,3229.98,10832.25,14259.18,23397.66,14771.25,7365.93,1811.94
,,,,,,,1897,4135.95,3939,3229.98,10832.25,14259.18,23397.66,14771.25,7365.93,1811.94
,,,,,,,1898,4135.95,3939,3229.98,10832.25,14259.18,23397.66,14771.25,7365.93,1811.94
,,,,,,,1899,4135.95,3939,3229.98,10832.25,14259.18,23397.66,14771.25,7365.93,1811.94
,,,,,,,1900,4135.95,3939,3229.98,10832.25,14259.18,23397.66,14771.25,7365.93,1811.94
,,,,,,,1901,4135.95,3939,3229.98,10832.25,14259.18,23397.66,14771.25,7365.93,1811.94
,,,,,,,1902,4135.95,3939,3229.98,10832.25,14259.18,23397.66,14771.25,7365.93,1811.94
,,,,,,,1903,4135.95,3939,3229.98,10832.25,14259.18,23397.66,14771.25,7365.93,1811.94
,,,,,,,1904,4135.95,3939,3229.98,10832.25,14259.18,23397.66,14771.25,7365.93,1811.94
,,,,,,,1905,4135.95,3939,3229.98,10832.25,14259.18,23397.66,14771.25,7365.93,1811.94
,,,,,,,1906,4135.95,3939,3229.98,10832.25,14259.18,23397.66,14771.25,7365.93,1811.94
,,,,,,,1907,4135.95,3939,3229.98,10832.25,14259.18,23397.66,14771.25,7365.93,1811.94
,,,,,,,1908,4135.95,3939,3229.98,10832.25,14259.18,23397.66,14771.25,7365.93,1811.94
,,,,,,,1909,4135.95,3939,3229.98,10832.25,14259.18,23397.66,14771.25,7365.93,1811.94
,,,,,,,1910,4135.95,3939,3229.98,10832.25,14259.18,23397.66,14771.25,7365.93,1811.94
,,,,,,,1911,4135.95,3939,3229.98,10832.25,14259.18,23397.66,14771.25,7365.93,1811.94
,,,,,,,1912,4135.95,3939,3229.98,10832.25,14259.18,23397.66,14771.25,7365.93,1811.94
,,,,,,,1913,4135.95,3939,3229.98,10832.25,14259.18,23397.66,14771.25,7365.93,1811.94
,,,,,,,1914,4135.95,3939,3229.98,10832.25,14259.18,23397.66,14771.25,7365.93,1811.94
,,,,,,,1915,4135.95,3939,3229.98,10832.25,14259.18,23397.66,14771.25,7365.93,1811.94
,,,,,,,1916,4135.95,3939,3229.98,10832.25,14259.18,23397.66,14771.25,7365.93,1811.94
,,,,,,,1917,4135.95,3939,3229.98,10832.25,14259.18,23397.66,14771.25,7365.93,1811.94
,,,,,,,1918,4135.95,3939,3229.98,10832.25,14259.18,23397.66,14771.25,7365.93,1811.94
,,,,,,,1919,4135.95,3939,3229.98,10832.25,14259.18,23397.66,14771.25,7365.93,1811.94
,,,,,,,1920,4135.95,3939,3229.98,10832.25,14259.18,23397.66,14771.25,7365.93,1811.94
,,,,,,,1921,4135.95,3939,3229.98,10832.25,14259.18,23397.66,14771.25,7365.93,1811.94
,,,,,,,1922,4135.95,3939,3229.98,10832.25,14259.18,23397.66,14771.25,7365.93,1811.94
,,,,,,,1923,4135.95,3939,3229.98,10832.25,14259.18,23397.66,14771.25,7365.93,1811.94
,,,,,,,1924,4135.95,3939,3229.98,10832.25,14259.18,23397.66,14771.25,7365.93,1811.94
,,,,,,,1925,4135.95,3939,3229.98,10832.25,14259.18,23397.66,14771.25,7365.93,1811.94
,,,,,,,1926,4135.95,3939,3229.98,10832.25,14259.18,23397.66,14771.25,7365.93,1811.94
,,,,,,,1927,4135.95,3939,3229.98,10832.25,14259.18,23397.66,14771.25,7365.93,1811.94
,,,,,,,1928,4135.95,3939,3229.98,10832.25,14259.18,23397.66,14771.25,7365.93,1811.94
,,,,,,,1929,4135.95,3939,3229.98,10832.25,14259.18,23397.66,14771.25,7365.93,1811.94
,,,,,,,1930,4135.95,3939,3229.98,10832.25,14259.18,23397.66,14771.25,7365.93,1811.94
,,,,,,,1931,4135.95,3939,3229.98,10832.25,14259.18,23397.66,14771.25,7365.93,1811.94
,,,,,,,1932,4135.95,3939,3229.98,10832.25,14259.18,23397.66,14771.25,7365.93,1811.94
,,,,,,,1933,4135.95,3939,3229.98,10832.25,14259.18,23397.66,14771.25,7365.93,1811.94
,,,,,,,1934,4135.95,3939,3229.98,10832.25,14259.18,23397.66,14771.25,7365.93,1811.94
,,,,,,,1935,4135.95,3939,3229.98,10832.25,14259.18,23397.66,14771.25,7365.93,1811.94
,,,,,,,1936,4135.95,3939,3229.98,10832.25,14259.18,23397.66,14771.25,7365.93,1811.94
,,,,,,,1937,4135.95,3939,3229.98,10832.25,14259.18,23397.66,14771.25,7365.93,1811.94
,,,,,,,1938,4135.95,3939,3229.98,10832.25,14259.18,23397.66,14771.25,7365.93,1811.94
,,,,,,,1939,4135.95,3939,3229.98,10832.25,14259.18,23397.66,14771.25,7365.93,1811.94
,,,,,,,1940,4135.95,3939,3229.98,10832.25,14259.18,23397.66,14771.25,7365.93,1811.94
,,,,,,,1941,4135.95,3939,3229.98,10832.25,14259.18,23397.66,14771.25,7365.93,1811.94
,,,,,,,1942,4135.95,3939,3229.98,10832.25,14259.18,23397.66,14771.25,7365.93,1811.94
,,,,,,,1943,4135.95,3939,3229.98,10832.25,14259.18,23397.66,14771.25,7365.93,1811.94
,,,,,,,1944,4135.95,3939,3229.98,10832.25,14259.18,23397.66,14771.25,7365.93,1811.94
,,,,,,,1945,4135.95,3939,3229.98,10832.25,14259.18,23397.66,14771.25,7365.93,1811.94
,,,,,,,1946,4135.95,3939,3229.98,10832.25,14259.18,23397.66,14771.25,7365.93,1811.94
,,,,,,,1947,4135.95,3939,3229.98,10832.25,14259.18,23397.66,14771.25,7365.93,1811.94
,,,,,,,1948,4135.95,3939,3229.98,10832.25,14259.18,23397.66,14771.25,7365.93,1811.94
,,,,,,,1949,4135.95,3939,3229.98,10832.25,14259.18,23397.66,14771.25,7365.93,1811.94
,,,,,,,1950,4135.95,3939,3229.98,10832.25,14259.18,23397.66,14771.25,7365.93,1811.94
,,,,,,,1951,4135.95,3939,3229.98,10832.25,14259.18,23397.66,14771.25,7365.93,1811.94
,,,,,,,1952,4135.95,3939,3229.98,10832.25,14259.18,23397.66,14771.25,7365.93,1811.94
,,,,,,,1953,4135.95,3939,3229.98,10832.25,14259.18,23397.66,14771.25,7365.93,1811.94
,,,,,,,1954,4135.95,3939,3229.98,10832.25,14259.18,23397.66,14771.25,7365.93,1811.94
,,,,,,,1955,4135.95,3939,3229.98,10832.25,14259.18,23397.66,14771.25,7365.93,1811.94
,,,,,,,1956,4135.95,3939,3229.98,10832.25,14259.18,23397.66,14771.25,7365.93,1811.94
,,,,,,,1957,4135.95,3939,3229.98,10832.25,14259.18,23397.66,14771.25,7365.93,1811.94
,,,,,,,1958,4135.95,3939,3229.98,10832.25,14259.18,23397.66,14771.25,7365.93,1811.94
,,,,,,,1959,4135.95,3939,3229.98,10832.25,14259.18,23397.66,14771.25,7365.93,1811.94
,,,,,,,1960,4135.95,3939,3229.98,10832.25,14259.18,23397.66,14771.25,7365.93,1811.94
,,,,,,,1961,4135.95,3939,3229.98,10832.25,14259.18,23397.66,14771.25,7365.93,1811.94
,,,,,,,1962,4135.95,3939,3229.98,10832.25,14259.18,23397.66,14771.25,7365.93,1811.94
,,,,,,,1963,4135.95,3939,3229.98,10832.25,14259.18,23397.66,14771.25,7365.93,1811.94
,,,,,,,1964,4135.95,3939,3229.98,10832.25,14259.18,23397.66,14771.25,7365.93,1811.94
,,,,,,,1965,4135.95,3939,3229.98,10832.25,14259.18,23397.66,14771.25,7365.93,1811.94
,,,,,,,1966,4135.95,3939,3229.98,10832.25,14259.18,23397.66,14771.25,7365.93,1811.94
,,,,,,,1967,4135.95,3939,3229.98,10832.25,14259.18,23397.66,14771.25,7365.93,1811.94
,,,,,,,1968,4135.95,3939,3229.98,10832.25,14259.18,23397.66,14771.25,7365.93,1811.94
,,,,,,,1969,4135.95,3939,3229.98,10832.25,14259.18,23397.66,14771.25,7365.93,1811.94
,,,,,,,1970,4135.95,3939,3229.98,10832.25,14259.18,23397.66,14771.25,7365.93,1811.94
,,,,,,,1971,4135.95,3939,3229.98,10832.25,14259.18,23397.66,14771.25,7365.93,1811.94
,,,,,,,1972,4135.95,3939,3229.98,10832.25,14259.18,23397.66,14771.25,7365.93,1811.94
,,,,,,,1973,4135.95,3939,3229.98,10832.25,14259.18,23397.66,14771.25,7365.93,1811.94
,,,,,,,1974,4135.95,3939,3229.98,10832.25,14259.18,23397.66,14771.25,7365.93,1811.94
,,,,,,,1975,4135.95,3939,3229.98,10832.25,14259.18,23397.66,14771.25,7365.93,1811.94
,,,,,,,1976,4135.95,3939,3229.98,10832.25,14259.18,23397.66,14771.25,7365.93,1811.94
,,,,,,,1977,4135.95,3939,3229.98,10832.25,14259.18,23397.66,14771.25,7365.93,1811.94
,,,,,,,1978,4135.95,3939,3229.98,10832.25,14259.18,23397.66,14771.25,7365.93,1811.94
,,,,,,,1979,4135.95,3939,3229.98,10832.25,14259.18,23397.66,14771.25,7365.93,1811.94
,,,,,,,1980,4135.95,3939,3229.98,10832.25,14259.18,23397.66,14771.25,7365.93,1811.94
,,,,,,,1981,4135.95,3939,3229.98,10832.25,14259.18,23397.66,14771.25,7365.93,1811.94
,,,,,,,1982,4135.95,3939,3229.98,10832.25,14259.18,23397.66,14771.25,7365.93,1811.94
,,,,,,,1983,4135.95,3939,3229.98,10832.25,14259.18,23397.66,14771.25,7365.93,1811.94
,,,,,,,1984,4135.95,3939,3229.98,10832.25,14259.18,23397.66,14771.25,7365.93,1811.94
,,,,,,,1985,4135.95,3939,3229.98,10832.25,14259.18,23397.66,14771.25,7365.93,1811.94
,,,,,,,1986,4135.95,3939,3229.98,10832.25,14259.18,23397.66,14771.25,7365.93,1811.94
,,,,,,,1987,4135.95,3939,3229.98,10832.25,14259.18,23397.66,14771.25,7365.93,1811.94
,,,,,,,1988,4135.95,3939,3229.98,10832.25,14259.18,23397.66,14771.25,7365.93,1811.94
,,,,,,,1989,4135.95,3939,3229.98,10832.25,14259.18,23397.66,14771.25,7365.93,1811.94
,,,,,,,1990,4135.95,3939,3229.98,10832.25,14259.18,23397.66,14771.25,7365.93,1811.94
,,,,,,,1991,4135.95,3939,3229.98,10832.25,14259.18,23397.66,14771.25,7365.93,1811.94
,,,,,,,1992,4135.95,3939,3229.98,10832.25,14259.18,23397.66,14771.25,7365.93,1811.94
,,,,,,,1993,4135.95,3939,3229.98,10832.25,14259.18,23397.66,14771.25,7365.93,1811.94
,,,,,,,1994,4135.95,3939,3229.98,10832.25,14259.18,23397.66,14771.25,7365.93,1811.94
,,,,,,,1995,4135.95,3939,3229.98,10832.25,14259.18,23397.66,14771.25,7365.93,1811.94
,,,,,,,1996,4135.95,3939,3229.98,10832.25,14259.18,23397.66,14771.25,7365.93,1811.94
,,,,,,,1997,4135.95,3939,3229.98,10832.25,14259.18,23397.66,14771.25,7365.93,1811.94
,,,,,,,1998,4135.95,3939,3229.98,10832.25,14259.18,23397.66,14771.25,7365.93,1811.94
,,,,,,,1999,4135.95,3939,3229.98,10832.25,14259.18,23397.66,14771.25,7365.93,1811.94
,,,,,,,2000,4135.95,3939,3229.98,10832.25,14259.18,23397.66,14771.25,7365.93,1811.94
,,,,,,,2001,4135.95,3939,3229.98,10832.25,14259.18,23397.66,14771.25,7365.93,1811.94
,,,,,,,2002,4135.95,3939,3229.98,10832.25,14259.18,23397.66,14771.25,7365.93,1811.94
,,,,,,,2003,4135.95,3939,3229.98,10832.25,14259.18,23397.66,14771.25,7365.93,1811.94
,,,,,,,2004,4135.95,3939,3229.98,10832.25,14259.18,23397.66,14771.25,7365.93,1811.94
,,,,,,,2005,4135.95,3939,3229.98,10832.25,14259.18,23397.66,14771.25,7365.93,1811.94
,,,,,,,2006,4135.95,3939,3229.98,10832.25,14259.18,23397.66,14771.25,7365.93,1811.94
,,,,,,,2007,4135.95,3939,3229.98,10832.25,14259.18,23397.66,14771.25,7365.93,1811.94
,,,,,,,2008,4135.95,3939,3229.98,10832.25,14259.18,23397.66,14771.25,7365.93,1811.94
,,,,,,,2009,4135.95,3939,3229.98,10832.25,14259.18,23397.66,14771.25,7365.93,1811.94
,,,,,,,2010,4135.95,3939,3229.98,10832.25,14259.18,23397.66,14771.25,7365.93,1811.94
,,,,,,,2011,4135.95,3939,3229.98,10832.25,14259.18,23397.66,14771.25,7365.93,1811.94
,,,,,,,2012,4135.95,3939,3229.98,10832.25,14259.18,23397.66,14771.25,7365.93,1811.94
,,,,,,,2013,4135.95,3939,3229.98,10832.25,14259.18,23397.66,14771.25,7365.93,1811.94
,,,,,,,2014,4135.95,3939,3229.98,10832.25,14259.18,23397.66,14771.25,7365.93,1811.94
,,,,,,,2015,4135.95,3939,3229.98,10832.25,14259.18,23397.66,14771.25,7365.93,1811.94
,,,,,,,2016,4135.95,3939,3229.98,10832.25,14259.18,23397.66,14771.25,7365.93,1811.94
,,,,,,,2017,4135.95,3939,3229.98,10832.25,14259.18,23397.66,14771.25,7365.93,1811.94
,,,,,,,2018,4135.95,3939,3229.98,10832.25,14259.18,23397.66,14771.25,7365.93,1811.94
,,,,,,,2019,4135.95,3939,3229.98,10832.25,14259.18,23397.66,14771.25,7365.93,1811.94
,,,,,,,2020,4135.95,3939,3229.98,10832.25,14259.18,23397.66,14771.25,7365.93,1811.94
,,,,,,,2021,4135.95,3939,3229.98,10832.25,14259.18,23397.66,14771.25,7365.93,1811.94
,,,,,,,2022,4135.95,3939,3229.98,10832.25,14259.18,23397.66,14771.25,7365.93,1811.94
,,,,,,,2023,4135.95,3939,3229.98,10832.25,14259.18,23397.66,14771.25,7365.93,1811.94
,,,,,,,2024,4135.95,3939,3229.98,10832.25,14259.18,23397.66,14771.25,7365.93,1811.94
,,,,,,,2025,4135.95,3939,3229.98,10832.25,14259.18,23397.66,14771.25,7365.93,1811.94
,,,,,,,2026,4135.95,3939,3229.98,10832.25,14259.18,23397.66,14771.25,7365.93,1811.94
,,,,,,,2027,4135.95,3939,3229.98,10832.25,14259.18,23397.66,14771.25,7365.93,1811.94
,,,,,,,2028,4135.95,3939,3229.98,10832.25,14259.18,23397.66,14771.25,7365.93,1811.94
,,,,,,,2029,4135.95,3939,3229.98,10832.25,14259.18,23397.66,14771.25,7365.93,1811.94
,,,,,,,2030,4135.95,3939,3229.98,10832.25,14259.18,23397.66,14771.25,7365.93,1811.94
,,,,,,,2031,4135.95,3939,3229.98,10832.25,14259.18,23397.66,14771.25,7365.93,1811.94
,,,,,,,2032,4135.95,3939,3229.98,10832.25,14259.18,23397.66,14771.25,7365.93,1811.94
,,,,,,,2033,4135.95,3939,3229.98,10832.25,14259.18,23397.66,14771.25,7365.93,1811.94
,,,,,,,2034,4135.95,3939,3229.98,10832.25,14259.18,23397.66,14771.25,7365.93,1811.94
,,,,,,,2035,4135.95,3939,3229.98,10832.25,14259.18,23397.66,14771.25,7365.93,1811.94
,,,,,,,2036,4135.95,3939,3229.98,10832.25,14259.18,23397.66,14771.25,7365.93,1811.94
,,,,,,,2037,4135.95,3939,3229.98,10832.25,14259.18,23397.66,14771.25,7365.93,1811.94
,,,,,,,2038,4135.95,3939,3229.98,10832.25,14259.18,23397.66,14771.25,7365.93,1811.94
,,,,,,,2039,4135.95,3939,3229.98,10832.25,14259.18,23397.66,14771.25,7365.93,1811.94
,,,,,,,2040,4135.95,3939,3229.98,10832.25,14259.18,23397.66,14771.25,7365.93,1811.94
,,,,,,,2041,4135.95,3939,3229.98,10832.25,14259.18,23397.66,14771.25,7365.93,1811.94
,,,,,,,2042,4135.95,3939,3229.98,10832.25,14259.18,23397.66,14771.25,7365.93,1811.94
,,,,,,,2043,4135.95,3939,3229.98,10832.25,14259.18,23397.66,14771.25,7365.93,1811.94
,,,,,,,2044,4135.95,3939,3229.98,10832.25,14259.18,23397.66,14771.25,7365.93,1811.94
,,,,,,,2045,4135.95,3939,3229.98,10832.25,14259.18,23397.66,14771.25,7365.93,1811.94
,,,,,,,2046,4135.95,3939,3229.98,10832.25,14259.18,23397.66,14771.25,7365.93,1811.94
,,,,,,,2047,4135.95,3939,3229.98,10832.25,14259.18,23397.66,14771.25,7365.93,1811.94
,,,,,,,2048,4135.95,3939,3229.98,10832.25,14259.18,23397.66,14771.25,7365.93,1811.94
,,,,,,,2049,4135.95,3939,3229.98,10832.25,14259.18,23397.66,14771.25,7365.93,1811.94
,,,,,,,2050,4135.95,3939,3229.98,10832.25,14259.18,23397.66,14771.25,7365.93,1811.94
,,,,,,,2051,4135.95,3939,3229.98,10832.25,14259.18,23397.66,14771.25,7365.93,1811.94
,,,,,,,2052,4135.95,3939,3229.98,10832.25,14259.18,23397.66,14771.25,7365.93,1811.94
,,,,,,,2053,4135.95,3939,3229.98,10832.25,14259.18,23397.66,14771.25,7365.93,1811.94
,,,,,,,2054,4135.95,3939,3229.98,10832.25,14259.18,23397.66,14771.25,7365.93,1811.94
,,,,,,,2055,4135.95,3939,3229.98,10832.25,14259.18,23397.66,14771.25,7365.93,1811.94
,,,,,,,2056,4135.95,3939,3229.98,10832.25,14259.18,23397.66,14771.25,7365.93,1811.94
,,,,,,,2057,4135.95,3939,3229.98,10832.25,14259.18,23397.66,14771.25,7365.93,1811.94
,,,,,,,2058,4135.95,3939,3229.98,10832.25,14259.18,23397.66,14771.25,7365.93,1811.94
,,,,,,,2059,4135.95,3939,3229.98,10832.25,14259.18,23397.66,14771.25,7365.93,1811.94
,,,,,,,2060,4135.95,3939,3229.98,10832.25,14259.18,23397.66,14771.25,7365.93,1811.94
,,,,,,,2061,4135.95,3939,3229.98,10832.25,14259.18,23397.66,14771.25,7365.93,1811.94
,,,,,,,2062,4135.95,3939,3229.98,10832.25,14259.18,23397.66,14771.25,7365.93,1811.94
,,,,,,,2063,4135.95,3939,3229.98,10832.25,14259.18,23397.66,14771.25,7365.93,1811.94
,,,,,,,2064,4135.95,3939,3229.98,10832.25,14259.18,23397.66,14771.25,7365.93,1811.94
,,,,,,,2065,4135.95,3939,3229.98,10832.25,14259.18,23397.66,14771.25,7365.93,1811.94
,,,,,,,2066,4135.95,3939,3229.98,10832.25,14259.18,23397.66,14771.25,7365.93,1811.94
,,,,,,,2067,4135.95,3939,3229.98,10832.25,14259.18,23397.66,14771.25,7365.93,1811.94
,,,,,,,2068,4135.95,3939,3229.98,10832.25,14259.18,23397.66,14771.25,7365.93,1811.94
,,,,,,,2069,4135.95,3939,3229.98,10832.25,14259.18,23397.66,14771.25,7365.93,1811.94
,,,,,,,2070,4135.95,3939,3229.98,10832.25,14259.18,23397.66,14771.25,7365.93,1811.94
,,,,,,,2071,4135.95,3939,3229.98,10832.25,14259.18,23397.66,14771.25,7365.93,1811.94
,,,,,,,2072,4135.95,3939,3229.98,10832.25,14259.18,23397.66,14771.25,7365.93,1811.94
,,,,,,,2073,4135.95,3939,3229.98,10832.25,14259.18,23397.66,14771.25,7365.93,1811.94
,,,,,,,2074,4135.95,3939,3229.98,10832.25,14259.18,23397.66,14771.25,7365.93,1811.94
,,,,,,,2075,4135.95,3939,3229.98,10832.25,14259.18,23397.66,14771.25,7365.93,1811.94
,,,,,,,2076,4135.95,3939,3229.98,10832.25,14259.18,23397.66,14771.25,7365.93,1811.94
,,,,,,,2077,4135.95,3939,3229.98,10832.25,14259.18,23397.66,14771.25,7365.93,1811.94
,,,,,,,2078,4135.95,3939,3229.98,10832.25,14259.18,23397.66,14771.25,7365.93,1811.94
,,,,,,,2079,4135.95,3939,3229.98,10832.25,14259.18,23397.66,14771.25,7365.93,1811.94
,,,,,,,2080,4135.95,3939,3229.98,10832.25,14259.18,23397.66,14771.25,7365.93,1811.94
,,,,,,,2081,4135.95,3939,3229.98,10832.25,14259.18,23397.66,14771.25,7365.93,1811.94
,,,,,,,2082,4135.95,3939,3229.98,10832.25,14259.18,23397.66,14771.25,7365.93,1811.94
,,,,,,,2083,4135.95,3939,3229.98,10832.25,14259.18,23397.66,14771.25,7365.93,1811.94
,,,,,,,2084,4135.95,3939,3229.98,10832.25,14259.18,23397.66,14771.25,7365.93,1811.94
,,,,,,,2085,4135.95,3939,3229.98,10832.25,14259.18,23397.66,14771.25,7365.93,1811.94
,,,,,,,2086,4135.95,3939,3229.98,10832.25,14259.18,23397.66,14771.25,7365.93,1811.94
,,,,,,,2087,4135.95,3939,3229.98,10832.25,14259.18,23397.66,14771.25,7365.93,1811.94
,,,,,,,2088,4135.95,3939,3229.98,10832.25,14259.18,23397.66,14771.25,7365.93,1811.94
,,,,,,,2089,4135.95,3939,3229.98,10832.25,14259.18,23397.66,14771.25,7365.93,1811.94
,,,,,,,2090,4135.95,3939,3229.98,10832.25,14259.18,23397.66,14771.25,7365.93,1811.94
,,,,,,,2091,4135.95,3939,3229.98,10832.25,14259.18,23397.66,14771.25,7365.93,1811.94
,,,,,,,2092,4135.95,3939,3229.98,10832.25,14259.18,23397.66,14771.25,7365.93,1811.94
,,,,,,,2093,4135.95,3939,3229.98,10832.25,14259.18,23397.66,14771.25,7365.93,1811.94
,,,,,,,2094,4135.95,3939,3229.98,10832.25,14259.18,23397.66,14771.25,7365.93,1811.94
,,,,,,,2095,4135.95,3939,3229.98,10832.25,14259.18,23397.66,14771.25,7365.93,1811.94
,,,,,,,2096,4135.95,3939,3229.98,10832.25,14259.18,23397.66,14771.25,7365.93,1811.94
,,,,,,,2097,4135.95,3939,3229.98,10832.25,14259.18,23397.66,14771.25,7365.93,1811.94
,,,,,,,2098,4135.95,3939,3229.98,10832.25,14259.18,23397.66,14771.25,7365.93,1811.94
,,,,,,,2099,4135.95,3939,3229.98,10832.25,14259.18,23397.66,14771.25,7365.93,1811.94
,,,,,,,2100,4135.95,3939,3229.98,10832.25,14259.18,23397.66,14771.25,7365.93,1811.94
,,,,,,,2101,4135.95,3939,3229.98,10832.25,14259.18,23397.66,14771.25,7365.93,1811.94
,,,,,,,2102,4135.95,3939,3229.98,10832.25,14259.18,23397.66,14771.25,7365.93,1811.94
,,,,,,,2103,4135.95,3939,3229.98,10832.25,14259.18,23397.66,14771.25,7365.93,1811.94
,,,,,,,2104,4135.95,3939,3229.98,10832.25,14259.18,23397.66,14771.25,7365.93,1811.94
,,,,,,,2105,4135.95,3939,3229.98,10832.25,14259.18,23397.66,14771.25,7365.93,1811.94
,,,,,,,2106,4135.95,3939,3229.98,10832.25,14259.18,23397.66,14771.25,7365.93,1811.94
,,,,,,,2107,4135.95,3939,3229.98,10832.25,14259.18,23397.66,14771.25,7365.93,1811.94
,,,,,,,2108,4135.95,3939,3229.98,10832.25,14259.18,23397.66,14771.25,7365.93,1811.94
,,,,,,,2109,4135.95,3939,3229.98,10832.25,14259.18,23397.66,14771.25,7365.93,1811.94
,,,,,,,2110,4135.95,3939,3229.98,10832.25,14259.18,23397.66,14771.25,7365.93,1811.94
,,,,,,,2111,4135.95,3939,3229.98,10832.25,14259.18,23397.66,14771.25,7365.93,1811.94
,,,,,,,2112,4135.95,3939,3229.98,10832.25,14259.18,23397.66,14771.25,7365.93,1811.94
,,,,,,,2113,4135.95,3939,3229.98,10832.25,14259.18,23397.66,14771.25,7365.93,1811.94
,,,,,,,2114,4135.95,3939,3229.98,10832.25,14259.18,23397.66,14771.25,7365.93,1811.94
,,,,,,,2115,4135.95,3939,3229.98,10832.25,14259.18,23397.66,14771.25,7365.93,1811.94
,,,,,,,2116,4135.95,3939,3229.98,10832.25,14259.18,23397.66,14771.25,7365.93,1811.94
,,,,,,,2117,4135.95,3939,3229.98,10832.25,14259.18,23397.66,14771.25,7365.93,1811.94
,,,,,,,2118,4135.95,3939,3229.98,10832.25,14259.18,23397.66,14771.25,7365.93,1811.94
,,,,,,,2119,4135.95,3939,3229.98,10832.25,14259.18,23397.66,14771.25,7365.93,1811.94
,,,,,,,2120,4135.95,3939,3229.98,10832.25,14259.18,23397.66,14771.25,7365.93,1811.94
,,,,,,,2121,4135.95,3939,3229.98,10832.25,14259.18,23397.66,14771.25,7365.93,1811.94
,,,,,,,2122,4135.95,3939,3229.98,10832.25,14259.18,23397.66,14771.25,7365.93,1811.94
,,,,,,,2123,4135.95,3939,3229.98,10832.25,14259.18,23397.66,14771.25,7365.93,1811.94
,,,,,,,2124,4135.95,3939,3229.98,10832.25,14259.18,23397.66,14771.25,7365.93,1811.94
,,,,,,,2125,4135.95,3939,3229.98,10832.25,14259.18,23397.66,14771.25,7365.93,1811.94
,,,,,,,2126,4135.95,3939,3229.98,10832.25,14259.18,23397.66,14771.25,7365.93,1811.94
,,,,,,,2127,4135.95,3939,3229.98,10832.25,14259.18,23397.66,14771.25,7365.93,1811.94
,,,,,,,2128,4135.95,3939,3229.98,10832.25,14259.18,23397.66,14771.25,7365.93,1811.94
,,,,,,,2129,4135.95,3939,3229.98,10832.25,14259.18,23397.66,14771.25,7365.93,1811.94
,,,,,,,2130,4135.95,3939,3229.98,10832.25,14259.18,23397.66,14771.25,7365.93,1811.94
,,,,,,,2131,4135.95,3939,3229.98,10832.25,14259.18,23397.66,14771.25,7365.93,1811.94
,,,,,,,2132,4135.95,3939,3229.98,10832.25,14259.18,23397.66,14771.25,7365.93,1811.94
,,,,,,,2133,4135.95,3939,3229.98,10832.25,14259.18,23397.66,14771.25,7365.93,1811.94
,,,,,,,2134,4135.95,3939,3229.98,10832.25,14259.18,23397.66,14771.25,7365.93,1811.94
,,,,,,,2135,4135.95,3939,3229.98,10832.25,14259.18,23397.66,14771.25,7365.93,1811.94
,,,,,,,2136,4135.95,3939,3229.98,10832.25,14259.18,23397.66,14771.25,7365.93,1811.94
,,,,,,,2137,4135.95,3939,3229.98,10832.25,14259.18,23397.66,14771.25,7365.93,1811.94
,,,,,,,2138,4135.95,3939,3229.98,10832.25,14259.18,23397.66,14771.25,7365.93,1811.94
,,,,,,,2139,4135.95,3939,3229.98,10832.25,14259.18,23397.66,14771.25,7365.93,1811.94
,,,,,,,2140,4135.95,3939,3229.98,10832.25,14259.18,23397.66,14771.25,7365.93,1811.94
,,,,,,,2141,4135.95,3939,3229.98,10832.25,14259.18,23397.66,14771.25,7365.93,1811.94
,,,,,,,2142,4135.95,3939,3229.98,10832.25,14259.18,23397.66,14771.25,7365.93,1811.94
,,,,,,,2143,4135.95,3939,3229.98,10832.25,14259.18,23397.66,14771.25,7365.93,1811.94
,,,,,,,2144,4135.95,3939,3229.98,10832.25,14259.18,23397.66,14771.25,7365.93,1811.94
,,,,,,,2145,4135.95,3939,3229.98,10832.25,14259.18,23397.66,14771.25,7365.93,1811.94
,,,,,,,2146,4135.95,3939,3229.98,10832.25,14259.18,23397.66,14771.25,7365.93,1811.94
,,,,,,,2147,4135.95,3939,3229.98,10832.25,14259.18,23397.66,14771.25,7365.93,1811.94
,,,,,,,2148,4135.95,3939,3229.98,10832.25,14259.18,23397.66,14771.25,7365.93,1811.94
,,,,,,,2149,4135.95,3939,3229.98,10832.25,14259.18,23397.66,14771.25,7365.93,1811.94
,,,,,,,2150,4135.95,3939,3229.98,10832.25,14259.18,23397.66,14771.25,7365.93,1811.94
,,,,,,,2151,4135.95,3939,3229.98,10832.25,14259.18,23397.66,14771.25,7365.93,1811.94
,,,,,,,2152,4135.95,3939,3229.98,10832.25,14259.18,23397.66,14771.25,7365.93,1811.94
,,,,,,,2153,4135.95,3939,3229.98,10832.25,14259.18,23397.66,14771.25,7365.93,1811.94
,,,,,,,2154,4135.95,3939,3229.98,10832.25,14259.18,23397.66,14771.25,7365.93,1811.94
,,,,,,,2155,4135.95,3939,3229.98,10832.25,14259.18,23397.66,14771.25,7365.93,1811.94
,,,,,,,2156,4135.95,3939,3229.98,10832.25,14259.18,23397.66,14771.25,7365.93,1811.94
,,,,,,,2157,4135.95,3939,3229.98,10832.25,14259.18,23397.66,14771.25,7365.93,1811.94
,,,,,,,2158,4135.95,3939,3229.98,10832.25,14259.18,23397.66,14771.25,7365.93,1811.94
,,,,,,,2159,4135.95,3939,3229.98,10832.25,14259.18,23397.66,14771.25,7365.93,1811.94
,,,,,,,2160,4135.95,3939,3229.98,10832.25,14259.18,23397.66,14771.25,7365.93,1811.94
,,,,,,,2161,4135.95,3939,3229.98,10832.25,14259.18,23397.66,14771.25,7365.93,1811.94
,,,,,,,2162,4135.95,3939,3229.98,10832.25,14259.18,23397.66,14771.25,7365.93,1811.94
,,,,,,,2163,4135.95,3939,3229.98,10832.25,14259.18,23397.66,14771.25,7365.93,1811.94
,,,,,,,2164,4135.95,3939,3229.98,10832.25,14259.18,23397.66,14771.25,7365.93,1811.94
,,,,,,,2165,4135.95,3939,3229.98,10832.25,14259.18,23397.66,14771.25,7365.93,1811.94
,,,,,,,2166,4135.95,3939,3229.98,10832.25,14259.18,23397.66,14771.25,7365.93,1811.94
,,,,,,,2167,4135.95,3939,3229.98,10832.25,14259.18,23397.66,14771.25,7365.93,1811.94
,,,,,,,2168,4135.95,3939,3229.98,10832.25,14259.18,23397.66,14771.25,7365.93,1811.94
,,,,,,,2169,4135.95,3939,3229.98,10832.25,14259.18,23397.66,14771.25,7365.93,1811.94
,,,,,,,2170,4135.95,3939,3229.98,10832.25,14259.18,23397.66,14771.25,7365.93,1811.94
,,,,,,,2171,4135.95,3939,3229.98,10832.25,14259.18,23397.66,14771.25,7365.93,1811.94
,,,,,,,2172,4135.95,3939,3229.98,10832.25,14259.18,23397.66,14771.25,7365.93,1811.94
,,,,,,,2173,4135.95,3939,3229.98,10832.25,14259.18,23397.66,14771.25,7365.93,1811.94
,,,,,,,2174,4135.95,3939,3229.98,10832.25,14259.18,23397.66,14771.25,7365.93,1811.94
,,,,,,,2175,4135.95,3939,3229.98,10832.25,14259.18,23397.66,14771.25,7365.93,1811.94
,,,,,,,2176,4135.95,3939,3229.98,10832.25,14259.18,23397.66,14771.25,7365.93,1811.94
,,,,,,,2177,4135.95,3939,3229.98,10832.25,14259.18,23397.66,14771.25,7365.93,1811.94
,,,,,,,2178,4135.95,3939,3229.98,10832.25,14259.18,23397.66,14771.25,7365.93,1811.94
,,,,,,,2179,4135.95,3939,3229.98,10832.25,14259.18,23397.66,14771.25,7365.93,1811.94
,,,,,,,2180,4135.95,3939,3229.98,10832.25,14259.18,23397.66,14771.25,7365.93,1811.94
,,,,,,,2181,4135.95,3939,3229.98,10832.25,14259.18,23397.66,14771.25,7365.93,1811.94
,,,,,,,2182,4135.95,3939,3229.98,10832.25,14259.18,23397.66,14771.25,7365.93,1811.94
,,,,,,,2183,4135.95,3939,3229.98,10832.25,14259.18,23397.66,14771.25,7365.93,1811.94
,,,,,,,2184,4135.95,3939,3229.98,10832.25,14259.18,23397.66,14771.25,7365.93,1811.94
,,,,,,,2185,4135.95,3939,3229.98,10832.25,14259.18,23397.66,14771.25,7365.93,1811.94
,,,,,,,2186,4135.95,3939,3229.98,10832.25,14259.18,23397.66,14771.25,7365.93,1811.94
,,,,,,,2187,4135.95,3939,3229.98,10832.25,14259.18,23397.66,14771.25,7365.93,1811.94
,,,,,,,2188,4135.95,3939,3229.98,10832.25,14259.18,23397.66,14771.25,7365.93,1811.94
,,,,,,,2189,4135.95,3939,3229.98,10832.25,14259.18,23397.66,14771.25,7365.93,1811.94
,,,,,,,2190,4135.95,3939,3229.98,10832.25,14259.18,23397.66,14771.25,7365.93,1811.94
,,,,,,,2191,4135.95,3939,3229.98,10832.25,14259.18,23397.66,14771.25,7365.93,1811.94
,,,,,,,2192,4135.95,3939,3229.98,10832.25,14259.18,23397.66,14771.25,7365.93,1811.94
,,,,,,,2193,4135.95,3939,3229.98,10832.25,14259.18,23397.66,14771.25,7365.93,1811.94
,,,,,,,2194,4135.95,3939,3229.98,10832.25,14259.18,23397.66,14771.25,7365.93,1811.94
,,,,,,,2195,4135.95,3939,3229.98,10832.25,14259.18,23397.66,14771.25,7365.93,1811.94
,,,,,,,2196,4135.95,3939,3229.98,10832.25,14259.18,23397.66,14771.25,7365.93,1811.94
,,,,,,,2197,4135.95,3939,3229.98,10832.25,14259.18,23397.66,14771.25,7365.93,1811.94
,,,,,,,2198,4135.95,3939,3229.98,10832.25,14259.18,23397.66,14771.25,7365.93,1811.94
,,,,,,,2199,4135.95,3939,3229.98,10832.25,14259.18,23397.66,14771.25,7365.93,1811.94
,,,,,,,2200,4135.95,3939,3229.98,10832.25,14259.18,23397.66,14771.25,7365.93,1811.94
,,,,,,,2201,4135.95,3939,3229.98,10832.25,14259.18,23397.66,14771.25,7365.93,1811.94
,,,,,,,2202,4135.95,3939,3229.98,10832.25,14259.18,23397.66,14771.25,7365.93,1811.94
,,,,,,,2203,4135.95,3939,3229.98,10832.25,14259.18,23397.66,14771.25,7365.93,1811.94
,,,,,,,2204,4135.95,3939,3229.98,10832.25,14259.18,23397.66,14771.25,7365.93,1811.94
,,,,,,,2205,4135.95,3939,3229.98,10832.25,14259.18,23397.66,14771.25,7365.93,1811.94
,,,,,,,2206,4135.95,3939,3229.98,10832.25,14259.18,23397.66,14771.25,7365.93,1811.94
,,,,,,,2207,4135.95,3939,3229.98,10832.25,14259.18,23397.66,14771.25,7365.93,1811.94
,,,,,,,2208,4135.95,3939,3229.98,10832.25,14259.18,23397.66,14771.25,7365.93,1811.94
,,,,,,,2209,4135.95,3939,3229.98,10832.25,14259.18,23397.66,14771.25,7365.93,1811.94
,,,,,,,2210,4135.95,3939,3229.98,10832.25,14259.18,23397.66,14771.25,7365.93,1811.94
,,,,,,,2211,4135.95,3939,3229.98,10832.25,14259.18,23397.66,14771.25,7365.93,1811.94
,,,,,,,2212,4135.95,3939,3229.98,10832.25,14259.18,23397.66,14771.25,7365.93,1811.94
,,,,,,,2213,4135.95,3939,3229.98,10832.25,14259.18,23397.66,14771.25,7365.93,1811.94
,,,,,,,2214,4135.95,3939,3229.98,10832.25,14259.18,23397.66,14771.25,7365.93,1811.94
,,,,,,,2215,4135.95,3939,3229.98,10832.25,14259.18,23397.66,14771.25,7365.93,1811.94
,,,,,,,2216,4135.95,3939,3229.98,10832.25,14259.18,23397.66,14771.25,7365.93,1811.94
,,,,,,,2217,4135.95,3939,3229.98,10832.25,14259.18,23397.66,14771.25,7365.93,1811.94
,,,,,,,2218,4135.95,3939,3229.98,10832.25,14259.18,23397.66,14771.25,7365.93,1811.94
,,,,,,,2219,4135.95,3939,3229.98,10832.25,14259.18,23397.66,14771.25,7365.93,1811.94
,,,,,,,2220,4135.95,3939,3229.98,10832.25,14259.18,23397.66,14771.25,7365.93,1811.94
,,,,,,,2221,4135.95,3939,3229.98,10832.25,14259.18,23397.66,14771.25,7365.93,1811.94
,,,,,,,2222,4135.95,3939,3229.98,10832.25,14259.18,23397.66,14771.25,7365.93,1811.94
,,,,,,,2223,4135.95,3939,3229.98,10832.25,14259.18,23397.66,14771.25,7365.93,1811.94
,,,,,,,2224,4135.95,3939,3229.98,10832.25,14259.18,23397.66,14771.25,7365.93,1811.94
,,,,,,,2225,4135.95,3939,3229.98,10832.25,14259.18,23397.66,14771.25,7365.93,1811.94
,,,,,,,2226,4135.95,3939,3229.98,10832.25,14259.18,23397.66,14771.25,7365.93,1811.94
,,,,,,,2227,4135.95,3939,3229.98,10832.25,14259.18,23397.66,14771.25,7365.93,1811.94
,,,,,,,2228,4135.95,3939,3229.98,10832.25,14259.18,23397.66,14771.25,7365.93,1811.94
,,,,,,,2229,4135.95,3939,3229.98,10832.25,14259.18,23397.66,14771.25,7365.93,1811.94
,,,,,,,2230,4135.95,3939,3229.98,10832.25,14259.18,23397.66,14771.25,7365.93,1811.94
,,,,,,,2231,4135.95,3939,3229.98,10832.25,14259.18,23397.66,14771.25,7365.93,1811.94
,,,,,,,2232,4135.95,3939,3229.98,10832.25,14259.18,23397.66,14771.25,7365.93,1811.94
,,,,,,,2233,4135.95,3939,3229.98,10832.25,14259.18,23397.66,14771.25,7365.93,1811.94
,,,,,,,2234,4135.95,3939,3229.98,10832.25,14259.18,23397.66,14771.25,7365.93,1811.94
,,,,,,,2235,4135.95,3939,3229.98,10832.25,14259.18,23397.66,14771.25,7365.93,1811.94
,,,,,,,2236,4135.95,3939,3229.98,10832.25,14259.18,23397.66,14771.25,7365.93,1811.94
,,,,,,,2237,4135.95,3939,3229.98,10832.25,14259.18,23397.66,14771.25,7365.93,1811.94
,,,,,,,2238,4135.95,3939,3229.98,10832.25,14259.18,23397.66,14771.25,7365.93,1811.94
,,,,,,,2239,4135.95,3939,3229.98,10832.25,14259.18,23397.66,14771.25,7365.93,1811.94
,,,,,,,2240,4135.95,3939,3229.98,10832.25,14259.18,23397.66,14771.25,7365.93,1811.94
,,,,,,,2241,4135.95,3939,3229.98,10832.25,14259.18,23397.66,14771.25,7365.93,1811.94
,,,,,,,2242,4135.95,3939,3229.98,10832.25,14259.18,23397.66,14771.25,7365.93,1811.94
,,,,,,,2243,4135.95,3939,3229.98,10832.25,14259.18,23397.66,14771.25,7365.93,1811.94
,,,,,,,2244,4135.95,3939,3229.98,10832.25,14259.18,23397.66,14771.25,7365.93,1811.94
,,,,,,,2245,4135.95,3939,3229.98,10832.25,14259.18,23397.66,14771.25,7365.93,1811.94
,,,,,,,2246,4135.95,3939,3229.98,10832.25,14259.18,23397.66,14771.25,7365.93,1811.94
,,,,,,,2247,4135.95,3939,3229.98,10832.25,14259.18,23397.66,14771.25,7365.93,1811.94
,,,,,,,2248,4135.95,3939,3229.98,10832.25,14259.18,23397.66,14771.25,7365.93,1811.94
,,,,,,,2249,4135.95,3939,3229.98,10832.25,14259.18,23397.66,14771.25,7365.93,1811.94
,,,,,,,2250,4135.95,3939,3229.98,10832.25,14259.18,23397.66,14771.25,7365.93,1811.94
,,,,,,,2251,4135.95,3939,3229.98,10832.25,14259.18,23397.66,14771.25,7365.93,1811.94
,,,,,,,2252,4135.95,3939,3229.98,10832.25,14259.18,23397.66,14771.25,7365.93,1811.94
,,,,,,,2253,4135.95,3939,3229.98,10832.25,14259.18,23397.66,14771.25,7365.93,1811.94
,,,,,,,2254,4135.95,3939,3229.98,10832.25,14259.18,23397.66,14771.25,7365.93,1811.94
,,,,,,,2255,4135.95,3939,3229.98,10832.25,14259.18,23397.66,14771.25,7365.93,1811.94
,,,,,,,2256,4135.95,3939,3229.98,10832.25,14259.18,23397.66,14771.25,7365.93,1811.94
,,,,,,,2257,4135.95,3939,3229.98,10832.25,14259.18,23397.66,14771.25,7365.93,1811.94
,,,,,,,2258,4135.95,3939,3229.98,10832.25,14259.18,23397.66,14771.25,7365.93,1811.94
,,,,,,,2259,4135.95,3939,3229.98,10832.25,14259.18,23397.66,14771.25,7365.93,1811.94
,,,,,,,2260,4135.95,3939,3229.98,10832.25,14259.18,23397.66,14771.25,7365.93,1811.94
,,,,,,,2261,4135.95,3939,3229.98,10832.25,14259.18,23397.66,14771.25,7365.93,1811.94
,,,,,,,2262,4135.95,3939,3229.98,10832.25,14259.18,23397.66,14771.25,7365.93,1811.94
,,,,,,,2263,4135.95,3939,3229.98,10832.25,14259.18,23397.66,14771.25,7365.93,1811.94
,,,,,,,2264,4135.95,3939,3229.98,10832.25,14259.18,23397.66,14771.25,7365.93,1811.94
,,,,,,,2265,4135.95,3939,3229.98,10832.25,14259.18,23397.66,14771.25,7365.93,1811.94
,,,,,,,2266,4135.95,3939,3229.98,10832.25,14259.18,23397.66,14771.25,7365.93,1811.94
,,,,,,,2267,4135.95,3939,3229.98,10832.25,14259.18,23397.66,14771.25,7365.93,1811.94
,,,,,,,2268,4135.95,3939,3229.98,10832.25,14259.18,23397.66,14771.25,7365.93,1811.94
,,,,,,,2269,4135.95,3939,3229.98,10832.25,14259.18,23397.66,14771.25,7365.93,1811.94
,,,,,,,2270,4135.95,3939,3229.98,10832.25,14259.18,23397.66,14771.25,7365.93,1811.94
,,,,,,,2271,4135.95,3939,3229.98,10832.25,14259.18,23397.66,14771.25,7365.93,1811.94
,,,,,,,2272,4135.95,3939,3229.98,10832.25,14259.18,23397.66,14771.25,7365.93,1811.94
,,,,,,,2273,4135.95,3939,3229.98,10832.25,14259.18,23397.66,14771.25,7365.93,1811.94
,,,,,,,2274,4135.95,3939,3229.98,10832.25,14259.18,23397.66,14771.25,7365.93,1811.94
,,,,,,,2275,4135.95,3939,3229.98,10832.25,14259.18,23397.66,14771.25,7365.93,1811.94
,,,,,,,2276,4135.95,3939,3229.98,10832.25,14259.18,23397.66,14771.25,7365.93,1811.94
,,,,,,,2277,4135.95,3939,3229.98,10832.25,14259.18,23397.66,14771.25,7365.93,1811.94
,,,,,,,2278,4135.95,3939,3229.98,10832.25,14259.18,23397.66,14771.25,7365.93,1811.94
,,,,,,,2279,4135.95,3939,3229.98,10832.25,14259.18,23397.66,14771.25,7365.93,1811.94
,,,,,,,2280,4135.95,3939,3229.98,10832.25,14259.18,23397.66,14771.25,7365.93,1811.94
,,,,,,,2281,4135.95,3939,3229.98,10832.25,14259.18,23397.66,14771.25,7365.93,1811.94
,,,,,,,2282,4135.95,3939,3229.98,10832.25,14259.18,23397.66,14771.25,7365.93,1811.94
,,,,,,,2283,4135.95,3939,3229.98,10832.25,14259.18,23397.66,14771.25,7365.93,1811.94
,,,,,,,2284,4135.95,3939,3229.98,10832.25,14259.18,23397.66,14771.25,7365.93,1811.94
,,,,,,,2285,4135.95,3939,3229.98,10832.25,14259.18,23397.66,14771.25,7365.93,1811.94
,,,,,,,2286,4135.95,3939,3229.98,10832.25,14259.18,23397.66,14771.25,7365.93,1811.94
,,,,,,,2287,4135.95,3939,3229.98,10832.25,14259.18,23397.66,14771.25,7365.93,1811.94
,,,,,,,2288,4135.95,3939,3229.98,10832.25,14259.18,23397.66,14771.25,7365.93,1811.94
,,,,,,,2289,4135.95,3939,3229.98,10832.25,14259.18,23397.66,14771.25,7365.93,1811.94
,,,,,,,2290,4135.95,3939,3229.98,10832.25,14259.18,23397.66,14771.25,7365.93,1811.94
,,,,,,,2291,4135.95,3939,3229.98,10832.25,14259.18,23397.66,14771.25,7365.93,1811.94
,,,,,,,2292,4135.95,3939,3229.98,10832.25,14259.18,23397.66,14771.25,7365.93,1811.94
,,,,,,,2293,4135.95,3939,3229.98,10832.25,14259.18,23397.66,14771.25,7365.93,1811.94
,,,,,,,2294,4135.95,3939,3229.98,10832.25,14259.18,23397.66,14771.25,7365.93,1811.94
,,,,,,,2295,4135.95,3939,3229.98,10832.25,14259.18,23397.66,14771.25,7365.93,1811.94
,,,,,,,2296,4135.95,3939,3229.98,10832.25,14259.18,23397.66,14771.25,7365.93,1811.94
,,,,,,,2297,4135.95,3939,3229.98,10832.25,14259.18,23397.66,14771.25,7365.93,1811.94
,,,,,,,2298,4135.95,3939,3229.98,10832.25,14259.18,23397.66,14771.25,7365.93,1811.94
,,,,,,,2299,4135.95,3939,3229.98,10832.25,14259.18,23397.66,14771.25,7365.93,1811.94
,,,,,,,2300,4135.95,3939,3229.98,10832.25,14259.18,23397.66,14771.25,7365.93,1811.94
,,,,,,,2301,4135.95,3939,3229.98,10832.25,14259.18,23397.66,14771.25,7365.93,1811.94
,,,,,,,2302,4135.95,3939,3229.98,10832.25,14259.18,23397.66,14771.25,7365.93,1811.94
,,,,,,,2303,4135.95,3939,3229.98,10832.25,14259.18,23397.66,14771.25,7365.93,1811.94
,,,,,,,2304,4135.95,3939,3229.98,10832.25,14259.18,23397.66,14771.25,7365.93,1811.94
,,,,,,,2305,4135.95,3939,3229.98,10832.25,14259.18,23397.66,14771.25,7365.93,1811.94
,,,,,,,2306,4135.95,3939,3229.98,10832.25,14259.18,23397.66,14771.25,7365.93,1811.94
,,,,,,,2307,4135.95,3939,3229.98,10832.25,14259.18,23397.66,14771.25,7365.93,1811.94
,,,,,,,2308,4135.95,3939,3229.98,10832.25,14259.18,23397.66,14771.25,7365.93,1811.94
,,,,,,,2309,4135.95,3939,3229.98,10832.25,14259.18,23397.66,14771.25,7365.93,1811.94
,,,,,,,2310,4135.95,3939,3229.98,10832.25,14259.18,23397.66,14771.25,7365.93,1811.94
,,,,,,,2311,4135.95,3939,3229.98,10832.25,14259.18,23397.66,14771.25,7365.93,1811.94
,,,,,,,2312,4135.95,3939,3229.98,10832.25,14259.18,23397.66,14771.25,7365.93,1811.94
,,,,,,,2313,4135.95,3939,3229.98,10832.25,14259.18,23397.66,14771.25,7365.93,1811.94
,,,,,,,2314,4135.95,3939,3229.98,10832.25,14259.18,23397.66,14771.25,7365.93,1811.94
,,,,,,,2315,4135.95,3939,3229.98,10832.25,14259.18,23397.66,14771.25,7365.93,1811.94
,,,,,,,2316,4135.95,3939,3229.98,10832.25,14259.18,23397.66,14771.25,7365.93,1811.94
,,,,,,,2317,4135.95,3939,3229.98,10832.25,14259.18,23397.66,14771.25,7365.93,1811.94
,,,,,,,2318,4135.95,3939,3229.98,10832.25,14259.18,23397.66,14771.25,7365.93,1811.94
,,,,,,,2319,4135.95,3939,3229.98,10832.25,14259.18,23397.66,14771.25,7365.93,1811.94
,,,,,,,2320,4135.95,3939,3229.98,10832.25,14259.18,23397.66,14771.25,7365.93,1811.94
,,,,,,,2321,4135.95,3939,3229.98,10832.25,14259.18,23397.66,14771.25,7365.93,1811.94
,,,,,,,2322,4135.95,3939,3229.98,10832.25,14259.18,23397.66,14771.25,7365.93,1811.94
,,,,,,,2323,4135.95,3939,3229.98,10832.25,14259.18,23397.66,14771.25,7365.93,1811.94
,,,,,,,2324,4135.95,3939,3229.98,10832.25,14259.18,23397.66,14771.25,7365.93,1811.94
,,,,,,,2325,4135.95,3939,3229.98,10832.25,14259.18,23397.66,14771.25,7365.93,1811.94
,,,,,,,2326,4135.95,3939,3229.98,10832.25,14259.18,23397.66,14771.25,7365.93,1811.94
,,,,,,,2327,4135.95,3939,3229.98,10832.25,14259.18,23397.66,14771.25,7365.93,1811.94
,,,,,,,2328,4135.95,3939,3229.98,10832.25,14259.18,23397.66,14771.25,7365.93,1811.94
,,,,,,,2329,4135.95,3939,3229.98,10832.25,14259.18,23397.66,14771.25,7365.93,1811.94
,,,,,,,2330,4135.95,3939,3229.98,10832.25,14259.18,23397.66,14771.25,7365.93,1811.94
,,,,,,,2331,4135.95,3939,3229.98,10832.25,14259.18,23397.66,14771.25,7365.93,1811.94
,,,,,,,2332,4135.95,3939,3229.98,10832.25,14259.18,23397.66,14771.25,7365.93,1811.94
,,,,,,,2333,4135.95,3939,3229.98,10832.25,14259.18,23397.66,14771.25,7365.93,1811.94
,,,,,,,2334,4135.95,3939,3229.98,10832.25,14259.18,23397.66,14771.25,7365.93,1811.94
,,,,,,,2335,4135.95,3939,3229.98,10832.25,14259.18,23397.66,14771.25,7365.93,1811.94
,,,,,,,2336,4135.95,3939,3229.98,10832.25,14259.18,23397.66,14771.25,7365.93,1811.94
,,,,,,,2337,4135.95,3939,3229.98,10832.25,14259.18,23397.66,14771.25,7365.93,1811.94
,,,,,,,2338,4135.95,3939,3229.98,10832.25,14259.18,23397.66,14771.25,7365.93,1811.94
,,,,,,,2339,4135.95,3939,3229.98,10832.25,14259.18,23397.66,14771.25,7365.93,1811.94
,,,,,,,2340,4135.95,3939,3229.98,10832.25,14259.18,23397.66,14771.25,7365.93,1811.94
,,,,,,,2341,4135.95,3939,3229.98,10832.25,14259.18,23397.66,14771.25,7365.93,1811.94
,,,,,,,2342,4135.95,3939,3229.98,10832.25,14259.18,23397.66,14771.25,7365.93,1811.94
,,,,,,,2343,4135.95,3939,3229.98,10832.25,14259.18,23397.66,14771.25,7365.93,1811.94
,,,,,,,2344,4135.95,3939,3229.98,10832.25,14259.18,23397.66,14771.25,7365.93,1811.94
,,,,,,,2345,4135.95,3939,3229.98,10832.25,14259.18,23397.66,14771.25,7365.93,1811.94
,,,,,,,2346,4135.95,3939,3229.98,10832.25,14259.18,23397.66,14771.25,7365.93,1811.94
,,,,,,,2347,4135.95,3939,3229.98,10832.25,14259.18,23397.66,14771.25,7365.93,1811.94
,,,,,,,2348,4135.95,3939,3229.98,10832.25,14259.18,23397.66,14771.25,7365.93,1811.94
,,,,,,,2349,4135.95,3939,3229.98,10832.25,14259.18,23397.66,14771.25,7365.93,1811.94
,,,,,,,2350,4135.95,3939,3229.98,10832.25,14259.18,23397.66,14771.25,7365.93,1811.94
,,,,,,,2351,4135.95,3939,3229.98,10832.25,14259.18,23397.66,14771.25,7365.93,1811.94
,,,,,,,2352,4135.95,3939,3229.98,10832.25,14259.18,23397.66,14771.25,7365.93,1811.94
,,,,,,,2353,4135.95,3939,3229.98,10832.25,14259.18,23397.66,14771.25,7365.93,1811.94
,,,,,,,2354,4135.95,3939,3229.98,10832.25,14259.18,23397.66,14771.25,7365.93,1811.94
,,,,,,,2355,4135.95,3939,3229.98,10832.25,14259.18,23397.66,14771.25,7365.93,1811.94
,,,,,,,2356,4135.95,3939,3229.98,10832.25,14259.18,23397.66,14771.25,7365.93,1811.94
,,,,,,,2357,4135.95,3939,3229.98,10832.25,14259.18,23397.66,14771.25,7365.93,1811.94
,,,,,,,2358,4135.95,3939,3229.98,10832.25,14259.18,23397.66,14771.25,7365.93,1811.94
,,,,,,,2359,4135.95,3939,3229.98,10832.25,14259.18,23397.66,14771.25,7365.93,1811.94
,,,,,,,2360,4135.95,3939,3229.98,10832.25,14259.18,23397.66,14771.25,7365.93,1811.94
,,,,,,,2361,4135.95,3939,3229.98,10832.25,14259.18,23397.66,14771.25,7365.93,1811.94
,,,,,,,2362,4135.95,3939,3229.98,10832.25,14259.18,23397.66,14771.25,7365.93,1811.94
,,,,,,,2363,4135.95,3939,3229.98,10832.25,14259.18,23397.66,14771.25,7365.93,1811.94
,,,,,,,2364,4135.95,3939,3229.98,10832.25,14259.18,23397.66,14771.25,7365.93,1811.94
,,,,,,,2365,4135.95,3939,3229.98,10832.25,14259.18,23397.66,14771.25,7365.93,1811.94
,,,,,,,2366,4135.95,3939,3229.98,10832.25,14259.18,23397.66,14771.25,7365.93,1811.94
,,,,,,,2367,4135.95,3939,3229.98,10832.25,14259.18,23397.66,14771.25,7365.93,1811.94
,,,,,,,2368,4135.95,3939,3229.98,10832.25,14259.18,23397.66,14771.25,7365.93,1811.94
,,,,,,,2369,4135.95,3939,3229.98,10832.25,14259.18,23397.66,14771.25,7365.93,1811.94
,,,,,,,2370,4135.95,3939,3229.98,10832.25,14259.18,23397.66,14771.25,7365.93,1811.94
,,,,,,,2371,4135.95,3939,3229.98,10832.25,14259.18,23397.66,14771.25,7365.93,1811.94
,,,,,,,2372,4135.95,3939,3229.98,10832.25,14259.18,23397.66,14771.25,7365.93,1811.94
,,,,,,,2373,4135.95,3939,3229.98,10832.25,14259.18,23397.66,14771.25,7365.93,1811.94
,,,,,,,2374,4135.95,3939,3229.98,10832.25,14259.18,23397.66,14771.25,7365.93,1811.94
,,,,,,,2375,4135.95,3939,3229.98,10832.25,14259.18,23397.66,14771.25,7365.93,1811.94
,,,,,,,2376,4135.95,3939,3229.98,10832.25,14259.18,23397.66,14771.25,7365.93,1811.94
,,,,,,,2377,4135.95,3939,3229.98,10832.25,14259.18,23397.66,14771.25,7365.93,1811.94
,,,,,,,2378,4135.95,3939,3229.98,10832.25,14259.18,23397.66,14771.25,7365.93,1811.94
,,,,,,,2379,4135.95,3939,3229.98,10832.25,14259.18,23397.66,14771.25,7365.93,1811.94
,,,,,,,2380,4135.95,3939,3229.98,10832.25,14259.18,23397.66,14771.25,7365.93,1811.94
,,,,,,,2381,4135.95,3939,3229.98,10832.25,14259.18,23397.66,14771.25,7365.93,1811.94
,,,,,,,2382,4135.95,3939,3229.98,10832.25,14259.18,23397.66,14771.25,7365.93,1811.94
,,,,,,,2383,4135.95,3939,3229.98,10832.25,14259.18,23397.66,14771.25,7365.93,1811.94
,,,,,,,2384,4135.95,3939,3229.98,10832.25,14259.18,23397.66,14771.25,7365.93,1811.94
,,,,,,,2385,4135.95,3939,3229.98,10832.25,14259.18,23397.66,14771.25,7365.93,1811.94
,,,,,,,2386,4135.95,3939,3229.98,10832.25,14259.18,23397.66,14771.25,7365.93,1811.94
,,,,,,,2387,4135.95,3939,3229.98,10832.25,14259.18,23397.66,14771.25,7365.93,1811.94
,,,,,,,2388,4135.95,3939,3229.98,10832.25,14259.18,23397.66,14771.25,7365.93,1811.94
,,,,,,,2389,4135.95,3939,3229.98,10832.25,14259.18,23397.66,14771.25,7365.93,1811.94
,,,,,,,2390,4135.95,3939,3229.98,10832.25,14259.18,23397.66,14771.25,7365.93,1811.94
,,,,,,,2391,4135.95,3939,3229.98,10832.25,14259.18,23397.66,14771.25,7365.93,1811.94
,,,,,,,2392,4135.95,3939,3229.98,10832.25,14259.18,23397.66,14771.25,7365.93,1811.94
,,,,,,,2393,4135.95,3939,3229.98,10832.25,14259.18,23397.66,14771.25,7365.93,1811.94
,,,,,,,2394,4135.95,3939,3229.98,10832.25,14259.18,23397.66,14771.25,7365.93,1811.94
,,,,,,,2395,4135.95,3939,3229.98,10832.25,14259.18,23397.66,14771.25,7365.93,1811.94
,,,,,,,2396,4135.95,3939,3229.98,10832.25,14259.18,23397.66,14771.25,7365.93,1811.94
,,,,,,,2397,4135.95,3939,3229.98,10832.25,14259.18,23397.66,14771.25,7365.93,1811.94
,,,,,,,2398,4135.95,3939,3229.98,10832.25,14259.18,23397.66,14771.25,7365.93,1811.94
,,,,,,,2399,4135.95,3939,3229.98,10832.25,14259.18,23397.66,14771.25,7365.93,1811.94
,,,,,,,2400,4135.95,3939,3229.98,10832.25,14259.18,23397.66,14771.25,7365.93,1811.94
,,,,,,,2401,4135.95,3939,3229.98,10832.25,14259.18,23397.66,14771.25,7365.93,1811.94
,,,,,,,2402,4135.95,3939,3229.98,10832.25,14259.18,23397.66,14771.25,7365.93,1811.94
,,,,,,,2403,4135.95,3939,3229.98,10832.25,14259.18,23397.66,14771.25,7365.93,1811.94
,,,,,,,2404,4135.95,3939,3229.98,10832.25,14259.18,23397.66,14771.25,7365.93,1811.94
,,,,,,,2405,4135.95,3939,3229.98,10832.25,14259.18,23397.66,14771.25,7365.93,1811.94
,,,,,,,2406,4135.95,3939,3229.98,10832.25,14259.18,23397.66,14771.25,7365.93,1811.94
,,,,,,,2407,4135.95,3939,3229.98,10832.25,14259.18,23397.66,14771.25,7365.93,1811.94
,,,,,,,2408,4135.95,3939,3229.98,10832.25,14259.18,23397.66,14771.25,7365.93,1811.94
,,,,,,,2409,4135.95,3939,3229.98,10832.25,14259.18,23397.66,14771.25,7365.93,1811.94
,,,,,,,2410,4135.95,3939,3229.98,10832.25,14259.18,23397.66,14771.25,7365.93,1811.94
,,,,,,,2411,4135.95,3939,3229.98,10832.25,14259.18,23397.66,14771.25,7365.93,1811.94
,,,,,,,2412,4135.95,3939,3229.98,10832.25,14259.18,23397.66,14771.25,7365.93,1811.94
,,,,,,,2413,4135.95,3939,3229.98,10832.25,14259.18,23397.66,14771.25,7365.93,1811.94
,,,,,,,2414,4135.95,3939,3229.98,10832.25,14259.18,23397.66,14771.25,7365.93,1811.94
,,,,,,,2415,4135.95,3939,3229.98,10832.25,14259.18,23397.66,14771.25,7365.93,1811.94
,,,,,,,2416,4135.95,3939,3229.98,10832.25,14259.18,23397.66,14771.25,7365.93,1811.94
,,,,,,,2417,4135.95,3939,3229.98,10832.25,14259.18,23397.66,14771.25,7365.93,1811.94
,,,,,,,2418,4135.95,3939,3229.98,10832.25,14259.18,23397.66,14771.25,7365.93,1811.94
,,,,,,,2419,4135.95,3939,3229.98,10832.25,14259.18,23397.66,14771.25,7365.93,1811.94
,,,,,,,2420,4135.95,3939,3229.98,10832.25,14259.18,23397.66,14771.25,7365.93,1811.94
,,,,,,,2421,4135.95,3939,3229.98,10832.25,14259.18,23397.66,14771.25,7365.93,1811.94
,,,,,,,2422,4135.95,3939,3229.98,10832.25,14259.18,23397.66,14771.25,7365.93,1811.94
,,,,,,,2423,4135.95,3939,3229.98,10832.25,14259.18,23397.66,14771.25,7365.93,1811.94
,,,,,,,2424,4135.95,3939,3229.98,10832.25,14259.18,23397.66,14771.25,7365.93,1811.94
,,,,,,,2425,4135.95,3939,3229.98,10832.25,14259.18,23397.66,14771.25,7365.93,1811.94
,,,,,,,2426,4135.95,3939,3229.98,10832.25,14259.18,23397.66,14771.25,7365.93,1811.94
,,,,,,,2427,4135.95,3939,3229.98,10832.25,14259.18,23397.66,14771.25,7365.93,1811.94
,,,,,,,2428,4135.95,3939,3229.98,10832.25,14259.18,23397.66,14771.25,7365.93,1811.94
,,,,,,,2429,4135.95,3939,3229.98,10832.25,14259.18,23397.66,14771.25,7365.93,1811.94
,,,,,,,2430,4135.95,3939,3229.98,10832.25,14259.18,23397.66,14771.25,7365.93,1811.94
,,,,,,,2431,4135.95,3939,3229.98,10832.25,14259.18,23397.66,14771.25,7365.93,1811.94
,,,,,,,2432,4135.95,3939,3229.98,10832.25,14259.18,23397.66,14771.25,7365.93,1811.94
,,,,,,,2433,4135.95,3939,3229.98,10832.25,14259.18,23397.66,14771.25,7365.93,1811.94
,,,,,,,2434,4135.95,3939,3229.98,10832.25,14259.18,23397.66,14771.25,7365.93,1811.94
,,,,,,,2435,4135.95,3939,3229.98,10832.25,14259.18,23397.66,14771.25,7365.93,1811.94
,,,,,,,2436,4135.95,3939,3229.98,10832.25,14259.18,23397.66,14771.25,7365.93,1811.94
,,,,,,,2437,4135.95,3939,3229.98,10832.25,14259.18,23397.66,14771.25,7365.93,1811.94
,,,,,,,2438,4135.95,3939,3229.98,10832.25,14259.18,23397.66,14771.25,7365.93,1811.94
,,,,,,,2439,4135.95,3939,3229.98,10832.25,14259.18,23397.66,14771.25,7365.93,1811.94
,,,,,,,2440,4135.95,3939,3229.98,10832.25,14259.18,23397.66,14771.25,7365.93,1811.94
,,,,,,,2441,4135.95,3939,3229.98,10832.25,14259.18,23397.66,14771.25,7365.93,1811.94
,,,,,,,2442,4135.95,3939,3229.98,10832.25,14259.18,23397.66,14771.25,7365.93,1811.94
,,,,,,,2443,4135.95,3939,3229.98,10832.25,14259.18,23397.66,14771.25,7365.93,1811.94
,,,,,,,2444,4135.95,3939,3229.98,10832.25,14259.18,23397.66,14771.25,7365.93,1811.94
,,,,,,,2445,4135.95,3939,3229.98,10832.25,14259.18,23397.66,14771.25,7365.93,1811.94
,,,,,,,2446,4135.95,3939,3229.98,10832.25,14259.18,23397.66,14771.25,7365.93,1811.94
,,,,,,,2447,4135.95,3939,3229.98,10832.25,14259.18,23397.66,14771.25,7365.93,1811.94
,,,,,,,2448,4135.95,3939,3229.98,10832.25,14259.18,23397.66,14771.25,7365.93,1811.94
,,,,,,,2449,4135.95,3939,3229.98,10832.25,14259.18,23397.66,14771.25,7365.93,1811.94
,,,,,,,2450,4135.95,3939,3229.98,10832.25,14259.18,23397.66,14771.25,7365.93,1811.94
,,,,,,,2451,4135.95,3939,3229.98,10832.25,14259.18,23397.66,14771.25,7365.93,1811.94
,,,,,,,2452,4135.95,3939,3229.98,10832.25,14259.18,23397.66,14771.25,7365.93,1811.94
,,,,,,,2453,4135.95,3939,3229.98,10832.25,14259.18,23397.66,14771.25,7365.93,1811.94
,,,,,,,2454,4135.95,3939,3229.98,10832.25,14259.18,23397.66,14771.25,7365.93,1811.94
,,,,,,,2455,4135.95,3939,3229.98,10832.25,14259.18,23397.66,14771.25,7365.93,1811.94
,,,,,,,2456,4135.95,3939,3229.98,10832.25,14259.18,23397.66,14771.25,7365.93,1811.94
,,,,,,,2457,4135.95,3939,3229.98,10832.25,14259.18,23397.66,14771.25,7365.93,1811.94
,,,,,,,2458,4135.95,3939,3229.98,10832.25,14259.18,23397.66,14771.25,7365.93,1811.94
,,,,,,,2459,4135.95,3939,3229.98,10832.25,14259.18,23397.66,14771.25,7365.93,1811.94
,,,,,,,2460,4135.95,3939,3229.98,10832.25,14259.18,23397.66,14771.25,7365.93,1811.94
,,,,,,,2461,4135.95,3939,3229.98,10832.25,14259.18,23397.66,14771.25,7365.93,1811.94
,,,,,,,2462,4135.95,3939,3229.98,10832.25,14259.18,23397.66,14771.25,7365.93,1811.94
,,,,,,,2463,4135.95,3939,3229.98,10832.25,14259.18,23397.66,14771.25,7365.93,1811.94
,,,,,,,2464,4135.95,3939,3229.98,10832.25,14259.18,23397.66,14771.25,7365.93,1811.94
,,,,,,,2465,4135.95,3939,3229.98,10832.25,14259.18,23397.66,14771.25,7365.93,1811.94
,,,,,,,2466,4135.95,3939,3229.98,10832.25,14259.18,23397.66,14771.25,7365.93,1811.94
,,,,,,,2467,4135.95,3939,3229.98,10832.25,14259.18,23397.66,14771.25,7365.93,1811.94
,,,,,,,2468,4135.95,3939,3229.98,10832.25,14259.18,23397.66,14771.25,7365.93,1811.94
,,,,,,,2469,4135.95,3939,3229.98,10832.25,14259.18,23397.66,14771.25,7365.93,1811.94
,,,,,,,2470,4135.95,3939,3229.98,10832.25,14259.18,23397.66,14771.25,7365.93,1811.94
,,,,,,,2471,4135.95,3939,3229.98,10832.25,14259.18,23397.66,14771.25,7365.93,1811.94
,,,,,,,2472,4135.95,3939,3229.98,10832.25,14259.18,23397.66,14771.25,7365.93,1811.94
,,,,,,,2473,4135.95,3939,3229.98,10832.25,14259.18,23397.66,14771.25,7365.93,1811.94
,,,,,,,2474,4135.95,3939,3229.98,10832.25,14259.18,23397.66,14771.25,7365.93,1811.94
,,,,,,,2475,4135.95,3939,3229.98,10832.25,14259.18,23397.66,14771.25,7365.93,1811.94
,,,,,,,2476,4135.95,3939,3229.98,10832.25,14259.18,23397.66,14771.25,7365.93,1811.94
,,,,,,,2477,4135.95,3939,3229.98,10832.25,14259.18,23397.66,14771.25,7365.93,1811.94
,,,,,,,2478,4135.95,3939,3229.98,10832.25,14259.18,23397.66,14771.25,7365.93,1811.94
,,,,,,,2479,4135.95,3939,3229.98,10832.25,14259.18,23397.66,14771.25,7365.93,1811.94
,,,,,,,2480,4135.95,3939,3229.98,10832.25,14259.18,23397.66,14771.25,7365.93,1811.94
,,,,,,,2481,4135.95,3939,3229.98,10832.25,14259.18,23397.66,14771.25,7365.93,1811.94
,,,,,,,2482,4135.95,3939,3229.98,10832.25,14259.18,23397.66,14771.25,7365.93,1811.94
,,,,,,,2483,4135.95,3939,3229.98,10832.25,14259.18,23397.66,14771.25,7365.93,1811.94
,,,,,,,2484,4135.95,3939,3229.98,10832.25,14259.18,23397.66,14771.25,7365.93,1811.94
,,,,,,,2485,4135.95,3939,3229.98,10832.25,14259.18,23397.66,14771.25,7365.93,1811.94
,,,,,,,2486,4135.95,3939,3229.98,10832.25,14259.18,23397.66,14771.25,7365.93,1811.94
,,,,,,,2487,4135.95,3939,3229.98,10832.25,14259.18,23397.66,14771.25,7365.93,1811.94
,,,,,,,2488,4135.95,3939,3229.98,10832.25,14259.18,23397.66,14771.25,7365.93,1811.94
,,,,,,,2489,4135.95,3939,3229.98,10832.25,14259.18,23397.66,14771.25,7365.93,1811.94
,,,,,,,2490,4135.95,3939,3229.98,10832.25,14259.18,23397.66,14771.25,7365.93,1811.94
,,,,,,,2491,4135.95,3939,3229.98,10832.25,14259.18,23397.66,14771.25,7365.93,1811.94
,,,,,,,2492,4135.95,3939,3229.98,10832.25,14259.18,23397.66,14771.25,7365.93,1811.94
,,,,,,,2493,4135.95,3939,3229.98,10832.25,14259.18,23397.66,14771.25,7365.93,1811.94
,,,,,,,2494,4135.95,3939,3229.98,10832.25,14259.18,23397.66,14771.25,7365.93,1811.94
,,,,,,,2495,4135.95,3939,3229.98,10832.25,14259.18,23397.66,14771.25,7365.93,1811.94
,,,,,,,2496,4135.95,3939,3229.98,10832.25,14259.18,23397.66,14771.25,7365.93,1811.94
,,,,,,,2497,4135.95,3939,3229.98,10832.25,14259.18,23397.66,14771.25,7365.93,1811.94
,,,,,,,2498,4135.95,3939,3229.98,10832.25,14259.18,23397.66,14771.25,7365.93,1811.94
,,,,,,,2499,4135.95,3939,3229.98,10832.25,14259.18,23397.66,14771.25,7365.93,1811.94
,,,,,,,2500,4135.95,3939,3229.98,10832.25,14259.18,23397.66,14771.25,7365.93,1811.94
,,,,,,,2501,4135.95,3939,3229.98,10832.25,14259.18,23397.66,14771.25,7365.93,1811.94
,,,,,,,2502,4135.95,3939,3229.98,10832.25,14259.18,23397.66,14771.25,7365.93,1811.94
,,,,,,,2503,4135.95,3939,3229.98,10832.25,14259.18,23397.66,14771.25,7365.93,1811.94
,,,,,,,2504,4135.95,3939,3229.98,10832.25,14259.18,23397.66,14771.25,7365.93,1811.94
,,,,,,,2505,4135.95,3939,3229.98,10832.25,14259.18,23397.66,14771.25,7365.93,1811.94
,,,,,,,2506,4135.95,3939,3229.98,10832.25,14259.18,23397.66,14771.25,7365.93,1811.94
,,,,,,,2507,4135.95,3939,3229.98,10832.25,14259.18,23397.66,14771.25,7365.93,1811.94
,,,,,,,2508,4135.95,3939,3229.98,10832.25,14259.18,23397.66,14771.25,7365.93,1811.94
,,,,,,,2509,4135.95,3939,3229.98,10832.25,14259.18,23397.66,14771.25,7365.93,1811.94
,,,,,,,2510,4135.95,3939,3229.98,10832.25,14259.18,23397.66,14771.25,7365.93,1811.94
,,,,,,,2511,4135.95,3939,3229.98,10832.25,14259.18,23397.66,14771.25,7365.93,1811.94
,,,,,,,2512,4135.95,3939,3229.98,10832.25,14259.18,23397.66,14771.25,7365.93,1811.94
,,,,,,,2513,4135.95,3939,3229.98,10832.25,14259.18,23397.66,14771.25,7365.93,1811.94
,,,,,,,2514,4135.95,3939,3229.98,10832.25,14259.18,23397.66,14771.25,7365.93,1811.94
,,,,,,,2515,4135.95,3939,3229.98,10832.25,14259.18,23397.66,14771.25,7365.93,1811.94
,,,,,,,2516,4135.95,3939,3229.98,10832.25,14259.18,23397.66,14771.25,7365.93,1811.94
,,,,,,,2517,4135.95,3939,3229.98,10832.25,14259.18,23397.66,14771.25,7365.93,1811.94
,,,,,,,2518,4135.95,3939,3229.98,10832.25,14259.18,23397.66,14771.25,7365.93,1811.94
,,,,,,,2519,4135.95,3939,3229.98,10832.25,14259.18,23397.66,14771.25,7365.93,1811.94
,,,,,,,2520,4135.95,3939,3229.98,10832.25,14259.18,23397.66,14771.25,7365.93,1811.94
,,,,,,,2521,4135.95,3939,3229.98,10832.25,14259.18,23397.66,14771.25,7365.93,1811.94
,,,,,,,2522,4135.95,3939,3229.98,10832.25,14259.18,23397.66,14771.25,7365.93,1811.94
,,,,,,,2523,4135.95,3939,3229.98,10832.25,14259.18,23397.66,14771.25,7365.93,1811.94
,,,,,,,2524,4135.95,3939,3229.98,10832.25,14259.18,23397.66,14771.25,7365.93,1811.94
,,,,,,,2525,4135.95,3939,3229.98,10832.25,14259.18,23397.66,14771.25,7365.93,1811.94
,,,,,,,2526,4135.95,3939,3229.98,10832.25,14259.18,23397.66,14771.25,7365.93,1811.94
,,,,,,,2527,4135.95,3939,3229.98,10832.25,14259.18,23397.66,14771.25,7365.93,1811.94
,,,,,,,2528,4135.95,3939,3229.98,10832.25,14259.18,23397.66,14771.25,7365.93,1811.94
,,,,,,,2529,4135.95,3939,3229.98,10832.25,14259.18,23397.66,14771.25,7365.93,1811.94
,,,,,,,2530,4135.95,3939,3229.98,10832.25,14259.18,23397.66,14771.25,7365.93,1811.94
,,,,,,,2531,4135.95,3939,3229.98,10832.25,14259.18,23397.66,14771.25,7365.93,1811.94
,,,,,,,2532,4135.95,3939,3229.98,10832.25,14259.18,23397.66,14771.25,7365.93,1811.94
,,,,,,,2533,4135.95,3939,3229.98,10832.25,14259.18,23397.66,14771.25,7365.93,1811.94
,,,,,,,2534,4135.95,3939,3229.98,10832.25,14259.18,23397.66,14771.25,7365.93,1811.94
,,,,,,,2535,4135.95,3939,3229.98,10832.25,14259.18,23397.66,14771.25,7365.93,1811.94
,,,,,,,2536,4135.95,3939,3229.98,10832.25,14259.18,23397.66,14771.25,7365.93,1811.94
,,,,,,,2537,4135.95,3939,3229.98,10832.25,14259.18,23397.66,14771.25,7365.93,1811.94
,,,,,,,2538,4135.95,3939,3229.98,10832.25,14259.18,23397.66,14771.25,7365.93,1811.94
,,,,,,,2539,4135.95,3939,3229.98,10832.25,14259.18,23397.66,14771.25,7365.93,1811.94
,,,,,,,2540,4135.95,3939,3229.98,10832.25,14259.18,23397.66,14771.25,7365.93,1811.94
,,,,,,,2541,4135.95,3939,3229.98,10832.25,14259.18,23397.66,14771.25,7365.93,1811.94
,,,,,,,2542,4135.95,3939,3229.98,10832.25,14259.18,23397.66,14771.25,7365.93,1811.94
,,,,,,,2543,4135.95,3939,3229.98,10832.25,14259.18,23397.66,14771.25,7365.93,1811.94
,,,,,,,2544,4135.95,3939,3229.98,10832.25,14259.18,23397.66,14771.25,7365.93,1811.94
,,,,,,,2545,4135.95,3939,3229.98,10832.25,14259.18,23397.66,14771.25,7365.93,1811.94
,,,,,,,2546,4135.95,3939,3229.98,10832.25,14259.18,23397.66,14771.25,7365.93,1811.94
,,,,,,,2547,4135.95,3939,3229.98,10832.25,14259.18,23397.66,14771.25,7365.93,1811.94
,,,,,,,2548,4135.95,3939,3229.98,10832.25,14259.18,23397.66,14771.25,7365.93,1811.94
,,,,,,,2549,4135.95,3939,3229.98,10832.25,14259.18,23397.66,14771.25,7365.93,1811.94
,,,,,,,2550,4135.95,3939,3229.98,10832.25,14259.18,23397.66,14771.25,7365.93,1811.94
,,,,,,,2551,4135.95,3939,3229.98,10832.25,14259.18,23397.66,14771.25,7365.93,1811.94
,,,,,,,2552,4135.95,3939,3229.98,10832.25,14259.18,23397.66,14771.25,7365.93,1811.94
,,,,,,,2553,4135.95,3939,3229.98,10832.25,14259.18,23397.66,14771.25,7365.93,1811.94
,,,,,,,2554,4135.95,3939,3229.98,10832.25,14259.18,23397.66,14771.25,7365.93,1811.94
,,,,,,,2555,4135.95,3939,3229.98,10832.25,14259.18,23397.66,14771.25,7365.93,1811.94
,,,,,,,2556,4135.95,3939,3229.98,10832.25,14259.18,23397.66,14771.25,7365.93,1811.94
,,,,,,,2557,4135.95,3939,3229.98,10832.25,14259.18,23397.66,14771.25,7365.93,1811.94
,,,,,,,2558,4135.95,3939,3229.98,10832.25,14259.18,23397.66,14771.25,7365.93,1811.94
,,,,,,,2559,4135.95,3939,3229.98,10832.25,14259.18,23397.66,14771.25,7365.93,1811.94
,,,,,,,2560,4135.95,3939,3229.98,10832.25,14259.18,23397.66,14771.25,7365.93,1811.94
,,,,,,,2561,4135.95,3939,3229.98,10832.25,14259.18,23397.66,14771.25,7365.93,1811.94
,,,,,,,2562,4135.95,3939,3229.98,10832.25,14259.18,23397.66,14771.25,7365.93,1811.94
,,,,,,,2563,4135.95,3939,3229.98,10832.25,14259.18,23397.66,14771.25,7365.93,1811.94
,,,,,,,2564,4135.95,3939,3229.98,10832.25,14259.18,23397.66,14771.25,7365.93,1811.94
,,,,,,,2565,4135.95,3939,3229.98,10832.25,14259.18,23397.66,14771.25,7365.93,1811.94
,,,,,,,2566,4135.95,3939,3229.98,10832.25,14259.18,23397.66,14771.25,7365.93,1811.94
,,,,,,,2567,4135.95,3939,3229.98,10832.25,14259.18,23397.66,14771.25,7365.93,1811.94
,,,,,,,2568,4135.95,3939,3229.98,10832.25,14259.18,23397.66,14771.25,7365.93,1811.94
,,,,,,,2569,4135.95,3939,3229.98,10832.25,14259.18,23397.66,14771.25,7365.93,1811.94
,,,,,,,2570,4135.95,3939,3229.98,10832.25,14259.18,23397.66,14771.25,7365.93,1811.94
,,,,,,,2571,4135.95,3939,3229.98,10832.25,14259.18,23397.66,14771.25,7365.93,1811.94
,,,,,,,2572,4135.95,3939,3229.98,10832.25,14259.18,23397.66,14771.25,7365.93,1811.94
,,,,,,,2573,4135.95,3939,3229.98,10832.25,14259.18,23397.66,14771.25,7365.93,1811.94
,,,,,,,2574,4135.95,3939,3229.98,10832.25,14259.18,23397.66,14771.25,7365.93,1811.94
,,,,,,,2575,4135.95,3939,3229.98,10832.25,14259.18,23397.66,14771.25,7365.93,1811.94
,,,,,,,2576,4135.95,3939,3229.98,10832.25,14259.18,23397.66,14771.25,7365.93,1811.94
,,,,,,,2577,4135.95,3939,3229.98,10832.25,14259.18,23397.66,14771.25,7365.93,1811.94
,,,,,,,2578,4135.95,3939,3229.98,10832.25,14259.18,23397.66,14771.25,7365.93,1811.94
,,,,,,,2579,4135.95,3939,3229.98,10832.25,14259.18,23397.66,14771.25,7365.93,1811.94
,,,,,,,2580,4135.95,3939,3229.98,10832.25,14259.18,23397.66,14771.25,7365.93,1811.94
,,,,,,,2581,4135.95,3939,3229.98,10832.25,14259.18,23397.66,14771.25,7365.93,1811.94
,,,,,,,2582,4135.95,3939,3229.98,10832.25,14259.18,23397.66,14771.25,7365.93,1811.94
,,,,,,,2583,4135.95,3939,3229.98,10832.25,14259.18,23397.66,14771.25,7365.93,1811.94
,,,,,,,2584,4135.95,3939,3229.98,10832.25,14259.18,23397.66,14771.25,7365.93,1811.94
,,,,,,,2585,4135.95,3939,3229.98,10832.25,14259.18,23397.66,14771.25,7365.93,1811.94
,,,,,,,2586,4135.95,3939,3229.98,10832.25,14259.18,23397.66,14771.25,7365.93,1811.94
,,,,,,,2587,4135.95,3939,3229.98,10832.25,14259.18,23397.66,14771.25,7365.93,1811.94
,,,,,,,2588,4135.95,3939,3229.98,10832.25,14259.18,23397.66,14771.25,7365.93,1811.94
,,,,,,,2589,4135.95,3939,3229.98,10832.25,14259.18,23397.66,14771.25,7365.93,1811.94
,,,,,,,2590,4135.95,3939,3229.98,10832.25,14259.18,23397.66,14771.25,7365.93,1811.94
,,,,,,,2591,4135.95,3939,3229.98,10832.25,14259.18,23397.66,14771.25,7365.93,1811.94
,,,,,,,2592,4135.95,3939,3229.98,10832.25,14259.18,23397.66,14771.25,7365.93,1811.94
,,,,,,,2593,4135.95,3939,3229.98,10832.25,14259.18,23397.66,14771.25,7365.93,1811.94
,,,,,,,2594,4135.95,3939,3229.98,10832.25,14259.18,23397.66,14771.25,7365.93,1811.94
,,,,,,,2595,4135.95,3939,3229.98,10832.25,14259.18,23397.66,14771.25,7365.93,1811.94
,,,,,,,2596,4135.95,3939,3229.98,10832.25,14259.18,23397.66,14771.25,7365.93,1811.94
,,,,,,,2597,4135.95,3939,3229.98,10832.25,14259.18,23397.66,14771.25,7365.93,1811.94
,,,,,,,2598,4135.95,3939,3229.98,10832.25,14259.18,23397.66,14771.25,7365.93,1811.94
,,,,,,,2599,4135.95,3939,3229.98,10832.25,14259.18,23397.66,14771.25,7365.93,1811.94
,,,,,,,2600,4135.95,3939,3229.98,10832.25,14259.18,23397.66,14771.25,7365.93,1811.94
,,,,,,,2601,4135.95,3939,3229.98,10832.25,14259.18,23397.66,14771.25,7365.93,1811.94
,,,,,,,2602,4135.95,3939,3229.98,10832.25,14259.18,23397.66,14771.25,7365.93,1811.94
,,,,,,,2603,4135.95,3939,3229.98,10832.25,14259.18,23397.66,14771.25,7365.93,1811.94
,,,,,,,2604,4135.95,3939,3229.98,10832.25,14259.18,23397.66,14771.25,7365.93,1811.94
,,,,,,,2605,4135.95,3939,3229.98,10832.25,14259.18,23397.66,14771.25,7365.93,1811.94
,,,,,,,2606,4135.95,3939,3229.98,10832.25,14259.18,23397.66,14771.25,7365.93,1811.94
,,,,,,,2607,4135.95,3939,3229.98,10832.25,14259.18,23397.66,14771.25,7365.93,1811.94
,,,,,,,2608,4135.95,3939,3229.98,10832.25,14259.18,23397.66,14771.25,7365.93,1811.94
,,,,,,,2609,4135.95,3939,3229.98,10832.25,14259.18,23397.66,14771.25,7365.93,1811.94
,,,,,,,2610,4135.95,3939,3229.98,10832.25,14259.18,23397.66,14771.25,7365.93,1811.94
,,,,,,,2611,4135.95,3939,3229.98,10832.25,14259.18,23397.66,14771.25,7365.93,1811.94
,,,,,,,2612,4135.95,3939,3229.98,10832.25,14259.18,23397.66,14771.25,7365.93,1811.94
,,,,,,,2613,4135.95,3939,3229.98,10832.25,14259.18,23397.66,14771.25,7365.93,1811.94
,,,,,,,2614,4135.95,3939,3229.98,10832.25,14259.18,23397.66,14771.25,7365.93,1811.94
,,,,,,,2615,4135.95,3939,3229.98,10832.25,14259.18,23397.66,14771.25,7365.93,1811.94
,,,,,,,2616,4135.95,3939,3229.98,10832.25,14259.18,23397.66,14771.25,7365.93,1811.94
,,,,,,,2617,4135.95,3939,3229.98,10832.25,14259.18,23397.66,14771.25,7365.93,1811.94
,,,,,,,2618,4135.95,3939,3229.98,10832.25,14259.18,23397.66,14771.25,7365.93,1811.94
,,,,,,,2619,4135.95,3939,3229.98,10832.25,14259.18,23397.66,14771.25,7365.93,1811.94
,,,,,,,2620,4135.95,3939,3229.98,10832.25,14259.18,23397.66,14771.25,7365.93,1811.94
,,,,,,,2621,4135.95,3939,3229.98,10832.25,14259.18,23397.66,14771.25,7365.93,1811.94
,,,,,,,2622,4135.95,3939,3229.98,10832.25,14259.18,23397.66,14771.25,7365.93,1811.94
,,,,,,,2623,4135.95,3939,3229.98,10832.25,14259.18,23397.66,14771.25,7365.93,1811.94
,,,,,,,2624,4135.95,3939,3229.98,10832.25,14259.18,23397.66,14771.25,7365.93,1811.94
,,,,,,,2625,4135.95,3939,3229.98,10832.25,14259.18,23397.66,14771.25,7365.93,1811.94
,,,,,,,2626,4135.95,3939,3229.98,10832.25,14259.18,23397.66,14771.25,7365.93,1811.94
,,,,,,,2627,4135.95,3939,3229.98,10832.25,14259.18,23397.66,14771.25,7365.93,1811.94
,,,,,,,2628,4135.95,3939,3229.98,10832.25,14259.18,23397.66,14771.25,7365.93,1811.94
,,,,,,,2629,4135.95,3939,3229.98,10832.25,14259.18,23397.66,14771.25,7365.93,1811.94
,,,,,,,2630,4135.95,3939,3229.98,10832.25,14259.18,23397.66,14771.25,7365.93,1811.94
,,,,,,,2631,4135.95,3939,3229.98,10832.25,14259.18,23397.66,14771.25,7365.93,1811.94
,,,,,,,2632,4135.95,3939,3229.98,10832.25,14259.18,23397.66,14771.25,7365.93,1811.94
,,,,,,,2633,4135.95,3939,3229.98,10832.25,14259.18,23397.66,14771.25,7365.93,1811.94
,,,,,,,2634,4135.95,3939,3229.98,10832.25,14259.18,23397.66,14771.25,7365.93,1811.94
,,,,,,,2635,4135.95,3939,3229.98,10832.25,14259.18,23397.66,14771.25,7365.93,1811.94
,,,,,,,2636,4135.95,3939,3229.98,10832.25,14259.18,23397.66,14771.25,7365.93,1811.94
,,,,,,,2637,4135.95,3939,3229.98,10832.25,14259.18,23397.66,14771.25,7365.93,1811.94
,,,,,,,2638,4135.95,3939,3229.98,10832.25,14259.18,23397.66,14771.25,7365.93,1811.94
,,,,,,,2639,4135.95,3939,3229.98,10832.25,14259.18,23397.66,14771.25,7365.93,1811.94
,,,,,,,2640,4135.95,3939,3229.98,10832.25,14259.18,23397.66,14771.25,7365.93,1811.94
,,,,,,,2641,4135.95,3939,3229.98,10832.25,14259.18,23397.66,14771.25,7365.93,1811.94
,,,,,,,2642,4135.95,3939,3229.98,10832.25,14259.18,23397.66,14771.25,7365.93,1811.94
,,,,,,,2643,4135.95,3939,3229.98,10832.25,14259.18,23397.66,14771.25,7365.93,1811.94
,,,,,,,2644,4135.95,3939,3229.98,10832.25,14259.18,23397.66,14771.25,7365.93,1811.94
,,,,,,,2645,4135.95,3939,3229.98,10832.25,14259.18,23397.66,14771.25,7365.93,1811.94
,,,,,,,2646,4135.95,3939,3229.98,10832.25,14259.18,23397.66,14771.25,7365.93,1811.94
,,,,,,,2647,4135.95,3939,3229.98,10832.25,14259.18,23397.66,14771.25,7365.93,1811.94
,,,,,,,2648,4135.95,3939,3229.98,10832.25,14259.18,23397.66,14771.25,7365.93,1811.94
,,,,,,,2649,4135.95,3939,3229.98,10832.25,14259.18,23397.66,14771.25,7365.93,1811.94
,,,,,,,2650,4135.95,3939,3229.98,10832.25,14259.18,23397.66,14771.25,7365.93,1811.94
,,,,,,,2651,4135.95,3939,3229.98,10832.25,14259.18,23397.66,14771.25,7365.93,1811.94
,,,,,,,2652,4135.95,3939,3229.98,10832.25,14259.18,23397.66,14771.25,7365.93,1811.94
,,,,,,,2653,4135.95,3939,3229.98,10832.25,14259.18,23397.66,14771.25,7365.93,1811.94
,,,,,,,2654,4135.95,3939,3229.98,10832.25,14259.18,23397.66,14771.25,7365.93,1811.94
,,,,,,,2655,4135.95,3939,3229.98,10832.25,14259.18,23397.66,14771.25,7365.93,1811.94
,,,,,,,2656,4135.95,3939,3229.98,10832.25,14259.18,23397.66,14771.25,7365.93,1811.94
,,,,,,,2657,4135.95,3939,3229.98,10832.25,14259.18,23397.66,14771.25,7365.93,1811.94
,,,,,,,2658,4135.95,3939,3229.98,10832.25,14259.18,23397.66,14771.25,7365.93,1811.94
,,,,,,,2659,4135.95,3939,3229.98,10832.25,14259.18,23397.66,14771.25,7365.93,1811.94
,,,,,,,2660,4135.95,3939,3229.98,10832.25,14259.18,23397.66,14771.25,7365.93,1811.94
,,,,,,,2661,4135.95,3939,3229.98,10832.25,14259.18,23397.66,14771.25,7365.93,1811.94
,,,,,,,2662,4135.95,3939,3229.98,10832.25,14259.18,23397.66,14771.25,7365.93,1811.94
,,,,,,,2663,4135.95,3939,3229.98,10832.25,14259.18,23397.66,14771.25,7365.93,1811.94
,,,,,,,2664,4135.95,3939,3229.98,10832.25,14259.18,23397.66,14771.25,7365.93,1811.94
,,,,,,,2665,4135.95,3939,3229.98,10832.25,14259.18,23397.66,14771.25,7365.93,1811.94
,,,,,,,2666,4135.95,3939,3229.98,10832.25,14259.18,23397.66,14771.25,7365.93,1811.94
,,,,,,,2667,4135.95,3939,3229.98,10832.25,14259.18,23397.66,14771.25,7365.93,1811.94
,,,,,,,2668,4135.95,3939,3229.98,10832.25,14259.18,23397.66,14771.25,7365.93,1811.94
,,,,,,,2669,4135.95,3939,3229.98,10832.25,14259.18,23397.66,14771.25,7365.93,1811.94
,,,,,,,2670,4135.95,3939,3229.98,10832.25,14259.18,23397.66,14771.25,7365.93,1811.94
,,,,,,,2671,4135.95,3939,3229.98,10832.25,14259.18,23397.66,14771.25,7365.93,1811.94
,,,,,,,2672,4135.95,3939,3229.98,10832.25,14259.18,23397.66,14771.25,7365.93,1811.94
,,,,,,,2673,4135.95,3939,3229.98,10832.25,14259.18,23397.66,14771.25,7365.93,1811.94
,,,,,,,2674,4135.95,3939,3229.98,10832.25,14259.18,23397.66,14771.25,7365.93,1811.94
,,,,,,,2675,4135.95,3939,3229.98,10832.25,14259.18,23397.66,14771.25,7365.93,1811.94
,,,,,,,2676,4135.95,3939,3229.98,10832.25,14259.18,23397.66,14771.25,7365.93,1811.94
,,,,,,,2677,4135.95,3939,3229.98,10832.25,14259.18,23397.66,14771.25,7365.93,1811.94
,,,,,,,2678,4135.95,3939,3229.98,10832.25,14259.18,23397.66,14771.25,7365.93,1811.94
,,,,,,,2679,4135.95,3939,3229.98,10832.25,14259.18,23397.66,14771.25,7365.93,1811.94
,,,,,,,2680,4135.95,3939,3229.98,10832.25,14259.18,23397.66,14771.25,7365.93,1811.94
,,,,,,,2681,4135.95,3939,3229.98,10832.25,14259.18,23397.66,14771.25,7365.93,1811.94
,,,,,,,2682,4135.95,3939,3229.98,10832.25,14259.18,23397.66,14771.25,7365.93,1811.94
,,,,,,,2683,4135.95,3939,3229.98,10832.25,14259.18,23397.66,14771.25,7365.93,1811.94
,,,,,,,2684,4135.95,3939,3229.98,10832.25,14259.18,23397.66,14771.25,7365.93,1811.94
,,,,,,,2685,4135.95,3939,3229.98,10832.25,14259.18,23397.66,14771.25,7365.93,1811.94
,,,,,,,2686,4135.95,3939,3229.98,10832.25,14259.18,23397.66,14771.25,7365.93,1811.94
,,,,,,,2687,4135.95,3939,3229.98,10832.25,14259.18,23397.66,14771.25,7365.93,1811.94
,,,,,,,2688,4135.95,3939,3229.98,10832.25,14259.18,23397.66,14771.25,7365.93,1811.94
,,,,,,,2689,4135.95,3939,3229.98,10832.25,14259.18,23397.66,14771.25,7365.93,1811.94
,,,,,,,2690,4135.95,3939,3229.98,10832.25,14259.18,23397.66,14771.25,7365.93,1811.94
,,,,,,,2691,4135.95,3939,3229.98,10832.25,14259.18,23397.66,14771.25,7365.93,1811.94
,,,,,,,2692,4135.95,3939,3229.98,10832.25,14259.18,23397.66,14771.25,7365.93,1811.94
,,,,,,,2693,4135.95,3939,3229.98,10832.25,14259.18,23397.66,14771.25,7365.93,1811.94
,,,,,,,2694,4135.95,3939,3229.98,10832.25,14259.18,23397.66,14771.25,7365.93,1811.94
,,,,,,,2695,4135.95,3939,3229.98,10832.25,14259.18,23397.66,14771.25,7365.93,1811.94
,,,,,,,2696,4135.95,3939,3229.98,10832.25,14259.18,23397.66,14771.25,7365.93,1811.94
,,,,,,,2697,4135.95,3939,3229.98,10832.25,14259.18,23397.66,14771.25,7365.93,1811.94
,,,,,,,2698,4135.95,3939,3229.98,10832.25,14259.18,23397.66,14771.25,7365.93,1811.94
,,,,,,,2699,4135.95,3939,3229.98,10832.25,14259.18,23397.66,14771.25,7365.93,1811.94
,,,,,,,2700,4135.95,3939,3229.98,10832.25,14259.18,23397.66,14771.25,7365.93,1811.94
,,,,,,,2701,4135.95,3939,3229.98,10832.25,14259.18,23397.66,14771.25,7365.93,1811.94
,,,,,,,2702,4135.95,3939,3229.98,10832.25,14259.18,23397.66,14771.25,7365.93,1811.94
,,,,,,,2703,4135.95,3939,3229.98,10832.25,14259.18,23397.66,14771.25,7365.93,1811.94
,,,,,,,2704,4135.95,3939,3229.98,10832.25,14259.18,23397.66,14771.25,7365.93,1811.94
,,,,,,,2705,4135.95,3939,3229.98,10832.25,14259.18,23397.66,14771.25,7365.93,1811.94
,,,,,,,2706,4135.95,3939,3229.98,10832.25,14259.18,23397.66,14771.25,7365.93,1811.94
,,,,,,,2707,4135.95,3939,3229.98,10832.25,14259.18,23397.66,14771.25,7365.93,1811.94
,,,,,,,2708,4135.95,3939,3229.98,10832.25,14259.18,23397.66,14771.25,7365.93,1811.94
,,,,,,,2709,4135.95,3939,3229.98,10832.25,14259.18,23397.66,14771.25,7365.93,1811.94
,,,,,,,2710,4135.95,3939,3229.98,10832.25,14259.18,23397.66,14771.25,7365.93,1811.94
,,,,,,,2711,4135.95,3939,3229.98,10832.25,14259.18,23397.66,14771.25,7365.93,1811.94
,,,,,,,2712,4135.95,3939,3229.98,10832.25,14259.18,23397.66,14771.25,7365.93,1811.94
,,,,,,,2713,4135.95,3939,3229.98,10832.25,14259.18,23397.66,14771.25,7365.93,1811.94
,,,,,,,2714,4135.95,3939,3229.98,10832.25,14259.18,23397.66,14771.25,7365.93,1811.94
,,,,,,,2715,4135.95,3939,3229.98,10832.25,14259.18,23397.66,14771.25,7365.93,1811.94
,,,,,,,2716,4135.95,3939,3229.98,10832.25,14259.18,23397.66,14771.25,7365.93,1811.94
,,,,,,,2717,4135.95,3939,3229.98,10832.25,14259.18,23397.66,14771.25,7365.93,1811.94
,,,,,,,2718,4135.95,3939,3229.98,10832.25,14259.18,23397.66,14771.25,7365.93,1811.94
,,,,,,,2719,4135.95,3939,3229.98,10832.25,14259.18,23397.66,14771.25,7365.93,1811.94
,,,,,,,2720,4135.95,3939,3229.98,10832.25,14259.18,23397.66,14771.25,7365.93,1811.94
,,,,,,,2721,4135.95,3939,3229.98,10832.25,14259.18,23397.66,14771.25,7365.93,1811.94
,,,,,,,2722,4135.95,3939,3229.98,10832.25,14259.18,23397.66,14771.25,7365.93,1811.94
,,,,,,,2723,4135.95,3939,3229.98,10832.25,14259.18,23397.66,14771.25,7365.93,1811.94
,,,,,,,2724,4135.95,3939,3229.98,10832.25,14259.18,23397.66,14771.25,7365.93,1811.94
,,,,,,,2725,4135.95,3939,3229.98,10832.25,14259.18,23397.66,14771.25,7365.93,1811.94
,,,,,,,2726,4135.95,3939,3229.98,10832.25,14259.18,23397.66,14771.25,7365.93,1811.94
,,,,,,,2727,4135.95,3939,3229.98,10832.25,14259.18,23397.66,14771.25,7365.93,1811.94
,,,,,,,2728,4135.95,3939,3229.98,10832.25,14259.18,23397.66,14771.25,7365.93,1811.94
,,,,,,,2729,4135.95,3939,3229.98,10832.25,14259.18,23397.66,14771.25,7365.93,1811.94
,,,,,,,2730,4135.95,3939,3229.98,10832.25,14259.18,23397.66,14771.25,7365.93,1811.94
,,,,,,,2731,4135.95,3939,3229.98,10832.25,14259.18,23397.66,14771.25,7365.93,1811.94
,,,,,,,2732,4135.95,3939,3229.98,10832.25,14259.18,23397.66,14771.25,7365.93,1811.94
,,,,,,,2733,4135.95,3939,3229.98,10832.25,14259.18,23397.66,14771.25,7365.93,1811.94
,,,,,,,2734,4135.95,3939,3229.98,10832.25,14259.18,23397.66,14771.25,7365.93,1811.94
,,,,,,,2735,4135.95,3939,3229.98,10832.25,14259.18,23397.66,14771.25,7365.93,1811.94
,,,,,,,2736,4135.95,3939,3229.98,10832.25,14259.18,23397.66,14771.25,7365.93,1811.94
,,,,,,,2737,4135.95,3939,3229.98,10832.25,14259.18,23397.66,14771.25,7365.93,1811.94
,,,,,,,2738,4135.95,3939,3229.98,10832.25,14259.18,23397.66,14771.25,7365.93,1811.94
,,,,,,,2739,4135.95,3939,3229.98,10832.25,14259.18,23397.66,14771.25,7365.93,1811.94
,,,,,,,2740,4135.95,3939,3229.98,10832.25,14259.18,23397.66,14771.25,7365.93,1811.94
,,,,,,,2741,4135.95,3939,3229.98,10832.25,14259.18,23397.66,14771.25,7365.93,1811.94
,,,,,,,2742,4135.95,3939,3229.98,10832.25,14259.18,23397.66,14771.25,7365.93,1811.94
,,,,,,,2743,4135.95,3939,3229.98,10832.25,14259.18,23397.66,14771.25,7365.93,1811.94
,,,,,,,2744,4135.95,3939,3229.98,10832.25,14259.18,23397.66,14771.25,7365.93,1811.94
,,,,,,,2745,4135.95,3939,3229.98,10832.25,14259.18,23397.66,14771.25,7365.93,1811.94
,,,,,,,2746,4135.95,3939,3229.98,10832.25,14259.18,23397.66,14771.25,7365.93,1811.94
,,,,,,,2747,4135.95,3939,3229.98,10832.25,14259.18,23397.66,14771.25,7365.93,1811.94
,,,,,,,2748,4135.95,3939,3229.98,10832.25,14259.18,23397.66,14771.25,7365.93,1811.94
,,,,,,,2749,4135.95,3939,3229.98,10832.25,14259.18,23397.66,14771.25,7365.93,1811.94
,,,,,,,2750,4135.95,3939,3229.98,10832.25,14259.18,23397.66,14771.25,7365.93,1811.94
,,,,,,,2751,4135.95,3939,3229.98,10832.25,14259.18,23397.66,14771.25,7365.93,1811.94
,,,,,,,2752,4135.95,3939,3229.98,10832.25,14259.18,23397.66,14771.25,7365.93,1811.94
,,,,,,,2753,4135.95,3939,3229.98,10832.25,14259.18,23397.66,14771.25,7365.93,1811.94
,,,,,,,2754,4135.95,3939,3229.98,10832.25,14259.18,23397.66,14771.25,7365.93,1811.94
,,,,,,,2755,4135.95,3939,3229.98,10832.25,14259.18,23397.66,14771.25,7365.93,1811.94
,,,,,,,2756,4135.95,3939,3229.98,10832.25,14259.18,23397.66,14771.25,7365.93,1811.94
,,,,,,,2757,4135.95,3939,3229.98,10832.25,14259.18,23397.66,14771.25,7365.93,1811.94
,,,,,,,2758,4135.95,3939,3229.98,10832.25,14259.18,23397.66,14771.25,7365.93,1811.94
,,,,,,,2759,4135.95,3939,3229.98,10832.25,14259.18,23397.66,14771.25,7365.93,1811.94
,,,,,,,2760,4135.95,3939,3229.98,10832.25,14259.18,23397.66,14771.25,7365.93,1811.94
,,,,,,,2761,4135.95,3939,3229.98,10832.25,14259.18,23397.66,14771.25,7365.93,1811.94
,,,,,,,2762,4135.95,3939,3229.98,10832.25,14259.18,23397.66,14771.25,7365.93,1811.94
,,,,,,,2763,4135.95,3939,3229.98,10832.25,14259.18,23397.66,14771.25,7365.93,1811.94
,,,,,,,2764,4135.95,3939,3229.98,10832.25,14259.18,23397.66,14771.25,7365.93,1811.94
,,,,,,,2765,4135.95,3939,3229.98,10832.25,14259.18,23397.66,14771.25,7365.93,1811.94
,,,,,,,2766,4135.95,3939,3229.98,10832.25,14259.18,23397.66,14771.25,7365.93,1811.94
,,,,,,,2767,4135.95,3939,3229.98,10832.25,14259.18,23397.66,14771.25,7365.93,1811.94
,,,,,,,2768,4135.95,3939,3229.98,10832.25,14259.18,23397.66,14771.25,7365.93,1811.94
,,,,,,,2769,4135.95,3939,3229.98,10832.25,14259.18,23397.66,14771.25,7365.93,1811.94
,,,,,,,2770,4135.95,3939,3229.98,10832.25,14259.18,23397.66,14771.25,7365.93,1811.94
,,,,,,,2771,4135.95,3939,3229.98,10832.25,14259.18,23397.66,14771.25,7365.93,1811.94
,,,,,,,2772,4135.95,3939,3229.98,10832.25,14259.18,23397.66,14771.25,7365.93,1811.94
,,,,,,,2773,4135.95,3939,3229.98,10832.25,14259.18,23397.66,14771.25,7365.93,1811.94
,,,,,,,2774,4135.95,3939,3229.98,10832.25,14259.18,23397.66,14771.25,7365.93,1811.94
,,,,,,,2775,4135.95,3939,3229.98,10832.25,14259.18,23397.66,14771.25,7365.93,1811.94
,,,,,,,2776,4135.95,3939,3229.98,10832.25,14259.18,23397.66,14771.25,7365.93,1811.94
,,,,,,,2777,4135.95,3939,3229.98,10832.25,14259.18,23397.66,14771.25,7365.93,1811.94
,,,,,,,2778,4135.95,3939,3229.98,10832.25,14259.18,23397.66,14771.25,7365.93,1811.94
,,,,,,,2779,4135.95,3939,3229.98,10832.25,14259.18,23397.66,14771.25,7365.93,1811.94
,,,,,,,2780,4135.95,3939,3229.98,10832.25,14259.18,23397.66,14771.25,7365.93,1811.94
,,,,,,,2781,4135.95,3939,3229.98,10832.25,14259.18,23397.66,14771.25,7365.93,1811.94
,,,,,,,2782,4135.95,3939,3229.98,10832.25,14259.18,23397.66,14771.25,7365.93,1811.94
,,,,,,,2783,4135.95,3939,3229.98,10832.25,14259.18,23397.66,14771.25,7365.93,1811.94
,,,,,,,2784,4135.95,3939,3229.98,10832.25,14259.18,23397.66,14771.25,7365.93,1811.94
,,,,,,,2785,4135.95,3939,3229.98,10832.25,14259.18,23397.66,14771.25,7365.93,1811.94
,,,,,,,2786,4135.95,3939,3229.98,10832.25,14259.18,23397.66,14771.25,7365.93,1811.94
,,,,,,,2787,4135.95,3939,3229.98,10832.25,14259.18,23397.66,14771.25,7365.93,1811.94
,,,,,,,2788,4135.95,3939,3229.98,10832.25,14259.18,23397.66,14771.25,7365.93,1811.94
,,,,,,,2789,4135.95,3939,3229.98,10832.25,14259.18,23397.66,14771.25,7365.93,1811.94
,,,,,,,2790,4135.95,3939,3229.98,10832.25,14259.18,23397.66,14771.25,7365.93,1811.94
,,,,,,,2791,4135.95,3939,3229.98,10832.25,14259.18,23397.66,14771.25,7365.93,1811.94
,,,,,,,2792,4135.95,3939,3229.98,10832.25,14259.18,23397.66,14771.25,7365.93,1811.94
,,,,,,,2793,4135.95,3939,3229.98,10832.25,14259.18,23397.66,14771.25,7365.93,1811.94
,,,,,,,2794,4135.95,3939,3229.98,10832.25,14259.18,23397.66,14771.25,7365.93,1811.94
,,,,,,,2795,4135.95,3939,3229.98,10832.25,14259.18,23397.66,14771.25,7365.93,1811.94
,,,,,,,2796,4135.95,3939,3229.98,10832.25,14259.18,23397.66,14771.25,7365.93,1811.94
,,,,,,,2797,4135.95,3939,3229.98,10832.25,14259.18,23397.66,14771.25,7365.93,1811.94
,,,,,,,2798,4135.95,3939,3229.98,10832.25,14259.18,23397.66,14771.25,7365.93,1811.94
,,,,,,,2799,4135.95,3939,3229.98,10832.25,14259.18,23397.66,14771.25,7365.93,1811.94
,,,,,,,2800,4135.95,3939,3229.98,10832.25,14259.18,23397.66,14771.25,7365.93,1811.94
,,,,,,,2801,4135.95,3939,3229.98,10832.25,14259.18,23397.66,14771.25,7365.93,1811.94
,,,,,,,2802,4135.95,3939,3229.98,10832.25,14259.18,23397.66,14771.25,7365.93,1811.94
,,,,,,,2803,4135.95,3939,3229.98,10832.25,14259.18,23397.66,14771.25,7365.93,1811.94
,,,,,,,2804,4135.95,3939,3229.98,10832.25,14259.18,23397.66,14771.25,7365.93,1811.94
,,,,,,,2805,4135.95,3939,3229.98,10832.25,14259.18,23397.66,14771.25,7365.93,1811.94
,,,,,,,2806,4135.95,3939,3229.98,10832.25,14259.18,23397.66,14771.25,7365.93,1811.94
,,,,,,,2807,4135.95,3939,3229.98,10832.25,14259.18,23397.66,14771.25,7365.93,1811.94
,,,,,,,2808,4135.95,3939,3229.98,10832.25,14259.18,23397.66,14771.25,7365.93,1811.94
,,,,,,,2809,4135.95,3939,3229.98,10832.25,14259.18,23397.66,14771.25,7365.93,1811.94
,,,,,,,2810,4135.95,3939,3229.98,10832.25,14259.18,23397.66,14771.25,7365.93,1811.94
,,,,,,,2811,4135.95,3939,3229.98,10832.25,14259.18,23397.66,14771.25,7365.93,1811.94
,,,,,,,2812,4135.95,3939,3229.98,10832.25,14259.18,23397.66,14771.25,7365.93,1811.94
,,,,,,,2813,4135.95,3939,3229.98,10832.25,14259.18,23397.66,14771.25,7365.93,1811.94
,,,,,,,2814,4135.95,3939,3229.98,10832.25,14259.18,23397.66,14771.25,7365.93,1811.94
,,,,,,,2815,4135.95,3939,3229.98,10832.25,14259.18,23397.66,14771.25,7365.93,1811.94
,,,,,,,2816,4135.95,3939,3229.98,10832.25,14259.18,23397.66,14771.25,7365.93,1811.94
,,,,,,,2817,4135.95,3939,3229.98,10832.25,14259.18,23397.66,14771.25,7365.93,1811.94
,,,,,,,2818,4135.95,3939,3229.98,10832.25,14259.18,23397.66,14771.25,7365.93,1811.94
,,,,,,,2819,4135.95,3939,3229.98,10832.25,14259.18,23397.66,14771.25,7365.93,1811.94
,,,,,,,2820,4135.95,3939,3229.98,10832.25,14259.18,23397.66,14771.25,7365.93,1811.94
,,,,,,,2821,4135.95,3939,3229.98,10832.25,14259.18,23397.66,14771.25,7365.93,1811.94
,,,,,,,2822,4135.95,3939,3229.98,10832.25,14259.18,23397.66,14771.25,7365.93,1811.94
,,,,,,,2823,4135.95,3939,3229.98,10832.25,14259.18,23397.66,14771.25,7365.93,1811.94
,,,,,,,2824,4135.95,3939,3229.98,10832.25,14259.18,23397.66,14771.25,7365.93,1811.94
,,,,,,,2825,4135.95,3939,3229.98,10832.25,14259.18,23397.66,14771.25,7365.93,1811.94
,,,,,,,2826,4135.95,3939,3229.98,10832.25,14259.18,23397.66,14771.25,7365.93,1811.94
,,,,,,,2827,4135.95,3939,3229.98,10832.25,14259.18,23397.66,14771.25,7365.93,1811.94
,,,,,,,2828,4135.95,3939,3229.98,10832.25,14259.18,23397.66,14771.25,7365.93,1811.94
,,,,,,,2829,4135.95,3939,3229.98,10832.25,14259.18,23397.66,14771.25,7365.93,1811.94
,,,,,,,2830,4135.95,3939,3229.98,10832.25,14259.18,23397.66,14771.25,7365.93,1811.94
,,,,,,,2831,4135.95,3939,3229.98,10832.25,14259.18,23397.66,14771.25,7365.93,1811.94
,,,,,,,2832,4135.95,3939,3229.98,10832.25,14259.18,23397.66,14771.25,7365.93,1811.94
,,,,,,,2833,4135.95,3939,3229.98,10832.25,14259.18,23397.66,14771.25,7365.93,1811.94
,,,,,,,2834,4135.95,3939,3229.98,10832.25,14259.18,23397.66,14771.25,7365.93,1811.94
,,,,,,,2835,4135.95,3939,3229.98,10832.25,14259.18,23397.66,14771.25,7365.93,1811.94
,,,,,,,2836,4135.95,3939,3229.98,10832.25,14259.18,23397.66,14771.25,7365.93,1811.94
,,,,,,,2837,4135.95,3939,3229.98,10832.25,14259.18,23397.66,14771.25,7365.93,1811.94
,,,,,,,2838,4135.95,3939,3229.98,10832.25,14259.18,23397.66,14771.25,7365.93,1811.94
,,,,,,,2839,4135.95,3939,3229.98,10832.25,14259.18,23397.66,14771.25,7365.93,1811.94
,,,,,,,2840,4135.95,3939,3229.98,10832.25,14259.18,23397.66,14771.25,7365.93,1811.94
,,,,,,,2841,4135.95,3939,3229.98,10832.25,14259.18,23397.66,14771.25,7365.93,1811.94
,,,,,,,2842,4135.95,3939,3229.98,10832.25,14259.18,23397.66,14771.25,7365.93,1811.94
,,,,,,,2843,4135.95,3939,3229.98,10832.25,14259.18,23397.66,14771.25,7365.93,1811.94
,,,,,,,2844,4135.95,3939,3229.98,10832.25,14259.18,23397.66,14771.25,7365.93,1811.94
,,,,,,,2845,4135.95,3939,3229.98,10832.25,14259.18,23397.66,14771.25,7365.93,1811.94
,,,,,,,2846,4135.95,3939,3229.98,10832.25,14259.18,23397.66,14771.25,7365.93,1811.94
,,,,,,,2847,4135.95,3939,3229.98,10832.25,14259.18,23397.66,14771.25,7365.93,1811.94
,,,,,,,2848,4135.95,3939,3229.98,10832.25,14259.18,23397.66,14771.25,7365.93,1811.94
,,,,,,,2849,4135.95,3939,3229.98,10832.25,14259.18,23397.66,14771.25,7365.93,1811.94
,,,,,,,2850,4135.95,3939,3229.98,10832.25,14259.18,23397.66,14771.25,7365.93,1811.94
,,,,,,,2851,4135.95,3939,3229.98,10832.25,14259.18,23397.66,14771.25,7365.93,1811.94
,,,,,,,2852,4135.95,3939,3229.98,10832.25,14259.18,23397.66,14771.25,7365.93,1811.94
,,,,,,,2853,4135.95,3939,3229.98,10832.25,14259.18,23397.66,14771.25,7365.93,1811.94
,,,,,,,2854,4135.95,3939,3229.98,10832.25,14259.18,23397.66,14771.25,7365.93,1811.94
,,,,,,,2855,4135.95,3939,3229.98,10832.25,14259.18,23397.66,14771.25,7365.93,1811.94
,,,,,,,2856,4135.95,3939,3229.98,10832.25,14259.18,23397.66,14771.25,7365.93,1811.94
,,,,,,,2857,4135.95,3939,3229.98,10832.25,14259.18,23397.66,14771.25,7365.93,1811.94
,,,,,,,2858,4135.95,3939,3229.98,10832.25,14259.18,23397.66,14771.25,7365.93,1811.94
,,,,,,,2859,4135.95,3939,3229.98,10832.25,14259.18,23397.66,14771.25,7365.93,1811.94
,,,,,,,2860,4135.95,3939,3229.98,10832.25,14259.18,23397.66,14771.25,7365.93,1811.94
,,,,,,,2861,4135.95,3939,3229.98,10832.25,14259.18,23397.66,14771.25,7365.93,1811.94
,,,,,,,2862,4135.95,3939,3229.98,10832.25,14259.18,23397.66,14771.25,7365.93,1811.94
,,,,,,,2863,4135.95,3939,3229.98,10832.25,14259.18,23397.66,14771.25,7365.93,1811.94
,,,,,,,2864,4135.95,3939,3229.98,10832.25,14259.18,23397.66,14771.25,7365.93,1811.94
,,,,,,,2865,4135.95,3939,3229.98,10832.25,14259.18,23397.66,14771.25,7365.93,1811.94
,,,,,,,2866,4135.95,3939,3229.98,10832.25,14259.18,23397.66,14771.25,7365.93,1811.94
,,,,,,,2867,4135.95,3939,3229.98,10832.25,14259.18,23397.66,14771.25,7365.93,1811.94
,,,,,,,2868,4135.95,3939,3229.98,10832.25,14259.18,23397.66,14771.25,7365.93,1811.94
,,,,,,,2869,4135.95,3939,3229.98,10832.25,14259.18,23397.66,14771.25,7365.93,1811.94
,,,,,,,2870,4135.95,3939,3229.98,10832.25,14259.18,23397.66,14771.25,7365.93,1811.94
,,,,,,,2871,4135.95,3939,3229.98,10832.25,14259.18,23397.66,14771.25,7365.93,1811.94
,,,,,,,2872,4135.95,3939,3229.98,10832.25,14259.18,23397.66,14771.25,7365.93,1811.94
,,,,,,,2873,4135.95,3939,3229.98,10832.25,14259.18,23397.66,14771.25,7365.93,1811.94
,,,,,,,2874,4135.95,3939,3229.98,10832.25,14259.18,23397.66,14771.25,7365.93,1811.94
,,,,,,,2875,4135.95,3939,3229.98,10832.25,14259.18,23397.66,14771.25,7365.93,1811.94
,,,,,,,2876,4135.95,3939,3229.98,10832.25,14259.18,23397.66,14771.25,7365.93,1811.94
,,,,,,,2877,4135.95,3939,3229.98,10832.25,14259.18,23397.66,14771.25,7365.93,1811.94
,,,,,,,2878,4135.95,3939,3229.98,10832.25,14259.18,23397.66,14771.25,7365.93,1811.94
,,,,,,,2879,4135.95,3939,3229.98,10832.25,14259.18,23397.66,14771.25,7365.93,1811.94
,,,,,,,2880,4135.95,3939,3229.98,10832.25,14259.18,23397.66,14771.25,7365.93,1811.94
,,,,,,,2881,4135.95,3939,3229.98,10832.25,14259.18,23397.66,14771.25,7365.93,1811.94
,,,,,,,2882,4135.95,3939,3229.98,10832.25,14259.18,23397.66,14771.25,7365.93,1811.94
,,,,,,,2883,4135.95,3939,3229.98,10832.25,14259.18,23397.66,14771.25,7365.93,1811.94
,,,,,,,2884,4135.95,3939,3229.98,10832.25,14259.18,23397.66,14771.25,7365.93,1811.94
,,,,,,,2885,4135.95,3939,3229.98,10832.25,14259.18,23397.66,14771.25,7365.93,1811.94
,,,,,,,2886,4135.95,3939,3229.98,10832.25,14259.18,23397.66,14771.25,7365.93,1811.94
,,,,,,,2887,4135.95,3939,3229.98,10832.25,14259.18,23397.66,14771.25,7365.93,1811.94
,,,,,,,2888,4135.95,3939,3229.98,10832.25,14259.18,23397.66,14771.25,7365.93,1811.94
,,,,,,,2889,4135.95,3939,3229.98,10832.25,14259.18,23397.66,14771.25,7365.93,1811.94
,,,,,,,2890,4135.95,3939,3229.98,10832.25,14259.18,23397.66,14771.25,7365.93,1811.94
,,,,,,,2891,4135.95,3939,3229.98,10832.25,14259.18,23397.66,14771.25,7365.93,1811.94
,,,,,,,2892,4135.95,3939,3229.98,10832.25,14259.18,23397.66,14771.25,7365.93,1811.94
,,,,,,,2893,4135.95,3939,3229.98,10832.25,14259.18,23397.66,14771.25,7365.93,1811.94
,,,,,,,2894,4135.95,3939,3229.98,10832.25,14259.18,23397.66,14771.25,7365.93,1811.94
,,,,,,,2895,4135.95,3939,3229.98,10832.25,14259.18,23397.66,14771.25,7365.93,1811.94
,,,,,,,2896,4135.95,3939,3229.98,10832.25,14259.18,23397.66,14771.25,7365.93,1811.94
,,,,,,,2897,4135.95,3939,3229.98,10832.25,14259.18,23397.66,14771.25,7365.93,1811.94
,,,,,,,2898,4135.95,3939,3229.98,10832.25,14259.18,23397.66,14771.25,7365.93,1811.94
,,,,,,,2899,4135.95,3939,3229.98,10832.25,14259.18,23397.66,14771.25,7365.93,1811.94
,,,,,,,2900,4135.95,3939,3229.98,10832.25,14259.18,23397.66,14771.25,7365.93,1811.94
,,,,,,,2901,4135.95,3939,3229.98,10832.25,14259.18,23397.66,14771.25,7365.93,1811.94
,,,,,,,2902,4135.95,3939,3229.98,10832.25,14259.18,23397.66,14771.25,7365.93,1811.94
,,,,,,,2903,4135.95,3939,3229.98,10832.25,14259.18,23397.66,14771.25,7365.93,1811.94
,,,,,,,2904,4135.95,3939,3229.98,10832.25,14259.18,23397.66,14771.25,7365.93,1811.94
,,,,,,,2905,4135.95,3939,3229.98,10832.25,14259.18,23397.66,14771.25,7365.93,1811.94
,,,,,,,2906,4135.95,3939,3229.98,10832.25,14259.18,23397.66,14771.25,7365.93,1811.94
,,,,,,,2907,4135.95,3939,3229.98,10832.25,14259.18,23397.66,14771.25,7365.93,1811.94
,,,,,,,2908,4135.95,3939,3229.98,10832.25,14259.18,23397.66,14771.25,7365.93,1811.94
,,,,,,,2909,4135.95,3939,3229.98,10832.25,14259.18,23397.66,14771.25,7365.93,1811.94
,,,,,,,2910,4135.95,3939,3229.98,10832.25,14259.18,23397.66,14771.25,7365.93,1811.94
,,,,,,,2911,4135.95,3939,3229.98,10832.25,14259.18,23397.66,14771.25,7365.93,1811.94
,,,,,,,2912,4135.95,3939,3229.98,10832.25,14259.18,23397.66,14771.25,7365.93,1811.94
,,,,,,,2913,4135.95,3939,3229.98,10832.25,14259.18,23397.66,14771.25,7365.93,1811.94
,,,,,,,2914,4135.95,3939,3229.98,10832.25,14259.18,23397.66,14771.25,7365.93,1811.94
,,,,,,,2915,4135.95,3939,3229.98,10832.25,14259.18,23397.66,14771.25,7365.93,1811.94
,,,,,,,2916,4135.95,3939,3229.98,10832.25,14259.18,23397.66,14771.25,7365.93,1811.94
,,,,,,,2917,4135.95,3939,3229.98,10832.25,14259.18,23397.66,14771.25,7365.93,1811.94
,,,,,,,2918,4135.95,3939,3229.98,10832.25,14259.18,23397.66,14771.25,7365.93,1811.94
,,,,,,,2919,4135.95,3939,3229.98,10832.25,14259.18,23397.66,14771.25,7365.93,1811.94
,,,,,,,2920,4135.95,3939,3229.98,10832.25,14259.18,23397.66,14771.25,7365.93,1811.94
,,,,,,,2921,4135.95,3939,3229.98,10832.25,14259.18,23397.66,14771.25,7365.93,1811.94
,,,,,,,2922,4135.95,3939,3229.98,10832.25,14259.18,23397.66,14771.25,7365.93,1811.94
,,,,,,,2923,4135.95,3939,3229.98,10832.25,14259.18,23397.66,14771.25,7365.93,1811.94
,,,,,,,2924,4135.95,3939,3229.98,10832.25,14259.18,23397.66,14771.25,7365.93,1811.94
,,,,,,,2925,4135.95,3939,3229.98,10832.25,14259.18,23397.66,14771.25,7365.93,1811.94
,,,,,,,2926,4135.95,3939,3229.98,10832.25,14259.18,23397.66,14771.25,7365.93,1811.94
,,,,,,,2927,4135.95,3939,3229.98,10832.25,14259.18,23397.66,14771.25,7365.93,1811.94
,,,,,,,2928,4135.95,3939,3229.98,10832.25,14259.18,23397.66,14771.25,7365.93,1811.94
,,,,,,,2929,4135.95,3939,3229.98,10832.25,14259.18,23397.66,14771.25,7365.93,1811.94
,,,,,,,2930,4135.95,3939,3229.98,10832.25,14259.18,23397.66,14771.25,7365.93,1811.94
,,,,,,,2931,4135.95,3939,3229.98,10832.25,14259.18,23397.66,14771.25,7365.93,1811.94
,,,,,,,2932,4135.95,3939,3229.98,10832.25,14259.18,23397.66,14771.25,7365.93,1811.94
,,,,,,,2933,4135.95,3939,3229.98,10832.25,14259.18,23397.66,14771.25,7365.93,1811.94
,,,,,,,2934,4135.95,3939,3229.98,10832.25,14259.18,23397.66,14771.25,7365.93,1811.94
,,,,,,,2935,4135.95,3939,3229.98,10832.25,14259.18,23397.66,14771.25,7365.93,1811.94
,,,,,,,2936,4135.95,3939,3229.98,10832.25,14259.18,23397.66,14771.25,7365.93,1811.94
,,,,,,,2937,4135.95,3939,3229.98,10832.25,14259.18,23397.66,14771.25,7365.93,1811.94
,,,,,,,2938,4135.95,3939,3229.98,10832.25,14259.18,23397.66,14771.25,7365.93,1811.94
,,,,,,,2939,4135.95,3939,3229.98,10832.25,14259.18,23397.66,14771.25,7365.93,1811.94
,,,,,,,2940,4135.95,3939,3229.98,10832.25,14259.18,23397.66,14771.25,7365.93,1811.94
,,,,,,,2941,4135.95,3939,3229.98,10832.25,14259.18,23397.66,14771.25,7365.93,1811.94
,,,,,,,2942,4135.95,3939,3229.98,10832.25,14259.18,23397.66,14771.25,7365.93,1811.94
,,,,,,,2943,4135.95,3939,3229.98,10832.25,14259.18,23397.66,14771.25,7365.93,1811.94
,,,,,,,2944,4135.95,3939,3229.98,10832.25,14259.18,23397.66,14771.25,7365.93,1811.94
,,,,,,,2945,4135.95,3939,3229.98,10832.25,14259.18,23397.66,14771.25,7365.93,1811.94
,,,,,,,2946,4135.95,3939,3229.98,10832.25,14259.18,23397.66,14771.25,7365.93,1811.94
,,,,,,,2947,4135.95,3939,3229.98,10832.25,14259.18,23397.66,14771.25,7365.93,1811.94
,,,,,,,2948,4135.95,3939,3229.98,10832.25,14259.18,23397.66,14771.25,7365.93,1811.94
,,,,,,,2949,4135.95,3939,3229.98,10832.25,14259.18,23397.66,14771.25,7365.93,1811.94
,,,,,,,2950,4135.95,3939,3229.98,10832.25,14259.18,23397.66,14771.25,7365.93,1811.94
,,,,,,,2951,4135.95,3939,3229.98,10832.25,14259.18,23397.66,14771.25,7365.93,1811.94
,,,,,,,2952,4135.95,3939,3229.98,10832.25,14259.18,23397.66,14771.25,7365.93,1811.94
,,,,,,,2953,4135.95,3939,3229.98,10832.25,14259.18,23397.66,14771.25,7365.93,1811.94
,,,,,,,2954,4135.95,3939,3229.98,10832.25,14259.18,23397.66,14771.25,7365.93,1811.94
,,,,,,,2955,4135.95,3939,3229.98,10832.25,14259.18,23397.66,14771.25,7365.93,1811.94
,,,,,,,2956,4135.95,3939,3229.98,10832.25,14259.18,23397.66,14771.25,7365.93,1811.94
,,,,,,,2957,4135.95,3939,3229.98,10832.25,14259.18,23397.66,14771.25,7365.93,1811.94
,,,,,,,2958,4135.95,3939,3229.98,10832.25,14259.18,23397.66,14771.25,7365.93,1811.94
,,,,,,,2959,4135.95,3939,3229.98,10832.25,14259.18,23397.66,14771.25,7365.93,1811.94
,,,,,,,2960,4135.95,3939,3229.98,10832.25,14259.18,23397.66,14771.25,7365.93,1811.94
,,,,,,,2961,4135.95,3939,3229.98,10832.25,14259.18,23397.66,14771.25,7365.93,1811.94
,,,,,,,2962,4135.95,3939,3229.98,10832.25,14259.18,23397.66,14771.25,7365.93,1811.94
,,,,,,,2963,4135.95,3939,3229.98,10832.25,14259.18,23397.66,14771.25,7365.93,1811.94
,,,,,,,2964,4135.95,3939,3229.98,10832.25,14259.18,23397.66,14771.25,7365.93,1811.94
,,,,,,,2965,4135.95,3939,3229.98,10832.25,14259.18,23397.66,14771.25,7365.93,1811.94
,,,,,,,2966,4135.95,3939,3229.98,10832.25,14259.18,23397.66,14771.25,7365.93,1811.94
,,,,,,,2967,4135.95,3939,3229.98,10832.25,14259.18,23397.66,14771.25,7365.93,1811.94
,,,,,,,2968,4135.95,3939,3229.98,10832.25,14259.18,23397.66,14771.25,7365.93,1811.94
,,,,,,,2969,4135.95,3939,3229.98,10832.25,14259.18,23397.66,14771.25,7365.93,1811.94
,,,,,,,2970,4135.95,3939,3229.98,10832.25,14259.18,23397.66,14771.25,7365.93,1811.94
,,,,,,,2971,4135.95,3939,3229.98,10832.25,14259.18,23397.66,14771.25,7365.93,1811.94
,,,,,,,2972,4135.95,3939,3229.98,10832.25,14259.18,23397.66,14771.25,7365.93,1811.94
,,,,,,,2973,4135.95,3939,3229.98,10832.25,14259.18,23397.66,14771.25,7365.93,1811.94
,,,,,,,2974,4135.95,3939,3229.98,10832.25,14259.18,23397.66,14771.25,7365.93,1811.94
,,,,,,,2975,4135.95,3939,3229.98,10832.25,14259.18,23397.66,14771.25,7365.93,1811.94
,,,,,,,2976,4135.95,3939,3229.98,10832.25,14259.18,23397.66,14771.25,7365.93,1811.94
,,,,,,,2977,4135.95,3939,3229.98,10832.25,14259.18,23397.66,14771.25,7365.93,1811.94
,,,,,,,2978,4135.95,3939,3229.98,10832.25,14259.18,23397.66,14771.25,7365.93,1811.94
,,,,,,,2979,4135.95,3939,3229.98,10832.25,14259.18,23397.66,14771.25,7365.93,1811.94
,,,,,,,2980,4135.95,3939,3229.98,10832.25,14259.18,23397.66,14771.25,7365.93,1811.94
,,,,,,,2981,4135.95,3939,3229.98,10832.25,14259.18,23397.66,14771.25,7365.93,1811.94
,,,,,,,2982,4135.95,3939,3229.98,10832.25,14259.18,23397.66,14771.25,7365.93,1811.94
,,,,,,,2983,4135.95,3939,3229.98,10832.25,14259.18,23397.66,14771.25,7365.93,1811.94
,,,,,,,2984,4135.95,3939,3229.98,10832.25,14259.18,23397.66,14771.25,7365.93,1811.94
,,,,,,,2985,4135.95,3939,3229.98,10832.25,14259.18,23397.66,14771.25,7365.93,1811.94
,,,,,,,2986,4135.95,3939,3229.98,10832.25,14259.18,23397.66,14771.25,7365.93,1811.94
,,,,,,,2987,4135.95,3939,3229.98,10832.25,14259.18,23397.66,14771.25,7365.93,1811.94
,,,,,,,2988,4135.95,3939,3229.98,10832.25,14259.18,23397.66,14771.25,7365.93,1811.94
,,,,,,,2989,4135.95,3939,3229.98,10832.25,14259.18,23397.66,14771.25,7365.93,1811.94
,,,,,,,2990,4135.95,3939,3229.98,10832.25,14259.18,23397.66,14771.25,7365.93,1811.94
,,,,,,,2991,4135.95,3939,3229.98,10832.25,14259.18,23397.66,14771.25,7365.93,1811.94
,,,,,,,2992,4135.95,3939,3229.98,10832.25,14259.18,23397.66,14771.25,7365.93,1811.94
,,,,,,,2993,4135.95,3939,3229.98,10832.25,14259.18,23397.66,14771.25,7365.93,1811.94
,,,,,,,2994,4135.95,3939,3229.98,10832.25,14259.18,23397.66,14771.25,7365.93,1811.94
,,,,,,,2995,4135.95,3939,3229.98,10832.25,14259.18,23397.66,14771.25,7365.93,1811.94
,,,,,,,2996,4135.95,3939,3229.98,10832.25,14259.18,23397.66,14771.25,7365.93,1811.94
,,,,,,,2997,4135.95,3939,3229.98,10832.25,14259.18,23397.66,14771.25,7365.93,1811.94
,,,,,,,2998,4135.95,3939,3229.98,10832.25,14259.18,23397.66,14771.25,7365.93,1811.94
,,,,,,,2999,4135.95,3939,3229.98,10832.25,14259.18,23397.66,14771.25,7365.93,1811.94
,,,,,,,3000,4135.95,3939,3229.98,10832.25,14259.18,23397.66,14771.25,7365.93,1811.94
,,,,,,,3001,4135.95,3939,3229.98,10832.25,14259.18,23397.66,14771.25,7365.93,1811.94
,,,,,,,3002,4135.95,3939,3229.98,10832.25,14259.18,23397.66,14771.25,7365.93,1811.94
,,,,,,,3003,4135.95,3939,3229.98,10832.25,14259.18,23397.66,14771.25,7365.93,1811.94
,,,,,,,3004,4135.95,3939,3229.98,10832.25,14259.18,23397.66,14771.25,7365.93,1811.94
,,,,,,,3005,4135.95,3939,3229.98,10832.25,14259.18,23397.66,14771.25,7365.93,1811.94
,,,,,,,3006,4135.95,3939,3229.98,10832.25,14259.18,23397.66,14771.25,7365.93,1811.94
,,,,,,,3007,4135.95,3939,3229.98,10832.25,14259.18,23397.66,14771.25,7365.93,1811.94
,,,,,,,3008,4135.95,3939,3229.98,10832.25,14259.18,23397.66,14771.25,7365.93,1811.94
,,,,,,,3009,4135.95,3939,3229.98,10832.25,14259.18,23397.66,14771.25,7365.93,1811.94
,,,,,,,3010,4135.95,3939,3229.98,10832.25,14259.18,23397.66,14771.25,7365.93,1811.94
,,,,,,,3011,4135.95,3939,3229.98,10832.25,14259.18,23397.66,14771.25,7365.93,1811.94
,,,,,,,3012,4135.95,3939,3229.98,10832.25,14259.18,23397.66,14771.25,7365.93,1811.94
,,,,,,,3013,4135.95,3939,3229.98,10832.25,14259.18,23397.66,14771.25,7365.93,1811.94
,,,,,,,3014,4135.95,3939,3229.98,10832.25,14259.18,23397.66,14771.25,7365.93,1811.94
,,,,,,,3015,4135.95,3939,3229.98,10832.25,14259.18,23397.66,14771.25,7365.93,1811.94
,,,,,,,3016,4135.95,3939,3229.98,10832.25,14259.18,23397.66,14771.25,7365.93,1811.94
,,,,,,,3017,4135.95,3939,3229.98,10832.25,14259.18,23397.66,14771.25,7365.93,1811.94
,,,,,,,3018,4135.95,3939,3229.98,10832.25,14259.18,23397.66,14771.25,7365.93,1811.94
,,,,,,,3019,4135.95,3939,3229.98,10832.25,14259.18,23397.66,14771.25,7365.93,1811.94
,,,,,,,3020,4135.95,3939,3229.98,10832.25,14259.18,23397.66,14771.25,7365.93,1811.94
,,,,,,,3021,4135.95,3939,3229.98,10832.25,14259.18,23397.66,14771.25,7365.93,1811.94
,,,,,,,3022,4135.95,3939,3229.98,10832.25,14259.18,23397.66,14771.25,7365.93,1811.94
,,,,,,,3023,4135.95,3939,3229.98,10832.25,14259.18,23397.66,14771.25,7365.93,1811.94
,,,,,,,3024,4135.95,3939,3229.98,10832.25,14259.18,23397.66,14771.25,7365.93,1811.94
,,,,,,,3025,4135.95,3939,3229.98,10832.25,14259.18,23397.66,14771.25,7365.93,1811.94
,,,,,,,3026,4135.95,3939,3229.98,10832.25,14259.18,23397.66,14771.25,7365.93,1811.94
,,,,,,,3027,4135.95,3939,3229.98,10832.25,14259.18,23397.66,14771.25,7365.93,1811.94
,,,,,,,3028,4135.95,3939,3229.98,10832.25,14259.18,23397.66,14771.25,7365.93,1811.94
,,,,,,,3029,4135.95,3939,3229.98,10832.25,14259.18,23397.66,14771.25,7365.93,1811.94
,,,,,,,3030,4135.95,3939,3229.98,10832.25,14259.18,23397.66,14771.25,7365.93,1811.94
,,,,,,,3031,4135.95,3939,3229.98,10832.25,14259.18,23397.66,14771.25,7365.93,1811.94
,,,,,,,3032,4135.95,3939,3229.98,10832.25,14259.18,23397.66,14771.25,7365.93,1811.94
,,,,,,,3033,4135.95,3939,3229.98,10832.25,14259.18,23397.66,14771.25,7365.93,1811.94
,,,,,,,3034,4135.95,3939,3229.98,10832.25,14259.18,23397.66,14771.25,7365.93,1811.94
,,,,,,,3035,4135.95,3939,3229.98,10832.25,14259.18,23397.66,14771.25,7365.93,1811.94
,,,,,,,3036,4135.95,3939,3229.98,10832.25,14259.18,23397.66,14771.25,7365.93,1811.94
,,,,,,,3037,4135.95,3939,3229.98,10832.25,14259.18,23397.66,14771.25,7365.93,1811.94
,,,,,,,3038,4135.95,3939,3229.98,10832.25,14259.18,23397.66,14771.25,7365.93,1811.94
,,,,,,,3039,4135.95,3939,3229.98,10832.25,14259.18,23397.66,14771.25,7365.93,1811.94
,,,,,,,3040,4135.95,3939,3229.98,10832.25,14259.18,23397.66,14771.25,7365.93,1811.94
,,,,,,,3041,4135.95,3939,3229.98,10832.25,14259.18,23397.66,14771.25,7365.93,1811.94
,,,,,,,3042,4135.95,3939,3229.98,10832.25,14259.18,23397.66,14771.25,7365.93,1811.94
,,,,,,,3043,4135.95,3939,3229.98,10832.25,14259.18,23397.66,14771.25,7365.93,1811.94
,,,,,,,3044,4135.95,3939,3229.98,10832.25,14259.18,23397.66,14771.25,7365.93,1811.94
,,,,,,,3045,4135.95,3939,3229.98,10832.25,14259.18,23397.66,14771.25,7365.93,1811.94
,,,,,,,3046,4135.95,3939,3229.98,10832.25,14259.18,23397.66,14771.25,7365.93,1811.94
,,,,,,,3047,4135.95,3939,3229.98,10832.25,14259.18,23397.66,14771.25,7365.93,1811.94
,,,,,,,3048,4135.95,3939,3229.98,10832.25,14259.18,23397.66,14771.25,7365.93,1811.94
,,,,,,,3049,4135.95,3939,3229.98,10832.25,14259.18,23397.66,14771.25,7365.93,1811.94
,,,,,,,3050,4135.95,3939,3229.98,10832.25,14259.18,23397.66,14771.25,7365.93,1811.94
,,,,,,,3051,4135.95,3939,3229.98,10832.25,14259.18,23397.66,14771.25,7365.93,1811.94
,,,,,,,3052,4135.95,3939,3229.98,10832.25,14259.18,23397.66,14771.25,7365.93,1811.94
,,,,,,,3053,4135.95,3939,3229.98,10832.25,14259.18,23397.66,14771.25,7365.93,1811.94
,,,,,,,3054,4135.95,3939,3229.98,10832.25,14259.18,23397.66,14771.25,7365.93,1811.94
,,,,,,,3055,4135.95,3939,3229.98,10832.25,14259.18,23397.66,14771.25,7365.93,1811.94
,,,,,,,3056,4135.95,3939,3229.98,10832.25,14259.18,23397.66,14771.25,7365.93,1811.94
,,,,,,,3057,4135.95,3939,3229.98,10832.25,14259.18,23397.66,14771.25,7365.93,1811.94
,,,,,,,3058,4135.95,3939,3229.98,10832.25,14259.18,23397.66,14771.25,7365.93,1811.94
,,,,,,,3059,4135.95,3939,3229.98,10832.25,14259.18,23397.66,14771.25,7365.93,1811.94
,,,,,,,3060,4135.95,3939,3229.98,10832.25,14259.18,23397.66,14771.25,7365.93,1811.94
,,,,,,,3061,4135.95,3939,3229.98,10832.25,14259.18,23397.66,14771.25,7365.93,1811.94
,,,,,,,3062,4135.95,3939,3229.98,10832.25,14259.18,23397.66,14771.25,7365.93,1811.94
,,,,,,,3063,4135.95,3939,3229.98,10832.25,14259.18,23397.66,14771.25,7365.93,1811.94
,,,,,,,3064,4135.95,3939,3229.98,10832.25,14259.18,23397.66,14771.25,7365.93,1811.94
,,,,,,,3065,4135.95,3939,3229.98,10832.25,14259.18,23397.66,14771.25,7365.93,1811.94
,,,,,,,3066,4135.95,3939,3229.98,10832.25,14259.18,23397.66,14771.25,7365.93,1811.94
,,,,,,,3067,4135.95,3939,3229.98,10832.25,14259.18,23397.66,14771.25,7365.93,1811.94
,,,,,,,3068,4135.95,3939,3229.98,10832.25,14259.18,23397.66,14771.25,7365.93,1811.94
,,,,,,,3069,4135.95,3939,3229.98,10832.25,14259.18,23397.66,14771.25,7365.93,1811.94
,,,,,,,3070,4135.95,3939,3229.98,10832.25,14259.18,23397.66,14771.25,7365.93,1811.94
,,,,,,,3071,4135.95,3939,3229.98,10832.25,14259.18,23397.66,14771.25,7365.93,1811.94
,,,,,,,3072,4135.95,3939,3229.98,10832.25,14259.18,23397.66,14771.25,7365.93,1811.94
,,,,,,,3073,4135.95,3939,3229.98,10832.25,14259.18,23397.66,14771.25,7365.93,1811.94
,,,,,,,3074,4135.95,3939,3229.98,10832.25,14259.18,23397.66,14771.25,7365.93,1811.94
,,,,,,,3075,4135.95,3939,3229.98,10832.25,14259.18,23397.66,14771.25,7365.93,1811.94
,,,,,,,3076,4135.95,3939,3229.98,10832.25,14259.18,23397.66,14771.25,7365.93,1811.94
,,,,,,,3077,4135.95,3939,3229.98,10832.25,14259.18,23397.66,14771.25,7365.93,1811.94
,,,,,,,3078,4135.95,3939,3229.98,10832.25,14259.18,23397.66,14771.25,7365.93,1811.94
,,,,,,,3079,4135.95,3939,3229.98,10832.25,14259.18,23397.66,14771.25,7365.93,1811.94
,,,,,,,3080,4135.95,3939,3229.98,10832.25,14259.18,23397.66,14771.25,7365.93,1811.94
,,,,,,,3081,4135.95,3939,3229.98,10832.25,14259.18,23397.66,14771.25,7365.93,1811.94
,,,,,,,3082,4135.95,3939,3229.98,10832.25,14259.18,23397.66,14771.25,7365.93,1811.94
,,,,,,,3083,4135.95,3939,3229.98,10832.25,14259.18,23397.66,14771.25,7365.93,1811.94
,,,,,,,3084,4135.95,3939,3229.98,10832.25,14259.18,23397.66,14771.25,7365.93,1811.94
,,,,,,,3085,4135.95,3939,3229.98,10832.25,14259.18,23397.66,14771.25,7365.93,1811.94
,,,,,,,3086,4135.95,3939,3229.98,10832.25,14259.18,23397.66,14771.25,7365.93,1811.94
,,,,,,,3087,4135.95,3939,3229.98,10832.25,14259.18,23397.66,14771.25,7365.93,1811.94
,,,,,,,3088,4135.95,3939,3229.98,10832.25,14259.18,23397.66,14771.25,7365.93,1811.94
,,,,,,,3089,4135.95,3939,3229.98,10832.25,14259.18,23397.66,14771.25,7365.93,1811.94
,,,,,,,3090,4135.95,3939,3229.98,10832.25,14259.18,23397.66,14771.25,7365.93,1811.94
,,,,,,,3091,4135.95,3939,3229.98,10832.25,14259.18,23397.66,14771.25,7365.93,1811.94
,,,,,,,3092,4135.95,3939,3229.98,10832.25,14259.18,23397.66,14771.25,7365.93,1811.94
,,,,,,,3093,4135.95,3939,3229.98,10832.25,14259.18,23397.66,14771.25,7365.93,1811.94
,,,,,,,3094,4135.95,3939,3229.98,10832.25,14259.18,23397.66,14771.25,7365.93,1811.94
,,,,,,,3095,4135.95,3939,3229.98,10832.25,14259.18,23397.66,14771.25,7365.93,1811.94
,,,,,,,3096,4135.95,3939,3229.98,10832.25,14259.18,23397.66,14771.25,7365.93,1811.94
,,,,,,,3097,4135.95,3939,3229.98,10832.25,14259.18,23397.66,14771.25,7365.93,1811.94
,,,,,,,3098,4135.95,3939,3229.98,10832.25,14259.18,23397.66,14771.25,7365.93,1811.94
,,,,,,,3099,4135.95,3939,3229.98,10832.25,14259.18,23397.66,14771.25,7365.93,1811.94
,,,,,,,3100,4135.95,3939,3229.98,10832.25,14259.18,23397.66,14771.25,7365.93,1811.94
,,,,,,,3101,4135.95,3939,3229.98,10832.25,14259.18,23397.66,14771.25,7365.93,1811.94
,,,,,,,3102,4135.95,3939,3229.98,10832.25,14259.18,23397.66,14771.25,7365.93,1811.94
,,,,,,,3103,4135.95,3939,3229.98,10832.25,14259.18,23397.66,14771.25,7365.93,1811.94
,,,,,,,3104,4135.95,3939,3229.98,10832.25,14259.18,23397.66,14771.25,7365.93,1811.94
,,,,,,,3105,4135.95,3939,3229.98,10832.25,14259.18,23397.66,14771.25,7365.93,1811.94
,,,,,,,3106,4135.95,3939,3229.98,10832.25,14259.18,23397.66,14771.25,7365.93,1811.94
,,,,,,,3107,4135.95,3939,3229.98,10832.25,14259.18,23397.66,14771.25,7365.93,1811.94
,,,,,,,3108,4135.95,3939,3229.98,10832.25,14259.18,23397.66,14771.25,7365.93,1811.94
,,,,,,,3109,4135.95,3939,3229.98,10832.25,14259.18,23397.66,14771.25,7365.93,1811.94
,,,,,,,3110,4135.95,3939,3229.98,10832.25,14259.18,23397.66,14771.25,7365.93,1811.94
,,,,,,,3111,4135.95,3939,3229.98,10832.25,14259.18,23397.66,14771.25,7365.93,1811.94
,,,,,,,3112,4135.95,3939,3229.98,10832.25,14259.18,23397.66,14771.25,7365.93,1811.94
,,,,,,,3113,4135.95,3939,3229.98,10832.25,14259.18,23397.66,14771.25,7365.93,1811.94
,,,,,,,3114,4135.95,3939,3229.98,10832.25,14259.18,23397.66,14771.25,7365.93,1811.94
,,,,,,,3115,4135.95,3939,3229.98,10832.25,14259.18,23397.66,14771.25,7365.93,1811.94
,,,,,,,3116,4135.95,3939,3229.98,10832.25,14259.18,23397.66,14771.25,7365.93,1811.94
,,,,,,,3117,4135.95,3939,3229.98,10832.25,14259.18,23397.66,14771.25,7365.93,1811.94
,,,,,,,3118,4135.95,3939,3229.98,10832.25,14259.18,23397.66,14771.25,7365.93,1811.94
,,,,,,,3119,4135.95,3939,3229.98,10832.25,14259.18,23397.66,14771.25,7365.93,1811.94
,,,,,,,3120,4135.95,3939,3229.98,10832.25,14259.18,23397.66,14771.25,7365.93,1811.94
,,,,,,,3121,4135.95,3939,3229.98,10832.25,14259.18,23397.66,14771.25,7365.93,1811.94
,,,,,,,3122,4135.95,3939,3229.98,10832.25,14259.18,23397.66,14771.25,7365.93,1811.94
,,,,,,,3123,4135.95,3939,3229.98,10832.25,14259.18,23397.66,14771.25,7365.93,1811.94
,,,,,,,3124,4135.95,3939,3229.98,10832.25,14259.18,23397.66,14771.25,7365.93,1811.94
,,,,,,,3125,4135.95,3939,3229.98,10832.25,14259.18,23397.66,14771.25,7365.93,1811.94
,,,,,,,3126,4135.95,3939,3229.98,10832.25,14259.18,23397.66,14771.25,7365.93,1811.94
,,,,,,,3127,4135.95,3939,3229.98,10832.25,14259.18,23397.66,14771.25,7365.93,1811.94
,,,,,,,3128,4135.95,3939,3229.98,10832.25,14259.18,23397.66,14771.25,7365.93,1811.94
,,,,,,,3129,4135.95,3939,3229.98,10832.25,14259.18,23397.66,14771.25,7365.93,1811.94
,,,,,,,3130,4135.95,3939,3229.98,10832.25,14259.18,23397.66,14771.25,7365.93,1811.94
,,,,,,,3131,4135.95,3939,3229.98,10832.25,14259.18,23397.66,14771.25,7365.93,1811.94
,,,,,,,3132,4135.95,3939,3229.98,10832.25,14259.18,23397.66,14771.25,7365.93,1811.94
,,,,,,,3133,4135.95,3939,3229.98,10832.25,14259.18,23397.66,14771.25,7365.93,1811.94
,,,,,,,3134,4135.95,3939,3229.98,10832.25,14259.18,23397.66,14771.25,7365.93,1811.94
,,,,,,,3135,4135.95,3939,3229.98,10832.25,14259.18,23397.66,14771.25,7365.93,1811.94
,,,,,,,3136,4135.95,3939,3229.98,10832.25,14259.18,23397.66,14771.25,7365.93,1811.94
,,,,,,,3137,4135.95,3939,3229.98,10832.25,14259.18,23397.66,14771.25,7365.93,1811.94
,,,,,,,3138,4135.95,3939,3229.98,10832.25,14259.18,23397.66,14771.25,7365.93,1811.94
,,,,,,,3139,4135.95,3939,3229.98,10832.25,14259.18,23397.66,14771.25,7365.93,1811.94
,,,,,,,3140,4135.95,3939,3229.98,10832.25,14259.18,23397.66,14771.25,7365.93,1811.94
,,,,,,,3141,4135.95,3939,3229.98,10832.25,14259.18,23397.66,14771.25,7365.93,1811.94
,,,,,,,3142,4135.95,3939,3229.98,10832.25,14259.18,23397.66,14771.25,7365.93,1811.94
,,,,,,,3143,4135.95,3939,3229.98,10832.25,14259.18,23397.66,14771.25,7365.93,1811.94
,,,,,,,3144,4135.95,3939,3229.98,10832.25,14259.18,23397.66,14771.25,7365.93,1811.94
,,,,,,,3145,4135.95,3939,3229.98,10832.25,14259.18,23397.66,14771.25,7365.93,1811.94
,,,,,,,3146,4135.95,3939,3229.98,10832.25,14259.18,23397.66,14771.25,7365.93,1811.94
,,,,,,,3147,4135.95,3939,3229.98,10832.25,14259.18,23397.66,14771.25,7365.93,1811.94
,,,,,,,3148,4135.95,3939,3229.98,10832.25,14259.18,23397.66,14771.25,7365.93,1811.94
,,,,,,,3149,4135.95,3939,3229.98,10832.25,14259.18,23397.66,14771.25,7365.93,1811.94
,,,,,,,3150,4135.95,3939,3229.98,10832.25,14259.18,23397.66,14771.25,7365.93,1811.94
,,,,,,,3151,4135.95,3939,3229.98,10832.25,14259.18,23397.66,14771.25,7365.93,1811.94
,,,,,,,3152,4135.95,3939,3229.98,10832.25,14259.18,23397.66,14771.25,7365.93,1811.94
,,,,,,,3153,4135.95,3939,3229.98,10832.25,14259.18,23397.66,14771.25,7365.93,1811.94
,,,,,,,3154,4135.95,3939,3229.98,10832.25,14259.18,23397.66,14771.25,7365.93,1811.94
,,,,,,,3155,4135.95,3939,3229.98,10832.25,14259.18,23397.66,14771.25,7365.93,1811.94
,,,,,,,3156,4135.95,3939,3229.98,10832.25,14259.18,23397.66,14771.25,7365.93,1811.94
,,,,,,,3157,4135.95,3939,3229.98,10832.25,14259.18,23397.66,14771.25,7365.93,1811.94
,,,,,,,3158,4135.95,3939,3229.98,10832.25,14259.18,23397.66,14771.25,7365.93,1811.94
,,,,,,,3159,4135.95,3939,3229.98,10832.25,14259.18,23397.66,14771.25,7365.93,1811.94
,,,,,,,3160,4135.95,3939,3229.98,10832.25,14259.18,23397.66,14771.25,7365.93,1811.94
,,,,,,,3161,4135.95,3939,3229.98,10832.25,14259.18,23397.66,14771.25,7365.93,1811.94
,,,,,,,3162,4135.95,3939,3229.98,10832.25,14259.18,23397.66,14771.25,7365.93,1811.94
,,,,,,,3163,4135.95,3939,3229.98,10832.25,14259.18,23397.66,14771.25,7365.93,1811.94
,,,,,,,3164,4135.95,3939,3229.98,10832.25,14259.18,23397.66,14771.25,7365.93,1811.94
,,,,,,,3165,4135.95,3939,3229.98,10832.25,14259.18,23397.66,14771.25,7365.93,1811.94
,,,,,,,3166,4135.95,3939,3229.98,10832.25,14259.18,23397.66,14771.25,7365.93,1811.94
,,,,,,,3167,4135.95,3939,3229.98,10832.25,14259.18,23397.66,14771.25,7365.93,1811.94
,,,,,,,3168,4135.95,3939,3229.98,10832.25,14259.18,23397.66,14771.25,7365.93,1811.94
,,,,,,,3169,4135.95,3939,3229.98,10832.25,14259.18,23397.66,14771.25,7365.93,1811.94
,,,,,,,3170,4135.95,3939,3229.98,10832.25,14259.18,23397.66,14771.25,7365.93,1811.94
,,,,,,,3171,4135.95,3939,3229.98,10832.25,14259.18,23397.66,14771.25,7365.93,1811.94
,,,,,,,3172,4135.95,3939,3229.98,10832.25,14259.18,23397.66,14771.25,7365.93,1811.94
,,,,,,,3173,4135.95,3939,3229.98,10832.25,14259.18,23397.66,14771.25,7365.93,1811.94
,,,,,,,3174,4135.95,3939,3229.98,10832.25,14259.18,23397.66,14771.25,7365.93,1811.94
,,,,,,,3175,4135.95,3939,3229.98,10832.25,14259.18,23397.66,14771.25,7365.93,1811.94
,,,,,,,3176,4135.95,3939,3229.98,10832.25,14259.18,23397.66,14771.25,7365.93,1811.94
,,,,,,,3177,4135.95,3939,3229.98,10832.25,14259.18,23397.66,14771.25,7365.93,1811.94
,,,,,,,3178,4135.95,3939,3229.98,10832.25,14259.18,23397.66,14771.25,7365.93,1811.94
,,,,,,,3179,4135.95,3939,3229.98,10832.25,14259.18,23397.66,14771.25,7365.93,1811.94
,,,,,,,3180,4135.95,3939,3229.98,10832.25,14259.18,23397.66,14771.25,7365.93,1811.94
,,,,,,,3181,4135.95,3939,3229.98,10832.25,14259.18,23397.66,14771.25,7365.93,1811.94
,,,,,,,3182,4135.95,3939,3229.98,10832.25,14259.18,23397.66,14771.25,7365.93,1811.94
,,,,,,,3183,4135.95,3939,3229.98,10832.25,14259.18,23397.66,14771.25,7365.93,1811.94
,,,,,,,3184,4135.95,3939,3229.98,10832.25,14259.18,23397.66,14771.25,7365.93,1811.94
,,,,,,,3185,4135.95,3939,3229.98,10832.25,14259.18,23397.66,14771.25,7365.93,1811.94
,,,,,,,3186,4135.95,3939,3229.98,10832.25,14259.18,23397.66,14771.25,7365.93,1811.94
,,,,,,,3187,4135.95,3939,3229.98,10832.25,14259.18,23397.66,14771.25,7365.93,1811.94
,,,,,,,3188,4135.95,3939,3229.98,10832.25,14259.18,23397.66,14771.25,7365.93,1811.94
,,,,,,,3189,4135.95,3939,3229.98,10832.25,14259.18,23397.66,14771.25,7365.93,1811.94
,,,,,,,3190,4135.95,3939,3229.98,10832.25,14259.18,23397.66,14771.25,7365.93,1811.94
,,,,,,,3191,4135.95,3939,3229.98,10832.25,14259.18,23397.66,14771.25,7365.93,1811.94
,,,,,,,3192,4135.95,3939,3229.98,10832.25,14259.18,23397.66,14771.25,7365.93,1811.94
,,,,,,,3193,4135.95,3939,3229.98,10832.25,14259.18,23397.66,14771.25,7365.93,1811.94
,,,,,,,3194,4135.95,3939,3229.98,10832.25,14259.18,23397.66,14771.25,7365.93,1811.94
,,,,,,,3195,4135.95,3939,3229.98,10832.25,14259.18,23397.66,14771.25,7365.93,1811.94
,,,,,,,3196,4135.95,3939,3229.98,10832.25,14259.18,23397.66,14771.25,7365.93,1811.94
,,,,,,,3197,4135.95,3939,3229.98,10832.25,14259.18,23397.66,14771.25,7365.93,1811.94
,,,,,,,3198,4135.95,3939,3229.98,10832.25,14259.18,23397.66,14771.25,7365.93,1811.94
,,,,,,,3199,4135.95,3939,3229.98,10832.25,14259.18,23397.66,14771.25,7365.93,1811.94
,,,,,,,3200,4135.95,3939,3229.98,10832.25,14259.18,23397.66,14771.25,7365.93,1811.94
,,,,,,,3201,4135.95,3939,3229.98,10832.25,14259.18,23397.66,14771.25,7365.93,1811.94
,,,,,,,3202,4135.95,3939,3229.98,10832.25,14259.18,23397.66,14771.25,7365.93,1811.94
,,,,,,,3203,4135.95,3939,3229.98,10832.25,14259.18,23397.66,14771.25,7365.93,1811.94
,,,,,,,3204,4135.95,3939,3229.98,10832.25,14259.18,23397.66,14771.25,7365.93,1811.94
,,,,,,,3205,4135.95,3939,3229.98,10832.25,14259.18,23397.66,14771.25,7365.93,1811.94
,,,,,,,3206,4135.95,3939,3229.98,10832.25,14259.18,23397.66,14771.25,7365.93,1811.94
,,,,,,,3207,4135.95,3939,3229.98,10832.25,14259.18,23397.66,14771.25,7365.93,1811.94
,,,,,,,3208,4135.95,3939,3229.98,10832.25,14259.18,23397.66,14771.25,7365.93,1811.94
,,,,,,,3209,4135.95,3939,3229.98,10832.25,14259.18,23397.66,14771.25,7365.93,1811.94
,,,,,,,3210,4135.95,3939,3229.98,10832.25,14259.18,23397.66,14771.25,7365.93,1811.94
,,,,,,,3211,4135.95,3939,3229.98,10832.25,14259.18,23397.66,14771.25,7365.93,1811.94
,,,,,,,3212,4135.95,3939,3229.98,10832.25,14259.18,23397.66,14771.25,7365.93,1811.94
,,,,,,,3213,4135.95,3939,3229.98,10832.25,14259.18,23397.66,14771.25,7365.93,1811.94
,,,,,,,3214,4135.95,3939,3229.98,10832.25,14259.18,23397.66,14771.25,7365.93,1811.94
,,,,,,,3215,4135.95,3939,3229.98,10832.25,14259.18,23397.66,14771.25,7365.93,1811.94
,,,,,,,3216,4135.95,3939,3229.98,10832.25,14259.18,23397.66,14771.25,7365.93,1811.94
,,,,,,,3217,4135.95,3939,3229.98,10832.25,14259.18,23397.66,14771.25,7365.93,1811.94
,,,,,,,3218,4135.95,3939,3229.98,10832.25,14259.18,23397.66,14771.25,7365.93,1811.94
,,,,,,,3219,4135.95,3939,3229.98,10832.25,14259.18,23397.66,14771.25,7365.93,1811.94
,,,,,,,3220,4135.95,3939,3229.98,10832.25,14259.18,23397.66,14771.25,7365.93,1811.94
,,,,,,,3221,4135.95,3939,3229.98,10832.25,14259.18,23397.66,14771.25,7365.93,1811.94
,,,,,,,3222,4135.95,3939,3229.98,10832.25,14259.18,23397.66,14771.25,7365.93,1811.94
,,,,,,,3223,4135.95,3939,3229.98,10832.25,14259.18,23397.66,14771.25,7365.93,1811.94
,,,,,,,3224,4135.95,3939,3229.98,10832.25,14259.18,23397.66,14771.25,7365.93,1811.94
,,,,,,,3225,4135.95,3939,3229.98,10832.25,14259.18,23397.66,14771.25,7365.93,1811.94
,,,,,,,3226,4135.95,3939,3229.98,10832.25,14259.18,23397.66,14771.25,7365.93,1811.94
,,,,,,,3227,4135.95,3939,3229.98,10832.25,14259.18,23397.66,14771.25,7365.93,1811.94
,,,,,,,3228,4135.95,3939,3229.98,10832.25,14259.18,23397.66,14771.25,7365.93,1811.94
,,,,,,,3229,4135.95,3939,3229.98,10832.25,14259.18,23397.66,14771.25,7365.93,1811.94
,,,,,,,3230,4135.95,3939,3229.98,10832.25,14259.18,23397.66,14771.25,7365.93,1811.94
,,,,,,,3231,4135.95,3939,3229.98,10832.25,14259.18,23397.66,14771.25,7365.93,1811.94
,,,,,,,3232,4135.95,3939,3229.98,10832.25,14259.18,23397.66,14771.25,7365.93,1811.94
,,,,,,,3233,4135.95,3939,3229.98,10832.25,14259.18,23397.66,14771.25,7365.93,1811.94
,,,,,,,3234,4135.95,3939,3229.98,10832.25,14259.18,23397.66,14771.25,7365.93,1811.94
,,,,,,,3235,4135.95,3939,3229.98,10832.25,14259.18,23397.66,14771.25,7365.93,1811.94
,,,,,,,3236,4135.95,3939,3229.98,10832.25,14259.18,23397.66,14771.25,7365.93,1811.94
,,,,,,,3237,4135.95,3939,3229.98,10832.25,14259.18,23397.66,14771.25,7365.93,1811.94
,,,,,,,3238,4135.95,3939,3229.98,10832.25,14259.18,23397.66,14771.25,7365.93,1811.94
,,,,,,,3239,4135.95,3939,3229.98,10832.25,14259.18,23397.66,14771.25,7365.93,1811.94
,,,,,,,3240,4135.95,3939,3229.98,10832.25,14259.18,23397.66,14771.25,7365.93,1811.94
,,,,,,,3241,4135.95,3939,3229.98,10832.25,14259.18,23397.66,14771.25,7365.93,1811.94
,,,,,,,3242,4135.95,3939,3229.98,10832.25,14259.18,23397.66,14771.25,7365.93,1811.94
,,,,,,,3243,4135.95,3939,3229.98,10832.25,14259.18,23397.66,14771.25,7365.93,1811.94
,,,,,,,3244,4135.95,3939,3229.98,10832.25,14259.18,23397.66,14771.25,7365.93,1811.94
,,,,,,,3245,4135.95,3939,3229.98,10832.25,14259.18,23397.66,14771.25,7365.93,1811.94
,,,,,,,3246,4135.95,3939,3229.98,10832.25,14259.18,23397.66,14771.25,7365.93,1811.94
,,,,,,,3247,4135.95,3939,3229.98,10832.25,14259.18,23397.66,14771.25,7365.93,1811.94
,,,,,,,3248,4135.95,3939,3229.98,10832.25,14259.18,23397.66,14771.25,7365.93,1811.94
,,,,,,,3249,4135.95,3939,3229.98,10832.25,14259.18,23397.66,14771.25,7365.93,1811.94
,,,,,,,3250,4135.95,3939,3229.98,10832.25,14259.18,23397.66,14771.25,7365.93,1811.94
,,,,,,,3251,4135.95,3939,3229.98,10832.25,14259.18,23397.66,14771.25,7365.93,1811.94
,,,,,,,3252,4135.95,3939,3229.98,10832.25,14259.18,23397.66,14771.25,7365.93,1811.94
,,,,,,,3253,4135.95,3939,3229.98,10832.25,14259.18,23397.66,14771.25,7365.93,1811.94
,,,,,,,3254,4135.95,3939,3229.98,10832.25,14259.18,23397.66,14771.25,7365.93,1811.94
,,,,,,,3255,4135.95,3939,3229.98,10832.25,14259.18,23397.66,14771.25,7365.93,1811.94
,,,,,,,3256,4135.95,3939,3229.98,10832.25,14259.18,23397.66,14771.25,7365.93,1811.94
,,,,,,,3257,4135.95,3939,3229.98,10832.25,14259.18,23397.66,14771.25,7365.93,1811.94
,,,,,,,3258,4135.95,3939,3229.98,10832.25,14259.18,23397.66,14771.25,7365.93,1811.94
,,,,,,,3259,4135.95,3939,3229.98,10832.25,14259.18,23397.66,14771.25,7365.93,1811.94
,,,,,,,3260,4135.95,3939,3229.98,10832.25,14259.18,23397.66,14771.25,7365.93,1811.94
,,,,,,,3261,4135.95,3939,3229.98,10832.25,14259.18,23397.66,14771.25,7365.93,1811.94
,,,,,,,3262,4135.95,3939,3229.98,10832.25,14259.18,23397.66,14771.25,7365.93,1811.94
,,,,,,,3263,4135.95,3939,3229.98,10832.25,14259.18,23397.66,14771.25,7365.93,1811.94
,,,,,,,3264,4135.95,3939,3229.98,10832.25,14259.18,23397.66,14771.25,7365.93,1811.94
,,,,,,,3265,4135.95,3939,3229.98,10832.25,14259.18,23397.66,14771.25,7365.93,1811.94
,,,,,,,3266,4135.95,3939,3229.98,10832.25,14259.18,23397.66,14771.25,7365.93,1811.94
,,,,,,,3267,4135.95,3939,3229.98,10832.25,14259.18,23397.66,14771.25,7365.93,1811.94
,,,,,,,3268,4135.95,3939,3229.98,10832.25,14259.18,23397.66,14771.25,7365.93,1811.94
,,,,,,,3269,4135.95,3939,3229.98,10832.25,14259.18,23397.66,14771.25,7365.93,1811.94
,,,,,,,3270,4135.95,3939,3229.98,10832.25,14259.18,23397.66,14771.25,7365.93,1811.94
,,,,,,,3271,4135.95,3939,3229.98,10832.25,14259.18,23397.66,14771.25,7365.93,1811.94
,,,,,,,3272,4135.95,3939,3229.98,10832.25,14259.18,23397.66,14771.25,7365.93,1811.94
,,,,,,,3273,4135.95,3939,3229.98,10832.25,14259.18,23397.66,14771.25,7365.93,1811.94
,,,,,,,3274,4135.95,3939,3229.98,10832.25,14259.18,23397.66,14771.25,7365.93,1811.94
,,,,,,,3275,4135.95,3939,3229.98,10832.25,14259.18,23397.66,14771.25,7365.93,1811.94
,,,,,,,3276,4135.95,3939,3229.98,10832.25,14259.18,23397.66,14771.25,7365.93,1811.94
,,,,,,,3277,4135.95,3939,3229.98,10832.25,14259.18,23397.66,14771.25,7365.93,1811.94
,,,,,,,3278,4135.95,3939,3229.98,10832.25,14259.18,23397.66,14771.25,7365.93,1811.94
,,,,,,,3279,4135.95,3939,3229.98,10832.25,14259.18,23397.66,14771.25,7365.93,1811.94
,,,,,,,3280,4135.95,3939,3229.98,10832.25,14259.18,23397.66,14771.25,7365.93,1811.94
,,,,,,,3281,4135.95,3939,3229.98,10832.25,14259.18,23397.66,14771.25,7365.93,1811.94
,,,,,,,3282,4135.95,3939,3229.98,10832.25,14259.18,23397.66,14771.25,7365.93,1811.94
,,,,,,,3283,4135.95,3939,3229.98,10832.25,14259.18,23397.66,14771.25,7365.93,1811.94
,,,,,,,3284,4135.95,3939,3229.98,10832.25,14259.18,23397.66,14771.25,7365.93,1811.94
,,,,,,,3285,4135.95,3939,3229.98,10832.25,14259.18,23397.66,14771.25,7365.93,1811.94
,,,,,,,3286,4135.95,3939,3229.98,10832.25,14259.18,23397.66,14771.25,7365.93,1811.94
,,,,,,,3287,4135.95,3939,3229.98,10832.25,14259.18,23397.66,14771.25,7365.93,1811.94
,,,,,,,3288,4135.95,3939,3229.98,10832.25,14259.18,23397.66,14771.25,7365.93,1811.94
,,,,,,,3289,4135.95,3939,3229.98,10832.25,14259.18,23397.66,14771.25,7365.93,1811.94
,,,,,,,3290,4135.95,3939,3229.98,10832.25,14259.18,23397.66,14771.25,7365.93,1811.94
,,,,,,,3291,4135.95,3939,3229.98,10832.25,14259.18,23397.66,14771.25,7365.93,1811.94
,,,,,,,3292,4135.95,3939,3229.98,10832.25,14259.18,23397.66,14771.25,7365.93,1811.94
,,,,,,,3293,4135.95,3939,3229.98,10832.25,14259.18,23397.66,14771.25,7365.93,1811.94
,,,,,,,3294,4135.95,3939,3229.98,10832.25,14259.18,23397.66,14771.25,7365.93,1811.94
,,,,,,,3295,4135.95,3939,3229.98,10832.25,14259.18,23397.66,14771.25,7365.93,1811.94
,,,,,,,3296,4135.95,3939,3229.98,10832.25,14259.18,23397.66,14771.25,7365.93,1811.94
,,,,,,,3297,4135.95,3939,3229.98,10832.25,14259.18,23397.66,14771.25,7365.93,1811.94
,,,,,,,3298,4135.95,3939,3229.98,10832.25,14259.18,23397.66,14771.25,7365.93,1811.94
,,,,,,,3299,4135.95,3939,3229.98,10832.25,14259.18,23397.66,14771.25,7365.93,1811.94
,,,,,,,3300,4135.95,3939,3229.98,10832.25,14259.18,23397.66,14771.25,7365.93,1811.94
,,,,,,,3301,4135.95,3939,3229.98,10832.25,14259.18,23397.66,14771.25,7365.93,1811.94
,,,,,,,3302,4135.95,3939,3229.98,10832.25,14259.18,23397.66,14771.25,7365.93,1811.94
,,,,,,,3303,4135.95,3939,3229.98,10832.25,14259.18,23397.66,14771.25,7365.93,1811.94
,,,,,,,3304,4135.95,3939,3229.98,10832.25,14259.18,23397.66,14771.25,7365.93,1811.94
,,,,,,,3305,4135.95,3939,3229.98,10832.25,14259.18,23397.66,14771.25,7365.93,1811.94
,,,,,,,3306,4135.95,3939,3229.98,10832.25,14259.18,23397.66,14771.25,7365.93,1811.94
,,,,,,,3307,4135.95,3939,3229.98,10832.25,14259.18,23397.66,14771.25,7365.93,1811.94
,,,,,,,3308,4135.95,3939,3229.98,10832.25,14259.18,23397.66,14771.25,7365.93,1811.94
,,,,,,,3309,4135.95,3939,3229.98,10832.25,14259.18,23397.66,14771.25,7365.93,1811.94
,,,,,,,3310,4135.95,3939,3229.98,10832.25,14259.18,23397.66,14771.25,7365.93,1811.94
,,,,,,,3311,4135.95,3939,3229.98,10832.25,14259.18,23397.66,14771.25,7365.93,1811.94
,,,,,,,3312,4135.95,3939,3229.98,10832.25,14259.18,23397.66,14771.25,7365.93,1811.94
,,,,,,,3313,4135.95,3939,3229.98,10832.25,14259.18,23397.66,14771.25,7365.93,1811.94
,,,,,,,3314,4135.95,3939,3229.98,10832.25,14259.18,23397.66,14771.25,7365.93,1811.94
,,,,,,,3315,4135.95,3939,3229.98,10832.25,14259.18,23397.66,14771.25,7365.93,1811.94
,,,,,,,3316,4135.95,3939,3229.98,10832.25,14259.18,23397.66,14771.25,7365.93,1811.94
,,,,,,,3317,4135.95,3939,3229.98,10832.25,14259.18,23397.66,14771.25,7365.93,1811.94
,,,,,,,3318,4135.95,3939,3229.98,10832.25,14259.18,23397.66,14771.25,7365.93,1811.94
,,,,,,,3319,4135.95,3939,3229.98,10832.25,14259.18,23397.66,14771.25,7365.93,1811.94
,,,,,,,3320,4135.95,3939,3229.98,10832.25,14259.18,23397.66,14771.25,7365.93,1811.94
,,,,,,,3321,4135.95,3939,3229.98,10832.25,14259.18,23397.66,14771.25,7365.93,1811.94
,,,,,,,3322,4135.95,3939,3229.98,10832.25,14259.18,23397.66,14771.25,7365.93,1811.94
,,,,,,,3323,4135.95,3939,3229.98,10832.25,14259.18,23397.66,14771.25,7365.93,1811.94
,,,,,,,3324,4135.95,3939,3229.98,10832.25,14259.18,23397.66,14771.25,7365.93,1811.94
,,,,,,,3325,4135.95,3939,3229.98,10832.25,14259.18,23397.66,14771.25,7365.93,1811.94
,,,,,,,3326,4135.95,3939,3229.98,10832.25,14259.18,23397.66,14771.25,7365.93,1811.94
,,,,,,,3327,4135.95,3939,3229.98,10832.25,14259.18,23397.66,14771.25,7365.93,1811.94
,,,,,,,3328,4135.95,3939,3229.98,10832.25,14259.18,23397.66,14771.25,7365.93,1811.94
,,,,,,,3329,4135.95,3939,3229.98,10832.25,14259.18,23397.66,14771.25,7365.93,1811.94
,,,,,,,3330,4135.95,3939,3229.98,10832.25,14259.18,23397.66,14771.25,7365.93,1811.94
,,,,,,,3331,4135.95,3939,3229.98,10832.25,14259.18,23397.66,14771.25,7365.93,1811.94
,,,,,,,3332,4135.95,3939,3229.98,10832.25,14259.18,23397.66,14771.25,7365.93,1811.94
,,,,,,,3333,4135.95,3939,3229.98,10832.25,14259.18,23397.66,14771.25,7365.93,1811.94
,,,,,,,3334,4135.95,3939,3229.98,10832.25,14259.18,23397.66,14771.25,7365.93,1811.94
,,,,,,,3335,4135.95,3939,3229.98,10832.25,14259.18,23397.66,14771.25,7365.93,1811.94
,,,,,,,3336,4135.95,3939,3229.98,10832.25,14259.18,23397.66,14771.25,7365.93,1811.94
,,,,,,,3337,4135.95,3939,3229.98,10832.25,14259.18,23397.66,14771.25,7365.93,1811.94
,,,,,,,3338,4135.95,3939,3229.98,10832.25,14259.18,23397.66,14771.25,7365.93,1811.94
,,,,,,,3339,4135.95,3939,3229.98,10832.25,14259.18,23397.66,14771.25,7365.93,1811.94
,,,,,,,3340,4135.95,3939,3229.98,10832.25,14259.18,23397.66,14771.25,7365.93,1811.94
,,,,,,,3341,4135.95,3939,3229.98,10832.25,14259.18,23397.66,14771.25,7365.93,1811.94
,,,,,,,3342,4135.95,3939,3229.98,10832.25,14259.18,23397.66,14771.25,7365.93,1811.94
,,,,,,,3343,4135.95,3939,3229.98,10832.25,14259.18,23397.66,14771.25,7365.93,1811.94
,,,,,,,3344,4135.95,3939,3229.98,10832.25,14259.18,23397.66,14771.25,7365.93,1811.94
,,,,,,,3345,4135.95,3939,3229.98,10832.25,14259.18,23397.66,14771.25,7365.93,1811.94
,,,,,,,3346,4135.95,3939,3229.98,10832.25,14259.18,23397.66,14771.25,7365.93,1811.94
,,,,,,,3347,4135.95,3939,3229.98,10832.25,14259.18,23397.66,14771.25,7365.93,1811.94
,,,,,,,3348,4135.95,3939,3229.98,10832.25,14259.18,23397.66,14771.25,7365.93,1811.94
,,,,,,,3349,4135.95,3939,3229.98,10832.25,14259.18,23397.66,14771.25,7365.93,1811.94
,,,,,,,3350,4135.95,3939,3229.98,10832.25,14259.18,23397.66,14771.25,7365.93,1811.94
,,,,,,,3351,4135.95,3939,3229.98,10832.25,14259.18,23397.66,14771.25,7365.93,1811.94
,,,,,,,3352,4135.95,3939,3229.98,10832.25,14259.18,23397.66,14771.25,7365.93,1811.94
,,,,,,,3353,4135.95,3939,3229.98,10832.25,14259.18,23397.66,14771.25,7365.93,1811.94
,,,,,,,3354,4135.95,3939,3229.98,10832.25,14259.18,23397.66,14771.25,7365.93,1811.94
,,,,,,,3355,4135.95,3939,3229.98,10832.25,14259.18,23397.66,14771.25,7365.93,1811.94
,,,,,,,3356,4135.95,3939,3229.98,10832.25,14259.18,23397.66,14771.25,7365.93,1811.94
,,,,,,,3357,4135.95,3939,3229.98,10832.25,14259.18,23397.66,14771.25,7365.93,1811.94
,,,,,,,3358,4135.95,3939,3229.98,10832.25,14259.18,23397.66,14771.25,7365.93,1811.94
,,,,,,,3359,4135.95,3939,3229.98,10832.25,14259.18,23397.66,14771.25,7365.93,1811.94
,,,,,,,3360,4135.95,3939,3229.98,10832.25,14259.18,23397.66,14771.25,7365.93,1811.94
,,,,,,,3361,4135.95,3939,3229.98,10832.25,14259.18,23397.66,14771.25,7365.93,1811.94
,,,,,,,3362,4135.95,3939,3229.98,10832.25,14259.18,23397.66,14771.25,7365.93,1811.94
,,,,,,,3363,4135.95,3939,3229.98,10832.25,14259.18,23397.66,14771.25,7365.93,1811.94
,,,,,,,3364,4135.95,3939,3229.98,10832.25,14259.18,23397.66,14771.25,7365.93,1811.94
,,,,,,,3365,4135.95,3939,3229.98,10832.25,14259.18,23397.66,14771.25,7365.93,1811.94
,,,,,,,3366,4135.95,3939,3229.98,10832.25,14259.18,23397.66,14771.25,7365.93,1811.94
,,,,,,,3367,4135.95,3939,3229.98,10832.25,14259.18,23397.66,14771.25,7365.93,1811.94
,,,,,,,3368,4135.95,3939,3229.98,10832.25,14259.18,23397.66,14771.25,7365.93,1811.94
,,,,,,,3369,4135.95,3939,3229.98,10832.25,14259.18,23397.66,14771.25,7365.93,1811.94
,,,,,,,3370,4135.95,3939,3229.98,10832.25,14259.18,23397.66,14771.25,7365.93,1811.94
,,,,,,,3371,4135.95,3939,3229.98,10832.25,14259.18,23397.66,14771.25,7365.93,1811.94
,,,,,,,3372,4135.95,3939,3229.98,10832.25,14259.18,23397.66,14771.25,7365.93,1811.94
,,,,,,,3373,4135.95,3939,3229.98,10832.25,14259.18,23397.66,14771.25,7365.93,1811.94
,,,,,,,3374,4135.95,3939,3229.98,10832.25,14259.18,23397.66,14771.25,7365.93,1811.94
,,,,,,,3375,4135.95,3939,3229.98,10832.25,14259.18,23397.66,14771.25,7365.93,1811.94
,,,,,,,3376,4135.95,3939,3229.98,10832.25,14259.18,23397.66,14771.25,7365.93,1811.94
,,,,,,,3377,4135.95,3939,3229.98,10832.25,14259.18,23397.66,14771.25,7365.93,1811.94
,,,,,,,3378,4135.95,3939,3229.98,10832.25,14259.18,23397.66,14771.25,7365.93,1811.94
,,,,,,,3379,4135.95,3939,3229.98,10832.25,14259.18,23397.66,14771.25,7365.93,1811.94
,,,,,,,3380,4135.95,3939,3229.98,10832.25,14259.18,23397.66,14771.25,7365.93,1811.94
,,,,,,,3381,4135.95,3939,3229.98,10832.25,14259.18,23397.66,14771.25,7365.93,1811.94
,,,,,,,3382,4135.95,3939,3229.98,10832.25,14259.18,23397.66,14771.25,7365.93,1811.94
,,,,,,,3383,4135.95,3939,3229.98,10832.25,14259.18,23397.66,14771.25,7365.93,1811.94
,,,,,,,3384,4135.95,3939,3229.98,10832.25,14259.18,23397.66,14771.25,7365.93,1811.94
,,,,,,,3385,4135.95,3939,3229.98,10832.25,14259.18,23397.66,14771.25,7365.93,1811.94
,,,,,,,3386,4135.95,3939,3229.98,10832.25,14259.18,23397.66,14771.25,7365.93,1811.94
,,,,,,,3387,4135.95,3939,3229.98,10832.25,14259.18,23397.66,14771.25,7365.93,1811.94
,,,,,,,3388,4135.95,3939,3229.98,10832.25,14259.18,23397.66,14771.25,7365.93,1811.94
,,,,,,,3389,4135.95,3939,3229.98,10832.25,14259.18,23397.66,14771.25,7365.93,1811.94
,,,,,,,3390,4135.95,3939,3229.98,10832.25,14259.18,23397.66,14771.25,7365.93,1811.94
,,,,,,,3391,4135.95,3939,3229.98,10832.25,14259.18,23397.66,14771.25,7365.93,1811.94
,,,,,,,3392,4135.95,3939,3229.98,10832.25,14259.18,23397.66,14771.25,7365.93,1811.94
,,,,,,,3393,4135.95,3939,3229.98,10832.25,14259.18,23397.66,14771.25,7365.93,1811.94
,,,,,,,3394,4135.95,3939,3229.98,10832.25,14259.18,23397.66,14771.25,7365.93,1811.94
,,,,,,,3395,4135.95,3939,3229.98,10832.25,14259.18,23397.66,14771.25,7365.93,1811.94
,,,,,,,3396,4135.95,3939,3229.98,10832.25,14259.18,23397.66,14771.25,7365.93,1811.94
,,,,,,,3397,4135.95,3939,3229.98,10832.25,14259.18,23397.66,14771.25,7365.93,1811.94
,,,,,,,3398,4135.95,3939,3229.98,10832.25,14259.18,23397.66,14771.25,7365.93,1811.94
,,,,,,,3399,4135.95,3939,3229.98,10832.25,14259.18,23397.66,14771.25,7365.93,1811.94
,,,,,,,3400,4135.95,3939,3229.98,10832.25,14259.18,23397.66,14771.25,7365.93,1811.94
,,,,,,,3401,4135.95,3939,3229.98,10832.25,14259.18,23397.66,14771.25,7365.93,1811.94
,,,,,,,3402,4135.95,3939,3229.98,10832.25,14259.18,23397.66,14771.25,7365.93,1811.94
,,,,,,,3403,4135.95,3939,3229.98,10832.25,14259.18,23397.66,14771.25,7365.93,1811.94
,,,,,,,3404,4135.95,3939,3229.98,10832.25,14259.18,23397.66,14771.25,7365.93,1811.94
,,,,,,,3405,4135.95,3939,3229.98,10832.25,14259.18,23397.66,14771.25,7365.93,1811.94
,,,,,,,3406,4135.95,3939,3229.98,10832.25,14259.18,23397.66,14771.25,7365.93,1811.94
,,,,,,,3407,4135.95,3939,3229.98,10832.25,14259.18,23397.66,14771.25,7365.93,1811.94
,,,,,,,3408,4135.95,3939,3229.98,10832.25,14259.18,23397.66,14771.25,7365.93,1811.94
,,,,,,,3409,4135.95,3939,3229.98,10832.25,14259.18,23397.66,14771.25,7365.93,1811.94
,,,,,,,3410,4135.95,3939,3229.98,10832.25,14259.18,23397.66,14771.25,7365.93,1811.94
,,,,,,,3411,4135.95,3939,3229.98,10832.25,14259.18,23397.66,14771.25,7365.93,1811.94
,,,,,,,3412,4135.95,3939,3229.98,10832.25,14259.18,23397.66,14771.25,7365.93,1811.94
,,,,,,,3413,4135.95,3939,3229.98,10832.25,14259.18,23397.66,14771.25,7365.93,1811.94
,,,,,,,3414,4135.95,3939,3229.98,10832.25,14259.18,23397.66,14771.25,7365.93,1811.94
,,,,,,,3415,4135.95,3939,3229.98,10832.25,14259.18,23397.66,14771.25,7365.93,1811.94
,,,,,,,3416,4135.95,3939,3229.98,10832.25,14259.18,23397.66,14771.25,7365.93,1811.94
,,,,,,,3417,4135.95,3939,3229.98,10832.25,14259.18,23397.66,14771.25,7365.93,1811.94
,,,,,,,3418,4135.95,3939,3229.98,10832.25,14259.18,23397.66,14771.25,7365.93,1811.94
,,,,,,,3419,4135.95,3939,3229.98,10832.25,14259.18,23397.66,14771.25,7365.93,1811.94
,,,,,,,3420,4135.95,3939,3229.98,10832.25,14259.18,23397.66,14771.25,7365.93,1811.94
,,,,,,,3421,4135.95,3939,3229.98,10832.25,14259.18,23397.66,14771.25,7365.93,1811.94
,,,,,,,3422,4135.95,3939,3229.98,10832.25,14259.18,23397.66,14771.25,7365.93,1811.94
,,,,,,,3423,4135.95,3939,3229.98,10832.25,14259.18,23397.66,14771.25,7365.93,1811.94
,,,,,,,3424,4135.95,3939,3229.98,10832.25,14259.18,23397.66,14771.25,7365.93,1811.94
,,,,,,,3425,4135.95,3939,3229.98,10832.25,14259.18,23397.66,14771.25,7365.93,1811.94
,,,,,,,3426,4135.95,3939,3229.98,10832.25,14259.18,23397.66,14771.25,7365.93,1811.94
,,,,,,,3427,4135.95,3939,3229.98,10832.25,14259.18,23397.66,14771.25,7365.93,1811.94
,,,,,,,3428,4135.95,3939,3229.98,10832.25,14259.18,23397.66,14771.25,7365.93,1811.94
,,,,,,,3429,4135.95,3939,3229.98,10832.25,14259.18,23397.66,14771.25,7365.93,1811.94
,,,,,,,3430,4135.95,3939,3229.98,10832.25,14259.18,23397.66,14771.25,7365.93,1811.94
,,,,,,,3431,4135.95,3939,3229.98,10832.25,14259.18,23397.66,14771.25,7365.93,1811.94
,,,,,,,3432,4135.95,3939,3229.98,10832.25,14259.18,23397.66,14771.25,7365.93,1811.94
,,,,,,,3433,4135.95,3939,3229.98,10832.25,14259.18,23397.66,14771.25,7365.93,1811.94
,,,,,,,3434,4135.95,3939,3229.98,10832.25,14259.18,23397.66,14771.25,7365.93,1811.94
,,,,,,,3435,4135.95,3939,3229.98,10832.25,14259.18,23397.66,14771.25,7365.93,1811.94
,,,,,,,3436,4135.95,3939,3229.98,10832.25,14259.18,23397.66,14771.25,7365.93,1811.94
,,,,,,,3437,4135.95,3939,3229.98,10832.25,14259.18,23397.66,14771.25,7365.93,1811.94
,,,,,,,3438,4135.95,3939,3229.98,10832.25,14259.18,23397.66,14771.25,7365.93,1811.94
,,,,,,,3439,4135.95,3939,3229.98,10832.25,14259.18,23397.66,14771.25,7365.93,1811.94
,,,,,,,3440,4135.95,3939,3229.98,10832.25,14259.18,23397.66,14771.25,7365.93,1811.94
,,,,,,,3441,4135.95,3939,3229.98,10832.25,14259.18,23397.66,14771.25,7365.93,1811.94
,,,,,,,3442,4135.95,3939,3229.98,10832.25,14259.18,23397.66,14771.25,7365.93,1811.94
,,,,,,,3443,4135.95,3939,3229.98,10832.25,14259.18,23397.66,14771.25,7365.93,1811.94
,,,,,,,3444,4135.95,3939,3229.98,10832.25,14259.18,23397.66,14771.25,7365.93,1811.94
,,,,,,,3445,4135.95,3939,3229.98,10832.25,14259.18,23397.66,14771.25,7365.93,1811.94
,,,,,,,3446,4135.95,3939,3229.98,10832.25,14259.18,23397.66,14771.25,7365.93,1811.94
,,,,,,,3447,4135.95,3939,3229.98,10832.25,14259.18,23397.66,14771.25,7365.93,1811.94
,,,,,,,3448,4135.95,3939,3229.98,10832.25,14259.18,23397.66,14771.25,7365.93,1811.94
,,,,,,,3449,4135.95,3939,3229.98,10832.25,14259.18,23397.66,14771.25,7365.93,1811.94
,,,,,,,3450,4135.95,3939,3229.98,10832.25,14259.18,23397.66,14771.25,7365.93,1811.94
,,,,,,,3451,4135.95,3939,3229.98,10832.25,14259.18,23397.66,14771.25,7365.93,1811.94
,,,,,,,3452,4135.95,3939,3229.98,10832.25,14259.18,23397.66,14771.25,7365.93,1811.94
,,,,,,,3453,4135.95,3939,3229.98,10832.25,14259.18,23397.66,14771.25,7365.93,1811.94
,,,,,,,3454,4135.95,3939,3229.98,10832.25,14259.18,23397.66,14771.25,7365.93,1811.94
,,,,,,,3455,4135.95,3939,3229.98,10832.25,14259.18,23397.66,14771.25,7365.93,1811.94
,,,,,,,3456,4135.95,3939,3229.98,10832.25,14259.18,23397.66,14771.25,7365.93,1811.94
,,,,,,,3457,4135.95,3939,3229.98,10832.25,14259.18,23397.66,14771.25,7365.93,1811.94
,,,,,,,3458,4135.95,3939,3229.98,10832.25,14259.18,23397.66,14771.25,7365.93,1811.94
,,,,,,,3459,4135.95,3939,3229.98,10832.25,14259.18,23397.66,14771.25,7365.93,1811.94
,,,,,,,3460,4135.95,3939,3229.98,10832.25,14259.18,23397.66,14771.25,7365.93,1811.94
,,,,,,,3461,4135.95,3939,3229.98,10832.25,14259.18,23397.66,14771.25,7365.93,1811.94
,,,,,,,3462,4135.95,3939,3229.98,10832.25,14259.18,23397.66,14771.25,7365.93,1811.94
,,,,,,,3463,4135.95,3939,3229.98,10832.25,14259.18,23397.66,14771.25,7365.93,1811.94
,,,,,,,3464,4135.95,3939,3229.98,10832.25,14259.18,23397.66,14771.25,7365.93,1811.94
,,,,,,,3465,4135.95,3939,3229.98,10832.25,14259.18,23397.66,14771.25,7365.93,1811.94
,,,,,,,3466,4135.95,3939,3229.98,10832.25,14259.18,23397.66,14771.25,7365.93,1811.94
,,,,,,,3467,4135.95,3939,3229.98,10832.25,14259.18,23397.66,14771.25,7365.93,1811.94
,,,,,,,3468,4135.95,3939,3229.98,10832.25,14259.18,23397.66,14771.25,7365.93,1811.94
,,,,,,,3469,4135.95,3939,3229.98,10832.25,14259.18,23397.66,14771.25,7365.93,1811.94
,,,,,,,3470,4135.95,3939,3229.98,10832.25,14259.18,23397.66,14771.25,7365.93,1811.94
,,,,,,,3471,4135.95,3939,3229.98,10832.25,14259.18,23397.66,14771.25,7365.93,1811.94
,,,,,,,3472,4135.95,3939,3229.98,10832.25,14259.18,23397.66,14771.25,7365.93,1811.94
,,,,,,,3473,4135.95,3939,3229.98,10832.25,14259.18,23397.66,14771.25,7365.93,1811.94
,,,,,,,3474,4135.95,3939,3229.98,10832.25,14259.18,23397.66,14771.25,7365.93,1811.94
,,,,,,,3475,4135.95,3939,3229.98,10832.25,14259.18,23397.66,14771.25,7365.93,1811.94
,,,,,,,3476,4135.95,3939,3229.98,10832.25,14259.18,23397.66,14771.25,7365.93,1811.94
,,,,,,,3477,4135.95,3939,3229.98,10832.25,14259.18,23397.66,14771.25,7365.93,1811.94
,,,,,,,3478,4135.95,3939,3229.98,10832.25,14259.18,23397.66,14771.25,7365.93,1811.94
,,,,,,,3479,4135.95,3939,3229.98,10832.25,14259.18,23397.66,14771.25,7365.93,1811.94
,,,,,,,3480,4135.95,3939,3229.98,10832.25,14259.18,23397.66,14771.25,7365.93,1811.94
,,,,,,,3481,4135.95,3939,3229.98,10832.25,14259.18,23397.66,14771.25,7365.93,1811.94
,,,,,,,3482,4135.95,3939,3229.98,10832.25,14259.18,23397.66,14771.25,7365.93,1811.94
,,,,,,,3483,4135.95,3939,3229.98,10832.25,14259.18,23397.66,14771.25,7365.93,1811.94
,,,,,,,3484,4135.95,3939,3229.98,10832.25,14259.18,23397.66,14771.25,7365.93,1811.94
,,,,,,,3485,4135.95,3939,3229.98,10832.25,14259.18,23397.66,14771.25,7365.93,1811.94
,,,,,,,3486,4135.95,3939,3229.98,10832.25,14259.18,23397.66,14771.25,7365.93,1811.94
,,,,,,,3487,4135.95,3939,3229.98,10832.25,14259.18,23397.66,14771.25,7365.93,1811.94
,,,,,,,3488,4135.95,3939,3229.98,10832.25,14259.18,23397.66,14771.25,7365.93,1811.94
,,,,,,,3489,4135.95,3939,3229.98,10832.25,14259.18,23397.66,14771.25,7365.93,1811.94
,,,,,,,3490,4135.95,3939,3229.98,10832.25,14259.18,23397.66,14771.25,7365.93,1811.94
,,,,,,,3491,4135.95,3939,3229.98,10832.25,14259.18,23397.66,14771.25,7365.93,1811.94
,,,,,,,3492,4135.95,3939,3229.98,10832.25,14259.18,23397.66,14771.25,7365.93,1811.94
,,,,,,,3493,4135.95,3939,3229.98,10832.25,14259.18,23397.66,14771.25,7365.93,1811.94
,,,,,,,3494,4135.95,3939,3229.98,10832.25,14259.18,23397.66,14771.25,7365.93,1811.94
,,,,,,,3495,4135.95,3939,3229.98,10832.25,14259.18,23397.66,14771.25,7365.93,1811.94
,,,,,,,3496,4135.95,3939,3229.98,10832.25,14259.18,23397.66,14771.25,7365.93,1811.94
,,,,,,,3497,4135.95,3939,3229.98,10832.25,14259.18,23397.66,14771.25,7365.93,1811.94
,,,,,,,3498,4135.95,3939,3229.98,10832.25,14259.18,23397.66,14771.25,7365.93,1811.94
,,,,,,,3499,4135.95,3939,3229.98,10832.25,14259.18,23397.66,14771.25,7365.93,1811.94
,,,,,,,3500,4135.95,3939,3229.98,10832.25,14259.18,23397.66,14771.25,7365.93,1811.94
,,,,,,,3501,4135.95,3939,3229.98,10832.25,14259.18,23397.66,14771.25,7365.93,1811.94
,,,,,,,3502,4135.95,3939,3229.98,10832.25,14259.18,23397.66,14771.25,7365.93,1811.94
,,,,,,,3503,4135.95,3939,3229.98,10832.25,14259.18,23397.66,14771.25,7365.93,1811.94
,,,,,,,3504,4135.95,3939,3229.98,10832.25,14259.18,23397.66,14771.25,7365.93,1811.94
,,,,,,,3505,4135.95,3939,3229.98,10832.25,14259.18,23397.66,14771.25,7365.93,1811.94
,,,,,,,3506,4135.95,3939,3229.98,10832.25,14259.18,23397.66,14771.25,7365.93,1811.94
,,,,,,,3507,4135.95,3939,3229.98,10832.25,14259.18,23397.66,14771.25,7365.93,1811.94
,,,,,,,3508,4135.95,3939,3229.98,10832.25,14259.18,23397.66,14771.25,7365.93,1811.94
,,,,,,,3509,4135.95,3939,3229.98,10832.25,14259.18,23397.66,14771.25,7365.93,1811.94
,,,,,,,3510,4135.95,3939,3229.98,10832.25,14259.18,23397.66,14771.25,7365.93,1811.94
,,,,,,,3511,4135.95,3939,3229.98,10832.25,14259.18,23397.66,14771.25,7365.93,1811.94
,,,,,,,3512,4135.95,3939,3229.98,10832.25,14259.18,23397.66,14771.25,7365.93,1811.94
,,,,,,,3513,4135.95,3939,3229.98,10832.25,14259.18,23397.66,14771.25,7365.93,1811.94
,,,,,,,3514,4135.95,3939,3229.98,10832.25,14259.18,23397.66,14771.25,7365.93,1811.94
,,,,,,,3515,4135.95,3939,3229.98,10832.25,14259.18,23397.66,14771.25,7365.93,1811.94
,,,,,,,3516,4135.95,3939,3229.98,10832.25,14259.18,23397.66,14771.25,7365.93,1811.94
,,,,,,,3517,4135.95,3939,3229.98,10832.25,14259.18,23397.66,14771.25,7365.93,1811.94
,,,,,,,3518,4135.95,3939,3229.98,10832.25,14259.18,23397.66,14771.25,7365.93,1811.94
,,,,,,,3519,4135.95,3939,3229.98,10832.25,14259.18,23397.66,14771.25,7365.93,1811.94
,,,,,,,3520,4135.95,3939,3229.98,10832.25,14259.18,23397.66,14771.25,7365.93,1811.94
,,,,,,,3521,4135.95,3939,3229.98,10832.25,14259.18,23397.66,14771.25,7365.93,1811.94
,,,,,,,3522,4135.95,3939,3229.98,10832.25,14259.18,23397.66,14771.25,7365.93,1811.94
,,,,,,,3523,4135.95,3939,3229.98,10832.25,14259.18,23397.66,14771.25,7365.93,1811.94
,,,,,,,3524,4135.95,3939,3229.98,10832.25,14259.18,23397.66,14771.25,7365.93,1811.94
,,,,,,,3525,4135.95,3939,3229.98,10832.25,14259.18,23397.66,14771.25,7365.93,1811.94
,,,,,,,3526,4135.95,3939,3229.98,10832.25,14259.18,23397.66,14771.25,7365.93,1811.94
,,,,,,,3527,4135.95,3939,3229.98,10832.25,14259.18,23397.66,14771.25,7365.93,1811.94
,,,,,,,3528,4135.95,3939,3229.98,10832.25,14259.18,23397.66,14771.25,7365.93,1811.94
,,,,,,,3529,4135.95,3939,3229.98,10832.25,14259.18,23397.66,14771.25,7365.93,1811.94
,,,,,,,3530,4135.95,3939,3229.98,10832.25,14259.18,23397.66,14771.25,7365.93,1811.94
,,,,,,,3531,4135.95,3939,3229.98,10832.25,14259.18,23397.66,14771.25,7365.93,1811.94
,,,,,,,3532,4135.95,3939,3229.98,10832.25,14259.18,23397.66,14771.25,7365.93,1811.94
,,,,,,,3533,4135.95,3939,3229.98,10832.25,14259.18,23397.66,14771.25,7365.93,1811.94
,,,,,,,3534,4135.95,3939,3229.98,10832.25,14259.18,23397.66,14771.25,7365.93,1811.94
,,,,,,,3535,4135.95,3939,3229.98,10832.25,14259.18,23397.66,14771.25,7365.93,1811.94
,,,,,,,3536,4135.95,3939,3229.98,10832.25,14259.18,23397.66,14771.25,7365.93,1811.94
,,,,,,,3537,4135.95,3939,3229.98,10832.25,14259.18,23397.66,14771.25,7365.93,1811.94
,,,,,,,3538,4135.95,3939,3229.98,10832.25,14259.18,23397.66,14771.25,7365.93,1811.94
,,,,,,,3539,4135.95,3939,3229.98,10832.25,14259.18,23397.66,14771.25,7365.93,1811.94
,,,,,,,3540,4135.95,3939,3229.98,10832.25,14259.18,23397.66,14771.25,7365.93,1811.94
,,,,,,,3541,4135.95,3939,3229.98,10832.25,14259.18,23397.66,14771.25,7365.93,1811.94
,,,,,,,3542,4135.95,3939,3229.98,10832.25,14259.18,23397.66,14771.25,7365.93,1811.94
,,,,,,,3543,4135.95,3939,3229.98,10832.25,14259.18,23397.66,14771.25,7365.93,1811.94
,,,,,,,3544,4135.95,3939,3229.98,10832.25,14259.18,23397.66,14771.25,7365.93,1811.94
,,,,,,,3545,4135.95,3939,3229.98,10832.25,14259.18,23397.66,14771.25,7365.93,1811.94
,,,,,,,3546,4135.95,3939,3229.98,10832.25,14259.18,23397.66,14771.25,7365.93,1811.94
,,,,,,,3547,4135.95,3939,3229.98,10832.25,14259.18,23397.66,14771.25,7365.93,1811.94
,,,,,,,3548,4135.95,3939,3229.98,10832.25,14259.18,23397.66,14771.25,7365.93,1811.94
,,,,,,,3549,4135.95,3939,3229.98,10832.25,14259.18,23397.66,14771.25,7365.93,1811.94
,,,,,,,3550,4135.95,3939,3229.98,10832.25,14259.18,23397.66,14771.25,7365.93,1811.94
,,,,,,,3551,4135.95,3939,3229.98,10832.25,14259.18,23397.66,14771.25,7365.93,1811.94
,,,,,,,3552,4135.95,3939,3229.98,10832.25,14259.18,23397.66,14771.25,7365.93,1811.94
,,,,,,,3553,4135.95,3939,3229.98,10832.25,14259.18,23397.66,14771.25,7365.93,1811.94
,,,,,,,3554,4135.95,3939,3229.98,10832.25,14259.18,23397.66,14771.25,7365.93,1811.94
,,,,,,,3555,4135.95,3939,3229.98,10832.25,14259.18,23397.66,14771.25,7365.93,1811.94
,,,,,,,3556,4135.95,3939,3229.98,10832.25,14259.18,23397.66,14771.25,7365.93,1811.94
,,,,,,,3557,4135.95,3939,3229.98,10832.25,14259.18,23397.66,14771.25,7365.93,1811.94
,,,,,,,3558,4135.95,3939,3229.98,10832.25,14259.18,23397.66,14771.25,7365.93,1811.94
,,,,,,,3559,4135.95,3939,3229.98,10832.25,14259.18,23397.66,14771.25,7365.93,1811.94
,,,,,,,3560,4135.95,3939,3229.98,10832.25,14259.18,23397.66,14771.25,7365.93,1811.94
,,,,,,,3561,4135.95,3939,3229.98,10832.25,14259.18,23397.66,14771.25,7365.93,1811.94
,,,,,,,3562,4135.95,3939,3229.98,10832.25,14259.18,23397.66,14771.25,7365.93,1811.94
,,,,,,,3563,4135.95,3939,3229.98,10832.25,14259.18,23397.66,14771.25,7365.93,1811.94
,,,,,,,3564,4135.95,3939,3229.98,10832.25,14259.18,23397.66,14771.25,7365.93,1811.94
,,,,,,,3565,4135.95,3939,3229.98,10832.25,14259.18,23397.66,14771.25,7365.93,1811.94
,,,,,,,3566,4135.95,3939,3229.98,10832.25,14259.18,23397.66,14771.25,7365.93,1811.94
,,,,,,,3567,4135.95,3939,3229.98,10832.25,14259.18,23397.66,14771.25,7365.93,1811.94
,,,,,,,3568,4135.95,3939,3229.98,10832.25,14259.18,23397.66,14771.25,7365.93,1811.94
,,,,,,,3569,4135.95,3939,3229.98,10832.25,14259.18,23397.66,14771.25,7365.93,1811.94
,,,,,,,3570,4135.95,3939,3229.98,10832.25,14259.18,23397.66,14771.25,7365.93,1811.94
,,,,,,,3571,4135.95,3939,3229.98,10832.25,14259.18,23397.66,14771.25,7365.93,1811.94
,,,,,,,3572,4135.95,3939,3229.98,10832.25,14259.18,23397.66,14771.25,7365.93,1811.94
,,,,,,,3573,4135.95,3939,3229.98,10832.25,14259.18,23397.66,14771.25,7365.93,1811.94
,,,,,,,3574,4135.95,3939,3229.98,10832.25,14259.18,23397.66,14771.25,7365.93,1811.94
,,,,,,,3575,4135.95,3939,3229.98,10832.25,14259.18,23397.66,14771.25,7365.93,1811.94
,,,,,,,3576,4135.95,3939,3229.98,10832.25,14259.18,23397.66,14771.25,7365.93,1811.94
,,,,,,,3577,4135.95,3939,3229.98,10832.25,14259.18,23397.66,14771.25,7365.93,1811.94
,,,,,,,3578,4135.95,3939,3229.98,10832.25,14259.18,23397.66,14771.25,7365.93,1811.94
,,,,,,,3579,4135.95,3939,3229.98,10832.25,14259.18,23397.66,14771.25,7365.93,1811.94
,,,,,,,3580,4135.95,3939,3229.98,10832.25,14259.18,23397.66,14771.25,7365.93,1811.94
,,,,,,,3581,4135.95,3939,3229.98,10832.25,14259.18,23397.66,14771.25,7365.93,1811.94
,,,,,,,3582,4135.95,3939,3229.98,10832.25,14259.18,23397.66,14771.25,7365.93,1811.94
,,,,,,,3583,4135.95,3939,3229.98,10832.25,14259.18,23397.66,14771.25,7365.93,1811.94
,,,,,,,3584,4135.95,3939,3229.98,10832.25,14259.18,23397.66,14771.25,7365.93,1811.94
,,,,,,,3585,4135.95,3939,3229.98,10832.25,14259.18,23397.66,14771.25,7365.93,1811.94
,,,,,,,3586,4135.95,3939,3229.98,10832.25,14259.18,23397.66,14771.25,7365.93,1811.94
,,,,,,,3587,4135.95,3939,3229.98,10832.25,14259.18,23397.66,14771.25,7365.93,1811.94
,,,,,,,3588,4135.95,3939,3229.98,10832.25,14259.18,23397.66,14771.25,7365.93,1811.94
,,,,,,,3589,4135.95,3939,3229.98,10832.25,14259.18,23397.66,14771.25,7365.93,1811.94
,,,,,,,3590,4135.95,3939,3229.98,10832.25,14259.18,23397.66,14771.25,7365.93,1811.94
,,,,,,,3591,4135.95,3939,3229.98,10832.25,14259.18,23397.66,14771.25,7365.93,1811.94
,,,,,,,3592,4135.95,3939,3229.98,10832.25,14259.18,23397.66,14771.25,7365.93,1811.94
,,,,,,,3593,4135.95,3939,3229.98,10832.25,14259.18,23397.66,14771.25,7365.93,1811.94
,,,,,,,3594,4135.95,3939,3229.98,10832.25,14259.18,23397.66,14771.25,7365.93,1811.94
,,,,,,,3595,4135.95,3939,3229.98,10832.25,14259.18,23397.66,14771.25,7365.93,1811.94
,,,,,,,3596,4135.95,3939,3229.98,10832.25,14259.18,23397.66,14771.25,7365.93,1811.94
,,,,,,,3597,4135.95,3939,3229.98,10832.25,14259.18,23397.66,14771.25,7365.93,1811.94
,,,,,,,3598,4135.95,3939,3229.98,10832.25,14259.18,23397.66,14771.25,7365.93,1811.94
,,,,,,,3599,4135.95,3939,3229.98,10832.25,14259.18,23397.66,14771.25,7365.93,1811.94
,,,,,,,3600,4135.95,3939,3229.98,10832.25,14259.18,23397.66,14771.25,7365.93,1811.94
,,,,,,,3601,4135.95,3939,3229.98,10832.25,14259.18,23397.66,14771.25,7365.93,1811.94
,,,,,,,3602,4135.95,3939,3229.98,10832.25,14259.18,23397.66,14771.25,7365.93,1811.94
,,,,,,,3603,4135.95,3939,3229.98,10832.25,14259.18,23397.66,14771.25,7365.93,1811.94
,,,,,,,3604,4135.95,3939,3229.98,10832.25,14259.18,23397.66,14771.25,7365.93,1811.94
,,,,,,,3605,4135.95,3939,3229.98,10832.25,14259.18,23397.66,14771.25,7365.93,1811.94
,,,,,,,3606,4135.95,3939,3229.98,10832.25,14259.18,23397.66,14771.25,7365.93,1811.94
,,,,,,,3607,4135.95,3939,3229.98,10832.25,14259.18,23397.66,14771.25,7365.93,1811.94
,,,,,,,3608,4135.95,3939,3229.98,10832.25,14259.18,23397.66,14771.25,7365.93,1811.94
,,,,,,,3609,4135.95,3939,3229.98,10832.25,14259.18,23397.66,14771.25,7365.93,1811.94
,,,,,,,3610,4135.95,3939,3229.98,10832.25,14259.18,23397.66,14771.25,7365.93,1811.94
,,,,,,,3611,4135.95,3939,3229.98,10832.25,14259.18,23397.66,14771.25,7365.93,1811.94
,,,,,,,3612,4135.95,3939,3229.98,10832.25,14259.18,23397.66,14771.25,7365.93,1811.94
,,,,,,,3613,4135.95,3939,3229.98,10832.25,14259.18,23397.66,14771.25,7365.93,1811.94
,,,,,,,3614,4135.95,3939,3229.98,10832.25,14259.18,23397.66,14771.25,7365.93,1811.94
,,,,,,,3615,4135.95,3939,3229.98,10832.25,14259.18,23397.66,14771.25,7365.93,1811.94
,,,,,,,3616,4135.95,3939,3229.98,10832.25,14259.18,23397.66,14771.25,7365.93,1811.94
,,,,,,,3617,4135.95,3939,3229.98,10832.25,14259.18,23397.66,14771.25,7365.93,1811.94
,,,,,,,3618,4135.95,3939,3229.98,10832.25,14259.18,23397.66,14771.25,7365.93,1811.94
,,,,,,,3619,4135.95,3939,3229.98,10832.25,14259.18,23397.66,14771.25,7365.93,1811.94
,,,,,,,3620,4135.95,3939,3229.98,10832.25,14259.18,23397.66,14771.25,7365.93,1811.94
,,,,,,,3621,4135.95,3939,3229.98,10832.25,14259.18,23397.66,14771.25,7365.93,1811.94
,,,,,,,3622,4135.95,3939,3229.98,10832.25,14259.18,23397.66,14771.25,7365.93,1811.94
,,,,,,,3623,4135.95,3939,3229.98,10832.25,14259.18,23397.66,14771.25,7365.93,1811.94
,,,,,,,3624,4135.95,3939,3229.98,10832.25,14259.18,23397.66,14771.25,7365.93,1811.94
,,,,,,,3625,4135.95,3939,3229.98,10832.25,14259.18,23397.66,14771.25,7365.93,1811.94
,,,,,,,3626,4135.95,3939,3229.98,10832.25,14259.18,23397.66,14771.25,7365.93,1811.94
,,,,,,,3627,4135.95,3939,3229.98,10832.25,14259.18,23397.66,14771.25,7365.93,1811.94
,,,,,,,3628,4135.95,3939,3229.98,10832.25,14259.18,23397.66,14771.25,7365.93,1811.94
,,,,,,,3629,4135.95,3939,3229.98,10832.25,14259.18,23397.66,14771.25,7365.93,1811.94
,,,,,,,3630,4135.95,3939,3229.98,10832.25,14259.18,23397.66,14771.25,7365.93,1811.94
,,,,,,,3631,4135.95,3939,3229.98,10832.25,14259.18,23397.66,14771.25,7365.93,1811.94
,,,,,,,3632,4135.95,3939,3229.98,10832.25,14259.18,23397.66,14771.25,7365.93,1811.94
,,,,,,,3633,4135.95,3939,3229.98,10832.25,14259.18,23397.66,14771.25,7365.93,1811.94
,,,,,,,3634,4135.95,3939,3229.98,10832.25,14259.18,23397.66,14771.25,7365.93,1811.94
,,,,,,,3635,4135.95,3939,3229.98,10832.25,14259.18,23397.66,14771.25,7365.93,1811.94
,,,,,,,3636,4135.95,3939,3229.98,10832.25,14259.18,23397.66,14771.25,7365.93,1811.94
,,,,,,,3637,4135.95,3939,3229.98,10832.25,14259.18,23397.66,14771.25,7365.93,1811.94
,,,,,,,3638,4135.95,3939,3229.98,10832.25,14259.18,23397.66,14771.25,7365.93,1811.94
,,,,,,,3639,4135.95,3939,3229.98,10832.25,14259.18,23397.66,14771.25,7365.93,1811.94
,,,,,,,3640,4135.95,3939,3229.98,10832.25,14259.18,23397.66,14771.25,7365.93,1811.94
,,,,,,,3641,4135.95,3939,3229.98,10832.25,14259.18,23397.66,14771.25,7365.93,1811.94
,,,,,,,3642,4135.95,3939,3229.98,10832.25,14259.18,23397.66,14771.25,7365.93,1811.94
,,,,,,,3643,4135.95,3939,3229.98,10832.25,14259.18,23397.66,14771.25,7365.93,1811.94
,,,,,,,3644,4135.95,3939,3229.98,10832.25,14259.18,23397.66,14771.25,7365.93,1811.94
,,,,,,,3645,4135.95,3939,3229.98,10832.25,14259.18,23397.66,14771.25,7365.93,1811.94
,,,,,,,3646,4135.95,3939,3229.98,10832.25,14259.18,23397.66,14771.25,7365.93,1811.94
,,,,,,,3647,4135.95,3939,3229.98,10832.25,14259.18,23397.66,14771.25,7365.93,1811.94
,,,,,,,3648,4135.95,3939,3229.98,10832.25,14259.18,23397.66,14771.25,7365.93,1811.94
,,,,,,,3649,4135.95,3939,3229.98,10832.25,14259.18,23397.66,14771.25,7365.93,1811.94
,,,,,,,3650,4135.95,3939,3229.98,10832.25,14259.18,23397.66,14771.25,7365.93,1811.94
,,,,,,,3651,4135.95,3939,3229.98,10832.25,14259.18,23397.66,14771.25,7365.93,1811.94
,,,,,,,3652,4135.95,3939,3229.98,10832.25,14259.18,23397.66,14771.25,7365.93,1811.94
,,,,,,,3653,4135.95,3939,3229.98,10832.25,14259.18,23397.66,14771.25,7365.93,1811.94
,,,,,,,3654,4135.95,3939,3229.98,10832.25,14259.18,23397.66,14771.25,7365.93,1811.94
,,,,,,,3655,4135.95,3939,3229.98,10832.25,14259.18,23397.66,14771.25,7365.93,1811.94
,,,,,,,3656,4135.95,3939,3229.98,10832.25,14259.18,23397.66,14771.25,7365.93,1811.94
,,,,,,,3657,4135.95,3939,3229.98,10832.25,14259.18,23397.66,14771.25,7365.93,1811.94
,,,,,,,3658,4135.95,3939,3229.98,10832.25,14259.18,23397.66,14771.25,7365.93,1811.94
,,,,,,,3659,4135.95,3939,3229.98,10832.25,14259.18,23397.66,14771.25,7365.93,1811.94
,,,,,,,3660,4135.95,3939,3229.98,10832.25,14259.18,23397.66,14771.25,7365.93,1811.94
,,,,,,,3661,4135.95,3939,3229.98,10832.25,14259.18,23397.66,14771.25,7365.93,1811.94
,,,,,,,3662,4135.95,3939,3229.98,10832.25,14259.18,23397.66,14771.25,7365.93,1811.94
,,,,,,,3663,4135.95,3939,3229.98,10832.25,14259.18,23397.66,14771.25,7365.93,1811.94
,,,,,,,3664,4135.95,3939,3229.98,10832.25,14259.18,23397.66,14771.25,7365.93,1811.94
,,,,,,,3665,4135.95,3939,3229.98,10832.25,14259.18,23397.66,14771.25,7365.93,1811.94
,,,,,,,3666,4135.95,3939,3229.98,10832.25,14259.18,23397.66,14771.25,7365.93,1811.94
,,,,,,,3667,4135.95,3939,3229.98,10832.25,14259.18,23397.66,14771.25,7365.93,1811.94
,,,,,,,3668,4135.95,3939,3229.98,10832.25,14259.18,23397.66,14771.25,7365.93,1811.94
,,,,,,,3669,4135.95,3939,3229.98,10832.25,14259.18,23397.66,14771.25,7365.93,1811.94
,,,,,,,3670,4135.95,3939,3229.98,10832.25,14259.18,23397.66,14771.25,7365.93,1811.94
,,,,,,,3671,4135.95,3939,3229.98,10832.25,14259.18,23397.66,14771.25,7365.93,1811.94
,,,,,,,3672,4135.95,3939,3229.98,10832.25,14259.18,23397.66,14771.25,7365.93,1811.94
,,,,,,,3673,4135.95,3939,3229.98,10832.25,14259.18,23397.66,14771.25,7365.93,1811.94
,,,,,,,3674,4135.95,3939,3229.98,10832.25,14259.18,23397.66,14771.25,7365.93,1811.94
,,,,,,,3675,4135.95,3939,3229.98,10832.25,14259.18,23397.66,14771.25,7365.93,1811.94
,,,,,,,3676,4135.95,3939,3229.98,10832.25,14259.18,23397.66,14771.25,7365.93,1811.94
,,,,,,,3677,4135.95,3939,3229.98,10832.25,14259.18,23397.66,14771.25,7365.93,1811.94
,,,,,,,3678,4135.95,3939,3229.98,10832.25,14259.18,23397.66,14771.25,7365.93,1811.94
,,,,,,,3679,4135.95,3939,3229.98,10832.25,14259.18,23397.66,14771.25,7365.93,1811.94
,,,,,,,3680,4135.95,3939,3229.98,10832.25,14259.18,23397.66,14771.25,7365.93,1811.94
,,,,,,,3681,4135.95,3939,3229.98,10832.25,14259.18,23397.66,14771.25,7365.93,1811.94
,,,,,,,3682,4135.95,3939,3229.98,10832.25,14259.18,23397.66,14771.25,7365.93,1811.94
,,,,,,,3683,4135.95,3939,3229.98,10832.25,14259.18,23397.66,14771.25,7365.93,1811.94
,,,,,,,3684,4135.95,3939,3229.98,10832.25,14259.18,23397.66,14771.25,7365.93,1811.94
,,,,,,,3685,4135.95,3939,3229.98,10832.25,14259.18,23397.66,14771.25,7365.93,1811.94
,,,,,,,3686,4135.95,3939,3229.98,10832.25,14259.18,23397.66,14771.25,7365.93,1811.94
,,,,,,,3687,4135.95,3939,3229.98,10832.25,14259.18,23397.66,14771.25,7365.93,1811.94
,,,,,,,3688,4135.95,3939,3229.98,10832.25,14259.18,23397.66,14771.25,7365.93,1811.94
,,,,,,,3689,4135.95,3939,3229.98,10832.25,14259.18,23397.66,14771.25,7365.93,1811.94
,,,,,,,3690,4135.95,3939,3229.98,10832.25,14259.18,23397.66,14771.25,7365.93,1811.94
,,,,,,,3691,4135.95,3939,3229.98,10832.25,14259.18,23397.66,14771.25,7365.93,1811.94
,,,,,,,3692,4135.95,3939,3229.98,10832.25,14259.18,23397.66,14771.25,7365.93,1811.94
,,,,,,,3693,4135.95,3939,3229.98,10832.25,14259.18,23397.66,14771.25,7365.93,1811.94
,,,,,,,3694,4135.95,3939,3229.98,10832.25,14259.18,23397.66,14771.25,7365.93,1811.94
,,,,,,,3695,4135.95,3939,3229.98,10832.25,14259.18,23397.66,14771.25,7365.93,1811.94
,,,,,,,3696,4135.95,3939,3229.98,10832.25,14259.18,23397.66,14771.25,7365.93,1811.94
,,,,,,,3697,4135.95,3939,3229.98,10832.25,14259.18,23397.66,14771.25,7365.93,1811.94
,,,,,,,3698,4135.95,3939,3229.98,10832.25,14259.18,23397.66,14771.25,7365.93,1811.94
,,,,,,,3699,4135.95,3939,3229.98,10832.25,14259.18,23397.66,14771.25,7365.93,1811.94
,,,,,,,3700,4135.95,3939,3229.98,10832.25,14259.18,23397.66,14771.25,7365.93,1811.94
,,,,,,,3701,4135.95,3939,3229.98,10832.25,14259.18,23397.66,14771.25,7365.93,1811.94
,,,,,,,3702,4135.95,3939,3229.98,10832.25,14259.18,23397.66,14771.25,7365.93,1811.94
,,,,,,,3703,4135.95,3939,3229.98,10832.25,14259.18,23397.66,14771.25,7365.93,1811.94
,,,,,,,3704,4135.95,3939,3229.98,10832.25,14259.18,23397.66,14771.25,7365.93,1811.94
,,,,,,,3705,4135.95,3939,3229.98,10832.25,14259.18,23397.66,14771.25,7365.93,1811.94
,,,,,,,3706,4135.95,3939,3229.98,10832.25,14259.18,23397.66,14771.25,7365.93,1811.94
,,,,,,,3707,4135.95,3939,3229.98,10832.25,14259.18,23397.66,14771.25,7365.93,1811.94
,,,,,,,3708,4135.95,3939,3229.98,10832.25,14259.18,23397.66,14771.25,7365.93,1811.94
,,,,,,,3709,4135.95,3939,3229.98,10832.25,14259.18,23397.66,14771.25,7365.93,1811.94
,,,,,,,3710,4135.95,3939,3229.98,10832.25,14259.18,23397.66,14771.25,7365.93,1811.94
,,,,,,,3711,4135.95,3939,3229.98,10832.25,14259.18,23397.66,14771.25,7365.93,1811.94
,,,,,,,3712,4135.95,3939,3229.98,10832.25,14259.18,23397.66,14771.25,7365.93,1811.94
,,,,,,,3713,4135.95,3939,3229.98,10832.25,14259.18,23397.66,14771.25,7365.93,1811.94
,,,,,,,3714,4135.95,3939,3229.98,10832.25,14259.18,23397.66,14771.25,7365.93,1811.94
,,,,,,,3715,4135.95,3939,3229.98,10832.25,14259.18,23397.66,14771.25,7365.93,1811.94
,,,,,,,3716,4135.95,3939,3229.98,10832.25,14259.18,23397.66,14771.25,7365.93,1811.94
,,,,,,,3717,4135.95,3939,3229.98,10832.25,14259.18,23397.66,14771.25,7365.93,1811.94
,,,,,,,3718,4135.95,3939,3229.98,10832.25,14259.18,23397.66,14771.25,7365.93,1811.94
,,,,,,,3719,4135.95,3939,3229.98,10832.25,14259.18,23397.66,14771.25,7365.93,1811.94
,,,,,,,3720,4135.95,3939,3229.98,10832.25,14259.18,23397.66,14771.25,7365.93,1811.94
,,,,,,,3721,4135.95,3939,3229.98,10832.25,14259.18,23397.66,14771.25,7365.93,1811.94
,,,,,,,3722,4135.95,3939,3229.98,10832.25,14259.18,23397.66,14771.25,7365.93,1811.94
,,,,,,,3723,4135.95,3939,3229.98,10832.25,14259.18,23397.66,14771.25,7365.93,1811.94
,,,,,,,3724,4135.95,3939,3229.98,10832.25,14259.18,23397.66,14771.25,7365.93,1811.94
,,,,,,,3725,4135.95,3939,3229.98,10832.25,14259.18,23397.66,14771.25,7365.93,1811.94
,,,,,,,3726,4135.95,3939,3229.98,10832.25,14259.18,23397.66,14771.25,7365.93,1811.94
,,,,,,,3727,4135.95,3939,3229.98,10832.25,14259.18,23397.66,14771.25,7365.93,1811.94
,,,,,,,3728,4135.95,3939,3229.98,10832.25,14259.18,23397.66,14771.25,7365.93,1811.94
,,,,,,,3729,4135.95,3939,3229.98,10832.25,14259.18,23397.66,14771.25,7365.93,1811.94
,,,,,,,3730,4135.95,3939,3229.98,10832.25,14259.18,23397.66,14771.25,7365.93,1811.94
,,,,,,,3731,4135.95,3939,3229.98,10832.25,14259.18,23397.66,14771.25,7365.93,1811.94
,,,,,,,3732,4135.95,3939,3229.98,10832.25,14259.18,23397.66,14771.25,7365.93,1811.94
,,,,,,,3733,4135.95,3939,3229.98,10832.25,14259.18,23397.66,14771.25,7365.93,1811.94
,,,,,,,3734,4135.95,3939,3229.98,10832.25,14259.18,23397.66,14771.25,7365.93,1811.94
,,,,,,,3735,4135.95,3939,3229.98,10832.25,14259.18,23397.66,14771.25,7365.93,1811.94
,,,,,,,3736,4135.95,3939,3229.98,10832.25,14259.18,23397.66,14771.25,7365.93,1811.94
,,,,,,,3737,4135.95,3939,3229.98,10832.25,14259.18,23397.66,14771.25,7365.93,1811.94
,,,,,,,3738,4135.95,3939,3229.98,10832.25,14259.18,23397.66,14771.25,7365.93,1811.94
,,,,,,,3739,4135.95,3939,3229.98,10832.25,14259.18,23397.66,14771.25,7365.93,1811.94
,,,,,,,3740,4135.95,3939,3229.98,10832.25,14259.18,23397.66,14771.25,7365.93,1811.94
,,,,,,,3741,4135.95,3939,3229.98,10832.25,14259.18,23397.66,14771.25,7365.93,1811.94
,,,,,,,3742,4135.95,3939,3229.98,10832.25,14259.18,23397.66,14771.25,7365.93,1811.94
,,,,,,,3743,4135.95,3939,3229.98,10832.25,14259.18,23397.66,14771.25,7365.93,1811.94
,,,,,,,3744,4135.95,3939,3229.98,10832.25,14259.18,23397.66,14771.25,7365.93,1811.94
,,,,,,,3745,4135.95,3939,3229.98,10832.25,14259.18,23397.66,14771.25,7365.93,1811.94
,,,,,,,3746,4135.95,3939,3229.98,10832.25,14259.18,23397.66,14771.25,7365.93,1811.94
,,,,,,,3747,4135.95,3939,3229.98,10832.25,14259.18,23397.66,14771.25,7365.93,1811.94
,,,,,,,3748,4135.95,3939,3229.98,10832.25,14259.18,23397.66,14771.25,7365.93,1811.94
,,,,,,,3749,4135.95,3939,3229.98,10832.25,14259.18,23397.66,14771.25,7365.93,1811.94
,,,,,,,3750,4135.95,3939,3229.98,10832.25,14259.18,23397.66,14771.25,7365.93,1811.94
,,,,,,,3751,4135.95,3939,3229.98,10832.25,14259.18,23397.66,14771.25,7365.93,1811.94
,,,,,,,3752,4135.95,3939,3229.98,10832.25,14259.18,23397.66,14771.25,7365.93,1811.94
,,,,,,,3753,4135.95,3939,3229.98,10832.25,14259.18,23397.66,14771.25,7365.93,1811.94
,,,,,,,3754,4135.95,3939,3229.98,10832.25,14259.18,23397.66,14771.25,7365.93,1811.94
,,,,,,,3755,4135.95,3939,3229.98,10832.25,14259.18,23397.66,14771.25,7365.93,1811.94
,,,,,,,3756,4135.95,3939,3229.98,10832.25,14259.18,23397.66,14771.25,7365.93,1811.94
,,,,,,,3757,4135.95,3939,3229.98,10832.25,14259.18,23397.66,14771.25,7365.93,1811.94
,,,,,,,3758,4135.95,3939,3229.98,10832.25,14259.18,23397.66,14771.25,7365.93,1811.94
,,,,,,,3759,4135.95,3939,3229.98,10832.25,14259.18,23397.66,14771.25,7365.93,1811.94
,,,,,,,3760,4135.95,3939,3229.98,10832.25,14259.18,23397.66,14771.25,7365.93,1811.94
,,,,,,,3761,4135.95,3939,3229.98,10832.25,14259.18,23397.66,14771.25,7365.93,1811.94
,,,,,,,3762,4135.95,3939,3229.98,10832.25,14259.18,23397.66,14771.25,7365.93,1811.94
,,,,,,,3763,4135.95,3939,3229.98,10832.25,14259.18,23397.66,14771.25,7365.93,1811.94
,,,,,,,3764,4135.95,3939,3229.98,10832.25,14259.18,23397.66,14771.25,7365.93,1811.94
,,,,,,,3765,4135.95,3939,3229.98,10832.25,14259.18,23397.66,14771.25,7365.93,1811.94
,,,,,,,3766,4135.95,3939,3229.98,10832.25,14259.18,23397.66,14771.25,7365.93,1811.94
,,,,,,,3767,4135.95,3939,3229.98,10832.25,14259.18,23397.66,14771.25,7365.93,1811.94
,,,,,,,3768,4135.95,3939,3229.98,10832.25,14259.18,23397.66,14771.25,7365.93,1811.94
,,,,,,,3769,4135.95,3939,3229.98,10832.25,14259.18,23397.66,14771.25,7365.93,1811.94
,,,,,,,3770,4135.95,3939,3229.98,10832.25,14259.18,23397.66,14771.25,7365.93,1811.94
,,,,,,,3771,4135.95,3939,3229.98,10832.25,14259.18,23397.66,14771.25,7365.93,1811.94
,,,,,,,3772,4135.95,3939,3229.98,10832.25,14259.18,23397.66,14771.25,7365.93,1811.94
,,,,,,,3773,4135.95,3939,3229.98,10832.25,14259.18,23397.66,14771.25,7365.93,1811.94
,,,,,,,3774,4135.95,3939,3229.98,10832.25,14259.18,23397.66,14771.25,7365.93,1811.94
,,,,,,,3775,4135.95,3939,3229.98,10832.25,14259.18,23397.66,14771.25,7365.93,1811.94
,,,,,,,3776,4135.95,3939,3229.98,10832.25,14259.18,23397.66,14771.25,7365.93,1811.94
,,,,,,,3777,4135.95,3939,3229.98,10832.25,14259.18,23397.66,14771.25,7365.93,1811.94
,,,,,,,3778,4135.95,3939,3229.98,10832.25,14259.18,23397.66,14771.25,7365.93,1811.94
,,,,,,,3779,4135.95,3939,3229.98,10832.25,14259.18,23397.66,14771.25,7365.93,1811.94
,,,,,,,3780,4135.95,3939,3229.98,10832.25,14259.18,23397.66,14771.25,7365.93,1811.94
,,,,,,,3781,4135.95,3939,3229.98,10832.25,14259.18,23397.66,14771.25,7365.93,1811.94
,,,,,,,3782,4135.95,3939,3229.98,10832.25,14259.18,23397.66,14771.25,7365.93,1811.94
,,,,,,,3783,4135.95,3939,3229.98,10832.25,14259.18,23397.66,14771.25,7365.93,1811.94
,,,,,,,3784,4135.95,3939,3229.98,10832.25,14259.18,23397.66,14771.25,7365.93,1811.94
,,,,,,,3785,4135.95,3939,3229.98,10832.25,14259.18,23397.66,14771.25,7365.93,1811.94
,,,,,,,3786,4135.95,3939,3229.98,10832.25,14259.18,23397.66,14771.25,7365.93,1811.94
,,,,,,,3787,4135.95,3939,3229.98,10832.25,14259.18,23397.66,14771.25,7365.93,1811.94
,,,,,,,3788,4135.95,3939,3229.98,10832.25,14259.18,23397.66,14771.25,7365.93,1811.94
,,,,,,,3789,4135.95,3939,3229.98,10832.25,14259.18,23397.66,14771.25,7365.93,1811.94
,,,,,,,3790,4135.95,3939,3229.98,10832.25,14259.18,23397.66,14771.25,7365.93,1811.94
,,,,,,,3791,4135.95,3939,3229.98,10832.25,14259.18,23397.66,14771.25,7365.93,1811.94
,,,,,,,3792,4135.95,3939,3229.98,10832.25,14259.18,23397.66,14771.25,7365.93,1811.94
,,,,,,,3793,4135.95,3939,3229.98,10832.25,14259.18,23397.66,14771.25,7365.93,1811.94
,,,,,,,3794,4135.95,3939,3229.98,10832.25,14259.18,23397.66,14771.25,7365.93,1811.94
,,,,,,,3795,4135.95,3939,3229.98,10832.25,14259.18,23397.66,14771.25,7365.93,1811.94
,,,,,,,3796,4135.95,3939,3229.98,10832.25,14259.18,23397.66,14771.25,7365.93,1811.94
,,,,,,,3797,4135.95,3939,3229.98,10832.25,14259.18,23397.66,14771.25,7365.93,1811.94
,,,,,,,3798,4135.95,3939,3229.98,10832.25,14259.18,23397.66,14771.25,7365.93,1811.94
,,,,,,,3799,4135.95,3939,3229.98,10832.25,14259.18,23397.66,14771.25,7365.93,1811.94
,,,,,,,3800,4135.95,3939,3229.98,10832.25,14259.18,23397.66,14771.25,7365.93,1811.94
,,,,,,,3801,4135.95,3939,3229.98,10832.25,14259.18,23397.66,14771.25,7365.93,1811.94
,,,,,,,3802,4135.95,3939,3229.98,10832.25,14259.18,23397.66,14771.25,7365.93,1811.94
,,,,,,,3803,4135.95,3939,3229.98,10832.25,14259.18,23397.66,14771.25,7365.93,1811.94
,,,,,,,3804,4135.95,3939,3229.98,10832.25,14259.18,23397.66,14771.25,7365.93,1811.94
,,,,,,,3805,4135.95,3939,3229.98,10832.25,14259.18,23397.66,14771.25,7365.93,1811.94
,,,,,,,3806,4135.95,3939,3229.98,10832.25,14259.18,23397.66,14771.25,7365.93,1811.94
,,,,,,,3807,4135.95,3939,3229.98,10832.25,14259.18,23397.66,14771.25,7365.93,1811.94
,,,,,,,3808,4135.95,3939,3229.98,10832.25,14259.18,23397.66,14771.25,7365.93,1811.94
,,,,,,,3809,4135.95,3939,3229.98,10832.25,14259.18,23397.66,14771.25,7365.93,1811.94
,,,,,,,3810,4135.95,3939,3229.98,10832.25,14259.18,23397.66,14771.25,7365.93,1811.94
,,,,,,,3811,4135.95,3939,3229.98,10832.25,14259.18,23397.66,14771.25,7365.93,1811.94
,,,,,,,3812,4135.95,3939,3229.98,10832.25,14259.18,23397.66,14771.25,7365.93,1811.94
,,,,,,,3813,4135.95,3939,3229.98,10832.25,14259.18,23397.66,14771.25,7365.93,1811.94
,,,,,,,3814,4135.95,3939,3229.98,10832.25,14259.18,23397.66,14771.25,7365.93,1811.94
,,,,,,,3815,4135.95,3939,3229.98,10832.25,14259.18,23397.66,14771.25,7365.93,1811.94
,,,,,,,3816,4135.95,3939,3229.98,10832.25,14259.18,23397.66,14771.25,7365.93,1811.94
,,,,,,,3817,4135.95,3939,3229.98,10832.25,14259.18,23397.66,14771.25,7365.93,1811.94
,,,,,,,3818,4135.95,3939,3229.98,10832.25,14259.18,23397.66,14771.25,7365.93,1811.94
,,,,,,,3819,4135.95,3939,3229.98,10832.25,14259.18,23397.66,14771.25,7365.93,1811.94
,,,,,,,3820,4135.95,3939,3229.98,10832.25,14259.18,23397.66,14771.25,7365.93,1811.94
,,,,,,,3821,4135.95,3939,3229.98,10832.25,14259.18,23397.66,14771.25,7365.93,1811.94
,,,,,,,3822,4135.95,3939,3229.98,10832.25,14259.18,23397.66,14771.25,7365.93,1811.94
,,,,,,,3823,4135.95,3939,3229.98,10832.25,14259.18,23397.66,14771.25,7365.93,1811.94
,,,,,,,3824,4135.95,3939,3229.98,10832.25,14259.18,23397.66,14771.25,7365.93,1811.94
,,,,,,,3825,4135.95,3939,3229.98,10832.25,14259.18,23397.66,14771.25,7365.93,1811.94
,,,,,,,3826,4135.95,3939,3229.98,10832.25,14259.18,23397.66,14771.25,7365.93,1811.94
,,,,,,,3827,4135.95,3939,3229.98,10832.25,14259.18,23397.66,14771.25,7365.93,1811.94
,,,,,,,3828,4135.95,3939,3229.98,10832.25,14259.18,23397.66,14771.25,7365.93,1811.94
,,,,,,,3829,4135.95,3939,3229.98,10832.25,14259.18,23397.66,14771.25,7365.93,1811.94
,,,,,,,3830,4135.95,3939,3229.98,10832.25,14259.18,23397.66,14771.25,7365.93,1811.94
,,,,,,,3831,4135.95,3939,3229.98,10832.25,14259.18,23397.66,14771.25,7365.93,1811.94
,,,,,,,3832,4135.95,3939,3229.98,10832.25,14259.18,23397.66,14771.25,7365.93,1811.94
,,,,,,,3833,4135.95,3939,3229.98,10832.25,14259.18,23397.66,14771.25,7365.93,1811.94
,,,,,,,3834,4135.95,3939,3229.98,10832.25,14259.18,23397.66,14771.25,7365.93,1811.94
,,,,,,,3835,4135.95,3939,3229.98,10832.25,14259.18,23397.66,14771.25,7365.93,1811.94
,,,,,,,3836,4135.95,3939,3229.98,10832.25,14259.18,23397.66,14771.25,7365.93,1811.94
,,,,,,,3837,4135.95,3939,3229.98,10832.25,14259.18,23397.66,14771.25,7365.93,1811.94
,,,,,,,3838,4135.95,3939,3229.98,10832.25,14259.18,23397.66,14771.25,7365.93,1811.94
,,,,,,,3839,4135.95,3939,3229.98,10832.25,14259.18,23397.66,14771.25,7365.93,1811.94
,,,,,,,3840,4135.95,3939,3229.98,10832.25,14259.18,23397.66,14771.25,7365.93,1811.94
,,,,,,,3841,4135.95,3939,3229.98,10832.25,14259.18,23397.66,14771.25,7365.93,1811.94
,,,,,,,3842,4135.95,3939,3229.98,10832.25,14259.18,23397.66,14771.25,7365.93,1811.94
,,,,,,,3843,4135.95,3939,3229.98,10832.25,14259.18,23397.66,14771.25,7365.93,1811.94
,,,,,,,3844,4135.95,3939,3229.98,10832.25,14259.18,23397.66,14771.25,7365.93,1811.94
,,,,,,,3845,4135.95,3939,3229.98,10832.25,14259.18,23397.66,14771.25,7365.93,1811.94
,,,,,,,3846,4135.95,3939,3229.98,10832.25,14259.18,23397.66,14771.25,7365.93,1811.94
,,,,,,,3847,4135.95,3939,3229.98,10832.25,14259.18,23397.66,14771.25,7365.93,1811.94
,,,,,,,3848,4135.95,3939,3229.98,10832.25,14259.18,23397.66,14771.25,7365.93,1811.94
,,,,,,,3849,4135.95,3939,3229.98,10832.25,14259.18,23397.66,14771.25,7365.93,1811.94
,,,,,,,3850,4135.95,3939,3229.98,10832.25,14259.18,23397.66,14771.25,7365.93,1811.94
,,,,,,,3851,4135.95,3939,3229.98,10832.25,14259.18,23397.66,14771.25,7365.93,1811.94
,,,,,,,3852,4135.95,3939,3229.98,10832.25,14259.18,23397.66,14771.25,7365.93,1811.94
,,,,,,,3853,4135.95,3939,3229.98,10832.25,14259.18,23397.66,14771.25,7365.93,1811.94
,,,,,,,3854,4135.95,3939,3229.98,10832.25,14259.18,23397.66,14771.25,7365.93,1811.94
,,,,,,,3855,4135.95,3939,3229.98,10832.25,14259.18,23397.66,14771.25,7365.93,1811.94
,,,,,,,3856,4135.95,3939,3229.98,10832.25,14259.18,23397.66,14771.25,7365.93,1811.94
,,,,,,,3857,4135.95,3939,3229.98,10832.25,14259.18,23397.66,14771.25,7365.93,1811.94
,,,,,,,3858,4135.95,3939,3229.98,10832.25,14259.18,23397.66,14771.25,7365.93,1811.94
,,,,,,,3859,4135.95,3939,3229.98,10832.25,14259.18,23397.66,14771.25,7365.93,1811.94
,,,,,,,3860,4135.95,3939,3229.98,10832.25,14259.18,23397.66,14771.25,7365.93,1811.94
,,,,,,,3861,4135.95,3939,3229.98,10832.25,14259.18,23397.66,14771.25,7365.93,1811.94
,,,,,,,3862,4135.95,3939,3229.98,10832.25,14259.18,23397.66,14771.25,7365.93,1811.94
,,,,,,,3863,4135.95,3939,3229.98,10832.25,14259.18,23397.66,14771.25,7365.93,1811.94
,,,,,,,3864,4135.95,3939,3229.98,10832.25,14259.18,23397.66,14771.25,7365.93,1811.94
,,,,,,,3865,4135.95,3939,3229.98,10832.25,14259.18,23397.66,14771.25,7365.93,1811.94
,,,,,,,3866,4135.95,3939,3229.98,10832.25,14259.18,23397.66,14771.25,7365.93,1811.94
,,,,,,,3867,4135.95,3939,3229.98,10832.25,14259.18,23397.66,14771.25,7365.93,1811.94
,,,,,,,3868,4135.95,3939,3229.98,10832.25,14259.18,23397.66,14771.25,7365.93,1811.94
,,,,,,,3869,4135.95,3939,3229.98,10832.25,14259.18,23397.66,14771.25,7365.93,1811.94
,,,,,,,3870,4135.95,3939,3229.98,10832.25,14259.18,23397.66,14771.25,7365.93,1811.94
,,,,,,,3871,4135.95,3939,3229.98,10832.25,14259.18,23397.66,14771.25,7365.93,1811.94
,,,,,,,3872,4135.95,3939,3229.98,10832.25,14259.18,23397.66,14771.25,7365.93,1811.94
,,,,,,,3873,4135.95,3939,3229.98,10832.25,14259.18,23397.66,14771.25,7365.93,1811.94
,,,,,,,3874,4135.95,3939,3229.98,10832.25,14259.18,23397.66,14771.25,7365.93,1811.94
,,,,,,,3875,4135.95,3939,3229.98,10832.25,14259.18,23397.66,14771.25,7365.93,1811.94
,,,,,,,3876,4135.95,3939,3229.98,10832.25,14259.18,23397.66,14771.25,7365.93,1811.94
,,,,,,,3877,4135.95,3939,3229.98,10832.25,14259.18,23397.66,14771.25,7365.93,1811.94
,,,,,,,3878,4135.95,3939,3229.98,10832.25,14259.18,23397.66,14771.25,7365.93,1811.94
,,,,,,,3879,4135.95,3939,3229.98,10832.25,14259.18,23397.66,14771.25,7365.93,1811.94
,,,,,,,3880,4135.95,3939,3229.98,10832.25,14259.18,23397.66,14771.25,7365.93,1811.94
,,,,,,,3881,4135.95,3939,3229.98,10832.25,14259.18,23397.66,14771.25,7365.93,1811.94
,,,,,,,3882,4135.95,3939,3229.98,10832.25,14259.18,23397.66,14771.25,7365.93,1811.94
,,,,,,,3883,4135.95,3939,3229.98,10832.25,14259.18,23397.66,14771.25,7365.93,1811.94
,,,,,,,3884,4135.95,3939,3229.98,10832.25,14259.18,23397.66,14771.25,7365.93,1811.94
,,,,,,,3885,4135.95,3939,3229.98,10832.25,14259.18,23397.66,14771.25,7365.93,1811.94
,,,,,,,3886,4135.95,3939,3229.98,10832.25,14259.18,23397.66,14771.25,7365.93,1811.94
,,,,,,,3887,4135.95,3939,3229.98,10832.25,14259.18,23397.66,14771.25,7365.93,1811.94
,,,,,,,3888,4135.95,3939,3229.98,10832.25,14259.18,23397.66,14771.25,7365.93,1811.94
,,,,,,,3889,4135.95,3939,3229.98,10832.25,14259.18,23397.66,14771.25,7365.93,1811.94
,,,,,,,3890,4135.95,3939,3229.98,10832.25,14259.18,23397.66,14771.25,7365.93,1811.94
,,,,,,,3891,4135.95,3939,3229.98,10832.25,14259.18,23397.66,14771.25,7365.93,1811.94
,,,,,,,3892,4135.95,3939,3229.98,10832.25,14259.18,23397.66,14771.25,7365.93,1811.94
,,,,,,,3893,4135.95,3939,3229.98,10832.25,14259.18,23397.66,14771.25,7365.93,1811.94
,,,,,,,3894,4135.95,3939,3229.98,10832.25,14259.18,23397.66,14771.25,7365.93,1811.94
,,,,,,,3895,4135.95,3939,3229.98,10832.25,14259.18,23397.66,14771.25,7365.93,1811.94
,,,,,,,3896,4135.95,3939,3229.98,10832.25,14259.18,23397.66,14771.25,7365.93,1811.94
,,,,,,,3897,4135.95,3939,3229.98,10832.25,14259.18,23397.66,14771.25,7365.93,1811.94
,,,,,,,3898,4135.95,3939,3229.98,10832.25,14259.18,23397.66,14771.25,7365.93,1811.94
,,,,,,,3899,4135.95,3939,3229.98,10832.25,14259.18,23397.66,14771.25,7365.93,1811.94
,,,,,,,3900,4135.95,3939,3229.98,10832.25,14259.18,23397.66,14771.25,7365.93,1811.94
,,,,,,,3901,4135.95,3939,3229.98,10832.25,14259.18,23397.66,14771.25,7365.93,1811.94
,,,,,,,3902,4135.95,3939,3229.98,10832.25,14259.18,23397.66,14771.25,7365.93,1811.94
,,,,,,,3903,4135.95,3939,3229.98,10832.25,14259.18,23397.66,14771.25,7365.93,1811.94
,,,,,,,3904,4135.95,3939,3229.98,10832.25,14259.18,23397.66,14771.25,7365.93,1811.94
,,,,,,,3905,4135.95,3939,3229.98,10832.25,14259.18,23397.66,14771.25,7365.93,1811.94
,,,,,,,3906,4135.95,3939,3229.98,10832.25,14259.18,23397.66,14771.25,7365.93,1811.94
,,,,,,,3907,4135.95,3939,3229.98,10832.25,14259.18,23397.66,14771.25,7365.93,1811.94
,,,,,,,3908,4135.95,3939,3229.98,10832.25,14259.18,23397.66,14771.25,7365.93,1811.94
,,,,,,,3909,4135.95,3939,3229.98,10832.25,14259.18,23397.66,14771.25,7365.93,1811.94
,,,,,,,3910,4135.95,3939,3229.98,10832.25,14259.18,23397.66,14771.25,7365.93,1811.94
,,,,,,,3911,4135.95,3939,3229.98,10832.25,14259.18,23397.66,14771.25,7365.93,1811.94
,,,,,,,3912,4135.95,3939,3229.98,10832.25,14259.18,23397.66,14771.25,7365.93,1811.94
,,,,,,,3913,4135.95,3939,3229.98,10832.25,14259.18,23397.66,14771.25,7365.93,1811.94
,,,,,,,3914,4135.95,3939,3229.98,10832.25,14259.18,23397.66,14771.25,7365.93,1811.94
,,,,,,,3915,4135.95,3939,3229.98,10832.25,14259.18,23397.66,14771.25,7365.93,1811.94
,,,,,,,3916,4135.95,3939,3229.98,10832.25,14259.18,23397.66,14771.25,7365.93,1811.94
,,,,,,,3917,4135.95,3939,3229.98,10832.25,14259.18,23397.66,14771.25,7365.93,1811.94
,,,,,,,3918,4135.95,3939,3229.98,10832.25,14259.18,23397.66,14771.25,7365.93,1811.94
,,,,,,,3919,4135.95,3939,3229.98,10832.25,14259.18,23397.66,14771.25,7365.93,1811.94
,,,,,,,3920,4135.95,3939,3229.98,10832.25,14259.18,23397.66,14771.25,7365.93,1811.94
,,,,,,,3921,4135.95,3939,3229.98,10832.25,14259.18,23397.66,14771.25,7365.93,1811.94
,,,,,,,3922,4135.95,3939,3229.98,10832.25,14259.18,23397.66,14771.25,7365.93,1811.94
,,,,,,,3923,4135.95,3939,3229.98,10832.25,14259.18,23397.66,14771.25,7365.93,1811.94
,,,,,,,3924,4135.95,3939,3229.98,10832.25,14259.18,23397.66,14771.25,7365.93,1811.94
,,,,,,,3925,4135.95,3939,3229.98,10832.25,14259.18,23397.66,14771.25,7365.93,1811.94
,,,,,,,3926,4135.95,3939,3229.98,10832.25,14259.18,23397.66,14771.25,7365.93,1811.94
,,,,,,,3927,4135.95,3939,3229.98,10832.25,14259.18,23397.66,14771.25,7365.93,1811.94
,,,,,,,3928,4135.95,3939,3229.98,10832.25,14259.18,23397.66,14771.25,7365.93,1811.94
,,,,,,,3929,4135.95,3939,3229.98,10832.25,14259.18,23397.66,14771.25,7365.93,1811.94
,,,,,,,3930,4135.95,3939,3229.98,10832.25,14259.18,23397.66,14771.25,7365.93,1811.94
,,,,,,,3931,4135.95,3939,3229.98,10832.25,14259.18,23397.66,14771.25,7365.93,1811.94
,,,,,,,3932,4135.95,3939,3229.98,10832.25,14259.18,23397.66,14771.25,7365.93,1811.94
,,,,,,,3933,4135.95,3939,3229.98,10832.25,14259.18,23397.66,14771.25,7365.93,1811.94
,,,,,,,3934,4135.95,3939,3229.98,10832.25,14259.18,23397.66,14771.25,7365.93,1811.94
,,,,,,,3935,4135.95,3939,3229.98,10832.25,14259.18,23397.66,14771.25,7365.93,1811.94
,,,,,,,3936,4135.95,3939,3229.98,10832.25,14259.18,23397.66,14771.25,7365.93,1811.94
,,,,,,,3937,4135.95,3939,3229.98,10832.25,14259.18,23397.66,14771.25,7365.93,1811.94
,,,,,,,3938,4135.95,3939,3229.98,10832.25,14259.18,23397.66,14771.25,7365.93,1811.94
,,,,,,,3939,4135.95,3939,3229.98,10832.25,14259.18,23397.66,14771.25,7365.93,1811.94
,,,,,,,3940,4135.95,3939,3229.98,10832.25,14259.18,23397.66,14771.25,7365.93,1811.94
,,,,,,,3941,4135.95,3939,3229.98,10832.25,14259.18,23397.66,14771.25,7365.93,1811.94
,,,,,,,3942,4135.95,3939,3229.98,10832.25,14259.18,23397.66,14771.25,7365.93,1811.94
,,,,,,,3943,4135.95,3939,3229.98,10832.25,14259.18,23397.66,14771.25,7365.93,1811.94
,,,,,,,3944,4135.95,3939,3229.98,10832.25,14259.18,23397.66,14771.25,7365.93,1811.94
,,,,,,,3945,4135.95,3939,3229.98,10832.25,14259.18,23397.66,14771.25,7365.93,1811.94
,,,,,,,3946,4135.95,3939,3229.98,10832.25,14259.18,23397.66,14771.25,7365.93,1811.94
,,,,,,,3947,4135.95,3939,3229.98,10832.25,14259.18,23397.66,14771.25,7365.93,1811.94
,,,,,,,3948,4135.95,3939,3229.98,10832.25,14259.18,23397.66,14771.25,7365.93,1811.94
,,,,,,,3949,4135.95,3939,3229.98,10832.25,14259.18,23397.66,14771.25,7365.93,1811.94
,,,,,,,3950,4135.95,3939,3229.98,10832.25,14259.18,23397.66,14771.25,7365.93,1811.94
,,,,,,,3951,4135.95,3939,3229.98,10832.25,14259.18,23397.66,14771.25,7365.93,1811.94
,,,,,,,3952,4135.95,3939,3229.98,10832.25,14259.18,23397.66,14771.25,7365.93,1811.94
,,,,,,,3953,4135.95,3939,3229.98,10832.25,14259.18,23397.66,14771.25,7365.93,1811.94
,,,,,,,3954,4135.95,3939,3229.98,10832.25,14259.18,23397.66,14771.25,7365.93,1811.94
,,,,,,,3955,4135.95,3939,3229.98,10832.25,14259.18,23397.66,14771.25,7365.93,1811.94
,,,,,,,3956,4135.95,3939,3229.98,10832.25,14259.18,23397.66,14771.25,7365.93,1811.94
,,,,,,,3957,4135.95,3939,3229.98,10832.25,14259.18,23397.66,14771.25,7365.93,1811.94
,,,,,,,3958,4135.95,3939,3229.98,10832.25,14259.18,23397.66,14771.25,7365.93,1811.94
,,,,,,,3959,4135.95,3939,3229.98,10832.25,14259.18,23397.66,14771.25,7365.93,1811.94
,,,,,,,3960,4135.95,3939,3229.98,10832.25,14259.18,23397.66,14771.25,7365.93,1811.94
,,,,,,,3961,4135.95,3939,3229.98,10832.25,14259.18,23397.66,14771.25,7365.93,1811.94
,,,,,,,3962,4135.95,3939,3229.98,10832.25,14259.18,23397.66,14771.25,7365.93,1811.94
,,,,,,,3963,4135.95,3939,3229.98,10832.25,14259.18,23397.66,14771.25,7365.93,1811.94
,,,,,,,3964,4135.95,3939,3229.98,10832.25,14259.18,23397.66,14771.25,7365.93,1811.94
,,,,,,,3965,4135.95,3939,3229.98,10832.25,14259.18,23397.66,14771.25,7365.93,1811.94
,,,,,,,3966,4135.95,3939,3229.98,10832.25,14259.18,23397.66,14771.25,7365.93,1811.94
,,,,,,,3967,4135.95,3939,3229.98,10832.25,14259.18,23397.66,14771.25,7365.93,1811.94
,,,,,,,3968,4135.95,3939,3229.98,10832.25,14259.18,23397.66,14771.25,7365.93,1811.94
,,,,,,,3969,4135.95,3939,3229.98,10832.25,14259.18,23397.66,14771.25,7365.93,1811.94
,,,,,,,3970,4135.95,3939,3229.98,10832.25,14259.18,23397.66,14771.25,7365.93,1811.94
,,,,,,,3971,4135.95,3939,3229.98,10832.25,14259.18,23397.66,14771.25,7365.93,1811.94
,,,,,,,3972,4135.95,3939,3229.98,10832.25,14259.18,23397.66,14771.25,7365.93,1811.94
,,,,,,,3973,4135.95,3939,3229.98,10832.25,14259.18,23397.66,14771.25,7365.93,1811.94
,,,,,,,3974,4135.95,3939,3229.98,10832.25,14259.18,23397.66,14771.25,7365.93,1811.94
,,,,,,,3975,4135.95,3939,3229.98,10832.25,14259.18,23397.66,14771.25,7365.93,1811.94
,,,,,,,3976,4135.95,3939,3229.98,10832.25,14259.18,23397.66,14771.25,7365.93,1811.94
,,,,,,,3977,4135.95,3939,3229.98,10832.25,14259.18,23397.66,14771.25,7365.93,1811.94
,,,,,,,3978,4135.95,3939,3229.98,10832.25,14259.18,23397.66,14771.25,7365.93,1811.94
,,,,,,,3979,4135.95,3939,3229.98,10832.25,14259.18,23397.66,14771.25,7365.93,1811.94
,,,,,,,3980,4135.95,3939,3229.98,10832.25,14259.18,23397.66,14771.25,7365.93,1811.94
,,,,,,,3981,4135.95,3939,3229.98,10832.25,14259.18,23397.66,14771.25,7365.93,1811.94
,,,,,,,3982,4135.95,3939,3229.98,10832.25,14259.18,23397.66,14771.25,7365.93,1811.94
,,,,,,,3983,4135.95,3939,3229.98,10832.25,14259.18,23397.66,14771.25,7365.93,1811.94
,,,,,,,3984,4135.95,3939,3229.98,10832.25,14259.18,23397.66,14771.25,7365.93,1811.94
,,,,,,,3985,4135.95,3939,3229.98,10832.25,14259.18,23397.66,14771.25,7365.93,1811.94
,,,,,,,3986,4135.95,3939,3229.98,10832.25,14259.18,23397.66,14771.25,7365.93,1811.94
,,,,,,,3987,4135.95,3939,3229.98,10832.25,14259.18,23397.66,14771.25,7365.93,1811.94
,,,,,,,3988,4135.95,3939,3229.98,10832.25,14259.18,23397.66,14771.25,7365.93,1811.94
,,,,,,,3989,4135.95,3939,3229.98,10832.25,14259.18,23397.66,14771.25,7365.93,1811.94
,,,,,,,3990,4135.95,3939,3229.98,10832.25,14259.18,23397.66,14771.25,7365.93,1811.94
,,,,,,,3991,4135.95,3939,3229.98,10832.25,14259.18,23397.66,14771.25,7365.93,1811.94
,,,,,,,3992,4135.95,3939,3229.98,10832.25,14259.18,23397.66,14771.25,7365.93,1811.94
,,,,,,,3993,4135.95,3939,3229.98,10832.25,14259.18,23397.66,14771.25,7365.93,1811.94
,,,,,,,3994,4135.95,3939,3229.98,10832.25,14259.18,23397.66,14771.25,7365.93,1811.94
,,,,,,,3995,4135.95,3939,3229.98,10832.25,14259.18,23397.66,14771.25,7365.93,1811.94
,,,,,,,3996,4135.95,3939,3229.98,10832.25,14259.18,23397.66,14771.25,7365.93,1811.94
,,,,,,,3997,4135.95,3939,3229.98,10832.25,14259.18,23397.66,14771.25,7365.93,1811.94
,,,,,,,3998,4135.95,3939,3229.98,10832.25,14259.18,23397.66,14771.25,7365.93,1811.94
,,,,,,,3999,4135.95,3939,3229.98,10832.25,14259.18,23397.66,14771.25,7365.93,1811.94
,,,,,,,4000,4135.95,3939,3229.98,10832.25,14259.18,23397.66,14771.25,7365.93,1811.94
,,,,,,,4001,4135.95,3939,3229.98,10832.25,14259.18,23397.66,14771.25,7365.93,1811.94
,,,,,,,4002,4135.95,3939,3229.98,10832.25,14259.18,23397.66,14771.25,7365.93,1811.94
,,,,,,,4003,4135.95,3939,3229.98,10832.25,14259.18,23397.66,14771.25,7365.93,1811.94
,,,,,,,4004,4135.95,3939,3229.98,10832.25,14259.18,23397.66,14771.25,7365.93,1811.94
,,,,,,,4005,4135.95,3939,3229.98,10832.25,14259.18,23397.66,14771.25,7365.93,1811.94
,,,,,,,4006,4135.95,3939,3229.98,10832.25,14259.18,23397.66,14771.25,7365.93,1811.94
,,,,,,,4007,4135.95,3939,3229.98,10832.25,14259.18,23397.66,14771.25,7365.93,1811.94
,,,,,,,4008,4135.95,3939,3229.98,10832.25,14259.18,23397.66,14771.25,7365.93,1811.94
,,,,,,,4009,4135.95,3939,3229.98,10832.25,14259.18,23397.66,14771.25,7365.93,1811.94
,,,,,,,4010,4135.95,3939,3229.98,10832.25,14259.18,23397.66,14771.25,7365.93,1811.94
,,,,,,,4011,4135.95,3939,3229.98,10832.25,14259.18,23397.66,14771.25,7365.93,1811.94
,,,,,,,4012,4135.95,3939,3229.98,10832.25,14259.18,23397.66,14771.25,7365.93,1811.94
,,,,,,,4013,4135.95,3939,3229.98,10832.25,14259.18,23397.66,14771.25,7365.93,1811.94
,,,,,,,4014,4135.95,3939,3229.98,10832.25,14259.18,23397.66,14771.25,7365.93,1811.94
,,,,,,,4015,4135.95,3939,3229.98,10832.25,14259.18,23397.66,14771.25,7365.93,1811.94
,,,,,,,4016,4135.95,3939,3229.98,10832.25,14259.18,23397.66,14771.25,7365.93,1811.94
,,,,,,,4017,4135.95,3939,3229.98,10832.25,14259.18,23397.66,14771.25,7365.93,1811.94
,,,,,,,4018,4135.95,3939,3229.98,10832.25,14259.18,23397.66,14771.25,7365.93,1811.94
,,,,,,,4019,4135.95,3939,3229.98,10832.25,14259.18,23397.66,14771.25,7365.93,1811.94
,,,,,,,4020,4135.95,3939,3229.98,10832.25,14259.18,23397.66,14771.25,7365.93,1811.94
,,,,,,,4021,4135.95,3939,3229.98,10832.25,14259.18,23397.66,14771.25,7365.93,1811.94
,,,,,,,4022,4135.95,3939,3229.98,10832.25,14259.18,23397.66,14771.25,7365.93,1811.94
,,,,,,,4023,4135.95,3939,3229.98,10832.25,14259.18,23397.66,14771.25,7365.93,1811.94
,,,,,,,4024,4135.95,3939,3229.98,10832.25,14259.18,23397.66,14771.25,7365.93,1811.94
,,,,,,,4025,4135.95,3939,3229.98,10832.25,14259.18,23397.66,14771.25,7365.93,1811.94
,,,,,,,4026,4135.95,3939,3229.98,10832.25,14259.18,23397.66,14771.25,7365.93,1811.94
,,,,,,,4027,4135.95,3939,3229.98,10832.25,14259.18,23397.66,14771.25,7365.93,1811.94
,,,,,,,4028,4135.95,3939,3229.98,10832.25,14259.18,23397.66,14771.25,7365.93,1811.94
,,,,,,,4029,4135.95,3939,3229.98,10832.25,14259.18,23397.66,14771.25,7365.93,1811.94
,,,,,,,4030,4135.95,3939,3229.98,10832.25,14259.18,23397.66,14771.25,7365.93,1811.94
,,,,,,,4031,4135.95,3939,3229.98,10832.25,14259.18,23397.66,14771.25,7365.93,1811.94
,,,,,,,4032,4135.95,3939,3229.98,10832.25,14259.18,23397.66,14771.25,7365.93,1811.94
,,,,,,,4033,4135.95,3939,3229.98,10832.25,14259.18,23397.66,14771.25,7365.93,1811.94
,,,,,,,4034,4135.95,3939,3229.98,10832.25,14259.18,23397.66,14771.25,7365.93,1811.94
,,,,,,,4035,4135.95,3939,3229.98,10832.25,14259.18,23397.66,14771.25,7365.93,1811.94
,,,,,,,4036,4135.95,3939,3229.98,10832.25,14259.18,23397.66,14771.25,7365.93,1811.94
,,,,,,,4037,4135.95,3939,3229.98,10832.25,14259.18,23397.66,14771.25,7365.93,1811.94
,,,,,,,4038,4135.95,3939,3229.98,10832.25,14259.18,23397.66,14771.25,7365.93,1811.94
,,,,,,,4039,4135.95,3939,3229.98,10832.25,14259.18,23397.66,14771.25,7365.93,1811.94
,,,,,,,4040,4135.95,3939,3229.98,10832.25,14259.18,23397.66,14771.25,7365.93,1811.94
,,,,,,,4041,4135.95,3939,3229.98,10832.25,14259.18,23397.66,14771.25,7365.93,1811.94
,,,,,,,4042,4135.95,3939,3229.98,10832.25,14259.18,23397.66,14771.25,7365.93,1811.94
,,,,,,,4043,4135.95,3939,3229.98,10832.25,14259.18,23397.66,14771.25,7365.93,1811.94
,,,,,,,4044,4135.95,3939,3229.98,10832.25,14259.18,23397.66,14771.25,7365.93,1811.94
,,,,,,,4045,4135.95,3939,3229.98,10832.25,14259.18,23397.66,14771.25,7365.93,1811.94
,,,,,,,4046,4135.95,3939,3229.98,10832.25,14259.18,23397.66,14771.25,7365.93,1811.94
,,,,,,,4047,4135.95,3939,3229.98,10832.25,14259.18,23397.66,14771.25,7365.93,1811.94
,,,,,,,4048,4135.95,3939,3229.98,10832.25,14259.18,23397.66,14771.25,7365.93,1811.94
,,,,,,,4049,4135.95,3939,3229.98,10832.25,14259.18,23397.66,14771.25,7365.93,1811.94
,,,,,,,4050,4135.95,3939,3229.98,10832.25,14259.18,23397.66,14771.25,7365.93,1811.94
,,,,,,,4051,4135.95,3939,3229.98,10832.25,14259.18,23397.66,14771.25,7365.93,1811.94
,,,,,,,4052,4135.95,3939,3229.98,10832.25,14259.18,23397.66,14771.25,7365.93,1811.94
,,,,,,,4053,4135.95,3939,3229.98,10832.25,14259.18,23397.66,14771.25,7365.93,1811.94
,,,,,,,4054,4135.95,3939,3229.98,10832.25,14259.18,23397.66,14771.25,7365.93,1811.94
,,,,,,,4055,4135.95,3939,3229.98,10832.25,14259.18,23397.66,14771.25,7365.93,1811.94
,,,,,,,4056,4135.95,3939,3229.98,10832.25,14259.18,23397.66,14771.25,7365.93,1811.94
,,,,,,,4057,4135.95,3939,3229.98,10832.25,14259.18,23397.66,14771.25,7365.93,1811.94
,,,,,,,4058,4135.95,3939,3229.98,10832.25,14259.18,23397.66,14771.25,7365.93,1811.94
,,,,,,,4059,4135.95,3939,3229.98,10832.25,14259.18,23397.66,14771.25,7365.93,1811.94
,,,,,,,4060,4135.95,3939,3229.98,10832.25,14259.18,23397.66,14771.25,7365.93,1811.94
,,,,,,,4061,4135.95,3939,3229.98,10832.25,14259.18,23397.66,14771.25,7365.93,1811.94
,,,,,,,4062,4135.95,3939,3229.98,10832.25,14259.18,23397.66,14771.25,7365.93,1811.94
,,,,,,,4063,4135.95,3939,3229.98,10832.25,14259.18,23397.66,14771.25,7365.93,1811.94
,,,,,,,4064,4135.95,3939,3229.98,10832.25,14259.18,23397.66,14771.25,7365.93,1811.94
,,,,,,,4065,4135.95,3939,3229.98,10832.25,14259.18,23397.66,14771.25,7365.93,1811.94
,,,,,,,4066,4135.95,3939,3229.98,10832.25,14259.18,23397.66,14771.25,7365.93,1811.94
,,,,,,,4067,4135.95,3939,3229.98,10832.25,14259.18,23397.66,14771.25,7365.93,1811.94
,,,,,,,4068,4135.95,3939,3229.98,10832.25,14259.18,23397.66,14771.25,7365.93,1811.94
,,,,,,,4069,4135.95,3939,3229.98,10832.25,14259.18,23397.66,14771.25,7365.93,1811.94
,,,,,,,4070,4135.95,3939,3229.98,10832.25,14259.18,23397.66,14771.25,7365.93,1811.94
,,,,,,,4071,4135.95,3939,3229.98,10832.25,14259.18,23397.66,14771.25,7365.93,1811.94
,,,,,,,4072,4135.95,3939,3229.98,10832.25,14259.18,23397.66,14771.25,7365.93,1811.94
,,,,,,,4073,4135.95,3939,3229.98,10832.25,14259.18,23397.66,14771.25,7365.93,1811.94
,,,,,,,4074,4135.95,3939,3229.98,10832.25,14259.18,23397.66,14771.25,7365.93,1811.94
,,,,,,,4075,4135.95,3939,3229.98,10832.25,14259.18,23397.66,14771.25,7365.93,1811.94
,,,,,,,4076,4135.95,3939,3229.98,10832.25,14259.18,23397.66,14771.25,7365.93,1811.94
,,,,,,,4077,4135.95,3939,3229.98,10832.25,14259.18,23397.66,14771.25,7365.93,1811.94
,,,,,,,4078,4135.95,3939,3229.98,10832.25,14259.18,23397.66,14771.25,7365.93,1811.94
,,,,,,,4079,4135.95,3939,3229.98,10832.25,14259.18,23397.66,14771.25,7365.93,1811.94
,,,,,,,4080,4135.95,3939,3229.98,10832.25,14259.18,23397.66,14771.25,7365.93,1811.94
,,,,,,,4081,4135.95,3939,3229.98,10832.25,14259.18,23397.66,14771.25,7365.93,1811.94
,,,,,,,4082,4135.95,3939,3229.98,10832.25,14259.18,23397.66,14771.25,7365.93,1811.94
,,,,,,,4083,4135.95,3939,3229.98,10832.25,14259.18,23397.66,14771.25,7365.93,1811.94
,,,,,,,4084,4135.95,3939,3229.98,10832.25,14259.18,23397.66,14771.25,7365.93,1811.94
,,,,,,,4085,4135.95,3939,3229.98,10832.25,14259.18,23397.66,14771.25,7365.93,1811.94
,,,,,,,4086,4135.95,3939,3229.98,10832.25,14259.18,23397.66,14771.25,7365.93,1811.94
,,,,,,,4087,4135.95,3939,3229.98,10832.25,14259.18,23397.66,14771.25,7365.93,1811.94
,,,,,,,4088,4135.95,3939,3229.98,10832.25,14259.18,23397.66,14771.25,7365.93,1811.94
,,,,,,,4089,4135.95,3939,3229.98,10832.25,14259.18,23397.66,14771.25,7365.93,1811.94
,,,,,,,4090,4135.95,3939,3229.98,10832.25,14259.18,23397.66,14771.25,7365.93,1811.94
,,,,,,,4091,4135.95,3939,3229.98,10832.25,14259.18,23397.66,14771.25,7365.93,1811.94
,,,,,,,4092,4135.95,3939,3229.98,10832.25,14259.18,23397.66,14771.25,7365.93,1811.94
,,,,,,,4093,4135.95,3939,3229.98,10832.25,14259.18,23397.66,14771.25,7365.93,1811.94
,,,,,,,4094,4135.95,3939,3229.98,10832.25,14259.18,23397.66,14771.25,7365.93,1811.94
,,,,,,,4095,4135.95,3939,3229.98,10832.25,14259.18,23397.66,14771.25,7365.93,1811.94
,,,,,,,4096,4135.95,3939,3229.98,10832.25,14259.18,23397.66,14771.25,7365.93,1811.94
,,,,,,,4097,4135.95,3939,3229.98,10832.25,14259.18,23397.66,14771.25,7365.93,1811.94
,,,,,,,4098,4135.95,3939,3229.98,10832.25,14259.18,23397.66,14771.25,7365.93,1811.94
,,,,,,,4099,4135.95,3939,3229.98,10832.25,14259.18,23397.66,14771.25,7365.93,1811.94
,,,,,,,4100,4135.95,3939,3229.98,10832.25,14259.18,23397.66,14771.25,7365.93,1811.94
,,,,,,,4101,4135.95,3939,3229.98,10832.25,14259.18,23397.66,14771.25,7365.93,1811.94
,,,,,,,4102,4135.95,3939,3229.98,10832.25,14259.18,23397.66,14771.25,7365.93,1811.94
,,,,,,,4103,4135.95,3939,3229.98,10832.25,14259.18,23397.66,14771.25,7365.93,1811.94
,,,,,,,4104,4135.95,3939,3229.98,10832.25,14259.18,23397.66,14771.25,7365.93,1811.94
,,,,,,,4105,4135.95,3939,3229.98,10832.25,14259.18,23397.66,14771.25,7365.93,1811.94
,,,,,,,4106,4135.95,3939,3229.98,10832.25,14259.18,23397.66,14771.25,7365.93,1811.94
,,,,,,,4107,4135.95,3939,3229.98,10832.25,14259.18,23397.66,14771.25,7365.93,1811.94
,,,,,,,4108,4135.95,3939,3229.98,10832.25,14259.18,23397.66,14771.25,7365.93,1811.94
,,,,,,,4109,4135.95,3939,3229.98,10832.25,14259.18,23397.66,14771.25,7365.93,1811.94
,,,,,,,4110,4135.95,3939,3229.98,10832.25,14259.18,23397.66,14771.25,7365.93,1811.94
,,,,,,,4111,4135.95,3939,3229.98,10832.25,14259.18,23397.66,14771.25,7365.93,1811.94
,,,,,,,4112,4135.95,3939,3229.98,10832.25,14259.18,23397.66,14771.25,7365.93,1811.94
,,,,,,,4113,4135.95,3939,3229.98,10832.25,14259.18,23397.66,14771.25,7365.93,1811.94
,,,,,,,4114,4135.95,3939,3229.98,10832.25,14259.18,23397.66,14771.25,7365.93,1811.94
,,,,,,,4115,4135.95,3939,3229.98,10832.25,14259.18,23397.66,14771.25,7365.93,1811.94
,,,,,,,4116,4135.95,3939,3229.98,10832.25,14259.18,23397.66,14771.25,7365.93,1811.94
,,,,,,,4117,4135.95,3939,3229.98,10832.25,14259.18,23397.66,14771.25,7365.93,1811.94
,,,,,,,4118,4135.95,3939,3229.98,10832.25,14259.18,23397.66,14771.25,7365.93,1811.94
,,,,,,,4119,4135.95,3939,3229.98,10832.25,14259.18,23397.66,14771.25,7365.93,1811.94
,,,,,,,4120,4135.95,3939,3229.98,10832.25,14259.18,23397.66,14771.25,7365.93,1811.94
,,,,,,,4121,4135.95,3939,3229.98,10832.25,14259.18,23397.66,14771.25,7365.93,1811.94
,,,,,,,4122,4135.95,3939,3229.98,10832.25,14259.18,23397.66,14771.25,7365.93,1811.94
,,,,,,,4123,4135.95,3939,3229.98,10832.25,14259.18,23397.66,14771.25,7365.93,1811.94
,,,,,,,4124,4135.95,3939,3229.98,10832.25,14259.18,23397.66,14771.25,7365.93,1811.94
,,,,,,,4125,4135.95,3939,3229.98,10832.25,14259.18,23397.66,14771.25,7365.93,1811.94
,,,,,,,4126,4135.95,3939,3229.98,10832.25,14259.18,23397.66,14771.25,7365.93,1811.94
,,,,,,,4127,4135.95,3939,3229.98,10832.25,14259.18,23397.66,14771.25,7365.93,1811.94
,,,,,,,4128,4135.95,3939,3229.98,10832.25,14259.18,23397.66,14771.25,7365.93,1811.94
,,,,,,,4129,4135.95,3939,3229.98,10832.25,14259.18,23397.66,14771.25,7365.93,1811.94
,,,,,,,4130,4135.95,3939,3229.98,10832.25,14259.18,23397.66,14771.25,7365.93,1811.94
,,,,,,,4131,4135.95,3939,3229.98,10832.25,14259.18,23397.66,14771.25,7365.93,1811.94
,,,,,,,4132,4135.95,3939,3229.98,10832.25,14259.18,23397.66,14771.25,7365.93,1811.94
,,,,,,,4133,4135.95,3939,3229.98,10832.25,14259.18,23397.66,14771.25,7365.93,1811.94
,,,,,,,4134,4135.95,3939,3229.98,10832.25,14259.18,23397.66,14771.25,7365.93,1811.94
,,,,,,,4135,4135.95,3939,3229.98,10832.25,14259.18,23397.66,14771.25,7365.93,1811.94
,,,,,,,4136,4135.95,3939,3229.98,10832.25,14259.18,23397.66,14771.25,7365.93,1811.94
,,,,,,,4137,4135.95,3939,3229.98,10832.25,14259.18,23397.66,14771.25,7365.93,1811.94
,,,,,,,4138,4135.95,3939,3229.98,10832.25,14259.18,23397.66,14771.25,7365.93,1811.94
,,,,,,,4139,4135.95,3939,3229.98,10832.25,14259.18,23397.66,14771.25,7365.93,1811.94
,,,,,,,4140,4135.95,3939,3229.98,10832.25,14259.18,23397.66,14771.25,7365.93,1811.94
,,,,,,,4141,4135.95,3939,3229.98,10832.25,14259.18,23397.66,14771.25,7365.93,1811.94
,,,,,,,4142,4135.95,3939,3229.98,10832.25,14259.18,23397.66,14771.25,7365.93,1811.94
,,,,,,,4143,4135.95,3939,3229.98,10832.25,14259.18,23397.66,14771.25,7365.93,1811.94
,,,,,,,4144,4135.95,3939,3229.98,10832.25,14259.18,23397.66,14771.25,7365.93,1811.94
,,,,,,,4145,4135.95,3939,3229.98,10832.25,14259.18,23397.66,14771.25,7365.93,1811.94
,,,,,,,4146,4135.95,3939,3229.98,10832.25,14259.18,23397.66,14771.25,7365.93,1811.94
,,,,,,,4147,4135.95,3939,3229.98,10832.25,14259.18,23397.66,14771.25,7365.93,1811.94
,,,,,,,4148,4135.95,3939,3229.98,10832.25,14259.18,23397.66,14771.25,7365.93,1811.94
,,,,,,,4149,4135.95,3939,3229.98,10832.25,14259.18,23397.66,14771.25,7365.93,1811.94
,,,,,,,4150,4135.95,3939,3229.98,10832.25,14259.18,23397.66,14771.25,7365.93,1811.94
,,,,,,,4151,4135.95,3939,3229.98,10832.25,14259.18,23397.66,14771.25,7365.93,1811.94
,,,,,,,4152,4135.95,3939,3229.98,10832.25,14259.18,23397.66,14771.25,7365.93,1811.94
,,,,,,,4153,4135.95,3939,3229.98,10832.25,14259.18,23397.66,14771.25,7365.93,1811.94
,,,,,,,4154,4135.95,3939,3229.98,10832.25,14259.18,23397.66,14771.25,7365.93,1811.94
,,,,,,,4155,4135.95,3939,3229.98,10832.25,14259.18,23397.66,14771.25,7365.93,1811.94
,,,,,,,4156,4135.95,3939,3229.98,10832.25,14259.18,23397.66,14771.25,7365.93,1811.94
,,,,,,,4157,4135.95,3939,3229.98,10832.25,14259.18,23397.66,14771.25,7365.93,1811.94
,,,,,,,4158,4135.95,3939,3229.98,10832.25,14259.18,23397.66,14771.25,7365.93,1811.94
,,,,,,,4159,4135.95,3939,3229.98,10832.25,14259.18,23397.66,14771.25,7365.93,1811.94
,,,,,,,4160,4135.95,3939,3229.98,10832.25,14259.18,23397.66,14771.25,7365.93,1811.94
,,,,,,,4161,4135.95,3939,3229.98,10832.25,14259.18,23397.66,14771.25,7365.93,1811.94
,,,,,,,4162,4135.95,3939,3229.98,10832.25,14259.18,23397.66,14771.25,7365.93,1811.94
,,,,,,,4163,4135.95,3939,3229.98,10832.25,14259.18,23397.66,14771.25,7365.93,1811.94
,,,,,,,4164,4135.95,3939,3229.98,10832.25,14259.18,23397.66,14771.25,7365.93,1811.94
,,,,,,,4165,4135.95,3939,3229.98,10832.25,14259.18,23397.66,14771.25,7365.93,1811.94
,,,,,,,4166,4135.95,3939,3229.98,10832.25,14259.18,23397.66,14771.25,7365.93,1811.94
,,,,,,,4167,4135.95,3939,3229.98,10832.25,14259.18,23397.66,14771.25,7365.93,1811.94
,,,,,,,4168,4135.95,3939,3229.98,10832.25,14259.18,23397.66,14771.25,7365.93,1811.94
,,,,,,,4169,4135.95,3939,3229.98,10832.25,14259.18,23397.66,14771.25,7365.93,1811.94
,,,,,,,4170,4135.95,3939,3229.98,10832.25,14259.18,23397.66,14771.25,7365.93,1811.94
,,,,,,,4171,4135.95,3939,3229.98,10832.25,14259.18,23397.66,14771.25,7365.93,1811.94
,,,,,,,4172,4135.95,3939,3229.98,10832.25,14259.18,23397.66,14771.25,7365.93,1811.94
,,,,,,,4173,4135.95,3939,3229.98,10832.25,14259.18,23397.66,14771.25,7365.93,1811.94
,,,,,,,4174,4135.95,3939,3229.98,10832.25,14259.18,23397.66,14771.25,7365.93,1811.94
,,,,,,,4175,4135.95,3939,3229.98,10832.25,14259.18,23397.66,14771.25,7365.93,1811.94
,,,,,,,4176,4135.95,3939,3229.98,10832.25,14259.18,23397.66,14771.25,7365.93,1811.94
,,,,,,,4177,4135.95,3939,3229.98,10832.25,14259.18,23397.66,14771.25,7365.93,1811.94
,,,,,,,4178,4135.95,3939,3229.98,10832.25,14259.18,23397.66,14771.25,7365.93,1811.94
,,,,,,,4179,4135.95,3939,3229.98,10832.25,14259.18,23397.66,14771.25,7365.93,1811.94
,,,,,,,4180,4135.95,3939,3229.98,10832.25,14259.18,23397.66,14771.25,7365.93,1811.94
,,,,,,,4181,4135.95,3939,3229.98,10832.25,14259.18,23397.66,14771.25,7365.93,1811.94
,,,,,,,4182,4135.95,3939,3229.98,10832.25,14259.18,23397.66,14771.25,7365.93,1811.94
,,,,,,,4183,4135.95,3939,3229.98,10832.25,14259.18,23397.66,14771.25,7365.93,1811.94
,,,,,,,4184,4135.95,3939,3229.98,10832.25,14259.18,23397.66,14771.25,7365.93,1811.94
,,,,,,,4185,4135.95,3939,3229.98,10832.25,14259.18,23397.66,14771.25,7365.93,1811.94
,,,,,,,4186,4135.95,3939,3229.98,10832.25,14259.18,23397.66,14771.25,7365.93,1811.94
,,,,,,,4187,4135.95,3939,3229.98,10832.25,14259.18,23397.66,14771.25,7365.93,1811.94
,,,,,,,4188,4135.95,3939,3229.98,10832.25,14259.18,23397.66,14771.25,7365.93,1811.94
,,,,,,,4189,4135.95,3939,3229.98,10832.25,14259.18,23397.66,14771.25,7365.93,1811.94
,,,,,,,4190,4135.95,3939,3229.98,10832.25,14259.18,23397.66,14771.25,7365.93,1811.94
,,,,,,,4191,4135.95,3939,3229.98,10832.25,14259.18,23397.66,14771.25,7365.93,1811.94
,,,,,,,4192,4135.95,3939,3229.98,10832.25,14259.18,23397.66,14771.25,7365.93,1811.94
,,,,,,,4193,4135.95,3939,3229.98,10832.25,14259.18,23397.66,14771.25,7365.93,1811.94
,,,,,,,4194,4135.95,3939,3229.98,10832.25,14259.18,23397.66,14771.25,7365.93,1811.94
,,,,,,,4195,4135.95,3939,3229.98,10832.25,14259.18,23397.66,14771.25,7365.93,1811.94
,,,,,,,4196,4135.95,3939,3229.98,10832.25,14259.18,23397.66,14771.25,7365.93,1811.94
,,,,,,,4197,4135.95,3939,3229.98,10832.25,14259.18,23397.66,14771.25,7365.93,1811.94
,,,,,,,4198,4135.95,3939,3229.98,10832.25,14259.18,23397.66,14771.25,7365.93,1811.94
,,,,,,,4199,4135.95,3939,3229.98,10832.25,14259.18,23397.66,14771.25,7365.93,1811.94
,,,,,,,4200,4135.95,3939,3229.98,10832.25,14259.18,23397.66,14771.25,7365.93,1811.94
,,,,,,,4201,4135.95,3939,3229.98,10832.25,14259.18,23397.66,14771.25,7365.93,1811.94
,,,,,,,4202,4135.95,3939,3229.98,10832.25,14259.18,23397.66,14771.25,7365.93,1811.94
,,,,,,,4203,4135.95,3939,3229.98,10832.25,14259.18,23397.66,14771.25,7365.93,1811.94
,,,,,,,4204,4135.95,3939,3229.98,10832.25,14259.18,23397.66,14771.25,7365.93,1811.94
,,,,,,,4205,4135.95,3939,3229.98,10832.25,14259.18,23397.66,14771.25,7365.93,1811.94
,,,,,,,4206,4135.95,3939,3229.98,10832.25,14259.18,23397.66,14771.25,7365.93,1811.94
,,,,,,,4207,4135.95,3939,3229.98,10832.25,14259.18,23397.66,14771.25,7365.93,1811.94
,,,,,,,4208,4135.95,3939,3229.98,10832.25,14259.18,23397.66,14771.25,7365.93,1811.94
,,,,,,,4209,4135.95,3939,3229.98,10832.25,14259.18,23397.66,14771.25,7365.93,1811.94
,,,,,,,4210,4135.95,3939,3229.98,10832.25,14259.18,23397.66,14771.25,7365.93,1811.94
,,,,,,,4211,4135.95,3939,3229.98,10832.25,14259.18,23397.66,14771.25,7365.93,1811.94
,,,,,,,4212,4135.95,3939,3229.98,10832.25,14259.18,23397.66,14771.25,7365.93,1811.94
,,,,,,,4213,4135.95,3939,3229.98,10832.25,14259.18,23397.66,14771.25,7365.93,1811.94
,,,,,,,4214,4135.95,3939,3229.98,10832.25,14259.18,23397.66,14771.25,7365.93,1811.94
,,,,,,,4215,4135.95,3939,3229.98,10832.25,14259.18,23397.66,14771.25,7365.93,1811.94
,,,,,,,4216,4135.95,3939,3229.98,10832.25,14259.18,23397.66,14771.25,7365.93,1811.94
,,,,,,,4217,4135.95,3939,3229.98,10832.25,14259.18,23397.66,14771.25,7365.93,1811.94
,,,,,,,4218,4135.95,3939,3229.98,10832.25,14259.18,23397.66,14771.25,7365.93,1811.94
,,,,,,,4219,4135.95,3939,3229.98,10832.25,14259.18,23397.66,14771.25,7365.93,1811.94
,,,,,,,4220,4135.95,3939,3229.98,10832.25,14259.18,23397.66,14771.25,7365.93,1811.94
,,,,,,,4221,4135.95,3939,3229.98,10832.25,14259.18,23397.66,14771.25,7365.93,1811.94
,,,,,,,4222,4135.95,3939,3229.98,10832.25,14259.18,23397.66,14771.25,7365.93,1811.94
,,,,,,,4223,4135.95,3939,3229.98,10832.25,14259.18,23397.66,14771.25,7365.93,1811.94
,,,,,,,4224,4135.95,3939,3229.98,10832.25,14259.18,23397.66,14771.25,7365.93,1811.94
,,,,,,,4225,4135.95,3939,3229.98,10832.25,14259.18,23397.66,14771.25,7365.93,1811.94
,,,,,,,4226,4135.95,3939,3229.98,10832.25,14259.18,23397.66,14771.25,7365.93,1811.94
,,,,,,,4227,4135.95,3939,3229.98,10832.25,14259.18,23397.66,14771.25,7365.93,1811.94
,,,,,,,4228,4135.95,3939,3229.98,10832.25,14259.18,23397.66,14771.25,7365.93,1811.94
,,,,,,,4229,4135.95,3939,3229.98,10832.25,14259.18,23397.66,14771.25,7365.93,1811.94
,,,,,,,4230,4135.95,3939,3229.98,10832.25,14259.18,23397.66,14771.25,7365.93,1811.94
,,,,,,,4231,4135.95,3939,3229.98,10832.25,14259.18,23397.66,14771.25,7365.93,1811.94
,,,,,,,4232,4135.95,3939,3229.98,10832.25,14259.18,23397.66,14771.25,7365.93,1811.94
,,,,,,,4233,4135.95,3939,3229.98,10832.25,14259.18,23397.66,14771.25,7365.93,1811.94
,,,,,,,4234,4135.95,3939,3229.98,10832.25,14259.18,23397.66,14771.25,7365.93,1811.94
,,,,,,,4235,4135.95,3939,3229.98,10832.25,14259.18,23397.66,14771.25,7365.93,1811.94
,,,,,,,4236,4135.95,3939,3229.98,10832.25,14259.18,23397.66,14771.25,7365.93,1811.94
,,,,,,,4237,4135.95,3939,3229.98,10832.25,14259.18,23397.66,14771.25,7365.93,1811.94
,,,,,,,4238,4135.95,3939,3229.98,10832.25,14259.18,23397.66,14771.25,7365.93,1811.94
,,,,,,,4239,4135.95,3939,3229.98,10832.25,14259.18,23397.66,14771.25,7365.93,1811.94
,,,,,,,4240,4135.95,3939,3229.98,10832.25,14259.18,23397.66,14771.25,7365.93,1811.94
,,,,,,,4241,4135.95,3939,3229.98,10832.25,14259.18,23397.66,14771.25,7365.93,1811.94
,,,,,,,4242,4135.95,3939,3229.98,10832.25,14259.18,23397.66,14771.25,7365.93,1811.94
,,,,,,,4243,4135.95,3939,3229.98,10832.25,14259.18,23397.66,14771.25,7365.93,1811.94
,,,,,,,4244,4135.95,3939,3229.98,10832.25,14259.18,23397.66,14771.25,7365.93,1811.94
,,,,,,,4245,4135.95,3939,3229.98,10832.25,14259.18,23397.66,14771.25,7365.93,1811.94
,,,,,,,4246,4135.95,3939,3229.98,10832.25,14259.18,23397.66,14771.25,7365.93,1811.94
,,,,,,,4247,4135.95,3939,3229.98,10832.25,14259.18,23397.66,14771.25,7365.93,1811.94
,,,,,,,4248,4135.95,3939,3229.98,10832.25,14259.18,23397.66,14771.25,7365.93,1811.94
,,,,,,,4249,4135.95,3939,3229.98,10832.25,14259.18,23397.66,14771.25,7365.93,1811.94
,,,,,,,4250,4135.95,3939,3229.98,10832.25,14259.18,23397.66,14771.25,7365.93,1811.94
,,,,,,,4251,4135.95,3939,3229.98,10832.25,14259.18,23397.66,14771.25,7365.93,1811.94
,,,,,,,4252,4135.95,3939,3229.98,10832.25,14259.18,23397.66,14771.25,7365.93,1811.94
,,,,,,,4253,4135.95,3939,3229.98,10832.25,14259.18,23397.66,14771.25,7365.93,1811.94
,,,,,,,4254,4135.95,3939,3229.98,10832.25,14259.18,23397.66,14771.25,7365.93,1811.94
,,,,,,,4255,4135.95,3939,3229.98,10832.25,14259.18,23397.66,14771.25,7365.93,1811.94
,,,,,,,4256,4135.95,3939,3229.98,10832.25,14259.18,23397.66,14771.25,7365.93,1811.94
,,,,,,,4257,4135.95,3939,3229.98,10832.25,14259.18,23397.66,14771.25,7365.93,1811.94
,,,,,,,4258,4135.95,3939,3229.98,10832.25,14259.18,23397.66,14771.25,7365.93,1811.94
,,,,,,,4259,4135.95,3939,3229.98,10832.25,14259.18,23397.66,14771.25,7365.93,1811.94
,,,,,,,4260,4135.95,3939,3229.98,10832.25,14259.18,23397.66,14771.25,7365.93,1811.94
,,,,,,,4261,4135.95,3939,3229.98,10832.25,14259.18,23397.66,14771.25,7365.93,1811.94
,,,,,,,4262,4135.95,3939,3229.98,10832.25,14259.18,23397.66,14771.25,7365.93,1811.94
,,,,,,,4263,4135.95,3939,3229.98,10832.25,14259.18,23397.66,14771.25,7365.93,1811.94
,,,,,,,4264,4135.95,3939,3229.98,10832.25,14259.18,23397.66,14771.25,7365.93,1811.94
,,,,,,,4265,4135.95,3939,3229.98,10832.25,14259.18,23397.66,14771.25,7365.93,1811.94
,,,,,,,4266,4135.95,3939,3229.98,10832.25,14259.18,23397.66,14771.25,7365.93,1811.94
,,,,,,,4267,4135.95,3939,3229.98,10832.25,14259.18,23397.66,14771.25,7365.93,1811.94
,,,,,,,4268,4135.95,3939,3229.98,10832.25,14259.18,23397.66,14771.25,7365.93,1811.94
,,,,,,,4269,4135.95,3939,3229.98,10832.25,14259.18,23397.66,14771.25,7365.93,1811.94
,,,,,,,4270,4135.95,3939,3229.98,10832.25,14259.18,23397.66,14771.25,7365.93,1811.94
,,,,,,,4271,4135.95,3939,3229.98,10832.25,14259.18,23397.66,14771.25,7365.93,1811.94
,,,,,,,4272,4135.95,3939,3229.98,10832.25,14259.18,23397.66,14771.25,7365.93,1811.94
,,,,,,,4273,4135.95,3939,3229.98,10832.25,14259.18,23397.66,14771.25,7365.93,1811.94
,,,,,,,4274,4135.95,3939,3229.98,10832.25,14259.18,23397.66,14771.25,7365.93,1811.94
,,,,,,,4275,4135.95,3939,3229.98,10832.25,14259.18,23397.66,14771.25,7365.93,1811.94
,,,,,,,4276,4135.95,3939,3229.98,10832.25,14259.18,23397.66,14771.25,7365.93,1811.94
,,,,,,,4277,4135.95,3939,3229.98,10832.25,14259.18,23397.66,14771.25,7365.93,1811.94
,,,,,,,4278,4135.95,3939,3229.98,10832.25,14259.18,23397.66,14771.25,7365.93,1811.94
,,,,,,,4279,4135.95,3939,3229.98,10832.25,14259.18,23397.66,14771.25,7365.93,1811.94
,,,,,,,4280,4135.95,3939,3229.98,10832.25,14259.18,23397.66,14771.25,7365.93,1811.94
,,,,,,,4281,4135.95,3939,3229.98,10832.25,14259.18,23397.66,14771.25,7365.93,1811.94
,,,,,,,4282,4135.95,3939,3229.98,10832.25,14259.18,23397.66,14771.25,7365.93,1811.94
,,,,,,,4283,4135.95,3939,3229.98,10832.25,14259.18,23397.66,14771.25,7365.93,1811.94
,,,,,,,4284,4135.95,3939,3229.98,10832.25,14259.18,23397.66,14771.25,7365.93,1811.94
,,,,,,,4285,4135.95,3939,3229.98,10832.25,14259.18,23397.66,14771.25,7365.93,1811.94
,,,,,,,4286,4135.95,3939,3229.98,10832.25,14259.18,23397.66,14771.25,7365.93,1811.94
,,,,,,,4287,4135.95,3939,3229.98,10832.25,14259.18,23397.66,14771.25,7365.93,1811.94
,,,,,,,4288,4135.95,3939,3229.98,10832.25,14259.18,23397.66,14771.25,7365.93,1811.94
,,,,,,,4289,4135.95,3939,3229.98,10832.25,14259.18,23397.66,14771.25,7365.93,1811.94
,,,,,,,4290,4135.95,3939,3229.98,10832.25,14259.18,23397.66,14771.25,7365.93,1811.94
,,,,,,,4291,4135.95,3939,3229.98,10832.25,14259.18,23397.66,14771.25,7365.93,1811.94
,,,,,,,4292,4135.95,3939,3229.98,10832.25,14259.18,23397.66,14771.25,7365.93,1811.94
,,,,,,,4293,4135.95,3939,3229.98,10832.25,14259.18,23397.66,14771.25,7365.93,1811.94
,,,,,,,4294,4135.95,3939,3229.98,10832.25,14259.18,23397.66,14771.25,7365.93,1811.94
,,,,,,,4295,4135.95,3939,3229.98,10832.25,14259.18,23397.66,14771.25,7365.93,1811.94
,,,,,,,4296,4135.95,3939,3229.98,10832.25,14259.18,23397.66,14771.25,7365.93,1811.94
,,,,,,,4297,4135.95,3939,3229.98,10832.25,14259.18,23397.66,14771.25,7365.93,1811.94
,,,,,,,4298,4135.95,3939,3229.98,10832.25,14259.18,23397.66,14771.25,7365.93,1811.94
,,,,,,,4299,4135.95,3939,3229.98,10832.25,14259.18,23397.66,14771.25,7365.93,1811.94
,,,,,,,4300,4135.95,3939,3229.98,10832.25,14259.18,23397.66,14771.25,7365.93,1811.94
,,,,,,,4301,4135.95,3939,3229.98,10832.25,14259.18,23397.66,14771.25,7365.93,1811.94
,,,,,,,4302,4135.95,3939,3229.98,10832.25,14259.18,23397.66,14771.25,7365.93,1811.94
,,,,,,,4303,4135.95,3939,3229.98,10832.25,14259.18,23397.66,14771.25,7365.93,1811.94
,,,,,,,4304,4135.95,3939,3229.98,10832.25,14259.18,23397.66,14771.25,7365.93,1811.94
,,,,,,,4305,4135.95,3939,3229.98,10832.25,14259.18,23397.66,14771.25,7365.93,1811.94
,,,,,,,4306,4135.95,3939,3229.98,10832.25,14259.18,23397.66,14771.25,7365.93,1811.94
,,,,,,,4307,4135.95,3939,3229.98,10832.25,14259.18,23397.66,14771.25,7365.93,1811.94
,,,,,,,4308,4135.95,3939,3229.98,10832.25,14259.18,23397.66,14771.25,7365.93,1811.94
,,,,,,,4309,4135.95,3939,3229.98,10832.25,14259.18,23397.66,14771.25,7365.93,1811.94
,,,,,,,4310,4135.95,3939,3229.98,10832.25,14259.18,23397.66,14771.25,7365.93,1811.94
,,,,,,,4311,4135.95,3939,3229.98,10832.25,14259.18,23397.66,14771.25,7365.93,1811.94
,,,,,,,4312,4135.95,3939,3229.98,10832.25,14259.18,23397.66,14771.25,7365.93,1811.94
,,,,,,,4313,4135.95,3939,3229.98,10832.25,14259.18,23397.66,14771.25,7365.93,1811.94
,,,,,,,4314,4135.95,3939,3229.98,10832.25,14259.18,23397.66,14771.25,7365.93,1811.94
,,,,,,,4315,4135.95,3939,3229.98,10832.25,14259.18,23397.66,14771.25,7365.93,1811.94
,,,,,,,4316,4135.95,3939,3229.98,10832.25,14259.18,23397.66,14771.25,7365.93,1811.94
,,,,,,,4317,4135.95,3939,3229.98,10832.25,14259.18,23397.66,14771.25,7365.93,1811.94
,,,,,,,4318,4135.95,3939,3229.98,10832.25,14259.18,23397.66,14771.25,7365.93,1811.94
,,,,,,,4319,4135.95,3939,3229.98,10832.25,14259.18,23397.66,14771.25,7365.93,1811.94
,,,,,,,4320,4135.95,3939,3229.98,10832.25,14259.18,23397.66,14771.25,7365.93,1811.94
,,,,,,,4321,4135.95,3939,3229.98,10832.25,14259.18,23397.66,14771.25,7365.93,1811.94
,,,,,,,4322,4135.95,3939,3229.98,10832.25,14259.18,23397.66,14771.25,7365.93,1811.94
,,,,,,,4323,4135.95,3939,3229.98,10832.25,14259.18,23397.66,14771.25,7365.93,1811.94
,,,,,,,4324,4135.95,3939,3229.98,10832.25,14259.18,23397.66,14771.25,7365.93,1811.94
,,,,,,,4325,4135.95,3939,3229.98,10832.25,14259.18,23397.66,14771.25,7365.93,1811.94
,,,,,,,4326,4135.95,3939,3229.98,10832.25,14259.18,23397.66,14771.25,7365.93,1811.94
,,,,,,,4327,4135.95,3939,3229.98,10832.25,14259.18,23397.66,14771.25,7365.93,1811.94
,,,,,,,4328,4135.95,3939,3229.98,10832.25,14259.18,23397.66,14771.25,7365.93,1811.94
,,,,,,,4329,4135.95,3939,3229.98,10832.25,14259.18,23397.66,14771.25,7365.93,1811.94
,,,,,,,4330,4135.95,3939,3229.98,10832.25,14259.18,23397.66,14771.25,7365.93,1811.94
,,,,,,,4331,4135.95,3939,3229.98,10832.25,14259.18,23397.66,14771.25,7365.93,1811.94
,,,,,,,4332,4135.95,3939,3229.98,10832.25,14259.18,23397.66,14771.25,7365.93,1811.94
,,,,,,,4333,4135.95,3939,3229.98,10832.25,14259.18,23397.66,14771.25,7365.93,1811.94
,,,,,,,4334,4135.95,3939,3229.98,10832.25,14259.18,23397.66,14771.25,7365.93,1811.94
,,,,,,,4335,4135.95,3939,3229.98,10832.25,14259.18,23397.66,14771.25,7365.93,1811.94
,,,,,,,4336,4135.95,3939,3229.98,10832.25,14259.18,23397.66,14771.25,7365.93,1811.94
,,,,,,,4337,4135.95,3939,3229.98,10832.25,14259.18,23397.66,14771.25,7365.93,1811.94
,,,,,,,4338,4135.95,3939,3229.98,10832.25,14259.18,23397.66,14771.25,7365.93,1811.94
,,,,,,,4339,4135.95,3939,3229.98,10832.25,14259.18,23397.66,14771.25,7365.93,1811.94
,,,,,,,4340,4135.95,3939,3229.98,10832.25,14259.18,23397.66,14771.25,7365.93,1811.94
,,,,,,,4341,4135.95,3939,3229.98,10832.25,14259.18,23397.66,14771.25,7365.93,1811.94
,,,,,,,4342,4135.95,3939,3229.98,10832.25,14259.18,23397.66,14771.25,7365.93,1811.94
,,,,,,,4343,4135.95,3939,3229.98,10832.25,14259.18,23397.66,14771.25,7365.93,1811.94
,,,,,,,4344,4135.95,3939,3229.98,10832.25,14259.18,23397.66,14771.25,7365.93,1811.94
,,,,,,,4345,4135.95,3939,3229.98,10832.25,14259.18,23397.66,14771.25,7365.93,1811.94
,,,,,,,4346,4135.95,3939,3229.98,10832.25,14259.18,23397.66,14771.25,7365.93,1811.94
,,,,,,,4347,4135.95,3939,3229.98,10832.25,14259.18,23397.66,14771.25,7365.93,1811.94
,,,,,,,4348,4135.95,3939,3229.98,10832.25,14259.18,23397.66,14771.25,7365.93,1811.94
,,,,,,,4349,4135.95,3939,3229.98,10832.25,14259.18,23397.66,14771.25,7365.93,1811.94
,,,,,,,4350,4135.95,3939,3229.98,10832.25,14259.18,23397.66,14771.25,7365.93,1811.94
,,,,,,,4351,4135.95,3939,3229.98,10832.25,14259.18,23397.66,14771.25,7365.93,1811.94
,,,,,,,4352,4135.95,3939,3229.98,10832.25,14259.18,23397.66,14771.25,7365.93,1811.94
,,,,,,,4353,4135.95,3939,3229.98,10832.25,14259.18,23397.66,14771.25,7365.93,1811.94
,,,,,,,4354,4135.95,3939,3229.98,10832.25,14259.18,23397.66,14771.25,7365.93,1811.94
,,,,,,,4355,4135.95,3939,3229.98,10832.25,14259.18,23397.66,14771.25,7365.93,1811.94
,,,,,,,4356,4135.95,3939,3229.98,10832.25,14259.18,23397.66,14771.25,7365.93,1811.94
,,,,,,,4357,4135.95,3939,3229.98,10832.25,14259.18,23397.66,14771.25,7365.93,1811.94
,,,,,,,4358,4135.95,3939,3229.98,10832.25,14259.18,23397.66,14771.25,7365.93,1811.94
,,,,,,,4359,4135.95,3939,3229.98,10832.25,14259.18,23397.66,14771.25,7365.93,1811.94
,,,,,,,4360,4135.95,3939,3229.98,10832.25,14259.18,23397.66,14771.25,7365.93,1811.94
,,,,,,,4361,4135.95,3939,3229.98,10832.25,14259.18,23397.66,14771.25,7365.93,1811.94
,,,,,,,4362,4135.95,3939,3229.98,10832.25,14259.18,23397.66,14771.25,7365.93,1811.94
,,,,,,,4363,4135.95,3939,3229.98,10832.25,14259.18,23397.66,14771.25,7365.93,1811.94
,,,,,,,4364,4135.95,3939,3229.98,10832.25,14259.18,23397.66,14771.25,7365.93,1811.94
,,,,,,,4365,4135.95,3939,3229.98,10832.25,14259.18,23397.66,14771.25,7365.93,1811.94
,,,,,,,4366,4135.95,3939,3229.98,10832.25,14259.18,23397.66,14771.25,7365.93,1811.94
,,,,,,,4367,4135.95,3939,3229.98,10832.25,14259.18,23397.66,14771.25,7365.93,1811.94
,,,,,,,4368,4135.95,3939,3229.98,10832.25,14259.18,23397.66,14771.25,7365.93,1811.94
,,,,,,,4369,4135.95,3939,3229.98,10832.25,14259.18,23397.66,14771.25,7365.93,1811.94
,,,,,,,4370,4135.95,3939,3229.98,10832.25,14259.18,23397.66,14771.25,7365.93,1811.94
,,,,,,,4371,4135.95,3939,3229.98,10832.25,14259.18,23397.66,14771.25,7365.93,1811.94
,,,,,,,4372,4135.95,3939,3229.98,10832.25,14259.18,23397.66,14771.25,7365.93,1811.94
,,,,,,,4373,4135.95,3939,3229.98,10832.25,14259.18,23397.66,14771.25,7365.93,1811.94
,,,,,,,4374,4135.95,3939,3229.98,10832.25,14259.18,23397.66,14771.25,7365.93,1811.94
,,,,,,,4375,4135.95,3939,3229.98,10832.25,14259.18,23397.66,14771.25,7365.93,1811.94
,,,,,,,4376,4135.95,3939,3229.98,10832.25,14259.18,23397.66,14771.25,7365.93,1811.94
,,,,,,,4377,4135.95,3939,3229.98,10832.25,14259.18,23397.66,14771.25,7365.93,1811.94
,,,,,,,4378,4135.95,3939,3229.98,10832.25,14259.18,23397.66,14771.25,7365.93,1811.94
,,,,,,,4379,4135.95,3939,3229.98,10832.25,14259.18,23397.66,14771.25,7365.93,1811.94
,,,,,,,4380,4135.95,3939,3229.98,10832.25,14259.18,23397.66,14771.25,7365.93,1811.94
,,,,,,,4381,4135.95,3939,3229.98,10832.25,14259.18,23397.66,14771.25,7365.93,1811.94
,,,,,,,4382,4135.95,3939,3229.98,10832.25,14259.18,23397.66,14771.25,7365.93,1811.94
,,,,,,,4383,4135.95,3939,3229.98,10832.25,14259.18,23397.66,14771.25,7365.93,1811.94
,,,,,,,4384,4135.95,3939,3229.98,10832.25,14259.18,23397.66,14771.25,7365.93,1811.94
,,,,,,,4385,4135.95,3939,3229.98,10832.25,14259.18,23397.66,14771.25,7365.93,1811.94
,,,,,,,4386,4135.95,3939,3229.98,10832.25,14259.18,23397.66,14771.25,7365.93,1811.94
,,,,,,,4387,4135.95,3939,3229.98,10832.25,14259.18,23397.66,14771.25,7365.93,1811.94
,,,,,,,4388,4135.95,3939,3229.98,10832.25,14259.18,23397.66,14771.25,7365.93,1811.94
,,,,,,,4389,4135.95,3939,3229.98,10832.25,14259.18,23397.66,14771.25,7365.93,1811.94
,,,,,,,4390,4135.95,3939,3229.98,10832.25,14259.18,23397.66,14771.25,7365.93,1811.94
,,,,,,,4391,4135.95,3939,3229.98,10832.25,14259.18,23397.66,14771.25,7365.93,1811.94
,,,,,,,4392,4135.95,3939,3229.98,10832.25,14259.18,23397.66,14771.25,7365.93,1811.94
,,,,,,,4393,4135.95,3939,3229.98,10832.25,14259.18,23397.66,14771.25,7365.93,1811.94
,,,,,,,4394,4135.95,3939,3229.98,10832.25,14259.18,23397.66,14771.25,7365.93,1811.94
,,,,,,,4395,4135.95,3939,3229.98,10832.25,14259.18,23397.66,14771.25,7365.93,1811.94
,,,,,,,4396,4135.95,3939,3229.98,10832.25,14259.18,23397.66,14771.25,7365.93,1811.94
,,,,,,,4397,4135.95,3939,3229.98,10832.25,14259.18,23397.66,14771.25,7365.93,1811.94
,,,,,,,4398,4135.95,3939,3229.98,10832.25,14259.18,23397.66,14771.25,7365.93,1811.94
,,,,,,,4399,4135.95,3939,3229.98,10832.25,14259.18,23397.66,14771.25,7365.93,1811.94
,,,,,,,4400,4135.95,3939,3229.98,10832.25,14259.18,23397.66,14771.25,7365.93,1811.94
,,,,,,,4401,4135.95,3939,3229.98,10832.25,14259.18,23397.66,14771.25,7365.93,1811.94
,,,,,,,4402,4135.95,3939,3229.98,10832.25,14259.18,23397.66,14771.25,7365.93,1811.94
,,,,,,,4403,4135.95,3939,3229.98,10832.25,14259.18,23397.66,14771.25,7365.93,1811.94
,,,,,,,4404,4135.95,3939,3229.98,10832.25,14259.18,23397.66,14771.25,7365.93,1811.94
,,,,,,,4405,4135.95,3939,3229.98,10832.25,14259.18,23397.66,14771.25,7365.93,1811.94
,,,,,,,4406,4135.95,3939,3229.98,10832.25,14259.18,23397.66,14771.25,7365.93,1811.94
,,,,,,,4407,4135.95,3939,3229.98,10832.25,14259.18,23397.66,14771.25,7365.93,1811.94
,,,,,,,4408,4135.95,3939,3229.98,10832.25,14259.18,23397.66,14771.25,7365.93,1811.94
,,,,,,,4409,4135.95,3939,3229.98,10832.25,14259.18,23397.66,14771.25,7365.93,1811.94
,,,,,,,4410,4135.95,3939,3229.98,10832.25,14259.18,23397.66,14771.25,7365.93,1811.94
,,,,,,,4411,4135.95,3939,3229.98,10832.25,14259.18,23397.66,14771.25,7365.93,1811.94
,,,,,,,4412,4135.95,3939,3229.98,10832.25,14259.18,23397.66,14771.25,7365.93,1811.94
,,,,,,,4413,4135.95,3939,3229.98,10832.25,14259.18,23397.66,14771.25,7365.93,1811.94
,,,,,,,4414,4135.95,3939,3229.98,10832.25,14259.18,23397.66,14771.25,7365.93,1811.94
,,,,,,,4415,4135.95,3939,3229.98,10832.25,14259.18,23397.66,14771.25,7365.93,1811.94
,,,,,,,4416,4135.95,3939,3229.98,10832.25,14259.18,23397.66,14771.25,7365.93,1811.94
,,,,,,,4417,4135.95,3939,3229.98,10832.25,14259.18,23397.66,14771.25,7365.93,1811.94
,,,,,,,4418,4135.95,3939,3229.98,10832.25,14259.18,23397.66,14771.25,7365.93,1811.94
,,,,,,,4419,4135.95,3939,3229.98,10832.25,14259.18,23397.66,14771.25,7365.93,1811.94
,,,,,,,4420,4135.95,3939,3229.98,10832.25,14259.18,23397.66,14771.25,7365.93,1811.94
,,,,,,,4421,4135.95,3939,3229.98,10832.25,14259.18,23397.66,14771.25,7365.93,1811.94
,,,,,,,4422,4135.95,3939,3229.98,10832.25,14259.18,23397.66,14771.25,7365.93,1811.94
,,,,,,,4423,4135.95,3939,3229.98,10832.25,14259.18,23397.66,14771.25,7365.93,1811.94
,,,,,,,4424,4135.95,3939,3229.98,10832.25,14259.18,23397.66,14771.25,7365.93,1811.94
,,,,,,,4425,4135.95,3939,3229.98,10832.25,14259.18,23397.66,14771.25,7365.93,1811.94
,,,,,,,4426,4135.95,3939,3229.98,10832.25,14259.18,23397.66,14771.25,7365.93,1811.94
,,,,,,,4427,4135.95,3939,3229.98,10832.25,14259.18,23397.66,14771.25,7365.93,1811.94
,,,,,,,4428,4135.95,3939,3229.98,10832.25,14259.18,23397.66,14771.25,7365.93,1811.94
,,,,,,,4429,4135.95,3939,3229.98,10832.25,14259.18,23397.66,14771.25,7365.93,1811.94
,,,,,,,4430,4135.95,3939,3229.98,10832.25,14259.18,23397.66,14771.25,7365.93,1811.94
,,,,,,,4431,4135.95,3939,3229.98,10832.25,14259.18,23397.66,14771.25,7365.93,1811.94
,,,,,,,4432,4135.95,3939,3229.98,10832.25,14259.18,23397.66,14771.25,7365.93,1811.94
,,,,,,,4433,4135.95,3939,3229.98,10832.25,14259.18,23397.66,14771.25,7365.93,1811.94
,,,,,,,4434,4135.95,3939,3229.98,10832.25,14259.18,23397.66,14771.25,7365.93,1811.94
,,,,,,,4435,4135.95,3939,3229.98,10832.25,14259.18,23397.66,14771.25,7365.93,1811.94
,,,,,,,4436,4135.95,3939,3229.98,10832.25,14259.18,23397.66,14771.25,7365.93,1811.94
,,,,,,,4437,4135.95,3939,3229.98,10832.25,14259.18,23397.66,14771.25,7365.93,1811.94
,,,,,,,4438,4135.95,3939,3229.98,10832.25,14259.18,23397.66,14771.25,7365.93,1811.94
,,,,,,,4439,4135.95,3939,3229.98,10832.25,14259.18,23397.66,14771.25,7365.93,1811.94
,,,,,,,4440,4135.95,3939,3229.98,10832.25,14259.18,23397.66,14771.25,7365.93,1811.94
,,,,,,,4441,4135.95,3939,3229.98,10832.25,14259.18,23397.66,14771.25,7365.93,1811.94
,,,,,,,4442,4135.95,3939,3229.98,10832.25,14259.18,23397.66,14771.25,7365.93,1811.94
,,,,,,,4443,4135.95,3939,3229.98,10832.25,14259.18,23397.66,14771.25,7365.93,1811.94
,,,,,,,4444,4135.95,3939,3229.98,10832.25,14259.18,23397.66,14771.25,7365.93,1811.94
,,,,,,,4445,4135.95,3939,3229.98,10832.25,14259.18,23397.66,14771.25,7365.93,1811.94
,,,,,,,4446,4135.95,3939,3229.98,10832.25,14259.18,23397.66,14771.25,7365.93,1811.94
,,,,,,,4447,4135.95,3939,3229.98,10832.25,14259.18,23397.66,14771.25,7365.93,1811.94
,,,,,,,4448,4135.95,3939,3229.98,10832.25,14259.18,23397.66,14771.25,7365.93,1811.94
,,,,,,,4449,4135.95,3939,3229.98,10832.25,14259.18,23397.66,14771.25,7365.93,1811.94
,,,,,,,4450,4135.95,3939,3229.98,10832.25,14259.18,23397.66,14771.25,7365.93,1811.94
,,,,,,,4451,4135.95,3939,3229.98,10832.25,14259.18,23397.66,14771.25,7365.93,1811.94
,,,,,,,4452,4135.95,3939,3229.98,10832.25,14259.18,23397.66,14771.25,7365.93,1811.94
,,,,,,,4453,4135.95,3939,3229.98,10832.25,14259.18,23397.66,14771.25,7365.93,1811.94
,,,,,,,4454,4135.95,3939,3229.98,10832.25,14259.18,23397.66,14771.25,7365.93,1811.94
,,,,,,,4455,4135.95,3939,3229.98,10832.25,14259.18,23397.66,14771.25,7365.93,1811.94
,,,,,,,4456,4135.95,3939,3229.98,10832.25,14259.18,23397.66,14771.25,7365.93,1811.94
,,,,,,,4457,4135.95,3939,3229.98,10832.25,14259.18,23397.66,14771.25,7365.93,1811.94
,,,,,,,4458,4135.95,3939,3229.98,10832.25,14259.18,23397.66,14771.25,7365.93,1811.94
,,,,,,,4459,4135.95,3939,3229.98,10832.25,14259.18,23397.66,14771.25,7365.93,1811.94
,,,,,,,4460,4135.95,3939,3229.98,10832.25,14259.18,23397.66,14771.25,7365.93,1811.94
,,,,,,,4461,4135.95,3939,3229.98,10832.25,14259.18,23397.66,14771.25,7365.93,1811.94
,,,,,,,4462,4135.95,3939,3229.98,10832.25,14259.18,23397.66,14771.25,7365.93,1811.94
,,,,,,,4463,4135.95,3939,3229.98,10832.25,14259.18,23397.66,14771.25,7365.93,1811.94
,,,,,,,4464,4135.95,3939,3229.98,10832.25,14259.18,23397.66,14771.25,7365.93,1811.94
,,,,,,,4465,4135.95,3939,3229.98,10832.25,14259.18,23397.66,14771.25,7365.93,1811.94
,,,,,,,4466,4135.95,3939,3229.98,10832.25,14259.18,23397.66,14771.25,7365.93,1811.94
,,,,,,,4467,4135.95,3939,3229.98,10832.25,14259.18,23397.66,14771.25,7365.93,1811.94
,,,,,,,4468,4135.95,3939,3229.98,10832.25,14259.18,23397.66,14771.25,7365.93,1811.94
,,,,,,,4469,4135.95,3939,3229.98,10832.25,14259.18,23397.66,14771.25,7365.93,1811.94
,,,,,,,4470,4135.95,3939,3229.98,10832.25,14259.18,23397.66,14771.25,7365.93,1811.94
,,,,,,,4471,4135.95,3939,3229.98,10832.25,14259.18,23397.66,14771.25,7365.93,1811.94
,,,,,,,4472,4135.95,3939,3229.98,10832.25,14259.18,23397.66,14771.25,7365.93,1811.94
,,,,,,,4473,4135.95,3939,3229.98,10832.25,14259.18,23397.66,14771.25,7365.93,1811.94
,,,,,,,4474,4135.95,3939,3229.98,10832.25,14259.18,23397.66,14771.25,7365.93,1811.94
,,,,,,,4475,4135.95,3939,3229.98,10832.25,14259.18,23397.66,14771.25,7365.93,1811.94
,,,,,,,4476,4135.95,3939,3229.98,10832.25,14259.18,23397.66,14771.25,7365.93,1811.94
,,,,,,,4477,4135.95,3939,3229.98,10832.25,14259.18,23397.66,14771.25,7365.93,1811.94
,,,,,,,4478,4135.95,3939,3229.98,10832.25,14259.18,23397.66,14771.25,7365.93,1811.94
,,,,,,,4479,4135.95,3939,3229.98,10832.25,14259.18,23397.66,14771.25,7365.93,1811.94
,,,,,,,4480,4135.95,3939,3229.98,10832.25,14259.18,23397.66,14771.25,7365.93,1811.94
,,,,,,,4481,4135.95,3939,3229.98,10832.25,14259.18,23397.66,14771.25,7365.93,1811.94
,,,,,,,4482,4135.95,3939,3229.98,10832.25,14259.18,23397.66,14771.25,7365.93,1811.94
,,,,,,,4483,4135.95,3939,3229.98,10832.25,14259.18,23397.66,14771.25,7365.93,1811.94
,,,,,,,4484,4135.95,3939,3229.98,10832.25,14259.18,23397.66,14771.25,7365.93,1811.94
,,,,,,,4485,4135.95,3939,3229.98,10832.25,14259.18,23397.66,14771.25,7365.93,1811.94
,,,,,,,4486,4135.95,3939,3229.98,10832.25,14259.18,23397.66,14771.25,7365.93,1811.94
,,,,,,,4487,4135.95,3939,3229.98,10832.25,14259.18,23397.66,14771.25,7365.93,1811.94
,,,,,,,4488,4135.95,3939,3229.98,10832.25,14259.18,23397.66,14771.25,7365.93,1811.94
,,,,,,,4489,4135.95,3939,3229.98,10832.25,14259.18,23397.66,14771.25,7365.93,1811.94
,,,,,,,4490,4135.95,3939,3229.98,10832.25,14259.18,23397.66,14771.25,7365.93,1811.94
,,,,,,,4491,4135.95,3939,3229.98,10832.25,14259.18,23397.66,14771.25,7365.93,1811.94
,,,,,,,4492,4135.95,3939,3229.98,10832.25,14259.18,23397.66,14771.25,7365.93,1811.94
,,,,,,,4493,4135.95,3939,3229.98,10832.25,14259.18,23397.66,14771.25,7365.93,1811.94
,,,,,,,4494,4135.95,3939,3229.98,10832.25,14259.18,23397.66,14771.25,7365.93,1811.94
,,,,,,,4495,4135.95,3939,3229.98,10832.25,14259.18,23397.66,14771.25,7365.93,1811.94
,,,,,,,4496,4135.95,3939,3229.98,10832.25,14259.18,23397.66,14771.25,7365.93,1811.94
,,,,,,,4497,4135.95,3939,3229.98,10832.25,14259.18,23397.66,14771.25,7365.93,1811.94
,,,,,,,4498,4135.95,3939,3229.98,10832.25,14259.18,23397.66,14771.25,7365.93,1811.94
,,,,,,,4499,4135.95,3939,3229.98,10832.25,14259.18,23397.66,14771.25,7365.93,1811.94
,,,,,,,4500,4135.95,3939,3229.98,10832.25,14259.18,23397.66,14771.25,7365.93,1811.94
,,,,,,,4501,4135.95,3939,3229.98,10832.25,14259.18,23397.66,14771.25,7365.93,1811.94
,,,,,,,4502,4135.95,3939,3229.98,10832.25,14259.18,23397.66,14771.25,7365.93,1811.94
,,,,,,,4503,4135.95,3939,3229.98,10832.25,14259.18,23397.66,14771.25,7365.93,1811.94
,,,,,,,4504,4135.95,3939,3229.98,10832.25,14259.18,23397.66,14771.25,7365.93,1811.94
,,,,,,,4505,4135.95,3939,3229.98,10832.25,14259.18,23397.66,14771.25,7365.93,1811.94
,,,,,,,4506,4135.95,3939,3229.98,10832.25,14259.18,23397.66,14771.25,7365.93,1811.94
,,,,,,,4507,4135.95,3939,3229.98,10832.25,14259.18,23397.66,14771.25,7365.93,1811.94
,,,,,,,4508,4135.95,3939,3229.98,10832.25,14259.18,23397.66,14771.25,7365.93,1811.94
,,,,,,,4509,4135.95,3939,3229.98,10832.25,14259.18,23397.66,14771.25,7365.93,1811.94
,,,,,,,4510,4135.95,3939,3229.98,10832.25,14259.18,23397.66,14771.25,7365.93,1811.94
,,,,,,,4511,4135.95,3939,3229.98,10832.25,14259.18,23397.66,14771.25,7365.93,1811.94
,,,,,,,4512,4135.95,3939,3229.98,10832.25,14259.18,23397.66,14771.25,7365.93,1811.94
,,,,,,,4513,4135.95,3939,3229.98,10832.25,14259.18,23397.66,14771.25,7365.93,1811.94
,,,,,,,4514,4135.95,3939,3229.98,10832.25,14259.18,23397.66,14771.25,7365.93,1811.94
,,,,,,,4515,4135.95,3939,3229.98,10832.25,14259.18,23397.66,14771.25,7365.93,1811.94
,,,,,,,4516,4135.95,3939,3229.98,10832.25,14259.18,23397.66,14771.25,7365.93,1811.94
,,,,,,,4517,4135.95,3939,3229.98,10832.25,14259.18,23397.66,14771.25,7365.93,1811.94
,,,,,,,4518,4135.95,3939,3229.98,10832.25,14259.18,23397.66,14771.25,7365.93,1811.94
,,,,,,,4519,4135.95,3939,3229.98,10832.25,14259.18,23397.66,14771.25,7365.93,1811.94
,,,,,,,4520,4135.95,3939,3229.98,10832.25,14259.18,23397.66,14771.25,7365.93,1811.94
,,,,,,,4521,4135.95,3939,3229.98,10832.25,14259.18,23397.66,14771.25,7365.93,1811.94
,,,,,,,4522,4135.95,3939,3229.98,10832.25,14259.18,23397.66,14771.25,7365.93,1811.94
,,,,,,,4523,4135.95,3939,3229.98,10832.25,14259.18,23397.66,14771.25,7365.93,1811.94
,,,,,,,4524,4135.95,3939,3229.98,10832.25,14259.18,23397.66,14771.25,7365.93,1811.94
,,,,,,,4525,4135.95,3939,3229.98,10832.25,14259.18,23397.66,14771.25,7365.93,1811.94
,,,,,,,4526,4135.95,3939,3229.98,10832.25,14259.18,23397.66,14771.25,7365.93,1811.94
,,,,,,,4527,4135.95,3939,3229.98,10832.25,14259.18,23397.66,14771.25,7365.93,1811.94
,,,,,,,4528,4135.95,3939,3229.98,10832.25,14259.18,23397.66,14771.25,7365.93,1811.94
,,,,,,,4529,4135.95,3939,3229.98,10832.25,14259.18,23397.66,14771.25,7365.93,1811.94
,,,,,,,4530,4135.95,3939,3229.98,10832.25,14259.18,23397.66,14771.25,7365.93,1811.94
,,,,,,,4531,4135.95,3939,3229.98,10832.25,14259.18,23397.66,14771.25,7365.93,1811.94
,,,,,,,4532,4135.95,3939,3229.98,10832.25,14259.18,23397.66,14771.25,7365.93,1811.94
,,,,,,,4533,4135.95,3939,3229.98,10832.25,14259.18,23397.66,14771.25,7365.93,1811.94
,,,,,,,4534,4135.95,3939,3229.98,10832.25,14259.18,23397.66,14771.25,7365.93,1811.94
,,,,,,,4535,4135.95,3939,3229.98,10832.25,14259.18,23397.66,14771.25,7365.93,1811.94
,,,,,,,4536,4135.95,3939,3229.98,10832.25,14259.18,23397.66,14771.25,7365.93,1811.94
,,,,,,,4537,4135.95,3939,3229.98,10832.25,14259.18,23397.66,14771.25,7365.93,1811.94
,,,,,,,4538,4135.95,3939,3229.98,10832.25,14259.18,23397.66,14771.25,7365.93,1811.94
,,,,,,,4539,4135.95,3939,3229.98,10832.25,14259.18,23397.66,14771.25,7365.93,1811.94
,,,,,,,4540,4135.95,3939,3229.98,10832.25,14259.18,23397.66,14771.25,7365.93,1811.94
,,,,,,,4541,4135.95,3939,3229.98,10832.25,14259.18,23397.66,14771.25,7365.93,1811.94
,,,,,,,4542,4135.95,3939,3229.98,10832.25,14259.18,23397.66,14771.25,7365.93,1811.94
,,,,,,,4543,4135.95,3939,3229.98,10832.25,14259.18,23397.66,14771.25,7365.93,1811.94
,,,,,,,4544,4135.95,3939,3229.98,10832.25,14259.18,23397.66,14771.25,7365.93,1811.94
,,,,,,,4545,4135.95,3939,3229.98,10832.25,14259.18,23397.66,14771.25,7365.93,1811.94
,,,,,,,4546,4135.95,3939,3229.98,10832.25,14259.18,23397.66,14771.25,7365.93,1811.94
,,,,,,,4547,4135.95,3939,3229.98,10832.25,14259.18,23397.66,14771.25,7365.93,1811.94
,,,,,,,4548,4135.95,3939,3229.98,10832.25,14259.18,23397.66,14771.25,7365.93,1811.94
,,,,,,,4549,4135.95,3939,3229.98,10832.25,14259.18,23397.66,14771.25,7365.93,1811.94
,,,,,,,4550,4135.95,3939,3229.98,10832.25,14259.18,23397.66,14771.25,7365.93,1811.94
,,,,,,,4551,4135.95,3939,3229.98,10832.25,14259.18,23397.66,14771.25,7365.93,1811.94
,,,,,,,4552,4135.95,3939,3229.98,10832.25,14259.18,23397.66,14771.25,7365.93,1811.94
,,,,,,,4553,4135.95,3939,3229.98,10832.25,14259.18,23397.66,14771.25,7365.93,1811.94
,,,,,,,4554,4135.95,3939,3229.98,10832.25,14259.18,23397.66,14771.25,7365.93,1811.94
,,,,,,,4555,4135.95,3939,3229.98,10832.25,14259.18,23397.66,14771.25,7365.93,1811.94
,,,,,,,4556,4135.95,3939,3229.98,10832.25,14259.18,23397.66,14771.25,7365.93,1811.94
,,,,,,,4557,4135.95,3939,3229.98,10832.25,14259.18,23397.66,14771.25,7365.93,1811.94
,,,,,,,4558,4135.95,3939,3229.98,10832.25,14259.18,23397.66,14771.25,7365.93,1811.94
,,,,,,,4559,4135.95,3939,3229.98,10832.25,14259.18,23397.66,14771.25,7365.93,1811.94
,,,,,,,4560,4135.95,3939,3229.98,10832.25,14259.18,23397.66,14771.25,7365.93,1811.94
,,,,,,,4561,4135.95,3939,3229.98,10832.25,14259.18,23397.66,14771.25,7365.93,1811.94
,,,,,,,4562,4135.95,3939,3229.98,10832.25,14259.18,23397.66,14771.25,7365.93,1811.94
,,,,,,,4563,4135.95,3939,3229.98,10832.25,14259.18,23397.66,14771.25,7365.93,1811.94
,,,,,,,4564,4135.95,3939,3229.98,10832.25,14259.18,23397.66,14771.25,7365.93,1811.94
,,,,,,,4565,4135.95,3939,3229.98,10832.25,14259.18,23397.66,14771.25,7365.93,1811.94
,,,,,,,4566,4135.95,3939,3229.98,10832.25,14259.18,23397.66,14771.25,7365.93,1811.94
,,,,,,,4567,4135.95,3939,3229.98,10832.25,14259.18,23397.66,14771.25,7365.93,1811.94
,,,,,,,4568,4135.95,3939,3229.98,10832.25,14259.18,23397.66,14771.25,7365.93,1811.94
,,,,,,,4569,4135.95,3939,3229.98,10832.25,14259.18,23397.66,14771.25,7365.93,1811.94
,,,,,,,4570,4135.95,3939,3229.98,10832.25,14259.18,23397.66,14771.25,7365.93,1811.94
,,,,,,,4571,4135.95,3939,3229.98,10832.25,14259.18,23397.66,14771.25,7365.93,1811.94
,,,,,,,4572,4135.95,3939,3229.98,10832.25,14259.18,23397.66,14771.25,7365.93,1811.94
,,,,,,,4573,4135.95,3939,3229.98,10832.25,14259.18,23397.66,14771.25,7365.93,1811.94
,,,,,,,4574,4135.95,3939,3229.98,10832.25,14259.18,23397.66,14771.25,7365.93,1811.94
,,,,,,,4575,4135.95,3939,3229.98,10832.25,14259.18,23397.66,14771.25,7365.93,1811.94
,,,,,,,4576,4135.95,3939,3229.98,10832.25,14259.18,23397.66,14771.25,7365.93,1811.94
,,,,,,,4577,4135.95,3939,3229.98,10832.25,14259.18,23397.66,14771.25,7365.93,1811.94
,,,,,,,4578,4135.95,3939,3229.98,10832.25,14259.18,23397.66,14771.25,7365.93,1811.94
,,,,,,,4579,4135.95,3939,3229.98,10832.25,14259.18,23397.66,14771.25,7365.93,1811.94
,,,,,,,4580,4135.95,3939,3229.98,10832.25,14259.18,23397.66,14771.25,7365.93,1811.94
,,,,,,,4581,4135.95,3939,3229.98,10832.25,14259.18,23397.66,14771.25,7365.93,1811.94
,,,,,,,4582,4135.95,3939,3229.98,10832.25,14259.18,23397.66,14771.25,7365.93,1811.94
,,,,,,,4583,4135.95,3939,3229.98,10832.25,14259.18,23397.66,14771.25,7365.93,1811.94
,,,,,,,4584,4135.95,3939,3229.98,10832.25,14259.18,23397.66,14771.25,7365.93,1811.94
,,,,,,,4585,4135.95,3939,3229.98,10832.25,14259.18,23397.66,14771.25,7365.93,1811.94
,,,,,,,4586,4135.95,3939,3229.98,10832.25,14259.18,23397.66,14771.25,7365.93,1811.94
,,,,,,,4587,4135.95,3939,3229.98,10832.25,14259.18,23397.66,14771.25,7365.93,1811.94
,,,,,,,4588,4135.95,3939,3229.98,10832.25,14259.18,23397.66,14771.25,7365.93,1811.94
,,,,,,,4589,4135.95,3939,3229.98,10832.25,14259.18,23397.66,14771.25,7365.93,1811.94
,,,,,,,4590,4135.95,3939,3229.98,10832.25,14259.18,23397.66,14771.25,7365.93,1811.94
,,,,,,,4591,4135.95,3939,3229.98,10832.25,14259.18,23397.66,14771.25,7365.93,1811.94
,,,,,,,4592,4135.95,3939,3229.98,10832.25,14259.18,23397.66,14771.25,7365.93,1811.94
,,,,,,,4593,4135.95,3939,3229.98,10832.25,14259.18,23397.66,14771.25,7365.93,1811.94
,,,,,,,4594,4135.95,3939,3229.98,10832.25,14259.18,23397.66,14771.25,7365.93,1811.94
,,,,,,,4595,4135.95,3939,3229.98,10832.25,14259.18,23397.66,14771.25,7365.93,1811.94
,,,,,,,4596,4135.95,3939,3229.98,10832.25,14259.18,23397.66,14771.25,7365.93,1811.94
,,,,,,,4597,4135.95,3939,3229.98,10832.25,14259.18,23397.66,14771.25,7365.93,1811.94
,,,,,,,4598,4135.95,3939,3229.98,10832.25,14259.18,23397.66,14771.25,7365.93,1811.94
,,,,,,,4599,4135.95,3939,3229.98,10832.25,14259.18,23397.66,14771.25,7365.93,1811.94
,,,,,,,4600,4135.95,3939,3229.98,10832.25,14259.18,23397.66,14771.25,7365.93,1811.94
,,,,,,,4601,4135.95,3939,3229.98,10832.25,14259.18,23397.66,14771.25,7365.93,1811.94
,,,,,,,4602,4135.95,3939,3229.98,10832.25,14259.18,23397.66,14771.25,7365.93,1811.94
,,,,,,,4603,4135.95,3939,3229.98,10832.25,14259.18,23397.66,14771.25,7365.93,1811.94
,,,,,,,4604,4135.95,3939,3229.98,10832.25,14259.18,23397.66,14771.25,7365.93,1811.94
,,,,,,,4605,4135.95,3939,3229.98,10832.25,14259.18,23397.66,14771.25,7365.93,1811.94
,,,,,,,4606,4135.95,3939,3229.98,10832.25,14259.18,23397.66,14771.25,7365.93,1811.94
,,,,,,,4607,4135.95,3939,3229.98,10832.25,14259.18,23397.66,14771.25,7365.93,1811.94
,,,,,,,4608,4135.95,3939,3229.98,10832.25,14259.18,23397.66,14771.25,7365.93,1811.94
,,,,,,,4609,4135.95,3939,3229.98,10832.25,14259.18,23397.66,14771.25,7365.93,1811.94
,,,,,,,4610,4135.95,3939,3229.98,10832.25,14259.18,23397.66,14771.25,7365.93,1811.94
,,,,,,,4611,4135.95,3939,3229.98,10832.25,14259.18,23397.66,14771.25,7365.93,1811.94
,,,,,,,4612,4135.95,3939,3229.98,10832.25,14259.18,23397.66,14771.25,7365.93,1811.94
,,,,,,,4613,4135.95,3939,3229.98,10832.25,14259.18,23397.66,14771.25,7365.93,1811.94
,,,,,,,4614,4135.95,3939,3229.98,10832.25,14259.18,23397.66,14771.25,7365.93,1811.94
,,,,,,,4615,4135.95,3939,3229.98,10832.25,14259.18,23397.66,14771.25,7365.93,1811.94
,,,,,,,4616,4135.95,3939,3229.98,10832.25,14259.18,23397.66,14771.25,7365.93,1811.94
,,,,,,,4617,4135.95,3939,3229.98,10832.25,14259.18,23397.66,14771.25,7365.93,1811.94
,,,,,,,4618,4135.95,3939,3229.98,10832.25,14259.18,23397.66,14771.25,7365.93,1811.94
,,,,,,,4619,4135.95,3939,3229.98,10832.25,14259.18,23397.66,14771.25,7365.93,1811.94
,,,,,,,4620,4135.95,3939,3229.98,10832.25,14259.18,23397.66,14771.25,7365.93,1811.94
,,,,,,,4621,4135.95,3939,3229.98,10832.25,14259.18,23397.66,14771.25,7365.93,1811.94
,,,,,,,4622,4135.95,3939,3229.98,10832.25,14259.18,23397.66,14771.25,7365.93,1811.94
,,,,,,,4623,4135.95,3939,3229.98,10832.25,14259.18,23397.66,14771.25,7365.93,1811.94
,,,,,,,4624,4135.95,3939,3229.98,10832.25,14259.18,23397.66,14771.25,7365.93,1811.94
,,,,,,,4625,4135.95,3939,3229.98,10832.25,14259.18,23397.66,14771.25,7365.93,1811.94
,,,,,,,4626,4135.95,3939,3229.98,10832.25,14259.18,23397.66,14771.25,7365.93,1811.94
,,,,,,,4627,4135.95,3939,3229.98,10832.25,14259.18,23397.66,14771.25,7365.93,1811.94
,,,,,,,4628,4135.95,3939,3229.98,10832.25,14259.18,23397.66,14771.25,7365.93,1811.94
,,,,,,,4629,4135.95,3939,3229.98,10832.25,14259.18,23397.66,14771.25,7365.93,1811.94
,,,,,,,4630,4135.95,3939,3229.98,10832.25,14259.18,23397.66,14771.25,7365.93,1811.94
,,,,,,,4631,4135.95,3939,3229.98,10832.25,14259.18,23397.66,14771.25,7365.93,1811.94
,,,,,,,4632,4135.95,3939,3229.98,10832.25,14259.18,23397.66,14771.25,7365.93,1811.94
,,,,,,,4633,4135.95,3939,3229.98,10832.25,14259.18,23397.66,14771.25,7365.93,1811.94
,,,,,,,4634,4135.95,3939,3229.98,10832.25,14259.18,23397.66,14771.25,7365.93,1811.94
,,,,,,,4635,4135.95,3939,3229.98,10832.25,14259.18,23397.66,14771.25,7365.93,1811.94
,,,,,,,4636,4135.95,3939,3229.98,10832.25,14259.18,23397.66,14771.25,7365.93,1811.94
,,,,,,,4637,4135.95,3939,3229.98,10832.25,14259.18,23397.66,14771.25,7365.93,1811.94
,,,,,,,4638,4135.95,3939,3229.98,10832.25,14259.18,23397.66,14771.25,7365.93,1811.94
,,,,,,,4639,4135.95,3939,3229.98,10832.25,14259.18,23397.66,14771.25,7365.93,1811.94
,,,,,,,4640,4135.95,3939,3229.98,10832.25,14259.18,23397.66,14771.25,7365.93,1811.94
,,,,,,,4641,4135.95,3939,3229.98,10832.25,14259.18,23397.66,14771.25,7365.93,1811.94
,,,,,,,4642,4135.95,3939,3229.98,10832.25,14259.18,23397.66,14771.25,7365.93,1811.94
,,,,,,,4643,4135.95,3939,3229.98,10832.25,14259.18,23397.66,14771.25,7365.93,1811.94
,,,,,,,4644,4135.95,3939,3229.98,10832.25,14259.18,23397.66,14771.25,7365.93,1811.94
,,,,,,,4645,4135.95,3939,3229.98,10832.25,14259.18,23397.66,14771.25,7365.93,1811.94
,,,,,,,4646,4135.95,3939,3229.98,10832.25,14259.18,23397.66,14771.25,7365.93,1811.94
,,,,,,,4647,4135.95,3939,3229.98,10832.25,14259.18,23397.66,14771.25,7365.93,1811.94
,,,,,,,4648,4135.95,3939,3229.98,10832.25,14259.18,23397.66,14771.25,7365.93,1811.94
,,,,,,,4649,4135.95,3939,3229.98,10832.25,14259.18,23397.66,14771.25,7365.93,1811.94
,,,,,,,4650,4135.95,3939,3229.98,10832.25,14259.18,23397.66,14771.25,7365.93,1811.94
,,,,,,,4651,4135.95,3939,3229.98,10832.25,14259.18,23397.66,14771.25,7365.93,1811.94
,,,,,,,4652,4135.95,3939,3229.98,10832.25,14259.18,23397.66,14771.25,7365.93,1811.94
,,,,,,,4653,4135.95,3939,3229.98,10832.25,14259.18,23397.66,14771.25,7365.93,1811.94
,,,,,,,4654,4135.95,3939,3229.98,10832.25,14259.18,23397.66,14771.25,7365.93,1811.94
,,,,,,,4655,4135.95,3939,3229.98,10832.25,14259.18,23397.66,14771.25,7365.93,1811.94
,,,,,,,4656,4135.95,3939,3229.98,10832.25,14259.18,23397.66,14771.25,7365.93,1811.94
,,,,,,,4657,4135.95,3939,3229.98,10832.25,14259.18,23397.66,14771.25,7365.93,1811.94
,,,,,,,4658,4135.95,3939,3229.98,10832.25,14259.18,23397.66,14771.25,7365.93,1811.94
,,,,,,,4659,4135.95,3939,3229.98,10832.25,14259.18,23397.66,14771.25,7365.93,1811.94
,,,,,,,4660,4135.95,3939,3229.98,10832.25,14259.18,23397.66,14771.25,7365.93,1811.94
,,,,,,,4661,4135.95,3939,3229.98,10832.25,14259.18,23397.66,14771.25,7365.93,1811.94
,,,,,,,4662,4135.95,3939,3229.98,10832.25,14259.18,23397.66,14771.25,7365.93,1811.94
,,,,,,,4663,4135.95,3939,3229.98,10832.25,14259.18,23397.66,14771.25,7365.93,1811.94
,,,,,,,4664,4135.95,3939,3229.98,10832.25,14259.18,23397.66,14771.25,7365.93,1811.94
,,,,,,,4665,4135.95,3939,3229.98,10832.25,14259.18,23397.66,14771.25,7365.93,1811.94
,,,,,,,4666,4135.95,3939,3229.98,10832.25,14259.18,23397.66,14771.25,7365.93,1811.94
,,,,,,,4667,4135.95,3939,3229.98,10832.25,14259.18,23397.66,14771.25,7365.93,1811.94
,,,,,,,4668,4135.95,3939,3229.98,10832.25,14259.18,23397.66,14771.25,7365.93,1811.94
,,,,,,,4669,4135.95,3939,3229.98,10832.25,14259.18,23397.66,14771.25,7365.93,1811.94
,,,,,,,4670,4135.95,3939,3229.98,10832.25,14259.18,23397.66,14771.25,7365.93,1811.94
,,,,,,,4671,4135.95,3939,3229.98,10832.25,14259.18,23397.66,14771.25,7365.93,1811.94
,,,,,,,4672,4135.95,3939,3229.98,10832.25,14259.18,23397.66,14771.25,7365.93,1811.94
,,,,,,,4673,4135.95,3939,3229.98,10832.25,14259.18,23397.66,14771.25,7365.93,1811.94
,,,,,,,4674,4135.95,3939,3229.98,10832.25,14259.18,23397.66,14771.25,7365.93,1811.94
,,,,,,,4675,4135.95,3939,3229.98,10832.25,14259.18,23397.66,14771.25,7365.93,1811.94
,,,,,,,4676,4135.95,3939,3229.98,10832.25,14259.18,23397.66,14771.25,7365.93,1811.94
,,,,,,,4677,4135.95,3939,3229.98,10832.25,14259.18,23397.66,14771.25,7365.93,1811.94
,,,,,,,4678,4135.95,3939,3229.98,10832.25,14259.18,23397.66,14771.25,7365.93,1811.94
,,,,,,,4679,4135.95,3939,3229.98,10832.25,14259.18,23397.66,14771.25,7365.93,1811.94
,,,,,,,4680,4135.95,3939,3229.98,10832.25,14259.18,23397.66,14771.25,7365.93,1811.94
,,,,,,,4681,4135.95,3939,3229.98,10832.25,14259.18,23397.66,14771.25,7365.93,1811.94
,,,,,,,4682,4135.95,3939,3229.98,10832.25,14259.18,23397.66,14771.25,7365.93,1811.94
,,,,,,,4683,4135.95,3939,3229.98,10832.25,14259.18,23397.66,14771.25,7365.93,1811.94
,,,,,,,4684,4135.95,3939,3229.98,10832.25,14259.18,23397.66,14771.25,7365.93,1811.94
,,,,,,,4685,4135.95,3939,3229.98,10832.25,14259.18,23397.66,14771.25,7365.93,1811.94
,,,,,,,4686,4135.95,3939,3229.98,10832.25,14259.18,23397.66,14771.25,7365.93,1811.94
,,,,,,,4687,4135.95,3939,3229.98,10832.25,14259.18,23397.66,14771.25,7365.93,1811.94
,,,,,,,4688,4135.95,3939,3229.98,10832.25,14259.18,23397.66,14771.25,7365.93,1811.94
,,,,,,,4689,4135.95,3939,3229.98,10832.25,14259.18,23397.66,14771.25,7365.93,1811.94
,,,,,,,4690,4135.95,3939,3229.98,10832.25,14259.18,23397.66,14771.25,7365.93,1811.94
,,,,,,,4691,4135.95,3939,3229.98,10832.25,14259.18,23397.66,14771.25,7365.93,1811.94
,,,,,,,4692,4135.95,3939,3229.98,10832.25,14259.18,23397.66,14771.25,7365.93,1811.94
,,,,,,,4693,4135.95,3939,3229.98,10832.25,14259.18,23397.66,14771.25,7365.93,1811.94
,,,,,,,4694,4135.95,3939,3229.98,10832.25,14259.18,23397.66,14771.25,7365.93,1811.94
,,,,,,,4695,4135.95,3939,3229.98,10832.25,14259.18,23397.66,14771.25,7365.93,1811.94
,,,,,,,4696,4135.95,3939,3229.98,10832.25,14259.18,23397.66,14771.25,7365.93,1811.94
,,,,,,,4697,4135.95,3939,3229.98,10832.25,14259.18,23397.66,14771.25,7365.93,1811.94
,,,,,,,4698,4135.95,3939,3229.98,10832.25,14259.18,23397.66,14771.25,7365.93,1811.94
,,,,,,,4699,4135.95,3939,3229.98,10832.25,14259.18,23397.66,14771.25,7365.93,1811.94
,,,,,,,4700,4135.95,3939,3229.98,10832.25,14259.18,23397.66,14771.25,7365.93,1811.94
,,,,,,,4701,4135.95,3939,3229.98,10832.25,14259.18,23397.66,14771.25,7365.93,1811.94
,,,,,,,4702,4135.95,3939,3229.98,10832.25,14259.18,23397.66,14771.25,7365.93,1811.94
,,,,,,,4703,4135.95,3939,3229.98,10832.25,14259.18,23397.66,14771.25,7365.93,1811.94
,,,,,,,4704,4135.95,3939,3229.98,10832.25,14259.18,23397.66,14771.25,7365.93,1811.94
,,,,,,,4705,4135.95,3939,3229.98,10832.25,14259.18,23397.66,14771.25,7365.93,1811.94
,,,,,,,4706,4135.95,3939,3229.98,10832.25,14259.18,23397.66,14771.25,7365.93,1811.94
,,,,,,,4707,4135.95,3939,3229.98,10832.25,14259.18,23397.66,14771.25,7365.93,1811.94
,,,,,,,4708,4135.95,3939,3229.98,10832.25,14259.18,23397.66,14771.25,7365.93,1811.94
,,,,,,,4709,4135.95,3939,3229.98,10832.25,14259.18,23397.66,14771.25,7365.93,1811.94
,,,,,,,4710,4135.95,3939,3229.98,10832.25,14259.18,23397.66,14771.25,7365.93,1811.94
,,,,,,,4711,4135.95,3939,3229.98,10832.25,14259.18,23397.66,14771.25,7365.93,1811.94
,,,,,,,4712,4135.95,3939,3229.98,10832.25,14259.18,23397.66,14771.25,7365.93,1811.94
,,,,,,,4713,4135.95,3939,3229.98,10832.25,14259.18,23397.66,14771.25,7365.93,1811.94
,,,,,,,4714,4135.95,3939,3229.98,10832.25,14259.18,23397.66,14771.25,7365.93,1811.94
,,,,,,,4715,4135.95,3939,3229.98,10832.25,14259.18,23397.66,14771.25,7365.93,1811.94
,,,,,,,4716,4135.95,3939,3229.98,10832.25,14259.18,23397.66,14771.25,7365.93,1811.94
,,,,,,,4717,4135.95,3939,3229.98,10832.25,14259.18,23397.66,14771.25,7365.93,1811.94
,,,,,,,4718,4135.95,3939,3229.98,10832.25,14259.18,23397.66,14771.25,7365.93,1811.94
,,,,,,,4719,4135.95,3939,3229.98,10832.25,14259.18,23397.66,14771.25,7365.93,1811.94
,,,,,,,4720,4135.95,3939,3229.98,10832.25,14259.18,23397.66,14771.25,7365.93,1811.94
,,,,,,,4721,4135.95,3939,3229.98,10832.25,14259.18,23397.66,14771.25,7365.93,1811.94
,,,,,,,4722,4135.95,3939,3229.98,10832.25,14259.18,23397.66,14771.25,7365.93,1811.94
,,,,,,,4723,4135.95,3939,3229.98,10832.25,14259.18,23397.66,14771.25,7365.93,1811.94
,,,,,,,4724,4135.95,3939,3229.98,10832.25,14259.18,23397.66,14771.25,7365.93,1811.94
,,,,,,,4725,4135.95,3939,3229.98,10832.25,14259.18,23397.66,14771.25,7365.93,1811.94
,,,,,,,4726,4135.95,3939,3229.98,10832.25,14259.18,23397.66,14771.25,7365.93,1811.94
,,,,,,,4727,4135.95,3939,3229.98,10832.25,14259.18,23397.66,14771.25,7365.93,1811.94
,,,,,,,4728,4135.95,3939,3229.98,10832.25,14259.18,23397.66,14771.25,7365.93,1811.94
,,,,,,,4729,4135.95,3939,3229.98,10832.25,14259.18,23397.66,14771.25,7365.93,1811.94
,,,,,,,4730,4135.95,3939,3229.98,10832.25,14259.18,23397.66,14771.25,7365.93,1811.94
,,,,,,,4731,4135.95,3939,3229.98,10832.25,14259.18,23397.66,14771.25,7365.93,1811.94
,,,,,,,4732,4135.95,3939,3229.98,10832.25,14259.18,23397.66,14771.25,7365.93,1811.94
,,,,,,,4733,4135.95,3939,3229.98,10832.25,14259.18,23397.66,14771.25,7365.93,1811.94
,,,,,,,4734,4135.95,3939,3229.98,10832.25,14259.18,23397.66,14771.25,7365.93,1811.94
,,,,,,,4735,4135.95,3939,3229.98,10832.25,14259.18,23397.66,14771.25,7365.93,1811.94
,,,,,,,4736,4135.95,3939,3229.98,10832.25,14259.18,23397.66,14771.25,7365.93,1811.94
,,,,,,,4737,4135.95,3939,3229.98,10832.25,14259.18,23397.66,14771.25,7365.93,1811.94
,,,,,,,4738,4135.95,3939,3229.98,10832.25,14259.18,23397.66,14771.25,7365.93,1811.94
,,,,,,,4739,4135.95,3939,3229.98,10832.25,14259.18,23397.66,14771.25,7365.93,1811.94
,,,,,,,4740,4135.95,3939,3229.98,10832.25,14259.18,23397.66,14771.25,7365.93,1811.94
,,,,,,,4741,4135.95,3939,3229.98,10832.25,14259.18,23397.66,14771.25,7365.93,1811.94
,,,,,,,4742,4135.95,3939,3229.98,10832.25,14259.18,23397.66,14771.25,7365.93,1811.94
,,,,,,,4743,4135.95,3939,3229.98,10832.25,14259.18,23397.66,14771.25,7365.93,1811.94
,,,,,,,4744,4135.95,3939,3229.98,10832.25,14259.18,23397.66,14771.25,7365.93,1811.94
,,,,,,,4745,4135.95,3939,3229.98,10832.25,14259.18,23397.66,14771.25,7365.93,1811.94
,,,,,,,4746,4135.95,3939,3229.98,10832.25,14259.18,23397.66,14771.25,7365.93,1811.94
,,,,,,,4747,4135.95,3939,3229.98,10832.25,14259.18,23397.66,14771.25,7365.93,1811.94
,,,,,,,4748,4135.95,3939,3229.98,10832.25,14259.18,23397.66,14771.25,7365.93,1811.94
,,,,,,,4749,4135.95,3939,3229.98,10832.25,14259.18,23397.66,14771.25,7365.93,1811.94
,,,,,,,4750,4135.95,3939,3229.98,10832.25,14259.18,23397.66,14771.25,7365.93,1811.94
,,,,,,,4751,4135.95,3939,3229.98,10832.25,14259.18,23397.66,14771.25,7365.93,1811.94
,,,,,,,4752,4135.95,3939,3229.98,10832.25,14259.18,23397.66,14771.25,7365.93,1811.94
,,,,,,,4753,4135.95,3939,3229.98,10832.25,14259.18,23397.66,14771.25,7365.93,1811.94
,,,,,,,4754,4135.95,3939,3229.98,10832.25,14259.18,23397.66,14771.25,7365.93,1811.94
,,,,,,,4755,4135.95,3939,3229.98,10832.25,14259.18,23397.66,14771.25,7365.93,1811.94
,,,,,,,4756,4135.95,3939,3229.98,10832.25,14259.18,23397.66,14771.25,7365.93,1811.94
,,,,,,,4757,4135.95,3939,3229.98,10832.25,14259.18,23397.66,14771.25,7365.93,1811.94
,,,,,,,4758,4135.95,3939,3229.98,10832.25,14259.18,23397.66,14771.25,7365.93,1811.94
,,,,,,,4759,4135.95,3939,3229.98,10832.25,14259.18,23397.66,14771.25,7365.93,1811.94
,,,,,,,4760,4135.95,3939,3229.98,10832.25,14259.18,23397.66,14771.25,7365.93,1811.94
,,,,,,,4761,4135.95,3939,3229.98,10832.25,14259.18,23397.66,14771.25,7365.93,1811.94
,,,,,,,4762,4135.95,3939,3229.98,10832.25,14259.18,23397.66,14771.25,7365.93,1811.94
,,,,,,,4763,4135.95,3939,3229.98,10832.25,14259.18,23397.66,14771.25,7365.93,1811.94
,,,,,,,4764,4135.95,3939,3229.98,10832.25,14259.18,23397.66,14771.25,7365.93,1811.94
,,,,,,,4765,4135.95,3939,3229.98,10832.25,14259.18,23397.66,14771.25,7365.93,1811.94
,,,,,,,4766,4135.95,3939,3229.98,10832.25,14259.18,23397.66,14771.25,7365.93,1811.94
,,,,,,,4767,4135.95,3939,3229.98,10832.25,14259.18,23397.66,14771.25,7365.93,1811.94
,,,,,,,4768,4135.95,3939,3229.98,10832.25,14259.18,23397.66,14771.25,7365.93,1811.94
,,,,,,,4769,4135.95,3939,3229.98,10832.25,14259.18,23397.66,14771.25,7365.93,1811.94
,,,,,,,4770,4135.95,3939,3229.98,10832.25,14259.18,23397.66,14771.25,7365.93,1811.94
,,,,,,,4771,4135.95,3939,3229.98,10832.25,14259.18,23397.66,14771.25,7365.93,1811.94
,,,,,,,4772,4135.95,3939,3229.98,10832.25,14259.18,23397.66,14771.25,7365.93,1811.94
,,,,,,,4773,4135.95,3939,3229.98,10832.25,14259.18,23397.66,14771.25,7365.93,1811.94
,,,,,,,4774,4135.95,3939,3229.98,10832.25,14259.18,23397.66,14771.25,7365.93,1811.94
,,,,,,,4775,4135.95,3939,3229.98,10832.25,14259.18,23397.66,14771.25,7365.93,1811.94
,,,,,,,4776,4135.95,3939,3229.98,10832.25,14259.18,23397.66,14771.25,7365.93,1811.94
,,,,,,,4777,4135.95,3939,3229.98,10832.25,14259.18,23397.66,14771.25,7365.93,1811.94
,,,,,,,4778,4135.95,3939,3229.98,10832.25,14259.18,23397.66,14771.25,7365.93,1811.94
,,,,,,,4779,4135.95,3939,3229.98,10832.25,14259.18,23397.66,14771.25,7365.93,1811.94
,,,,,,,4780,4135.95,3939,3229.98,10832.25,14259.18,23397.66,14771.25,7365.93,1811.94
,,,,,,,4781,4135.95,3939,3229.98,10832.25,14259.18,23397.66,14771.25,7365.93,1811.94
,,,,,,,4782,4135.95,3939,3229.98,10832.25,14259.18,23397.66,14771.25,7365.93,1811.94
,,,,,,,4783,4135.95,3939,3229.98,10832.25,14259.18,23397.66,14771.25,7365.93,1811.94
,,,,,,,4784,4135.95,3939,3229.98,10832.25,14259.18,23397.66,14771.25,7365.93,1811.94
,,,,,,,4785,4135.95,3939,3229.98,10832.25,14259.18,23397.66,14771.25,7365.93,1811.94
,,,,,,,4786,4135.95,3939,3229.98,10832.25,14259.18,23397.66,14771.25,7365.93,1811.94
,,,,,,,4787,4135.95,3939,3229.98,10832.25,14259.18,23397.66,14771.25,7365.93,1811.94
,,,,,,,4788,4135.95,3939,3229.98,10832.25,14259.18,23397.66,14771.25,7365.93,1811.94
,,,,,,,4789,4135.95,3939,3229.98,10832.25,14259.18,23397.66,14771.25,7365.93,1811.94
,,,,,,,4790,4135.95,3939,3229.98,10832.25,14259.18,23397.66,14771.25,7365.93,1811.94
,,,,,,,4791,4135.95,3939,3229.98,10832.25,14259.18,23397.66,14771.25,7365.93,1811.94
,,,,,,,4792,4135.95,3939,3229.98,10832.25,14259.18,23397.66,14771.25,7365.93,1811.94
,,,,,,,4793,4135.95,3939,3229.98,10832.25,14259.18,23397.66,14771.25,7365.93,1811.94
,,,,,,,4794,4135.95,3939,3229.98,10832.25,14259.18,23397.66,14771.25,7365.93,1811.94
,,,,,,,4795,4135.95,3939,3229.98,10832.25,14259.18,23397.66,14771.25,7365.93,1811.94
,,,,,,,4796,4135.95,3939,3229.98,10832.25,14259.18,23397.66,14771.25,7365.93,1811.94
,,,,,,,4797,4135.95,3939,3229.98,10832.25,14259.18,23397.66,14771.25,7365.93,1811.94
,,,,,,,4798,4135.95,3939,3229.98,10832.25,14259.18,23397.66,14771.25,7365.93,1811.94
,,,,,,,4799,4135.95,3939,3229.98,10832.25,14259.18,23397.66,14771.25,7365.93,1811.94
,,,,,,,4800,4135.95,3939,3229.98,10832.25,14259.18,23397.66,14771.25,7365.93,1811.94
,,,,,,,4801,4135.95,3939,3229.98,10832.25,14259.18,23397.66,14771.25,7365.93,1811.94
,,,,,,,4802,4135.95,3939,3229.98,10832.25,14259.18,23397.66,14771.25,7365.93,1811.94
,,,,,,,4803,4135.95,3939,3229.98,10832.25,14259.18,23397.66,14771.25,7365.93,1811.94
,,,,,,,4804,4135.95,3939,3229.98,10832.25,14259.18,23397.66,14771.25,7365.93,1811.94
,,,,,,,4805,4135.95,3939,3229.98,10832.25,14259.18,23397.66,14771.25,7365.93,1811.94
,,,,,,,4806,4135.95,3939,3229.98,10832.25,14259.18,23397.66,14771.25,7365.93,1811.94
,,,,,,,4807,4135.95,3939,3229.98,10832.25,14259.18,23397.66,14771.25,7365.93,1811.94
,,,,,,,4808,4135.95,3939,3229.98,10832.25,14259.18,23397.66,14771.25,7365.93,1811.94
,,,,,,,4809,4135.95,3939,3229.98,10832.25,14259.18,23397.66,14771.25,7365.93,1811.94
,,,,,,,4810,4135.95,3939,3229.98,10832.25,14259.18,23397.66,14771.25,7365.93,1811.94
,,,,,,,4811,4135.95,3939,3229.98,10832.25,14259.18,23397.66,14771.25,7365.93,1811.94
,,,,,,,4812,4135.95,3939,3229.98,10832.25,14259.18,23397.66,14771.25,7365.93,1811.94
,,,,,,,4813,4135.95,3939,3229.98,10832.25,14259.18,23397.66,14771.25,7365.93,1811.94
,,,,,,,4814,4135.95,3939,3229.98,10832.25,14259.18,23397.66,14771.25,7365.93,1811.94
,,,,,,,4815,4135.95,3939,3229.98,10832.25,14259.18,23397.66,14771.25,7365.93,1811.94
,,,,,,,4816,4135.95,3939,3229.98,10832.25,14259.18,23397.66,14771.25,7365.93,1811.94
,,,,,,,4817,4135.95,3939,3229.98,10832.25,14259.18,23397.66,14771.25,7365.93,1811.94
,,,,,,,4818,4135.95,3939,3229.98,10832.25,14259.18,23397.66,14771.25,7365.93,1811.94
,,,,,,,4819,4135.95,3939,3229.98,10832.25,14259.18,23397.66,14771.25,7365.93,1811.94
,,,,,,,4820,4135.95,3939,3229.98,10832.25,14259.18,23397.66,14771.25,7365.93,1811.94
,,,,,,,4821,4135.95,3939,3229.98,10832.25,14259.18,23397.66,14771.25,7365.93,1811.94
,,,,,,,4822,4135.95,3939,3229.98,10832.25,14259.18,23397.66,14771.25,7365.93,1811.94
,,,,,,,4823,4135.95,3939,3229.98,10832.25,14259.18,23397.66,14771.25,7365.93,1811.94
,,,,,,,4824,4135.95,3939,3229.98,10832.25,14259.18,23397.66,14771.25,7365.93,1811.94
,,,,,,,4825,4135.95,3939,3229.98,10832.25,14259.18,23397.66,14771.25,7365.93,1811.94
,,,,,,,4826,4135.95,3939,3229.98,10832.25,14259.18,23397.66,14771.25,7365.93,1811.94
,,,,,,,4827,4135.95,3939,3229.98,10832.25,14259.18,23397.66,14771.25,7365.93,1811.94
,,,,,,,4828,4135.95,3939,3229.98,10832.25,14259.18,23397.66,14771.25,7365.93,1811.94
,,,,,,,4829,4135.95,3939,3229.98,10832.25,14259.18,23397.66,14771.25,7365.93,1811.94
,,,,,,,4830,4135.95,3939,3229.98,10832.25,14259.18,23397.66,14771.25,7365.93,1811.94
,,,,,,,4831,4135.95,3939,3229.98,10832.25,14259.18,23397.66,14771.25,7365.93,1811.94
,,,,,,,4832,4135.95,3939,3229.98,10832.25,14259.18,23397.66,14771.25,7365.93,1811.94
,,,,,,,4833,4135.95,3939,3229.98,10832.25,14259.18,23397.66,14771.25,7365.93,1811.94
,,,,,,,4834,4135.95,3939,3229.98,10832.25,14259.18,23397.66,14771.25,7365.93,1811.94
,,,,,,,4835,4135.95,3939,3229.98,10832.25,14259.18,23397.66,14771.25,7365.93,1811.94
,,,,,,,4836,4135.95,3939,3229.98,10832.25,14259.18,23397.66,14771.25,7365.93,1811.94
,,,,,,,4837,4135.95,3939,3229.98,10832.25,14259.18,23397.66,14771.25,7365.93,1811.94
,,,,,,,4838,4135.95,3939,3229.98,10832.25,14259.18,23397.66,14771.25,7365.93,1811.94
,,,,,,,4839,4135.95,3939,3229.98,10832.25,14259.18,23397.66,14771.25,7365.93,1811.94
,,,,,,,4840,4135.95,3939,3229.98,10832.25,14259.18,23397.66,14771.25,7365.93,1811.94
,,,,,,,4841,4135.95,3939,3229.98,10832.25,14259.18,23397.66,14771.25,7365.93,1811.94
,,,,,,,4842,4135.95,3939,3229.98,10832.25,14259.18,23397.66,14771.25,7365.93,1811.94
,,,,,,,4843,4135.95,3939,3229.98,10832.25,14259.18,23397.66,14771.25,7365.93,1811.94
,,,,,,,4844,4135.95,3939,3229.98,10832.25,14259.18,23397.66,14771.25,7365.93,1811.94
,,,,,,,4845,4135.95,3939,3229.98,10832.25,14259.18,23397.66,14771.25,7365.93,1811.94
,,,,,,,4846,4135.95,3939,3229.98,10832.25,14259.18,23397.66,14771.25,7365.93,1811.94
,,,,,,,4847,4135.95,3939,3229.98,10832.25,14259.18,23397.66,14771.25,7365.93,1811.94
,,,,,,,4848,4135.95,3939,3229.98,10832.25,14259.18,23397.66,14771.25,7365.93,1811.94
,,,,,,,4849,4135.95,3939,3229.98,10832.25,14259.18,23397.66,14771.25,7365.93,1811.94
,,,,,,,4850,4135.95,3939,3229.98,10832.25,14259.18,23397.66,14771.25,7365.93,1811.94
,,,,,,,4851,4135.95,3939,3229.98,10832.25,14259.18,23397.66,14771.25,7365.93,1811.94
,,,,,,,4852,4135.95,3939,3229.98,10832.25,14259.18,23397.66,14771.25,7365.93,1811.94
,,,,,,,4853,4135.95,3939,3229.98,10832.25,14259.18,23397.66,14771.25,7365.93,1811.94
,,,,,,,4854,4135.95,3939,3229.98,10832.25,14259.18,23397.66,14771.25,7365.93,1811.94
,,,,,,,4855,4135.95,3939,3229.98,10832.25,14259.18,23397.66,14771.25,7365.93,1811.94
,,,,,,,4856,4135.95,3939,3229.98,10832.25,14259.18,23397.66,14771.25,7365.93,1811.94
,,,,,,,4857,4135.95,3939,3229.98,10832.25,14259.18,23397.66,14771.25,7365.93,1811.94
,,,,,,,4858,4135.95,3939,3229.98,10832.25,14259.18,23397.66,14771.25,7365.93,1811.94
,,,,,,,4859,4135.95,3939,3229.98,10832.25,14259.18,23397.66,14771.25,7365.93,1811.94
,,,,,,,4860,4135.95,3939,3229.98,10832.25,14259.18,23397.66,14771.25,7365.93,1811.94
,,,,,,,4861,4135.95,3939,3229.98,10832.25,14259.18,23397.66,14771.25,7365.93,1811.94
,,,,,,,4862,4135.95,3939,3229.98,10832.25,14259.18,23397.66,14771.25,7365.93,1811.94
,,,,,,,4863,4135.95,3939,3229.98,10832.25,14259.18,23397.66,14771.25,7365.93,1811.94
,,,,,,,4864,4135.95,3939,3229.98,10832.25,14259.18,23397.66,14771.25,7365.93,1811.94
,,,,,,,4865,4135.95,3939,3229.98,10832.25,14259.18,23397.66,14771.25,7365.93,1811.94
,,,,,,,4866,4135.95,3939,3229.98,10832.25,14259.18,23397.66,14771.25,7365.93,1811.94
,,,,,,,4867,4135.95,3939,3229.98,10832.25,14259.18,23397.66,14771.25,7365.93,1811.94
,,,,,,,4868,4135.95,3939,3229.98,10832.25,14259.18,23397.66,14771.25,7365.93,1811.94
,,,,,,,4869,4135.95,3939,3229.98,10832.25,14259.18,23397.66,14771.25,7365.93,1811.94
,,,,,,,4870,4135.95,3939,3229.98,10832.25,14259.18,23397.66,14771.25,7365.93,1811.94
,,,,,,,4871,4135.95,3939,3229.98,10832.25,14259.18,23397.66,14771.25,7365.93,1811.94
,,,,,,,4872,4135.95,3939,3229.98,10832.25,14259.18,23397.66,14771.25,7365.93,1811.94
,,,,,,,4873,4135.95,3939,3229.98,10832.25,14259.18,23397.66,14771.25,7365.93,1811.94
,,,,,,,4874,4135.95,3939,3229.98,10832.25,14259.18,23397.66,14771.25,7365.93,1811.94
,,,,,,,4875,4135.95,3939,3229.98,10832.25,14259.18,23397.66,14771.25,7365.93,1811.94
,,,,,,,4876,4135.95,3939,3229.98,10832.25,14259.18,23397.66,14771.25,7365.93,1811.94
,,,,,,,4877,4135.95,3939,3229.98,10832.25,14259.18,23397.66,14771.25,7365.93,1811.94
,,,,,,,4878,4135.95,3939,3229.98,10832.25,14259.18,23397.66,14771.25,7365.93,1811.94
,,,,,,,4879,4135.95,3939,3229.98,10832.25,14259.18,23397.66,14771.25,7365.93,1811.94
,,,,,,,4880,4135.95,3939,3229.98,10832.25,14259.18,23397.66,14771.25,7365.93,1811.94
,,,,,,,4881,4135.95,3939,3229.98,10832.25,14259.18,23397.66,14771.25,7365.93,1811.94
,,,,,,,4882,4135.95,3939,3229.98,10832.25,14259.18,23397.66,14771.25,7365.93,1811.94
,,,,,,,4883,4135.95,3939,3229.98,10832.25,14259.18,23397.66,14771.25,7365.93,1811.94
,,,,,,,4884,4135.95,3939,3229.98,10832.25,14259.18,23397.66,14771.25,7365.93,1811.94
,,,,,,,4885,4135.95,3939,3229.98,10832.25,14259.18,23397.66,14771.25,7365.93,1811.94
,,,,,,,4886,4135.95,3939,3229.98,10832.25,14259.18,23397.66,14771.25,7365.93,1811.94
,,,,,,,4887,4135.95,3939,3229.98,10832.25,14259.18,23397.66,14771.25,7365.93,1811.94
,,,,,,,4888,4135.95,3939,3229.98,10832.25,14259.18,23397.66,14771.25,7365.93,1811.94
,,,,,,,4889,4135.95,3939,3229.98,10832.25,14259.18,23397.66,14771.25,7365.93,1811.94
,,,,,,,4890,4135.95,3939,3229.98,10832.25,14259.18,23397.66,14771.25,7365.93,1811.94
,,,,,,,4891,4135.95,3939,3229.98,10832.25,14259.18,23397.66,14771.25,7365.93,1811.94
,,,,,,,4892,4135.95,3939,3229.98,10832.25,14259.18,23397.66,14771.25,7365.93,1811.94
,,,,,,,4893,4135.95,3939,3229.98,10832.25,14259.18,23397.66,14771.25,7365.93,1811.94
,,,,,,,4894,4135.95,3939,3229.98,10832.25,14259.18,23397.66,14771.25,7365.93,1811.94
,,,,,,,4895,4135.95,3939,3229.98,10832.25,14259.18,23397.66,14771.25,7365.93,1811.94
,,,,,,,4896,4135.95,3939,3229.98,10832.25,14259.18,23397.66,14771.25,7365.93,1811.94
,,,,,,,4897,4135.95,3939,3229.98,10832.25,14259.18,23397.66,14771.25,7365.93,1811.94
,,,,,,,4898,4135.95,3939,3229.98,10832.25,14259.18,23397.66,14771.25,7365.93,1811.94
,,,,,,,4899,4135.95,3939,3229.98,10832.25,14259.18,23397.66,14771.25,7365.93,1811.94
,,,,,,,4900,4135.95,3939,3229.98,10832.25,14259.18,23397.66,14771.25,7365.93,1811.94
,,,,,,,4901,4135.95,3939,3229.98,10832.25,14259.18,23397.66,14771.25,7365.93,1811.94
,,,,,,,4902,4135.95,3939,3229.98,10832.25,14259.18,23397.66,14771.25,7365.93,1811.94
,,,,,,,4903,4135.95,3939,3229.98,10832.25,14259.18,23397.66,14771.25,7365.93,1811.94
,,,,,,,4904,4135.95,3939,3229.98,10832.25,14259.18,23397.66,14771.25,7365.93,1811.94
,,,,,,,4905,4135.95,3939,3229.98,10832.25,14259.18,23397.66,14771.25,7365.93,1811.94
,,,,,,,4906,4135.95,3939,3229.98,10832.25,14259.18,23397.66,14771.25,7365.93,1811.94
,,,,,,,4907,4135.95,3939,3229.98,10832.25,14259.18,23397.66,14771.25,7365.93,1811.94
,,,,,,,4908,4135.95,3939,3229.98,10832.25,14259.18,23397.66,14771.25,7365.93,1811.94
,,,,,,,4909,4135.95,3939,3229.98,10832.25,14259.18,23397.66,14771.25,7365.93,1811.94
,,,,,,,4910,4135.95,3939,3229.98,10832.25,14259.18,23397.66,14771.25,7365.93,1811.94
,,,,,,,4911,4135.95,3939,3229.98,10832.25,14259.18,23397.66,14771.25,7365.93,1811.94
,,,,,,,4912,4135.95,3939,3229.98,10832.25,14259.18,23397.66,14771.25,7365.93,1811.94
,,,,,,,4913,4135.95,3939,3229.98,10832.25,14259.18,23397.66,14771.25,7365.93,1811.94
,,,,,,,4914,4135.95,3939,3229.98,10832.25,14259.18,23397.66,14771.25,7365.93,1811.94
,,,,,,,4915,4135.95,3939,3229.98,10832.25,14259.18,23397.66,14771.25,7365.93,1811.94
,,,,,,,4916,4135.95,3939,3229.98,10832.25,14259.18,23397.66,14771.25,7365.93,1811.94
,,,,,,,4917,4135.95,3939,3229.98,10832.25,14259.18,23397.66,14771.25,7365.93,1811.94
,,,,,,,4918,4135.95,3939,3229.98,10832.25,14259.18,23397.66,14771.25,7365.93,1811.94
,,,,,,,4919,4135.95,3939,3229.98,10832.25,14259.18,23397.66,14771.25,7365.93,1811.94
,,,,,,,4920,4135.95,3939,3229.98,10832.25,14259.18,23397.66,14771.25,7365.93,1811.94
,,,,,,,4921,4135.95,3939,3229.98,10832.25,14259.18,23397.66,14771.25,7365.93,1811.94
,,,,,,,4922,4135.95,3939,3229.98,10832.25,14259.18,23397.66,14771.25,7365.93,1811.94
,,,,,,,4923,4135.95,3939,3229.98,10832.25,14259.18,23397.66,14771.25,7365.93,1811.94
,,,,,,,4924,4135.95,3939,3229.98,10832.25,14259.18,23397.66,14771.25,7365.93,1811.94
,,,,,,,4925,4135.95,3939,3229.98,10832.25,14259.18,23397.66,14771.25,7365.93,1811.94
,,,,,,,4926,4135.95,3939,3229.98,10832.25,14259.18,23397.66,14771.25,7365.93,1811.94
,,,,,,,4927,4135.95,3939,3229.98,10832.25,14259.18,23397.66,14771.25,7365.93,1811.94
,,,,,,,4928,4135.95,3939,3229.98,10832.25,14259.18,23397.66,14771.25,7365.93,1811.94
,,,,,,,4929,4135.95,3939,3229.98,10832.25,14259.18,23397.66,14771.25,7365.93,1811.94
,,,,,,,4930,4135.95,3939,3229.98,10832.25,14259.18,23397.66,14771.25,7365.93,1811.94
,,,,,,,4931,4135.95,3939,3229.98,10832.25,14259.18,23397.66,14771.25,7365.93,1811.94
,,,,,,,4932,4135.95,3939,3229.98,10832.25,14259.18,23397.66,14771.25,7365.93,1811.94
,,,,,,,4933,4135.95,3939,3229.98,10832.25,14259.18,23397.66,14771.25,7365.93,1811.94
,,,,,,,4934,4135.95,3939,3229.98,10832.25,14259.18,23397.66,14771.25,7365.93,1811.94
,,,,,,,4935,4135.95,3939,3229.98,10832.25,14259.18,23397.66,14771.25,7365.93,1811.94
,,,,,,,4936,4135.95,3939,3229.98,10832.25,14259.18,23397.66,14771.25,7365.93,1811.94
,,,,,,,4937,4135.95,3939,3229.98,10832.25,14259.18,23397.66,14771.25,7365.93,1811.94
,,,,,,,4938,4135.95,3939,3229.98,10832.25,14259.18,23397.66,14771.25,7365.93,1811.94
,,,,,,,4939,4135.95,3939,3229.98,10832.25,14259.18,23397.66,14771.25,7365.93,1811.94
,,,,,,,4940,4135.95,3939,3229.98,10832.25,14259.18,23397.66,14771.25,7365.93,1811.94
,,,,,,,4941,4135.95,3939,3229.98,10832.25,14259.18,23397.66,14771.25,7365.93,1811.94
,,,,,,,4942,4135.95,3939,3229.98,10832.25,14259.18,23397.66,14771.25,7365.93,1811.94
,,,,,,,4943,4135.95,3939,3229.98,10832.25,14259.18,23397.66,14771.25,7365.93,1811.94
,,,,,,,4944,4135.95,3939,3229.98,10832.25,14259.18,23397.66,14771.25,7365.93,1811.94
,,,,,,,4945,4135.95,3939,3229.98,10832.25,14259.18,23397.66,14771.25,7365.93,1811.94
,,,,,,,4946,4135.95,3939,3229.98,10832.25,14259.18,23397.66,14771.25,7365.93,1811.94
,,,,,,,4947,4135.95,3939,3229.98,10832.25,14259.18,23397.66,14771.25,7365.93,1811.94
,,,,,,,4948,4135.95,3939,3229.98,10832.25,14259.18,23397.66,14771.25,7365.93,1811.94
,,,,,,,4949,4135.95,3939,3229.98,10832.25,14259.18,23397.66,14771.25,7365.93,1811.94
,,,,,,,4950,4135.95,3939,3229.98,10832.25,14259.18,23397.66,14771.25,7365.93,1811.94
,,,,,,,4951,4135.95,3939,3229.98,10832.25,14259.18,23397.66,14771.25,7365.93,1811.94
,,,,,,,4952,4135.95,3939,3229.98,10832.25,14259.18,23397.66,14771.25,7365.93,1811.94
,,,,,,,4953,4135.95,3939,3229.98,10832.25,14259.18,23397.66,14771.25,7365.93,1811.94
,,,,,,,4954,4135.95,3939,3229.98,10832.25,14259.18,23397.66,14771.25,7365.93,1811.94
,,,,,,,4955,4135.95,3939,3229.98,10832.25,14259.18,23397.66,14771.25,7365.93,1811.94
,,,,,,,4956,4135.95,3939,3229.98,10832.25,14259.18,23397.66,14771.25,7365.93,1811.94
,,,,,,,4957,4135.95,3939,3229.98,10832.25,14259.18,23397.66,14771.25,7365.93,1811.94
,,,,,,,4958,4135.95,3939,3229.98,10832.25,14259.18,23397.66,14771.25,7365.93,1811.94
,,,,,,,4959,4135.95,3939,3229.98,10832.25,14259.18,23397.66,14771.25,7365.93,1811.94
,,,,,,,4960,4135.95,3939,3229.98,10832.25,14259.18,23397.66,14771.25,7365.93,1811.94
,,,,,,,4961,4135.95,3939,3229.98,10832.25,14259.18,23397.66,14771.25,7365.93,1811.94
,,,,,,,4962,4135.95,3939,3229.98,10832.25,14259.18,23397.66,14771.25,7365.93,1811.94
,,,,,,,4963,4135.95,3939,3229.98,10832.25,14259.18,23397.66,14771.25,7365.93,1811.94
,,,,,,,4964,4135.95,3939,3229.98,10832.25,14259.18,23397.66,14771.25,7365.93,1811.94
,,,,,,,4965,4135.95,3939,3229.98,10832.25,14259.18,23397.66,14771.25,7365.93,1811.94
,,,,,,,4966,4135.95,3939,3229.98,10832.25,14259.18,23397.66,14771.25,7365.93,1811.94
,,,,,,,4967,4135.95,3939,3229.98,10832.25,14259.18,23397.66,14771.25,7365.93,1811.94
,,,,,,,4968,4135.95,3939,3229.98,10832.25,14259.18,23397.66,14771.25,7365.93,1811.94
,,,,,,,4969,4135.95,3939,3229.98,10832.25,14259.18,23397.66,14771.25,7365.93,1811.94
,,,,,,,4970,4135.95,3939,3229.98,10832.25,14259.18,23397.66,14771.25,7365.93,1811.94
,,,,,,,4971,4135.95,3939,3229.98,10832.25,14259.18,23397.66,14771.25,7365.93,1811.94
,,,,,,,4972,4135.95,3939,3229.98,10832.25,14259.18,23397.66,14771.25,7365.93,1811.94
,,,,,,,4973,4135.95,3939,3229.98,10832.25,14259.18,23397.66,14771.25,7365.93,1811.94
,,,,,,,4974,4135.95,3939,3229.98,10832.25,14259.18,23397.66,14771.25,7365.93,1811.94
,,,,,,,4975,4135.95,3939,3229.98,10832.25,14259.18,23397.66,14771.25,7365.93,1811.94
,,,,,,,4976,4135.95,3939,3229.98,10832.25,14259.18,23397.66,14771.25,7365.93,1811.94
,,,,,,,4977,4135.95,3939,3229.98,10832.25,14259.18,23397.66,14771.25,7365.93,1811.94
,,,,,,,4978,4135.95,3939,3229.98,10832.25,14259.18,23397.66,14771.25,7365.93,1811.94
,,,,,,,4979,4135.95,3939,3229.98,10832.25,14259.18,23397.66,14771.25,7365.93,1811.94
,,,,,,,4980,4135.95,3939,3229.98,10832.25,14259.18,23397.66,14771.25,7365.93,1811.94
,,,,,,,4981,4135.95,3939,3229.98,10832.25,14259.18,23397.66,14771.25,7365.93,1811.94
,,,,,,,4982,4135.95,3939,3229.98,10832.25,14259.18,23397.66,14771.25,7365.93,1811.94
,,,,,,,4983,4135.95,3939,3229.98,10832.25,14259.18,23397.66,14771.25,7365.93,1811.94
,,,,,,,4984,4135.95,3939,3229.98,10832.25,14259.18,23397.66,14771.25,7365.93,1811.94
,,,,,,,4985,4135.95,3939,3229.98,10832.25,14259.18,23397.66,14771.25,7365.93,1811.94
,,,,,,,4986,4135.95,3939,3229.98,10832.25,14259.18,23397.66,14771.25,7365.93,1811.94
,,,,,,,4987,4135.95,3939,3229.98,10832.25,14259.18,23397.66,14771.25,7365.93,1811.94
,,,,,,,4988,4135.95,3939,3229.98,10832.25,14259.18,23397.66,14771.25,7365.93,1811.94
,,,,,,,4989,4135.95,3939,3229.98,10832.25,14259.18,23397.66,14771.25,7365.93,1811.94
,,,,,,,4990,4135.95,3939,3229.98,10832.25,14259.18,23397.66,14771.25,7365.93,1811.94
,,,,,,,4991,4135.95,3939,3229.98,10832.25,14259.18,23397.66,14771.25,7365.93,1811.94
,,,,,,,4992,4135.95,3939,3229.98,10832.25,14259.18,23397.66,14771.25,7365.93,1811.94
,,,,,,,4993,4135.95,3939,3229.98,10832.25,14259.18,23397.66,14771.25,7365.93,1811.94
,,,,,,,4994,4135.95,3939,3229.98,10832.25,14259.18,23397.66,14771.25,7365.93,1811.94
,,,,,,,4995,4135.95,3939,3229.98,10832.25,14259.18,23397.66,14771.25,7365.93,1811.94
,,,,,,,4996,4135.95,3939,3229.98,10832.25,14259.18,23397.66,14771.25,7365.93,1811.94
,,,,,,,4997,4135.95,3939,3229.98,10832.25,14259.18,23397.66,14771.25,7365.93,1811.94
,,,,,,,4998,4135.95,3939,3229.98,10832.25,14259.18,23397.66,14771.25,7365.93,1811.94
,,,,,,,4999,4135.95,3939,3229.98,10832.25,14259.18,23397.66,14771.25,7365.93,1811.94
,,,,,,,5000,4135.95,3939,3229.98,10832.25,14259.18,23397.66,14771.25,7365.93,1811.94
,,,,,,,5001,4135.95,3939,3229.98,10832.25,14259.18,23397.66,14771.25,7365.93,1811.94
,,,,,,,5002,4135.95,3939,3229.98,10832.25,14259.18,23397.66,14771.25,7365.93,1811.94
,,,,,,,5003,4135.95,3939,3229.98,10832.25,14259.18,23397.66,14771.25,7365.93,1811.94
,,,,,,,5004,4135.95,3939,3229.98,10832.25,14259.18,23397.66,14771.25,7365.93,1811.94
,,,,,,,5005,4135.95,3939,3229.98,10832.25,14259.18,23397.66,14771.25,7365.93,1811.94
,,,,,,,5006,4135.95,3939,3229.98,10832.25,14259.18,23397.66,14771.25,7365.93,1811.94
,,,,,,,5007,4135.95,3939,3229.98,10832.25,14259.18,23397.66,14771.25,7365.93,1811.94
,,,,,,,5008,4135.95,3939,3229.98,10832.25,14259.18,23397.66,14771.25,7365.93,1811.94
,,,,,,,5009,4135.95,3939,3229.98,10832.25,14259.18,23397.66,14771.25,7365.93,1811.94
,,,,,,,5010,4135.95,3939,3229.98,10832.25,14259.18,23397.66,14771.25,7365.93,1811.94
,,,,,,,5011,4135.95,3939,3229.98,10832.25,14259.18,23397.66,14771.25,7365.93,1811.94
,,,,,,,5012,4135.95,3939,3229.98,10832.25,14259.18,23397.66,14771.25,7365.93,1811.94
,,,,,,,5013,4135.95,3939,3229.98,10832.25,14259.18,23397.66,14771.25,7365.93,1811.94
,,,,,,,5014,4135.95,3939,3229.98,10832.25,14259.18,23397.66,14771.25,7365.93,1811.94
,,,,,,,5015,4135.95,3939,3229.98,10832.25,14259.18,23397.66,14771.25,7365.93,1811.94
,,,,,,,5016,4135.95,3939,3229.98,10832.25,14259.18,23397.66,14771.25,7365.93,1811.94
,,,,,,,5017,4135.95,3939,3229.98,10832.25,14259.18,23397.66,14771.25,7365.93,1811.94
,,,,,,,5018,4135.95,3939,3229.98,10832.25,14259.18,23397.66,14771.25,7365.93,1811.94
,,,,,,,5019,4135.95,3939,3229.98,10832.25,14259.18,23397.66,14771.25,7365.93,1811.94
,,,,,,,5020,4135.95,3939,3229.98,10832.25,14259.18,23397.66,14771.25,7365.93,1811.94
,,,,,,,5021,4135.95,3939,3229.98,10832.25,14259.18,23397.66,14771.25,7365.93,1811.94
,,,,,,,5022,4135.95,3939,3229.98,10832.25,14259.18,23397.66,14771.25,7365.93,1811.94
,,,,,,,5023,4135.95,3939,3229.98,10832.25,14259.18,23397.66,14771.25,7365.93,1811.94
,,,,,,,5024,4135.95,3939,3229.98,10832.25,14259.18,23397.66,14771.25,7365.93,1811.94
,,,,,,,5025,4135.95,3939,3229.98,10832.25,14259.18,23397.66,14771.25,7365.93,1811.94
,,,,,,,5026,4135.95,3939,3229.98,10832.25,14259.18,23397.66,14771.25,7365.93,1811.94
,,,,,,,5027,4135.95,3939,3229.98,10832.25,14259.18,23397.66,14771.25,7365.93,1811.94
,,,,,,,5028,4135.95,3939,3229.98,10832.25,14259.18,23397.66,14771.25,7365.93,1811.94
,,,,,,,5029,4135.95,3939,3229.98,10832.25,14259.18,23397.66,14771.25,7365.93,1811.94
,,,,,,,5030,4135.95,3939,3229.98,10832.25,14259.18,23397.66,14771.25,7365.93,1811.94
,,,,,,,5031,4135.95,3939,3229.98,10832.25,14259.18,23397.66,14771.25,7365.93,1811.94
,,,,,,,5032,4135.95,3939,3229.98,10832.25,14259.18,23397.66,14771.25,7365.93,1811.94
,,,,,,,5033,4135.95,3939,3229.98,10832.25,14259.18,23397.66,14771.25,7365.93,1811.94
,,,,,,,5034,4135.95,3939,3229.98,10832.25,14259.18,23397.66,14771.25,7365.93,1811.94
,,,,,,,5035,4135.95,3939,3229.98,10832.25,14259.18,23397.66,14771.25,7365.93,1811.94
,,,,,,,5036,4135.95,3939,3229.98,10832.25,14259.18,23397.66,14771.25,7365.93,1811.94
,,,,,,,5037,4135.95,3939,3229.98,10832.25,14259.18,23397.66,14771.25,7365.93,1811.94
,,,,,,,5038,4135.95,3939,3229.98,10832.25,14259.18,23397.66,14771.25,7365.93,1811.94
,,,,,,,5039,4135.95,3939,3229.98,10832.25,14259.18,23397.66,14771.25,7365.93,1811.94
,,,,,,,5040,4135.95,3939,3229.98,10832.25,14259.18,23397.66,14771.25,7365.93,1811.94
,,,,,,,5041,4135.95,3939,3229.98,10832.25,14259.18,23397.66,14771.25,7365.93,1811.94
,,,,,,,5042,4135.95,3939,3229.98,10832.25,14259.18,23397.66,14771.25,7365.93,1811.94
,,,,,,,5043,4135.95,3939,3229.98,10832.25,14259.18,23397.66,14771.25,7365.93,1811.94
,,,,,,,5044,4135.95,3939,3229.98,10832.25,14259.18,23397.66,14771.25,7365.93,1811.94
,,,,,,,5045,4135.95,3939,3229.98,10832.25,14259.18,23397.66,14771.25,7365.93,1811.94
,,,,,,,5046,4135.95,3939,3229.98,10832.25,14259.18,23397.66,14771.25,7365.93,1811.94
,,,,,,,5047,4135.95,3939,3229.98,10832.25,14259.18,23397.66,14771.25,7365.93,1811.94
,,,,,,,5048,4135.95,3939,3229.98,10832.25,14259.18,23397.66,14771.25,7365.93,1811.94
,,,,,,,5049,4135.95,3939,3229.98,10832.25,14259.18,23397.66,14771.25,7365.93,1811.94
,,,,,,,5050,4135.95,3939,3229.98,10832.25,14259.18,23397.66,14771.25,7365.93,1811.94
,,,,,,,5051,4135.95,3939,3229.98,10832.25,14259.18,23397.66,14771.25,7365.93,1811.94
,,,,,,,5052,4135.95,3939,3229.98,10832.25,14259.18,23397.66,14771.25,7365.93,1811.94
,,,,,,,5053,4135.95,3939,3229.98,10832.25,14259.18,23397.66,14771.25,7365.93,1811.94
,,,,,,,5054,4135.95,3939,3229.98,10832.25,14259.18,23397.66,14771.25,7365.93,1811.94
,,,,,,,5055,4135.95,3939,3229.98,10832.25,14259.18,23397.66,14771.25,7365.93,1811.94
,,,,,,,5056,4135.95,3939,3229.98,10832.25,14259.18,23397.66,14771.25,7365.93,1811.94
,,,,,,,5057,4135.95,3939,3229.98,10832.25,14259.18,23397.66,14771.25,7365.93,1811.94
,,,,,,,5058,4135.95,3939,3229.98,10832.25,14259.18,23397.66,14771.25,7365.93,1811.94
,,,,,,,5059,4135.95,3939,3229.98,10832.25,14259.18,23397.66,14771.25,7365.93,1811.94
,,,,,,,5060,4135.95,3939,3229.98,10832.25,14259.18,23397.66,14771.25,7365.93,1811.94
,,,,,,,5061,4135.95,3939,3229.98,10832.25,14259.18,23397.66,14771.25,7365.93,1811.94
,,,,,,,5062,4135.95,3939,3229.98,10832.25,14259.18,23397.66,14771.25,7365.93,1811.94
,,,,,,,5063,4135.95,3939,3229.98,10832.25,14259.18,23397.66,14771.25,7365.93,1811.94
,,,,,,,5064,4135.95,3939,3229.98,10832.25,14259.18,23397.66,14771.25,7365.93,1811.94
,,,,,,,5065,4135.95,3939,3229.98,10832.25,14259.18,23397.66,14771.25,7365.93,1811.94
,,,,,,,5066,4135.95,3939,3229.98,10832.25,14259.18,23397.66,14771.25,7365.93,1811.94
,,,,,,,5067,4135.95,3939,3229.98,10832.25,14259.18,23397.66,14771.25,7365.93,1811.94
,,,,,,,5068,4135.95,3939,3229.98,10832.25,14259.18,23397.66,14771.25,7365.93,1811.94
,,,,,,,5069,4135.95,3939,3229.98,10832.25,14259.18,23397.66,14771.25,7365.93,1811.94
,,,,,,,5070,4135.95,3939,3229.98,10832.25,14259.18,23397.66,14771.25,7365.93,1811.94
,,,,,,,5071,4135.95,3939,3229.98,10832.25,14259.18,23397.66,14771.25,7365.93,1811.94
,,,,,,,5072,4135.95,3939,3229.98,10832.25,14259.18,23397.66,14771.25,7365.93,1811.94
,,,,,,,5073,4135.95,3939,3229.98,10832.25,14259.18,23397.66,14771.25,7365.93,1811.94
,,,,,,,5074,4135.95,3939,3229.98,10832.25,14259.18,23397.66,14771.25,7365.93,1811.94
,,,,,,,5075,4135.95,3939,3229.98,10832.25,14259.18,23397.66,14771.25,7365.93,1811.94
,,,,,,,5076,4135.95,3939,3229.98,10832.25,14259.18,23397.66,14771.25,7365.93,1811.94
,,,,,,,5077,4135.95,3939,3229.98,10832.25,14259.18,23397.66,14771.25,7365.93,1811.94
,,,,,,,5078,4135.95,3939,3229.98,10832.25,14259.18,23397.66,14771.25,7365.93,1811.94
,,,,,,,5079,4135.95,3939,3229.98,10832.25,14259.18,23397.66,14771.25,7365.93,1811.94
,,,,,,,5080,4135.95,3939,3229.98,10832.25,14259.18,23397.66,14771.25,7365.93,1811.94
,,,,,,,5081,4135.95,3939,3229.98,10832.25,14259.18,23397.66,14771.25,7365.93,1811.94
,,,,,,,5082,4135.95,3939,3229.98,10832.25,14259.18,23397.66,14771.25,7365.93,1811.94
,,,,,,,5083,4135.95,3939,3229.98,10832.25,14259.18,23397.66,14771.25,7365.93,1811.94
,,,,,,,5084,4135.95,3939,3229.98,10832.25,14259.18,23397.66,14771.25,7365.93,1811.94
,,,,,,,5085,4135.95,3939,3229.98,10832.25,14259.18,23397.66,14771.25,7365.93,1811.94
,,,,,,,5086,4135.95,3939,3229.98,10832.25,14259.18,23397.66,14771.25,7365.93,1811.94
,,,,,,,5087,4135.95,3939,3229.98,10832.25,14259.18,23397.66,14771.25,7365.93,1811.94
,,,,,,,5088,4135.95,3939,3229.98,10832.25,14259.18,23397.66,14771.25,7365.93,1811.94
,,,,,,,5089,4135.95,3939,3229.98,10832.25,14259.18,23397.66,14771.25,7365.93,1811.94
,,,,,,,5090,4135.95,3939,3229.98,10832.25,14259.18,23397.66,14771.25,7365.93,1811.94
,,,,,,,5091,4135.95,3939,3229.98,10832.25,14259.18,23397.66,14771.25,7365.93,1811.94
,,,,,,,5092,4135.95,3939,3229.98,10832.25,14259.18,23397.66,14771.25,7365.93,1811.94
,,,,,,,5093,4135.95,3939,3229.98,10832.25,14259.18,23397.66,14771.25,7365.93,1811.94
,,,,,,,5094,4135.95,3939,3229.98,10832.25,14259.18,23397.66,14771.25,7365.93,1811.94
,,,,,,,5095,4135.95,3939,3229.98,10832.25,14259.18,23397.66,14771.25,7365.93,1811.94
,,,,,,,5096,4135.95,3939,3229.98,10832.25,14259.18,23397.66,14771.25,7365.93,1811.94
,,,,,,,5097,4135.95,3939,3229.98,10832.25,14259.18,23397.66,14771.25,7365.93,1811.94
,,,,,,,5098,4135.95,3939,3229.98,10832.25,14259.18,23397.66,14771.25,7365.93,1811.94
,,,,,,,5099,4135.95,3939,3229.98,10832.25,14259.18,23397.66,14771.25,7365.93,1811.94
,,,,,,,5100,4135.95,3939,3229.98,10832.25,14259.18,23397.66,14771.25,7365.93,1811.94
,,,,,,,5101,4135.95,3939,3229.98,10832.25,14259.18,23397.66,14771.25,7365.93,1811.94
,,,,,,,5102,4135.95,3939,3229.98,10832.25,14259.18,23397.66,14771.25,7365.93,1811.94
,,,,,,,5103,4135.95,3939,3229.98,10832.25,14259.18,23397.66,14771.25,7365.93,1811.94
,,,,,,,5104,4135.95,3939,3229.98,10832.25,14259.18,23397.66,14771.25,7365.93,1811.94
,,,,,,,5105,4135.95,3939,3229.98,10832.25,14259.18,23397.66,14771.25,7365.93,1811.94
,,,,,,,5106,4135.95,3939,3229.98,10832.25,14259.18,23397.66,14771.25,7365.93,1811.94
,,,,,,,5107,4135.95,3939,3229.98,10832.25,14259.18,23397.66,14771.25,7365.93,1811.94
,,,,,,,5108,4135.95,3939,3229.98,10832.25,14259.18,23397.66,14771.25,7365.93,1811.94
,,,,,,,5109,4135.95,3939,3229.98,10832.25,14259.18,23397.66,14771.25,7365.93,1811.94
,,,,,,,5110,4135.95,3939,3229.98,10832.25,14259.18,23397.66,14771.25,7365.93,1811.94
,,,,,,,5111,4135.95,3939,3229.98,10832.25,14259.18,23397.66,14771.25,7365.93,1811.94
,,,,,,,5112,4135.95,3939,3229.98,10832.25,14259.18,23397.66,14771.25,7365.93,1811.94
,,,,,,,5113,4135.95,3939,3229.98,10832.25,14259.18,23397.66,14771.25,7365.93,1811.94
,,,,,,,5114,4135.95,3939,3229.98,10832.25,14259.18,23397.66,14771.25,7365.93,1811.94
,,,,,,,5115,4135.95,3939,3229.98,10832.25,14259.18,23397.66,14771.25,7365.93,1811.94
,,,,,,,5116,4135.95,3939,3229.98,10832.25,14259.18,23397.66,14771.25,7365.93,1811.94
,,,,,,,5117,4135.95,3939,3229.98,10832.25,14259.18,23397.66,14771.25,7365.93,1811.94
,,,,,,,5118,4135.95,3939,3229.98,10832.25,14259.18,23397.66,14771.25,7365.93,1811.94
,,,,,,,5119,4135.95,3939,3229.98,10832.25,14259.18,23397.66,14771.25,7365.93,1811.94
,,,,,,,5120,4135.95,3939,3229.98,10832.25,14259.18,23397.66,14771.25,7365.93,1811.94
,,,,,,,5121,4135.95,3939,3229.98,10832.25,14259.18,23397.66,14771.25,7365.93,1811.94
,,,,,,,5122,4135.95,3939,3229.98,10832.25,14259.18,23397.66,14771.25,7365.93,1811.94
,,,,,,,5123,4135.95,3939,3229.98,10832.25,14259.18,23397.66,14771.25,7365.93,1811.94
,,,,,,,5124,4135.95,3939,3229.98,10832.25,14259.18,23397.66,14771.25,7365.93,1811.94
,,,,,,,5125,4135.95,3939,3229.98,10832.25,14259.18,23397.66,14771.25,7365.93,1811.94
,,,,,,,5126,4135.95,3939,3229.98,10832.25,14259.18,23397.66,14771.25,7365.93,1811.94
,,,,,,,5127,4135.95,3939,3229.98,10832.25,14259.18,23397.66,14771.25,7365.93,1811.94
,,,,,,,5128,4135.95,3939,3229.98,10832.25,14259.18,23397.66,14771.25,7365.93,1811.94
,,,,,,,5129,4135.95,3939,3229.98,10832.25,14259.18,23397.66,14771.25,7365.93,1811.94
,,,,,,,5130,4135.95,3939,3229.98,10832.25,14259.18,23397.66,14771.25,7365.93,1811.94
,,,,,,,5131,4135.95,3939,3229.98,10832.25,14259.18,23397.66,14771.25,7365.93,1811.94
,,,,,,,5132,4135.95,3939,3229.98,10832.25,14259.18,23397.66,14771.25,7365.93,1811.94
,,,,,,,5133,4135.95,3939,3229.98,10832.25,14259.18,23397.66,14771.25,7365.93,1811.94
,,,,,,,5134,4135.95,3939,3229.98,10832.25,14259.18,23397.66,14771.25,7365.93,1811.94
,,,,,,,5135,4135.95,3939,3229.98,10832.25,14259.18,23397.66,14771.25,7365.93,1811.94
,,,,,,,5136,4135.95,3939,3229.98,10832.25,14259.18,23397.66,14771.25,7365.93,1811.94
,,,,,,,5137,4135.95,3939,3229.98,10832.25,14259.18,23397.66,14771.25,7365.93,1811.94
,,,,,,,5138,4135.95,3939,3229.98,10832.25,14259.18,23397.66,14771.25,7365.93,1811.94
,,,,,,,5139,4135.95,3939,3229.98,10832.25,14259.18,23397.66,14771.25,7365.93,1811.94
,,,,,,,5140,4135.95,3939,3229.98,10832.25,14259.18,23397.66,14771.25,7365.93,1811.94
,,,,,,,5141,4135.95,3939,3229.98,10832.25,14259.18,23397.66,14771.25,7365.93,1811.94
,,,,,,,5142,4135.95,3939,3229.98,10832.25,14259.18,23397.66,14771.25,7365.93,1811.94
,,,,,,,5143,4135.95,3939,3229.98,10832.25,14259.18,23397.66,14771.25,7365.93,1811.94
,,,,,,,5144,4135.95,3939,3229.98,10832.25,14259.18,23397.66,14771.25,7365.93,1811.94
,,,,,,,5145,4135.95,3939,3229.98,10832.25,14259.18,23397.66,14771.25,7365.93,1811.94
,,,,,,,5146,4135.95,3939,3229.98,10832.25,14259.18,23397.66,14771.25,7365.93,1811.94
,,,,,,,5147,4135.95,3939,3229.98,10832.25,14259.18,23397.66,14771.25,7365.93,1811.94
,,,,,,,5148,4135.95,3939,3229.98,10832.25,14259.18,23397.66,14771.25,7365.93,1811.94
,,,,,,,5149,4135.95,3939,3229.98,10832.25,14259.18,23397.66,14771.25,7365.93,1811.94
,,,,,,,5150,4135.95,3939,3229.98,10832.25,14259.18,23397.66,14771.25,7365.93,1811.94
,,,,,,,5151,4135.95,3939,3229.98,10832.25,14259.18,23397.66,14771.25,7365.93,1811.94
,,,,,,,5152,4135.95,3939,3229.98,10832.25,14259.18,23397.66,14771.25,7365.93,1811.94
,,,,,,,5153,4135.95,3939,3229.98,10832.25,14259.18,23397.66,14771.25,7365.93,1811.94
,,,,,,,5154,4135.95,3939,3229.98,10832.25,14259.18,23397.66,14771.25,7365.93,1811.94
,,,,,,,5155,4135.95,3939,3229.98,10832.25,14259.18,23397.66,14771.25,7365.93,1811.94
,,,,,,,5156,4135.95,3939,3229.98,10832.25,14259.18,23397.66,14771.25,7365.93,1811.94
,,,,,,,5157,4135.95,3939,3229.98,10832.25,14259.18,23397.66,14771.25,7365.93,1811.94
,,,,,,,5158,4135.95,3939,3229.98,10832.25,14259.18,23397.66,14771.25,7365.93,1811.94
,,,,,,,5159,4135.95,3939,3229.98,10832.25,14259.18,23397.66,14771.25,7365.93,1811.94
,,,,,,,5160,4135.95,3939,3229.98,10832.25,14259.18,23397.66,14771.25,7365.93,1811.94
,,,,,,,5161,4135.95,3939,3229.98,10832.25,14259.18,23397.66,14771.25,7365.93,1811.94
,,,,,,,5162,4135.95,3939,3229.98,10832.25,14259.18,23397.66,14771.25,7365.93,1811.94
,,,,,,,5163,4135.95,3939,3229.98,10832.25,14259.18,23397.66,14771.25,7365.93,1811.94
,,,,,,,5164,4135.95,3939,3229.98,10832.25,14259.18,23397.66,14771.25,7365.93,1811.94
,,,,,,,5165,4135.95,3939,3229.98,10832.25,14259.18,23397.66,14771.25,7365.93,1811.94
,,,,,,,5166,4135.95,3939,3229.98,10832.25,14259.18,23397.66,14771.25,7365.93,1811.94
,,,,,,,5167,4135.95,3939,3229.98,10832.25,14259.18,23397.66,14771.25,7365.93,1811.94
,,,,,,,5168,4135.95,3939,3229.98,10832.25,14259.18,23397.66,14771.25,7365.93,1811.94
,,,,,,,5169,4135.95,3939,3229.98,10832.25,14259.18,23397.66,14771.25,7365.93,1811.94
,,,,,,,5170,4135.95,3939,3229.98,10832.25,14259.18,23397.66,14771.25,7365.93,1811.94
,,,,,,,5171,4135.95,3939,3229.98,10832.25,14259.18,23397.66,14771.25,7365.93,1811.94
,,,,,,,5172,4135.95,3939,3229.98,10832.25,14259.18,23397.66,14771.25,7365.93,1811.94
,,,,,,,5173,4135.95,3939,3229.98,10832.25,14259.18,23397.66,14771.25,7365.93,1811.94
,,,,,,,5174,4135.95,3939,3229.98,10832.25,14259.18,23397.66,14771.25,7365.93,1811.94
,,,,,,,5175,4135.95,3939,3229.98,10832.25,14259.18,23397.66,14771.25,7365.93,1811.94
,,,,,,,5176,4135.95,3939,3229.98,10832.25,14259.18,23397.66,14771.25,7365.93,1811.94
,,,,,,,5177,4135.95,3939,3229.98,10832.25,14259.18,23397.66,14771.25,7365.93,1811.94
,,,,,,,5178,4135.95,3939,3229.98,10832.25,14259.18,23397.66,14771.25,7365.93,1811.94
,,,,,,,5179,4135.95,3939,3229.98,10832.25,14259.18,23397.66,14771.25,7365.93,1811.94
,,,,,,,5180,4135.95,3939,3229.98,10832.25,14259.18,23397.66,14771.25,7365.93,1811.94
,,,,,,,5181,4135.95,3939,3229.98,10832.25,14259.18,23397.66,14771.25,7365.93,1811.94
,,,,,,,5182,4135.95,3939,3229.98,10832.25,14259.18,23397.66,14771.25,7365.93,1811.94
,,,,,,,5183,4135.95,3939,3229.98,10832.25,14259.18,23397.66,14771.25,7365.93,1811.94
,,,,,,,5184,4135.95,3939,3229.98,10832.25,14259.18,23397.66,14771.25,7365.93,1811.94
,,,,,,,5185,4135.95,3939,3229.98,10832.25,14259.18,23397.66,14771.25,7365.93,1811.94
,,,,,,,5186,4135.95,3939,3229.98,10832.25,14259.18,23397.66,14771.25,7365.93,1811.94
,,,,,,,5187,4135.95,3939,3229.98,10832.25,14259.18,23397.66,14771.25,7365.93,1811.94
,,,,,,,5188,4135.95,3939,3229.98,10832.25,14259.18,23397.66,14771.25,7365.93,1811.94
,,,,,,,5189,4135.95,3939,3229.98,10832.25,14259.18,23397.66,14771.25,7365.93,1811.94
,,,,,,,5190,4135.95,3939,3229.98,10832.25,14259.18,23397.66,14771.25,7365.93,1811.94
,,,,,,,5191,4135.95,3939,3229.98,10832.25,14259.18,23397.66,14771.25,7365.93,1811.94
,,,,,,,5192,4135.95,3939,3229.98,10832.25,14259.18,23397.66,14771.25,7365.93,1811.94
,,,,,,,5193,4135.95,3939,3229.98,10832.25,14259.18,23397.66,14771.25,7365.93,1811.94
,,,,,,,5194,4135.95,3939,3229.98,10832.25,14259.18,23397.66,14771.25,7365.93,1811.94
,,,,,,,5195,4135.95,3939,3229.98,10832.25,14259.18,23397.66,14771.25,7365.93,1811.94
,,,,,,,5196,4135.95,3939,3229.98,10832.25,14259.18,23397.66,14771.25,7365.93,1811.94
,,,,,,,5197,4135.95,3939,3229.98,10832.25,14259.18,23397.66,14771.25,7365.93,1811.94
,,,,,,,5198,4135.95,3939,3229.98,10832.25,14259.18,23397.66,14771.25,7365.93,1811.94
,,,,,,,5199,4135.95,3939,3229.98,10832.25,14259.18,23397.66,14771.25,7365.93,1811.94
,,,,,,,5200,4135.95,3939,3229.98,10832.25,14259.18,23397.66,14771.25,7365.93,1811.94
,,,,,,,5201,4135.95,3939,3229.98,10832.25,14259.18,23397.66,14771.25,7365.93,1811.94
,,,,,,,5202,4135.95,3939,3229.98,10832.25,14259.18,23397.66,14771.25,7365.93,1811.94
,,,,,,,5203,4135.95,3939,3229.98,10832.25,14259.18,23397.66,14771.25,7365.93,1811.94
,,,,,,,5204,4135.95,3939,3229.98,10832.25,14259.18,23397.66,14771.25,7365.93,1811.94
,,,,,,,5205,4135.95,3939,3229.98,10832.25,14259.18,23397.66,14771.25,7365.93,1811.94
,,,,,,,5206,4135.95,3939,3229.98,10832.25,14259.18,23397.66,14771.25,7365.93,1811.94
,,,,,,,5207,4135.95,3939,3229.98,10832.25,14259.18,23397.66,14771.25,7365.93,1811.94
,,,,,,,5208,4135.95,3939,3229.98,10832.25,14259.18,23397.66,14771.25,7365.93,1811.94
,,,,,,,5209,4135.95,3939,3229.98,10832.25,14259.18,23397.66,14771.25,7365.93,1811.94
,,,,,,,5210,4135.95,3939,3229.98,10832.25,14259.18,23397.66,14771.25,7365.93,1811.94
,,,,,,,5211,4135.95,3939,3229.98,10832.25,14259.18,23397.66,14771.25,7365.93,1811.94
,,,,,,,5212,4135.95,3939,3229.98,10832.25,14259.18,23397.66,14771.25,7365.93,1811.94
,,,,,,,5213,4135.95,3939,3229.98,10832.25,14259.18,23397.66,14771.25,7365.93,1811.94
,,,,,,,5214,4135.95,3939,3229.98,10832.25,14259.18,23397.66,14771.25,7365.93,1811.94
,,,,,,,5215,4135.95,3939,3229.98,10832.25,14259.18,23397.66,14771.25,7365.93,1811.94
,,,,,,,5216,4135.95,3939,3229.98,10832.25,14259.18,23397.66,14771.25,7365.93,1811.94
,,,,,,,5217,4135.95,3939,3229.98,10832.25,14259.18,23397.66,14771.25,7365.93,1811.94
,,,,,,,5218,4135.95,3939,3229.98,10832.25,14259.18,23397.66,14771.25,7365.93,1811.94
,,,,,,,5219,4135.95,3939,3229.98,10832.25,14259.18,23397.66,14771.25,7365.93,1811.94
,,,,,,,5220,4135.95,3939,3229.98,10832.25,14259.18,23397.66,14771.25,7365.93,1811.94
,,,,,,,5221,4135.95,3939,3229.98,10832.25,14259.18,23397.66,14771.25,7365.93,1811.94
,,,,,,,5222,4135.95,3939,3229.98,10832.25,14259.18,23397.66,14771.25,7365.93,1811.94
,,,,,,,5223,4135.95,3939,3229.98,10832.25,14259.18,23397.66,14771.25,7365.93,1811.94
,,,,,,,5224,4135.95,3939,3229.98,10832.25,14259.18,23397.66,14771.25,7365.93,1811.94
,,,,,,,5225,4135.95,3939,3229.98,10832.25,14259.18,23397.66,14771.25,7365.93,1811.94
,,,,,,,5226,4135.95,3939,3229.98,10832.25,14259.18,23397.66,14771.25,7365.93,1811.94
,,,,,,,5227,4135.95,3939,3229.98,10832.25,14259.18,23397.66,14771.25,7365.93,1811.94
,,,,,,,5228,4135.95,3939,3229.98,10832.25,14259.18,23397.66,14771.25,7365.93,1811.94
,,,,,,,5229,4135.95,3939,3229.98,10832.25,14259.18,23397.66,14771.25,7365.93,1811.94
,,,,,,,5230,4135.95,3939,3229.98,10832.25,14259.18,23397.66,14771.25,7365.93,1811.94
,,,,,,,5231,4135.95,3939,3229.98,10832.25,14259.18,23397.66,14771.25,7365.93,1811.94
,,,,,,,5232,4135.95,3939,3229.98,10832.25,14259.18,23397.66,14771.25,7365.93,1811.94
,,,,,,,5233,4135.95,3939,3229.98,10832.25,14259.18,23397.66,14771.25,7365.93,1811.94
,,,,,,,5234,4135.95,3939,3229.98,10832.25,14259.18,23397.66,14771.25,7365.93,1811.94
,,,,,,,5235,4135.95,3939,3229.98,10832.25,14259.18,23397.66,14771.25,7365.93,1811.94
,,,,,,,5236,4135.95,3939,3229.98,10832.25,14259.18,23397.66,14771.25,7365.93,1811.94
,,,,,,,5237,4135.95,3939,3229.98,10832.25,14259.18,23397.66,14771.25,7365.93,1811.94
,,,,,,,5238,4135.95,3939,3229.98,10832.25,14259.18,23397.66,14771.25,7365.93,1811.94
,,,,,,,5239,4135.95,3939,3229.98,10832.25,14259.18,23397.66,14771.25,7365.93,1811.94
,,,,,,,5240,4135.95,3939,3229.98,10832.25,14259.18,23397.66,14771.25,7365.93,1811.94
,,,,,,,5241,4135.95,3939,3229.98,10832.25,14259.18,23397.66,14771.25,7365.93,1811.94
,,,,,,,5242,4135.95,3939,3229.98,10832.25,14259.18,23397.66,14771.25,7365.93,1811.94
,,,,,,,5243,4135.95,3939,3229.98,10832.25,14259.18,23397.66,14771.25,7365.93,1811.94
,,,,,,,5244,4135.95,3939,3229.98,10832.25,14259.18,23397.66,14771.25,7365.93,1811.94
,,,,,,,5245,4135.95,3939,3229.98,10832.25,14259.18,23397.66,14771.25,7365.93,1811.94
,,,,,,,5246,4135.95,3939,3229.98,10832.25,14259.18,23397.66,14771.25,7365.93,1811.94
,,,,,,,5247,4135.95,3939,3229.98,10832.25,14259.18,23397.66,14771.25,7365.93,1811.94
,,,,,,,5248,4135.95,3939,3229.98,10832.25,14259.18,23397.66,14771.25,7365.93,1811.94
,,,,,,,5249,4135.95,3939,3229.98,10832.25,14259.18,23397.66,14771.25,7365.93,1811.94
,,,,,,,5250,4135.95,3939,3229.98,10832.25,14259.18,23397.66,14771.25,7365.93,1811.94
,,,,,,,5251,4135.95,3939,3229.98,10832.25,14259.18,23397.66,14771.25,7365.93,1811.94
,,,,,,,5252,4135.95,3939,3229.98,10832.25,14259.18,23397.66,14771.25,7365.93,1811.94
,,,,,,,5253,4135.95,3939,3229.98,10832.25,14259.18,23397.66,14771.25,7365.93,1811.94
,,,,,,,5254,4135.95,3939,3229.98,10832.25,14259.18,23397.66,14771.25,7365.93,1811.94
,,,,,,,5255,4135.95,3939,3229.98,10832.25,14259.18,23397.66,14771.25,7365.93,1811.94
,,,,,,,5256,4135.95,3939,3229.98,10832.25,14259.18,23397.66,14771.25,7365.93,1811.94
,,,,,,,5257,4135.95,3939,3229.98,10832.25,14259.18,23397.66,14771.25,7365.93,1811.94
,,,,,,,5258,4135.95,3939,3229.98,10832.25,14259.18,23397.66,14771.25,7365.93,1811.94
,,,,,,,5259,4135.95,3939,3229.98,10832.25,14259.18,23397.66,14771.25,7365.93,1811.94
,,,,,,,5260,4135.95,3939,3229.98,10832.25,14259.18,23397.66,14771.25,7365.93,1811.94
,,,,,,,5261,4135.95,3939,3229.98,10832.25,14259.18,23397.66,14771.25,7365.93,1811.94
,,,,,,,5262,4135.95,3939,3229.98,10832.25,14259.18,23397.66,14771.25,7365.93,1811.94
,,,,,,,5263,4135.95,3939,3229.98,10832.25,14259.18,23397.66,14771.25,7365.93,1811.94
,,,,,,,5264,4135.95,3939,3229.98,10832.25,14259.18,23397.66,14771.25,7365.93,1811.94
,,,,,,,5265,4135.95,3939,3229.98,10832.25,14259.18,23397.66,14771.25,7365.93,1811.94
,,,,,,,5266,4135.95,3939,3229.98,10832.25,14259.18,23397.66,14771.25,7365.93,1811.94
,,,,,,,5267,4135.95,3939,3229.98,10832.25,14259.18,23397.66,14771.25,7365.93,1811.94
,,,,,,,5268,4135.95,3939,3229.98,10832.25,14259.18,23397.66,14771.25,7365.93,1811.94
,,,,,,,5269,4135.95,3939,3229.98,10832.25,14259.18,23397.66,14771.25,7365.93,1811.94
,,,,,,,5270,4135.95,3939,3229.98,10832.25,14259.18,23397.66,14771.25,7365.93,1811.94
,,,,,,,5271,4135.95,3939,3229.98,10832.25,14259.18,23397.66,14771.25,7365.93,1811.94
,,,,,,,5272,4135.95,3939,3229.98,10832.25,14259.18,23397.66,14771.25,7365.93,1811.94
,,,,,,,5273,4135.95,3939,3229.98,10832.25,14259.18,23397.66,14771.25,7365.93,1811.94
,,,,,,,5274,4135.95,3939,3229.98,10832.25,14259.18,23397.66,14771.25,7365.93,1811.94
,,,,,,,5275,4135.95,3939,3229.98,10832.25,14259.18,23397.66,14771.25,7365.93,1811.94
,,,,,,,5276,4135.95,3939,3229.98,10832.25,14259.18,23397.66,14771.25,7365.93,1811.94
,,,,,,,5277,4135.95,3939,3229.98,10832.25,14259.18,23397.66,14771.25,7365.93,1811.94
,,,,,,,5278,4135.95,3939,3229.98,10832.25,14259.18,23397.66,14771.25,7365.93,1811.94
,,,,,,,5279,4135.95,3939,3229.98,10832.25,14259.18,23397.66,14771.25,7365.93,1811.94
,,,,,,,5280,4135.95,3939,3229.98,10832.25,14259.18,23397.66,14771.25,7365.93,1811.94
,,,,,,,5281,4135.95,3939,3229.98,10832.25,14259.18,23397.66,14771.25,7365.93,1811.94
,,,,,,,5282,4135.95,3939,3229.98,10832.25,14259.18,23397.66,14771.25,7365.93,1811.94
,,,,,,,5283,4135.95,3939,3229.98,10832.25,14259.18,23397.66,14771.25,7365.93,1811.94
,,,,,,,5284,4135.95,3939,3229.98,10832.25,14259.18,23397.66,14771.25,7365.93,1811.94
,,,,,,,5285,4135.95,3939,3229.98,10832.25,14259.18,23397.66,14771.25,7365.93,1811.94
,,,,,,,5286,4135.95,3939,3229.98,10832.25,14259.18,23397.66,14771.25,7365.93,1811.94
,,,,,,,5287,4135.95,3939,3229.98,10832.25,14259.18,23397.66,14771.25,7365.93,1811.94
,,,,,,,5288,4135.95,3939,3229.98,10832.25,14259.18,23397.66,14771.25,7365.93,1811.94
,,,,,,,5289,4135.95,3939,3229.98,10832.25,14259.18,23397.66,14771.25,7365.93,1811.94
,,,,,,,5290,4135.95,3939,3229.98,10832.25,14259.18,23397.66,14771.25,7365.93,1811.94
,,,,,,,5291,4135.95,3939,3229.98,10832.25,14259.18,23397.66,14771.25,7365.93,1811.94
,,,,,,,5292,4135.95,3939,3229.98,10832.25,14259.18,23397.66,14771.25,7365.93,1811.94
,,,,,,,5293,4135.95,3939,3229.98,10832.25,14259.18,23397.66,14771.25,7365.93,1811.94
,,,,,,,5294,4135.95,3939,3229.98,10832.25,14259.18,23397.66,14771.25,7365.93,1811.94
,,,,,,,5295,4135.95,3939,3229.98,10832.25,14259.18,23397.66,14771.25,7365.93,1811.94
,,,,,,,5296,4135.95,3939,3229.98,10832.25,14259.18,23397.66,14771.25,7365.93,1811.94
,,,,,,,5297,4135.95,3939,3229.98,10832.25,14259.18,23397.66,14771.25,7365.93,1811.94
,,,,,,,5298,4135.95,3939,3229.98,10832.25,14259.18,23397.66,14771.25,7365.93,1811.94
,,,,,,,5299,4135.95,3939,3229.98,10832.25,14259.18,23397.66,14771.25,7365.93,1811.94
,,,,,,,5300,4135.95,3939,3229.98,10832.25,14259.18,23397.66,14771.25,7365.93,1811.94
,,,,,,,5301,4135.95,3939,3229.98,10832.25,14259.18,23397.66,14771.25,7365.93,1811.94
,,,,,,,5302,4135.95,3939,3229.98,10832.25,14259.18,23397.66,14771.25,7365.93,1811.94
,,,,,,,5303,4135.95,3939,3229.98,10832.25,14259.18,23397.66,14771.25,7365.93,1811.94
,,,,,,,5304,4135.95,3939,3229.98,10832.25,14259.18,23397.66,14771.25,7365.93,1811.94
,,,,,,,5305,4135.95,3939,3229.98,10832.25,14259.18,23397.66,14771.25,7365.93,1811.94
,,,,,,,5306,4135.95,3939,3229.98,10832.25,14259.18,23397.66,14771.25,7365.93,1811.94
,,,,,,,5307,4135.95,3939,3229.98,10832.25,14259.18,23397.66,14771.25,7365.93,1811.94
,,,,,,,5308,4135.95,3939,3229.98,10832.25,14259.18,23397.66,14771.25,7365.93,1811.94
,,,,,,,5309,4135.95,3939,3229.98,10832.25,14259.18,23397.66,14771.25,7365.93,1811.94
,,,,,,,5310,4135.95,3939,3229.98,10832.25,14259.18,23397.66,14771.25,7365.93,1811.94
,,,,,,,5311,4135.95,3939,3229.98,10832.25,14259.18,23397.66,14771.25,7365.93,1811.94
,,,,,,,5312,4135.95,3939,3229.98,10832.25,14259.18,23397.66,14771.25,7365.93,1811.94
,,,,,,,5313,4135.95,3939,3229.98,10832.25,14259.18,23397.66,14771.25,7365.93,1811.94
,,,,,,,5314,4135.95,3939,3229.98,10832.25,14259.18,23397.66,14771.25,7365.93,1811.94
,,,,,,,5315,4135.95,3939,3229.98,10832.25,14259.18,23397.66,14771.25,7365.93,1811.94
,,,,,,,5316,4135.95,3939,3229.98,10832.25,14259.18,23397.66,14771.25,7365.93,1811.94
,,,,,,,5317,4135.95,3939,3229.98,10832.25,14259.18,23397.66,14771.25,7365.93,1811.94
,,,,,,,5318,4135.95,3939,3229.98,10832.25,14259.18,23397.66,14771.25,7365.93,1811.94
,,,,,,,5319,4135.95,3939,3229.98,10832.25,14259.18,23397.66,14771.25,7365.93,1811.94
,,,,,,,5320,4135.95,3939,3229.98,10832.25,14259.18,23397.66,14771.25,7365.93,1811.94
,,,,,,,5321,4135.95,3939,3229.98,10832.25,14259.18,23397.66,14771.25,7365.93,1811.94
,,,,,,,5322,4135.95,3939,3229.98,10832.25,14259.18,23397.66,14771.25,7365.93,1811.94
,,,,,,,5323,4135.95,3939,3229.98,10832.25,14259.18,23397.66,14771.25,7365.93,1811.94
,,,,,,,5324,4135.95,3939,3229.98,10832.25,14259.18,23397.66,14771.25,7365.93,1811.94
,,,,,,,5325,4135.95,3939,3229.98,10832.25,14259.18,23397.66,14771.25,7365.93,1811.94
,,,,,,,5326,4135.95,3939,3229.98,10832.25,14259.18,23397.66,14771.25,7365.93,1811.94
,,,,,,,5327,4135.95,3939,3229.98,10832.25,14259.18,23397.66,14771.25,7365.93,1811.94
,,,,,,,5328,4135.95,3939,3229.98,10832.25,14259.18,23397.66,14771.25,7365.93,1811.94
,,,,,,,5329,4135.95,3939,3229.98,10832.25,14259.18,23397.66,14771.25,7365.93,1811.94
,,,,,,,5330,4135.95,3939,3229.98,10832.25,14259.18,23397.66,14771.25,7365.93,1811.94
,,,,,,,5331,4135.95,3939,3229.98,10832.25,14259.18,23397.66,14771.25,7365.93,1811.94
,,,,,,,5332,4135.95,3939,3229.98,10832.25,14259.18,23397.66,14771.25,7365.93,1811.94
,,,,,,,5333,4135.95,3939,3229.98,10832.25,14259.18,23397.66,14771.25,7365.93,1811.94
,,,,,,,5334,4135.95,3939,3229.98,10832.25,14259.18,23397.66,14771.25,7365.93,1811.94
,,,,,,,5335,4135.95,3939,3229.98,10832.25,14259.18,23397.66,14771.25,7365.93,1811.94
,,,,,,,5336,4135.95,3939,3229.98,10832.25,14259.18,23397.66,14771.25,7365.93,1811.94
,,,,,,,5337,4135.95,3939,3229.98,10832.25,14259.18,23397.66,14771.25,7365.93,1811.94
,,,,,,,5338,4135.95,3939,3229.98,10832.25,14259.18,23397.66,14771.25,7365.93,1811.94
,,,,,,,5339,4135.95,3939,3229.98,10832.25,14259.18,23397.66,14771.25,7365.93,1811.94
,,,,,,,5340,4135.95,3939,3229.98,10832.25,14259.18,23397.66,14771.25,7365.93,1811.94
,,,,,,,5341,4135.95,3939,3229.98,10832.25,14259.18,23397.66,14771.25,7365.93,1811.94
,,,,,,,5342,4135.95,3939,3229.98,10832.25,14259.18,23397.66,14771.25,7365.93,1811.94
,,,,,,,5343,4135.95,3939,3229.98,10832.25,14259.18,23397.66,14771.25,7365.93,1811.94
,,,,,,,5344,4135.95,3939,3229.98,10832.25,14259.18,23397.66,14771.25,7365.93,1811.94
,,,,,,,5345,4135.95,3939,3229.98,10832.25,14259.18,23397.66,14771.25,7365.93,1811.94
,,,,,,,5346,4135.95,3939,3229.98,10832.25,14259.18,23397.66,14771.25,7365.93,1811.94
,,,,,,,5347,4135.95,3939,3229.98,10832.25,14259.18,23397.66,14771.25,7365.93,1811.94
,,,,,,,5348,4135.95,3939,3229.98,10832.25,14259.18,23397.66,14771.25,7365.93,1811.94
,,,,,,,5349,4135.95,3939,3229.98,10832.25,14259.18,23397.66,14771.25,7365.93,1811.94
,,,,,,,5350,4135.95,3939,3229.98,10832.25,14259.18,23397.66,14771.25,7365.93,1811.94
,,,,,,,5351,4135.95,3939,3229.98,10832.25,14259.18,23397.66,14771.25,7365.93,1811.94
,,,,,,,5352,4135.95,3939,3229.98,10832.25,14259.18,23397.66,14771.25,7365.93,1811.94
,,,,,,,5353,4135.95,3939,3229.98,10832.25,14259.18,23397.66,14771.25,7365.93,1811.94
,,,,,,,5354,4135.95,3939,3229.98,10832.25,14259.18,23397.66,14771.25,7365.93,1811.94
,,,,,,,5355,4135.95,3939,3229.98,10832.25,14259.18,23397.66,14771.25,7365.93,1811.94
,,,,,,,5356,4135.95,3939,3229.98,10832.25,14259.18,23397.66,14771.25,7365.93,1811.94
,,,,,,,5357,4135.95,3939,3229.98,10832.25,14259.18,23397.66,14771.25,7365.93,1811.94
,,,,,,,5358,4135.95,3939,3229.98,10832.25,14259.18,23397.66,14771.25,7365.93,1811.94
,,,,,,,5359,4135.95,3939,3229.98,10832.25,14259.18,23397.66,14771.25,7365.93,1811.94
,,,,,,,5360,4135.95,3939,3229.98,10832.25,14259.18,23397.66,14771.25,7365.93,1811.94
,,,,,,,5361,4135.95,3939,3229.98,10832.25,14259.18,23397.66,14771.25,7365.93,1811.94
,,,,,,,5362,4135.95,3939,3229.98,10832.25,14259.18,23397.66,14771.25,7365.93,1811.94
,,,,,,,5363,4135.95,3939,3229.98,10832.25,14259.18,23397.66,14771.25,7365.93,1811.94
,,,,,,,5364,4135.95,3939,3229.98,10832.25,14259.18,23397.66,14771.25,7365.93,1811.94
,,,,,,,5365,4135.95,3939,3229.98,10832.25,14259.18,23397.66,14771.25,7365.93,1811.94
,,,,,,,5366,4135.95,3939,3229.98,10832.25,14259.18,23397.66,14771.25,7365.93,1811.94
,,,,,,,5367,4135.95,3939,3229.98,10832.25,14259.18,23397.66,14771.25,7365.93,1811.94
,,,,,,,5368,4135.95,3939,3229.98,10832.25,14259.18,23397.66,14771.25,7365.93,1811.94
,,,,,,,5369,4135.95,3939,3229.98,10832.25,14259.18,23397.66,14771.25,7365.93,1811.94
,,,,,,,5370,4135.95,3939,3229.98,10832.25,14259.18,23397.66,14771.25,7365.93,1811.94
,,,,,,,5371,4135.95,3939,3229.98,10832.25,14259.18,23397.66,14771.25,7365.93,1811.94
,,,,,,,5372,4135.95,3939,3229.98,10832.25,14259.18,23397.66,14771.25,7365.93,1811.94
,,,,,,,5373,4135.95,3939,3229.98,10832.25,14259.18,23397.66,14771.25,7365.93,1811.94
,,,,,,,5374,4135.95,3939,3229.98,10832.25,14259.18,23397.66,14771.25,7365.93,1811.94
,,,,,,,5375,4135.95,3939,3229.98,10832.25,14259.18,23397.66,14771.25,7365.93,1811.94
,,,,,,,5376,4135.95,3939,3229.98,10832.25,14259.18,23397.66,14771.25,7365.93,1811.94
,,,,,,,5377,4135.95,3939,3229.98,10832.25,14259.18,23397.66,14771.25,7365.93,1811.94
,,,,,,,5378,4135.95,3939,3229.98,10832.25,14259.18,23397.66,14771.25,7365.93,1811.94
,,,,,,,5379,4135.95,3939,3229.98,10832.25,14259.18,23397.66,14771.25,7365.93,1811.94
,,,,,,,5380,4135.95,3939,3229.98,10832.25,14259.18,23397.66,14771.25,7365.93,1811.94
,,,,,,,5381,4135.95,3939,3229.98,10832.25,14259.18,23397.66,14771.25,7365.93,1811.94
,,,,,,,5382,4135.95,3939,3229.98,10832.25,14259.18,23397.66,14771.25,7365.93,1811.94
,,,,,,,5383,4135.95,3939,3229.98,10832.25,14259.18,23397.66,14771.25,7365.93,1811.94
,,,,,,,5384,4135.95,3939,3229.98,10832.25,14259.18,23397.66,14771.25,7365.93,1811.94
,,,,,,,5385,4135.95,3939,3229.98,10832.25,14259.18,23397.66,14771.25,7365.93,1811.94
,,,,,,,5386,4135.95,3939,3229.98,10832.25,14259.18,23397.66,14771.25,7365.93,1811.94
,,,,,,,5387,4135.95,3939,3229.98,10832.25,14259.18,23397.66,14771.25,7365.93,1811.94
,,,,,,,5388,4135.95,3939,3229.98,10832.25,14259.18,23397.66,14771.25,7365.93,1811.94
,,,,,,,5389,4135.95,3939,3229.98,10832.25,14259.18,23397.66,14771.25,7365.93,1811.94
,,,,,,,5390,4135.95,3939,3229.98,10832.25,14259.18,23397.66,14771.25,7365.93,1811.94
,,,,,,,5391,4135.95,3939,3229.98,10832.25,14259.18,23397.66,14771.25,7365.93,1811.94
,,,,,,,5392,4135.95,3939,3229.98,10832.25,14259.18,23397.66,14771.25,7365.93,1811.94
,,,,,,,5393,4135.95,3939,3229.98,10832.25,14259.18,23397.66,14771.25,7365.93,1811.94
,,,,,,,5394,4135.95,3939,3229.98,10832.25,14259.18,23397.66,14771.25,7365.93,1811.94
,,,,,,,5395,4135.95,3939,3229.98,10832.25,14259.18,23397.66,14771.25,7365.93,1811.94
,,,,,,,5396,4135.95,3939,3229.98,10832.25,14259.18,23397.66,14771.25,7365.93,1811.94
,,,,,,,5397,4135.95,3939,3229.98,10832.25,14259.18,23397.66,14771.25,7365.93,1811.94
,,,,,,,5398,4135.95,3939,3229.98,10832.25,14259.18,23397.66,14771.25,7365.93,1811.94
,,,,,,,5399,4135.95,3939,3229.98,10832.25,14259.18,23397.66,14771.25,7365.93,1811.94
,,,,,,,5400,4135.95,3939,3229.98,10832.25,14259.18,23397.66,14771.25,7365.93,1811.94
,,,,,,,5401,4135.95,3939,3229.98,10832.25,14259.18,23397.66,14771.25,7365.93,1811.94
,,,,,,,5402,4135.95,3939,3229.98,10832.25,14259.18,23397.66,14771.25,7365.93,1811.94
,,,,,,,5403,4135.95,3939,3229.98,10832.25,14259.18,23397.66,14771.25,7365.93,1811.94
,,,,,,,5404,4135.95,3939,3229.98,10832.25,14259.18,23397.66,14771.25,7365.93,1811.94
,,,,,,,5405,4135.95,3939,3229.98,10832.25,14259.18,23397.66,14771.25,7365.93,1811.94
,,,,,,,5406,4135.95,3939,3229.98,10832.25,14259.18,23397.66,14771.25,7365.93,1811.94
,,,,,,,5407,4135.95,3939,3229.98,10832.25,14259.18,23397.66,14771.25,7365.93,1811.94
,,,,,,,5408,4135.95,3939,3229.98,10832.25,14259.18,23397.66,14771.25,7365.93,1811.94
,,,,,,,5409,4135.95,3939,3229.98,10832.25,14259.18,23397.66,14771.25,7365.93,1811.94
,,,,,,,5410,4135.95,3939,3229.98,10832.25,14259.18,23397.66,14771.25,7365.93,1811.94
,,,,,,,5411,4135.95,3939,3229.98,10832.25,14259.18,23397.66,14771.25,7365.93,1811.94
,,,,,,,5412,4135.95,3939,3229.98,10832.25,14259.18,23397.66,14771.25,7365.93,1811.94
,,,,,,,5413,4135.95,3939,3229.98,10832.25,14259.18,23397.66,14771.25,7365.93,1811.94
,,,,,,,5414,4135.95,3939,3229.98,10832.25,14259.18,23397.66,14771.25,7365.93,1811.94
,,,,,,,5415,4135.95,3939,3229.98,10832.25,14259.18,23397.66,14771.25,7365.93,1811.94
,,,,,,,5416,4135.95,3939,3229.98,10832.25,14259.18,23397.66,14771.25,7365.93,1811.94
,,,,,,,5417,4135.95,3939,3229.98,10832.25,14259.18,23397.66,14771.25,7365.93,1811.94
,,,,,,,5418,4135.95,3939,3229.98,10832.25,14259.18,23397.66,14771.25,7365.93,1811.94
,,,,,,,5419,4135.95,3939,3229.98,10832.25,14259.18,23397.66,14771.25,7365.93,1811.94
,,,,,,,5420,4135.95,3939,3229.98,10832.25,14259.18,23397.66,14771.25,7365.93,1811.94
,,,,,,,5421,4135.95,3939,3229.98,10832.25,14259.18,23397.66,14771.25,7365.93,1811.94
,,,,,,,5422,4135.95,3939,3229.98,10832.25,14259.18,23397.66,14771.25,7365.93,1811.94
,,,,,,,5423,4135.95,3939,3229.98,10832.25,14259.18,23397.66,14771.25,7365.93,1811.94
,,,,,,,5424,4135.95,3939,3229.98,10832.25,14259.18,23397.66,14771.25,7365.93,1811.94
,,,,,,,5425,4135.95,3939,3229.98,10832.25,14259.18,23397.66,14771.25,7365.93,1811.94
,,,,,,,5426,4135.95,3939,3229.98,10832.25,14259.18,23397.66,14771.25,7365.93,1811.94
,,,,,,,5427,4135.95,3939,3229.98,10832.25,14259.18,23397.66,14771.25,7365.93,1811.94
,,,,,,,5428,4135.95,3939,3229.98,10832.25,14259.18,23397.66,14771.25,7365.93,1811.94
,,,,,,,5429,4135.95,3939,3229.98,10832.25,14259.18,23397.66,14771.25,7365.93,1811.94
,,,,,,,5430,4135.95,3939,3229.98,10832.25,14259.18,23397.66,14771.25,7365.93,1811.94
,,,,,,,5431,4135.95,3939,3229.98,10832.25,14259.18,23397.66,14771.25,7365.93,1811.94
,,,,,,,5432,4135.95,3939,3229.98,10832.25,14259.18,23397.66,14771.25,7365.93,1811.94
,,,,,,,5433,4135.95,3939,3229.98,10832.25,14259.18,23397.66,14771.25,7365.93,1811.94
,,,,,,,5434,4135.95,3939,3229.98,10832.25,14259.18,23397.66,14771.25,7365.93,1811.94
,,,,,,,5435,4135.95,3939,3229.98,10832.25,14259.18,23397.66,14771.25,7365.93,1811.94
,,,,,,,5436,4135.95,3939,3229.98,10832.25,14259.18,23397.66,14771.25,7365.93,1811.94
,,,,,,,5437,4135.95,3939,3229.98,10832.25,14259.18,23397.66,14771.25,7365.93,1811.94
,,,,,,,5438,4135.95,3939,3229.98,10832.25,14259.18,23397.66,14771.25,7365.93,1811.94
,,,,,,,5439,4135.95,3939,3229.98,10832.25,14259.18,23397.66,14771.25,7365.93,1811.94
,,,,,,,5440,4135.95,3939,3229.98,10832.25,14259.18,23397.66,14771.25,7365.93,1811.94
,,,,,,,5441,4135.95,3939,3229.98,10832.25,14259.18,23397.66,14771.25,7365.93,1811.94
,,,,,,,5442,4135.95,3939,3229.98,10832.25,14259.18,23397.66,14771.25,7365.93,1811.94
,,,,,,,5443,4135.95,3939,3229.98,10832.25,14259.18,23397.66,14771.25,7365.93,1811.94
,,,,,,,5444,4135.95,3939,3229.98,10832.25,14259.18,23397.66,14771.25,7365.93,1811.94
,,,,,,,5445,4135.95,3939,3229.98,10832.25,14259.18,23397.66,14771.25,7365.93,1811.94
,,,,,,,5446,4135.95,3939,3229.98,10832.25,14259.18,23397.66,14771.25,7365.93,1811.94
,,,,,,,5447,4135.95,3939,3229.98,10832.25,14259.18,23397.66,14771.25,7365.93,1811.94
,,,,,,,5448,4135.95,3939,3229.98,10832.25,14259.18,23397.66,14771.25,7365.93,1811.94
,,,,,,,5449,4135.95,3939,3229.98,10832.25,14259.18,23397.66,14771.25,7365.93,1811.94
,,,,,,,5450,4135.95,3939,3229.98,10832.25,14259.18,23397.66,14771.25,7365.93,1811.94
,,,,,,,5451,4135.95,3939,3229.98,10832.25,14259.18,23397.66,14771.25,7365.93,1811.94
,,,,,,,5452,4135.95,3939,3229.98,10832.25,14259.18,23397.66,14771.25,7365.93,1811.94
,,,,,,,5453,4135.95,3939,3229.98,10832.25,14259.18,23397.66,14771.25,7365.93,1811.94
,,,,,,,5454,4135.95,3939,3229.98,10832.25,14259.18,23397.66,14771.25,7365.93,1811.94
,,,,,,,5455,4135.95,3939,3229.98,10832.25,14259.18,23397.66,14771.25,7365.93,1811.94
,,,,,,,5456,4135.95,3939,3229.98,10832.25,14259.18,23397.66,14771.25,7365.93,1811.94
,,,,,,,5457,4135.95,3939,3229.98,10832.25,14259.18,23397.66,14771.25,7365.93,1811.94
,,,,,,,5458,4135.95,3939,3229.98,10832.25,14259.18,23397.66,14771.25,7365.93,1811.94
,,,,,,,5459,4135.95,3939,3229.98,10832.25,14259.18,23397.66,14771.25,7365.93,1811.94
,,,,,,,5460,4135.95,3939,3229.98,10832.25,14259.18,23397.66,14771.25,7365.93,1811.94
,,,,,,,5461,4135.95,3939,3229.98,10832.25,14259.18,23397.66,14771.25,7365.93,1811.94
,,,,,,,5462,4135.95,3939,3229.98,10832.25,14259.18,23397.66,14771.25,7365.93,1811.94
,,,,,,,5463,4135.95,3939,3229.98,10832.25,14259.18,23397.66,14771.25,7365.93,1811.94
,,,,,,,5464,4135.95,3939,3229.98,10832.25,14259.18,23397.66,14771.25,7365.93,1811.94
,,,,,,,5465,4135.95,3939,3229.98,10832.25,14259.18,23397.66,14771.25,7365.93,1811.94
,,,,,,,5466,4135.95,3939,3229.98,10832.25,14259.18,23397.66,14771.25,7365.93,1811.94
,,,,,,,5467,4135.95,3939,3229.98,10832.25,14259.18,23397.66,14771.25,7365.93,1811.94
,,,,,,,5468,4135.95,3939,3229.98,10832.25,14259.18,23397.66,14771.25,7365.93,1811.94
,,,,,,,5469,4135.95,3939,3229.98,10832.25,14259.18,23397.66,14771.25,7365.93,1811.94
,,,,,,,5470,4135.95,3939,3229.98,10832.25,14259.18,23397.66,14771.25,7365.93,1811.94
,,,,,,,5471,4135.95,3939,3229.98,10832.25,14259.18,23397.66,14771.25,7365.93,1811.94
,,,,,,,5472,4135.95,3939,3229.98,10832.25,14259.18,23397.66,14771.25,7365.93,1811.94
,,,,,,,5473,4135.95,3939,3229.98,10832.25,14259.18,23397.66,14771.25,7365.93,1811.94
,,,,,,,5474,4135.95,3939,3229.98,10832.25,14259.18,23397.66,14771.25,7365.93,1811.94
,,,,,,,5475,4135.95,3939,3229.98,10832.25,14259.18,23397.66,14771.25,7365.93,1811.94
,,,,,,,5476,4135.95,3939,3229.98,10832.25,14259.18,23397.66,14771.25,7365.93,1811.94
,,,,,,,5477,4135.95,3939,3229.98,10832.25,14259.18,23397.66,14771.25,7365.93,1811.94
,,,,,,,5478,4135.95,3939,3229.98,10832.25,14259.18,23397.66,14771.25,7365.93,1811.94
,,,,,,,5479,4135.95,3939,3229.98,10832.25,14259.18,23397.66,14771.25,7365.93,1811.94
,,,,,,,5480,4135.95,3939,3229.98,10832.25,14259.18,23397.66,14771.25,7365.93,1811.94
,,,,,,,5481,4135.95,3939,3229.98,10832.25,14259.18,23397.66,14771.25,7365.93,1811.94
,,,,,,,5482,4135.95,3939,3229.98,10832.25,14259.18,23397.66,14771.25,7365.93,1811.94
,,,,,,,5483,4135.95,3939,3229.98,10832.25,14259.18,23397.66,14771.25,7365.93,1811.94
,,,,,,,5484,4135.95,3939,3229.98,10832.25,14259.18,23397.66,14771.25,7365.93,1811.94
,,,,,,,5485,4135.95,3939,3229.98,10832.25,14259.18,23397.66,14771.25,7365.93,1811.94
,,,,,,,5486,4135.95,3939,3229.98,10832.25,14259.18,23397.66,14771.25,7365.93,1811.94
,,,,,,,5487,4135.95,3939,3229.98,10832.25,14259.18,23397.66,14771.25,7365.93,1811.94
,,,,,,,5488,4135.95,3939,3229.98,10832.25,14259.18,23397.66,14771.25,7365.93,1811.94
,,,,,,,5489,4135.95,3939,3229.98,10832.25,14259.18,23397.66,14771.25,7365.93,1811.94
,,,,,,,5490,4135.95,3939,3229.98,10832.25,14259.18,23397.66,14771.25,7365.93,1811.94
,,,,,,,5491,4135.95,3939,3229.98,10832.25,14259.18,23397.66,14771.25,7365.93,1811.94
,,,,,,,5492,4135.95,3939,3229.98,10832.25,14259.18,23397.66,14771.25,7365.93,1811.94
,,,,,,,5493,4135.95,3939,3229.98,10832.25,14259.18,23397.66,14771.25,7365.93,1811.94
,,,,,,,5494,4135.95,3939,3229.98,10832.25,14259.18,23397.66,14771.25,7365.93,1811.94
,,,,,,,5495,4135.95,3939,3229.98,10832.25,14259.18,23397.66,14771.25,7365.93,1811.94
,,,,,,,5496,4135.95,3939,3229.98,10832.25,14259.18,23397.66,14771.25,7365.93,1811.94
,,,,,,,5497,4135.95,3939,3229.98,10832.25,14259.18,23397.66,14771.25,7365.93,1811.94
,,,,,,,5498,4135.95,3939,3229.98,10832.25,14259.18,23397.66,14771.25,7365.93,1811.94
,,,,,,,5499,4135.95,3939,3229.98,10832.25,14259.18,23397.66,14771.25,7365.93,1811.94
,,,,,,,5500,4135.95,3939,3229.98,10832.25,14259.18,23397.66,14771.25,7365.93,1811.94
,,,,,,,5501,4135.95,3939,3229.98,10832.25,14259.18,23397.66,14771.25,7365.93,1811.94
,,,,,,,5502,4135.95,3939,3229.98,10832.25,14259.18,23397.66,14771.25,7365.93,1811.94
,,,,,,,5503,4135.95,3939,3229.98,10832.25,14259.18,23397.66,14771.25,7365.93,1811.94
,,,,,,,5504,4135.95,3939,3229.98,10832.25,14259.18,23397.66,14771.25,7365.93,1811.94
,,,,,,,5505,4135.95,3939,3229.98,10832.25,14259.18,23397.66,14771.25,7365.93,1811.94
,,,,,,,5506,4135.95,3939,3229.98,10832.25,14259.18,23397.66,14771.25,7365.93,1811.94
,,,,,,,5507,4135.95,3939,3229.98,10832.25,14259.18,23397.66,14771.25,7365.93,1811.94
,,,,,,,5508,4135.95,3939,3229.98,10832.25,14259.18,23397.66,14771.25,7365.93,1811.94
,,,,,,,5509,4135.95,3939,3229.98,10832.25,14259.18,23397.66,14771.25,7365.93,1811.94
,,,,,,,5510,4135.95,3939,3229.98,10832.25,14259.18,23397.66,14771.25,7365.93,1811.94
,,,,,,,5511,4135.95,3939,3229.98,10832.25,14259.18,23397.66,14771.25,7365.93,1811.94
,,,,,,,5512,4135.95,3939,3229.98,10832.25,14259.18,23397.66,14771.25,7365.93,1811.94
,,,,,,,5513,4135.95,3939,3229.98,10832.25,14259.18,23397.66,14771.25,7365.93,1811.94
,,,,,,,5514,4135.95,3939,3229.98,10832.25,14259.18,23397.66,14771.25,7365.93,1811.94
,,,,,,,5515,4135.95,3939,3229.98,10832.25,14259.18,23397.66,14771.25,7365.93,1811.94
,,,,,,,5516,4135.95,3939,3229.98,10832.25,14259.18,23397.66,14771.25,7365.93,1811.94
,,,,,,,5517,4135.95,3939,3229.98,10832.25,14259.18,23397.66,14771.25,7365.93,1811.94
,,,,,,,5518,4135.95,3939,3229.98,10832.25,14259.18,23397.66,14771.25,7365.93,1811.94
,,,,,,,5519,4135.95,3939,3229.98,10832.25,14259.18,23397.66,14771.25,7365.93,1811.94
,,,,,,,5520,4135.95,3939,3229.98,10832.25,14259.18,23397.66,14771.25,7365.93,1811.94
,,,,,,,5521,4135.95,3939,3229.98,10832.25,14259.18,23397.66,14771.25,7365.93,1811.94
,,,,,,,5522,4135.95,3939,3229.98,10832.25,14259.18,23397.66,14771.25,7365.93,1811.94
,,,,,,,5523,4135.95,3939,3229.98,10832.25,14259.18,23397.66,14771.25,7365.93,1811.94
,,,,,,,5524,4135.95,3939,3229.98,10832.25,14259.18,23397.66,14771.25,7365.93,1811.94
,,,,,,,5525,4135.95,3939,3229.98,10832.25,14259.18,23397.66,14771.25,7365.93,1811.94
,,,,,,,5526,4135.95,3939,3229.98,10832.25,14259.18,23397.66,14771.25,7365.93,1811.94
,,,,,,,5527,4135.95,3939,3229.98,10832.25,14259.18,23397.66,14771.25,7365.93,1811.94
,,,,,,,5528,4135.95,3939,3229.98,10832.25,14259.18,23397.66,14771.25,7365.93,1811.94
,,,,,,,5529,4135.95,3939,3229.98,10832.25,14259.18,23397.66,14771.25,7365.93,1811.94
,,,,,,,5530,4135.95,3939,3229.98,10832.25,14259.18,23397.66,14771.25,7365.93,1811.94
,,,,,,,5531,4135.95,3939,3229.98,10832.25,14259.18,23397.66,14771.25,7365.93,1811.94
,,,,,,,5532,4135.95,3939,3229.98,10832.25,14259.18,23397.66,14771.25,7365.93,1811.94
,,,,,,,5533,4135.95,3939,3229.98,10832.25,14259.18,23397.66,14771.25,7365.93,1811.94
,,,,,,,5534,4135.95,3939,3229.98,10832.25,14259.18,23397.66,14771.25,7365.93,1811.94
,,,,,,,5535,4135.95,3939,3229.98,10832.25,14259.18,23397.66,14771.25,7365.93,1811.94
,,,,,,,5536,4135.95,3939,3229.98,10832.25,14259.18,23397.66,14771.25,7365.93,1811.94
,,,,,,,5537,4135.95,3939,3229.98,10832.25,14259.18,23397.66,14771.25,7365.93,1811.94
,,,,,,,5538,4135.95,3939,3229.98,10832.25,14259.18,23397.66,14771.25,7365.93,1811.94
,,,,,,,5539,4135.95,3939,3229.98,10832.25,14259.18,23397.66,14771.25,7365.93,1811.94
,,,,,,,5540,4135.95,3939,3229.98,10832.25,14259.18,23397.66,14771.25,7365.93,1811.94
,,,,,,,5541,4135.95,3939,3229.98,10832.25,14259.18,23397.66,14771.25,7365.93,1811.94
,,,,,,,5542,4135.95,3939,3229.98,10832.25,14259.18,23397.66,14771.25,7365.93,1811.94
,,,,,,,5543,4135.95,3939,3229.98,10832.25,14259.18,23397.66,14771.25,7365.93,1811.94
,,,,,,,5544,4135.95,3939,3229.98,10832.25,14259.18,23397.66,14771.25,7365.93,1811.94
,,,,,,,5545,4135.95,3939,3229.98,10832.25,14259.18,23397.66,14771.25,7365.93,1811.94
,,,,,,,5546,4135.95,3939,3229.98,10832.25,14259.18,23397.66,14771.25,7365.93,1811.94
,,,,,,,5547,4135.95,3939,3229.98,10832.25,14259.18,23397.66,14771.25,7365.93,1811.94
,,,,,,,5548,4135.95,3939,3229.98,10832.25,14259.18,23397.66,14771.25,7365.93,1811.94
,,,,,,,5549,4135.95,3939,3229.98,10832.25,14259.18,23397.66,14771.25,7365.93,1811.94
,,,,,,,5550,4135.95,3939,3229.98,10832.25,14259.18,23397.66,14771.25,7365.93,1811.94
,,,,,,,5551,4135.95,3939,3229.98,10832.25,14259.18,23397.66,14771.25,7365.93,1811.94
,,,,,,,5552,4135.95,3939,3229.98,10832.25,14259.18,23397.66,14771.25,7365.93,1811.94
,,,,,,,5553,4135.95,3939,3229.98,10832.25,14259.18,23397.66,14771.25,7365.93,1811.94
,,,,,,,5554,4135.95,3939,3229.98,10832.25,14259.18,23397.66,14771.25,7365.93,1811.94
,,,,,,,5555,4135.95,3939,3229.98,10832.25,14259.18,23397.66,14771.25,7365.93,1811.94
,,,,,,,5556,4135.95,3939,3229.98,10832.25,14259.18,23397.66,14771.25,7365.93,1811.94
,,,,,,,5557,4135.95,3939,3229.98,10832.25,14259.18,23397.66,14771.25,7365.93,1811.94
,,,,,,,5558,4135.95,3939,3229.98,10832.25,14259.18,23397.66,14771.25,7365.93,1811.94
,,,,,,,5559,4135.95,3939,3229.98,10832.25,14259.18,23397.66,14771.25,7365.93,1811.94
,,,,,,,5560,4135.95,3939,3229.98,10832.25,14259.18,23397.66,14771.25,7365.93,1811.94
,,,,,,,5561,4135.95,3939,3229.98,10832.25,14259.18,23397.66,14771.25,7365.93,1811.94
,,,,,,,5562,4135.95,3939,3229.98,10832.25,14259.18,23397.66,14771.25,7365.93,1811.94
,,,,,,,5563,4135.95,3939,3229.98,10832.25,14259.18,23397.66,14771.25,7365.93,1811.94
,,,,,,,5564,4135.95,3939,3229.98,10832.25,14259.18,23397.66,14771.25,7365.93,1811.94
,,,,,,,5565,4135.95,3939,3229.98,10832.25,14259.18,23397.66,14771.25,7365.93,1811.94
,,,,,,,5566,4135.95,3939,3229.98,10832.25,14259.18,23397.66,14771.25,7365.93,1811.94
,,,,,,,5567,4135.95,3939,3229.98,10832.25,14259.18,23397.66,14771.25,7365.93,1811.94
,,,,,,,5568,4135.95,3939,3229.98,10832.25,14259.18,23397.66,14771.25,7365.93,1811.94
,,,,,,,5569,4135.95,3939,3229.98,10832.25,14259.18,23397.66,14771.25,7365.93,1811.94
,,,,,,,5570,4135.95,3939,3229.98,10832.25,14259.18,23397.66,14771.25,7365.93,1811.94
,,,,,,,5571,4135.95,3939,3229.98,10832.25,14259.18,23397.66,14771.25,7365.93,1811.94
,,,,,,,5572,4135.95,3939,3229.98,10832.25,14259.18,23397.66,14771.25,7365.93,1811.94
,,,,,,,5573,4135.95,3939,3229.98,10832.25,14259.18,23397.66,14771.25,7365.93,1811.94
,,,,,,,5574,4135.95,3939,3229.98,10832.25,14259.18,23397.66,14771.25,7365.93,1811.94
,,,,,,,5575,4135.95,3939,3229.98,10832.25,14259.18,23397.66,14771.25,7365.93,1811.94
,,,,,,,5576,4135.95,3939,3229.98,10832.25,14259.18,23397.66,14771.25,7365.93,1811.94
,,,,,,,5577,4135.95,3939,3229.98,10832.25,14259.18,23397.66,14771.25,7365.93,1811.94
,,,,,,,5578,4135.95,3939,3229.98,10832.25,14259.18,23397.66,14771.25,7365.93,1811.94
,,,,,,,5579,4135.95,3939,3229.98,10832.25,14259.18,23397.66,14771.25,7365.93,1811.94
,,,,,,,5580,4135.95,3939,3229.98,10832.25,14259.18,23397.66,14771.25,7365.93,1811.94
,,,,,,,5581,4135.95,3939,3229.98,10832.25,14259.18,23397.66,14771.25,7365.93,1811.94
,,,,,,,5582,4135.95,3939,3229.98,10832.25,14259.18,23397.66,14771.25,7365.93,1811.94
,,,,,,,5583,4135.95,3939,3229.98,10832.25,14259.18,23397.66,14771.25,7365.93,1811.94
,,,,,,,5584,4135.95,3939,3229.98,10832.25,14259.18,23397.66,14771.25,7365.93,1811.94
,,,,,,,5585,4135.95,3939,3229.98,10832.25,14259.18,23397.66,14771.25,7365.93,1811.94
,,,,,,,5586,4135.95,3939,3229.98,10832.25,14259.18,23397.66,14771.25,7365.93,1811.94
,,,,,,,5587,4135.95,3939,3229.98,10832.25,14259.18,23397.66,14771.25,7365.93,1811.94
,,,,,,,5588,4135.95,3939,3229.98,10832.25,14259.18,23397.66,14771.25,7365.93,1811.94
,,,,,,,5589,4135.95,3939,3229.98,10832.25,14259.18,23397.66,14771.25,7365.93,1811.94
,,,,,,,5590,4135.95,3939,3229.98,10832.25,14259.18,23397.66,14771.25,7365.93,1811.94
,,,,,,,5591,4135.95,3939,3229.98,10832.25,14259.18,23397.66,14771.25,7365.93,1811.94
,,,,,,,5592,4135.95,3939,3229.98,10832.25,14259.18,23397.66,14771.25,7365.93,1811.94
,,,,,,,5593,4135.95,3939,3229.98,10832.25,14259.18,23397.66,14771.25,7365.93,1811.94
,,,,,,,5594,4135.95,3939,3229.98,10832.25,14259.18,23397.66,14771.25,7365.93,1811.94
,,,,,,,5595,4135.95,3939,3229.98,10832.25,14259.18,23397.66,14771.25,7365.93,1811.94
,,,,,,,5596,4135.95,3939,3229.98,10832.25,14259.18,23397.66,14771.25,7365.93,1811.94
,,,,,,,5597,4135.95,3939,3229.98,10832.25,14259.18,23397.66,14771.25,7365.93,1811.94
,,,,,,,5598,4135.95,3939,3229.98,10832.25,14259.18,23397.66,14771.25,7365.93,1811.94
,,,,,,,5599,4135.95,3939,3229.98,10832.25,14259.18,23397.66,14771.25,7365.93,1811.94
,,,,,,,5600,4135.95,3939,3229.98,10832.25,14259.18,23397.66,14771.25,7365.93,1811.94
,,,,,,,5601,4135.95,3939,3229.98,10832.25,14259.18,23397.66,14771.25,7365.93,1811.94
,,,,,,,5602,4135.95,3939,3229.98,10832.25,14259.18,23397.66,14771.25,7365.93,1811.94
,,,,,,,5603,4135.95,3939,3229.98,10832.25,14259.18,23397.66,14771.25,7365.93,1811.94
,,,,,,,5604,4135.95,3939,3229.98,10832.25,14259.18,23397.66,14771.25,7365.93,1811.94
,,,,,,,5605,4135.95,3939,3229.98,10832.25,14259.18,23397.66,14771.25,7365.93,1811.94
,,,,,,,5606,4135.95,3939,3229.98,10832.25,14259.18,23397.66,14771.25,7365.93,1811.94
,,,,,,,5607,4135.95,3939,3229.98,10832.25,14259.18,23397.66,14771.25,7365.93,1811.94
,,,,,,,5608,4135.95,3939,3229.98,10832.25,14259.18,23397.66,14771.25,7365.93,1811.94
,,,,,,,5609,4135.95,3939,3229.98,10832.25,14259.18,23397.66,14771.25,7365.93,1811.94
,,,,,,,5610,4135.95,3939,3229.98,10832.25,14259.18,23397.66,14771.25,7365.93,1811.94
,,,,,,,5611,4135.95,3939,3229.98,10832.25,14259.18,23397.66,14771.25,7365.93,1811.94
,,,,,,,5612,4135.95,3939,3229.98,10832.25,14259.18,23397.66,14771.25,7365.93,1811.94
,,,,,,,5613,4135.95,3939,3229.98,10832.25,14259.18,23397.66,14771.25,7365.93,1811.94
,,,,,,,5614,4135.95,3939,3229.98,10832.25,14259.18,23397.66,14771.25,7365.93,1811.94
,,,,,,,5615,4135.95,3939,3229.98,10832.25,14259.18,23397.66,14771.25,7365.93,1811.94
,,,,,,,5616,4135.95,3939,3229.98,10832.25,14259.18,23397.66,14771.25,7365.93,1811.94
,,,,,,,5617,4135.95,3939,3229.98,10832.25,14259.18,23397.66,14771.25,7365.93,1811.94
,,,,,,,5618,4135.95,3939,3229.98,10832.25,14259.18,23397.66,14771.25,7365.93,1811.94
,,,,,,,5619,4135.95,3939,3229.98,10832.25,14259.18,23397.66,14771.25,7365.93,1811.94
,,,,,,,5620,4135.95,3939,3229.98,10832.25,14259.18,23397.66,14771.25,7365.93,1811.94
,,,,,,,5621,4135.95,3939,3229.98,10832.25,14259.18,23397.66,14771.25,7365.93,1811.94
,,,,,,,5622,4135.95,3939,3229.98,10832.25,14259.18,23397.66,14771.25,7365.93,1811.94
,,,,,,,5623,4135.95,3939,3229.98,10832.25,14259.18,23397.66,14771.25,7365.93,1811.94
,,,,,,,5624,4135.95,3939,3229.98,10832.25,14259.18,23397.66,14771.25,7365.93,1811.94
,,,,,,,5625,4135.95,3939,3229.98,10832.25,14259.18,23397.66,14771.25,7365.93,1811.94
,,,,,,,5626,4135.95,3939,3229.98,10832.25,14259.18,23397.66,14771.25,7365.93,1811.94
,,,,,,,5627,4135.95,3939,3229.98,10832.25,14259.18,23397.66,14771.25,7365.93,1811.94
,,,,,,,5628,4135.95,3939,3229.98,10832.25,14259.18,23397.66,14771.25,7365.93,1811.94
,,,,,,,5629,4135.95,3939,3229.98,10832.25,14259.18,23397.66,14771.25,7365.93,1811.94
,,,,,,,5630,4135.95,3939,3229.98,10832.25,14259.18,23397.66,14771.25,7365.93,1811.94
,,,,,,,5631,4135.95,3939,3229.98,10832.25,14259.18,23397.66,14771.25,7365.93,1811.94
,,,,,,,5632,4135.95,3939,3229.98,10832.25,14259.18,23397.66,14771.25,7365.93,1811.94
,,,,,,,5633,4135.95,3939,3229.98,10832.25,14259.18,23397.66,14771.25,7365.93,1811.94
,,,,,,,5634,4135.95,3939,3229.98,10832.25,14259.18,23397.66,14771.25,7365.93,1811.94
,,,,,,,5635,4135.95,3939,3229.98,10832.25,14259.18,23397.66,14771.25,7365.93,1811.94
,,,,,,,5636,4135.95,3939,3229.98,10832.25,14259.18,23397.66,14771.25,7365.93,1811.94
,,,,,,,5637,4135.95,3939,3229.98,10832.25,14259.18,23397.66,14771.25,7365.93,1811.94
,,,,,,,5638,4135.95,3939,3229.98,10832.25,14259.18,23397.66,14771.25,7365.93,1811.94
,,,,,,,5639,4135.95,3939,3229.98,10832.25,14259.18,23397.66,14771.25,7365.93,1811.94
,,,,,,,5640,4135.95,3939,3229.98,10832.25,14259.18,23397.66,14771.25,7365.93,1811.94
,,,,,,,5641,4135.95,3939,3229.98,10832.25,14259.18,23397.66,14771.25,7365.93,1811.94
,,,,,,,5642,4135.95,3939,3229.98,10832.25,14259.18,23397.66,14771.25,7365.93,1811.94
,,,,,,,5643,4135.95,3939,3229.98,10832.25,14259.18,23397.66,14771.25,7365.93,1811.94
,,,,,,,5644,4135.95,3939,3229.98,10832.25,14259.18,23397.66,14771.25,7365.93,1811.94
,,,,,,,5645,4135.95,3939,3229.98,10832.25,14259.18,23397.66,14771.25,7365.93,1811.94
,,,,,,,5646,4135.95,3939,3229.98,10832.25,14259.18,23397.66,14771.25,7365.93,1811.94
,,,,,,,5647,4135.95,3939,3229.98,10832.25,14259.18,23397.66,14771.25,7365.93,1811.94
,,,,,,,5648,4135.95,3939,3229.98,10832.25,14259.18,23397.66,14771.25,7365.93,1811.94
,,,,,,,5649,4135.95,3939,3229.98,10832.25,14259.18,23397.66,14771.25,7365.93,1811.94
,,,,,,,5650,4135.95,3939,3229.98,10832.25,14259.18,23397.66,14771.25,7365.93,1811.94
,,,,,,,5651,4135.95,3939,3229.98,10832.25,14259.18,23397.66,14771.25,7365.93,1811.94
,,,,,,,5652,4135.95,3939,3229.98,10832.25,14259.18,23397.66,14771.25,7365.93,1811.94
,,,,,,,5653,4135.95,3939,3229.98,10832.25,14259.18,23397.66,14771.25,7365.93,1811.94
,,,,,,,5654,4135.95,3939,3229.98,10832.25,14259.18,23397.66,14771.25,7365.93,1811.94
,,,,,,,5655,4135.95,3939,3229.98,10832.25,14259.18,23397.66,14771.25,7365.93,1811.94
,,,,,,,5656,4135.95,3939,3229.98,10832.25,14259.18,23397.66,14771.25,7365.93,1811.94
,,,,,,,5657,4135.95,3939,3229.98,10832.25,14259.18,23397.66,14771.25,7365.93,1811.94
,,,,,,,5658,4135.95,3939,3229.98,10832.25,14259.18,23397.66,14771.25,7365.93,1811.94
,,,,,,,5659,4135.95,3939,3229.98,10832.25,14259.18,23397.66,14771.25,7365.93,1811.94
,,,,,,,5660,4135.95,3939,3229.98,10832.25,14259.18,23397.66,14771.25,7365.93,1811.94
,,,,,,,5661,4135.95,3939,3229.98,10832.25,14259.18,23397.66,14771.25,7365.93,1811.94
,,,,,,,5662,4135.95,3939,3229.98,10832.25,14259.18,23397.66,14771.25,7365.93,1811.94
,,,,,,,5663,4135.95,3939,3229.98,10832.25,14259.18,23397.66,14771.25,7365.93,1811.94
,,,,,,,5664,4135.95,3939,3229.98,10832.25,14259.18,23397.66,14771.25,7365.93,1811.94
,,,,,,,5665,4135.95,3939,3229.98,10832.25,14259.18,23397.66,14771.25,7365.93,1811.94
,,,,,,,5666,4135.95,3939,3229.98,10832.25,14259.18,23397.66,14771.25,7365.93,1811.94
,,,,,,,5667,4135.95,3939,3229.98,10832.25,14259.18,23397.66,14771.25,7365.93,1811.94
,,,,,,,5668,4135.95,3939,3229.98,10832.25,14259.18,23397.66,14771.25,7365.93,1811.94
,,,,,,,5669,4135.95,3939,3229.98,10832.25,14259.18,23397.66,14771.25,7365.93,1811.94
,,,,,,,5670,4135.95,3939,3229.98,10832.25,14259.18,23397.66,14771.25,7365.93,1811.94
,,,,,,,5671,4135.95,3939,3229.98,10832.25,14259.18,23397.66,14771.25,7365.93,1811.94
,,,,,,,5672,4135.95,3939,3229.98,10832.25,14259.18,23397.66,14771.25,7365.93,1811.94
,,,,,,,5673,4135.95,3939,3229.98,10832.25,14259.18,23397.66,14771.25,7365.93,1811.94
,,,,,,,5674,4135.95,3939,3229.98,10832.25,14259.18,23397.66,14771.25,7365.93,1811.94
,,,,,,,5675,4135.95,3939,3229.98,10832.25,14259.18,23397.66,14771.25,7365.93,1811.94
,,,,,,,5676,4135.95,3939,3229.98,10832.25,14259.18,23397.66,14771.25,7365.93,1811.94
,,,,,,,5677,4135.95,3939,3229.98,10832.25,14259.18,23397.66,14771.25,7365.93,1811.94
,,,,,,,5678,4135.95,3939,3229.98,10832.25,14259.18,23397.66,14771.25,7365.93,1811.94
,,,,,,,5679,4135.95,3939,3229.98,10832.25,14259.18,23397.66,14771.25,7365.93,1811.94
,,,,,,,5680,4135.95,3939,3229.98,10832.25,14259.18,23397.66,14771.25,7365.93,1811.94
,,,,,,,5681,4135.95,3939,3229.98,10832.25,14259.18,23397.66,14771.25,7365.93,1811.94
,,,,,,,5682,4135.95,3939,3229.98,10832.25,14259.18,23397.66,14771.25,7365.93,1811.94
,,,,,,,5683,4135.95,3939,3229.98,10832.25,14259.18,23397.66,14771.25,7365.93,1811.94
,,,,,,,5684,4135.95,3939,3229.98,10832.25,14259.18,23397.66,14771.25,7365.93,1811.94
,,,,,,,5685,4135.95,3939,3229.98,10832.25,14259.18,23397.66,14771.25,7365.93,1811.94
,,,,,,,5686,4135.95,3939,3229.98,10832.25,14259.18,23397.66,14771.25,7365.93,1811.94
,,,,,,,5687,4135.95,3939,3229.98,10832.25,14259.18,23397.66,14771.25,7365.93,1811.94
,,,,,,,5688,4135.95,3939,3229.98,10832.25,14259.18,23397.66,14771.25,7365.93,1811.94
,,,,,,,5689,4135.95,3939,3229.98,10832.25,14259.18,23397.66,14771.25,7365.93,1811.94
,,,,,,,5690,4135.95,3939,3229.98,10832.25,14259.18,23397.66,14771.25,7365.93,1811.94
,,,,,,,5691,4135.95,3939,3229.98,10832.25,14259.18,23397.66,14771.25,7365.93,1811.94
,,,,,,,5692,4135.95,3939,3229.98,10832.25,14259.18,23397.66,14771.25,7365.93,1811.94
,,,,,,,5693,4135.95,3939,3229.98,10832.25,14259.18,23397.66,14771.25,7365.93,1811.94
,,,,,,,5694,4135.95,3939,3229.98,10832.25,14259.18,23397.66,14771.25,7365.93,1811.94
,,,,,,,5695,4135.95,3939,3229.98,10832.25,14259.18,23397.66,14771.25,7365.93,1811.94
,,,,,,,5696,4135.95,3939,3229.98,10832.25,14259.18,23397.66,14771.25,7365.93,1811.94
,,,,,,,5697,4135.95,3939,3229.98,10832.25,14259.18,23397.66,14771.25,7365.93,1811.94
,,,,,,,5698,4135.95,3939,3229.98,10832.25,14259.18,23397.66,14771.25,7365.93,1811.94
,,,,,,,5699,4135.95,3939,3229.98,10832.25,14259.18,23397.66,14771.25,7365.93,1811.94
,,,,,,,5700,4135.95,3939,3229.98,10832.25,14259.18,23397.66,14771.25,7365.93,1811.94
,,,,,,,5701,4135.95,3939,3229.98,10832.25,14259.18,23397.66,14771.25,7365.93,1811.94
,,,,,,,5702,4135.95,3939,3229.98,10832.25,14259.18,23397.66,14771.25,7365.93,1811.94
,,,,,,,5703,4135.95,3939,3229.98,10832.25,14259.18,23397.66,14771.25,7365.93,1811.94
,,,,,,,5704,4135.95,3939,3229.98,10832.25,14259.18,23397.66,14771.25,7365.93,1811.94
,,,,,,,5705,4135.95,3939,3229.98,10832.25,14259.18,23397.66,14771.25,7365.93,1811.94
,,,,,,,5706,4135.95,3939,3229.98,10832.25,14259.18,23397.66,14771.25,7365.93,1811.94
,,,,,,,5707,4135.95,3939,3229.98,10832.25,14259.18,23397.66,14771.25,7365.93,1811.94
,,,,,,,5708,4135.95,3939,3229.98,10832.25,14259.18,23397.66,14771.25,7365.93,1811.94
,,,,,,,5709,4135.95,3939,3229.98,10832.25,14259.18,23397.66,14771.25,7365.93,1811.94
,,,,,,,5710,4135.95,3939,3229.98,10832.25,14259.18,23397.66,14771.25,7365.93,1811.94
,,,,,,,5711,4135.95,3939,3229.98,10832.25,14259.18,23397.66,14771.25,7365.93,1811.94
,,,,,,,5712,4135.95,3939,3229.98,10832.25,14259.18,23397.66,14771.25,7365.93,1811.94
,,,,,,,5713,4135.95,3939,3229.98,10832.25,14259.18,23397.66,14771.25,7365.93,1811.94
,,,,,,,5714,4135.95,3939,3229.98,10832.25,14259.18,23397.66,14771.25,7365.93,1811.94
,,,,,,,5715,4135.95,3939,3229.98,10832.25,14259.18,23397.66,14771.25,7365.93,1811.94
,,,,,,,5716,4135.95,3939,3229.98,10832.25,14259.18,23397.66,14771.25,7365.93,1811.94
,,,,,,,5717,4135.95,3939,3229.98,10832.25,14259.18,23397.66,14771.25,7365.93,1811.94
,,,,,,,5718,4135.95,3939,3229.98,10832.25,14259.18,23397.66,14771.25,7365.93,1811.94
,,,,,,,5719,4135.95,3939,3229.98,10832.25,14259.18,23397.66,14771.25,7365.93,1811.94
,,,,,,,5720,4135.95,3939,3229.98,10832.25,14259.18,23397.66,14771.25,7365.93,1811.94
,,,,,,,5721,4135.95,3939,3229.98,10832.25,14259.18,23397.66,14771.25,7365.93,1811.94
,,,,,,,5722,4135.95,3939,3229.98,10832.25,14259.18,23397.66,14771.25,7365.93,1811.94
,,,,,,,5723,4135.95,3939,3229.98,10832.25,14259.18,23397.66,14771.25,7365.93,1811.94
,,,,,,,5724,4135.95,3939,3229.98,10832.25,14259.18,23397.66,14771.25,7365.93,1811.94
,,,,,,,5725,4135.95,3939,3229.98,10832.25,14259.18,23397.66,14771.25,7365.93,1811.94
,,,,,,,5726,4135.95,3939,3229.98,10832.25,14259.18,23397.66,14771.25,7365.93,1811.94
,,,,,,,5727,4135.95,3939,3229.98,10832.25,14259.18,23397.66,14771.25,7365.93,1811.94
,,,,,,,5728,4135.95,3939,3229.98,10832.25,14259.18,23397.66,14771.25,7365.93,1811.94
,,,,,,,5729,4135.95,3939,3229.98,10832.25,14259.18,23397.66,14771.25,7365.93,1811.94
,,,,,,,5730,4135.95,3939,3229.98,10832.25,14259.18,23397.66,14771.25,7365.93,1811.94
,,,,,,,5731,4135.95,3939,3229.98,10832.25,14259.18,23397.66,14771.25,7365.93,1811.94
,,,,,,,5732,4135.95,3939,3229.98,10832.25,14259.18,23397.66,14771.25,7365.93,1811.94
,,,,,,,5733,4135.95,3939,3229.98,10832.25,14259.18,23397.66,14771.25,7365.93,1811.94
,,,,,,,5734,4135.95,3939,3229.98,10832.25,14259.18,23397.66,14771.25,7365.93,1811.94
,,,,,,,5735,4135.95,3939,3229.98,10832.25,14259.18,23397.66,14771.25,7365.93,1811.94
,,,,,,,5736,4135.95,3939,3229.98,10832.25,14259.18,23397.66,14771.25,7365.93,1811.94
,,,,,,,5737,4135.95,3939,3229.98,10832.25,14259.18,23397.66,14771.25,7365.93,1811.94
,,,,,,,5738,4135.95,3939,3229.98,10832.25,14259.18,23397.66,14771.25,7365.93,1811.94
,,,,,,,5739,4135.95,3939,3229.98,10832.25,14259.18,23397.66,14771.25,7365.93,1811.94
,,,,,,,5740,4135.95,3939,3229.98,10832.25,14259.18,23397.66,14771.25,7365.93,1811.94
,,,,,,,5741,4135.95,3939,3229.98,10832.25,14259.18,23397.66,14771.25,7365.93,1811.94
,,,,,,,5742,4135.95,3939,3229.98,10832.25,14259.18,23397.66,14771.25,7365.93,1811.94
,,,,,,,5743,4135.95,3939,3229.98,10832.25,14259.18,23397.66,14771.25,7365.93,1811.94
,,,,,,,5744,4135.95,3939,3229.98,10832.25,14259.18,23397.66,14771.25,7365.93,1811.94
,,,,,,,5745,4135.95,3939,3229.98,10832.25,14259.18,23397.66,14771.25,7365.93,1811.94
,,,,,,,5746,4135.95,3939,3229.98,10832.25,14259.18,23397.66,14771.25,7365.93,1811.94
,,,,,,,5747,4135.95,3939,3229.98,10832.25,14259.18,23397.66,14771.25,7365.93,1811.94
,,,,,,,5748,4135.95,3939,3229.98,10832.25,14259.18,23397.66,14771.25,7365.93,1811.94
,,,,,,,5749,4135.95,3939,3229.98,10832.25,14259.18,23397.66,14771.25,7365.93,1811.94
,,,,,,,5750,4135.95,3939,3229.98,10832.25,14259.18,23397.66,14771.25,7365.93,1811.94
,,,,,,,5751,4135.95,3939,3229.98,10832.25,14259.18,23397.66,14771.25,7365.93,1811.94
,,,,,,,5752,4135.95,3939,3229.98,10832.25,14259.18,23397.66,14771.25,7365.93,1811.94
,,,,,,,5753,4135.95,3939,3229.98,10832.25,14259.18,23397.66,14771.25,7365.93,1811.94
,,,,,,,5754,4135.95,3939,3229.98,10832.25,14259.18,23397.66,14771.25,7365.93,1811.94
,,,,,,,5755,4135.95,3939,3229.98,10832.25,14259.18,23397.66,14771.25,7365.93,1811.94
,,,,,,,5756,4135.95,3939,3229.98,10832.25,14259.18,23397.66,14771.25,7365.93,1811.94
,,,,,,,5757,4135.95,3939,3229.98,10832.25,14259.18,23397.66,14771.25,7365.93,1811.94
,,,,,,,5758,4135.95,3939,3229.98,10832.25,14259.18,23397.66,14771.25,7365.93,1811.94
,,,,,,,5759,4135.95,3939,3229.98,10832.25,14259.18,23397.66,14771.25,7365.93,1811.94
,,,,,,,5760,4135.95,3939,3229.98,10832.25,14259.18,23397.66,14771.25,7365.93,1811.94
,,,,,,,5761,4135.95,3939,3229.98,10832.25,14259.18,23397.66,14771.25,7365.93,1811.94
,,,,,,,5762,4135.95,3939,3229.98,10832.25,14259.18,23397.66,14771.25,7365.93,1811.94
,,,,,,,5763,4135.95,3939,3229.98,10832.25,14259.18,23397.66,14771.25,7365.93,1811.94
,,,,,,,5764,4135.95,3939,3229.98,10832.25,14259.18,23397.66,14771.25,7365.93,1811.94
,,,,,,,5765,4135.95,3939,3229.98,10832.25,14259.18,23397.66,14771.25,7365.93,1811.94
,,,,,,,5766,4135.95,3939,3229.98,10832.25,14259.18,23397.66,14771.25,7365.93,1811.94
,,,,,,,5767,4135.95,3939,3229.98,10832.25,14259.18,23397.66,14771.25,7365.93,1811.94
,,,,,,,5768,4135.95,3939,3229.98,10832.25,14259.18,23397.66,14771.25,7365.93,1811.94
,,,,,,,5769,4135.95,3939,3229.98,10832.25,14259.18,23397.66,14771.25,7365.93,1811.94
,,,,,,,5770,4135.95,3939,3229.98,10832.25,14259.18,23397.66,14771.25,7365.93,1811.94
,,,,,,,5771,4135.95,3939,3229.98,10832.25,14259.18,23397.66,14771.25,7365.93,1811.94
,,,,,,,5772,4135.95,3939,3229.98,10832.25,14259.18,23397.66,14771.25,7365.93,1811.94
,,,,,,,5773,4135.95,3939,3229.98,10832.25,14259.18,23397.66,14771.25,7365.93,1811.94
,,,,,,,5774,4135.95,3939,3229.98,10832.25,14259.18,23397.66,14771.25,7365.93,1811.94
,,,,,,,5775,4135.95,3939,3229.98,10832.25,14259.18,23397.66,14771.25,7365.93,1811.94
,,,,,,,5776,4135.95,3939,3229.98,10832.25,14259.18,23397.66,14771.25,7365.93,1811.94
,,,,,,,5777,4135.95,3939,3229.98,10832.25,14259.18,23397.66,14771.25,7365.93,1811.94
,,,,,,,5778,4135.95,3939,3229.98,10832.25,14259.18,23397.66,14771.25,7365.93,1811.94
,,,,,,,5779,4135.95,3939,3229.98,10832.25,14259.18,23397.66,14771.25,7365.93,1811.94
,,,,,,,5780,4135.95,3939,3229.98,10832.25,14259.18,23397.66,14771.25,7365.93,1811.94
,,,,,,,5781,4135.95,3939,3229.98,10832.25,14259.18,23397.66,14771.25,7365.93,1811.94
,,,,,,,5782,4135.95,3939,3229.98,10832.25,14259.18,23397.66,14771.25,7365.93,1811.94
,,,,,,,5783,4135.95,3939,3229.98,10832.25,14259.18,23397.66,14771.25,7365.93,1811.94
,,,,,,,5784,4135.95,3939,3229.98,10832.25,14259.18,23397.66,14771.25,7365.93,1811.94
,,,,,,,5785,4135.95,3939,3229.98,10832.25,14259.18,23397.66,14771.25,7365.93,1811.94
,,,,,,,5786,4135.95,3939,3229.98,10832.25,14259.18,23397.66,14771.25,7365.93,1811.94
,,,,,,,5787,4135.95,3939,3229.98,10832.25,14259.18,23397.66,14771.25,7365.93,1811.94
,,,,,,,5788,4135.95,3939,3229.98,10832.25,14259.18,23397.66,14771.25,7365.93,1811.94
,,,,,,,5789,4135.95,3939,3229.98,10832.25,14259.18,23397.66,14771.25,7365.93,1811.94
,,,,,,,5790,4135.95,3939,3229.98,10832.25,14259.18,23397.66,14771.25,7365.93,1811.94
,,,,,,,5791,4135.95,3939,3229.98,10832.25,14259.18,23397.66,14771.25,7365.93,1811.94
,,,,,,,5792,4135.95,3939,3229.98,10832.25,14259.18,23397.66,14771.25,7365.93,1811.94
,,,,,,,5793,4135.95,3939,3229.98,10832.25,14259.18,23397.66,14771.25,7365.93,1811.94
,,,,,,,5794,4135.95,3939,3229.98,10832.25,14259.18,23397.66,14771.25,7365.93,1811.94
,,,,,,,5795,4135.95,3939,3229.98,10832.25,14259.18,23397.66,14771.25,7365.93,1811.94
,,,,,,,5796,4135.95,3939,3229.98,10832.25,14259.18,23397.66,14771.25,7365.93,1811.94
,,,,,,,5797,4135.95,3939,3229.98,10832.25,14259.18,23397.66,14771.25,7365.93,1811.94
,,,,,,,5798,4135.95,3939,3229.98,10832.25,14259.18,23397.66,14771.25,7365.93,1811.94
,,,,,,,5799,4135.95,3939,3229.98,10832.25,14259.18,23397.66,14771.25,7365.93,1811.94
,,,,,,,5800,4135.95,3939,3229.98,10832.25,14259.18,23397.66,14771.25,7365.93,1811.94
,,,,,,,5801,4135.95,3939,3229.98,10832.25,14259.18,23397.66,14771.25,7365.93,1811.94
,,,,,,,5802,4135.95,3939,3229.98,10832.25,14259.18,23397.66,14771.25,7365.93,1811.94
,,,,,,,5803,4135.95,3939,3229.98,10832.25,14259.18,23397.66,14771.25,7365.93,1811.94
,,,,,,,5804,4135.95,3939,3229.98,10832.25,14259.18,23397.66,14771.25,7365.93,1811.94
,,,,,,,5805,4135.95,3939,3229.98,10832.25,14259.18,23397.66,14771.25,7365.93,1811.94
,,,,,,,5806,4135.95,3939,3229.98,10832.25,14259.18,23397.66,14771.25,7365.93,1811.94
,,,,,,,5807,4135.95,3939,3229.98,10832.25,14259.18,23397.66,14771.25,7365.93,1811.94
,,,,,,,5808,4135.95,3939,3229.98,10832.25,14259.18,23397.66,14771.25,7365.93,1811.94
,,,,,,,5809,4135.95,3939,3229.98,10832.25,14259.18,23397.66,14771.25,7365.93,1811.94
,,,,,,,5810,4135.95,3939,3229.98,10832.25,14259.18,23397.66,14771.25,7365.93,1811.94
,,,,,,,5811,4135.95,3939,3229.98,10832.25,14259.18,23397.66,14771.25,7365.93,1811.94
,,,,,,,5812,4135.95,3939,3229.98,10832.25,14259.18,23397.66,14771.25,7365.93,1811.94
,,,,,,,5813,4135.95,3939,3229.98,10832.25,14259.18,23397.66,14771.25,7365.93,1811.94
,,,,,,,5814,4135.95,3939,3229.98,10832.25,14259.18,23397.66,14771.25,7365.93,1811.94
,,,,,,,5815,4135.95,3939,3229.98,10832.25,14259.18,23397.66,14771.25,7365.93,1811.94
,,,,,,,5816,4135.95,3939,3229.98,10832.25,14259.18,23397.66,14771.25,7365.93,1811.94
,,,,,,,5817,4135.95,3939,3229.98,10832.25,14259.18,23397.66,14771.25,7365.93,1811.94
,,,,,,,5818,4135.95,3939,3229.98,10832.25,14259.18,23397.66,14771.25,7365.93,1811.94
,,,,,,,5819,4135.95,3939,3229.98,10832.25,14259.18,23397.66,14771.25,7365.93,1811.94
,,,,,,,5820,4135.95,3939,3229.98,10832.25,14259.18,23397.66,14771.25,7365.93,1811.94
,,,,,,,5821,4135.95,3939,3229.98,10832.25,14259.18,23397.66,14771.25,7365.93,1811.94
,,,,,,,5822,4135.95,3939,3229.98,10832.25,14259.18,23397.66,14771.25,7365.93,1811.94
,,,,,,,5823,4135.95,3939,3229.98,10832.25,14259.18,23397.66,14771.25,7365.93,1811.94
,,,,,,,5824,4135.95,3939,3229.98,10832.25,14259.18,23397.66,14771.25,7365.93,1811.94
,,,,,,,5825,4135.95,3939,3229.98,10832.25,14259.18,23397.66,14771.25,7365.93,1811.94
,,,,,,,5826,4135.95,3939,3229.98,10832.25,14259.18,23397.66,14771.25,7365.93,1811.94
,,,,,,,5827,4135.95,3939,3229.98,10832.25,14259.18,23397.66,14771.25,7365.93,1811.94
,,,,,,,5828,4135.95,3939,3229.98,10832.25,14259.18,23397.66,14771.25,7365.93,1811.94
,,,,,,,5829,4135.95,3939,3229.98,10832.25,14259.18,23397.66,14771.25,7365.93,1811.94
,,,,,,,5830,4135.95,3939,3229.98,10832.25,14259.18,23397.66,14771.25,7365.93,1811.94
,,,,,,,5831,4135.95,3939,3229.98,10832.25,14259.18,23397.66,14771.25,7365.93,1811.94
,,,,,,,5832,4135.95,3939,3229.98,10832.25,14259.18,23397.66,14771.25,7365.93,1811.94
,,,,,,,5833,4135.95,3939,3229.98,10832.25,14259.18,23397.66,14771.25,7365.93,1811.94
,,,,,,,5834,4135.95,3939,3229.98,10832.25,14259.18,23397.66,14771.25,7365.93,1811.94
,,,,,,,5835,4135.95,3939,3229.98,10832.25,14259.18,23397.66,14771.25,7365.93,1811.94
,,,,,,,5836,4135.95,3939,3229.98,10832.25,14259.18,23397.66,14771.25,7365.93,1811.94
,,,,,,,5837,4135.95,3939,3229.98,10832.25,14259.18,23397.66,14771.25,7365.93,1811.94
,,,,,,,5838,4135.95,3939,3229.98,10832.25,14259.18,23397.66,14771.25,7365.93,1811.94
,,,,,,,5839,4135.95,3939,3229.98,10832.25,14259.18,23397.66,14771.25,7365.93,1811.94
,,,,,,,5840,4135.95,3939,3229.98,10832.25,14259.18,23397.66,14771.25,7365.93,1811.94
,,,,,,,5841,4135.95,3939,3229.98,10832.25,14259.18,23397.66,14771.25,7365.93,1811.94
,,,,,,,5842,4135.95,3939,3229.98,10832.25,14259.18,23397.66,14771.25,7365.93,1811.94
,,,,,,,5843,4135.95,3939,3229.98,10832.25,14259.18,23397.66,14771.25,7365.93,1811.94
,,,,,,,5844,4135.95,3939,3229.98,10832.25,14259.18,23397.66,14771.25,7365.93,1811.94
,,,,,,,5845,4135.95,3939,3229.98,10832.25,14259.18,23397.66,14771.25,7365.93,1811.94
,,,,,,,5846,4135.95,3939,3229.98,10832.25,14259.18,23397.66,14771.25,7365.93,1811.94
,,,,,,,5847,4135.95,3939,3229.98,10832.25,14259.18,23397.66,14771.25,7365.93,1811.94
,,,,,,,5848,4135.95,3939,3229.98,10832.25,14259.18,23397.66,14771.25,7365.93,1811.94
,,,,,,,5849,4135.95,3939,3229.98,10832.25,14259.18,23397.66,14771.25,7365.93,1811.94
,,,,,,,5850,4135.95,3939,3229.98,10832.25,14259.18,23397.66,14771.25,7365.93,1811.94
,,,,,,,5851,4135.95,3939,3229.98,10832.25,14259.18,23397.66,14771.25,7365.93,1811.94
,,,,,,,5852,4135.95,3939,3229.98,10832.25,14259.18,23397.66,14771.25,7365.93,1811.94
,,,,,,,5853,4135.95,3939,3229.98,10832.25,14259.18,23397.66,14771.25,7365.93,1811.94
,,,,,,,5854,4135.95,3939,3229.98,10832.25,14259.18,23397.66,14771.25,7365.93,1811.94
,,,,,,,5855,4135.95,3939,3229.98,10832.25,14259.18,23397.66,14771.25,7365.93,1811.94
,,,,,,,5856,4135.95,3939,3229.98,10832.25,14259.18,23397.66,14771.25,7365.93,1811.94
,,,,,,,5857,4135.95,3939,3229.98,10832.25,14259.18,23397.66,14771.25,7365.93,1811.94
,,,,,,,5858,4135.95,3939,3229.98,10832.25,14259.18,23397.66,14771.25,7365.93,1811.94
,,,,,,,5859,4135.95,3939,3229.98,10832.25,14259.18,23397.66,14771.25,7365.93,1811.94
,,,,,,,5860,4135.95,3939,3229.98,10832.25,14259.18,23397.66,14771.25,7365.93,1811.94
,,,,,,,5861,4135.95,3939,3229.98,10832.25,14259.18,23397.66,14771.25,7365.93,1811.94
,,,,,,,5862,4135.95,3939,3229.98,10832.25,14259.18,23397.66,14771.25,7365.93,1811.94
,,,,,,,5863,4135.95,3939,3229.98,10832.25,14259.18,23397.66,14771.25,7365.93,1811.94
,,,,,,,5864,4135.95,3939,3229.98,10832.25,14259.18,23397.66,14771.25,7365.93,1811.94
,,,,,,,5865,4135.95,3939,3229.98,10832.25,14259.18,23397.66,14771.25,7365.93,1811.94
,,,,,,,5866,4135.95,3939,3229.98,10832.25,14259.18,23397.66,14771.25,7365.93,1811.94
,,,,,,,5867,4135.95,3939,3229.98,10832.25,14259.18,23397.66,14771.25,7365.93,1811.94
,,,,,,,5868,4135.95,3939,3229.98,10832.25,14259.18,23397.66,14771.25,7365.93,1811.94
,,,,,,,5869,4135.95,3939,3229.98,10832.25,14259.18,23397.66,14771.25,7365.93,1811.94
,,,,,,,5870,4135.95,3939,3229.98,10832.25,14259.18,23397.66,14771.25,7365.93,1811.94
,,,,,,,5871,4135.95,3939,3229.98,10832.25,14259.18,23397.66,14771.25,7365.93,1811.94
,,,,,,,5872,4135.95,3939,3229.98,10832.25,14259.18,23397.66,14771.25,7365.93,1811.94
,,,,,,,5873,4135.95,3939,3229.98,10832.25,14259.18,23397.66,14771.25,7365.93,1811.94
,,,,,,,5874,4135.95,3939,3229.98,10832.25,14259.18,23397.66,14771.25,7365.93,1811.94
,,,,,,,5875,4135.95,3939,3229.98,10832.25,14259.18,23397.66,14771.25,7365.93,1811.94
,,,,,,,5876,4135.95,3939,3229.98,10832.25,14259.18,23397.66,14771.25,7365.93,1811.94
,,,,,,,5877,4135.95,3939,3229.98,10832.25,14259.18,23397.66,14771.25,7365.93,1811.94
,,,,,,,5878,4135.95,3939,3229.98,10832.25,14259.18,23397.66,14771.25,7365.93,1811.94
,,,,,,,5879,4135.95,3939,3229.98,10832.25,14259.18,23397.66,14771.25,7365.93,1811.94
,,,,,,,5880,4135.95,3939,3229.98,10832.25,14259.18,23397.66,14771.25,7365.93,1811.94
,,,,,,,5881,4135.95,3939,3229.98,10832.25,14259.18,23397.66,14771.25,7365.93,1811.94
,,,,,,,5882,4135.95,3939,3229.98,10832.25,14259.18,23397.66,14771.25,7365.93,1811.94
,,,,,,,5883,4135.95,3939,3229.98,10832.25,14259.18,23397.66,14771.25,7365.93,1811.94
,,,,,,,5884,4135.95,3939,3229.98,10832.25,14259.18,23397.66,14771.25,7365.93,1811.94
,,,,,,,5885,4135.95,3939,3229.98,10832.25,14259.18,23397.66,14771.25,7365.93,1811.94
,,,,,,,5886,4135.95,3939,3229.98,10832.25,14259.18,23397.66,14771.25,7365.93,1811.94
,,,,,,,5887,4135.95,3939,3229.98,10832.25,14259.18,23397.66,14771.25,7365.93,1811.94
,,,,,,,5888,4135.95,3939,3229.98,10832.25,14259.18,23397.66,14771.25,7365.93,1811.94
,,,,,,,5889,4135.95,3939,3229.98,10832.25,14259.18,23397.66,14771.25,7365.93,1811.94
,,,,,,,5890,4135.95,3939,3229.98,10832.25,14259.18,23397.66,14771.25,7365.93,1811.94
,,,,,,,5891,4135.95,3939,3229.98,10832.25,14259.18,23397.66,14771.25,7365.93,1811.94
,,,,,,,5892,4135.95,3939,3229.98,10832.25,14259.18,23397.66,14771.25,7365.93,1811.94
,,,,,,,5893,4135.95,3939,3229.98,10832.25,14259.18,23397.66,14771.25,7365.93,1811.94
,,,,,,,5894,4135.95,3939,3229.98,10832.25,14259.18,23397.66,14771.25,7365.93,1811.94
,,,,,,,5895,4135.95,3939,3229.98,10832.25,14259.18,23397.66,14771.25,7365.93,1811.94
,,,,,,,5896,4135.95,3939,3229.98,10832.25,14259.18,23397.66,14771.25,7365.93,1811.94
,,,,,,,5897,4135.95,3939,3229.98,10832.25,14259.18,23397.66,14771.25,7365.93,1811.94
,,,,,,,5898,4135.95,3939,3229.98,10832.25,14259.18,23397.66,14771.25,7365.93,1811.94
,,,,,,,5899,4135.95,3939,3229.98,10832.25,14259.18,23397.66,14771.25,7365.93,1811.94
,,,,,,,5900,4135.95,3939,3229.98,10832.25,14259.18,23397.66,14771.25,7365.93,1811.94
,,,,,,,5901,4135.95,3939,3229.98,10832.25,14259.18,23397.66,14771.25,7365.93,1811.94
,,,,,,,5902,4135.95,3939,3229.98,10832.25,14259.18,23397.66,14771.25,7365.93,1811.94
,,,,,,,5903,4135.95,3939,3229.98,10832.25,14259.18,23397.66,14771.25,7365.93,1811.94
,,,,,,,5904,4135.95,3939,3229.98,10832.25,14259.18,23397.66,14771.25,7365.93,1811.94
,,,,,,,5905,4135.95,3939,3229.98,10832.25,14259.18,23397.66,14771.25,7365.93,1811.94
,,,,,,,5906,4135.95,3939,3229.98,10832.25,14259.18,23397.66,14771.25,7365.93,1811.94
,,,,,,,5907,4135.95,3939,3229.98,10832.25,14259.18,23397.66,14771.25,7365.93,1811.94
,,,,,,,5908,4135.95,3939,3229.98,10832.25,14259.18,23397.66,14771.25,7365.93,1811.94
,,,,,,,5909,4135.95,3939,3229.98,10832.25,14259.18,23397.66,14771.25,7365.93,1811.94
,,,,,,,5910,4135.95,3939,3229.98,10832.25,14259.18,23397.66,14771.25,7365.93,1811.94
,,,,,,,5911,4135.95,3939,3229.98,10832.25,14259.18,23397.66,14771.25,7365.93,1811.94
,,,,,,,5912,4135.95,3939,3229.98,10832.25,14259.18,23397.66,14771.25,7365.93,1811.94
,,,,,,,5913,4135.95,3939,3229.98,10832.25,14259.18,23397.66,14771.25,7365.93,1811.94
,,,,,,,5914,4135.95,3939,3229.98,10832.25,14259.18,23397.66,14771.25,7365.93,1811.94
,,,,,,,5915,4135.95,3939,3229.98,10832.25,14259.18,23397.66,14771.25,7365.93,1811.94
,,,,,,,5916,4135.95,3939,3229.98,10832.25,14259.18,23397.66,14771.25,7365.93,1811.94
,,,,,,,5917,4135.95,3939,3229.98,10832.25,14259.18,23397.66,14771.25,7365.93,1811.94
,,,,,,,5918,4135.95,3939,3229.98,10832.25,14259.18,23397.66,14771.25,7365.93,1811.94
,,,,,,,5919,4135.95,3939,3229.98,10832.25,14259.18,23397.66,14771.25,7365.93,1811.94
,,,,,,,5920,4135.95,3939,3229.98,10832.25,14259.18,23397.66,14771.25,7365.93,1811.94
,,,,,,,5921,4135.95,3939,3229.98,10832.25,14259.18,23397.66,14771.25,7365.93,1811.94
,,,,,,,5922,4135.95,3939,3229.98,10832.25,14259.18,23397.66,14771.25,7365.93,1811.94
,,,,,,,5923,4135.95,3939,3229.98,10832.25,14259.18,23397.66,14771.25,7365.93,1811.94
,,,,,,,5924,4135.95,3939,3229.98,10832.25,14259.18,23397.66,14771.25,7365.93,1811.94
,,,,,,,5925,4135.95,3939,3229.98,10832.25,14259.18,23397.66,14771.25,7365.93,1811.94
,,,,,,,5926,4135.95,3939,3229.98,10832.25,14259.18,23397.66,14771.25,7365.93,1811.94
,,,,,,,5927,4135.95,3939,3229.98,10832.25,14259.18,23397.66,14771.25,7365.93,1811.94
,,,,,,,5928,4135.95,3939,3229.98,10832.25,14259.18,23397.66,14771.25,7365.93,1811.94
,,,,,,,5929,4135.95,3939,3229.98,10832.25,14259.18,23397.66,14771.25,7365.93,1811.94
,,,,,,,5930,4135.95,3939,3229.98,10832.25,14259.18,23397.66,14771.25,7365.93,1811.94
,,,,,,,5931,4135.95,3939,3229.98,10832.25,14259.18,23397.66,14771.25,7365.93,1811.94
,,,,,,,5932,4135.95,3939,3229.98,10832.25,14259.18,23397.66,14771.25,7365.93,1811.94
,,,,,,,5933,4135.95,3939,3229.98,10832.25,14259.18,23397.66,14771.25,7365.93,1811.94
,,,,,,,5934,4135.95,3939,3229.98,10832.25,14259.18,23397.66,14771.25,7365.93,1811.94
,,,,,,,5935,4135.95,3939,3229.98,10832.25,14259.18,23397.66,14771.25,7365.93,1811.94
,,,,,,,5936,4135.95,3939,3229.98,10832.25,14259.18,23397.66,14771.25,7365.93,1811.94
,,,,,,,5937,4135.95,3939,3229.98,10832.25,14259.18,23397.66,14771.25,7365.93,1811.94
,,,,,,,5938,4135.95,3939,3229.98,10832.25,14259.18,23397.66,14771.25,7365.93,1811.94
,,,,,,,5939,4135.95,3939,3229.98,10832.25,14259.18,23397.66,14771.25,7365.93,1811.94
,,,,,,,5940,4135.95,3939,3229.98,10832.25,14259.18,23397.66,14771.25,7365.93,1811.94
,,,,,,,5941,4135.95,3939,3229.98,10832.25,14259.18,23397.66,14771.25,7365.93,1811.94
,,,,,,,5942,4135.95,3939,3229.98,10832.25,14259.18,23397.66,14771.25,7365.93,1811.94
,,,,,,,5943,4135.95,3939,3229.98,10832.25,14259.18,23397.66,14771.25,7365.93,1811.94
,,,,,,,5944,4135.95,3939,3229.98,10832.25,14259.18,23397.66,14771.25,7365.93,1811.94
,,,,,,,5945,4135.95,3939,3229.98,10832.25,14259.18,23397.66,14771.25,7365.93,1811.94
,,,,,,,5946,4135.95,3939,3229.98,10832.25,14259.18,23397.66,14771.25,7365.93,1811.94
,,,,,,,5947,4135.95,3939,3229.98,10832.25,14259.18,23397.66,14771.25,7365.93,1811.94
,,,,,,,5948,4135.95,3939,3229.98,10832.25,14259.18,23397.66,14771.25,7365.93,1811.94
,,,,,,,5949,4135.95,3939,3229.98,10832.25,14259.18,23397.66,14771.25,7365.93,1811.94
,,,,,,,5950,4135.95,3939,3229.98,10832.25,14259.18,23397.66,14771.25,7365.93,1811.94
,,,,,,,5951,4135.95,3939,3229.98,10832.25,14259.18,23397.66,14771.25,7365.93,1811.94
,,,,,,,5952,4135.95,3939,3229.98,10832.25,14259.18,23397.66,14771.25,7365.93,1811.94
,,,,,,,5953,4135.95,3939,3229.98,10832.25,14259.18,23397.66,14771.25,7365.93,1811.94
,,,,,,,5954,4135.95,3939,3229.98,10832.25,14259.18,23397.66,14771.25,7365.93,1811.94
,,,,,,,5955,4135.95,3939,3229.98,10832.25,14259.18,23397.66,14771.25,7365.93,1811.94
,,,,,,,5956,4135.95,3939,3229.98,10832.25,14259.18,23397.66,14771.25,7365.93,1811.94
,,,,,,,5957,4135.95,3939,3229.98,10832.25,14259.18,23397.66,14771.25,7365.93,1811.94
,,,,,,,5958,4135.95,3939,3229.98,10832.25,14259.18,23397.66,14771.25,7365.93,1811.94
,,,,,,,5959,4135.95,3939,3229.98,10832.25,14259.18,23397.66,14771.25,7365.93,1811.94
,,,,,,,5960,4135.95,3939,3229.98,10832.25,14259.18,23397.66,14771.25,7365.93,1811.94
,,,,,,,5961,4135.95,3939,3229.98,10832.25,14259.18,23397.66,14771.25,7365.93,1811.94
,,,,,,,5962,4135.95,3939,3229.98,10832.25,14259.18,23397.66,14771.25,7365.93,1811.94
,,,,,,,5963,4135.95,3939,3229.98,10832.25,14259.18,23397.66,14771.25,7365.93,1811.94
,,,,,,,5964,4135.95,3939,3229.98,10832.25,14259.18,23397.66,14771.25,7365.93,1811.94
,,,,,,,5965,4135.95,3939,3229.98,10832.25,14259.18,23397.66,14771.25,7365.93,1811.94
,,,,,,,5966,4135.95,3939,3229.98,10832.25,14259.18,23397.66,14771.25,7365.93,1811.94
,,,,,,,5967,4135.95,3939,3229.98,10832.25,14259.18,23397.66,14771.25,7365.93,1811.94
,,,,,,,5968,4135.95,3939,3229.98,10832.25,14259.18,23397.66,14771.25,7365.93,1811.94
,,,,,,,5969,4135.95,3939,3229.98,10832.25,14259.18,23397.66,14771.25,7365.93,1811.94
,,,,,,,5970,4135.95,3939,3229.98,10832.25,14259.18,23397.66,14771.25,7365.93,1811.94
,,,,,,,5971,4135.95,3939,3229.98,10832.25,14259.18,23397.66,14771.25,7365.93,1811.94
,,,,,,,5972,4135.95,3939,3229.98,10832.25,14259.18,23397.66,14771.25,7365.93,1811.94
,,,,,,,5973,4135.95,3939,3229.98,10832.25,14259.18,23397.66,14771.25,7365.93,1811.94
,,,,,,,5974,4135.95,3939,3229.98,10832.25,14259.18,23397.66,14771.25,7365.93,1811.94
,,,,,,,5975,4135.95,3939,3229.98,10832.25,14259.18,23397.66,14771.25,7365.93,1811.94
,,,,,,,5976,4135.95,3939,3229.98,10832.25,14259.18,23397.66,14771.25,7365.93,1811.94
,,,,,,,5977,4135.95,3939,3229.98,10832.25,14259.18,23397.66,14771.25,7365.93,1811.94
,,,,,,,5978,4135.95,3939,3229.98,10832.25,14259.18,23397.66,14771.25,7365.93,1811.94
,,,,,,,5979,4135.95,3939,3229.98,10832.25,14259.18,23397.66,14771.25,7365.93,1811.94
,,,,,,,5980,4135.95,3939,3229.98,10832.25,14259.18,23397.66,14771.25,7365.93,1811.94
,,,,,,,5981,4135.95,3939,3229.98,10832.25,14259.18,23397.66,14771.25,7365.93,1811.94
,,,,,,,5982,4135.95,3939,3229.98,10832.25,14259.18,23397.66,14771.25,7365.93,1811.94
,,,,,,,5983,4135.95,3939,3229.98,10832.25,14259.18,23397.66,14771.25,7365.93,1811.94
,,,,,,,5984,4135.95,3939,3229.98,10832.25,14259.18,23397.66,14771.25,7365.93,1811.94
,,,,,,,5985,4135.95,3939,3229.98,10832.25,14259.18,23397.66,14771.25,7365.93,1811.94
,,,,,,,5986,4135.95,3939,3229.98,10832.25,14259.18,23397.66,14771.25,7365.93,1811.94
,,,,,,,5987,4135.95,3939,3229.98,10832.25,14259.18,23397.66,14771.25,7365.93,1811.94
,,,,,,,5988,4135.95,3939,3229.98,10832.25,14259.18,23397.66,14771.25,7365.93,1811.94
,,,,,,,5989,4135.95,3939,3229.98,10832.25,14259.18,23397.66,14771.25,7365.93,1811.94
,,,,,,,5990,4135.95,3939,3229.98,10832.25,14259.18,23397.66,14771.25,7365.93,1811.94
,,,,,,,5991,4135.95,3939,3229.98,10832.25,14259.18,23397.66,14771.25,7365.93,1811.94
,,,,,,,5992,4135.95,3939,3229.98,10832.25,14259.18,23397.66,14771.25,7365.93,1811.94
,,,,,,,5993,4135.95,3939,3229.98,10832.25,14259.18,23397.66,14771.25,7365.93,1811.94
,,,,,,,5994,4135.95,3939,3229.98,10832.25,14259.18,23397.66,14771.25,7365.93,1811.94
,,,,,,,5995,4135.95,3939,3229.98,10832.25,14259.18,23397.66,14771.25,7365.93,1811.94
,,,,,,,5996,4135.95,3939,3229.98,10832.25,14259.18,23397.66,14771.25,7365.93,1811.94
,,,,,,,5997,4135.95,3939,3229.98,10832.25,14259.18,23397.66,14771.25,7365.93,1811.94
,,,,,,,5998,4135.95,3939,3229.98,10832.25,14259.18,23397.66,14771.25,7365.93,1811.94
,,,,,,,5999,4135.95,3939,3229.98,10832.25,14259.18,23397.66,14771.25,7365.93,1811.94
,,,,,,,6000,4135.95,3939,3229.98,10832.25,14259.18,23397.66,14771.25,7365.93,1811.94
,,,,,,,6001,4135.95,3939,3229.98,10832.25,14259.18,23397.66,14771.25,7365.93,1811.94
,,,,,,,6002,4135.95,3939,3229.98,10832.25,14259.18,23397.66,14771.25,7365.93,1811.94
,,,,,,,6003,4135.95,3939,3229.98,10832.25,14259.18,23397.66,14771.25,7365.93,1811.94
,,,,,,,6004,4135.95,3939,3229.98,10832.25,14259.18,23397.66,14771.25,7365.93,1811.94
,,,,,,,6005,4135.95,3939,3229.98,10832.25,14259.18,23397.66,14771.25,7365.93,1811.94
,,,,,,,6006,4135.95,3939,3229.98,10832.25,14259.18,23397.66,14771.25,7365.93,1811.94
,,,,,,,6007,4135.95,3939,3229.98,10832.25,14259.18,23397.66,14771.25,7365.93,1811.94
,,,,,,,6008,4135.95,3939,3229.98,10832.25,14259.18,23397.66,14771.25,7365.93,1811.94
,,,,,,,6009,4135.95,3939,3229.98,10832.25,14259.18,23397.66,14771.25,7365.93,1811.94
,,,,,,,6010,4135.95,3939,3229.98,10832.25,14259.18,23397.66,14771.25,7365.93,1811.94
,,,,,,,6011,4135.95,3939,3229.98,10832.25,14259.18,23397.66,14771.25,7365.93,1811.94
,,,,,,,6012,4135.95,3939,3229.98,10832.25,14259.18,23397.66,14771.25,7365.93,1811.94
,,,,,,,6013,4135.95,3939,3229.98,10832.25,14259.18,23397.66,14771.25,7365.93,1811.94
,,,,,,,6014,4135.95,3939,3229.98,10832.25,14259.18,23397.66,14771.25,7365.93,1811.94
,,,,,,,6015,4135.95,3939,3229.98,10832.25,14259.18,23397.66,14771.25,7365.93,1811.94
,,,,,,,6016,4135.95,3939,3229.98,10832.25,14259.18,23397.66,14771.25,7365.93,1811.94
,,,,,,,6017,4135.95,3939,3229.98,10832.25,14259.18,23397.66,14771.25,7365.93,1811.94
,,,,,,,6018,4135.95,3939,3229.98,10832.25,14259.18,23397.66,14771.25,7365.93,1811.94
,,,,,,,6019,4135.95,3939,3229.98,10832.25,14259.18,23397.66,14771.25,7365.93,1811.94
,,,,,,,6020,4135.95,3939,3229.98,10832.25,14259.18,23397.66,14771.25,7365.93,1811.94
,,,,,,,6021,4135.95,3939,3229.98,10832.25,14259.18,23397.66,14771.25,7365.93,1811.94
,,,,,,,6022,4135.95,3939,3229.98,10832.25,14259.18,23397.66,14771.25,7365.93,1811.94
,,,,,,,6023,4135.95,3939,3229.98,10832.25,14259.18,23397.66,14771.25,7365.93,1811.94
,,,,,,,6024,4135.95,3939,3229.98,10832.25,14259.18,23397.66,14771.25,7365.93,1811.94
,,,,,,,6025,4135.95,3939,3229.98,10832.25,14259.18,23397.66,14771.25,7365.93,1811.94
,,,,,,,6026,4135.95,3939,3229.98,10832.25,14259.18,23397.66,14771.25,7365.93,1811.94
,,,,,,,6027,4135.95,3939,3229.98,10832.25,14259.18,23397.66,14771.25,7365.93,1811.94
,,,,,,,6028,4135.95,3939,3229.98,10832.25,14259.18,23397.66,14771.25,7365.93,1811.94
,,,,,,,6029,4135.95,3939,3229.98,10832.25,14259.18,23397.66,14771.25,7365.93,1811.94
,,,,,,,6030,4135.95,3939,3229.98,10832.25,14259.18,23397.66,14771.25,7365.93,1811.94
,,,,,,,6031,4135.95,3939,3229.98,10832.25,14259.18,23397.66,14771.25,7365.93,1811.94
,,,,,,,6032,4135.95,3939,3229.98,10832.25,14259.18,23397.66,14771.25,7365.93,1811.94
,,,,,,,6033,4135.95,3939,3229.98,10832.25,14259.18,23397.66,14771.25,7365.93,1811.94
,,,,,,,6034,4135.95,3939,3229.98,10832.25,14259.18,23397.66,14771.25,7365.93,1811.94
,,,,,,,6035,4135.95,3939,3229.98,10832.25,14259.18,23397.66,14771.25,7365.93,1811.94
,,,,,,,6036,4135.95,3939,3229.98,10832.25,14259.18,23397.66,14771.25,7365.93,1811.94
,,,,,,,6037,4135.95,3939,3229.98,10832.25,14259.18,23397.66,14771.25,7365.93,1811.94
,,,,,,,6038,4135.95,3939,3229.98,10832.25,14259.18,23397.66,14771.25,7365.93,1811.94
,,,,,,,6039,4135.95,3939,3229.98,10832.25,14259.18,23397.66,14771.25,7365.93,1811.94
,,,,,,,6040,4135.95,3939,3229.98,10832.25,14259.18,23397.66,14771.25,7365.93,1811.94
,,,,,,,6041,4135.95,3939,3229.98,10832.25,14259.18,23397.66,14771.25,7365.93,1811.94
,,,,,,,6042,4135.95,3939,3229.98,10832.25,14259.18,23397.66,14771.25,7365.93,1811.94
,,,,,,,6043,4135.95,3939,3229.98,10832.25,14259.18,23397.66,14771.25,7365.93,1811.94
,,,,,,,6044,4135.95,3939,3229.98,10832.25,14259.18,23397.66,14771.25,7365.93,1811.94
,,,,,,,6045,4135.95,3939,3229.98,10832.25,14259.18,23397.66,14771.25,7365.93,1811.94
,,,,,,,6046,4135.95,3939,3229.98,10832.25,14259.18,23397.66,14771.25,7365.93,1811.94
,,,,,,,6047,4135.95,3939,3229.98,10832.25,14259.18,23397.66,14771.25,7365.93,1811.94
,,,,,,,6048,4135.95,3939,3229.98,10832.25,14259.18,23397.66,14771.25,7365.93,1811.94
,,,,,,,6049,4135.95,3939,3229.98,10832.25,14259.18,23397.66,14771.25,7365.93,1811.94
,,,,,,,6050,4135.95,3939,3229.98,10832.25,14259.18,23397.66,14771.25,7365.93,1811.94
,,,,,,,6051,4135.95,3939,3229.98,10832.25,14259.18,23397.66,14771.25,7365.93,1811.94
,,,,,,,6052,4135.95,3939,3229.98,10832.25,14259.18,23397.66,14771.25,7365.93,1811.94
,,,,,,,6053,4135.95,3939,3229.98,10832.25,14259.18,23397.66,14771.25,7365.93,1811.94
,,,,,,,6054,4135.95,3939,3229.98,10832.25,14259.18,23397.66,14771.25,7365.93,1811.94
,,,,,,,6055,4135.95,3939,3229.98,10832.25,14259.18,23397.66,14771.25,7365.93,1811.94
,,,,,,,6056,4135.95,3939,3229.98,10832.25,14259.18,23397.66,14771.25,7365.93,1811.94
,,,,,,,6057,4135.95,3939,3229.98,10832.25,14259.18,23397.66,14771.25,7365.93,1811.94
,,,,,,,6058,4135.95,3939,3229.98,10832.25,14259.18,23397.66,14771.25,7365.93,1811.94
,,,,,,,6059,4135.95,3939,3229.98,10832.25,14259.18,23397.66,14771.25,7365.93,1811.94
,,,,,,,6060,4135.95,3939,3229.98,10832.25,14259.18,23397.66,14771.25,7365.93,1811.94
,,,,,,,6061,4135.95,3939,3229.98,10832.25,14259.18,23397.66,14771.25,7365.93,1811.94
,,,,,,,6062,4135.95,3939,3229.98,10832.25,14259.18,23397.66,14771.25,7365.93,1811.94
,,,,,,,6063,4135.95,3939,3229.98,10832.25,14259.18,23397.66,14771.25,7365.93,1811.94
,,,,,,,6064,4135.95,3939,3229.98,10832.25,14259.18,23397.66,14771.25,7365.93,1811.94
,,,,,,,6065,4135.95,3939,3229.98,10832.25,14259.18,23397.66,14771.25,7365.93,1811.94
,,,,,,,6066,4135.95,3939,3229.98,10832.25,14259.18,23397.66,14771.25,7365.93,1811.94
,,,,,,,6067,4135.95,3939,3229.98,10832.25,14259.18,23397.66,14771.25,7365.93,1811.94
,,,,,,,6068,4135.95,3939,3229.98,10832.25,14259.18,23397.66,14771.25,7365.93,1811.94
,,,,,,,6069,4135.95,3939,3229.98,10832.25,14259.18,23397.66,14771.25,7365.93,1811.94
,,,,,,,6070,4135.95,3939,3229.98,10832.25,14259.18,23397.66,14771.25,7365.93,1811.94
,,,,,,,6071,4135.95,3939,3229.98,10832.25,14259.18,23397.66,14771.25,7365.93,1811.94
,,,,,,,6072,4135.95,3939,3229.98,10832.25,14259.18,23397.66,14771.25,7365.93,1811.94
,,,,,,,6073,4135.95,3939,3229.98,10832.25,14259.18,23397.66,14771.25,7365.93,1811.94
,,,,,,,6074,4135.95,3939,3229.98,10832.25,14259.18,23397.66,14771.25,7365.93,1811.94
,,,,,,,6075,4135.95,3939,3229.98,10832.25,14259.18,23397.66,14771.25,7365.93,1811.94
,,,,,,,6076,4135.95,3939,3229.98,10832.25,14259.18,23397.66,14771.25,7365.93,1811.94
,,,,,,,6077,4135.95,3939,3229.98,10832.25,14259.18,23397.66,14771.25,7365.93,1811.94
,,,,,,,6078,4135.95,3939,3229.98,10832.25,14259.18,23397.66,14771.25,7365.93,1811.94
,,,,,,,6079,4135.95,3939,3229.98,10832.25,14259.18,23397.66,14771.25,7365.93,1811.94
,,,,,,,6080,4135.95,3939,3229.98,10832.25,14259.18,23397.66,14771.25,7365.93,1811.94
,,,,,,,6081,4135.95,3939,3229.98,10832.25,14259.18,23397.66,14771.25,7365.93,1811.94
,,,,,,,6082,4135.95,3939,3229.98,10832.25,14259.18,23397.66,14771.25,7365.93,1811.94
,,,,,,,6083,4135.95,3939,3229.98,10832.25,14259.18,23397.66,14771.25,7365.93,1811.94
,,,,,,,6084,4135.95,3939,3229.98,10832.25,14259.18,23397.66,14771.25,7365.93,1811.94
,,,,,,,6085,4135.95,3939,3229.98,10832.25,14259.18,23397.66,14771.25,7365.93,1811.94
,,,,,,,6086,4135.95,3939,3229.98,10832.25,14259.18,23397.66,14771.25,7365.93,1811.94
,,,,,,,6087,4135.95,3939,3229.98,10832.25,14259.18,23397.66,14771.25,7365.93,1811.94
,,,,,,,6088,4135.95,3939,3229.98,10832.25,14259.18,23397.66,14771.25,7365.93,1811.94
,,,,,,,6089,4135.95,3939,3229.98,10832.25,14259.18,23397.66,14771.25,7365.93,1811.94
,,,,,,,6090,4135.95,3939,3229.98,10832.25,14259.18,23397.66,14771.25,7365.93,1811.94
,,,,,,,6091,4135.95,3939,3229.98,10832.25,14259.18,23397.66,14771.25,7365.93,1811.94
,,,,,,,6092,4135.95,3939,3229.98,10832.25,14259.18,23397.66,14771.25,7365.93,1811.94
,,,,,,,6093,4135.95,3939,3229.98,10832.25,14259.18,23397.66,14771.25,7365.93,1811.94
,,,,,,,6094,4135.95,3939,3229.98,10832.25,14259.18,23397.66,14771.25,7365.93,1811.94
,,,,,,,6095,4135.95,3939,3229.98,10832.25,14259.18,23397.66,14771.25,7365.93,1811.94
,,,,,,,6096,4135.95,3939,3229.98,10832.25,14259.18,23397.66,14771.25,7365.93,1811.94
,,,,,,,6097,4135.95,3939,3229.98,10832.25,14259.18,23397.66,14771.25,7365.93,1811.94
,,,,,,,6098,4135.95,3939,3229.98,10832.25,14259.18,23397.66,14771.25,7365.93,1811.94
,,,,,,,6099,4135.95,3939,3229.98,10832.25,14259.18,23397.66,14771.25,7365.93,1811.94
,,,,,,,6100,4135.95,3939,3229.98,10832.25,14259.18,23397.66,14771.25,7365.93,1811.94
,,,,,,,6101,4135.95,3939,3229.98,10832.25,14259.18,23397.66,14771.25,7365.93,1811.94
,,,,,,,6102,4135.95,3939,3229.98,10832.25,14259.18,23397.66,14771.25,7365.93,1811.94
,,,,,,,6103,4135.95,3939,3229.98,10832.25,14259.18,23397.66,14771.25,7365.93,1811.94
,,,,,,,6104,4135.95,3939,3229.98,10832.25,14259.18,23397.66,14771.25,7365.93,1811.94
,,,,,,,6105,4135.95,3939,3229.98,10832.25,14259.18,23397.66,14771.25,7365.93,1811.94
,,,,,,,6106,4135.95,3939,3229.98,10832.25,14259.18,23397.66,14771.25,7365.93,1811.94
,,,,,,,6107,4135.95,3939,3229.98,10832.25,14259.18,23397.66,14771.25,7365.93,1811.94
,,,,,,,6108,4135.95,3939,3229.98,10832.25,14259.18,23397.66,14771.25,7365.93,1811.94
,,,,,,,6109,4135.95,3939,3229.98,10832.25,14259.18,23397.66,14771.25,7365.93,1811.94
,,,,,,,6110,4135.95,3939,3229.98,10832.25,14259.18,23397.66,14771.25,7365.93,1811.94
,,,,,,,6111,4135.95,3939,3229.98,10832.25,14259.18,23397.66,14771.25,7365.93,1811.94
,,,,,,,6112,4135.95,3939,3229.98,10832.25,14259.18,23397.66,14771.25,7365.93,1811.94
,,,,,,,6113,4135.95,3939,3229.98,10832.25,14259.18,23397.66,14771.25,7365.93,1811.94
,,,,,,,6114,4135.95,3939,3229.98,10832.25,14259.18,23397.66,14771.25,7365.93,1811.94
,,,,,,,6115,4135.95,3939,3229.98,10832.25,14259.18,23397.66,14771.25,7365.93,1811.94
,,,,,,,6116,4135.95,3939,3229.98,10832.25,14259.18,23397.66,14771.25,7365.93,1811.94
,,,,,,,6117,4135.95,3939,3229.98,10832.25,14259.18,23397.66,14771.25,7365.93,1811.94
,,,,,,,6118,4135.95,3939,3229.98,10832.25,14259.18,23397.66,14771.25,7365.93,1811.94
,,,,,,,6119,4135.95,3939,3229.98,10832.25,14259.18,23397.66,14771.25,7365.93,1811.94
,,,,,,,6120,4135.95,3939,3229.98,10832.25,14259.18,23397.66,14771.25,7365.93,1811.94
,,,,,,,6121,4135.95,3939,3229.98,10832.25,14259.18,23397.66,14771.25,7365.93,1811.94
,,,,,,,6122,4135.95,3939,3229.98,10832.25,14259.18,23397.66,14771.25,7365.93,1811.94
,,,,,,,6123,4135.95,3939,3229.98,10832.25,14259.18,23397.66,14771.25,7365.93,1811.94
,,,,,,,6124,4135.95,3939,3229.98,10832.25,14259.18,23397.66,14771.25,7365.93,1811.94
,,,,,,,6125,4135.95,3939,3229.98,10832.25,14259.18,23397.66,14771.25,7365.93,1811.94
,,,,,,,6126,4135.95,3939,3229.98,10832.25,14259.18,23397.66,14771.25,7365.93,1811.94
,,,,,,,6127,4135.95,3939,3229.98,10832.25,14259.18,23397.66,14771.25,7365.93,1811.94
,,,,,,,6128,4135.95,3939,3229.98,10832.25,14259.18,23397.66,14771.25,7365.93,1811.94
,,,,,,,6129,4135.95,3939,3229.98,10832.25,14259.18,23397.66,14771.25,7365.93,1811.94
,,,,,,,6130,4135.95,3939,3229.98,10832.25,14259.18,23397.66,14771.25,7365.93,1811.94
,,,,,,,6131,4135.95,3939,3229.98,10832.25,14259.18,23397.66,14771.25,7365.93,1811.94
,,,,,,,6132,4135.95,3939,3229.98,10832.25,14259.18,23397.66,14771.25,7365.93,1811.94
,,,,,,,6133,4135.95,3939,3229.98,10832.25,14259.18,23397.66,14771.25,7365.93,1811.94
,,,,,,,6134,4135.95,3939,3229.98,10832.25,14259.18,23397.66,14771.25,7365.93,1811.94
,,,,,,,6135,4135.95,3939,3229.98,10832.25,14259.18,23397.66,14771.25,7365.93,1811.94
,,,,,,,6136,4135.95,3939,3229.98,10832.25,14259.18,23397.66,14771.25,7365.93,1811.94
,,,,,,,6137,4135.95,3939,3229.98,10832.25,14259.18,23397.66,14771.25,7365.93,1811.94
,,,,,,,6138,4135.95,3939,3229.98,10832.25,14259.18,23397.66,14771.25,7365.93,1811.94
,,,,,,,6139,4135.95,3939,3229.98,10832.25,14259.18,23397.66,14771.25,7365.93,1811.94
,,,,,,,6140,4135.95,3939,3229.98,10832.25,14259.18,23397.66,14771.25,7365.93,1811.94
,,,,,,,6141,4135.95,3939,3229.98,10832.25,14259.18,23397.66,14771.25,7365.93,1811.94
,,,,,,,6142,4135.95,3939,3229.98,10832.25,14259.18,23397.66,14771.25,7365.93,1811.94
,,,,,,,6143,4135.95,3939,3229.98,10832.25,14259.18,23397.66,14771.25,7365.93,1811.94
,,,,,,,6144,4135.95,3939,3229.98,10832.25,14259.18,23397.66,14771.25,7365.93,1811.94
,,,,,,,6145,4135.95,3939,3229.98,10832.25,14259.18,23397.66,14771.25,7365.93,1811.94
,,,,,,,6146,4135.95,3939,3229.98,10832.25,14259.18,23397.66,14771.25,7365.93,1811.94
,,,,,,,6147,4135.95,3939,3229.98,10832.25,14259.18,23397.66,14771.25,7365.93,1811.94
,,,,,,,6148,4135.95,3939,3229.98,10832.25,14259.18,23397.66,14771.25,7365.93,1811.94
,,,,,,,6149,4135.95,3939,3229.98,10832.25,14259.18,23397.66,14771.25,7365.93,1811.94
,,,,,,,6150,4135.95,3939,3229.98,10832.25,14259.18,23397.66,14771.25,7365.93,1811.94
,,,,,,,6151,4135.95,3939,3229.98,10832.25,14259.18,23397.66,14771.25,7365.93,1811.94
,,,,,,,6152,4135.95,3939,3229.98,10832.25,14259.18,23397.66,14771.25,7365.93,1811.94
,,,,,,,6153,4135.95,3939,3229.98,10832.25,14259.18,23397.66,14771.25,7365.93,1811.94
,,,,,,,6154,4135.95,3939,3229.98,10832.25,14259.18,23397.66,14771.25,7365.93,1811.94
,,,,,,,6155,4135.95,3939,3229.98,10832.25,14259.18,23397.66,14771.25,7365.93,1811.94
,,,,,,,6156,4135.95,3939,3229.98,10832.25,14259.18,23397.66,14771.25,7365.93,1811.94
,,,,,,,6157,4135.95,3939,3229.98,10832.25,14259.18,23397.66,14771.25,7365.93,1811.94
,,,,,,,6158,4135.95,3939,3229.98,10832.25,14259.18,23397.66,14771.25,7365.93,1811.94
,,,,,,,6159,4135.95,3939,3229.98,10832.25,14259.18,23397.66,14771.25,7365.93,1811.94
,,,,,,,6160,4135.95,3939,3229.98,10832.25,14259.18,23397.66,14771.25,7365.93,1811.94
,,,,,,,6161,4135.95,3939,3229.98,10832.25,14259.18,23397.66,14771.25,7365.93,1811.94
,,,,,,,6162,4135.95,3939,3229.98,10832.25,14259.18,23397.66,14771.25,7365.93,1811.94
,,,,,,,6163,4135.95,3939,3229.98,10832.25,14259.18,23397.66,14771.25,7365.93,1811.94
,,,,,,,6164,4135.95,3939,3229.98,10832.25,14259.18,23397.66,14771.25,7365.93,1811.94
,,,,,,,6165,4135.95,3939,3229.98,10832.25,14259.18,23397.66,14771.25,7365.93,1811.94
,,,,,,,6166,4135.95,3939,3229.98,10832.25,14259.18,23397.66,14771.25,7365.93,1811.94
,,,,,,,6167,4135.95,3939,3229.98,10832.25,14259.18,23397.66,14771.25,7365.93,1811.94
,,,,,,,6168,4135.95,3939,3229.98,10832.25,14259.18,23397.66,14771.25,7365.93,1811.94
,,,,,,,6169,4135.95,3939,3229.98,10832.25,14259.18,23397.66,14771.25,7365.93,1811.94
,,,,,,,6170,4135.95,3939,3229.98,10832.25,14259.18,23397.66,14771.25,7365.93,1811.94
,,,,,,,6171,4135.95,3939,3229.98,10832.25,14259.18,23397.66,14771.25,7365.93,1811.94
,,,,,,,6172,4135.95,3939,3229.98,10832.25,14259.18,23397.66,14771.25,7365.93,1811.94
,,,,,,,6173,4135.95,3939,3229.98,10832.25,14259.18,23397.66,14771.25,7365.93,1811.94
,,,,,,,6174,4135.95,3939,3229.98,10832.25,14259.18,23397.66,14771.25,7365.93,1811.94
,,,,,,,6175,4135.95,3939,3229.98,10832.25,14259.18,23397.66,14771.25,7365.93,1811.94
,,,,,,,6176,4135.95,3939,3229.98,10832.25,14259.18,23397.66,14771.25,7365.93,1811.94
,,,,,,,6177,4135.95,3939,3229.98,10832.25,14259.18,23397.66,14771.25,7365.93,1811.94
,,,,,,,6178,4135.95,3939,3229.98,10832.25,14259.18,23397.66,14771.25,7365.93,1811.94
,,,,,,,6179,4135.95,3939,3229.98,10832.25,14259.18,23397.66,14771.25,7365.93,1811.94
,,,,,,,6180,4135.95,3939,3229.98,10832.25,14259.18,23397.66,14771.25,7365.93,1811.94
,,,,,,,6181,4135.95,3939,3229.98,10832.25,14259.18,23397.66,14771.25,7365.93,1811.94
,,,,,,,6182,4135.95,3939,3229.98,10832.25,14259.18,23397.66,14771.25,7365.93,1811.94
,,,,,,,6183,4135.95,3939,3229.98,10832.25,14259.18,23397.66,14771.25,7365.93,1811.94
,,,,,,,6184,4135.95,3939,3229.98,10832.25,14259.18,23397.66,14771.25,7365.93,1811.94
,,,,,,,6185,4135.95,3939,3229.98,10832.25,14259.18,23397.66,14771.25,7365.93,1811.94
,,,,,,,6186,4135.95,3939,3229.98,10832.25,14259.18,23397.66,14771.25,7365.93,1811.94
,,,,,,,6187,4135.95,3939,3229.98,10832.25,14259.18,23397.66,14771.25,7365.93,1811.94
,,,,,,,6188,4135.95,3939,3229.98,10832.25,14259.18,23397.66,14771.25,7365.93,1811.94
,,,,,,,6189,4135.95,3939,3229.98,10832.25,14259.18,23397.66,14771.25,7365.93,1811.94
,,,,,,,6190,4135.95,3939,3229.98,10832.25,14259.18,23397.66,14771.25,7365.93,1811.94
,,,,,,,6191,4135.95,3939,3229.98,10832.25,14259.18,23397.66,14771.25,7365.93,1811.94
,,,,,,,6192,4135.95,3939,3229.98,10832.25,14259.18,23397.66,14771.25,7365.93,1811.94
,,,,,,,6193,4135.95,3939,3229.98,10832.25,14259.18,23397.66,14771.25,7365.93,1811.94
,,,,,,,6194,4135.95,3939,3229.98,10832.25,14259.18,23397.66,14771.25,7365.93,1811.94
,,,,,,,6195,4135.95,3939,3229.98,10832.25,14259.18,23397.66,14771.25,7365.93,1811.94
,,,,,,,6196,4135.95,3939,3229.98,10832.25,14259.18,23397.66,14771.25,7365.93,1811.94
,,,,,,,6197,4135.95,3939,3229.98,10832.25,14259.18,23397.66,14771.25,7365.93,1811.94
,,,,,,,6198,4135.95,3939,3229.98,10832.25,14259.18,23397.66,14771.25,7365.93,1811.94
,,,,,,,6199,4135.95,3939,3229.98,10832.25,14259.18,23397.66,14771.25,7365.93,1811.94
,,,,,,,6200,4135.95,3939,3229.98,10832.25,14259.18,23397.66,14771.25,7365.93,1811.94
,,,,,,,6201,4135.95,3939,3229.98,10832.25,14259.18,23397.66,14771.25,7365.93,1811.94
,,,,,,,6202,4135.95,3939,3229.98,10832.25,14259.18,23397.66,14771.25,7365.93,1811.94
,,,,,,,6203,4135.95,3939,3229.98,10832.25,14259.18,23397.66,14771.25,7365.93,1811.94
,,,,,,,6204,4135.95,3939,3229.98,10832.25,14259.18,23397.66,14771.25,7365.93,1811.94
,,,,,,,6205,4135.95,3939,3229.98,10832.25,14259.18,23397.66,14771.25,7365.93,1811.94
,,,,,,,6206,4135.95,3939,3229.98,10832.25,14259.18,23397.66,14771.25,7365.93,1811.94
,,,,,,,6207,4135.95,3939,3229.98,10832.25,14259.18,23397.66,14771.25,7365.93,1811.94
,,,,,,,6208,4135.95,3939,3229.98,10832.25,14259.18,23397.66,14771.25,7365.93,1811.94
,,,,,,,6209,4135.95,3939,3229.98,10832.25,14259.18,23397.66,14771.25,7365.93,1811.94
,,,,,,,6210,4135.95,3939,3229.98,10832.25,14259.18,23397.66,14771.25,7365.93,1811.94
,,,,,,,6211,4135.95,3939,3229.98,10832.25,14259.18,23397.66,14771.25,7365.93,1811.94
,,,,,,,6212,4135.95,3939,3229.98,10832.25,14259.18,23397.66,14771.25,7365.93,1811.94
,,,,,,,6213,4135.95,3939,3229.98,10832.25,14259.18,23397.66,14771.25,7365.93,1811.94
,,,,,,,6214,4135.95,3939,3229.98,10832.25,14259.18,23397.66,14771.25,7365.93,1811.94
,,,,,,,6215,4135.95,3939,3229.98,10832.25,14259.18,23397.66,14771.25,7365.93,1811.94
,,,,,,,6216,4135.95,3939,3229.98,10832.25,14259.18,23397.66,14771.25,7365.93,1811.94
,,,,,,,6217,4135.95,3939,3229.98,10832.25,14259.18,23397.66,14771.25,7365.93,1811.94
,,,,,,,6218,4135.95,3939,3229.98,10832.25,14259.18,23397.66,14771.25,7365.93,1811.94
,,,,,,,6219,4135.95,3939,3229.98,10832.25,14259.18,23397.66,14771.25,7365.93,1811.94
,,,,,,,6220,4135.95,3939,3229.98,10832.25,14259.18,23397.66,14771.25,7365.93,1811.94
,,,,,,,6221,4135.95,3939,3229.98,10832.25,14259.18,23397.66,14771.25,7365.93,1811.94
,,,,,,,6222,4135.95,3939,3229.98,10832.25,14259.18,23397.66,14771.25,7365.93,1811.94
,,,,,,,6223,4135.95,3939,3229.98,10832.25,14259.18,23397.66,14771.25,7365.93,1811.94
,,,,,,,6224,4135.95,3939,3229.98,10832.25,14259.18,23397.66,14771.25,7365.93,1811.94
,,,,,,,6225,4135.95,3939,3229.98,10832.25,14259.18,23397.66,14771.25,7365.93,1811.94
,,,,,,,6226,4135.95,3939,3229.98,10832.25,14259.18,23397.66,14771.25,7365.93,1811.94
,,,,,,,6227,4135.95,3939,3229.98,10832.25,14259.18,23397.66,14771.25,7365.93,1811.94
,,,,,,,6228,4135.95,3939,3229.98,10832.25,14259.18,23397.66,14771.25,7365.93,1811.94
,,,,,,,6229,4135.95,3939,3229.98,10832.25,14259.18,23397.66,14771.25,7365.93,1811.94
,,,,,,,6230,4135.95,3939,3229.98,10832.25,14259.18,23397.66,14771.25,7365.93,1811.94
,,,,,,,6231,4135.95,3939,3229.98,10832.25,14259.18,23397.66,14771.25,7365.93,1811.94
,,,,,,,6232,4135.95,3939,3229.98,10832.25,14259.18,23397.66,14771.25,7365.93,1811.94
,,,,,,,6233,4135.95,3939,3229.98,10832.25,14259.18,23397.66,14771.25,7365.93,1811.94
,,,,,,,6234,4135.95,3939,3229.98,10832.25,14259.18,23397.66,14771.25,7365.93,1811.94
,,,,,,,6235,4135.95,3939,3229.98,10832.25,14259.18,23397.66,14771.25,7365.93,1811.94
,,,,,,,6236,4135.95,3939,3229.98,10832.25,14259.18,23397.66,14771.25,7365.93,1811.94
,,,,,,,6237,4135.95,3939,3229.98,10832.25,14259.18,23397.66,14771.25,7365.93,1811.94
,,,,,,,6238,4135.95,3939,3229.98,10832.25,14259.18,23397.66,14771.25,7365.93,1811.94
,,,,,,,6239,4135.95,3939,3229.98,10832.25,14259.18,23397.66,14771.25,7365.93,1811.94
,,,,,,,6240,4135.95,3939,3229.98,10832.25,14259.18,23397.66,14771.25,7365.93,1811.94
,,,,,,,6241,4135.95,3939,3229.98,10832.25,14259.18,23397.66,14771.25,7365.93,1811.94
,,,,,,,6242,4135.95,3939,3229.98,10832.25,14259.18,23397.66,14771.25,7365.93,1811.94
,,,,,,,6243,4135.95,3939,3229.98,10832.25,14259.18,23397.66,14771.25,7365.93,1811.94
,,,,,,,6244,4135.95,3939,3229.98,10832.25,14259.18,23397.66,14771.25,7365.93,1811.94
,,,,,,,6245,4135.95,3939,3229.98,10832.25,14259.18,23397.66,14771.25,7365.93,1811.94
,,,,,,,6246,4135.95,3939,3229.98,10832.25,14259.18,23397.66,14771.25,7365.93,1811.94
,,,,,,,6247,4135.95,3939,3229.98,10832.25,14259.18,23397.66,14771.25,7365.93,1811.94
,,,,,,,6248,4135.95,3939,3229.98,10832.25,14259.18,23397.66,14771.25,7365.93,1811.94
,,,,,,,6249,4135.95,3939,3229.98,10832.25,14259.18,23397.66,14771.25,7365.93,1811.94
,,,,,,,6250,4135.95,3939,3229.98,10832.25,14259.18,23397.66,14771.25,7365.93,1811.94
,,,,,,,6251,4135.95,3939,3229.98,10832.25,14259.18,23397.66,14771.25,7365.93,1811.94
,,,,,,,6252,4135.95,3939,3229.98,10832.25,14259.18,23397.66,14771.25,7365.93,1811.94
,,,,,,,6253,4135.95,3939,3229.98,10832.25,14259.18,23397.66,14771.25,7365.93,1811.94
,,,,,,,6254,4135.95,3939,3229.98,10832.25,14259.18,23397.66,14771.25,7365.93,1811.94
,,,,,,,6255,4135.95,3939,3229.98,10832.25,14259.18,23397.66,14771.25,7365.93,1811.94
,,,,,,,6256,4135.95,3939,3229.98,10832.25,14259.18,23397.66,14771.25,7365.93,1811.94
,,,,,,,6257,4135.95,3939,3229.98,10832.25,14259.18,23397.66,14771.25,7365.93,1811.94
,,,,,,,6258,4135.95,3939,3229.98,10832.25,14259.18,23397.66,14771.25,7365.93,1811.94
,,,,,,,6259,4135.95,3939,3229.98,10832.25,14259.18,23397.66,14771.25,7365.93,1811.94
,,,,,,,6260,4135.95,3939,3229.98,10832.25,14259.18,23397.66,14771.25,7365.93,1811.94
,,,,,,,6261,4135.95,3939,3229.98,10832.25,14259.18,23397.66,14771.25,7365.93,1811.94
,,,,,,,6262,4135.95,3939,3229.98,10832.25,14259.18,23397.66,14771.25,7365.93,1811.94
,,,,,,,6263,4135.95,3939,3229.98,10832.25,14259.18,23397.66,14771.25,7365.93,1811.94
,,,,,,,6264,4135.95,3939,3229.98,10832.25,14259.18,23397.66,14771.25,7365.93,1811.94
,,,,,,,6265,4135.95,3939,3229.98,10832.25,14259.18,23397.66,14771.25,7365.93,1811.94
,,,,,,,6266,4135.95,3939,3229.98,10832.25,14259.18,23397.66,14771.25,7365.93,1811.94
,,,,,,,6267,4135.95,3939,3229.98,10832.25,14259.18,23397.66,14771.25,7365.93,1811.94
,,,,,,,6268,4135.95,3939,3229.98,10832.25,14259.18,23397.66,14771.25,7365.93,1811.94
,,,,,,,6269,4135.95,3939,3229.98,10832.25,14259.18,23397.66,14771.25,7365.93,1811.94
,,,,,,,6270,4135.95,3939,3229.98,10832.25,14259.18,23397.66,14771.25,7365.93,1811.94
,,,,,,,6271,4135.95,3939,3229.98,10832.25,14259.18,23397.66,14771.25,7365.93,1811.94
,,,,,,,6272,4135.95,3939,3229.98,10832.25,14259.18,23397.66,14771.25,7365.93,1811.94
,,,,,,,6273,4135.95,3939,3229.98,10832.25,14259.18,23397.66,14771.25,7365.93,1811.94
,,,,,,,6274,4135.95,3939,3229.98,10832.25,14259.18,23397.66,14771.25,7365.93,1811.94
,,,,,,,6275,4135.95,3939,3229.98,10832.25,14259.18,23397.66,14771.25,7365.93,1811.94
,,,,,,,6276,4135.95,3939,3229.98,10832.25,14259.18,23397.66,14771.25,7365.93,1811.94
,,,,,,,6277,4135.95,3939,3229.98,10832.25,14259.18,23397.66,14771.25,7365.93,1811.94
,,,,,,,6278,4135.95,3939,3229.98,10832.25,14259.18,23397.66,14771.25,7365.93,1811.94
,,,,,,,6279,4135.95,3939,3229.98,10832.25,14259.18,23397.66,14771.25,7365.93,1811.94
,,,,,,,6280,4135.95,3939,3229.98,10832.25,14259.18,23397.66,14771.25,7365.93,1811.94
,,,,,,,6281,4135.95,3939,3229.98,10832.25,14259.18,23397.66,14771.25,7365.93,1811.94
,,,,,,,6282,4135.95,3939,3229.98,10832.25,14259.18,23397.66,14771.25,7365.93,1811.94
,,,,,,,6283,4135.95,3939,3229.98,10832.25,14259.18,23397.66,14771.25,7365.93,1811.94
,,,,,,,6284,4135.95,3939,3229.98,10832.25,14259.18,23397.66,14771.25,7365.93,1811.94
,,,,,,,6285,4135.95,3939,3229.98,10832.25,14259.18,23397.66,14771.25,7365.93,1811.94
,,,,,,,6286,4135.95,3939,3229.98,10832.25,14259.18,23397.66,14771.25,7365.93,1811.94
,,,,,,,6287,4135.95,3939,3229.98,10832.25,14259.18,23397.66,14771.25,7365.93,1811.94
,,,,,,,6288,4135.95,3939,3229.98,10832.25,14259.18,23397.66,14771.25,7365.93,1811.94
,,,,,,,6289,4135.95,3939,3229.98,10832.25,14259.18,23397.66,14771.25,7365.93,1811.94
,,,,,,,6290,4135.95,3939,3229.98,10832.25,14259.18,23397.66,14771.25,7365.93,1811.94
,,,,,,,6291,4135.95,3939,3229.98,10832.25,14259.18,23397.66,14771.25,7365.93,1811.94
,,,,,,,6292,4135.95,3939,3229.98,10832.25,14259.18,23397.66,14771.25,7365.93,1811.94
,,,,,,,6293,4135.95,3939,3229.98,10832.25,14259.18,23397.66,14771.25,7365.93,1811.94
,,,,,,,6294,4135.95,3939,3229.98,10832.25,14259.18,23397.66,14771.25,7365.93,1811.94
,,,,,,,6295,4135.95,3939,3229.98,10832.25,14259.18,23397.66,14771.25,7365.93,1811.94
,,,,,,,6296,4135.95,3939,3229.98,10832.25,14259.18,23397.66,14771.25,7365.93,1811.94
,,,,,,,6297,4135.95,3939,3229.98,10832.25,14259.18,23397.66,14771.25,7365.93,1811.94
,,,,,,,6298,4135.95,3939,3229.98,10832.25,14259.18,23397.66,14771.25,7365.93,1811.94
,,,,,,,6299,4135.95,3939,3229.98,10832.25,14259.18,23397.66,14771.25,7365.93,1811.94
,,,,,,,6300,4135.95,3939,3229.98,10832.25,14259.18,23397.66,14771.25,7365.93,1811.94
,,,,,,,6301,4135.95,3939,3229.98,10832.25,14259.18,23397.66,14771.25,7365.93,1811.94
,,,,,,,6302,4135.95,3939,3229.98,10832.25,14259.18,23397.66,14771.25,7365.93,1811.94
,,,,,,,6303,4135.95,3939,3229.98,10832.25,14259.18,23397.66,14771.25,7365.93,1811.94
,,,,,,,6304,4135.95,3939,3229.98,10832.25,14259.18,23397.66,14771.25,7365.93,1811.94
,,,,,,,6305,4135.95,3939,3229.98,10832.25,14259.18,23397.66,14771.25,7365.93,1811.94
,,,,,,,6306,4135.95,3939,3229.98,10832.25,14259.18,23397.66,14771.25,7365.93,1811.94
,,,,,,,6307,4135.95,3939,3229.98,10832.25,14259.18,23397.66,14771.25,7365.93,1811.94
,,,,,,,6308,4135.95,3939,3229.98,10832.25,14259.18,23397.66,14771.25,7365.93,1811.94
,,,,,,,6309,4135.95,3939,3229.98,10832.25,14259.18,23397.66,14771.25,7365.93,1811.94
,,,,,,,6310,4135.95,3939,3229.98,10832.25,14259.18,23397.66,14771.25,7365.93,1811.94
,,,,,,,6311,4135.95,3939,3229.98,10832.25,14259.18,23397.66,14771.25,7365.93,1811.94
,,,,,,,6312,4135.95,3939,3229.98,10832.25,14259.18,23397.66,14771.25,7365.93,1811.94
,,,,,,,6313,4135.95,3939,3229.98,10832.25,14259.18,23397.66,14771.25,7365.93,1811.94
,,,,,,,6314,4135.95,3939,3229.98,10832.25,14259.18,23397.66,14771.25,7365.93,1811.94
,,,,,,,6315,4135.95,3939,3229.98,10832.25,14259.18,23397.66,14771.25,7365.93,1811.94
,,,,,,,6316,4135.95,3939,3229.98,10832.25,14259.18,23397.66,14771.25,7365.93,1811.94
,,,,,,,6317,4135.95,3939,3229.98,10832.25,14259.18,23397.66,14771.25,7365.93,1811.94
,,,,,,,6318,4135.95,3939,3229.98,10832.25,14259.18,23397.66,14771.25,7365.93,1811.94
,,,,,,,6319,4135.95,3939,3229.98,10832.25,14259.18,23397.66,14771.25,7365.93,1811.94
,,,,,,,6320,4135.95,3939,3229.98,10832.25,14259.18,23397.66,14771.25,7365.93,1811.94
,,,,,,,6321,4135.95,3939,3229.98,10832.25,14259.18,23397.66,14771.25,7365.93,1811.94
,,,,,,,6322,4135.95,3939,3229.98,10832.25,14259.18,23397.66,14771.25,7365.93,1811.94
,,,,,,,6323,4135.95,3939,3229.98,10832.25,14259.18,23397.66,14771.25,7365.93,1811.94
,,,,,,,6324,4135.95,3939,3229.98,10832.25,14259.18,23397.66,14771.25,7365.93,1811.94
,,,,,,,6325,4135.95,3939,3229.98,10832.25,14259.18,23397.66,14771.25,7365.93,1811.94
,,,,,,,6326,4135.95,3939,3229.98,10832.25,14259.18,23397.66,14771.25,7365.93,1811.94
,,,,,,,6327,4135.95,3939,3229.98,10832.25,14259.18,23397.66,14771.25,7365.93,1811.94
,,,,,,,6328,4135.95,3939,3229.98,10832.25,14259.18,23397.66,14771.25,7365.93,1811.94
,,,,,,,6329,4135.95,3939,3229.98,10832.25,14259.18,23397.66,14771.25,7365.93,1811.94
,,,,,,,6330,4135.95,3939,3229.98,10832.25,14259.18,23397.66,14771.25,7365.93,1811.94
,,,,,,,6331,4135.95,3939,3229.98,10832.25,14259.18,23397.66,14771.25,7365.93,1811.94
,,,,,,,6332,4135.95,3939,3229.98,10832.25,14259.18,23397.66,14771.25,7365.93,1811.94
,,,,,,,6333,4135.95,3939,3229.98,10832.25,14259.18,23397.66,14771.25,7365.93,1811.94
,,,,,,,6334,4135.95,3939,3229.98,10832.25,14259.18,23397.66,14771.25,7365.93,1811.94
,,,,,,,6335,4135.95,3939,3229.98,10832.25,14259.18,23397.66,14771.25,7365.93,1811.94
,,,,,,,6336,4135.95,3939,3229.98,10832.25,14259.18,23397.66,14771.25,7365.93,1811.94
,,,,,,,6337,4135.95,3939,3229.98,10832.25,14259.18,23397.66,14771.25,7365.93,1811.94
,,,,,,,6338,4135.95,3939,3229.98,10832.25,14259.18,23397.66,14771.25,7365.93,1811.94
,,,,,,,6339,4135.95,3939,3229.98,10832.25,14259.18,23397.66,14771.25,7365.93,1811.94
,,,,,,,6340,4135.95,3939,3229.98,10832.25,14259.18,23397.66,14771.25,7365.93,1811.94
,,,,,,,6341,4135.95,3939,3229.98,10832.25,14259.18,23397.66,14771.25,7365.93,1811.94
,,,,,,,6342,4135.95,3939,3229.98,10832.25,14259.18,23397.66,14771.25,7365.93,1811.94
,,,,,,,6343,4135.95,3939,3229.98,10832.25,14259.18,23397.66,14771.25,7365.93,1811.94
,,,,,,,6344,4135.95,3939,3229.98,10832.25,14259.18,23397.66,14771.25,7365.93,1811.94
,,,,,,,6345,4135.95,3939,3229.98,10832.25,14259.18,23397.66,14771.25,7365.93,1811.94
,,,,,,,6346,4135.95,3939,3229.98,10832.25,14259.18,23397.66,14771.25,7365.93,1811.94
,,,,,,,6347,4135.95,3939,3229.98,10832.25,14259.18,23397.66,14771.25,7365.93,1811.94
,,,,,,,6348,4135.95,3939,3229.98,10832.25,14259.18,23397.66,14771.25,7365.93,1811.94
,,,,,,,6349,4135.95,3939,3229.98,10832.25,14259.18,23397.66,14771.25,7365.93,1811.94
,,,,,,,6350,4135.95,3939,3229.98,10832.25,14259.18,23397.66,14771.25,7365.93,1811.94
,,,,,,,6351,4135.95,3939,3229.98,10832.25,14259.18,23397.66,14771.25,7365.93,1811.94
,,,,,,,6352,4135.95,3939,3229.98,10832.25,14259.18,23397.66,14771.25,7365.93,1811.94
,,,,,,,6353,4135.95,3939,3229.98,10832.25,14259.18,23397.66,14771.25,7365.93,1811.94
,,,,,,,6354,4135.95,3939,3229.98,10832.25,14259.18,23397.66,14771.25,7365.93,1811.94
,,,,,,,6355,4135.95,3939,3229.98,10832.25,14259.18,23397.66,14771.25,7365.93,1811.94
,,,,,,,6356,4135.95,3939,3229.98,10832.25,14259.18,23397.66,14771.25,7365.93,1811.94
,,,,,,,6357,4135.95,3939,3229.98,10832.25,14259.18,23397.66,14771.25,7365.93,1811.94
,,,,,,,6358,4135.95,3939,3229.98,10832.25,14259.18,23397.66,14771.25,7365.93,1811.94
,,,,,,,6359,4135.95,3939,3229.98,10832.25,14259.18,23397.66,14771.25,7365.93,1811.94
,,,,,,,6360,4135.95,3939,3229.98,10832.25,14259.18,23397.66,14771.25,7365.93,1811.94
,,,,,,,6361,4135.95,3939,3229.98,10832.25,14259.18,23397.66,14771.25,7365.93,1811.94
,,,,,,,6362,4135.95,3939,3229.98,10832.25,14259.18,23397.66,14771.25,7365.93,1811.94
,,,,,,,6363,4135.95,3939,3229.98,10832.25,14259.18,23397.66,14771.25,7365.93,1811.94
,,,,,,,6364,4135.95,3939,3229.98,10832.25,14259.18,23397.66,14771.25,7365.93,1811.94
,,,,,,,6365,4135.95,3939,3229.98,10832.25,14259.18,23397.66,14771.25,7365.93,1811.94
,,,,,,,6366,4135.95,3939,3229.98,10832.25,14259.18,23397.66,14771.25,7365.93,1811.94
,,,,,,,6367,4135.95,3939,3229.98,10832.25,14259.18,23397.66,14771.25,7365.93,1811.94
,,,,,,,6368,4135.95,3939,3229.98,10832.25,14259.18,23397.66,14771.25,7365.93,1811.94
,,,,,,,6369,4135.95,3939,3229.98,10832.25,14259.18,23397.66,14771.25,7365.93,1811.94
,,,,,,,6370,4135.95,3939,3229.98,10832.25,14259.18,23397.66,14771.25,7365.93,1811.94
,,,,,,,6371,4135.95,3939,3229.98,10832.25,14259.18,23397.66,14771.25,7365.93,1811.94
,,,,,,,6372,4135.95,3939,3229.98,10832.25,14259.18,23397.66,14771.25,7365.93,1811.94
,,,,,,,6373,4135.95,3939,3229.98,10832.25,14259.18,23397.66,14771.25,7365.93,1811.94
,,,,,,,6374,4135.95,3939,3229.98,10832.25,14259.18,23397.66,14771.25,7365.93,1811.94
,,,,,,,6375,4135.95,3939,3229.98,10832.25,14259.18,23397.66,14771.25,7365.93,1811.94
,,,,,,,6376,4135.95,3939,3229.98,10832.25,14259.18,23397.66,14771.25,7365.93,1811.94
,,,,,,,6377,4135.95,3939,3229.98,10832.25,14259.18,23397.66,14771.25,7365.93,1811.94
,,,,,,,6378,4135.95,3939,3229.98,10832.25,14259.18,23397.66,14771.25,7365.93,1811.94
,,,,,,,6379,4135.95,3939,3229.98,10832.25,14259.18,23397.66,14771.25,7365.93,1811.94
,,,,,,,6380,4135.95,3939,3229.98,10832.25,14259.18,23397.66,14771.25,7365.93,1811.94
,,,,,,,6381,4135.95,3939,3229.98,10832.25,14259.18,23397.66,14771.25,7365.93,1811.94
,,,,,,,6382,4135.95,3939,3229.98,10832.25,14259.18,23397.66,14771.25,7365.93,1811.94
,,,,,,,6383,4135.95,3939,3229.98,10832.25,14259.18,23397.66,14771.25,7365.93,1811.94
,,,,,,,6384,4135.95,3939,3229.98,10832.25,14259.18,23397.66,14771.25,7365.93,1811.94
,,,,,,,6385,4135.95,3939,3229.98,10832.25,14259.18,23397.66,14771.25,7365.93,1811.94
,,,,,,,6386,4135.95,3939,3229.98,10832.25,14259.18,23397.66,14771.25,7365.93,1811.94
,,,,,,,6387,4135.95,3939,3229.98,10832.25,14259.18,23397.66,14771.25,7365.93,1811.94
,,,,,,,6388,4135.95,3939,3229.98,10832.25,14259.18,23397.66,14771.25,7365.93,1811.94
,,,,,,,6389,4135.95,3939,3229.98,10832.25,14259.18,23397.66,14771.25,7365.93,1811.94
,,,,,,,6390,4135.95,3939,3229.98,10832.25,14259.18,23397.66,14771.25,7365.93,1811.94
,,,,,,,6391,4135.95,3939,3229.98,10832.25,14259.18,23397.66,14771.25,7365.93,1811.94
,,,,,,,6392,4135.95,3939,3229.98,10832.25,14259.18,23397.66,14771.25,7365.93,1811.94
,,,,,,,6393,4135.95,3939,3229.98,10832.25,14259.18,23397.66,14771.25,7365.93,1811.94
,,,,,,,6394,4135.95,3939,3229.98,10832.25,14259.18,23397.66,14771.25,7365.93,1811.94
,,,,,,,6395,4135.95,3939,3229.98,10832.25,14259.18,23397.66,14771.25,7365.93,1811.94
,,,,,,,6396,4135.95,3939,3229.98,10832.25,14259.18,23397.66,14771.25,7365.93,1811.94
,,,,,,,6397,4135.95,3939,3229.98,10832.25,14259.18,23397.66,14771.25,7365.93,1811.94
,,,,,,,6398,4135.95,3939,3229.98,10832.25,14259.18,23397.66,14771.25,7365.93,1811.94
,,,,,,,6399,4135.95,3939,3229.98,10832.25,14259.18,23397.66,14771.25,7365.93,1811.94
,,,,,,,6400,4135.95,3939,3229.98,10832.25,14259.18,23397.66,14771.25,7365.93,1811.94
,,,,,,,6401,4135.95,3939,3229.98,10832.25,14259.18,23397.66,14771.25,7365.93,1811.94
,,,,,,,6402,4135.95,3939,3229.98,10832.25,14259.18,23397.66,14771.25,7365.93,1811.94
,,,,,,,6403,4135.95,3939,3229.98,10832.25,14259.18,23397.66,14771.25,7365.93,1811.94
,,,,,,,6404,4135.95,3939,3229.98,10832.25,14259.18,23397.66,14771.25,7365.93,1811.94
,,,,,,,6405,4135.95,3939,3229.98,10832.25,14259.18,23397.66,14771.25,7365.93,1811.94
,,,,,,,6406,4135.95,3939,3229.98,10832.25,14259.18,23397.66,14771.25,7365.93,1811.94
,,,,,,,6407,4135.95,3939,3229.98,10832.25,14259.18,23397.66,14771.25,7365.93,1811.94
,,,,,,,6408,4135.95,3939,3229.98,10832.25,14259.18,23397.66,14771.25,7365.93,1811.94
,,,,,,,6409,4135.95,3939,3229.98,10832.25,14259.18,23397.66,14771.25,7365.93,1811.94
,,,,,,,6410,4135.95,3939,3229.98,10832.25,14259.18,23397.66,14771.25,7365.93,1811.94
,,,,,,,6411,4135.95,3939,3229.98,10832.25,14259.18,23397.66,14771.25,7365.93,1811.94
,,,,,,,6412,4135.95,3939,3229.98,10832.25,14259.18,23397.66,14771.25,7365.93,1811.94
,,,,,,,6413,4135.95,3939,3229.98,10832.25,14259.18,23397.66,14771.25,7365.93,1811.94
,,,,,,,6414,4135.95,3939,3229.98,10832.25,14259.18,23397.66,14771.25,7365.93,1811.94
,,,,,,,6415,4135.95,3939,3229.98,10832.25,14259.18,23397.66,14771.25,7365.93,1811.94
,,,,,,,6416,4135.95,3939,3229.98,10832.25,14259.18,23397.66,14771.25,7365.93,1811.94
,,,,,,,6417,4135.95,3939,3229.98,10832.25,14259.18,23397.66,14771.25,7365.93,1811.94
,,,,,,,6418,4135.95,3939,3229.98,10832.25,14259.18,23397.66,14771.25,7365.93,1811.94
,,,,,,,6419,4135.95,3939,3229.98,10832.25,14259.18,23397.66,14771.25,7365.93,1811.94
,,,,,,,6420,4135.95,3939,3229.98,10832.25,14259.18,23397.66,14771.25,7365.93,1811.94
,,,,,,,6421,4135.95,3939,3229.98,10832.25,14259.18,23397.66,14771.25,7365.93,1811.94
,,,,,,,6422,4135.95,3939,3229.98,10832.25,14259.18,23397.66,14771.25,7365.93,1811.94
,,,,,,,6423,4135.95,3939,3229.98,10832.25,14259.18,23397.66,14771.25,7365.93,1811.94
,,,,,,,6424,4135.95,3939,3229.98,10832.25,14259.18,23397.66,14771.25,7365.93,1811.94
,,,,,,,6425,4135.95,3939,3229.98,10832.25,14259.18,23397.66,14771.25,7365.93,1811.94
,,,,,,,6426,4135.95,3939,3229.98,10832.25,14259.18,23397.66,14771.25,7365.93,1811.94
,,,,,,,6427,4135.95,3939,3229.98,10832.25,14259.18,23397.66,14771.25,7365.93,1811.94
,,,,,,,6428,4135.95,3939,3229.98,10832.25,14259.18,23397.66,14771.25,7365.93,1811.94
,,,,,,,6429,4135.95,3939,3229.98,10832.25,14259.18,23397.66,14771.25,7365.93,1811.94
,,,,,,,6430,4135.95,3939,3229.98,10832.25,14259.18,23397.66,14771.25,7365.93,1811.94
,,,,,,,6431,4135.95,3939,3229.98,10832.25,14259.18,23397.66,14771.25,7365.93,1811.94
,,,,,,,6432,4135.95,3939,3229.98,10832.25,14259.18,23397.66,14771.25,7365.93,1811.94
,,,,,,,6433,4135.95,3939,3229.98,10832.25,14259.18,23397.66,14771.25,7365.93,1811.94
,,,,,,,6434,4135.95,3939,3229.98,10832.25,14259.18,23397.66,14771.25,7365.93,1811.94
,,,,,,,6435,4135.95,3939,3229.98,10832.25,14259.18,23397.66,14771.25,7365.93,1811.94
,,,,,,,6436,4135.95,3939,3229.98,10832.25,14259.18,23397.66,14771.25,7365.93,1811.94
,,,,,,,6437,4135.95,3939,3229.98,10832.25,14259.18,23397.66,14771.25,7365.93,1811.94
,,,,,,,6438,4135.95,3939,3229.98,10832.25,14259.18,23397.66,14771.25,7365.93,1811.94
,,,,,,,6439,4135.95,3939,3229.98,10832.25,14259.18,23397.66,14771.25,7365.93,1811.94
,,,,,,,6440,4135.95,3939,3229.98,10832.25,14259.18,23397.66,14771.25,7365.93,1811.94
,,,,,,,6441,4135.95,3939,3229.98,10832.25,14259.18,23397.66,14771.25,7365.93,1811.94
,,,,,,,6442,4135.95,3939,3229.98,10832.25,14259.18,23397.66,14771.25,7365.93,1811.94
,,,,,,,6443,4135.95,3939,3229.98,10832.25,14259.18,23397.66,14771.25,7365.93,1811.94
,,,,,,,6444,4135.95,3939,3229.98,10832.25,14259.18,23397.66,14771.25,7365.93,1811.94
,,,,,,,6445,4135.95,3939,3229.98,10832.25,14259.18,23397.66,14771.25,7365.93,1811.94
,,,,,,,6446,4135.95,3939,3229.98,10832.25,14259.18,23397.66,14771.25,7365.93,1811.94
,,,,,,,6447,4135.95,3939,3229.98,10832.25,14259.18,23397.66,14771.25,7365.93,1811.94
,,,,,,,6448,4135.95,3939,3229.98,10832.25,14259.18,23397.66,14771.25,7365.93,1811.94
,,,,,,,6449,4135.95,3939,3229.98,10832.25,14259.18,23397.66,14771.25,7365.93,1811.94
,,,,,,,6450,4135.95,3939,3229.98,10832.25,14259.18,23397.66,14771.25,7365.93,1811.94
,,,,,,,6451,4135.95,3939,3229.98,10832.25,14259.18,23397.66,14771.25,7365.93,1811.94
,,,,,,,6452,4135.95,3939,3229.98,10832.25,14259.18,23397.66,14771.25,7365.93,1811.94
,,,,,,,6453,4135.95,3939,3229.98,10832.25,14259.18,23397.66,14771.25,7365.93,1811.94
,,,,,,,6454,4135.95,3939,3229.98,10832.25,14259.18,23397.66,14771.25,7365.93,1811.94
,,,,,,,6455,4135.95,3939,3229.98,10832.25,14259.18,23397.66,14771.25,7365.93,1811.94
,,,,,,,6456,4135.95,3939,3229.98,10832.25,14259.18,23397.66,14771.25,7365.93,1811.94
,,,,,,,6457,4135.95,3939,3229.98,10832.25,14259.18,23397.66,14771.25,7365.93,1811.94
,,,,,,,6458,4135.95,3939,3229.98,10832.25,14259.18,23397.66,14771.25,7365.93,1811.94
,,,,,,,6459,4135.95,3939,3229.98,10832.25,14259.18,23397.66,14771.25,7365.93,1811.94
,,,,,,,6460,4135.95,3939,3229.98,10832.25,14259.18,23397.66,14771.25,7365.93,1811.94
,,,,,,,6461,4135.95,3939,3229.98,10832.25,14259.18,23397.66,14771.25,7365.93,1811.94
,,,,,,,6462,4135.95,3939,3229.98,10832.25,14259.18,23397.66,14771.25,7365.93,1811.94
,,,,,,,6463,4135.95,3939,3229.98,10832.25,14259.18,23397.66,14771.25,7365.93,1811.94
,,,,,,,6464,4135.95,3939,3229.98,10832.25,14259.18,23397.66,14771.25,7365.93,1811.94
,,,,,,,6465,4135.95,3939,3229.98,10832.25,14259.18,23397.66,14771.25,7365.93,1811.94
,,,,,,,6466,4135.95,3939,3229.98,10832.25,14259.18,23397.66,14771.25,7365.93,1811.94
,,,,,,,6467,4135.95,3939,3229.98,10832.25,14259.18,23397.66,14771.25,7365.93,1811.94
,,,,,,,6468,4135.95,3939,3229.98,10832.25,14259.18,23397.66,14771.25,7365.93,1811.94
,,,,,,,6469,4135.95,3939,3229.98,10832.25,14259.18,23397.66,14771.25,7365.93,1811.94
,,,,,,,6470,4135.95,3939,3229.98,10832.25,14259.18,23397.66,14771.25,7365.93,1811.94
,,,,,,,6471,4135.95,3939,3229.98,10832.25,14259.18,23397.66,14771.25,7365.93,1811.94
,,,,,,,6472,4135.95,3939,3229.98,10832.25,14259.18,23397.66,14771.25,7365.93,1811.94
,,,,,,,6473,4135.95,3939,3229.98,10832.25,14259.18,23397.66,14771.25,7365.93,1811.94
,,,,,,,6474,4135.95,3939,3229.98,10832.25,14259.18,23397.66,14771.25,7365.93,1811.94
,,,,,,,6475,4135.95,3939,3229.98,10832.25,14259.18,23397.66,14771.25,7365.93,1811.94
,,,,,,,6476,4135.95,3939,3229.98,10832.25,14259.18,23397.66,14771.25,7365.93,1811.94
,,,,,,,6477,4135.95,3939,3229.98,10832.25,14259.18,23397.66,14771.25,7365.93,1811.94
,,,,,,,6478,4135.95,3939,3229.98,10832.25,14259.18,23397.66,14771.25,7365.93,1811.94
,,,,,,,6479,4135.95,3939,3229.98,10832.25,14259.18,23397.66,14771.25,7365.93,1811.94
,,,,,,,6480,4135.95,3939,3229.98,10832.25,14259.18,23397.66,14771.25,7365.93,1811.94
,,,,,,,6481,4135.95,3939,3229.98,10832.25,14259.18,23397.66,14771.25,7365.93,1811.94
,,,,,,,6482,4135.95,3939,3229.98,10832.25,14259.18,23397.66,14771.25,7365.93,1811.94
,,,,,,,6483,4135.95,3939,3229.98,10832.25,14259.18,23397.66,14771.25,7365.93,1811.94
,,,,,,,6484,4135.95,3939,3229.98,10832.25,14259.18,23397.66,14771.25,7365.93,1811.94
,,,,,,,6485,4135.95,3939,3229.98,10832.25,14259.18,23397.66,14771.25,7365.93,1811.94
,,,,,,,6486,4135.95,3939,3229.98,10832.25,14259.18,23397.66,14771.25,7365.93,1811.94
,,,,,,,6487,4135.95,3939,3229.98,10832.25,14259.18,23397.66,14771.25,7365.93,1811.94
,,,,,,,6488,4135.95,3939,3229.98,10832.25,14259.18,23397.66,14771.25,7365.93,1811.94
,,,,,,,6489,4135.95,3939,3229.98,10832.25,14259.18,23397.66,14771.25,7365.93,1811.94
,,,,,,,6490,4135.95,3939,3229.98,10832.25,14259.18,23397.66,14771.25,7365.93,1811.94
,,,,,,,6491,4135.95,3939,3229.98,10832.25,14259.18,23397.66,14771.25,7365.93,1811.94
,,,,,,,6492,4135.95,3939,3229.98,10832.25,14259.18,23397.66,14771.25,7365.93,1811.94
,,,,,,,6493,4135.95,3939,3229.98,10832.25,14259.18,23397.66,14771.25,7365.93,1811.94
,,,,,,,6494,4135.95,3939,3229.98,10832.25,14259.18,23397.66,14771.25,7365.93,1811.94
,,,,,,,6495,4135.95,3939,3229.98,10832.25,14259.18,23397.66,14771.25,7365.93,1811.94
,,,,,,,6496,4135.95,3939,3229.98,10832.25,14259.18,23397.66,14771.25,7365.93,1811.94
,,,,,,,6497,4135.95,3939,3229.98,10832.25,14259.18,23397.66,14771.25,7365.93,1811.94
,,,,,,,6498,4135.95,3939,3229.98,10832.25,14259.18,23397.66,14771.25,7365.93,1811.94
,,,,,,,6499,4135.95,3939,3229.98,10832.25,14259.18,23397.66,14771.25,7365.93,1811.94
,,,,,,,6500,4135.95,3939,3229.98,10832.25,14259.18,23397.66,14771.25,7365.93,1811.94
,,,,,,,6501,4135.95,3939,3229.98,10832.25,14259.18,23397.66,14771.25,7365.93,1811.94
,,,,,,,6502,4135.95,3939,3229.98,10832.25,14259.18,23397.66,14771.25,7365.93,1811.94
,,,,,,,6503,4135.95,3939,3229.98,10832.25,14259.18,23397.66,14771.25,7365.93,1811.94
,,,,,,,6504,4135.95,3939,3229.98,10832.25,14259.18,23397.66,14771.25,7365.93,1811.94
,,,,,,,6505,4135.95,3939,3229.98,10832.25,14259.18,23397.66,14771.25,7365.93,1811.94
,,,,,,,6506,4135.95,3939,3229.98,10832.25,14259.18,23397.66,14771.25,7365.93,1811.94
,,,,,,,6507,4135.95,3939,3229.98,10832.25,14259.18,23397.66,14771.25,7365.93,1811.94
,,,,,,,6508,4135.95,3939,3229.98,10832.25,14259.18,23397.66,14771.25,7365.93,1811.94
,,,,,,,6509,4135.95,3939,3229.98,10832.25,14259.18,23397.66,14771.25,7365.93,1811.94
,,,,,,,6510,4135.95,3939,3229.98,10832.25,14259.18,23397.66,14771.25,7365.93,1811.94
,,,,,,,6511,4135.95,3939,3229.98,10832.25,14259.18,23397.66,14771.25,7365.93,1811.94
,,,,,,,6512,4135.95,3939,3229.98,10832.25,14259.18,23397.66,14771.25,7365.93,1811.94
,,,,,,,6513,4135.95,3939,3229.98,10832.25,14259.18,23397.66,14771.25,7365.93,1811.94
,,,,,,,6514,4135.95,3939,3229.98,10832.25,14259.18,23397.66,14771.25,7365.93,1811.94
,,,,,,,6515,4135.95,3939,3229.98,10832.25,14259.18,23397.66,14771.25,7365.93,1811.94
,,,,,,,6516,4135.95,3939,3229.98,10832.25,14259.18,23397.66,14771.25,7365.93,1811.94
,,,,,,,6517,4135.95,3939,3229.98,10832.25,14259.18,23397.66,14771.25,7365.93,1811.94
,,,,,,,6518,4135.95,3939,3229.98,10832.25,14259.18,23397.66,14771.25,7365.93,1811.94
,,,,,,,6519,4135.95,3939,3229.98,10832.25,14259.18,23397.66,14771.25,7365.93,1811.94
,,,,,,,6520,4135.95,3939,3229.98,10832.25,14259.18,23397.66,14771.25,7365.93,1811.94
,,,,,,,6521,4135.95,3939,3229.98,10832.25,14259.18,23397.66,14771.25,7365.93,1811.94
,,,,,,,6522,4135.95,3939,3229.98,10832.25,14259.18,23397.66,14771.25,7365.93,1811.94
,,,,,,,6523,4135.95,3939,3229.98,10832.25,14259.18,23397.66,14771.25,7365.93,1811.94
,,,,,,,6524,4135.95,3939,3229.98,10832.25,14259.18,23397.66,14771.25,7365.93,1811.94
,,,,,,,6525,4135.95,3939,3229.98,10832.25,14259.18,23397.66,14771.25,7365.93,1811.94
,,,,,,,6526,4135.95,3939,3229.98,10832.25,14259.18,23397.66,14771.25,7365.93,1811.94
,,,,,,,6527,4135.95,3939,3229.98,10832.25,14259.18,23397.66,14771.25,7365.93,1811.94
,,,,,,,6528,4135.95,3939,3229.98,10832.25,14259.18,23397.66,14771.25,7365.93,1811.94
,,,,,,,6529,4135.95,3939,3229.98,10832.25,14259.18,23397.66,14771.25,7365.93,1811.94
,,,,,,,6530,4135.95,3939,3229.98,10832.25,14259.18,23397.66,14771.25,7365.93,1811.94
,,,,,,,6531,4135.95,3939,3229.98,10832.25,14259.18,23397.66,14771.25,7365.93,1811.94
,,,,,,,6532,4135.95,3939,3229.98,10832.25,14259.18,23397.66,14771.25,7365.93,1811.94
,,,,,,,6533,4135.95,3939,3229.98,10832.25,14259.18,23397.66,14771.25,7365.93,1811.94
,,,,,,,6534,4135.95,3939,3229.98,10832.25,14259.18,23397.66,14771.25,7365.93,1811.94
,,,,,,,6535,4135.95,3939,3229.98,10832.25,14259.18,23397.66,14771.25,7365.93,1811.94
,,,,,,,6536,4135.95,3939,3229.98,10832.25,14259.18,23397.66,14771.25,7365.93,1811.94
,,,,,,,6537,4135.95,3939,3229.98,10832.25,14259.18,23397.66,14771.25,7365.93,1811.94
,,,,,,,6538,4135.95,3939,3229.98,10832.25,14259.18,23397.66,14771.25,7365.93,1811.94
,,,,,,,6539,4135.95,3939,3229.98,10832.25,14259.18,23397.66,14771.25,7365.93,1811.94
,,,,,,,6540,4135.95,3939,3229.98,10832.25,14259.18,23397.66,14771.25,7365.93,1811.94
,,,,,,,6541,4135.95,3939,3229.98,10832.25,14259.18,23397.66,14771.25,7365.93,1811.94
,,,,,,,6542,4135.95,3939,3229.98,10832.25,14259.18,23397.66,14771.25,7365.93,1811.94
,,,,,,,6543,4135.95,3939,3229.98,10832.25,14259.18,23397.66,14771.25,7365.93,1811.94
,,,,,,,6544,4135.95,3939,3229.98,10832.25,14259.18,23397.66,14771.25,7365.93,1811.94
,,,,,,,6545,4135.95,3939,3229.98,10832.25,14259.18,23397.66,14771.25,7365.93,1811.94
,,,,,,,6546,4135.95,3939,3229.98,10832.25,14259.18,23397.66,14771.25,7365.93,1811.94
,,,,,,,6547,4135.95,3939,3229.98,10832.25,14259.18,23397.66,14771.25,7365.93,1811.94
,,,,,,,6548,4135.95,3939,3229.98,10832.25,14259.18,23397.66,14771.25,7365.93,1811.94
,,,,,,,6549,4135.95,3939,3229.98,10832.25,14259.18,23397.66,14771.25,7365.93,1811.94
,,,,,,,6550,4135.95,3939,3229.98,10832.25,14259.18,23397.66,14771.25,7365.93,1811.94
,,,,,,,6551,4135.95,3939,3229.98,10832.25,14259.18,23397.66,14771.25,7365.93,1811.94
,,,,,,,6552,4135.95,3939,3229.98,10832.25,14259.18,23397.66,14771.25,7365.93,1811.94
,,,,,,,6553,4135.95,3939,3229.98,10832.25,14259.18,23397.66,14771.25,7365.93,1811.94
,,,,,,,6554,4135.95,3939,3229.98,10832.25,14259.18,23397.66,14771.25,7365.93,1811.94
,,,,,,,6555,4135.95,3939,3229.98,10832.25,14259.18,23397.66,14771.25,7365.93,1811.94
,,,,,,,6556,4135.95,3939,3229.98,10832.25,14259.18,23397.66,14771.25,7365.93,1811.94
,,,,,,,6557,4135.95,3939,3229.98,10832.25,14259.18,23397.66,14771.25,7365.93,1811.94
,,,,,,,6558,4135.95,3939,3229.98,10832.25,14259.18,23397.66,14771.25,7365.93,1811.94
,,,,,,,6559,4135.95,3939,3229.98,10832.25,14259.18,23397.66,14771.25,7365.93,1811.94
,,,,,,,6560,4135.95,3939,3229.98,10832.25,14259.18,23397.66,14771.25,7365.93,1811.94
,,,,,,,6561,4135.95,3939,3229.98,10832.25,14259.18,23397.66,14771.25,7365.93,1811.94
,,,,,,,6562,4135.95,3939,3229.98,10832.25,14259.18,23397.66,14771.25,7365.93,1811.94
,,,,,,,6563,4135.95,3939,3229.98,10832.25,14259.18,23397.66,14771.25,7365.93,1811.94
,,,,,,,6564,4135.95,3939,3229.98,10832.25,14259.18,23397.66,14771.25,7365.93,1811.94
,,,,,,,6565,4135.95,3939,3229.98,10832.25,14259.18,23397.66,14771.25,7365.93,1811.94
,,,,,,,6566,4135.95,3939,3229.98,10832.25,14259.18,23397.66,14771.25,7365.93,1811.94
,,,,,,,6567,4135.95,3939,3229.98,10832.25,14259.18,23397.66,14771.25,7365.93,1811.94
,,,,,,,6568,4135.95,3939,3229.98,10832.25,14259.18,23397.66,14771.25,7365.93,1811.94
,,,,,,,6569,4135.95,3939,3229.98,10832.25,14259.18,23397.66,14771.25,7365.93,1811.94
,,,,,,,6570,4135.95,3939,3229.98,10832.25,14259.18,23397.66,14771.25,7365.93,1811.94
,,,,,,,6571,4135.95,3939,3229.98,10832.25,14259.18,23397.66,14771.25,7365.93,1811.94
,,,,,,,6572,4135.95,3939,3229.98,10832.25,14259.18,23397.66,14771.25,7365.93,1811.94
,,,,,,,6573,4135.95,3939,3229.98,10832.25,14259.18,23397.66,14771.25,7365.93,1811.94
,,,,,,,6574,4135.95,3939,3229.98,10832.25,14259.18,23397.66,14771.25,7365.93,1811.94
,,,,,,,6575,4135.95,3939,3229.98,10832.25,14259.18,23397.66,14771.25,7365.93,1811.94
,,,,,,,6576,4135.95,3939,3229.98,10832.25,14259.18,23397.66,14771.25,7365.93,1811.94
,,,,,,,6577,4135.95,3939,3229.98,10832.25,14259.18,23397.66,14771.25,7365.93,1811.94
,,,,,,,6578,4135.95,3939,3229.98,10832.25,14259.18,23397.66,14771.25,7365.93,1811.94
,,,,,,,6579,4135.95,3939,3229.98,10832.25,14259.18,23397.66,14771.25,7365.93,1811.94
,,,,,,,6580,4135.95,3939,3229.98,10832.25,14259.18,23397.66,14771.25,7365.93,1811.94
,,,,,,,6581,4135.95,3939,3229.98,10832.25,14259.18,23397.66,14771.25,7365.93,1811.94
,,,,,,,6582,4135.95,3939,3229.98,10832.25,14259.18,23397.66,14771.25,7365.93,1811.94
,,,,,,,6583,4135.95,3939,3229.98,10832.25,14259.18,23397.66,14771.25,7365.93,1811.94
,,,,,,,6584,4135.95,3939,3229.98,10832.25,14259.18,23397.66,14771.25,7365.93,1811.94
,,,,,,,6585,4135.95,3939,3229.98,10832.25,14259.18,23397.66,14771.25,7365.93,1811.94
,,,,,,,6586,4135.95,3939,3229.98,10832.25,14259.18,23397.66,14771.25,7365.93,1811.94
,,,,,,,6587,4135.95,3939,3229.98,10832.25,14259.18,23397.66,14771.25,7365.93,1811.94
,,,,,,,6588,4135.95,3939,3229.98,10832.25,14259.18,23397.66,14771.25,7365.93,1811.94
,,,,,,,6589,4135.95,3939,3229.98,10832.25,14259.18,23397.66,14771.25,7365.93,1811.94
,,,,,,,6590,4135.95,3939,3229.98,10832.25,14259.18,23397.66,14771.25,7365.93,1811.94
,,,,,,,6591,4135.95,3939,3229.98,10832.25,14259.18,23397.66,14771.25,7365.93,1811.94
,,,,,,,6592,4135.95,3939,3229.98,10832.25,14259.18,23397.66,14771.25,7365.93,1811.94
,,,,,,,6593,4135.95,3939,3229.98,10832.25,14259.18,23397.66,14771.25,7365.93,1811.94
,,,,,,,6594,4135.95,3939,3229.98,10832.25,14259.18,23397.66,14771.25,7365.93,1811.94
,,,,,,,6595,4135.95,3939,3229.98,10832.25,14259.18,23397.66,14771.25,7365.93,1811.94
,,,,,,,6596,4135.95,3939,3229.98,10832.25,14259.18,23397.66,14771.25,7365.93,1811.94
,,,,,,,6597,4135.95,3939,3229.98,10832.25,14259.18,23397.66,14771.25,7365.93,1811.94
,,,,,,,6598,4135.95,3939,3229.98,10832.25,14259.18,23397.66,14771.25,7365.93,1811.94
,,,,,,,6599,4135.95,3939,3229.98,10832.25,14259.18,23397.66,14771.25,7365.93,1811.94
,,,,,,,6600,4135.95,3939,3229.98,10832.25,14259.18,23397.66,14771.25,7365.93,1811.94
,,,,,,,6601,4135.95,3939,3229.98,10832.25,14259.18,23397.66,14771.25,7365.93,1811.94
,,,,,,,6602,4135.95,3939,3229.98,10832.25,14259.18,23397.66,14771.25,7365.93,1811.94
,,,,,,,6603,4135.95,3939,3229.98,10832.25,14259.18,23397.66,14771.25,7365.93,1811.94
,,,,,,,6604,4135.95,3939,3229.98,10832.25,14259.18,23397.66,14771.25,7365.93,1811.94
,,,,,,,6605,4135.95,3939,3229.98,10832.25,14259.18,23397.66,14771.25,7365.93,1811.94
,,,,,,,6606,4135.95,3939,3229.98,10832.25,14259.18,23397.66,14771.25,7365.93,1811.94
,,,,,,,6607,4135.95,3939,3229.98,10832.25,14259.18,23397.66,14771.25,7365.93,1811.94
,,,,,,,6608,4135.95,3939,3229.98,10832.25,14259.18,23397.66,14771.25,7365.93,1811.94
,,,,,,,6609,4135.95,3939,3229.98,10832.25,14259.18,23397.66,14771.25,7365.93,1811.94
,,,,,,,6610,4135.95,3939,3229.98,10832.25,14259.18,23397.66,14771.25,7365.93,1811.94
,,,,,,,6611,4135.95,3939,3229.98,10832.25,14259.18,23397.66,14771.25,7365.93,1811.94
,,,,,,,6612,4135.95,3939,3229.98,10832.25,14259.18,23397.66,14771.25,7365.93,1811.94
,,,,,,,6613,4135.95,3939,3229.98,10832.25,14259.18,23397.66,14771.25,7365.93,1811.94
,,,,,,,6614,4135.95,3939,3229.98,10832.25,14259.18,23397.66,14771.25,7365.93,1811.94
,,,,,,,6615,4135.95,3939,3229.98,10832.25,14259.18,23397.66,14771.25,7365.93,1811.94
,,,,,,,6616,4135.95,3939,3229.98,10832.25,14259.18,23397.66,14771.25,7365.93,1811.94
,,,,,,,6617,4135.95,3939,3229.98,10832.25,14259.18,23397.66,14771.25,7365.93,1811.94
,,,,,,,6618,4135.95,3939,3229.98,10832.25,14259.18,23397.66,14771.25,7365.93,1811.94
,,,,,,,6619,4135.95,3939,3229.98,10832.25,14259.18,23397.66,14771.25,7365.93,1811.94
,,,,,,,6620,4135.95,3939,3229.98,10832.25,14259.18,23397.66,14771.25,7365.93,1811.94
,,,,,,,6621,4135.95,3939,3229.98,10832.25,14259.18,23397.66,14771.25,7365.93,1811.94
,,,,,,,6622,4135.95,3939,3229.98,10832.25,14259.18,23397.66,14771.25,7365.93,1811.94
,,,,,,,6623,4135.95,3939,3229.98,10832.25,14259.18,23397.66,14771.25,7365.93,1811.94
,,,,,,,6624,4135.95,3939,3229.98,10832.25,14259.18,23397.66,14771.25,7365.93,1811.94
,,,,,,,6625,4135.95,3939,3229.98,10832.25,14259.18,23397.66,14771.25,7365.93,1811.94
,,,,,,,6626,4135.95,3939,3229.98,10832.25,14259.18,23397.66,14771.25,7365.93,1811.94
,,,,,,,6627,4135.95,3939,3229.98,10832.25,14259.18,23397.66,14771.25,7365.93,1811.94
,,,,,,,6628,4135.95,3939,3229.98,10832.25,14259.18,23397.66,14771.25,7365.93,1811.94
,,,,,,,6629,4135.95,3939,3229.98,10832.25,14259.18,23397.66,14771.25,7365.93,1811.94
,,,,,,,6630,4135.95,3939,3229.98,10832.25,14259.18,23397.66,14771.25,7365.93,1811.94
,,,,,,,6631,4135.95,3939,3229.98,10832.25,14259.18,23397.66,14771.25,7365.93,1811.94
,,,,,,,6632,4135.95,3939,3229.98,10832.25,14259.18,23397.66,14771.25,7365.93,1811.94
,,,,,,,6633,4135.95,3939,3229.98,10832.25,14259.18,23397.66,14771.25,7365.93,1811.94
,,,,,,,6634,4135.95,3939,3229.98,10832.25,14259.18,23397.66,14771.25,7365.93,1811.94
,,,,,,,6635,4135.95,3939,3229.98,10832.25,14259.18,23397.66,14771.25,7365.93,1811.94
,,,,,,,6636,4135.95,3939,3229.98,10832.25,14259.18,23397.66,14771.25,7365.93,1811.94
,,,,,,,6637,4135.95,3939,3229.98,10832.25,14259.18,23397.66,14771.25,7365.93,1811.94
,,,,,,,6638,4135.95,3939,3229.98,10832.25,14259.18,23397.66,14771.25,7365.93,1811.94
,,,,,,,6639,4135.95,3939,3229.98,10832.25,14259.18,23397.66,14771.25,7365.93,1811.94
,,,,,,,6640,4135.95,3939,3229.98,10832.25,14259.18,23397.66,14771.25,7365.93,1811.94
,,,,,,,6641,4135.95,3939,3229.98,10832.25,14259.18,23397.66,14771.25,7365.93,1811.94
,,,,,,,6642,4135.95,3939,3229.98,10832.25,14259.18,23397.66,14771.25,7365.93,1811.94
,,,,,,,6643,4135.95,3939,3229.98,10832.25,14259.18,23397.66,14771.25,7365.93,1811.94
,,,,,,,6644,4135.95,3939,3229.98,10832.25,14259.18,23397.66,14771.25,7365.93,1811.94
,,,,,,,6645,4135.95,3939,3229.98,10832.25,14259.18,23397.66,14771.25,7365.93,1811.94
,,,,,,,6646,4135.95,3939,3229.98,10832.25,14259.18,23397.66,14771.25,7365.93,1811.94
,,,,,,,6647,4135.95,3939,3229.98,10832.25,14259.18,23397.66,14771.25,7365.93,1811.94
,,,,,,,6648,4135.95,3939,3229.98,10832.25,14259.18,23397.66,14771.25,7365.93,1811.94
,,,,,,,6649,4135.95,3939,3229.98,10832.25,14259.18,23397.66,14771.25,7365.93,1811.94
,,,,,,,6650,4135.95,3939,3229.98,10832.25,14259.18,23397.66,14771.25,7365.93,1811.94
,,,,,,,6651,4135.95,3939,3229.98,10832.25,14259.18,23397.66,14771.25,7365.93,1811.94
,,,,,,,6652,4135.95,3939,3229.98,10832.25,14259.18,23397.66,14771.25,7365.93,1811.94
,,,,,,,6653,4135.95,3939,3229.98,10832.25,14259.18,23397.66,14771.25,7365.93,1811.94
,,,,,,,6654,4135.95,3939,3229.98,10832.25,14259.18,23397.66,14771.25,7365.93,1811.94
,,,,,,,6655,4135.95,3939,3229.98,10832.25,14259.18,23397.66,14771.25,7365.93,1811.94
,,,,,,,6656,4135.95,3939,3229.98,10832.25,14259.18,23397.66,14771.25,7365.93,1811.94
,,,,,,,6657,4135.95,3939,3229.98,10832.25,14259.18,23397.66,14771.25,7365.93,1811.94
,,,,,,,6658,4135.95,3939,3229.98,10832.25,14259.18,23397.66,14771.25,7365.93,1811.94
,,,,,,,6659,4135.95,3939,3229.98,10832.25,14259.18,23397.66,14771.25,7365.93,1811.94
,,,,,,,6660,4135.95,3939,3229.98,10832.25,14259.18,23397.66,14771.25,7365.93,1811.94
,,,,,,,6661,4135.95,3939,3229.98,10832.25,14259.18,23397.66,14771.25,7365.93,1811.94
,,,,,,,6662,4135.95,3939,3229.98,10832.25,14259.18,23397.66,14771.25,7365.93,1811.94
,,,,,,,6663,4135.95,3939,3229.98,10832.25,14259.18,23397.66,14771.25,7365.93,1811.94
,,,,,,,6664,4135.95,3939,3229.98,10832.25,14259.18,23397.66,14771.25,7365.93,1811.94
,,,,,,,6665,4135.95,3939,3229.98,10832.25,14259.18,23397.66,14771.25,7365.93,1811.94
,,,,,,,6666,4135.95,3939,3229.98,10832.25,14259.18,23397.66,14771.25,7365.93,1811.94
,,,,,,,6667,4135.95,3939,3229.98,10832.25,14259.18,23397.66,14771.25,7365.93,1811.94
,,,,,,,6668,4135.95,3939,3229.98,10832.25,14259.18,23397.66,14771.25,7365.93,1811.94
,,,,,,,6669,4135.95,3939,3229.98,10832.25,14259.18,23397.66,14771.25,7365.93,1811.94
,,,,,,,6670,4135.95,3939,3229.98,10832.25,14259.18,23397.66,14771.25,7365.93,1811.94
,,,,,,,6671,4135.95,3939,3229.98,10832.25,14259.18,23397.66,14771.25,7365.93,1811.94
,,,,,,,6672,4135.95,3939,3229.98,10832.25,14259.18,23397.66,14771.25,7365.93,1811.94
,,,,,,,6673,4135.95,3939,3229.98,10832.25,14259.18,23397.66,14771.25,7365.93,1811.94
,,,,,,,6674,4135.95,3939,3229.98,10832.25,14259.18,23397.66,14771.25,7365.93,1811.94
,,,,,,,6675,4135.95,3939,3229.98,10832.25,14259.18,23397.66,14771.25,7365.93,1811.94
,,,,,,,6676,4135.95,3939,3229.98,10832.25,14259.18,23397.66,14771.25,7365.93,1811.94
,,,,,,,6677,4135.95,3939,3229.98,10832.25,14259.18,23397.66,14771.25,7365.93,1811.94
,,,,,,,6678,4135.95,3939,3229.98,10832.25,14259.18,23397.66,14771.25,7365.93,1811.94
,,,,,,,6679,4135.95,3939,3229.98,10832.25,14259.18,23397.66,14771.25,7365.93,1811.94
,,,,,,,6680,4135.95,3939,3229.98,10832.25,14259.18,23397.66,14771.25,7365.93,1811.94
,,,,,,,6681,4135.95,3939,3229.98,10832.25,14259.18,23397.66,14771.25,7365.93,1811.94
,,,,,,,6682,4135.95,3939,3229.98,10832.25,14259.18,23397.66,14771.25,7365.93,1811.94
,,,,,,,6683,4135.95,3939,3229.98,10832.25,14259.18,23397.66,14771.25,7365.93,1811.94
,,,,,,,6684,4135.95,3939,3229.98,10832.25,14259.18,23397.66,14771.25,7365.93,1811.94
,,,,,,,6685,4135.95,3939,3229.98,10832.25,14259.18,23397.66,14771.25,7365.93,1811.94
,,,,,,,6686,4135.95,3939,3229.98,10832.25,14259.18,23397.66,14771.25,7365.93,1811.94
,,,,,,,6687,4135.95,3939,3229.98,10832.25,14259.18,23397.66,14771.25,7365.93,1811.94
,,,,,,,6688,4135.95,3939,3229.98,10832.25,14259.18,23397.66,14771.25,7365.93,1811.94
,,,,,,,6689,4135.95,3939,3229.98,10832.25,14259.18,23397.66,14771.25,7365.93,1811.94
,,,,,,,6690,4135.95,3939,3229.98,10832.25,14259.18,23397.66,14771.25,7365.93,1811.94
,,,,,,,6691,4135.95,3939,3229.98,10832.25,14259.18,23397.66,14771.25,7365.93,1811.94
,,,,,,,6692,4135.95,3939,3229.98,10832.25,14259.18,23397.66,14771.25,7365.93,1811.94
,,,,,,,6693,4135.95,3939,3229.98,10832.25,14259.18,23397.66,14771.25,7365.93,1811.94
,,,,,,,6694,4135.95,3939,3229.98,10832.25,14259.18,23397.66,14771.25,7365.93,1811.94
,,,,,,,6695,4135.95,3939,3229.98,10832.25,14259.18,23397.66,14771.25,7365.93,1811.94
,,,,,,,6696,4135.95,3939,3229.98,10832.25,14259.18,23397.66,14771.25,7365.93,1811.94
,,,,,,,6697,4135.95,3939,3229.98,10832.25,14259.18,23397.66,14771.25,7365.93,1811.94
,,,,,,,6698,4135.95,3939,3229.98,10832.25,14259.18,23397.66,14771.25,7365.93,1811.94
,,,,,,,6699,4135.95,3939,3229.98,10832.25,14259.18,23397.66,14771.25,7365.93,1811.94
,,,,,,,6700,4135.95,3939,3229.98,10832.25,14259.18,23397.66,14771.25,7365.93,1811.94
,,,,,,,6701,4135.95,3939,3229.98,10832.25,14259.18,23397.66,14771.25,7365.93,1811.94
,,,,,,,6702,4135.95,3939,3229.98,10832.25,14259.18,23397.66,14771.25,7365.93,1811.94
,,,,,,,6703,4135.95,3939,3229.98,10832.25,14259.18,23397.66,14771.25,7365.93,1811.94
,,,,,,,6704,4135.95,3939,3229.98,10832.25,14259.18,23397.66,14771.25,7365.93,1811.94
,,,,,,,6705,4135.95,3939,3229.98,10832.25,14259.18,23397.66,14771.25,7365.93,1811.94
,,,,,,,6706,4135.95,3939,3229.98,10832.25,14259.18,23397.66,14771.25,7365.93,1811.94
,,,,,,,6707,4135.95,3939,3229.98,10832.25,14259.18,23397.66,14771.25,7365.93,1811.94
,,,,,,,6708,4135.95,3939,3229.98,10832.25,14259.18,23397.66,14771.25,7365.93,1811.94
,,,,,,,6709,4135.95,3939,3229.98,10832.25,14259.18,23397.66,14771.25,7365.93,1811.94
,,,,,,,6710,4135.95,3939,3229.98,10832.25,14259.18,23397.66,14771.25,7365.93,1811.94
,,,,,,,6711,4135.95,3939,3229.98,10832.25,14259.18,23397.66,14771.25,7365.93,1811.94
,,,,,,,6712,4135.95,3939,3229.98,10832.25,14259.18,23397.66,14771.25,7365.93,1811.94
,,,,,,,6713,4135.95,3939,3229.98,10832.25,14259.18,23397.66,14771.25,7365.93,1811.94
,,,,,,,6714,4135.95,3939,3229.98,10832.25,14259.18,23397.66,14771.25,7365.93,1811.94
,,,,,,,6715,4135.95,3939,3229.98,10832.25,14259.18,23397.66,14771.25,7365.93,1811.94
,,,,,,,6716,4135.95,3939,3229.98,10832.25,14259.18,23397.66,14771.25,7365.93,1811.94
,,,,,,,6717,4135.95,3939,3229.98,10832.25,14259.18,23397.66,14771.25,7365.93,1811.94
,,,,,,,6718,4135.95,3939,3229.98,10832.25,14259.18,23397.66,14771.25,7365.93,1811.94
,,,,,,,6719,4135.95,3939,3229.98,10832.25,14259.18,23397.66,14771.25,7365.93,1811.94
,,,,,,,6720,4135.95,3939,3229.98,10832.25,14259.18,23397.66,14771.25,7365.93,1811.94
,,,,,,,6721,4135.95,3939,3229.98,10832.25,14259.18,23397.66,14771.25,7365.93,1811.94
,,,,,,,6722,4135.95,3939,3229.98,10832.25,14259.18,23397.66,14771.25,7365.93,1811.94
,,,,,,,6723,4135.95,3939,3229.98,10832.25,14259.18,23397.66,14771.25,7365.93,1811.94
,,,,,,,6724,4135.95,3939,3229.98,10832.25,14259.18,23397.66,14771.25,7365.93,1811.94
,,,,,,,6725,4135.95,3939,3229.98,10832.25,14259.18,23397.66,14771.25,7365.93,1811.94
,,,,,,,6726,4135.95,3939,3229.98,10832.25,14259.18,23397.66,14771.25,7365.93,1811.94
,,,,,,,6727,4135.95,3939,3229.98,10832.25,14259.18,23397.66,14771.25,7365.93,1811.94
,,,,,,,6728,4135.95,3939,3229.98,10832.25,14259.18,23397.66,14771.25,7365.93,1811.94
,,,,,,,6729,4135.95,3939,3229.98,10832.25,14259.18,23397.66,14771.25,7365.93,1811.94
,,,,,,,6730,4135.95,3939,3229.98,10832.25,14259.18,23397.66,14771.25,7365.93,1811.94
,,,,,,,6731,4135.95,3939,3229.98,10832.25,14259.18,23397.66,14771.25,7365.93,1811.94
,,,,,,,6732,4135.95,3939,3229.98,10832.25,14259.18,23397.66,14771.25,7365.93,1811.94
,,,,,,,6733,4135.95,3939,3229.98,10832.25,14259.18,23397.66,14771.25,7365.93,1811.94
,,,,,,,6734,4135.95,3939,3229.98,10832.25,14259.18,23397.66,14771.25,7365.93,1811.94
,,,,,,,6735,4135.95,3939,3229.98,10832.25,14259.18,23397.66,14771.25,7365.93,1811.94
,,,,,,,6736,4135.95,3939,3229.98,10832.25,14259.18,23397.66,14771.25,7365.93,1811.94
,,,,,,,6737,4135.95,3939,3229.98,10832.25,14259.18,23397.66,14771.25,7365.93,1811.94
,,,,,,,6738,4135.95,3939,3229.98,10832.25,14259.18,23397.66,14771.25,7365.93,1811.94
,,,,,,,6739,4135.95,3939,3229.98,10832.25,14259.18,23397.66,14771.25,7365.93,1811.94
,,,,,,,6740,4135.95,3939,3229.98,10832.25,14259.18,23397.66,14771.25,7365.93,1811.94
,,,,,,,6741,4135.95,3939,3229.98,10832.25,14259.18,23397.66,14771.25,7365.93,1811.94
,,,,,,,6742,4135.95,3939,3229.98,10832.25,14259.18,23397.66,14771.25,7365.93,1811.94
,,,,,,,6743,4135.95,3939,3229.98,10832.25,14259.18,23397.66,14771.25,7365.93,1811.94
,,,,,,,6744,4135.95,3939,3229.98,10832.25,14259.18,23397.66,14771.25,7365.93,1811.94
,,,,,,,6745,4135.95,3939,3229.98,10832.25,14259.18,23397.66,14771.25,7365.93,1811.94
,,,,,,,6746,4135.95,3939,3229.98,10832.25,14259.18,23397.66,14771.25,7365.93,1811.94
,,,,,,,6747,4135.95,3939,3229.98,10832.25,14259.18,23397.66,14771.25,7365.93,1811.94
,,,,,,,6748,4135.95,3939,3229.98,10832.25,14259.18,23397.66,14771.25,7365.93,1811.94
,,,,,,,6749,4135.95,3939,3229.98,10832.25,14259.18,23397.66,14771.25,7365.93,1811.94
,,,,,,,6750,4135.95,3939,3229.98,10832.25,14259.18,23397.66,14771.25,7365.93,1811.94
,,,,,,,6751,4135.95,3939,3229.98,10832.25,14259.18,23397.66,14771.25,7365.93,1811.94
,,,,,,,6752,4135.95,3939,3229.98,10832.25,14259.18,23397.66,14771.25,7365.93,1811.94
,,,,,,,6753,4135.95,3939,3229.98,10832.25,14259.18,23397.66,14771.25,7365.93,1811.94
,,,,,,,6754,4135.95,3939,3229.98,10832.25,14259.18,23397.66,14771.25,7365.93,1811.94
,,,,,,,6755,4135.95,3939,3229.98,10832.25,14259.18,23397.66,14771.25,7365.93,1811.94
,,,,,,,6756,4135.95,3939,3229.98,10832.25,14259.18,23397.66,14771.25,7365.93,1811.94
,,,,,,,6757,4135.95,3939,3229.98,10832.25,14259.18,23397.66,14771.25,7365.93,1811.94
,,,,,,,6758,4135.95,3939,3229.98,10832.25,14259.18,23397.66,14771.25,7365.93,1811.94
,,,,,,,6759,4135.95,3939,3229.98,10832.25,14259.18,23397.66,14771.25,7365.93,1811.94
,,,,,,,6760,4135.95,3939,3229.98,10832.25,14259.18,23397.66,14771.25,7365.93,1811.94
,,,,,,,6761,4135.95,3939,3229.98,10832.25,14259.18,23397.66,14771.25,7365.93,1811.94
,,,,,,,6762,4135.95,3939,3229.98,10832.25,14259.18,23397.66,14771.25,7365.93,1811.94
,,,,,,,6763,4135.95,3939,3229.98,10832.25,14259.18,23397.66,14771.25,7365.93,1811.94
,,,,,,,6764,4135.95,3939,3229.98,10832.25,14259.18,23397.66,14771.25,7365.93,1811.94
,,,,,,,6765,4135.95,3939,3229.98,10832.25,14259.18,23397.66,14771.25,7365.93,1811.94
,,,,,,,6766,4135.95,3939,3229.98,10832.25,14259.18,23397.66,14771.25,7365.93,1811.94
,,,,,,,6767,4135.95,3939,3229.98,10832.25,14259.18,23397.66,14771.25,7365.93,1811.94
,,,,,,,6768,4135.95,3939,3229.98,10832.25,14259.18,23397.66,14771.25,7365.93,1811.94
,,,,,,,6769,4135.95,3939,3229.98,10832.25,14259.18,23397.66,14771.25,7365.93,1811.94
,,,,,,,6770,4135.95,3939,3229.98,10832.25,14259.18,23397.66,14771.25,7365.93,1811.94
,,,,,,,6771,4135.95,3939,3229.98,10832.25,14259.18,23397.66,14771.25,7365.93,1811.94
,,,,,,,6772,4135.95,3939,3229.98,10832.25,14259.18,23397.66,14771.25,7365.93,1811.94
,,,,,,,6773,4135.95,3939,3229.98,10832.25,14259.18,23397.66,14771.25,7365.93,1811.94
,,,,,,,6774,4135.95,3939,3229.98,10832.25,14259.18,23397.66,14771.25,7365.93,1811.94
,,,,,,,6775,4135.95,3939,3229.98,10832.25,14259.18,23397.66,14771.25,7365.93,1811.94
,,,,,,,6776,4135.95,3939,3229.98,10832.25,14259.18,23397.66,14771.25,7365.93,1811.94
,,,,,,,6777,4135.95,3939,3229.98,10832.25,14259.18,23397.66,14771.25,7365.93,1811.94
,,,,,,,6778,4135.95,3939,3229.98,10832.25,14259.18,23397.66,14771.25,7365.93,1811.94
,,,,,,,6779,4135.95,3939,3229.98,10832.25,14259.18,23397.66,14771.25,7365.93,1811.94
,,,,,,,6780,4135.95,3939,3229.98,10832.25,14259.18,23397.66,14771.25,7365.93,1811.94
,,,,,,,6781,4135.95,3939,3229.98,10832.25,14259.18,23397.66,14771.25,7365.93,1811.94
,,,,,,,6782,4135.95,3939,3229.98,10832.25,14259.18,23397.66,14771.25,7365.93,1811.94
,,,,,,,6783,4135.95,3939,3229.98,10832.25,14259.18,23397.66,14771.25,7365.93,1811.94
,,,,,,,6784,4135.95,3939,3229.98,10832.25,14259.18,23397.66,14771.25,7365.93,1811.94
,,,,,,,6785,4135.95,3939,3229.98,10832.25,14259.18,23397.66,14771.25,7365.93,1811.94
,,,,,,,6786,4135.95,3939,3229.98,10832.25,14259.18,23397.66,14771.25,7365.93,1811.94
,,,,,,,6787,4135.95,3939,3229.98,10832.25,14259.18,23397.66,14771.25,7365.93,1811.94
,,,,,,,6788,4135.95,3939,3229.98,10832.25,14259.18,23397.66,14771.25,7365.93,1811.94
,,,,,,,6789,4135.95,3939,3229.98,10832.25,14259.18,23397.66,14771.25,7365.93,1811.94
,,,,,,,6790,4135.95,3939,3229.98,10832.25,14259.18,23397.66,14771.25,7365.93,1811.94
,,,,,,,6791,4135.95,3939,3229.98,10832.25,14259.18,23397.66,14771.25,7365.93,1811.94
,,,,,,,6792,4135.95,3939,3229.98,10832.25,14259.18,23397.66,14771.25,7365.93,1811.94
,,,,,,,6793,4135.95,3939,3229.98,10832.25,14259.18,23397.66,14771.25,7365.93,1811.94
,,,,,,,6794,4135.95,3939,3229.98,10832.25,14259.18,23397.66,14771.25,7365.93,1811.94
,,,,,,,6795,4135.95,3939,3229.98,10832.25,14259.18,23397.66,14771.25,7365.93,1811.94
,,,,,,,6796,4135.95,3939,3229.98,10832.25,14259.18,23397.66,14771.25,7365.93,1811.94
,,,,,,,6797,4135.95,3939,3229.98,10832.25,14259.18,23397.66,14771.25,7365.93,1811.94
,,,,,,,6798,4135.95,3939,3229.98,10832.25,14259.18,23397.66,14771.25,7365.93,1811.94
,,,,,,,6799,4135.95,3939,3229.98,10832.25,14259.18,23397.66,14771.25,7365.93,1811.94
,,,,,,,6800,4135.95,3939,3229.98,10832.25,14259.18,23397.66,14771.25,7365.93,1811.94
,,,,,,,6801,4135.95,3939,3229.98,10832.25,14259.18,23397.66,14771.25,7365.93,1811.94
,,,,,,,6802,4135.95,3939,3229.98,10832.25,14259.18,23397.66,14771.25,7365.93,1811.94
,,,,,,,6803,4135.95,3939,3229.98,10832.25,14259.18,23397.66,14771.25,7365.93,1811.94
,,,,,,,6804,4135.95,3939,3229.98,10832.25,14259.18,23397.66,14771.25,7365.93,1811.94
,,,,,,,6805,4135.95,3939,3229.98,10832.25,14259.18,23397.66,14771.25,7365.93,1811.94
,,,,,,,6806,4135.95,3939,3229.98,10832.25,14259.18,23397.66,14771.25,7365.93,1811.94
,,,,,,,6807,4135.95,3939,3229.98,10832.25,14259.18,23397.66,14771.25,7365.93,1811.94
,,,,,,,6808,4135.95,3939,3229.98,10832.25,14259.18,23397.66,14771.25,7365.93,1811.94
,,,,,,,6809,4135.95,3939,3229.98,10832.25,14259.18,23397.66,14771.25,7365.93,1811.94
,,,,,,,6810,4135.95,3939,3229.98,10832.25,14259.18,23397.66,14771.25,7365.93,1811.94
,,,,,,,6811,4135.95,3939,3229.98,10832.25,14259.18,23397.66,14771.25,7365.93,1811.94
,,,,,,,6812,4135.95,3939,3229.98,10832.25,14259.18,23397.66,14771.25,7365.93,1811.94
,,,,,,,6813,4135.95,3939,3229.98,10832.25,14259.18,23397.66,14771.25,7365.93,1811.94
,,,,,,,6814,4135.95,3939,3229.98,10832.25,14259.18,23397.66,14771.25,7365.93,1811.94
,,,,,,,6815,4135.95,3939,3229.98,10832.25,14259.18,23397.66,14771.25,7365.93,1811.94
,,,,,,,6816,4135.95,3939,3229.98,10832.25,14259.18,23397.66,14771.25,7365.93,1811.94
,,,,,,,6817,4135.95,3939,3229.98,10832.25,14259.18,23397.66,14771.25,7365.93,1811.94
,,,,,,,6818,4135.95,3939,3229.98,10832.25,14259.18,23397.66,14771.25,7365.93,1811.94
,,,,,,,6819,4135.95,3939,3229.98,10832.25,14259.18,23397.66,14771.25,7365.93,1811.94
,,,,,,,6820,4135.95,3939,3229.98,10832.25,14259.18,23397.66,14771.25,7365.93,1811.94
,,,,,,,6821,4135.95,3939,3229.98,10832.25,14259.18,23397.66,14771.25,7365.93,1811.94
,,,,,,,6822,4135.95,3939,3229.98,10832.25,14259.18,23397.66,14771.25,7365.93,1811.94
,,,,,,,6823,4135.95,3939,3229.98,10832.25,14259.18,23397.66,14771.25,7365.93,1811.94
,,,,,,,6824,4135.95,3939,3229.98,10832.25,14259.18,23397.66,14771.25,7365.93,1811.94
,,,,,,,6825,4135.95,3939,3229.98,10832.25,14259.18,23397.66,14771.25,7365.93,1811.94
,,,,,,,6826,4135.95,3939,3229.98,10832.25,14259.18,23397.66,14771.25,7365.93,1811.94
,,,,,,,6827,4135.95,3939,3229.98,10832.25,14259.18,23397.66,14771.25,7365.93,1811.94
,,,,,,,6828,4135.95,3939,3229.98,10832.25,14259.18,23397.66,14771.25,7365.93,1811.94
,,,,,,,6829,4135.95,3939,3229.98,10832.25,14259.18,23397.66,14771.25,7365.93,1811.94
,,,,,,,6830,4135.95,3939,3229.98,10832.25,14259.18,23397.66,14771.25,7365.93,1811.94
,,,,,,,6831,4135.95,3939,3229.98,10832.25,14259.18,23397.66,14771.25,7365.93,1811.94
,,,,,,,6832,4135.95,3939,3229.98,10832.25,14259.18,23397.66,14771.25,7365.93,1811.94
,,,,,,,6833,4135.95,3939,3229.98,10832.25,14259.18,23397.66,14771.25,7365.93,1811.94
,,,,,,,6834,4135.95,3939,3229.98,10832.25,14259.18,23397.66,14771.25,7365.93,1811.94
,,,,,,,6835,4135.95,3939,3229.98,10832.25,14259.18,23397.66,14771.25,7365.93,1811.94
,,,,,,,6836,4135.95,3939,3229.98,10832.25,14259.18,23397.66,14771.25,7365.93,1811.94
,,,,,,,6837,4135.95,3939,3229.98,10832.25,14259.18,23397.66,14771.25,7365.93,1811.94
,,,,,,,6838,4135.95,3939,3229.98,10832.25,14259.18,23397.66,14771.25,7365.93,1811.94
,,,,,,,6839,4135.95,3939,3229.98,10832.25,14259.18,23397.66,14771.25,7365.93,1811.94
,,,,,,,6840,4135.95,3939,3229.98,10832.25,14259.18,23397.66,14771.25,7365.93,1811.94
,,,,,,,6841,4135.95,3939,3229.98,10832.25,14259.18,23397.66,14771.25,7365.93,1811.94
,,,,,,,6842,4135.95,3939,3229.98,10832.25,14259.18,23397.66,14771.25,7365.93,1811.94
,,,,,,,6843,4135.95,3939,3229.98,10832.25,14259.18,23397.66,14771.25,7365.93,1811.94
,,,,,,,6844,4135.95,3939,3229.98,10832.25,14259.18,23397.66,14771.25,7365.93,1811.94
,,,,,,,6845,4135.95,3939,3229.98,10832.25,14259.18,23397.66,14771.25,7365.93,1811.94
,,,,,,,6846,4135.95,3939,3229.98,10832.25,14259.18,23397.66,14771.25,7365.93,1811.94
,,,,,,,6847,4135.95,3939,3229.98,10832.25,14259.18,23397.66,14771.25,7365.93,1811.94
,,,,,,,6848,4135.95,3939,3229.98,10832.25,14259.18,23397.66,14771.25,7365.93,1811.94
,,,,,,,6849,4135.95,3939,3229.98,10832.25,14259.18,23397.66,14771.25,7365.93,1811.94
,,,,,,,6850,4135.95,3939,3229.98,10832.25,14259.18,23397.66,14771.25,7365.93,1811.94
,,,,,,,6851,4135.95,3939,3229.98,10832.25,14259.18,23397.66,14771.25,7365.93,1811.94
,,,,,,,6852,4135.95,3939,3229.98,10832.25,14259.18,23397.66,14771.25,7365.93,1811.94
,,,,,,,6853,4135.95,3939,3229.98,10832.25,14259.18,23397.66,14771.25,7365.93,1811.94
,,,,,,,6854,4135.95,3939,3229.98,10832.25,14259.18,23397.66,14771.25,7365.93,1811.94
,,,,,,,6855,4135.95,3939,3229.98,10832.25,14259.18,23397.66,14771.25,7365.93,1811.94
,,,,,,,6856,4135.95,3939,3229.98,10832.25,14259.18,23397.66,14771.25,7365.93,1811.94
,,,,,,,6857,4135.95,3939,3229.98,10832.25,14259.18,23397.66,14771.25,7365.93,1811.94
,,,,,,,6858,4135.95,3939,3229.98,10832.25,14259.18,23397.66,14771.25,7365.93,1811.94
,,,,,,,6859,4135.95,3939,3229.98,10832.25,14259.18,23397.66,14771.25,7365.93,1811.94
,,,,,,,6860,4135.95,3939,3229.98,10832.25,14259.18,23397.66,14771.25,7365.93,1811.94
,,,,,,,6861,4135.95,3939,3229.98,10832.25,14259.18,23397.66,14771.25,7365.93,1811.94
,,,,,,,6862,4135.95,3939,3229.98,10832.25,14259.18,23397.66,14771.25,7365.93,1811.94
,,,,,,,6863,4135.95,3939,3229.98,10832.25,14259.18,23397.66,14771.25,7365.93,1811.94
,,,,,,,6864,4135.95,3939,3229.98,10832.25,14259.18,23397.66,14771.25,7365.93,1811.94
,,,,,,,6865,4135.95,3939,3229.98,10832.25,14259.18,23397.66,14771.25,7365.93,1811.94
,,,,,,,6866,4135.95,3939,3229.98,10832.25,14259.18,23397.66,14771.25,7365.93,1811.94
,,,,,,,6867,4135.95,3939,3229.98,10832.25,14259.18,23397.66,14771.25,7365.93,1811.94
,,,,,,,6868,4135.95,3939,3229.98,10832.25,14259.18,23397.66,14771.25,7365.93,1811.94
,,,,,,,6869,4135.95,3939,3229.98,10832.25,14259.18,23397.66,14771.25,7365.93,1811.94
,,,,,,,6870,4135.95,3939,3229.98,10832.25,14259.18,23397.66,14771.25,7365.93,1811.94
,,,,,,,6871,4135.95,3939,3229.98,10832.25,14259.18,23397.66,14771.25,7365.93,1811.94
,,,,,,,6872,4135.95,3939,3229.98,10832.25,14259.18,23397.66,14771.25,7365.93,1811.94
,,,,,,,6873,4135.95,3939,3229.98,10832.25,14259.18,23397.66,14771.25,7365.93,1811.94
,,,,,,,6874,4135.95,3939,3229.98,10832.25,14259.18,23397.66,14771.25,7365.93,1811.94
,,,,,,,6875,4135.95,3939,3229.98,10832.25,14259.18,23397.66,14771.25,7365.93,1811.94
,,,,,,,6876,4135.95,3939,3229.98,10832.25,14259.18,23397.66,14771.25,7365.93,1811.94
,,,,,,,6877,4135.95,3939,3229.98,10832.25,14259.18,23397.66,14771.25,7365.93,1811.94
,,,,,,,6878,4135.95,3939,3229.98,10832.25,14259.18,23397.66,14771.25,7365.93,1811.94
,,,,,,,6879,4135.95,3939,3229.98,10832.25,14259.18,23397.66,14771.25,7365.93,1811.94
,,,,,,,6880,4135.95,3939,3229.98,10832.25,14259.18,23397.66,14771.25,7365.93,1811.94
,,,,,,,6881,4135.95,3939,3229.98,10832.25,14259.18,23397.66,14771.25,7365.93,1811.94
,,,,,,,6882,4135.95,3939,3229.98,10832.25,14259.18,23397.66,14771.25,7365.93,1811.94
,,,,,,,6883,4135.95,3939,3229.98,10832.25,14259.18,23397.66,14771.25,7365.93,1811.94
,,,,,,,6884,4135.95,3939,3229.98,10832.25,14259.18,23397.66,14771.25,7365.93,1811.94
,,,,,,,6885,4135.95,3939,3229.98,10832.25,14259.18,23397.66,14771.25,7365.93,1811.94
,,,,,,,6886,4135.95,3939,3229.98,10832.25,14259.18,23397.66,14771.25,7365.93,1811.94
,,,,,,,6887,4135.95,3939,3229.98,10832.25,14259.18,23397.66,14771.25,7365.93,1811.94
,,,,,,,6888,4135.95,3939,3229.98,10832.25,14259.18,23397.66,14771.25,7365.93,1811.94
,,,,,,,6889,4135.95,3939,3229.98,10832.25,14259.18,23397.66,14771.25,7365.93,1811.94
,,,,,,,6890,4135.95,3939,3229.98,10832.25,14259.18,23397.66,14771.25,7365.93,1811.94
,,,,,,,6891,4135.95,3939,3229.98,10832.25,14259.18,23397.66,14771.25,7365.93,1811.94
,,,,,,,6892,4135.95,3939,3229.98,10832.25,14259.18,23397.66,14771.25,7365.93,1811.94
,,,,,,,6893,4135.95,3939,3229.98,10832.25,14259.18,23397.66,14771.25,7365.93,1811.94
,,,,,,,6894,4135.95,3939,3229.98,10832.25,14259.18,23397.66,14771.25,7365.93,1811.94
,,,,,,,6895,4135.95,3939,3229.98,10832.25,14259.18,23397.66,14771.25,7365.93,1811.94
,,,,,,,6896,4135.95,3939,3229.98,10832.25,14259.18,23397.66,14771.25,7365.93,1811.94
,,,,,,,6897,4135.95,3939,3229.98,10832.25,14259.18,23397.66,14771.25,7365.93,1811.94
,,,,,,,6898,4135.95,3939,3229.98,10832.25,14259.18,23397.66,14771.25,7365.93,1811.94
,,,,,,,6899,4135.95,3939,3229.98,10832.25,14259.18,23397.66,14771.25,7365.93,1811.94
,,,,,,,6900,4135.95,3939,3229.98,10832.25,14259.18,23397.66,14771.25,7365.93,1811.94
,,,,,,,6901,4135.95,3939,3229.98,10832.25,14259.18,23397.66,14771.25,7365.93,1811.94
,,,,,,,6902,4135.95,3939,3229.98,10832.25,14259.18,23397.66,14771.25,7365.93,1811.94
,,,,,,,6903,4135.95,3939,3229.98,10832.25,14259.18,23397.66,14771.25,7365.93,1811.94
,,,,,,,6904,4135.95,3939,3229.98,10832.25,14259.18,23397.66,14771.25,7365.93,1811.94
,,,,,,,6905,4135.95,3939,3229.98,10832.25,14259.18,23397.66,14771.25,7365.93,1811.94
,,,,,,,6906,4135.95,3939,3229.98,10832.25,14259.18,23397.66,14771.25,7365.93,1811.94
,,,,,,,6907,4135.95,3939,3229.98,10832.25,14259.18,23397.66,14771.25,7365.93,1811.94
,,,,,,,6908,4135.95,3939,3229.98,10832.25,14259.18,23397.66,14771.25,7365.93,1811.94
,,,,,,,6909,4135.95,3939,3229.98,10832.25,14259.18,23397.66,14771.25,7365.93,1811.94
,,,,,,,6910,4135.95,3939,3229.98,10832.25,14259.18,23397.66,14771.25,7365.93,1811.94
,,,,,,,6911,4135.95,3939,3229.98,10832.25,14259.18,23397.66,14771.25,7365.93,1811.94
,,,,,,,6912,4135.95,3939,3229.98,10832.25,14259.18,23397.66,14771.25,7365.93,1811.94
,,,,,,,6913,4135.95,3939,3229.98,10832.25,14259.18,23397.66,14771.25,7365.93,1811.94
,,,,,,,6914,4135.95,3939,3229.98,10832.25,14259.18,23397.66,14771.25,7365.93,1811.94
,,,,,,,6915,4135.95,3939,3229.98,10832.25,14259.18,23397.66,14771.25,7365.93,1811.94
,,,,,,,6916,4135.95,3939,3229.98,10832.25,14259.18,23397.66,14771.25,7365.93,1811.94
,,,,,,,6917,4135.95,3939,3229.98,10832.25,14259.18,23397.66,14771.25,7365.93,1811.94
,,,,,,,6918,4135.95,3939,3229.98,10832.25,14259.18,23397.66,14771.25,7365.93,1811.94
,,,,,,,6919,4135.95,3939,3229.98,10832.25,14259.18,23397.66,14771.25,7365.93,1811.94
,,,,,,,6920,4135.95,3939,3229.98,10832.25,14259.18,23397.66,14771.25,7365.93,1811.94
,,,,,,,6921,4135.95,3939,3229.98,10832.25,14259.18,23397.66,14771.25,7365.93,1811.94
,,,,,,,6922,4135.95,3939,3229.98,10832.25,14259.18,23397.66,14771.25,7365.93,1811.94
,,,,,,,6923,4135.95,3939,3229.98,10832.25,14259.18,23397.66,14771.25,7365.93,1811.94
,,,,,,,6924,4135.95,3939,3229.98,10832.25,14259.18,23397.66,14771.25,7365.93,1811.94
,,,,,,,6925,4135.95,3939,3229.98,10832.25,14259.18,23397.66,14771.25,7365.93,1811.94
,,,,,,,6926,4135.95,3939,3229.98,10832.25,14259.18,23397.66,14771.25,7365.93,1811.94
,,,,,,,6927,4135.95,3939,3229.98,10832.25,14259.18,23397.66,14771.25,7365.93,1811.94
,,,,,,,6928,4135.95,3939,3229.98,10832.25,14259.18,23397.66,14771.25,7365.93,1811.94
,,,,,,,6929,4135.95,3939,3229.98,10832.25,14259.18,23397.66,14771.25,7365.93,1811.94
,,,,,,,6930,4135.95,3939,3229.98,10832.25,14259.18,23397.66,14771.25,7365.93,1811.94
,,,,,,,6931,4135.95,3939,3229.98,10832.25,14259.18,23397.66,14771.25,7365.93,1811.94
,,,,,,,6932,4135.95,3939,3229.98,10832.25,14259.18,23397.66,14771.25,7365.93,1811.94
,,,,,,,6933,4135.95,3939,3229.98,10832.25,14259.18,23397.66,14771.25,7365.93,1811.94
,,,,,,,6934,4135.95,3939,3229.98,10832.25,14259.18,23397.66,14771.25,7365.93,1811.94
,,,,,,,6935,4135.95,3939,3229.98,10832.25,14259.18,23397.66,14771.25,7365.93,1811.94
,,,,,,,6936,4135.95,3939,3229.98,10832.25,14259.18,23397.66,14771.25,7365.93,1811.94
,,,,,,,6937,4135.95,3939,3229.98,10832.25,14259.18,23397.66,14771.25,7365.93,1811.94
,,,,,,,6938,4135.95,3939,3229.98,10832.25,14259.18,23397.66,14771.25,7365.93,1811.94
,,,,,,,6939,4135.95,3939,3229.98,10832.25,14259.18,23397.66,14771.25,7365.93,1811.94
,,,,,,,6940,4135.95,3939,3229.98,10832.25,14259.18,23397.66,14771.25,7365.93,1811.94
,,,,,,,6941,4135.95,3939,3229.98,10832.25,14259.18,23397.66,14771.25,7365.93,1811.94
,,,,,,,6942,4135.95,3939,3229.98,10832.25,14259.18,23397.66,14771.25,7365.93,1811.94
,,,,,,,6943,4135.95,3939,3229.98,10832.25,14259.18,23397.66,14771.25,7365.93,1811.94
,,,,,,,6944,4135.95,3939,3229.98,10832.25,14259.18,23397.66,14771.25,7365.93,1811.94
,,,,,,,6945,4135.95,3939,3229.98,10832.25,14259.18,23397.66,14771.25,7365.93,1811.94
,,,,,,,6946,4135.95,3939,3229.98,10832.25,14259.18,23397.66,14771.25,7365.93,1811.94
,,,,,,,6947,4135.95,3939,3229.98,10832.25,14259.18,23397.66,14771.25,7365.93,1811.94
,,,,,,,6948,4135.95,3939,3229.98,10832.25,14259.18,23397.66,14771.25,7365.93,1811.94
,,,,,,,6949,4135.95,3939,3229.98,10832.25,14259.18,23397.66,14771.25,7365.93,1811.94
,,,,,,,6950,4135.95,3939,3229.98,10832.25,14259.18,23397.66,14771.25,7365.93,1811.94
,,,,,,,6951,4135.95,3939,3229.98,10832.25,14259.18,23397.66,14771.25,7365.93,1811.94
,,,,,,,6952,4135.95,3939,3229.98,10832.25,14259.18,23397.66,14771.25,7365.93,1811.94
,,,,,,,6953,4135.95,3939,3229.98,10832.25,14259.18,23397.66,14771.25,7365.93,1811.94
,,,,,,,6954,4135.95,3939,3229.98,10832.25,14259.18,23397.66,14771.25,7365.93,1811.94
,,,,,,,6955,4135.95,3939,3229.98,10832.25,14259.18,23397.66,14771.25,7365.93,1811.94
,,,,,,,6956,4135.95,3939,3229.98,10832.25,14259.18,23397.66,14771.25,7365.93,1811.94
,,,,,,,6957,4135.95,3939,3229.98,10832.25,14259.18,23397.66,14771.25,7365.93,1811.94
,,,,,,,6958,4135.95,3939,3229.98,10832.25,14259.18,23397.66,14771.25,7365.93,1811.94
,,,,,,,6959,4135.95,3939,3229.98,10832.25,14259.18,23397.66,14771.25,7365.93,1811.94
,,,,,,,6960,4135.95,3939,3229.98,10832.25,14259.18,23397.66,14771.25,7365.93,1811.94
,,,,,,,6961,4135.95,3939,3229.98,10832.25,14259.18,23397.66,14771.25,7365.93,1811.94
,,,,,,,6962,4135.95,3939,3229.98,10832.25,14259.18,23397.66,14771.25,7365.93,1811.94
,,,,,,,6963,4135.95,3939,3229.98,10832.25,14259.18,23397.66,14771.25,7365.93,1811.94
,,,,,,,6964,4135.95,3939,3229.98,10832.25,14259.18,23397.66,14771.25,7365.93,1811.94
,,,,,,,6965,4135.95,3939,3229.98,10832.25,14259.18,23397.66,14771.25,7365.93,1811.94
,,,,,,,6966,4135.95,3939,3229.98,10832.25,14259.18,23397.66,14771.25,7365.93,1811.94
,,,,,,,6967,4135.95,3939,3229.98,10832.25,14259.18,23397.66,14771.25,7365.93,1811.94
,,,,,,,6968,4135.95,3939,3229.98,10832.25,14259.18,23397.66,14771.25,7365.93,1811.94
,,,,,,,6969,4135.95,3939,3229.98,10832.25,14259.18,23397.66,14771.25,7365.93,1811.94
,,,,,,,6970,4135.95,3939,3229.98,10832.25,14259.18,23397.66,14771.25,7365.93,1811.94
,,,,,,,6971,4135.95,3939,3229.98,10832.25,14259.18,23397.66,14771.25,7365.93,1811.94
,,,,,,,6972,4135.95,3939,3229.98,10832.25,14259.18,23397.66,14771.25,7365.93,1811.94
,,,,,,,6973,4135.95,3939,3229.98,10832.25,14259.18,23397.66,14771.25,7365.93,1811.94
,,,,,,,6974,4135.95,3939,3229.98,10832.25,14259.18,23397.66,14771.25,7365.93,1811.94
,,,,,,,6975,4135.95,3939,3229.98,10832.25,14259.18,23397.66,14771.25,7365.93,1811.94
,,,,,,,6976,4135.95,3939,3229.98,10832.25,14259.18,23397.66,14771.25,7365.93,1811.94
,,,,,,,6977,4135.95,3939,3229.98,10832.25,14259.18,23397.66,14771.25,7365.93,1811.94
,,,,,,,6978,4135.95,3939,3229.98,10832.25,14259.18,23397.66,14771.25,7365.93,1811.94
,,,,,,,6979,4135.95,3939,3229.98,10832.25,14259.18,23397.66,14771.25,7365.93,1811.94
,,,,,,,6980,4135.95,3939,3229.98,10832.25,14259.18,23397.66,14771.25,7365.93,1811.94
,,,,,,,6981,4135.95,3939,3229.98,10832.25,14259.18,23397.66,14771.25,7365.93,1811.94
,,,,,,,6982,4135.95,3939,3229.98,10832.25,14259.18,23397.66,14771.25,7365.93,1811.94
,,,,,,,6983,4135.95,3939,3229.98,10832.25,14259.18,23397.66,14771.25,7365.93,1811.94
,,,,,,,6984,4135.95,3939,3229.98,10832.25,14259.18,23397.66,14771.25,7365.93,1811.94
,,,,,,,6985,4135.95,3939,3229.98,10832.25,14259.18,23397.66,14771.25,7365.93,1811.94
,,,,,,,6986,4135.95,3939,3229.98,10832.25,14259.18,23397.66,14771.25,7365.93,1811.94
,,,,,,,6987,4135.95,3939,3229.98,10832.25,14259.18,23397.66,14771.25,7365.93,1811.94
,,,,,,,6988,4135.95,3939,3229.98,10832.25,14259.18,23397.66,14771.25,7365.93,1811.94
,,,,,,,6989,4135.95,3939,3229.98,10832.25,14259.18,23397.66,14771.25,7365.93,1811.94
,,,,,,,6990,4135.95,3939,3229.98,10832.25,14259.18,23397.66,14771.25,7365.93,1811.94
,,,,,,,6991,4135.95,3939,3229.98,10832.25,14259.18,23397.66,14771.25,7365.93,1811.94
,,,,,,,6992,4135.95,3939,3229.98,10832.25,14259.18,23397.66,14771.25,7365.93,1811.94
,,,,,,,6993,4135.95,3939,3229.98,10832.25,14259.18,23397.66,14771.25,7365.93,1811.94
,,,,,,,6994,4135.95,3939,3229.98,10832.25,14259.18,23397.66,14771.25,7365.93,1811.94
,,,,,,,6995,4135.95,3939,3229.98,10832.25,14259.18,23397.66,14771.25,7365.93,1811.94
,,,,,,,6996,4135.95,3939,3229.98,10832.25,14259.18,23397.66,14771.25,7365.93,1811.94
,,,,,,,6997,4135.95,3939,3229.98,10832.25,14259.18,23397.66,14771.25,7365.93,1811.94
,,,,,,,6998,4135.95,3939,3229.98,10832.25,14259.18,23397.66,14771.25,7365.93,1811.94
,,,,,,,6999,4135.95,3939,3229.98,10832.25,14259.18,23397.66,14771.25,7365.93,1811.94
,,,,,,,7000,4135.95,3939,3229.98,10832.25,14259.18,23397.66,14771.25,7365.93,1811.94
,,,,,,,7001,4135.95,3939,3229.98,10832.25,14259.18,23397.66,14771.25,7365.93,1811.94
,,,,,,,7002,4135.95,3939,3229.98,10832.25,14259.18,23397.66,14771.25,7365.93,1811.94
,,,,,,,7003,4135.95,3939,3229.98,10832.25,14259.18,23397.66,14771.25,7365.93,1811.94
,,,,,,,7004,4135.95,3939,3229.98,10832.25,14259.18,23397.66,14771.25,7365.93,1811.94
,,,,,,,7005,4135.95,3939,3229.98,10832.25,14259.18,23397.66,14771.25,7365.93,1811.94
,,,,,,,7006,4135.95,3939,3229.98,10832.25,14259.18,23397.66,14771.25,7365.93,1811.94
,,,,,,,7007,4135.95,3939,3229.98,10832.25,14259.18,23397.66,14771.25,7365.93,1811.94
,,,,,,,7008,4135.95,3939,3229.98,10832.25,14259.18,23397.66,14771.25,7365.93,1811.94
,,,,,,,7009,4135.95,3939,3229.98,10832.25,14259.18,23397.66,14771.25,7365.93,1811.94
,,,,,,,7010,4135.95,3939,3229.98,10832.25,14259.18,23397.66,14771.25,7365.93,1811.94
,,,,,,,7011,4135.95,3939,3229.98,10832.25,14259.18,23397.66,14771.25,7365.93,1811.94
,,,,,,,7012,4135.95,3939,3229.98,10832.25,14259.18,23397.66,14771.25,7365.93,1811.94
,,,,,,,7013,4135.95,3939,3229.98,10832.25,14259.18,23397.66,14771.25,7365.93,1811.94
,,,,,,,7014,4135.95,3939,3229.98,10832.25,14259.18,23397.66,14771.25,7365.93,1811.94
,,,,,,,7015,4135.95,3939,3229.98,10832.25,14259.18,23397.66,14771.25,7365.93,1811.94
,,,,,,,7016,4135.95,3939,3229.98,10832.25,14259.18,23397.66,14771.25,7365.93,1811.94
,,,,,,,7017,4135.95,3939,3229.98,10832.25,14259.18,23397.66,14771.25,7365.93,1811.94
,,,,,,,7018,4135.95,3939,3229.98,10832.25,14259.18,23397.66,14771.25,7365.93,1811.94
,,,,,,,7019,4135.95,3939,3229.98,10832.25,14259.18,23397.66,14771.25,7365.93,1811.94
,,,,,,,7020,4135.95,3939,3229.98,10832.25,14259.18,23397.66,14771.25,7365.93,1811.94
,,,,,,,7021,4135.95,3939,3229.98,10832.25,14259.18,23397.66,14771.25,7365.93,1811.94
,,,,,,,7022,4135.95,3939,3229.98,10832.25,14259.18,23397.66,14771.25,7365.93,1811.94
,,,,,,,7023,4135.95,3939,3229.98,10832.25,14259.18,23397.66,14771.25,7365.93,1811.94
,,,,,,,7024,4135.95,3939,3229.98,10832.25,14259.18,23397.66,14771.25,7365.93,1811.94
,,,,,,,7025,4135.95,3939,3229.98,10832.25,14259.18,23397.66,14771.25,7365.93,1811.94
,,,,,,,7026,4135.95,3939,3229.98,10832.25,14259.18,23397.66,14771.25,7365.93,1811.94
,,,,,,,7027,4135.95,3939,3229.98,10832.25,14259.18,23397.66,14771.25,7365.93,1811.94
,,,,,,,7028,4135.95,3939,3229.98,10832.25,14259.18,23397.66,14771.25,7365.93,1811.94
,,,,,,,7029,4135.95,3939,3229.98,10832.25,14259.18,23397.66,14771.25,7365.93,1811.94
,,,,,,,7030,4135.95,3939,3229.98,10832.25,14259.18,23397.66,14771.25,7365.93,1811.94
,,,,,,,7031,4135.95,3939,3229.98,10832.25,14259.18,23397.66,14771.25,7365.93,1811.94
,,,,,,,7032,4135.95,3939,3229.98,10832.25,14259.18,23397.66,14771.25,7365.93,1811.94
,,,,,,,7033,4135.95,3939,3229.98,10832.25,14259.18,23397.66,14771.25,7365.93,1811.94
,,,,,,,7034,4135.95,3939,3229.98,10832.25,14259.18,23397.66,14771.25,7365.93,1811.94
,,,,,,,7035,4135.95,3939,3229.98,10832.25,14259.18,23397.66,14771.25,7365.93,1811.94
,,,,,,,7036,4135.95,3939,3229.98,10832.25,14259.18,23397.66,14771.25,7365.93,1811.94
,,,,,,,7037,4135.95,3939,3229.98,10832.25,14259.18,23397.66,14771.25,7365.93,1811.94
,,,,,,,7038,4135.95,3939,3229.98,10832.25,14259.18,23397.66,14771.25,7365.93,1811.94
,,,,,,,7039,4135.95,3939,3229.98,10832.25,14259.18,23397.66,14771.25,7365.93,1811.94
,,,,,,,7040,4135.95,3939,3229.98,10832.25,14259.18,23397.66,14771.25,7365.93,1811.94
,,,,,,,7041,4135.95,3939,3229.98,10832.25,14259.18,23397.66,14771.25,7365.93,1811.94
,,,,,,,7042,4135.95,3939,3229.98,10832.25,14259.18,23397.66,14771.25,7365.93,1811.94
,,,,,,,7043,4135.95,3939,3229.98,10832.25,14259.18,23397.66,14771.25,7365.93,1811.94
,,,,,,,7044,4135.95,3939,3229.98,10832.25,14259.18,23397.66,14771.25,7365.93,1811.94
,,,,,,,7045,4135.95,3939,3229.98,10832.25,14259.18,23397.66,14771.25,7365.93,1811.94
,,,,,,,7046,4135.95,3939,3229.98,10832.25,14259.18,23397.66,14771.25,7365.93,1811.94
,,,,,,,7047,4135.95,3939,3229.98,10832.25,14259.18,23397.66,14771.25,7365.93,1811.94
,,,,,,,7048,4135.95,3939,3229.98,10832.25,14259.18,23397.66,14771.25,7365.93,1811.94
,,,,,,,7049,4135.95,3939,3229.98,10832.25,14259.18,23397.66,14771.25,7365.93,1811.94
,,,,,,,7050,4135.95,3939,3229.98,10832.25,14259.18,23397.66,14771.25,7365.93,1811.94
,,,,,,,7051,4135.95,3939,3229.98,10832.25,14259.18,23397.66,14771.25,7365.93,1811.94
,,,,,,,7052,4135.95,3939,3229.98,10832.25,14259.18,23397.66,14771.25,7365.93,1811.94
,,,,,,,7053,4135.95,3939,3229.98,10832.25,14259.18,23397.66,14771.25,7365.93,1811.94
,,,,,,,7054,4135.95,3939,3229.98,10832.25,14259.18,23397.66,14771.25,7365.93,1811.94
,,,,,,,7055,4135.95,3939,3229.98,10832.25,14259.18,23397.66,14771.25,7365.93,1811.94
,,,,,,,7056,4135.95,3939,3229.98,10832.25,14259.18,23397.66,14771.25,7365.93,1811.94
,,,,,,,7057,4135.95,3939,3229.98,10832.25,14259.18,23397.66,14771.25,7365.93,1811.94
,,,,,,,7058,4135.95,3939,3229.98,10832.25,14259.18,23397.66,14771.25,7365.93,1811.94
,,,,,,,7059,4135.95,3939,3229.98,10832.25,14259.18,23397.66,14771.25,7365.93,1811.94
,,,,,,,7060,4135.95,3939,3229.98,10832.25,14259.18,23397.66,14771.25,7365.93,1811.94
,,,,,,,7061,4135.95,3939,3229.98,10832.25,14259.18,23397.66,14771.25,7365.93,1811.94
,,,,,,,7062,4135.95,3939,3229.98,10832.25,14259.18,23397.66,14771.25,7365.93,1811.94
,,,,,,,7063,4135.95,3939,3229.98,10832.25,14259.18,23397.66,14771.25,7365.93,1811.94
,,,,,,,7064,4135.95,3939,3229.98,10832.25,14259.18,23397.66,14771.25,7365.93,1811.94
,,,,,,,7065,4135.95,3939,3229.98,10832.25,14259.18,23397.66,14771.25,7365.93,1811.94
,,,,,,,7066,4135.95,3939,3229.98,10832.25,14259.18,23397.66,14771.25,7365.93,1811.94
,,,,,,,7067,4135.95,3939,3229.98,10832.25,14259.18,23397.66,14771.25,7365.93,1811.94
,,,,,,,7068,4135.95,3939,3229.98,10832.25,14259.18,23397.66,14771.25,7365.93,1811.94
,,,,,,,7069,4135.95,3939,3229.98,10832.25,14259.18,23397.66,14771.25,7365.93,1811.94
,,,,,,,7070,4135.95,3939,3229.98,10832.25,14259.18,23397.66,14771.25,7365.93,1811.94
,,,,,,,7071,4135.95,3939,3229.98,10832.25,14259.18,23397.66,14771.25,7365.93,1811.94
,,,,,,,7072,4135.95,3939,3229.98,10832.25,14259.18,23397.66,14771.25,7365.93,1811.94
,,,,,,,7073,4135.95,3939,3229.98,10832.25,14259.18,23397.66,14771.25,7365.93,1811.94
,,,,,,,7074,4135.95,3939,3229.98,10832.25,14259.18,23397.66,14771.25,7365.93,1811.94
,,,,,,,7075,4135.95,3939,3229.98,10832.25,14259.18,23397.66,14771.25,7365.93,1811.94
,,,,,,,7076,4135.95,3939,3229.98,10832.25,14259.18,23397.66,14771.25,7365.93,1811.94
,,,,,,,7077,4135.95,3939,3229.98,10832.25,14259.18,23397.66,14771.25,7365.93,1811.94
,,,,,,,7078,4135.95,3939,3229.98,10832.25,14259.18,23397.66,14771.25,7365.93,1811.94
,,,,,,,7079,4135.95,3939,3229.98,10832.25,14259.18,23397.66,14771.25,7365.93,1811.94
,,,,,,,7080,4135.95,3939,3229.98,10832.25,14259.18,23397.66,14771.25,7365.93,1811.94
,,,,,,,7081,4135.95,3939,3229.98,10832.25,14259.18,23397.66,14771.25,7365.93,1811.94
,,,,,,,7082,4135.95,3939,3229.98,10832.25,14259.18,23397.66,14771.25,7365.93,1811.94
,,,,,,,7083,4135.95,3939,3229.98,10832.25,14259.18,23397.66,14771.25,7365.93,1811.94
,,,,,,,7084,4135.95,3939,3229.98,10832.25,14259.18,23397.66,14771.25,7365.93,1811.94
,,,,,,,7085,4135.95,3939,3229.98,10832.25,14259.18,23397.66,14771.25,7365.93,1811.94
,,,,,,,7086,4135.95,3939,3229.98,10832.25,14259.18,23397.66,14771.25,7365.93,1811.94
,,,,,,,7087,4135.95,3939,3229.98,10832.25,14259.18,23397.66,14771.25,7365.93,1811.94
,,,,,,,7088,4135.95,3939,3229.98,10832.25,14259.18,23397.66,14771.25,7365.93,1811.94
,,,,,,,7089,4135.95,3939,3229.98,10832.25,14259.18,23397.66,14771.25,7365.93,1811.94
,,,,,,,7090,4135.95,3939,3229.98,10832.25,14259.18,23397.66,14771.25,7365.93,1811.94
,,,,,,,7091,4135.95,3939,3229.98,10832.25,14259.18,23397.66,14771.25,7365.93,1811.94
,,,,,,,7092,4135.95,3939,3229.98,10832.25,14259.18,23397.66,14771.25,7365.93,1811.94
,,,,,,,7093,4135.95,3939,3229.98,10832.25,14259.18,23397.66,14771.25,7365.93,1811.94
,,,,,,,7094,4135.95,3939,3229.98,10832.25,14259.18,23397.66,14771.25,7365.93,1811.94
,,,,,,,7095,4135.95,3939,3229.98,10832.25,14259.18,23397.66,14771.25,7365.93,1811.94
,,,,,,,7096,4135.95,3939,3229.98,10832.25,14259.18,23397.66,14771.25,7365.93,1811.94
,,,,,,,7097,4135.95,3939,3229.98,10832.25,14259.18,23397.66,14771.25,7365.93,1811.94
,,,,,,,7098,4135.95,3939,3229.98,10832.25,14259.18,23397.66,14771.25,7365.93,1811.94
,,,,,,,7099,4135.95,3939,3229.98,10832.25,14259.18,23397.66,14771.25,7365.93,1811.94
,,,,,,,7100,4135.95,3939,3229.98,10832.25,14259.18,23397.66,14771.25,7365.93,1811.94
,,,,,,,7101,4135.95,3939,3229.98,10832.25,14259.18,23397.66,14771.25,7365.93,1811.94
,,,,,,,7102,4135.95,3939,3229.98,10832.25,14259.18,23397.66,14771.25,7365.93,1811.94
,,,,,,,7103,4135.95,3939,3229.98,10832.25,14259.18,23397.66,14771.25,7365.93,1811.94
,,,,,,,7104,4135.95,3939,3229.98,10832.25,14259.18,23397.66,14771.25,7365.93,1811.94
,,,,,,,7105,4135.95,3939,3229.98,10832.25,14259.18,23397.66,14771.25,7365.93,1811.94
,,,,,,,7106,4135.95,3939,3229.98,10832.25,14259.18,23397.66,14771.25,7365.93,1811.94
,,,,,,,7107,4135.95,3939,3229.98,10832.25,14259.18,23397.66,14771.25,7365.93,1811.94
,,,,,,,7108,4135.95,3939,3229.98,10832.25,14259.18,23397.66,14771.25,7365.93,1811.94
,,,,,,,7109,4135.95,3939,3229.98,10832.25,14259.18,23397.66,14771.25,7365.93,1811.94
,,,,,,,7110,4135.95,3939,3229.98,10832.25,14259.18,23397.66,14771.25,7365.93,1811.94
,,,,,,,7111,4135.95,3939,3229.98,10832.25,14259.18,23397.66,14771.25,7365.93,1811.94
,,,,,,,7112,4135.95,3939,3229.98,10832.25,14259.18,23397.66,14771.25,7365.93,1811.94
,,,,,,,7113,4135.95,3939,3229.98,10832.25,14259.18,23397.66,14771.25,7365.93,1811.94
,,,,,,,7114,4135.95,3939,3229.98,10832.25,14259.18,23397.66,14771.25,7365.93,1811.94
,,,,,,,7115,4135.95,3939,3229.98,10832.25,14259.18,23397.66,14771.25,7365.93,1811.94
,,,,,,,7116,4135.95,3939,3229.98,10832.25,14259.18,23397.66,14771.25,7365.93,1811.94
,,,,,,,7117,4135.95,3939,3229.98,10832.25,14259.18,23397.66,14771.25,7365.93,1811.94
,,,,,,,7118,4135.95,3939,3229.98,10832.25,14259.18,23397.66,14771.25,7365.93,1811.94
,,,,,,,7119,4135.95,3939,3229.98,10832.25,14259.18,23397.66,14771.25,7365.93,1811.94
,,,,,,,7120,4135.95,3939,3229.98,10832.25,14259.18,23397.66,14771.25,7365.93,1811.94
,,,,,,,7121,4135.95,3939,3229.98,10832.25,14259.18,23397.66,14771.25,7365.93,1811.94
,,,,,,,7122,4135.95,3939,3229.98,10832.25,14259.18,23397.66,14771.25,7365.93,1811.94
,,,,,,,7123,4135.95,3939,3229.98,10832.25,14259.18,23397.66,14771.25,7365.93,1811.94
,,,,,,,7124,4135.95,3939,3229.98,10832.25,14259.18,23397.66,14771.25,7365.93,1811.94
,,,,,,,7125,4135.95,3939,3229.98,10832.25,14259.18,23397.66,14771.25,7365.93,1811.94
,,,,,,,7126,4135.95,3939,3229.98,10832.25,14259.18,23397.66,14771.25,7365.93,1811.94
,,,,,,,7127,4135.95,3939,3229.98,10832.25,14259.18,23397.66,14771.25,7365.93,1811.94
,,,,,,,7128,4135.95,3939,3229.98,10832.25,14259.18,23397.66,14771.25,7365.93,1811.94
,,,,,,,7129,4135.95,3939,3229.98,10832.25,14259.18,23397.66,14771.25,7365.93,1811.94
,,,,,,,7130,4135.95,3939,3229.98,10832.25,14259.18,23397.66,14771.25,7365.93,1811.94
,,,,,,,7131,4135.95,3939,3229.98,10832.25,14259.18,23397.66,14771.25,7365.93,1811.94
,,,,,,,7132,4135.95,3939,3229.98,10832.25,14259.18,23397.66,14771.25,7365.93,1811.94
,,,,,,,7133,4135.95,3939,3229.98,10832.25,14259.18,23397.66,14771.25,7365.93,1811.94
,,,,,,,7134,4135.95,3939,3229.98,10832.25,14259.18,23397.66,14771.25,7365.93,1811.94
,,,,,,,7135,4135.95,3939,3229.98,10832.25,14259.18,23397.66,14771.25,7365.93,1811.94
,,,,,,,7136,4135.95,3939,3229.98,10832.25,14259.18,23397.66,14771.25,7365.93,1811.94
,,,,,,,7137,4135.95,3939,3229.98,10832.25,14259.18,23397.66,14771.25,7365.93,1811.94
,,,,,,,7138,4135.95,3939,3229.98,10832.25,14259.18,23397.66,14771.25,7365.93,1811.94
,,,,,,,7139,4135.95,3939,3229.98,10832.25,14259.18,23397.66,14771.25,7365.93,1811.94
,,,,,,,7140,4135.95,3939,3229.98,10832.25,14259.18,23397.66,14771.25,7365.93,1811.94
,,,,,,,7141,4135.95,3939,3229.98,10832.25,14259.18,23397.66,14771.25,7365.93,1811.94
,,,,,,,7142,4135.95,3939,3229.98,10832.25,14259.18,23397.66,14771.25,7365.93,1811.94
,,,,,,,7143,4135.95,3939,3229.98,10832.25,14259.18,23397.66,14771.25,7365.93,1811.94
,,,,,,,7144,4135.95,3939,3229.98,10832.25,14259.18,23397.66,14771.25,7365.93,1811.94
,,,,,,,7145,4135.95,3939,3229.98,10832.25,14259.18,23397.66,14771.25,7365.93,1811.94
,,,,,,,7146,4135.95,3939,3229.98,10832.25,14259.18,23397.66,14771.25,7365.93,1811.94
,,,,,,,7147,4135.95,3939,3229.98,10832.25,14259.18,23397.66,14771.25,7365.93,1811.94
,,,,,,,7148,4135.95,3939,3229.98,10832.25,14259.18,23397.66,14771.25,7365.93,1811.94
,,,,,,,7149,4135.95,3939,3229.98,10832.25,14259.18,23397.66,14771.25,7365.93,1811.94
,,,,,,,7150,4135.95,3939,3229.98,10832.25,14259.18,23397.66,14771.25,7365.93,1811.94
,,,,,,,7151,4135.95,3939,3229.98,10832.25,14259.18,23397.66,14771.25,7365.93,1811.94
,,,,,,,7152,4135.95,3939,3229.98,10832.25,14259.18,23397.66,14771.25,7365.93,1811.94
,,,,,,,7153,4135.95,3939,3229.98,10832.25,14259.18,23397.66,14771.25,7365.93,1811.94
,,,,,,,7154,4135.95,3939,3229.98,10832.25,14259.18,23397.66,14771.25,7365.93,1811.94
,,,,,,,7155,4135.95,3939,3229.98,10832.25,14259.18,23397.66,14771.25,7365.93,1811.94
,,,,,,,7156,4135.95,3939,3229.98,10832.25,14259.18,23397.66,14771.25,7365.93,1811.94
,,,,,,,7157,4135.95,3939,3229.98,10832.25,14259.18,23397.66,14771.25,7365.93,1811.94
,,,,,,,7158,4135.95,3939,3229.98,10832.25,14259.18,23397.66,14771.25,7365.93,1811.94
,,,,,,,7159,4135.95,3939,3229.98,10832.25,14259.18,23397.66,14771.25,7365.93,1811.94
,,,,,,,7160,4135.95,3939,3229.98,10832.25,14259.18,23397.66,14771.25,7365.93,1811.94
,,,,,,,7161,4135.95,3939,3229.98,10832.25,14259.18,23397.66,14771.25,7365.93,1811.94
,,,,,,,7162,4135.95,3939,3229.98,10832.25,14259.18,23397.66,14771.25,7365.93,1811.94
,,,,,,,7163,4135.95,3939,3229.98,10832.25,14259.18,23397.66,14771.25,7365.93,1811.94
,,,,,,,7164,4135.95,3939,3229.98,10832.25,14259.18,23397.66,14771.25,7365.93,1811.94
,,,,,,,7165,4135.95,3939,3229.98,10832.25,14259.18,23397.66,14771.25,7365.93,1811.94
,,,,,,,7166,4135.95,3939,3229.98,10832.25,14259.18,23397.66,14771.25,7365.93,1811.94
,,,,,,,7167,4135.95,3939,3229.98,10832.25,14259.18,23397.66,14771.25,7365.93,1811.94
,,,,,,,7168,4135.95,3939,3229.98,10832.25,14259.18,23397.66,14771.25,7365.93,1811.94
,,,,,,,7169,4135.95,3939,3229.98,10832.25,14259.18,23397.66,14771.25,7365.93,1811.94
,,,,,,,7170,4135.95,3939,3229.98,10832.25,14259.18,23397.66,14771.25,7365.93,1811.94
,,,,,,,7171,4135.95,3939,3229.98,10832.25,14259.18,23397.66,14771.25,7365.93,1811.94
,,,,,,,7172,4135.95,3939,3229.98,10832.25,14259.18,23397.66,14771.25,7365.93,1811.94
,,,,,,,7173,4135.95,3939,3229.98,10832.25,14259.18,23397.66,14771.25,7365.93,1811.94
,,,,,,,7174,4135.95,3939,3229.98,10832.25,14259.18,23397.66,14771.25,7365.93,1811.94
,,,,,,,7175,4135.95,3939,3229.98,10832.25,14259.18,23397.66,14771.25,7365.93,1811.94
,,,,,,,7176,4135.95,3939,3229.98,10832.25,14259.18,23397.66,14771.25,7365.93,1811.94
,,,,,,,7177,4135.95,3939,3229.98,10832.25,14259.18,23397.66,14771.25,7365.93,1811.94
,,,,,,,7178,4135.95,3939,3229.98,10832.25,14259.18,23397.66,14771.25,7365.93,1811.94
,,,,,,,7179,4135.95,3939,3229.98,10832.25,14259.18,23397.66,14771.25,7365.93,1811.94
,,,,,,,7180,4135.95,3939,3229.98,10832.25,14259.18,23397.66,14771.25,7365.93,1811.94
,,,,,,,7181,4135.95,3939,3229.98,10832.25,14259.18,23397.66,14771.25,7365.93,1811.94
,,,,,,,7182,4135.95,3939,3229.98,10832.25,14259.18,23397.66,14771.25,7365.93,1811.94
,,,,,,,7183,4135.95,3939,3229.98,10832.25,14259.18,23397.66,14771.25,7365.93,1811.94
,,,,,,,7184,4135.95,3939,3229.98,10832.25,14259.18,23397.66,14771.25,7365.93,1811.94
,,,,,,,7185,4135.95,3939,3229.98,10832.25,14259.18,23397.66,14771.25,7365.93,1811.94
,,,,,,,7186,4135.95,3939,3229.98,10832.25,14259.18,23397.66,14771.25,7365.93,1811.94
,,,,,,,7187,4135.95,3939,3229.98,10832.25,14259.18,23397.66,14771.25,7365.93,1811.94
,,,,,,,7188,4135.95,3939,3229.98,10832.25,14259.18,23397.66,14771.25,7365.93,1811.94
,,,,,,,7189,4135.95,3939,3229.98,10832.25,14259.18,23397.66,14771.25,7365.93,1811.94
,,,,,,,7190,4135.95,3939,3229.98,10832.25,14259.18,23397.66,14771.25,7365.93,1811.94
,,,,,,,7191,4135.95,3939,3229.98,10832.25,14259.18,23397.66,14771.25,7365.93,1811.94
,,,,,,,7192,4135.95,3939,3229.98,10832.25,14259.18,23397.66,14771.25,7365.93,1811.94
,,,,,,,7193,4135.95,3939,3229.98,10832.25,14259.18,23397.66,14771.25,7365.93,1811.94
,,,,,,,7194,4135.95,3939,3229.98,10832.25,14259.18,23397.66,14771.25,7365.93,1811.94
,,,,,,,7195,4135.95,3939,3229.98,10832.25,14259.18,23397.66,14771.25,7365.93,1811.94
,,,,,,,7196,4135.95,3939,3229.98,10832.25,14259.18,23397.66,14771.25,7365.93,1811.94
,,,,,,,7197,4135.95,3939,3229.98,10832.25,14259.18,23397.66,14771.25,7365.93,1811.94
,,,,,,,7198,4135.95,3939,3229.98,10832.25,14259.18,23397.66,14771.25,7365.93,1811.94
,,,,,,,7199,4135.95,3939,3229.98,10832.25,14259.18,23397.66,14771.25,7365.93,1811.94
,,,,,,,7200,4135.95,3939,3229.98,10832.25,14259.18,23397.66,14771.25,7365.93,1811.94
,,,,,,,7201,4135.95,3939,3229.98,10832.25,14259.18,23397.66,14771.25,7365.93,1811.94
,,,,,,,7202,4135.95,3939,3229.98,10832.25,14259.18,23397.66,14771.25,7365.93,1811.94
,,,,,,,7203,4135.95,3939,3229.98,10832.25,14259.18,23397.66,14771.25,7365.93,1811.94
,,,,,,,7204,4135.95,3939,3229.98,10832.25,14259.18,23397.66,14771.25,7365.93,1811.94
,,,,,,,7205,4135.95,3939,3229.98,10832.25,14259.18,23397.66,14771.25,7365.93,1811.94
,,,,,,,7206,4135.95,3939,3229.98,10832.25,14259.18,23397.66,14771.25,7365.93,1811.94
,,,,,,,7207,4135.95,3939,3229.98,10832.25,14259.18,23397.66,14771.25,7365.93,1811.94
,,,,,,,7208,4135.95,3939,3229.98,10832.25,14259.18,23397.66,14771.25,7365.93,1811.94
,,,,,,,7209,4135.95,3939,3229.98,10832.25,14259.18,23397.66,14771.25,7365.93,1811.94
,,,,,,,7210,4135.95,3939,3229.98,10832.25,14259.18,23397.66,14771.25,7365.93,1811.94
,,,,,,,7211,4135.95,3939,3229.98,10832.25,14259.18,23397.66,14771.25,7365.93,1811.94
,,,,,,,7212,4135.95,3939,3229.98,10832.25,14259.18,23397.66,14771.25,7365.93,1811.94
,,,,,,,7213,4135.95,3939,3229.98,10832.25,14259.18,23397.66,14771.25,7365.93,1811.94
,,,,,,,7214,4135.95,3939,3229.98,10832.25,14259.18,23397.66,14771.25,7365.93,1811.94
,,,,,,,7215,4135.95,3939,3229.98,10832.25,14259.18,23397.66,14771.25,7365.93,1811.94
,,,,,,,7216,4135.95,3939,3229.98,10832.25,14259.18,23397.66,14771.25,7365.93,1811.94
,,,,,,,7217,4135.95,3939,3229.98,10832.25,14259.18,23397.66,14771.25,7365.93,1811.94
,,,,,,,7218,4135.95,3939,3229.98,10832.25,14259.18,23397.66,14771.25,7365.93,1811.94
,,,,,,,7219,4135.95,3939,3229.98,10832.25,14259.18,23397.66,14771.25,7365.93,1811.94
,,,,,,,7220,4135.95,3939,3229.98,10832.25,14259.18,23397.66,14771.25,7365.93,1811.94
,,,,,,,7221,4135.95,3939,3229.98,10832.25,14259.18,23397.66,14771.25,7365.93,1811.94
,,,,,,,7222,4135.95,3939,3229.98,10832.25,14259.18,23397.66,14771.25,7365.93,1811.94
,,,,,,,7223,4135.95,3939,3229.98,10832.25,14259.18,23397.66,14771.25,7365.93,1811.94
,,,,,,,7224,4135.95,3939,3229.98,10832.25,14259.18,23397.66,14771.25,7365.93,1811.94
,,,,,,,7225,4135.95,3939,3229.98,10832.25,14259.18,23397.66,14771.25,7365.93,1811.94
,,,,,,,7226,4135.95,3939,3229.98,10832.25,14259.18,23397.66,14771.25,7365.93,1811.94
,,,,,,,7227,4135.95,3939,3229.98,10832.25,14259.18,23397.66,14771.25,7365.93,1811.94
,,,,,,,7228,4135.95,3939,3229.98,10832.25,14259.18,23397.66,14771.25,7365.93,1811.94
,,,,,,,7229,4135.95,3939,3229.98,10832.25,14259.18,23397.66,14771.25,7365.93,1811.94
,,,,,,,7230,4135.95,3939,3229.98,10832.25,14259.18,23397.66,14771.25,7365.93,1811.94
,,,,,,,7231,4135.95,3939,3229.98,10832.25,14259.18,23397.66,14771.25,7365.93,1811.94
,,,,,,,7232,4135.95,3939,3229.98,10832.25,14259.18,23397.66,14771.25,7365.93,1811.94
,,,,,,,7233,4135.95,3939,3229.98,10832.25,14259.18,23397.66,14771.25,7365.93,1811.94
,,,,,,,7234,4135.95,3939,3229.98,10832.25,14259.18,23397.66,14771.25,7365.93,1811.94
,,,,,,,7235,4135.95,3939,3229.98,10832.25,14259.18,23397.66,14771.25,7365.93,1811.94
,,,,,,,7236,4135.95,3939,3229.98,10832.25,14259.18,23397.66,14771.25,7365.93,1811.94
,,,,,,,7237,4135.95,3939,3229.98,10832.25,14259.18,23397.66,14771.25,7365.93,1811.94
,,,,,,,7238,4135.95,3939,3229.98,10832.25,14259.18,23397.66,14771.25,7365.93,1811.94
,,,,,,,7239,4135.95,3939,3229.98,10832.25,14259.18,23397.66,14771.25,7365.93,1811.94
,,,,,,,7240,4135.95,3939,3229.98,10832.25,14259.18,23397.66,14771.25,7365.93,1811.94
,,,,,,,7241,4135.95,3939,3229.98,10832.25,14259.18,23397.66,14771.25,7365.93,1811.94
,,,,,,,7242,4135.95,3939,3229.98,10832.25,14259.18,23397.66,14771.25,7365.93,1811.94
,,,,,,,7243,4135.95,3939,3229.98,10832.25,14259.18,23397.66,14771.25,7365.93,1811.94
,,,,,,,7244,4135.95,3939,3229.98,10832.25,14259.18,23397.66,14771.25,7365.93,1811.94
,,,,,,,7245,4135.95,3939,3229.98,10832.25,14259.18,23397.66,14771.25,7365.93,1811.94
,,,,,,,7246,4135.95,3939,3229.98,10832.25,14259.18,23397.66,14771.25,7365.93,1811.94
,,,,,,,7247,4135.95,3939,3229.98,10832.25,14259.18,23397.66,14771.25,7365.93,1811.94
,,,,,,,7248,4135.95,3939,3229.98,10832.25,14259.18,23397.66,14771.25,7365.93,1811.94
,,,,,,,7249,4135.95,3939,3229.98,10832.25,14259.18,23397.66,14771.25,7365.93,1811.94
,,,,,,,7250,4135.95,3939,3229.98,10832.25,14259.18,23397.66,14771.25,7365.93,1811.94
,,,,,,,7251,4135.95,3939,3229.98,10832.25,14259.18,23397.66,14771.25,7365.93,1811.94
,,,,,,,7252,4135.95,3939,3229.98,10832.25,14259.18,23397.66,14771.25,7365.93,1811.94
,,,,,,,7253,4135.95,3939,3229.98,10832.25,14259.18,23397.66,14771.25,7365.93,1811.94
,,,,,,,7254,4135.95,3939,3229.98,10832.25,14259.18,23397.66,14771.25,7365.93,1811.94
,,,,,,,7255,4135.95,3939,3229.98,10832.25,14259.18,23397.66,14771.25,7365.93,1811.94
,,,,,,,7256,4135.95,3939,3229.98,10832.25,14259.18,23397.66,14771.25,7365.93,1811.94
,,,,,,,7257,4135.95,3939,3229.98,10832.25,14259.18,23397.66,14771.25,7365.93,1811.94
,,,,,,,7258,4135.95,3939,3229.98,10832.25,14259.18,23397.66,14771.25,7365.93,1811.94
,,,,,,,7259,4135.95,3939,3229.98,10832.25,14259.18,23397.66,14771.25,7365.93,1811.94
,,,,,,,7260,4135.95,3939,3229.98,10832.25,14259.18,23397.66,14771.25,7365.93,1811.94
,,,,,,,7261,4135.95,3939,3229.98,10832.25,14259.18,23397.66,14771.25,7365.93,1811.94
,,,,,,,7262,4135.95,3939,3229.98,10832.25,14259.18,23397.66,14771.25,7365.93,1811.94
,,,,,,,7263,4135.95,3939,3229.98,10832.25,14259.18,23397.66,14771.25,7365.93,1811.94
,,,,,,,7264,4135.95,3939,3229.98,10832.25,14259.18,23397.66,14771.25,7365.93,1811.94
,,,,,,,7265,4135.95,3939,3229.98,10832.25,14259.18,23397.66,14771.25,7365.93,1811.94
,,,,,,,7266,4135.95,3939,3229.98,10832.25,14259.18,23397.66,14771.25,7365.93,1811.94
,,,,,,,7267,4135.95,3939,3229.98,10832.25,14259.18,23397.66,14771.25,7365.93,1811.94
,,,,,,,7268,4135.95,3939,3229.98,10832.25,14259.18,23397.66,14771.25,7365.93,1811.94
,,,,,,,7269,4135.95,3939,3229.98,10832.25,14259.18,23397.66,14771.25,7365.93,1811.94
,,,,,,,7270,4135.95,3939,3229.98,10832.25,14259.18,23397.66,14771.25,7365.93,1811.94
,,,,,,,7271,4135.95,3939,3229.98,10832.25,14259.18,23397.66,14771.25,7365.93,1811.94
,,,,,,,7272,4135.95,3939,3229.98,10832.25,14259.18,23397.66,14771.25,7365.93,1811.94
,,,,,,,7273,4135.95,3939,3229.98,10832.25,14259.18,23397.66,14771.25,7365.93,1811.94
,,,,,,,7274,4135.95,3939,3229.98,10832.25,14259.18,23397.66,14771.25,7365.93,1811.94
,,,,,,,7275,4135.95,3939,3229.98,10832.25,14259.18,23397.66,14771.25,7365.93,1811.94
,,,,,,,7276,4135.95,3939,3229.98,10832.25,14259.18,23397.66,14771.25,7365.93,1811.94
,,,,,,,7277,4135.95,3939,3229.98,10832.25,14259.18,23397.66,14771.25,7365.93,1811.94
,,,,,,,7278,4135.95,3939,3229.98,10832.25,14259.18,23397.66,14771.25,7365.93,1811.94
,,,,,,,7279,4135.95,3939,3229.98,10832.25,14259.18,23397.66,14771.25,7365.93,1811.94
,,,,,,,7280,4135.95,3939,3229.98,10832.25,14259.18,23397.66,14771.25,7365.93,1811.94
,,,,,,,7281,4135.95,3939,3229.98,10832.25,14259.18,23397.66,14771.25,7365.93,1811.94
,,,,,,,7282,4135.95,3939,3229.98,10832.25,14259.18,23397.66,14771.25,7365.93,1811.94
,,,,,,,7283,4135.95,3939,3229.98,10832.25,14259.18,23397.66,14771.25,7365.93,1811.94
,,,,,,,7284,4135.95,3939,3229.98,10832.25,14259.18,23397.66,14771.25,7365.93,1811.94
,,,,,,,7285,4135.95,3939,3229.98,10832.25,14259.18,23397.66,14771.25,7365.93,1811.94
,,,,,,,7286,4135.95,3939,3229.98,10832.25,14259.18,23397.66,14771.25,7365.93,1811.94
,,,,,,,7287,4135.95,3939,3229.98,10832.25,14259.18,23397.66,14771.25,7365.93,1811.94
,,,,,,,7288,4135.95,3939,3229.98,10832.25,14259.18,23397.66,14771.25,7365.93,1811.94
,,,,,,,7289,4135.95,3939,3229.98,10832.25,14259.18,23397.66,14771.25,7365.93,1811.94
,,,,,,,7290,4135.95,3939,3229.98,10832.25,14259.18,23397.66,14771.25,7365.93,1811.94
,,,,,,,7291,4135.95,3939,3229.98,10832.25,14259.18,23397.66,14771.25,7365.93,1811.94
,,,,,,,7292,4135.95,3939,3229.98,10832.25,14259.18,23397.66,14771.25,7365.93,1811.94
,,,,,,,7293,4135.95,3939,3229.98,10832.25,14259.18,23397.66,14771.25,7365.93,1811.94
,,,,,,,7294,4135.95,3939,3229.98,10832.25,14259.18,23397.66,14771.25,7365.93,1811.94
,,,,,,,7295,4135.95,3939,3229.98,10832.25,14259.18,23397.66,14771.25,7365.93,1811.94
,,,,,,,7296,4135.95,3939,3229.98,10832.25,14259.18,23397.66,14771.25,7365.93,1811.94
,,,,,,,7297,4135.95,3939,3229.98,10832.25,14259.18,23397.66,14771.25,7365.93,1811.94
,,,,,,,7298,4135.95,3939,3229.98,10832.25,14259.18,23397.66,14771.25,7365.93,1811.94
,,,,,,,7299,4135.95,3939,3229.98,10832.25,14259.18,23397.66,14771.25,7365.93,1811.94
,,,,,,,7300,4135.95,3939,3229.98,10832.25,14259.18,23397.66,14771.25,7365.93,1811.94
,,,,,,,7301,4135.95,3939,3229.98,10832.25,14259.18,23397.66,14771.25,7365.93,1811.94
,,,,,,,7302,4135.95,3939,3229.98,10832.25,14259.18,23397.66,14771.25,7365.93,1811.94
,,,,,,,7303,4135.95,3939,3229.98,10832.25,14259.18,23397.66,14771.25,7365.93,1811.94
,,,,,,,7304,4135.95,3939,3229.98,10832.25,14259.18,23397.66,14771.25,7365.93,1811.94
,,,,,,,7305,4135.95,3939,3229.98,10832.25,14259.18,23397.66,14771.25,7365.93,1811.94
,,,,,,,7306,4135.95,3939,3229.98,10832.25,14259.18,23397.66,14771.25,7365.93,1811.94
,,,,,,,7307,4135.95,3939,3229.98,10832.25,14259.18,23397.66,14771.25,7365.93,1811.94
,,,,,,,7308,4135.95,3939,3229.98,10832.25,14259.18,23397.66,14771.25,7365.93,1811.94
,,,,,,,7309,4135.95,3939,3229.98,10832.25,14259.18,23397.66,14771.25,7365.93,1811.94
,,,,,,,7310,4135.95,3939,3229.98,10832.25,14259.18,23397.66,14771.25,7365.93,1811.94
,,,,,,,7311,4135.95,3939,3229.98,10832.25,14259.18,23397.66,14771.25,7365.93,1811.94
,,,,,,,7312,4135.95,3939,3229.98,10832.25,14259.18,23397.66,14771.25,7365.93,1811.94
,,,,,,,7313,4135.95,3939,3229.98,10832.25,14259.18,23397.66,14771.25,7365.93,1811.94
,,,,,,,7314,4135.95,3939,3229.98,10832.25,14259.18,23397.66,14771.25,7365.93,1811.94
,,,,,,,7315,4135.95,3939,3229.98,10832.25,14259.18,23397.66,14771.25,7365.93,1811.94
,,,,,,,7316,4135.95,3939,3229.98,10832.25,14259.18,23397.66,14771.25,7365.93,1811.94
,,,,,,,7317,4135.95,3939,3229.98,10832.25,14259.18,23397.66,14771.25,7365.93,1811.94
,,,,,,,7318,4135.95,3939,3229.98,10832.25,14259.18,23397.66,14771.25,7365.93,1811.94
,,,,,,,7319,4135.95,3939,3229.98,10832.25,14259.18,23397.66,14771.25,7365.93,1811.94
,,,,,,,7320,4135.95,3939,3229.98,10832.25,14259.18,23397.66,14771.25,7365.93,1811.94
,,,,,,,7321,4135.95,3939,3229.98,10832.25,14259.18,23397.66,14771.25,7365.93,1811.94
,,,,,,,7322,4135.95,3939,3229.98,10832.25,14259.18,23397.66,14771.25,7365.93,1811.94
,,,,,,,7323,4135.95,3939,3229.98,10832.25,14259.18,23397.66,14771.25,7365.93,1811.94
,,,,,,,7324,4135.95,3939,3229.98,10832.25,14259.18,23397.66,14771.25,7365.93,1811.94
,,,,,,,7325,4135.95,3939,3229.98,10832.25,14259.18,23397.66,14771.25,7365.93,1811.94
,,,,,,,7326,4135.95,3939,3229.98,10832.25,14259.18,23397.66,14771.25,7365.93,1811.94
,,,,,,,7327,4135.95,3939,3229.98,10832.25,14259.18,23397.66,14771.25,7365.93,1811.94
,,,,,,,7328,4135.95,3939,3229.98,10832.25,14259.18,23397.66,14771.25,7365.93,1811.94
,,,,,,,7329,4135.95,3939,3229.98,10832.25,14259.18,23397.66,14771.25,7365.93,1811.94
,,,,,,,7330,4135.95,3939,3229.98,10832.25,14259.18,23397.66,14771.25,7365.93,1811.94
,,,,,,,7331,4135.95,3939,3229.98,10832.25,14259.18,23397.66,14771.25,7365.93,1811.94
,,,,,,,7332,4135.95,3939,3229.98,10832.25,14259.18,23397.66,14771.25,7365.93,1811.94
,,,,,,,7333,4135.95,3939,3229.98,10832.25,14259.18,23397.66,14771.25,7365.93,1811.94
,,,,,,,7334,4135.95,3939,3229.98,10832.25,14259.18,23397.66,14771.25,7365.93,1811.94
,,,,,,,7335,4135.95,3939,3229.98,10832.25,14259.18,23397.66,14771.25,7365.93,1811.94
,,,,,,,7336,4135.95,3939,3229.98,10832.25,14259.18,23397.66,14771.25,7365.93,1811.94
,,,,,,,7337,4135.95,3939,3229.98,10832.25,14259.18,23397.66,14771.25,7365.93,1811.94
,,,,,,,7338,4135.95,3939,3229.98,10832.25,14259.18,23397.66,14771.25,7365.93,1811.94
,,,,,,,7339,4135.95,3939,3229.98,10832.25,14259.18,23397.66,14771.25,7365.93,1811.94
,,,,,,,7340,4135.95,3939,3229.98,10832.25,14259.18,23397.66,14771.25,7365.93,1811.94
,,,,,,,7341,4135.95,3939,3229.98,10832.25,14259.18,23397.66,14771.25,7365.93,1811.94
,,,,,,,7342,4135.95,3939,3229.98,10832.25,14259.18,23397.66,14771.25,7365.93,1811.94
,,,,,,,7343,4135.95,3939,3229.98,10832.25,14259.18,23397.66,14771.25,7365.93,1811.94
,,,,,,,7344,4135.95,3939,3229.98,10832.25,14259.18,23397.66,14771.25,7365.93,1811.94
,,,,,,,7345,4135.95,3939,3229.98,10832.25,14259.18,23397.66,14771.25,7365.93,1811.94
,,,,,,,7346,4135.95,3939,3229.98,10832.25,14259.18,23397.66,14771.25,7365.93,1811.94
,,,,,,,7347,4135.95,3939,3229.98,10832.25,14259.18,23397.66,14771.25,7365.93,1811.94
,,,,,,,7348,4135.95,3939,3229.98,10832.25,14259.18,23397.66,14771.25,7365.93,1811.94
,,,,,,,7349,4135.95,3939,3229.98,10832.25,14259.18,23397.66,14771.25,7365.93,1811.94
,,,,,,,7350,4135.95,3939,3229.98,10832.25,14259.18,23397.66,14771.25,7365.93,1811.94
,,,,,,,7351,4135.95,3939,3229.98,10832.25,14259.18,23397.66,14771.25,7365.93,1811.94
,,,,,,,7352,4135.95,3939,3229.98,10832.25,14259.18,23397.66,14771.25,7365.93,1811.94
,,,,,,,7353,4135.95,3939,3229.98,10832.25,14259.18,23397.66,14771.25,7365.93,1811.94
,,,,,,,7354,4135.95,3939,3229.98,10832.25,14259.18,23397.66,14771.25,7365.93,1811.94
,,,,,,,7355,4135.95,3939,3229.98,10832.25,14259.18,23397.66,14771.25,7365.93,1811.94
,,,,,,,7356,4135.95,3939,3229.98,10832.25,14259.18,23397.66,14771.25,7365.93,1811.94
,,,,,,,7357,4135.95,3939,3229.98,10832.25,14259.18,23397.66,14771.25,7365.93,1811.94
,,,,,,,7358,4135.95,3939,3229.98,10832.25,14259.18,23397.66,14771.25,7365.93,1811.94
,,,,,,,7359,4135.95,3939,3229.98,10832.25,14259.18,23397.66,14771.25,7365.93,1811.94
,,,,,,,7360,4135.95,3939,3229.98,10832.25,14259.18,23397.66,14771.25,7365.93,1811.94
,,,,,,,7361,4135.95,3939,3229.98,10832.25,14259.18,23397.66,14771.25,7365.93,1811.94
,,,,,,,7362,4135.95,3939,3229.98,10832.25,14259.18,23397.66,14771.25,7365.93,1811.94
,,,,,,,7363,4135.95,3939,3229.98,10832.25,14259.18,23397.66,14771.25,7365.93,1811.94
,,,,,,,7364,4135.95,3939,3229.98,10832.25,14259.18,23397.66,14771.25,7365.93,1811.94
,,,,,,,7365,4135.95,3939,3229.98,10832.25,14259.18,23397.66,14771.25,7365.93,1811.94
,,,,,,,7366,4135.95,3939,3229.98,10832.25,14259.18,23397.66,14771.25,7365.93,1811.94
,,,,,,,7367,4135.95,3939,3229.98,10832.25,14259.18,23397.66,14771.25,7365.93,1811.94
,,,,,,,7368,4135.95,3939,3229.98,10832.25,14259.18,23397.66,14771.25,7365.93,1811.94
,,,,,,,7369,4135.95,3939,3229.98,10832.25,14259.18,23397.66,14771.25,7365.93,1811.94
,,,,,,,7370,4135.95,3939,3229.98,10832.25,14259.18,23397.66,14771.25,7365.93,1811.94
,,,,,,,7371,4135.95,3939,3229.98,10832.25,14259.18,23397.66,14771.25,7365.93,1811.94
,,,,,,,7372,4135.95,3939,3229.98,10832.25,14259.18,23397.66,14771.25,7365.93,1811.94
,,,,,,,7373,4135.95,3939,3229.98,10832.25,14259.18,23397.66,14771.25,7365.93,1811.94
,,,,,,,7374,4135.95,3939,3229.98,10832.25,14259.18,23397.66,14771.25,7365.93,1811.94
,,,,,,,7375,4135.95,3939,3229.98,10832.25,14259.18,23397.66,14771.25,7365.93,1811.94
,,,,,,,7376,4135.95,3939,3229.98,10832.25,14259.18,23397.66,14771.25,7365.93,1811.94
,,,,,,,7377,4135.95,3939,3229.98,10832.25,14259.18,23397.66,14771.25,7365.93,1811.94
,,,,,,,7378,4135.95,3939,3229.98,10832.25,14259.18,23397.66,14771.25,7365.93,1811.94
,,,,,,,7379,4135.95,3939,3229.98,10832.25,14259.18,23397.66,14771.25,7365.93,1811.94
,,,,,,,7380,4135.95,3939,3229.98,10832.25,14259.18,23397.66,14771.25,7365.93,1811.94
,,,,,,,7381,4135.95,3939,3229.98,10832.25,14259.18,23397.66,14771.25,7365.93,1811.94
,,,,,,,7382,4135.95,3939,3229.98,10832.25,14259.18,23397.66,14771.25,7365.93,1811.94
,,,,,,,7383,4135.95,3939,3229.98,10832.25,14259.18,23397.66,14771.25,7365.93,1811.94
,,,,,,,7384,4135.95,3939,3229.98,10832.25,14259.18,23397.66,14771.25,7365.93,1811.94
,,,,,,,7385,4135.95,3939,3229.98,10832.25,14259.18,23397.66,14771.25,7365.93,1811.94
,,,,,,,7386,4135.95,3939,3229.98,10832.25,14259.18,23397.66,14771.25,7365.93,1811.94
,,,,,,,7387,4135.95,3939,3229.98,10832.25,14259.18,23397.66,14771.25,7365.93,1811.94
,,,,,,,7388,4135.95,3939,3229.98,10832.25,14259.18,23397.66,14771.25,7365.93,1811.94
,,,,,,,7389,4135.95,3939,3229.98,10832.25,14259.18,23397.66,14771.25,7365.93,1811.94
,,,,,,,7390,4135.95,3939,3229.98,10832.25,14259.18,23397.66,14771.25,7365.93,1811.94
,,,,,,,7391,4135.95,3939,3229.98,10832.25,14259.18,23397.66,14771.25,7365.93,1811.94
,,,,,,,7392,4135.95,3939,3229.98,10832.25,14259.18,23397.66,14771.25,7365.93,1811.94
,,,,,,,7393,4135.95,3939,3229.98,10832.25,14259.18,23397.66,14771.25,7365.93,1811.94
,,,,,,,7394,4135.95,3939,3229.98,10832.25,14259.18,23397.66,14771.25,7365.93,1811.94
,,,,,,,7395,4135.95,3939,3229.98,10832.25,14259.18,23397.66,14771.25,7365.93,1811.94
,,,,,,,7396,4135.95,3939,3229.98,10832.25,14259.18,23397.66,14771.25,7365.93,1811.94
,,,,,,,7397,4135.95,3939,3229.98,10832.25,14259.18,23397.66,14771.25,7365.93,1811.94
,,,,,,,7398,4135.95,3939,3229.98,10832.25,14259.18,23397.66,14771.25,7365.93,1811.94
,,,,,,,7399,4135.95,3939,3229.98,10832.25,14259.18,23397.66,14771.25,7365.93,1811.94
,,,,,,,7400,4135.95,3939,3229.98,10832.25,14259.18,23397.66,14771.25,7365.93,1811.94
,,,,,,,7401,4135.95,3939,3229.98,10832.25,14259.18,23397.66,14771.25,7365.93,1811.94
,,,,,,,7402,4135.95,3939,3229.98,10832.25,14259.18,23397.66,14771.25,7365.93,1811.94
,,,,,,,7403,4135.95,3939,3229.98,10832.25,14259.18,23397.66,14771.25,7365.93,1811.94
,,,,,,,7404,4135.95,3939,3229.98,10832.25,14259.18,23397.66,14771.25,7365.93,1811.94
,,,,,,,7405,4135.95,3939,3229.98,10832.25,14259.18,23397.66,14771.25,7365.93,1811.94
,,,,,,,7406,4135.95,3939,3229.98,10832.25,14259.18,23397.66,14771.25,7365.93,1811.94
,,,,,,,7407,4135.95,3939,3229.98,10832.25,14259.18,23397.66,14771.25,7365.93,1811.94
,,,,,,,7408,4135.95,3939,3229.98,10832.25,14259.18,23397.66,14771.25,7365.93,1811.94
,,,,,,,7409,4135.95,3939,3229.98,10832.25,14259.18,23397.66,14771.25,7365.93,1811.94
,,,,,,,7410,4135.95,3939,3229.98,10832.25,14259.18,23397.66,14771.25,7365.93,1811.94
,,,,,,,7411,4135.95,3939,3229.98,10832.25,14259.18,23397.66,14771.25,7365.93,1811.94
,,,,,,,7412,4135.95,3939,3229.98,10832.25,14259.18,23397.66,14771.25,7365.93,1811.94
,,,,,,,7413,4135.95,3939,3229.98,10832.25,14259.18,23397.66,14771.25,7365.93,1811.94
,,,,,,,7414,4135.95,3939,3229.98,10832.25,14259.18,23397.66,14771.25,7365.93,1811.94
,,,,,,,7415,4135.95,3939,3229.98,10832.25,14259.18,23397.66,14771.25,7365.93,1811.94
,,,,,,,7416,4135.95,3939,3229.98,10832.25,14259.18,23397.66,14771.25,7365.93,1811.94
,,,,,,,7417,4135.95,3939,3229.98,10832.25,14259.18,23397.66,14771.25,7365.93,1811.94
,,,,,,,7418,4135.95,3939,3229.98,10832.25,14259.18,23397.66,14771.25,7365.93,1811.94
,,,,,,,7419,4135.95,3939,3229.98,10832.25,14259.18,23397.66,14771.25,7365.93,1811.94
,,,,,,,7420,4135.95,3939,3229.98,10832.25,14259.18,23397.66,14771.25,7365.93,1811.94
,,,,,,,7421,4135.95,3939,3229.98,10832.25,14259.18,23397.66,14771.25,7365.93,1811.94
,,,,,,,7422,4135.95,3939,3229.98,10832.25,14259.18,23397.66,14771.25,7365.93,1811.94
,,,,,,,7423,4135.95,3939,3229.98,10832.25,14259.18,23397.66,14771.25,7365.93,1811.94
,,,,,,,7424,4135.95,3939,3229.98,10832.25,14259.18,23397.66,14771.25,7365.93,1811.94
,,,,,,,7425,4135.95,3939,3229.98,10832.25,14259.18,23397.66,14771.25,7365.93,1811.94
,,,,,,,7426,4135.95,3939,3229.98,10832.25,14259.18,23397.66,14771.25,7365.93,1811.94
,,,,,,,7427,4135.95,3939,3229.98,10832.25,14259.18,23397.66,14771.25,7365.93,1811.94
,,,,,,,7428,4135.95,3939,3229.98,10832.25,14259.18,23397.66,14771.25,7365.93,1811.94
,,,,,,,7429,4135.95,3939,3229.98,10832.25,14259.18,23397.66,14771.25,7365.93,1811.94
,,,,,,,7430,4135.95,3939,3229.98,10832.25,14259.18,23397.66,14771.25,7365.93,1811.94
,,,,,,,7431,4135.95,3939,3229.98,10832.25,14259.18,23397.66,14771.25,7365.93,1811.94
,,,,,,,7432,4135.95,3939,3229.98,10832.25,14259.18,23397.66,14771.25,7365.93,1811.94
,,,,,,,7433,4135.95,3939,3229.98,10832.25,14259.18,23397.66,14771.25,7365.93,1811.94
,,,,,,,7434,4135.95,3939,3229.98,10832.25,14259.18,23397.66,14771.25,7365.93,1811.94
,,,,,,,7435,4135.95,3939,3229.98,10832.25,14259.18,23397.66,14771.25,7365.93,1811.94
,,,,,,,7436,4135.95,3939,3229.98,10832.25,14259.18,23397.66,14771.25,7365.93,1811.94
,,,,,,,7437,4135.95,3939,3229.98,10832.25,14259.18,23397.66,14771.25,7365.93,1811.94
,,,,,,,7438,4135.95,3939,3229.98,10832.25,14259.18,23397.66,14771.25,7365.93,1811.94
,,,,,,,7439,4135.95,3939,3229.98,10832.25,14259.18,23397.66,14771.25,7365.93,1811.94
,,,,,,,7440,4135.95,3939,3229.98,10832.25,14259.18,23397.66,14771.25,7365.93,1811.94
,,,,,,,7441,4135.95,3939,3229.98,10832.25,14259.18,23397.66,14771.25,7365.93,1811.94
,,,,,,,7442,4135.95,3939,3229.98,10832.25,14259.18,23397.66,14771.25,7365.93,1811.94
,,,,,,,7443,4135.95,3939,3229.98,10832.25,14259.18,23397.66,14771.25,7365.93,1811.94
,,,,,,,7444,4135.95,3939,3229.98,10832.25,14259.18,23397.66,14771.25,7365.93,1811.94
,,,,,,,7445,4135.95,3939,3229.98,10832.25,14259.18,23397.66,14771.25,7365.93,1811.94
,,,,,,,7446,4135.95,3939,3229.98,10832.25,14259.18,23397.66,14771.25,7365.93,1811.94
,,,,,,,7447,4135.95,3939,3229.98,10832.25,14259.18,23397.66,14771.25,7365.93,1811.94
,,,,,,,7448,4135.95,3939,3229.98,10832.25,14259.18,23397.66,14771.25,7365.93,1811.94
,,,,,,,7449,4135.95,3939,3229.98,10832.25,14259.18,23397.66,14771.25,7365.93,1811.94
,,,,,,,7450,4135.95,3939,3229.98,10832.25,14259.18,23397.66,14771.25,7365.93,1811.94
,,,,,,,7451,4135.95,3939,3229.98,10832.25,14259.18,23397.66,14771.25,7365.93,1811.94
,,,,,,,7452,4135.95,3939,3229.98,10832.25,14259.18,23397.66,14771.25,7365.93,1811.94
,,,,,,,7453,4135.95,3939,3229.98,10832.25,14259.18,23397.66,14771.25,7365.93,1811.94
,,,,,,,7454,4135.95,3939,3229.98,10832.25,14259.18,23397.66,14771.25,7365.93,1811.94
,,,,,,,7455,4135.95,3939,3229.98,10832.25,14259.18,23397.66,14771.25,7365.93,1811.94
,,,,,,,7456,4135.95,3939,3229.98,10832.25,14259.18,23397.66,14771.25,7365.93,1811.94
,,,,,,,7457,4135.95,3939,3229.98,10832.25,14259.18,23397.66,14771.25,7365.93,1811.94
,,,,,,,7458,4135.95,3939,3229.98,10832.25,14259.18,23397.66,14771.25,7365.93,1811.94
,,,,,,,7459,4135.95,3939,3229.98,10832.25,14259.18,23397.66,14771.25,7365.93,1811.94
,,,,,,,7460,4135.95,3939,3229.98,10832.25,14259.18,23397.66,14771.25,7365.93,1811.94
,,,,,,,7461,4135.95,3939,3229.98,10832.25,14259.18,23397.66,14771.25,7365.93,1811.94
,,,,,,,7462,4135.95,3939,3229.98,10832.25,14259.18,23397.66,14771.25,7365.93,1811.94
,,,,,,,7463,4135.95,3939,3229.98,10832.25,14259.18,23397.66,14771.25,7365.93,1811.94
,,,,,,,7464,4135.95,3939,3229.98,10832.25,14259.18,23397.66,14771.25,7365.93,1811.94
,,,,,,,7465,4135.95,3939,3229.98,10832.25,14259.18,23397.66,14771.25,7365.93,1811.94
,,,,,,,7466,4135.95,3939,3229.98,10832.25,14259.18,23397.66,14771.25,7365.93,1811.94
,,,,,,,7467,4135.95,3939,3229.98,10832.25,14259.18,23397.66,14771.25,7365.93,1811.94
,,,,,,,7468,4135.95,3939,3229.98,10832.25,14259.18,23397.66,14771.25,7365.93,1811.94
,,,,,,,7469,4135.95,3939,3229.98,10832.25,14259.18,23397.66,14771.25,7365.93,1811.94
,,,,,,,7470,4135.95,3939,3229.98,10832.25,14259.18,23397.66,14771.25,7365.93,1811.94
,,,,,,,7471,4135.95,3939,3229.98,10832.25,14259.18,23397.66,14771.25,7365.93,1811.94
,,,,,,,7472,4135.95,3939,3229.98,10832.25,14259.18,23397.66,14771.25,7365.93,1811.94
,,,,,,,7473,4135.95,3939,3229.98,10832.25,14259.18,23397.66,14771.25,7365.93,1811.94
,,,,,,,7474,4135.95,3939,3229.98,10832.25,14259.18,23397.66,14771.25,7365.93,1811.94
,,,,,,,7475,4135.95,3939,3229.98,10832.25,14259.18,23397.66,14771.25,7365.93,1811.94
,,,,,,,7476,4135.95,3939,3229.98,10832.25,14259.18,23397.66,14771.25,7365.93,1811.94
,,,,,,,7477,4135.95,3939,3229.98,10832.25,14259.18,23397.66,14771.25,7365.93,1811.94
,,,,,,,7478,4135.95,3939,3229.98,10832.25,14259.18,23397.66,14771.25,7365.93,1811.94
,,,,,,,7479,4135.95,3939,3229.98,10832.25,14259.18,23397.66,14771.25,7365.93,1811.94
,,,,,,,7480,4135.95,3939,3229.98,10832.25,14259.18,23397.66,14771.25,7365.93,1811.94
,,,,,,,7481,4135.95,3939,3229.98,10832.25,14259.18,23397.66,14771.25,7365.93,1811.94
,,,,,,,7482,4135.95,3939,3229.98,10832.25,14259.18,23397.66,14771.25,7365.93,1811.94
,,,,,,,7483,4135.95,3939,3229.98,10832.25,14259.18,23397.66,14771.25,7365.93,1811.94
,,,,,,,7484,4135.95,3939,3229.98,10832.25,14259.18,23397.66,14771.25,7365.93,1811.94
,,,,,,,7485,4135.95,3939,3229.98,10832.25,14259.18,23397.66,14771.25,7365.93,1811.94
,,,,,,,7486,4135.95,3939,3229.98,10832.25,14259.18,23397.66,14771.25,7365.93,1811.94
,,,,,,,7487,4135.95,3939,3229.98,10832.25,14259.18,23397.66,14771.25,7365.93,1811.94
,,,,,,,7488,4135.95,3939,3229.98,10832.25,14259.18,23397.66,14771.25,7365.93,1811.94
,,,,,,,7489,4135.95,3939,3229.98,10832.25,14259.18,23397.66,14771.25,7365.93,1811.94
,,,,,,,7490,4135.95,3939,3229.98,10832.25,14259.18,23397.66,14771.25,7365.93,1811.94
,,,,,,,7491,4135.95,3939,3229.98,10832.25,14259.18,23397.66,14771.25,7365.93,1811.94
,,,,,,,7492,4135.95,3939,3229.98,10832.25,14259.18,23397.66,14771.25,7365.93,1811.94
,,,,,,,7493,4135.95,3939,3229.98,10832.25,14259.18,23397.66,14771.25,7365.93,1811.94
,,,,,,,7494,4135.95,3939,3229.98,10832.25,14259.18,23397.66,14771.25,7365.93,1811.94
,,,,,,,7495,4135.95,3939,3229.98,10832.25,14259.18,23397.66,14771.25,7365.93,1811.94
,,,,,,,7496,4135.95,3939,3229.98,10832.25,14259.18,23397.66,14771.25,7365.93,1811.94
,,,,,,,7497,4135.95,3939,3229.98,10832.25,14259.18,23397.66,14771.25,7365.93,1811.94
,,,,,,,7498,4135.95,3939,3229.98,10832.25,14259.18,23397.66,14771.25,7365.93,1811.94
,,,,,,,7499,4135.95,3939,3229.98,10832.25,14259.18,23397.66,14771.25,7365.93,1811.94
,,,,,,,7500,4135.95,3939,3229.98,10832.25,14259.18,23397.66,14771.25,7365.93,1811.94
,,,,,,,7501,4135.95,3939,3229.98,10832.25,14259.18,23397.66,14771.25,7365.93,1811.94
,,,,,,,7502,4135.95,3939,3229.98,10832.25,14259.18,23397.66,14771.25,7365.93,1811.94
,,,,,,,7503,4135.95,3939,3229.98,10832.25,14259.18,23397.66,14771.25,7365.93,1811.94
,,,,,,,7504,4135.95,3939,3229.98,10832.25,14259.18,23397.66,14771.25,7365.93,1811.94
,,,,,,,7505,4135.95,3939,3229.98,10832.25,14259.18,23397.66,14771.25,7365.93,1811.94
,,,,,,,7506,4135.95,3939,3229.98,10832.25,14259.18,23397.66,14771.25,7365.93,1811.94
,,,,,,,7507,4135.95,3939,3229.98,10832.25,14259.18,23397.66,14771.25,7365.93,1811.94
,,,,,,,7508,4135.95,3939,3229.98,10832.25,14259.18,23397.66,14771.25,7365.93,1811.94
,,,,,,,7509,4135.95,3939,3229.98,10832.25,14259.18,23397.66,14771.25,7365.93,1811.94
,,,,,,,7510,4135.95,3939,3229.98,10832.25,14259.18,23397.66,14771.25,7365.93,1811.94
,,,,,,,7511,4135.95,3939,3229.98,10832.25,14259.18,23397.66,14771.25,7365.93,1811.94
,,,,,,,7512,4135.95,3939,3229.98,10832.25,14259.18,23397.66,14771.25,7365.93,1811.94
,,,,,,,7513,4135.95,3939,3229.98,10832.25,14259.18,23397.66,14771.25,7365.93,1811.94
,,,,,,,7514,4135.95,3939,3229.98,10832.25,14259.18,23397.66,14771.25,7365.93,1811.94
,,,,,,,7515,4135.95,3939,3229.98,10832.25,14259.18,23397.66,14771.25,7365.93,1811.94
,,,,,,,7516,4135.95,3939,3229.98,10832.25,14259.18,23397.66,14771.25,7365.93,1811.94
,,,,,,,7517,4135.95,3939,3229.98,10832.25,14259.18,23397.66,14771.25,7365.93,1811.94
,,,,,,,7518,4135.95,3939,3229.98,10832.25,14259.18,23397.66,14771.25,7365.93,1811.94
,,,,,,,7519,4135.95,3939,3229.98,10832.25,14259.18,23397.66,14771.25,7365.93,1811.94
,,,,,,,7520,4135.95,3939,3229.98,10832.25,14259.18,23397.66,14771.25,7365.93,1811.94
,,,,,,,7521,4135.95,3939,3229.98,10832.25,14259.18,23397.66,14771.25,7365.93,1811.94
,,,,,,,7522,4135.95,3939,3229.98,10832.25,14259.18,23397.66,14771.25,7365.93,1811.94
,,,,,,,7523,4135.95,3939,3229.98,10832.25,14259.18,23397.66,14771.25,7365.93,1811.94
,,,,,,,7524,4135.95,3939,3229.98,10832.25,14259.18,23397.66,14771.25,7365.93,1811.94
,,,,,,,7525,4135.95,3939,3229.98,10832.25,14259.18,23397.66,14771.25,7365.93,1811.94
,,,,,,,7526,4135.95,3939,3229.98,10832.25,14259.18,23397.66,14771.25,7365.93,1811.94
,,,,,,,7527,4135.95,3939,3229.98,10832.25,14259.18,23397.66,14771.25,7365.93,1811.94
,,,,,,,7528,4135.95,3939,3229.98,10832.25,14259.18,23397.66,14771.25,7365.93,1811.94
,,,,,,,7529,4135.95,3939,3229.98,10832.25,14259.18,23397.66,14771.25,7365.93,1811.94
,,,,,,,7530,4135.95,3939,3229.98,10832.25,14259.18,23397.66,14771.25,7365.93,1811.94
,,,,,,,7531,4135.95,3939,3229.98,10832.25,14259.18,23397.66,14771.25,7365.93,1811.94
,,,,,,,7532,4135.95,3939,3229.98,10832.25,14259.18,23397.66,14771.25,7365.93,1811.94
,,,,,,,7533,4135.95,3939,3229.98,10832.25,14259.18,23397.66,14771.25,7365.93,1811.94
,,,,,,,7534,4135.95,3939,3229.98,10832.25,14259.18,23397.66,14771.25,7365.93,1811.94
,,,,,,,7535,4135.95,3939,3229.98,10832.25,14259.18,23397.66,14771.25,7365.93,1811.94
,,,,,,,7536,4135.95,3939,3229.98,10832.25,14259.18,23397.66,14771.25,7365.93,1811.94
,,,,,,,7537,4135.95,3939,3229.98,10832.25,14259.18,23397.66,14771.25,7365.93,1811.94
,,,,,,,7538,4135.95,3939,3229.98,10832.25,14259.18,23397.66,14771.25,7365.93,1811.94
,,,,,,,7539,4135.95,3939,3229.98,10832.25,14259.18,23397.66,14771.25,7365.93,1811.94
,,,,,,,7540,4135.95,3939,3229.98,10832.25,14259.18,23397.66,14771.25,7365.93,1811.94
,,,,,,,7541,4135.95,3939,3229.98,10832.25,14259.18,23397.66,14771.25,7365.93,1811.94
,,,,,,,7542,4135.95,3939,3229.98,10832.25,14259.18,23397.66,14771.25,7365.93,1811.94
,,,,,,,7543,4135.95,3939,3229.98,10832.25,14259.18,23397.66,14771.25,7365.93,1811.94
,,,,,,,7544,4135.95,3939,3229.98,10832.25,14259.18,23397.66,14771.25,7365.93,1811.94
,,,,,,,7545,4135.95,3939,3229.98,10832.25,14259.18,23397.66,14771.25,7365.93,1811.94
,,,,,,,7546,4135.95,3939,3229.98,10832.25,14259.18,23397.66,14771.25,7365.93,1811.94
,,,,,,,7547,4135.95,3939,3229.98,10832.25,14259.18,23397.66,14771.25,7365.93,1811.94
,,,,,,,7548,4135.95,3939,3229.98,10832.25,14259.18,23397.66,14771.25,7365.93,1811.94
,,,,,,,7549,4135.95,3939,3229.98,10832.25,14259.18,23397.66,14771.25,7365.93,1811.94
,,,,,,,7550,4135.95,3939,3229.98,10832.25,14259.18,23397.66,14771.25,7365.93,1811.94
,,,,,,,7551,4135.95,3939,3229.98,10832.25,14259.18,23397.66,14771.25,7365.93,1811.94
,,,,,,,7552,4135.95,3939,3229.98,10832.25,14259.18,23397.66,14771.25,7365.93,1811.94
,,,,,,,7553,4135.95,3939,3229.98,10832.25,14259.18,23397.66,14771.25,7365.93,1811.94
,,,,,,,7554,4135.95,3939,3229.98,10832.25,14259.18,23397.66,14771.25,7365.93,1811.94
,,,,,,,7555,4135.95,3939,3229.98,10832.25,14259.18,23397.66,14771.25,7365.93,1811.94
,,,,,,,7556,4135.95,3939,3229.98,10832.25,14259.18,23397.66,14771.25,7365.93,1811.94
,,,,,,,7557,4135.95,3939,3229.98,10832.25,14259.18,23397.66,14771.25,7365.93,1811.94
,,,,,,,7558,4135.95,3939,3229.98,10832.25,14259.18,23397.66,14771.25,7365.93,1811.94
,,,,,,,7559,4135.95,3939,3229.98,10832.25,14259.18,23397.66,14771.25,7365.93,1811.94
,,,,,,,7560,4135.95,3939,3229.98,10832.25,14259.18,23397.66,14771.25,7365.93,1811.94
,,,,,,,7561,4135.95,3939,3229.98,10832.25,14259.18,23397.66,14771.25,7365.93,1811.94
,,,,,,,7562,4135.95,3939,3229.98,10832.25,14259.18,23397.66,14771.25,7365.93,1811.94
,,,,,,,7563,4135.95,3939,3229.98,10832.25,14259.18,23397.66,14771.25,7365.93,1811.94
,,,,,,,7564,4135.95,3939,3229.98,10832.25,14259.18,23397.66,14771.25,7365.93,1811.94
,,,,,,,7565,4135.95,3939,3229.98,10832.25,14259.18,23397.66,14771.25,7365.93,1811.94
,,,,,,,7566,4135.95,3939,3229.98,10832.25,14259.18,23397.66,14771.25,7365.93,1811.94
,,,,,,,7567,4135.95,3939,3229.98,10832.25,14259.18,23397.66,14771.25,7365.93,1811.94
,,,,,,,7568,4135.95,3939,3229.98,10832.25,14259.18,23397.66,14771.25,7365.93,1811.94
,,,,,,,7569,4135.95,3939,3229.98,10832.25,14259.18,23397.66,14771.25,7365.93,1811.94
,,,,,,,7570,4135.95,3939,3229.98,10832.25,14259.18,23397.66,14771.25,7365.93,1811.94
,,,,,,,7571,4135.95,3939,3229.98,10832.25,14259.18,23397.66,14771.25,7365.93,1811.94
,,,,,,,7572,4135.95,3939,3229.98,10832.25,14259.18,23397.66,14771.25,7365.93,1811.94
,,,,,,,7573,4135.95,3939,3229.98,10832.25,14259.18,23397.66,14771.25,7365.93,1811.94
,,,,,,,7574,4135.95,3939,3229.98,10832.25,14259.18,23397.66,14771.25,7365.93,1811.94
,,,,,,,7575,4135.95,3939,3229.98,10832.25,14259.18,23397.66,14771.25,7365.93,1811.94
,,,,,,,7576,4135.95,3939,3229.98,10832.25,14259.18,23397.66,14771.25,7365.93,1811.94
,,,,,,,7577,4135.95,3939,3229.98,10832.25,14259.18,23397.66,14771.25,7365.93,1811.94
,,,,,,,7578,4135.95,3939,3229.98,10832.25,14259.18,23397.66,14771.25,7365.93,1811.94
,,,,,,,7579,4135.95,3939,3229.98,10832.25,14259.18,23397.66,14771.25,7365.93,1811.94
,,,,,,,7580,4135.95,3939,3229.98,10832.25,14259.18,23397.66,14771.25,7365.93,1811.94
,,,,,,,7581,4135.95,3939,3229.98,10832.25,14259.18,23397.66,14771.25,7365.93,1811.94
,,,,,,,7582,4135.95,3939,3229.98,10832.25,14259.18,23397.66,14771.25,7365.93,1811.94
,,,,,,,7583,4135.95,3939,3229.98,10832.25,14259.18,23397.66,14771.25,7365.93,1811.94
,,,,,,,7584,4135.95,3939,3229.98,10832.25,14259.18,23397.66,14771.25,7365.93,1811.94
,,,,,,,7585,4135.95,3939,3229.98,10832.25,14259.18,23397.66,14771.25,7365.93,1811.94
,,,,,,,7586,4135.95,3939,3229.98,10832.25,14259.18,23397.66,14771.25,7365.93,1811.94
,,,,,,,7587,4135.95,3939,3229.98,10832.25,14259.18,23397.66,14771.25,7365.93,1811.94
,,,,,,,7588,4135.95,3939,3229.98,10832.25,14259.18,23397.66,14771.25,7365.93,1811.94
,,,,,,,7589,4135.95,3939,3229.98,10832.25,14259.18,23397.66,14771.25,7365.93,1811.94
,,,,,,,7590,4135.95,3939,3229.98,10832.25,14259.18,23397.66,14771.25,7365.93,1811.94
,,,,,,,7591,4135.95,3939,3229.98,10832.25,14259.18,23397.66,14771.25,7365.93,1811.94
,,,,,,,7592,4135.95,3939,3229.98,10832.25,14259.18,23397.66,14771.25,7365.93,1811.94
,,,,,,,7593,4135.95,3939,3229.98,10832.25,14259.18,23397.66,14771.25,7365.93,1811.94
,,,,,,,7594,4135.95,3939,3229.98,10832.25,14259.18,23397.66,14771.25,7365.93,1811.94
,,,,,,,7595,4135.95,3939,3229.98,10832.25,14259.18,23397.66,14771.25,7365.93,1811.94
,,,,,,,7596,4135.95,3939,3229.98,10832.25,14259.18,23397.66,14771.25,7365.93,1811.94
,,,,,,,7597,4135.95,3939,3229.98,10832.25,14259.18,23397.66,14771.25,7365.93,1811.94
,,,,,,,7598,4135.95,3939,3229.98,10832.25,14259.18,23397.66,14771.25,7365.93,1811.94
,,,,,,,7599,4135.95,3939,3229.98,10832.25,14259.18,23397.66,14771.25,7365.93,1811.94
,,,,,,,7600,4135.95,3939,3229.98,10832.25,14259.18,23397.66,14771.25,7365.93,1811.94
,,,,,,,7601,4135.95,3939,3229.98,10832.25,14259.18,23397.66,14771.25,7365.93,1811.94
,,,,,,,7602,4135.95,3939,3229.98,10832.25,14259.18,23397.66,14771.25,7365.93,1811.94
,,,,,,,7603,4135.95,3939,3229.98,10832.25,14259.18,23397.66,14771.25,7365.93,1811.94
,,,,,,,7604,4135.95,3939,3229.98,10832.25,14259.18,23397.66,14771.25,7365.93,1811.94
,,,,,,,7605,4135.95,3939,3229.98,10832.25,14259.18,23397.66,14771.25,7365.93,1811.94
,,,,,,,7606,4135.95,3939,3229.98,10832.25,14259.18,23397.66,14771.25,7365.93,1811.94
,,,,,,,7607,4135.95,3939,3229.98,10832.25,14259.18,23397.66,14771.25,7365.93,1811.94
,,,,,,,7608,4135.95,3939,3229.98,10832.25,14259.18,23397.66,14771.25,7365.93,1811.94
,,,,,,,7609,4135.95,3939,3229.98,10832.25,14259.18,23397.66,14771.25,7365.93,1811.94
,,,,,,,7610,4135.95,3939,3229.98,10832.25,14259.18,23397.66,14771.25,7365.93,1811.94
,,,,,,,7611,4135.95,3939,3229.98,10832.25,14259.18,23397.66,14771.25,7365.93,1811.94
,,,,,,,7612,4135.95,3939,3229.98,10832.25,14259.18,23397.66,14771.25,7365.93,1811.94
,,,,,,,7613,4135.95,3939,3229.98,10832.25,14259.18,23397.66,14771.25,7365.93,1811.94
,,,,,,,7614,4135.95,3939,3229.98,10832.25,14259.18,23397.66,14771.25,7365.93,1811.94
,,,,,,,7615,4135.95,3939,3229.98,10832.25,14259.18,23397.66,14771.25,7365.93,1811.94
,,,,,,,7616,4135.95,3939,3229.98,10832.25,14259.18,23397.66,14771.25,7365.93,1811.94
,,,,,,,7617,4135.95,3939,3229.98,10832.25,14259.18,23397.66,14771.25,7365.93,1811.94
,,,,,,,7618,4135.95,3939,3229.98,10832.25,14259.18,23397.66,14771.25,7365.93,1811.94
,,,,,,,7619,4135.95,3939,3229.98,10832.25,14259.18,23397.66,14771.25,7365.93,1811.94
,,,,,,,7620,4135.95,3939,3229.98,10832.25,14259.18,23397.66,14771.25,7365.93,1811.94
,,,,,,,7621,4135.95,3939,3229.98,10832.25,14259.18,23397.66,14771.25,7365.93,1811.94
,,,,,,,7622,4135.95,3939,3229.98,10832.25,14259.18,23397.66,14771.25,7365.93,1811.94
,,,,,,,7623,4135.95,3939,3229.98,10832.25,14259.18,23397.66,14771.25,7365.93,1811.94
,,,,,,,7624,4135.95,3939,3229.98,10832.25,14259.18,23397.66,14771.25,7365.93,1811.94
,,,,,,,7625,4135.95,3939,3229.98,10832.25,14259.18,23397.66,14771.25,7365.93,1811.94
,,,,,,,7626,4135.95,3939,3229.98,10832.25,14259.18,23397.66,14771.25,7365.93,1811.94
,,,,,,,7627,4135.95,3939,3229.98,10832.25,14259.18,23397.66,14771.25,7365.93,1811.94
,,,,,,,7628,4135.95,3939,3229.98,10832.25,14259.18,23397.66,14771.25,7365.93,1811.94
,,,,,,,7629,4135.95,3939,3229.98,10832.25,14259.18,23397.66,14771.25,7365.93,1811.94
,,,,,,,7630,4135.95,3939,3229.98,10832.25,14259.18,23397.66,14771.25,7365.93,1811.94
,,,,,,,7631,4135.95,3939,3229.98,10832.25,14259.18,23397.66,14771.25,7365.93,1811.94
,,,,,,,7632,4135.95,3939,3229.98,10832.25,14259.18,23397.66,14771.25,7365.93,1811.94
,,,,,,,7633,4135.95,3939,3229.98,10832.25,14259.18,23397.66,14771.25,7365.93,1811.94
,,,,,,,7634,4135.95,3939,3229.98,10832.25,14259.18,23397.66,14771.25,7365.93,1811.94
,,,,,,,7635,4135.95,3939,3229.98,10832.25,14259.18,23397.66,14771.25,7365.93,1811.94
,,,,,,,7636,4135.95,3939,3229.98,10832.25,14259.18,23397.66,14771.25,7365.93,1811.94
,,,,,,,7637,4135.95,3939,3229.98,10832.25,14259.18,23397.66,14771.25,7365.93,1811.94
,,,,,,,7638,4135.95,3939,3229.98,10832.25,14259.18,23397.66,14771.25,7365.93,1811.94
,,,,,,,7639,4135.95,3939,3229.98,10832.25,14259.18,23397.66,14771.25,7365.93,1811.94
,,,,,,,7640,4135.95,3939,3229.98,10832.25,14259.18,23397.66,14771.25,7365.93,1811.94
,,,,,,,7641,4135.95,3939,3229.98,10832.25,14259.18,23397.66,14771.25,7365.93,1811.94
,,,,,,,7642,4135.95,3939,3229.98,10832.25,14259.18,23397.66,14771.25,7365.93,1811.94
,,,,,,,7643,4135.95,3939,3229.98,10832.25,14259.18,23397.66,14771.25,7365.93,1811.94
,,,,,,,7644,4135.95,3939,3229.98,10832.25,14259.18,23397.66,14771.25,7365.93,1811.94
,,,,,,,7645,4135.95,3939,3229.98,10832.25,14259.18,23397.66,14771.25,7365.93,1811.94
,,,,,,,7646,4135.95,3939,3229.98,10832.25,14259.18,23397.66,14771.25,7365.93,1811.94
,,,,,,,7647,4135.95,3939,3229.98,10832.25,14259.18,23397.66,14771.25,7365.93,1811.94
,,,,,,,7648,4135.95,3939,3229.98,10832.25,14259.18,23397.66,14771.25,7365.93,1811.94
,,,,,,,7649,4135.95,3939,3229.98,10832.25,14259.18,23397.66,14771.25,7365.93,1811.94
,,,,,,,7650,4135.95,3939,3229.98,10832.25,14259.18,23397.66,14771.25,7365.93,1811.94
,,,,,,,7651,4135.95,3939,3229.98,10832.25,14259.18,23397.66,14771.25,7365.93,1811.94
,,,,,,,7652,4135.95,3939,3229.98,10832.25,14259.18,23397.66,14771.25,7365.93,1811.94
,,,,,,,7653,4135.95,3939,3229.98,10832.25,14259.18,23397.66,14771.25,7365.93,1811.94
,,,,,,,7654,4135.95,3939,3229.98,10832.25,14259.18,23397.66,14771.25,7365.93,1811.94
,,,,,,,7655,4135.95,3939,3229.98,10832.25,14259.18,23397.66,14771.25,7365.93,1811.94
,,,,,,,7656,4135.95,3939,3229.98,10832.25,14259.18,23397.66,14771.25,7365.93,1811.94
,,,,,,,7657,4135.95,3939,3229.98,10832.25,14259.18,23397.66,14771.25,7365.93,1811.94
,,,,,,,7658,4135.95,3939,3229.98,10832.25,14259.18,23397.66,14771.25,7365.93,1811.94
,,,,,,,7659,4135.95,3939,3229.98,10832.25,14259.18,23397.66,14771.25,7365.93,1811.94
,,,,,,,7660,4135.95,3939,3229.98,10832.25,14259.18,23397.66,14771.25,7365.93,1811.94
,,,,,,,7661,4135.95,3939,3229.98,10832.25,14259.18,23397.66,14771.25,7365.93,1811.94
,,,,,,,7662,4135.95,3939,3229.98,10832.25,14259.18,23397.66,14771.25,7365.93,1811.94
,,,,,,,7663,4135.95,3939,3229.98,10832.25,14259.18,23397.66,14771.25,7365.93,1811.94
,,,,,,,7664,4135.95,3939,3229.98,10832.25,14259.18,23397.66,14771.25,7365.93,1811.94
,,,,,,,7665,4135.95,3939,3229.98,10832.25,14259.18,23397.66,14771.25,7365.93,1811.94
,,,,,,,7666,4135.95,3939,3229.98,10832.25,14259.18,23397.66,14771.25,7365.93,1811.94
,,,,,,,7667,4135.95,3939,3229.98,10832.25,14259.18,23397.66,14771.25,7365.93,1811.94
,,,,,,,7668,4135.95,3939,3229.98,10832.25,14259.18,23397.66,14771.25,7365.93,1811.94
,,,,,,,7669,4135.95,3939,3229.98,10832.25,14259.18,23397.66,14771.25,7365.93,1811.94
,,,,,,,7670,4135.95,3939,3229.98,10832.25,14259.18,23397.66,14771.25,7365.93,1811.94
,,,,,,,7671,4135.95,3939,3229.98,10832.25,14259.18,23397.66,14771.25,7365.93,1811.94
,,,,,,,7672,4135.95,3939,3229.98,10832.25,14259.18,23397.66,14771.25,7365.93,1811.94
,,,,,,,7673,4135.95,3939,3229.98,10832.25,14259.18,23397.66,14771.25,7365.93,1811.94
,,,,,,,7674,4135.95,3939,3229.98,10832.25,14259.18,23397.66,14771.25,7365.93,1811.94
,,,,,,,7675,4135.95,3939,3229.98,10832.25,14259.18,23397.66,14771.25,7365.93,1811.94
,,,,,,,7676,4135.95,3939,3229.98,10832.25,14259.18,23397.66,14771.25,7365.93,1811.94
,,,,,,,7677,4135.95,3939,3229.98,10832.25,14259.18,23397.66,14771.25,7365.93,1811.94
,,,,,,,7678,4135.95,3939,3229.98,10832.25,14259.18,23397.66,14771.25,7365.93,1811.94
,,,,,,,7679,4135.95,3939,3229.98,10832.25,14259.18,23397.66,14771.25,7365.93,1811.94
,,,,,,,7680,4135.95,3939,3229.98,10832.25,14259.18,23397.66,14771.25,7365.93,1811.94
,,,,,,,7681,4135.95,3939,3229.98,10832.25,14259.18,23397.66,14771.25,7365.93,1811.94
,,,,,,,7682,4135.95,3939,3229.98,10832.25,14259.18,23397.66,14771.25,7365.93,1811.94
,,,,,,,7683,4135.95,3939,3229.98,10832.25,14259.18,23397.66,14771.25,7365.93,1811.94
,,,,,,,7684,4135.95,3939,3229.98,10832.25,14259.18,23397.66,14771.25,7365.93,1811.94
,,,,,,,7685,4135.95,3939,3229.98,10832.25,14259.18,23397.66,14771.25,7365.93,1811.94
,,,,,,,7686,4135.95,3939,3229.98,10832.25,14259.18,23397.66,14771.25,7365.93,1811.94
,,,,,,,7687,4135.95,3939,3229.98,10832.25,14259.18,23397.66,14771.25,7365.93,1811.94
,,,,,,,7688,4135.95,3939,3229.98,10832.25,14259.18,23397.66,14771.25,7365.93,1811.94
,,,,,,,7689,4135.95,3939,3229.98,10832.25,14259.18,23397.66,14771.25,7365.93,1811.94
,,,,,,,7690,4135.95,3939,3229.98,10832.25,14259.18,23397.66,14771.25,7365.93,1811.94
,,,,,,,7691,4135.95,3939,3229.98,10832.25,14259.18,23397.66,14771.25,7365.93,1811.94
,,,,,,,7692,4135.95,3939,3229.98,10832.25,14259.18,23397.66,14771.25,7365.93,1811.94
,,,,,,,7693,4135.95,3939,3229.98,10832.25,14259.18,23397.66,14771.25,7365.93,1811.94
,,,,,,,7694,4135.95,3939,3229.98,10832.25,14259.18,23397.66,14771.25,7365.93,1811.94
,,,,,,,7695,4135.95,3939,3229.98,10832.25,14259.18,23397.66,14771.25,7365.93,1811.94
,,,,,,,7696,4135.95,3939,3229.98,10832.25,14259.18,23397.66,14771.25,7365.93,1811.94
,,,,,,,7697,4135.95,3939,3229.98,10832.25,14259.18,23397.66,14771.25,7365.93,1811.94
,,,,,,,7698,4135.95,3939,3229.98,10832.25,14259.18,23397.66,14771.25,7365.93,1811.94
,,,,,,,7699,4135.95,3939,3229.98,10832.25,14259.18,23397.66,14771.25,7365.93,1811.94
,,,,,,,7700,4135.95,3939,3229.98,10832.25,14259.18,23397.66,14771.25,7365.93,1811.94
,,,,,,,7701,4135.95,3939,3229.98,10832.25,14259.18,23397.66,14771.25,7365.93,1811.94
,,,,,,,7702,4135.95,3939,3229.98,10832.25,14259.18,23397.66,14771.25,7365.93,1811.94
,,,,,,,7703,4135.95,3939,3229.98,10832.25,14259.18,23397.66,14771.25,7365.93,1811.94
,,,,,,,7704,4135.95,3939,3229.98,10832.25,14259.18,23397.66,14771.25,7365.93,1811.94
,,,,,,,7705,4135.95,3939,3229.98,10832.25,14259.18,23397.66,14771.25,7365.93,1811.94
,,,,,,,7706,4135.95,3939,3229.98,10832.25,14259.18,23397.66,14771.25,7365.93,1811.94
,,,,,,,7707,4135.95,3939,3229.98,10832.25,14259.18,23397.66,14771.25,7365.93,1811.94
,,,,,,,7708,4135.95,3939,3229.98,10832.25,14259.18,23397.66,14771.25,7365.93,1811.94
,,,,,,,7709,4135.95,3939,3229.98,10832.25,14259.18,23397.66,14771.25,7365.93,1811.94
,,,,,,,7710,4135.95,3939,3229.98,10832.25,14259.18,23397.66,14771.25,7365.93,1811.94
,,,,,,,7711,4135.95,3939,3229.98,10832.25,14259.18,23397.66,14771.25,7365.93,1811.94
,,,,,,,7712,4135.95,3939,3229.98,10832.25,14259.18,23397.66,14771.25,7365.93,1811.94
,,,,,,,7713,4135.95,3939,3229.98,10832.25,14259.18,23397.66,14771.25,7365.93,1811.94
,,,,,,,7714,4135.95,3939,3229.98,10832.25,14259.18,23397.66,14771.25,7365.93,1811.94
,,,,,,,7715,4135.95,3939,3229.98,10832.25,14259.18,23397.66,14771.25,7365.93,1811.94
,,,,,,,7716,4135.95,3939,3229.98,10832.25,14259.18,23397.66,14771.25,7365.93,1811.94
,,,,,,,7717,4135.95,3939,3229.98,10832.25,14259.18,23397.66,14771.25,7365.93,1811.94
,,,,,,,7718,4135.95,3939,3229.98,10832.25,14259.18,23397.66,14771.25,7365.93,1811.94
,,,,,,,7719,4135.95,3939,3229.98,10832.25,14259.18,23397.66,14771.25,7365.93,1811.94
,,,,,,,7720,4135.95,3939,3229.98,10832.25,14259.18,23397.66,14771.25,7365.93,1811.94
,,,,,,,7721,4135.95,3939,3229.98,10832.25,14259.18,23397.66,14771.25,7365.93,1811.94
,,,,,,,7722,4135.95,3939,3229.98,10832.25,14259.18,23397.66,14771.25,7365.93,1811.94
,,,,,,,7723,4135.95,3939,3229.98,10832.25,14259.18,23397.66,14771.25,7365.93,1811.94
,,,,,,,7724,4135.95,3939,3229.98,10832.25,14259.18,23397.66,14771.25,7365.93,1811.94
,,,,,,,7725,4135.95,3939,3229.98,10832.25,14259.18,23397.66,14771.25,7365.93,1811.94
,,,,,,,7726,4135.95,3939,3229.98,10832.25,14259.18,23397.66,14771.25,7365.93,1811.94
,,,,,,,7727,4135.95,3939,3229.98,10832.25,14259.18,23397.66,14771.25,7365.93,1811.94
,,,,,,,7728,4135.95,3939,3229.98,10832.25,14259.18,23397.66,14771.25,7365.93,1811.94
,,,,,,,7729,4135.95,3939,3229.98,10832.25,14259.18,23397.66,14771.25,7365.93,1811.94
,,,,,,,7730,4135.95,3939,3229.98,10832.25,14259.18,23397.66,14771.25,7365.93,1811.94
,,,,,,,7731,4135.95,3939,3229.98,10832.25,14259.18,23397.66,14771.25,7365.93,1811.94
,,,,,,,7732,4135.95,3939,3229.98,10832.25,14259.18,23397.66,14771.25,7365.93,1811.94
,,,,,,,7733,4135.95,3939,3229.98,10832.25,14259.18,23397.66,14771.25,7365.93,1811.94
,,,,,,,7734,4135.95,3939,3229.98,10832.25,14259.18,23397.66,14771.25,7365.93,1811.94
,,,,,,,7735,4135.95,3939,3229.98,10832.25,14259.18,23397.66,14771.25,7365.93,1811.94
,,,,,,,7736,4135.95,3939,3229.98,10832.25,14259.18,23397.66,14771.25,7365.93,1811.94
,,,,,,,7737,4135.95,3939,3229.98,10832.25,14259.18,23397.66,14771.25,7365.93,1811.94
,,,,,,,7738,4135.95,3939,3229.98,10832.25,14259.18,23397.66,14771.25,7365.93,1811.94
,,,,,,,7739,4135.95,3939,3229.98,10832.25,14259.18,23397.66,14771.25,7365.93,1811.94
,,,,,,,7740,4135.95,3939,3229.98,10832.25,14259.18,23397.66,14771.25,7365.93,1811.94
,,,,,,,7741,4135.95,3939,3229.98,10832.25,14259.18,23397.66,14771.25,7365.93,1811.94
,,,,,,,7742,4135.95,3939,3229.98,10832.25,14259.18,23397.66,14771.25,7365.93,1811.94
,,,,,,,7743,4135.95,3939,3229.98,10832.25,14259.18,23397.66,14771.25,7365.93,1811.94
,,,,,,,7744,4135.95,3939,3229.98,10832.25,14259.18,23397.66,14771.25,7365.93,1811.94
,,,,,,,7745,4135.95,3939,3229.98,10832.25,14259.18,23397.66,14771.25,7365.93,1811.94
,,,,,,,7746,4135.95,3939,3229.98,10832.25,14259.18,23397.66,14771.25,7365.93,1811.94
,,,,,,,7747,4135.95,3939,3229.98,10832.25,14259.18,23397.66,14771.25,7365.93,1811.94
,,,,,,,7748,4135.95,3939,3229.98,10832.25,14259.18,23397.66,14771.25,7365.93,1811.94
,,,,,,,7749,4135.95,3939,3229.98,10832.25,14259.18,23397.66,14771.25,7365.93,1811.94
,,,,,,,7750,4135.95,3939,3229.98,10832.25,14259.18,23397.66,14771.25,7365.93,1811.94
,,,,,,,7751,4135.95,3939,3229.98,10832.25,14259.18,23397.66,14771.25,7365.93,1811.94
,,,,,,,7752,4135.95,3939,3229.98,10832.25,14259.18,23397.66,14771.25,7365.93,1811.94
,,,,,,,7753,4135.95,3939,3229.98,10832.25,14259.18,23397.66,14771.25,7365.93,1811.94
,,,,,,,7754,4135.95,3939,3229.98,10832.25,14259.18,23397.66,14771.25,7365.93,1811.94
,,,,,,,7755,4135.95,3939,3229.98,10832.25,14259.18,23397.66,14771.25,7365.93,1811.94
,,,,,,,7756,4135.95,3939,3229.98,10832.25,14259.18,23397.66,14771.25,7365.93,1811.94
,,,,,,,7757,4135.95,3939,3229.98,10832.25,14259.18,23397.66,14771.25,7365.93,1811.94
,,,,,,,7758,4135.95,3939,3229.98,10832.25,14259.18,23397.66,14771.25,7365.93,1811.94
,,,,,,,7759,4135.95,3939,3229.98,10832.25,14259.18,23397.66,14771.25,7365.93,1811.94
,,,,,,,7760,4135.95,3939,3229.98,10832.25,14259.18,23397.66,14771.25,7365.93,1811.94
,,,,,,,7761,4135.95,3939,3229.98,10832.25,14259.18,23397.66,14771.25,7365.93,1811.94
,,,,,,,7762,4135.95,3939,3229.98,10832.25,14259.18,23397.66,14771.25,7365.93,1811.94
,,,,,,,7763,4135.95,3939,3229.98,10832.25,14259.18,23397.66,14771.25,7365.93,1811.94
,,,,,,,7764,4135.95,3939,3229.98,10832.25,14259.18,23397.66,14771.25,7365.93,1811.94
,,,,,,,7765,4135.95,3939,3229.98,10832.25,14259.18,23397.66,14771.25,7365.93,1811.94
,,,,,,,7766,4135.95,3939,3229.98,10832.25,14259.18,23397.66,14771.25,7365.93,1811.94
,,,,,,,7767,4135.95,3939,3229.98,10832.25,14259.18,23397.66,14771.25,7365.93,1811.94
,,,,,,,7768,4135.95,3939,3229.98,10832.25,14259.18,23397.66,14771.25,7365.93,1811.94
,,,,,,,7769,4135.95,3939,3229.98,10832.25,14259.18,23397.66,14771.25,7365.93,1811.94
,,,,,,,7770,4135.95,3939,3229.98,10832.25,14259.18,23397.66,14771.25,7365.93,1811.94
,,,,,,,7771,4135.95,3939,3229.98,10832.25,14259.18,23397.66,14771.25,7365.93,1811.94
,,,,,,,7772,4135.95,3939,3229.98,10832.25,14259.18,23397.66,14771.25,7365.93,1811.94
,,,,,,,7773,4135.95,3939,3229.98,10832.25,14259.18,23397.66,14771.25,7365.93,1811.94
,,,,,,,7774,4135.95,3939,3229.98,10832.25,14259.18,23397.66,14771.25,7365.93,1811.94
,,,,,,,7775,4135.95,3939,3229.98,10832.25,14259.18,23397.66,14771.25,7365.93,1811.94
,,,,,,,7776,4135.95,3939,3229.98,10832.25,14259.18,23397.66,14771.25,7365.93,1811.94
,,,,,,,7777,4135.95,3939,3229.98,10832.25,14259.18,23397.66,14771.25,7365.93,1811.94
,,,,,,,7778,4135.95,3939,3229.98,10832.25,14259.18,23397.66,14771.25,7365.93,1811.94
,,,,,,,7779,4135.95,3939,3229.98,10832.25,14259.18,23397.66,14771.25,7365.93,1811.94
,,,,,,,7780,4135.95,3939,3229.98,10832.25,14259.18,23397.66,14771.25,7365.93,1811.94
,,,,,,,7781,4135.95,3939,3229.98,10832.25,14259.18,23397.66,14771.25,7365.93,1811.94
,,,,,,,7782,4135.95,3939,3229.98,10832.25,14259.18,23397.66,14771.25,7365.93,1811.94
,,,,,,,7783,4135.95,3939,3229.98,10832.25,14259.18,23397.66,14771.25,7365.93,1811.94
,,,,,,,7784,4135.95,3939,3229.98,10832.25,14259.18,23397.66,14771.25,7365.93,1811.94
,,,,,,,7785,4135.95,3939,3229.98,10832.25,14259.18,23397.66,14771.25,7365.93,1811.94
,,,,,,,7786,4135.95,3939,3229.98,10832.25,14259.18,23397.66,14771.25,7365.93,1811.94
,,,,,,,7787,4135.95,3939,3229.98,10832.25,14259.18,23397.66,14771.25,7365.93,1811.94
,,,,,,,7788,4135.95,3939,3229.98,10832.25,14259.18,23397.66,14771.25,7365.93,1811.94
,,,,,,,7789,4135.95,3939,3229.98,10832.25,14259.18,23397.66,14771.25,7365.93,1811.94
,,,,,,,7790,4135.95,3939,3229.98,10832.25,14259.18,23397.66,14771.25,7365.93,1811.94
,,,,,,,7791,4135.95,3939,3229.98,10832.25,14259.18,23397.66,14771.25,7365.93,1811.94
,,,,,,,7792,4135.95,3939,3229.98,10832.25,14259.18,23397.66,14771.25,7365.93,1811.94
,,,,,,,7793,4135.95,3939,3229.98,10832.25,14259.18,23397.66,14771.25,7365.93,1811.94
,,,,,,,7794,4135.95,3939,3229.98,10832.25,14259.18,23397.66,14771.25,7365.93,1811.94
,,,,,,,7795,4135.95,3939,3229.98,10832.25,14259.18,23397.66,14771.25,7365.93,1811.94
,,,,,,,7796,4135.95,3939,3229.98,10832.25,14259.18,23397.66,14771.25,7365.93,1811.94
,,,,,,,7797,4135.95,3939,3229.98,10832.25,14259.18,23397.66,14771.25,7365.93,1811.94
,,,,,,,7798,4135.95,3939,3229.98,10832.25,14259.18,23397.66,14771.25,7365.93,1811.94
,,,,,,,7799,4135.95,3939,3229.98,10832.25,14259.18,23397.66,14771.25,7365.93,1811.94
,,,,,,,7800,4135.95,3939,3229.98,10832.25,14259.18,23397.66,14771.25,7365.93,1811.94
,,,,,,,7801,4135.95,3939,3229.98,10832.25,14259.18,23397.66,14771.25,7365.93,1811.94
,,,,,,,7802,4135.95,3939,3229.98,10832.25,14259.18,23397.66,14771.25,7365.93,1811.94
,,,,,,,7803,4135.95,3939,3229.98,10832.25,14259.18,23397.66,14771.25,7365.93,1811.94
,,,,,,,7804,4135.95,3939,3229.98,10832.25,14259.18,23397.66,14771.25,7365.93,1811.94
,,,,,,,7805,4135.95,3939,3229.98,10832.25,14259.18,23397.66,14771.25,7365.93,1811.94
,,,,,,,7806,4135.95,3939,3229.98,10832.25,14259.18,23397.66,14771.25,7365.93,1811.94
,,,,,,,7807,4135.95,3939,3229.98,10832.25,14259.18,23397.66,14771.25,7365.93,1811.94
,,,,,,,7808,4135.95,3939,3229.98,10832.25,14259.18,23397.66,14771.25,7365.93,1811.94
,,,,,,,7809,4135.95,3939,3229.98,10832.25,14259.18,23397.66,14771.25,7365.93,1811.94
,,,,,,,7810,4135.95,3939,3229.98,10832.25,14259.18,23397.66,14771.25,7365.93,1811.94
,,,,,,,7811,4135.95,3939,3229.98,10832.25,14259.18,23397.66,14771.25,7365.93,1811.94
,,,,,,,7812,4135.95,3939,3229.98,10832.25,14259.18,23397.66,14771.25,7365.93,1811.94
,,,,,,,7813,4135.95,3939,3229.98,10832.25,14259.18,23397.66,14771.25,7365.93,1811.94
,,,,,,,7814,4135.95,3939,3229.98,10832.25,14259.18,23397.66,14771.25,7365.93,1811.94
,,,,,,,7815,4135.95,3939,3229.98,10832.25,14259.18,23397.66,14771.25,7365.93,1811.94
,,,,,,,7816,4135.95,3939,3229.98,10832.25,14259.18,23397.66,14771.25,7365.93,1811.94
,,,,,,,7817,4135.95,3939,3229.98,10832.25,14259.18,23397.66,14771.25,7365.93,1811.94
,,,,,,,7818,4135.95,3939,3229.98,10832.25,14259.18,23397.66,14771.25,7365.93,1811.94
,,,,,,,7819,4135.95,3939,3229.98,10832.25,14259.18,23397.66,14771.25,7365.93,1811.94
,,,,,,,7820,4135.95,3939,3229.98,10832.25,14259.18,23397.66,14771.25,7365.93,1811.94
,,,,,,,7821,4135.95,3939,3229.98,10832.25,14259.18,23397.66,14771.25,7365.93,1811.94
,,,,,,,7822,4135.95,3939,3229.98,10832.25,14259.18,23397.66,14771.25,7365.93,1811.94
,,,,,,,7823,4135.95,3939,3229.98,10832.25,14259.18,23397.66,14771.25,7365.93,1811.94
,,,,,,,7824,4135.95,3939,3229.98,10832.25,14259.18,23397.66,14771.25,7365.93,1811.94
,,,,,,,7825,4135.95,3939,3229.98,10832.25,14259.18,23397.66,14771.25,7365.93,1811.94
,,,,,,,7826,4135.95,3939,3229.98,10832.25,14259.18,23397.66,14771.25,7365.93,1811.94
,,,,,,,7827,4135.95,3939,3229.98,10832.25,14259.18,23397.66,14771.25,7365.93,1811.94
,,,,,,,7828,4135.95,3939,3229.98,10832.25,14259.18,23397.66,14771.25,7365.93,1811.94
,,,,,,,7829,4135.95,3939,3229.98,10832.25,14259.18,23397.66,14771.25,7365.93,1811.94
,,,,,,,7830,4135.95,3939,3229.98,10832.25,14259.18,23397.66,14771.25,7365.93,1811.94
,,,,,,,7831,4135.95,3939,3229.98,10832.25,14259.18,23397.66,14771.25,7365.93,1811.94
,,,,,,,7832,4135.95,3939,3229.98,10832.25,14259.18,23397.66,14771.25,7365.93,1811.94
,,,,,,,7833,4135.95,3939,3229.98,10832.25,14259.18,23397.66,14771.25,7365.93,1811.94
,,,,,,,7834,4135.95,3939,3229.98,10832.25,14259.18,23397.66,14771.25,7365.93,1811.94
,,,,,,,7835,4135.95,3939,3229.98,10832.25,14259.18,23397.66,14771.25,7365.93,1811.94
,,,,,,,7836,4135.95,3939,3229.98,10832.25,14259.18,23397.66,14771.25,7365.93,1811.94
,,,,,,,7837,4135.95,3939,3229.98,10832.25,14259.18,23397.66,14771.25,7365.93,1811.94
,,,,,,,7838,4135.95,3939,3229.98,10832.25,14259.18,23397.66,14771.25,7365.93,1811.94
,,,,,,,7839,4135.95,3939,3229.98,10832.25,14259.18,23397.66,14771.25,7365.93,1811.94
,,,,,,,7840,4135.95,3939,3229.98,10832.25,14259.18,23397.66,14771.25,7365.93,1811.94
,,,,,,,7841,4135.95,3939,3229.98,10832.25,14259.18,23397.66,14771.25,7365.93,1811.94
,,,,,,,7842,4135.95,3939,3229.98,10832.25,14259.18,23397.66,14771.25,7365.93,1811.94
,,,,,,,7843,4135.95,3939,3229.98,10832.25,14259.18,23397.66,14771.25,7365.93,1811.94
,,,,,,,7844,4135.95,3939,3229.98,10832.25,14259.18,23397.66,14771.25,7365.93,1811.94
,,,,,,,7845,4135.95,3939,3229.98,10832.25,14259.18,23397.66,14771.25,7365.93,1811.94
,,,,,,,7846,4135.95,3939,3229.98,10832.25,14259.18,23397.66,14771.25,7365.93,1811.94
,,,,,,,7847,4135.95,3939,3229.98,10832.25,14259.18,23397.66,14771.25,7365.93,1811.94
,,,,,,,7848,4135.95,3939,3229.98,10832.25,14259.18,23397.66,14771.25,7365.93,1811.94
,,,,,,,7849,4135.95,3939,3229.98,10832.25,14259.18,23397.66,14771.25,7365.93,1811.94
,,,,,,,7850,4135.95,3939,3229.98,10832.25,14259.18,23397.66,14771.25,7365.93,1811.94
,,,,,,,7851,4135.95,3939,3229.98,10832.25,14259.18,23397.66,14771.25,7365.93,1811.94
,,,,,,,7852,4135.95,3939,3229.98,10832.25,14259.18,23397.66,14771.25,7365.93,1811.94
,,,,,,,7853,4135.95,3939,3229.98,10832.25,14259.18,23397.66,14771.25,7365.93,1811.94
,,,,,,,7854,4135.95,3939,3229.98,10832.25,14259.18,23397.66,14771.25,7365.93,1811.94
,,,,,,,7855,4135.95,3939,3229.98,10832.25,14259.18,23397.66,14771.25,7365.93,1811.94
,,,,,,,7856,4135.95,3939,3229.98,10832.25,14259.18,23397.66,14771.25,7365.93,1811.94
,,,,,,,7857,4135.95,3939,3229.98,10832.25,14259.18,23397.66,14771.25,7365.93,1811.94
,,,,,,,7858,4135.95,3939,3229.98,10832.25,14259.18,23397.66,14771.25,7365.93,1811.94
,,,,,,,7859,4135.95,3939,3229.98,10832.25,14259.18,23397.66,14771.25,7365.93,1811.94
,,,,,,,7860,4135.95,3939,3229.98,10832.25,14259.18,23397.66,14771.25,7365.93,1811.94
,,,,,,,7861,4135.95,3939,3229.98,10832.25,14259.18,23397.66,14771.25,7365.93,1811.94
,,,,,,,7862,4135.95,3939,3229.98,10832.25,14259.18,23397.66,14771.25,7365.93,1811.94
,,,,,,,7863,4135.95,3939,3229.98,10832.25,14259.18,23397.66,14771.25,7365.93,1811.94
,,,,,,,7864,4135.95,3939,3229.98,10832.25,14259.18,23397.66,14771.25,7365.93,1811.94
,,,,,,,7865,4135.95,3939,3229.98,10832.25,14259.18,23397.66,14771.25,7365.93,1811.94
,,,,,,,7866,4135.95,3939,3229.98,10832.25,14259.18,23397.66,14771.25,7365.93,1811.94
,,,,,,,7867,4135.95,3939,3229.98,10832.25,14259.18,23397.66,14771.25,7365.93,1811.94
,,,,,,,7868,4135.95,3939,3229.98,10832.25,14259.18,23397.66,14771.25,7365.93,1811.94
,,,,,,,7869,4135.95,3939,3229.98,10832.25,14259.18,23397.66,14771.25,7365.93,1811.94
,,,,,,,7870,4135.95,3939,3229.98,10832.25,14259.18,23397.66,14771.25,7365.93,1811.94
,,,,,,,7871,4135.95,3939,3229.98,10832.25,14259.18,23397.66,14771.25,7365.93,1811.94
,,,,,,,7872,4135.95,3939,3229.98,10832.25,14259.18,23397.66,14771.25,7365.93,1811.94
,,,,,,,7873,4135.95,3939,3229.98,10832.25,14259.18,23397.66,14771.25,7365.93,1811.94
,,,,,,,7874,4135.95,3939,3229.98,10832.25,14259.18,23397.66,14771.25,7365.93,1811.94
,,,,,,,7875,4135.95,3939,3229.98,10832.25,14259.18,23397.66,14771.25,7365.93,1811.94
,,,,,,,7876,4135.95,3939,3229.98,10832.25,14259.18,23397.66,14771.25,7365.93,1811.94
,,,,,,,7877,4135.95,3939,3229.98,10832.25,14259.18,23397.66,14771.25,7365.93,1811.94
,,,,,,,7878,4135.95,3939,3229.98,10832.25,14259.18,23397.66,14771.25,7365.93,1811.94
,,,,,,,7879,4135.95,3939,3229.98,10832.25,14259.18,23397.66,14771.25,7365.93,1811.94
,,,,,,,7880,4135.95,3939,3229.98,10832.25,14259.18,23397.66,14771.25,7365.93,1811.94
,,,,,,,7881,4135.95,3939,3229.98,10832.25,14259.18,23397.66,14771.25,7365.93,1811.94
,,,,,,,7882,4135.95,3939,3229.98,10832.25,14259.18,23397.66,14771.25,7365.93,1811.94
,,,,,,,7883,4135.95,3939,3229.98,10832.25,14259.18,23397.66,14771.25,7365.93,1811.94
,,,,,,,7884,4135.95,3939,3229.98,10832.25,14259.18,23397.66,14771.25,7365.93,1811.94
,,,,,,,7885,4135.95,3939,3229.98,10832.25,14259.18,23397.66,14771.25,7365.93,1811.94
,,,,,,,7886,4135.95,3939,3229.98,10832.25,14259.18,23397.66,14771.25,7365.93,1811.94
,,,,,,,7887,4135.95,3939,3229.98,10832.25,14259.18,23397.66,14771.25,7365.93,1811.94
,,,,,,,7888,4135.95,3939,3229.98,10832.25,14259.18,23397.66,14771.25,7365.93,1811.94
,,,,,,,7889,4135.95,3939,3229.98,10832.25,14259.18,23397.66,14771.25,7365.93,1811.94
,,,,,,,7890,4135.95,3939,3229.98,10832.25,14259.18,23397.66,14771.25,7365.93,1811.94
,,,,,,,7891,4135.95,3939,3229.98,10832.25,14259.18,23397.66,14771.25,7365.93,1811.94
,,,,,,,7892,4135.95,3939,3229.98,10832.25,14259.18,23397.66,14771.25,7365.93,1811.94
,,,,,,,7893,4135.95,3939,3229.98,10832.25,14259.18,23397.66,14771.25,7365.93,1811.94
,,,,,,,7894,4135.95,3939,3229.98,10832.25,14259.18,23397.66,14771.25,7365.93,1811.94
,,,,,,,7895,4135.95,3939,3229.98,10832.25,14259.18,23397.66,14771.25,7365.93,1811.94
,,,,,,,7896,4135.95,3939,3229.98,10832.25,14259.18,23397.66,14771.25,7365.93,1811.94
,,,,,,,7897,4135.95,3939,3229.98,10832.25,14259.18,23397.66,14771.25,7365.93,1811.94
,,,,,,,7898,4135.95,3939,3229.98,10832.25,14259.18,23397.66,14771.25,7365.93,1811.94
,,,,,,,7899,4135.95,3939,3229.98,10832.25,14259.18,23397.66,14771.25,7365.93,1811.94
,,,,,,,7900,4135.95,3939,3229.98,10832.25,14259.18,23397.66,14771.25,7365.93,1811.94
,,,,,,,7901,4135.95,3939,3229.98,10832.25,14259.18,23397.66,14771.25,7365.93,1811.94
,,,,,,,7902,4135.95,3939,3229.98,10832.25,14259.18,23397.66,14771.25,7365.93,1811.94
,,,,,,,7903,4135.95,3939,3229.98,10832.25,14259.18,23397.66,14771.25,7365.93,1811.94
,,,,,,,7904,4135.95,3939,3229.98,10832.25,14259.18,23397.66,14771.25,7365.93,1811.94
,,,,,,,7905,4135.95,3939,3229.98,10832.25,14259.18,23397.66,14771.25,7365.93,1811.94
,,,,,,,7906,4135.95,3939,3229.98,10832.25,14259.18,23397.66,14771.25,7365.93,1811.94
,,,,,,,7907,4135.95,3939,3229.98,10832.25,14259.18,23397.66,14771.25,7365.93,1811.94
,,,,,,,7908,4135.95,3939,3229.98,10832.25,14259.18,23397.66,14771.25,7365.93,1811.94
,,,,,,,7909,4135.95,3939,3229.98,10832.25,14259.18,23397.66,14771.25,7365.93,1811.94
,,,,,,,7910,4135.95,3939,3229.98,10832.25,14259.18,23397.66,14771.25,7365.93,1811.94
,,,,,,,7911,4135.95,3939,3229.98,10832.25,14259.18,23397.66,14771.25,7365.93,1811.94
,,,,,,,7912,4135.95,3939,3229.98,10832.25,14259.18,23397.66,14771.25,7365.93,1811.94
,,,,,,,7913,4135.95,3939,3229.98,10832.25,14259.18,23397.66,14771.25,7365.93,1811.94
,,,,,,,7914,4135.95,3939,3229.98,10832.25,14259.18,23397.66,14771.25,7365.93,1811.94
,,,,,,,7915,4135.95,3939,3229.98,10832.25,14259.18,23397.66,14771.25,7365.93,1811.94
,,,,,,,7916,4135.95,3939,3229.98,10832.25,14259.18,23397.66,14771.25,7365.93,1811.94
,,,,,,,7917,4135.95,3939,3229.98,10832.25,14259.18,23397.66,14771.25,7365.93,1811.94
,,,,,,,7918,4135.95,3939,3229.98,10832.25,14259.18,23397.66,14771.25,7365.93,1811.94
,,,,,,,7919,4135.95,3939,3229.98,10832.25,14259.18,23397.66,14771.25,7365.93,1811.94
,,,,,,,7920,4135.95,3939,3229.98,10832.25,14259.18,23397.66,14771.25,7365.93,1811.94
,,,,,,,7921,4135.95,3939,3229.98,10832.25,14259.18,23397.66,14771.25,7365.93,1811.94
,,,,,,,7922,4135.95,3939,3229.98,10832.25,14259.18,23397.66,14771.25,7365.93,1811.94
,,,,,,,7923,4135.95,3939,3229.98,10832.25,14259.18,23397.66,14771.25,7365.93,1811.94
,,,,,,,7924,4135.95,3939,3229.98,10832.25,14259.18,23397.66,14771.25,7365.93,1811.94
,,,,,,,7925,4135.95,3939,3229.98,10832.25,14259.18,23397.66,14771.25,7365.93,1811.94
,,,,,,,7926,4135.95,3939,3229.98,10832.25,14259.18,23397.66,14771.25,7365.93,1811.94
,,,,,,,7927,4135.95,3939,3229.98,10832.25,14259.18,23397.66,14771.25,7365.93,1811.94
,,,,,,,7928,4135.95,3939,3229.98,10832.25,14259.18,23397.66,14771.25,7365.93,1811.94
,,,,,,,7929,4135.95,3939,3229.98,10832.25,14259.18,23397.66,14771.25,7365.93,1811.94
,,,,,,,7930,4135.95,3939,3229.98,10832.25,14259.18,23397.66,14771.25,7365.93,1811.94
,,,,,,,7931,4135.95,3939,3229.98,10832.25,14259.18,23397.66,14771.25,7365.93,1811.94
,,,,,,,7932,4135.95,3939,3229.98,10832.25,14259.18,23397.66,14771.25,7365.93,1811.94
,,,,,,,7933,4135.95,3939,3229.98,10832.25,14259.18,23397.66,14771.25,7365.93,1811.94
,,,,,,,7934,4135.95,3939,3229.98,10832.25,14259.18,23397.66,14771.25,7365.93,1811.94
,,,,,,,7935,4135.95,3939,3229.98,10832.25,14259.18,23397.66,14771.25,7365.93,1811.94
,,,,,,,7936,4135.95,3939,3229.98,10832.25,14259.18,23397.66,14771.25,7365.93,1811.94
,,,,,,,7937,4135.95,3939,3229.98,10832.25,14259.18,23397.66,14771.25,7365.93,1811.94
,,,,,,,7938,4135.95,3939,3229.98,10832.25,14259.18,23397.66,14771.25,7365.93,1811.94
,,,,,,,7939,4135.95,3939,3229.98,10832.25,14259.18,23397.66,14771.25,7365.93,1811.94
,,,,,,,7940,4135.95,3939,3229.98,10832.25,14259.18,23397.66,14771.25,7365.93,1811.94
,,,,,,,7941,4135.95,3939,3229.98,10832.25,14259.18,23397.66,14771.25,7365.93,1811.94
,,,,,,,7942,4135.95,3939,3229.98,10832.25,14259.18,23397.66,14771.25,7365.93,1811.94
,,,,,,,7943,4135.95,3939,3229.98,10832.25,14259.18,23397.66,14771.25,7365.93,1811.94
,,,,,,,7944,4135.95,3939,3229.98,10832.25,14259.18,23397.66,14771.25,7365.93,1811.94
,,,,,,,7945,4135.95,3939,3229.98,10832.25,14259.18,23397.66,14771.25,7365.93,1811.94
,,,,,,,7946,4135.95,3939,3229.98,10832.25,14259.18,23397.66,14771.25,7365.93,1811.94
,,,,,,,7947,4135.95,3939,3229.98,10832.25,14259.18,23397.66,14771.25,7365.93,1811.94
,,,,,,,7948,4135.95,3939,3229.98,10832.25,14259.18,23397.66,14771.25,7365.93,1811.94
,,,,,,,7949,4135.95,3939,3229.98,10832.25,14259.18,23397.66,14771.25,7365.93,1811.94
,,,,,,,7950,4135.95,3939,3229.98,10832.25,14259.18,23397.66,14771.25,7365.93,1811.94
,,,,,,,7951,4135.95,3939,3229.98,10832.25,14259.18,23397.66,14771.25,7365.93,1811.94
,,,,,,,7952,4135.95,3939,3229.98,10832.25,14259.18,23397.66,14771.25,7365.93,1811.94
,,,,,,,7953,4135.95,3939,3229.98,10832.25,14259.18,23397.66,14771.25,7365.93,1811.94
,,,,,,,7954,4135.95,3939,3229.98,10832.25,14259.18,23397.66,14771.25,7365.93,1811.94
,,,,,,,7955,4135.95,3939,3229.98,10832.25,14259.18,23397.66,14771.25,7365.93,1811.94
,,,,,,,7956,4135.95,3939,3229.98,10832.25,14259.18,23397.66,14771.25,7365.93,1811.94
,,,,,,,7957,4135.95,3939,3229.98,10832.25,14259.18,23397.66,14771.25,7365.93,1811.94
,,,,,,,7958,4135.95,3939,3229.98,10832.25,14259.18,23397.66,14771.25,7365.93,1811.94
,,,,,,,7959,4135.95,3939,3229.98,10832.25,14259.18,23397.66,14771.25,7365.93,1811.94
,,,,,,,7960,4135.95,3939,3229.98,10832.25,14259.18,23397.66,14771.25,7365.93,1811.94
,,,,,,,7961,4135.95,3939,3229.98,10832.25,14259.18,23397.66,14771.25,7365.93,1811.94
,,,,,,,7962,4135.95,3939,3229.98,10832.25,14259.18,23397.66,14771.25,7365.93,1811.94
,,,,,,,7963,4135.95,3939,3229.98,10832.25,14259.18,23397.66,14771.25,7365.93,1811.94
,,,,,,,7964,4135.95,3939,3229.98,10832.25,14259.18,23397.66,14771.25,7365.93,1811.94
,,,,,,,7965,4135.95,3939,3229.98,10832.25,14259.18,23397.66,14771.25,7365.93,1811.94
,,,,,,,7966,4135.95,3939,3229.98,10832.25,14259.18,23397.66,14771.25,7365.93,1811.94
,,,,,,,7967,4135.95,3939,3229.98,10832.25,14259.18,23397.66,14771.25,7365.93,1811.94
,,,,,,,7968,4135.95,3939,3229.98,10832.25,14259.18,23397.66,14771.25,7365.93,1811.94
,,,,,,,7969,4135.95,3939,3229.98,10832.25,14259.18,23397.66,14771.25,7365.93,1811.94
,,,,,,,7970,4135.95,3939,3229.98,10832.25,14259.18,23397.66,14771.25,7365.93,1811.94
,,,,,,,7971,4135.95,3939,3229.98,10832.25,14259.18,23397.66,14771.25,7365.93,1811.94
,,,,,,,7972,4135.95,3939,3229.98,10832.25,14259.18,23397.66,14771.25,7365.93,1811.94
,,,,,,,7973,4135.95,3939,3229.98,10832.25,14259.18,23397.66,14771.25,7365.93,1811.94
,,,,,,,7974,4135.95,3939,3229.98,10832.25,14259.18,23397.66,14771.25,7365.93,1811.94
,,,,,,,7975,4135.95,3939,3229.98,10832.25,14259.18,23397.66,14771.25,7365.93,1811.94
,,,,,,,7976,4135.95,3939,3229.98,10832.25,14259.18,23397.66,14771.25,7365.93,1811.94
,,,,,,,7977,4135.95,3939,3229.98,10832.25,14259.18,23397.66,14771.25,7365.93,1811.94
,,,,,,,7978,4135.95,3939,3229.98,10832.25,14259.18,23397.66,14771.25,7365.93,1811.94
,,,,,,,7979,4135.95,3939,3229.98,10832.25,14259.18,23397.66,14771.25,7365.93,1811.94
,,,,,,,7980,4135.95,3939,3229.98,10832.25,14259.18,23397.66,14771.25,7365.93,1811.94
,,,,,,,7981,4135.95,3939,3229.98,10832.25,14259.18,23397.66,14771.25,7365.93,1811.94
,,,,,,,7982,4135.95,3939,3229.98,10832.25,14259.18,23397.66,14771.25,7365.93,1811.94
,,,,,,,7983,4135.95,3939,3229.98,10832.25,14259.18,23397.66,14771.25,7365.93,1811.94
,,,,,,,7984,4135.95,3939,3229.98,10832.25,14259.18,23397.66,14771.25,7365.93,1811.94
,,,,,,,7985,4135.95,3939,3229.98,10832.25,14259.18,23397.66,14771.25,7365.93,1811.94
,,,,,,,7986,4135.95,3939,3229.98,10832.25,14259.18,23397.66,14771.25,7365.93,1811.94
,,,,,,,7987,4135.95,3939,3229.98,10832.25,14259.18,23397.66,14771.25,7365.93,1811.94
,,,,,,,7988,4135.95,3939,3229.98,10832.25,14259.18,23397.66,14771.25,7365.93,1811.94
,,,,,,,7989,4135.95,3939,3229.98,10832.25,14259.18,23397.66,14771.25,7365.93,1811.94
,,,,,,,7990,4135.95,3939,3229.98,10832.25,14259.18,23397.66,14771.25,7365.93,1811.94
,,,,,,,7991,4135.95,3939,3229.98,10832.25,14259.18,23397.66,14771.25,7365.93,1811.94
,,,,,,,7992,4135.95,3939,3229.98,10832.25,14259.18,23397.66,14771.25,7365.93,1811.94
,,,,,,,7993,4135.95,3939,3229.98,10832.25,14259.18,23397.66,14771.25,7365.93,1811.94
,,,,,,,7994,4135.95,3939,3229.98,10832.25,14259.18,23397.66,14771.25,7365.93,1811.94
,,,,,,,7995,4135.95,3939,3229.98,10832.25,14259.18,23397.66,14771.25,7365.93,1811.94
,,,,,,,7996,4135.95,3939,3229.98,10832.25,14259.18,23397.66,14771.25,7365.93,1811.94
,,,,,,,7997,4135.95,3939,3229.98,10832.25,14259.18,23397.66,14771.25,7365.93,1811.94
,,,,,,,7998,4135.95,3939,3229.98,10832.25,14259.18,23397.66,14771.25,7365.93,1811.94
,,,,,,,7999,4135.95,3939,3229.98,10832.25,14259.18,23397.66,14771.25,7365.93,1811.94
,,,,,,,8000,4135.95,3939,3229.98,10832.25,14259.18,23397.66,14771.25,7365.93,1811.94
,,,,,,,8001,4135.95,3939,3229.98,10832.25,14259.18,23397.66,14771.25,7365.93,1811.94
,,,,,,,8002,4135.95,3939,3229.98,10832.25,14259.18,23397.66,14771.25,7365.93,1811.94
,,,,,,,8003,4135.95,3939,3229.98,10832.25,14259.18,23397.66,14771.25,7365.93,1811.94
,,,,,,,8004,4135.95,3939,3229.98,10832.25,14259.18,23397.66,14771.25,7365.93,1811.94
,,,,,,,8005,4135.95,3939,3229.98,10832.25,14259.18,23397.66,14771.25,7365.93,1811.94
,,,,,,,8006,4135.95,3939,3229.98,10832.25,14259.18,23397.66,14771.25,7365.93,1811.94
,,,,,,,8007,4135.95,3939,3229.98,10832.25,14259.18,23397.66,14771.25,7365.93,1811.94
,,,,,,,8008,4135.95,3939,3229.98,10832.25,14259.18,23397.66,14771.25,7365.93,1811.94
,,,,,,,8009,4135.95,3939,3229.98,10832.25,14259.18,23397.66,14771.25,7365.93,1811.94
,,,,,,,8010,4135.95,3939,3229.98,10832.25,14259.18,23397.66,14771.25,7365.93,1811.94
,,,,,,,8011,4135.95,3939,3229.98,10832.25,14259.18,23397.66,14771.25,7365.93,1811.94
,,,,,,,8012,4135.95,3939,3229.98,10832.25,14259.18,23397.66,14771.25,7365.93,1811.94
,,,,,,,8013,4135.95,3939,3229.98,10832.25,14259.18,23397.66,14771.25,7365.93,1811.94
,,,,,,,8014,4135.95,3939,3229.98,10832.25,14259.18,23397.66,14771.25,7365.93,1811.94
,,,,,,,8015,4135.95,3939,3229.98,10832.25,14259.18,23397.66,14771.25,7365.93,1811.94
,,,,,,,8016,4135.95,3939,3229.98,10832.25,14259.18,23397.66,14771.25,7365.93,1811.94
,,,,,,,8017,4135.95,3939,3229.98,10832.25,14259.18,23397.66,14771.25,7365.93,1811.94
,,,,,,,8018,4135.95,3939,3229.98,10832.25,14259.18,23397.66,14771.25,7365.93,1811.94
,,,,,,,8019,4135.95,3939,3229.98,10832.25,14259.18,23397.66,14771.25,7365.93,1811.94
,,,,,,,8020,4135.95,3939,3229.98,10832.25,14259.18,23397.66,14771.25,7365.93,1811.94
,,,,,,,8021,4135.95,3939,3229.98,10832.25,14259.18,23397.66,14771.25,7365.93,1811.94
,,,,,,,8022,4135.95,3939,3229.98,10832.25,14259.18,23397.66,14771.25,7365.93,1811.94
,,,,,,,8023,4135.95,3939,3229.98,10832.25,14259.18,23397.66,14771.25,7365.93,1811.94
,,,,,,,8024,4135.95,3939,3229.98,10832.25,14259.18,23397.66,14771.25,7365.93,1811.94
,,,,,,,8025,4135.95,3939,3229.98,10832.25,14259.18,23397.66,14771.25,7365.93,1811.94
,,,,,,,8026,4135.95,3939,3229.98,10832.25,14259.18,23397.66,14771.25,7365.93,1811.94
,,,,,,,8027,4135.95,3939,3229.98,10832.25,14259.18,23397.66,14771.25,7365.93,1811.94
,,,,,,,8028,4135.95,3939,3229.98,10832.25,14259.18,23397.66,14771.25,7365.93,1811.94
,,,,,,,8029,4135.95,3939,3229.98,10832.25,14259.18,23397.66,14771.25,7365.93,1811.94
,,,,,,,8030,4135.95,3939,3229.98,10832.25,14259.18,23397.66,14771.25,7365.93,1811.94
,,,,,,,8031,4135.95,3939,3229.98,10832.25,14259.18,23397.66,14771.25,7365.93,1811.94
,,,,,,,8032,4135.95,3939,3229.98,10832.25,14259.18,23397.66,14771.25,7365.93,1811.94
,,,,,,,8033,4135.95,3939,3229.98,10832.25,14259.18,23397.66,14771.25,7365.93,1811.94
,,,,,,,8034,4135.95,3939,3229.98,10832.25,14259.18,23397.66,14771.25,7365.93,1811.94
,,,,,,,8035,4135.95,3939,3229.98,10832.25,14259.18,23397.66,14771.25,7365.93,1811.94
,,,,,,,8036,4135.95,3939,3229.98,10832.25,14259.18,23397.66,14771.25,7365.93,1811.94
,,,,,,,8037,4135.95,3939,3229.98,10832.25,14259.18,23397.66,14771.25,7365.93,1811.94
,,,,,,,8038,4135.95,3939,3229.98,10832.25,14259.18,23397.66,14771.25,7365.93,1811.94
,,,,,,,8039,4135.95,3939,3229.98,10832.25,14259.18,23397.66,14771.25,7365.93,1811.94
,,,,,,,8040,4135.95,3939,3229.98,10832.25,14259.18,23397.66,14771.25,7365.93,1811.94
,,,,,,,8041,4135.95,3939,3229.98,10832.25,14259.18,23397.66,14771.25,7365.93,1811.94
,,,,,,,8042,4135.95,3939,3229.98,10832.25,14259.18,23397.66,14771.25,7365.93,1811.94
,,,,,,,8043,4135.95,3939,3229.98,10832.25,14259.18,23397.66,14771.25,7365.93,1811.94
,,,,,,,8044,4135.95,3939,3229.98,10832.25,14259.18,23397.66,14771.25,7365.93,1811.94
,,,,,,,8045,4135.95,3939,3229.98,10832.25,14259.18,23397.66,14771.25,7365.93,1811.94
,,,,,,,8046,4135.95,3939,3229.98,10832.25,14259.18,23397.66,14771.25,7365.93,1811.94
,,,,,,,8047,4135.95,3939,3229.98,10832.25,14259.18,23397.66,14771.25,7365.93,1811.94
,,,,,,,8048,4135.95,3939,3229.98,10832.25,14259.18,23397.66,14771.25,7365.93,1811.94
,,,,,,,8049,4135.95,3939,3229.98,10832.25,14259.18,23397.66,14771.25,7365.93,1811.94
,,,,,,,8050,4135.95,3939,3229.98,10832.25,14259.18,23397.66,14771.25,7365.93,1811.94
,,,,,,,8051,4135.95,3939,3229.98,10832.25,14259.18,23397.66,14771.25,7365.93,1811.94
,,,,,,,8052,4135.95,3939,3229.98,10832.25,14259.18,23397.66,14771.25,7365.93,1811.94
,,,,,,,8053,4135.95,3939,3229.98,10832.25,14259.18,23397.66,14771.25,7365.93,1811.94
,,,,,,,8054,4135.95,3939,3229.98,10832.25,14259.18,23397.66,14771.25,7365.93,1811.94
,,,,,,,8055,4135.95,3939,3229.98,10832.25,14259.18,23397.66,14771.25,7365.93,1811.94
,,,,,,,8056,4135.95,3939,3229.98,10832.25,14259.18,23397.66,14771.25,7365.93,1811.94
,,,,,,,8057,4135.95,3939,3229.98,10832.25,14259.18,23397.66,14771.25,7365.93,1811.94
,,,,,,,8058,4135.95,3939,3229.98,10832.25,14259.18,23397.66,14771.25,7365.93,1811.94
,,,,,,,8059,4135.95,3939,3229.98,10832.25,14259.18,23397.66,14771.25,7365.93,1811.94
,,,,,,,8060,4135.95,3939,3229.98,10832.25,14259.18,23397.66,14771.25,7365.93,1811.94
,,,,,,,8061,4135.95,3939,3229.98,10832.25,14259.18,23397.66,14771.25,7365.93,1811.94
,,,,,,,8062,4135.95,3939,3229.98,10832.25,14259.18,23397.66,14771.25,7365.93,1811.94
,,,,,,,8063,4135.95,3939,3229.98,10832.25,14259.18,23397.66,14771.25,7365.93,1811.94
,,,,,,,8064,4135.95,3939,3229.98,10832.25,14259.18,23397.66,14771.25,7365.93,1811.94
,,,,,,,8065,4135.95,3939,3229.98,10832.25,14259.18,23397.66,14771.25,7365.93,1811.94
,,,,,,,8066,4135.95,3939,3229.98,10832.25,14259.18,23397.66,14771.25,7365.93,1811.94
,,,,,,,8067,4135.95,3939,3229.98,10832.25,14259.18,23397.66,14771.25,7365.93,1811.94
,,,,,,,8068,4135.95,3939,3229.98,10832.25,14259.18,23397.66,14771.25,7365.93,1811.94
,,,,,,,8069,4135.95,3939,3229.98,10832.25,14259.18,23397.66,14771.25,7365.93,1811.94
,,,,,,,8070,4135.95,3939,3229.98,10832.25,14259.18,23397.66,14771.25,7365.93,1811.94
,,,,,,,8071,4135.95,3939,3229.98,10832.25,14259.18,23397.66,14771.25,7365.93,1811.94
,,,,,,,8072,4135.95,3939,3229.98,10832.25,14259.18,23397.66,14771.25,7365.93,1811.94
,,,,,,,8073,4135.95,3939,3229.98,10832.25,14259.18,23397.66,14771.25,7365.93,1811.94
,,,,,,,8074,4135.95,3939,3229.98,10832.25,14259.18,23397.66,14771.25,7365.93,1811.94
,,,,,,,8075,4135.95,3939,3229.98,10832.25,14259.18,23397.66,14771.25,7365.93,1811.94
,,,,,,,8076,4135.95,3939,3229.98,10832.25,14259.18,23397.66,14771.25,7365.93,1811.94
,,,,,,,8077,4135.95,3939,3229.98,10832.25,14259.18,23397.66,14771.25,7365.93,1811.94
,,,,,,,8078,4135.95,3939,3229.98,10832.25,14259.18,23397.66,14771.25,7365.93,1811.94
,,,,,,,8079,4135.95,3939,3229.98,10832.25,14259.18,23397.66,14771.25,7365.93,1811.94
,,,,,,,8080,4135.95,3939,3229.98,10832.25,14259.18,23397.66,14771.25,7365.93,1811.94
,,,,,,,8081,4135.95,3939,3229.98,10832.25,14259.18,23397.66,14771.25,7365.93,1811.94
,,,,,,,8082,4135.95,3939,3229.98,10832.25,14259.18,23397.66,14771.25,7365.93,1811.94
,,,,,,,8083,4135.95,3939,3229.98,10832.25,14259.18,23397.66,14771.25,7365.93,1811.94
,,,,,,,8084,4135.95,3939,3229.98,10832.25,14259.18,23397.66,14771.25,7365.93,1811.94
,,,,,,,8085,4135.95,3939,3229.98,10832.25,14259.18,23397.66,14771.25,7365.93,1811.94
,,,,,,,8086,4135.95,3939,3229.98,10832.25,14259.18,23397.66,14771.25,7365.93,1811.94
,,,,,,,8087,4135.95,3939,3229.98,10832.25,14259.18,23397.66,14771.25,7365.93,1811.94
,,,,,,,8088,4135.95,3939,3229.98,10832.25,14259.18,23397.66,14771.25,7365.93,1811.94
,,,,,,,8089,4135.95,3939,3229.98,10832.25,14259.18,23397.66,14771.25,7365.93,1811.94
,,,,,,,8090,4135.95,3939,3229.98,10832.25,14259.18,23397.66,14771.25,7365.93,1811.94
,,,,,,,8091,4135.95,3939,3229.98,10832.25,14259.18,23397.66,14771.25,7365.93,1811.94
,,,,,,,8092,4135.95,3939,3229.98,10832.25,14259.18,23397.66,14771.25,7365.93,1811.94
,,,,,,,8093,4135.95,3939,3229.98,10832.25,14259.18,23397.66,14771.25,7365.93,1811.94
,,,,,,,8094,4135.95,3939,3229.98,10832.25,14259.18,23397.66,14771.25,7365.93,1811.94
,,,,,,,8095,4135.95,3939,3229.98,10832.25,14259.18,23397.66,14771.25,7365.93,1811.94
,,,,,,,8096,4135.95,3939,3229.98,10832.25,14259.18,23397.66,14771.25,7365.93,1811.94
,,,,,,,8097,4135.95,3939,3229.98,10832.25,14259.18,23397.66,14771.25,7365.93,1811.94
,,,,,,,8098,4135.95,3939,3229.98,10832.25,14259.18,23397.66,14771.25,7365.93,1811.94
,,,,,,,8099,4135.95,3939,3229.98,10832.25,14259.18,23397.66,14771.25,7365.93,1811.94
,,,,,,,8100,4135.95,3939,3229.98,10832.25,14259.18,23397.66,14771.25,7365.93,1811.94
,,,,,,,8101,4135.95,3939,3229.98,10832.25,14259.18,23397.66,14771.25,7365.93,1811.94
,,,,,,,8102,4135.95,3939,3229.98,10832.25,14259.18,23397.66,14771.25,7365.93,1811.94
,,,,,,,8103,4135.95,3939,3229.98,10832.25,14259.18,23397.66,14771.25,7365.93,1811.94
,,,,,,,8104,4135.95,3939,3229.98,10832.25,14259.18,23397.66,14771.25,7365.93,1811.94
,,,,,,,8105,4135.95,3939,3229.98,10832.25,14259.18,23397.66,14771.25,7365.93,1811.94
,,,,,,,8106,4135.95,3939,3229.98,10832.25,14259.18,23397.66,14771.25,7365.93,1811.94
,,,,,,,8107,4135.95,3939,3229.98,10832.25,14259.18,23397.66,14771.25,7365.93,1811.94
,,,,,,,8108,4135.95,3939,3229.98,10832.25,14259.18,23397.66,14771.25,7365.93,1811.94
,,,,,,,8109,4135.95,3939,3229.98,10832.25,14259.18,23397.66,14771.25,7365.93,1811.94
,,,,,,,8110,4135.95,3939,3229.98,10832.25,14259.18,23397.66,14771.25,7365.93,1811.94
,,,,,,,8111,4135.95,3939,3229.98,10832.25,14259.18,23397.66,14771.25,7365.93,1811.94
,,,,,,,8112,4135.95,3939,3229.98,10832.25,14259.18,23397.66,14771.25,7365.93,1811.94
,,,,,,,8113,4135.95,3939,3229.98,10832.25,14259.18,23397.66,14771.25,7365.93,1811.94
,,,,,,,8114,4135.95,3939,3229.98,10832.25,14259.18,23397.66,14771.25,7365.93,1811.94
,,,,,,,8115,4135.95,3939,3229.98,10832.25,14259.18,23397.66,14771.25,7365.93,1811.94
,,,,,,,8116,4135.95,3939,3229.98,10832.25,14259.18,23397.66,14771.25,7365.93,1811.94
,,,,,,,8117,4135.95,3939,3229.98,10832.25,14259.18,23397.66,14771.25,7365.93,1811.94
,,,,,,,8118,4135.95,3939,3229.98,10832.25,14259.18,23397.66,14771.25,7365.93,1811.94
,,,,,,,8119,4135.95,3939,3229.98,10832.25,14259.18,23397.66,14771.25,7365.93,1811.94
,,,,,,,8120,4135.95,3939,3229.98,10832.25,14259.18,23397.66,14771.25,7365.93,1811.94
,,,,,,,8121,4135.95,3939,3229.98,10832.25,14259.18,23397.66,14771.25,7365.93,1811.94
,,,,,,,8122,4135.95,3939,3229.98,10832.25,14259.18,23397.66,14771.25,7365.93,1811.94
,,,,,,,8123,4135.95,3939,3229.98,10832.25,14259.18,23397.66,14771.25,7365.93,1811.94
,,,,,,,8124,4135.95,3939,3229.98,10832.25,14259.18,23397.66,14771.25,7365.93,1811.94
,,,,,,,8125,4135.95,3939,3229.98,10832.25,14259.18,23397.66,14771.25,7365.93,1811.94
,,,,,,,8126,4135.95,3939,3229.98,10832.25,14259.18,23397.66,14771.25,7365.93,1811.94
,,,,,,,8127,4135.95,3939,3229.98,10832.25,14259.18,23397.66,14771.25,7365.93,1811.94
,,,,,,,8128,4135.95,3939,3229.98,10832.25,14259.18,23397.66,14771.25,7365.93,1811.94
,,,,,,,8129,4135.95,3939,3229.98,10832.25,14259.18,23397.66,14771.25,7365.93,1811.94
,,,,,,,8130,4135.95,3939,3229.98,10832.25,14259.18,23397.66,14771.25,7365.93,1811.94
,,,,,,,8131,4135.95,3939,3229.98,10832.25,14259.18,23397.66,14771.25,7365.93,1811.94
,,,,,,,8132,4135.95,3939,3229.98,10832.25,14259.18,23397.66,14771.25,7365.93,1811.94
,,,,,,,8133,4135.95,3939,3229.98,10832.25,14259.18,23397.66,14771.25,7365.93,1811.94
,,,,,,,8134,4135.95,3939,3229.98,10832.25,14259.18,23397.66,14771.25,7365.93,1811.94
,,,,,,,8135,4135.95,3939,3229.98,10832.25,14259.18,23397.66,14771.25,7365.93,1811.94
,,,,,,,8136,4135.95,3939,3229.98,10832.25,14259.18,23397.66,14771.25,7365.93,1811.94
,,,,,,,8137,4135.95,3939,3229.98,10832.25,14259.18,23397.66,14771.25,7365.93,1811.94
,,,,,,,8138,4135.95,3939,3229.98,10832.25,14259.18,23397.66,14771.25,7365.93,1811.94
,,,,,,,8139,4135.95,3939,3229.98,10832.25,14259.18,23397.66,14771.25,7365.93,1811.94
,,,,,,,8140,4135.95,3939,3229.98,10832.25,14259.18,23397.66,14771.25,7365.93,1811.94
,,,,,,,8141,4135.95,3939,3229.98,10832.25,14259.18,23397.66,14771.25,7365.93,1811.94
,,,,,,,8142,4135.95,3939,3229.98,10832.25,14259.18,23397.66,14771.25,7365.93,1811.94
,,,,,,,8143,4135.95,3939,3229.98,10832.25,14259.18,23397.66,14771.25,7365.93,1811.94
,,,,,,,8144,4135.95,3939,3229.98,10832.25,14259.18,23397.66,14771.25,7365.93,1811.94
,,,,,,,8145,4135.95,3939,3229.98,10832.25,14259.18,23397.66,14771.25,7365.93,1811.94
,,,,,,,8146,4135.95,3939,3229.98,10832.25,14259.18,23397.66,14771.25,7365.93,1811.94
,,,,,,,8147,4135.95,3939,3229.98,10832.25,14259.18,23397.66,14771.25,7365.93,1811.94
,,,,,,,8148,4135.95,3939,3229.98,10832.25,14259.18,23397.66,14771.25,7365.93,1811.94
,,,,,,,8149,4135.95,3939,3229.98,10832.25,14259.18,23397.66,14771.25,7365.93,1811.94
,,,,,,,8150,4135.95,3939,3229.98,10832.25,14259.18,23397.66,14771.25,7365.93,1811.94
,,,,,,,8151,4135.95,3939,3229.98,10832.25,14259.18,23397.66,14771.25,7365.93,1811.94
,,,,,,,8152,4135.95,3939,3229.98,10832.25,14259.18,23397.66,14771.25,7365.93,1811.94
,,,,,,,8153,4135.95,3939,3229.98,10832.25,14259.18,23397.66,14771.25,7365.93,1811.94
,,,,,,,8154,4135.95,3939,3229.98,10832.25,14259.18,23397.66,14771.25,7365.93,1811.94
,,,,,,,8155,4135.95,3939,3229.98,10832.25,14259.18,23397.66,14771.25,7365.93,1811.94
,,,,,,,8156,4135.95,3939,3229.98,10832.25,14259.18,23397.66,14771.25,7365.93,1811.94
,,,,,,,8157,4135.95,3939,3229.98,10832.25,14259.18,23397.66,14771.25,7365.93,1811.94
,,,,,,,8158,4135.95,3939,3229.98,10832.25,14259.18,23397.66,14771.25,7365.93,1811.94
,,,,,,,8159,4135.95,3939,3229.98,10832.25,14259.18,23397.66,14771.25,7365.93,1811.94
,,,,,,,8160,4135.95,3939,3229.98,10832.25,14259.18,23397.66,14771.25,7365.93,1811.94
,,,,,,,8161,4135.95,3939,3229.98,10832.25,14259.18,23397.66,14771.25,7365.93,1811.94
,,,,,,,8162,4135.95,3939,3229.98,10832.25,14259.18,23397.66,14771.25,7365.93,1811.94
,,,,,,,8163,4135.95,3939,3229.98,10832.25,14259.18,23397.66,14771.25,7365.93,1811.94
,,,,,,,8164,4135.95,3939,3229.98,10832.25,14259.18,23397.66,14771.25,7365.93,1811.94
,,,,,,,8165,4135.95,3939,3229.98,10832.25,14259.18,23397.66,14771.25,7365.93,1811.94
,,,,,,,8166,4135.95,3939,3229.98,10832.25,14259.18,23397.66,14771.25,7365.93,1811.94
,,,,,,,8167,4135.95,3939,3229.98,10832.25,14259.18,23397.66,14771.25,7365.93,1811.94
,,,,,,,8168,4135.95,3939,3229.98,10832.25,14259.18,23397.66,14771.25,7365.93,1811.94
,,,,,,,8169,4135.95,3939,3229.98,10832.25,14259.18,23397.66,14771.25,7365.93,1811.94
,,,,,,,8170,4135.95,3939,3229.98,10832.25,14259.18,23397.66,14771.25,7365.93,1811.94
,,,,,,,8171,4135.95,3939,3229.98,10832.25,14259.18,23397.66,14771.25,7365.93,1811.94
,,,,,,,8172,4135.95,3939,3229.98,10832.25,14259.18,23397.66,14771.25,7365.93,1811.94
,,,,,,,8173,4135.95,3939,3229.98,10832.25,14259.18,23397.66,14771.25,7365.93,1811.94
,,,,,,,8174,4135.95,3939,3229.98,10832.25,14259.18,23397.66,14771.25,7365.93,1811.94
,,,,,,,8175,4135.95,3939,3229.98,10832.25,14259.18,23397.66,14771.25,7365.93,1811.94
,,,,,,,8176,4135.95,3939,3229.98,10832.25,14259.18,23397.66,14771.25,7365.93,1811.94
,,,,,,,8177,4135.95,3939,3229.98,10832.25,14259.18,23397.66,14771.25,7365.93,1811.94
,,,,,,,8178,4135.95,3939,3229.98,10832.25,14259.18,23397.66,14771.25,7365.93,1811.94
,,,,,,,8179,4135.95,3939,3229.98,10832.25,14259.18,23397.66,14771.25,7365.93,1811.94
,,,,,,,8180,4135.95,3939,3229.98,10832.25,14259.18,23397.66,14771.25,7365.93,1811.94
,,,,,,,8181,4135.95,3939,3229.98,10832.25,14259.18,23397.66,14771.25,7365.93,1811.94
,,,,,,,8182,4135.95,3939,3229.98,10832.25,14259.18,23397.66,14771.25,7365.93,1811.94
,,,,,,,8183,4135.95,3939,3229.98,10832.25,14259.18,23397.66,14771.25,7365.93,1811.94
,,,,,,,8184,4135.95,3939,3229.98,10832.25,14259.18,23397.66,14771.25,7365.93,1811.94
,,,,,,,8185,4135.95,3939,3229.98,10832.25,14259.18,23397.66,14771.25,7365.93,1811.94
,,,,,,,8186,4135.95,3939,3229.98,10832.25,14259.18,23397.66,14771.25,7365.93,1811.94
,,,,,,,8187,4135.95,3939,3229.98,10832.25,14259.18,23397.66,14771.25,7365.93,1811.94
,,,,,,,8188,4135.95,3939,3229.98,10832.25,14259.18,23397.66,14771.25,7365.93,1811.94
,,,,,,,8189,4135.95,3939,3229.98,10832.25,14259.18,23397.66,14771.25,7365.93,1811.94
,,,,,,,8190,4135.95,3939,3229.98,10832.25,14259.18,23397.66,14771.25,7365.93,1811.94
,,,,,,,8191,4135.95,3939,3229.98,10832.25,14259.18,23397.66,14771.25,7365.93,1811.94
,,,,,,,8192,4135.95,3939,3229.98,10832.25,14259.18,23397.66,14771.25,7365.93,1811.94
,,,,,,,8193,4135.95,3939,3229.98,10832.25,14259.18,23397.66,14771.25,7365.93,1811.94
,,,,,,,8194,4135.95,3939,3229.98,10832.25,14259.18,23397.66,14771.25,7365.93,1811.94
,,,,,,,8195,4135.95,3939,3229.98,10832.25,14259.18,23397.66,14771.25,7365.93,1811.94
,,,,,,,8196,4135.95,3939,3229.98,10832.25,14259.18,23397.66,14771.25,7365.93,1811.94
,,,,,,,8197,4135.95,3939,3229.98,10832.25,14259.18,23397.66,14771.25,7365.93,1811.94
,,,,,,,8198,4135.95,3939,3229.98,10832.25,14259.18,23397.66,14771.25,7365.93,1811.94
,,,,,,,8199,4135.95,3939,3229.98,10832.25,14259.18,23397.66,14771.25,7365.93,1811.94
,,,,,,,8200,4135.95,3939,3229.98,10832.25,14259.18,23397.66,14771.25,7365.93,1811.94
,,,,,,,8201,4135.95,3939,3229.98,10832.25,14259.18,23397.66,14771.25,7365.93,1811.94
,,,,,,,8202,4135.95,3939,3229.98,10832.25,14259.18,23397.66,14771.25,7365.93,1811.94
,,,,,,,8203,4135.95,3939,3229.98,10832.25,14259.18,23397.66,14771.25,7365.93,1811.94
,,,,,,,8204,4135.95,3939,3229.98,10832.25,14259.18,23397.66,14771.25,7365.93,1811.94
,,,,,,,8205,4135.95,3939,3229.98,10832.25,14259.18,23397.66,14771.25,7365.93,1811.94
,,,,,,,8206,4135.95,3939,3229.98,10832.25,14259.18,23397.66,14771.25,7365.93,1811.94
,,,,,,,8207,4135.95,3939,3229.98,10832.25,14259.18,23397.66,14771.25,7365.93,1811.94
,,,,,,,8208,4135.95,3939,3229.98,10832.25,14259.18,23397.66,14771.25,7365.93,1811.94
,,,,,,,8209,4135.95,3939,3229.98,10832.25,14259.18,23397.66,14771.25,7365.93,1811.94
,,,,,,,8210,4135.95,3939,3229.98,10832.25,14259.18,23397.66,14771.25,7365.93,1811.94
,,,,,,,8211,4135.95,3939,3229.98,10832.25,14259.18,23397.66,14771.25,7365.93,1811.94
,,,,,,,8212,4135.95,3939,3229.98,10832.25,14259.18,23397.66,14771.25,7365.93,1811.94
,,,,,,,8213,4135.95,3939,3229.98,10832.25,14259.18,23397.66,14771.25,7365.93,1811.94
,,,,,,,8214,4135.95,3939,3229.98,10832.25,14259.18,23397.66,14771.25,7365.93,1811.94
,,,,,,,8215,4135.95,3939,3229.98,10832.25,14259.18,23397.66,14771.25,7365.93,1811.94
,,,,,,,8216,4135.95,3939,3229.98,10832.25,14259.18,23397.66,14771.25,7365.93,1811.94
,,,,,,,8217,4135.95,3939,3229.98,10832.25,14259.18,23397.66,14771.25,7365.93,1811.94
,,,,,,,8218,4135.95,3939,3229.98,10832.25,14259.18,23397.66,14771.25,7365.93,1811.94
,,,,,,,8219,4135.95,3939,3229.98,10832.25,14259.18,23397.66,14771.25,7365.93,1811.94
,,,,,,,8220,4135.95,3939,3229.98,10832.25,14259.18,23397.66,14771.25,7365.93,1811.94
,,,,,,,8221,4135.95,3939,3229.98,10832.25,14259.18,23397.66,14771.25,7365.93,1811.94
,,,,,,,8222,4135.95,3939,3229.98,10832.25,14259.18,23397.66,14771.25,7365.93,1811.94
,,,,,,,8223,4135.95,3939,3229.98,10832.25,14259.18,23397.66,14771.25,7365.93,1811.94
,,,,,,,8224,4135.95,3939,3229.98,10832.25,14259.18,23397.66,14771.25,7365.93,1811.94
,,,,,,,8225,4135.95,3939,3229.98,10832.25,14259.18,23397.66,14771.25,7365.93,1811.94
,,,,,,,8226,4135.95,3939,3229.98,10832.25,14259.18,23397.66,14771.25,7365.93,1811.94
,,,,,,,8227,4135.95,3939,3229.98,10832.25,14259.18,23397.66,14771.25,7365.93,1811.94
,,,,,,,8228,4135.95,3939,3229.98,10832.25,14259.18,23397.66,14771.25,7365.93,1811.94
,,,,,,,8229,4135.95,3939,3229.98,10832.25,14259.18,23397.66,14771.25,7365.93,1811.94
,,,,,,,8230,4135.95,3939,3229.98,10832.25,14259.18,23397.66,14771.25,7365.93,1811.94
,,,,,,,8231,4135.95,3939,3229.98,10832.25,14259.18,23397.66,14771.25,7365.93,1811.94
,,,,,,,8232,4135.95,3939,3229.98,10832.25,14259.18,23397.66,14771.25,7365.93,1811.94
,,,,,,,8233,4135.95,3939,3229.98,10832.25,14259.18,23397.66,14771.25,7365.93,1811.94
,,,,,,,8234,4135.95,3939,3229.98,10832.25,14259.18,23397.66,14771.25,7365.93,1811.94
,,,,,,,8235,4135.95,3939,3229.98,10832.25,14259.18,23397.66,14771.25,7365.93,1811.94
,,,,,,,8236,4135.95,3939,3229.98,10832.25,14259.18,23397.66,14771.25,7365.93,1811.94
,,,,,,,8237,4135.95,3939,3229.98,10832.25,14259.18,23397.66,14771.25,7365.93,1811.94
,,,,,,,8238,4135.95,3939,3229.98,10832.25,14259.18,23397.66,14771.25,7365.93,1811.94
,,,,,,,8239,4135.95,3939,3229.98,10832.25,14259.18,23397.66,14771.25,7365.93,1811.94
,,,,,,,8240,4135.95,3939,3229.98,10832.25,14259.18,23397.66,14771.25,7365.93,1811.94
,,,,,,,8241,4135.95,3939,3229.98,10832.25,14259.18,23397.66,14771.25,7365.93,1811.94
,,,,,,,8242,4135.95,3939,3229.98,10832.25,14259.18,23397.66,14771.25,7365.93,1811.94
,,,,,,,8243,4135.95,3939,3229.98,10832.25,14259.18,23397.66,14771.25,7365.93,1811.94
,,,,,,,8244,4135.95,3939,3229.98,10832.25,14259.18,23397.66,14771.25,7365.93,1811.94
,,,,,,,8245,4135.95,3939,3229.98,10832.25,14259.18,23397.66,14771.25,7365.93,1811.94
,,,,,,,8246,4135.95,3939,3229.98,10832.25,14259.18,23397.66,14771.25,7365.93,1811.94
,,,,,,,8247,4135.95,3939,3229.98,10832.25,14259.18,23397.66,14771.25,7365.93,1811.94
,,,,,,,8248,4135.95,3939,3229.98,10832.25,14259.18,23397.66,14771.25,7365.93,1811.94
,,,,,,,8249,4135.95,3939,3229.98,10832.25,14259.18,23397.66,14771.25,7365.93,1811.94
,,,,,,,8250,4135.95,3939,3229.98,10832.25,14259.18,23397.66,14771.25,7365.93,1811.94
,,,,,,,8251,4135.95,3939,3229.98,10832.25,14259.18,23397.66,14771.25,7365.93,1811.94
,,,,,,,8252,4135.95,3939,3229.98,10832.25,14259.18,23397.66,14771.25,7365.93,1811.94
,,,,,,,8253,4135.95,3939,3229.98,10832.25,14259.18,23397.66,14771.25,7365.93,1811.94
,,,,,,,8254,4135.95,3939,3229.98,10832.25,14259.18,23397.66,14771.25,7365.93,1811.94
,,,,,,,8255,4135.95,3939,3229.98,10832.25,14259.18,23397.66,14771.25,7365.93,1811.94
,,,,,,,8256,4135.95,3939,3229.98,10832.25,14259.18,23397.66,14771.25,7365.93,1811.94
,,,,,,,8257,4135.95,3939,3229.98,10832.25,14259.18,23397.66,14771.25,7365.93,1811.94
,,,,,,,8258,4135.95,3939,3229.98,10832.25,14259.18,23397.66,14771.25,7365.93,1811.94
,,,,,,,8259,4135.95,3939,3229.98,10832.25,14259.18,23397.66,14771.25,7365.93,1811.94
,,,,,,,8260,4135.95,3939,3229.98,10832.25,14259.18,23397.66,14771.25,7365.93,1811.94
,,,,,,,8261,4135.95,3939,3229.98,10832.25,14259.18,23397.66,14771.25,7365.93,1811.94
,,,,,,,8262,4135.95,3939,3229.98,10832.25,14259.18,23397.66,14771.25,7365.93,1811.94
,,,,,,,8263,4135.95,3939,3229.98,10832.25,14259.18,23397.66,14771.25,7365.93,1811.94
,,,,,,,8264,4135.95,3939,3229.98,10832.25,14259.18,23397.66,14771.25,7365.93,1811.94
,,,,,,,8265,4135.95,3939,3229.98,10832.25,14259.18,23397.66,14771.25,7365.93,1811.94
,,,,,,,8266,4135.95,3939,3229.98,10832.25,14259.18,23397.66,14771.25,7365.93,1811.94
,,,,,,,8267,4135.95,3939,3229.98,10832.25,14259.18,23397.66,14771.25,7365.93,1811.94
,,,,,,,8268,4135.95,3939,3229.98,10832.25,14259.18,23397.66,14771.25,7365.93,1811.94
,,,,,,,8269,4135.95,3939,3229.98,10832.25,14259.18,23397.66,14771.25,7365.93,1811.94
,,,,,,,8270,4135.95,3939,3229.98,10832.25,14259.18,23397.66,14771.25,7365.93,1811.94
,,,,,,,8271,4135.95,3939,3229.98,10832.25,14259.18,23397.66,14771.25,7365.93,1811.94
,,,,,,,8272,4135.95,3939,3229.98,10832.25,14259.18,23397.66,14771.25,7365.93,1811.94
,,,,,,,8273,4135.95,3939,3229.98,10832.25,14259.18,23397.66,14771.25,7365.93,1811.94
,,,,,,,8274,4135.95,3939,3229.98,10832.25,14259.18,23397.66,14771.25,7365.93,1811.94
,,,,,,,8275,4135.95,3939,3229.98,10832.25,14259.18,23397.66,14771.25,7365.93,1811.94
,,,,,,,8276,4135.95,3939,3229.98,10832.25,14259.18,23397.66,14771.25,7365.93,1811.94
,,,,,,,8277,4135.95,3939,3229.98,10832.25,14259.18,23397.66,14771.25,7365.93,1811.94
,,,,,,,8278,4135.95,3939,3229.98,10832.25,14259.18,23397.66,14771.25,7365.93,1811.94
,,,,,,,8279,4135.95,3939,3229.98,10832.25,14259.18,23397.66,14771.25,7365.93,1811.94
,,,,,,,8280,4135.95,3939,3229.98,10832.25,14259.18,23397.66,14771.25,7365.93,1811.94
,,,,,,,8281,4135.95,3939,3229.98,10832.25,14259.18,23397.66,14771.25,7365.93,1811.94
,,,,,,,8282,4135.95,3939,3229.98,10832.25,14259.18,23397.66,14771.25,7365.93,1811.94
,,,,,,,8283,4135.95,3939,3229.98,10832.25,14259.18,23397.66,14771.25,7365.93,1811.94
,,,,,,,8284,4135.95,3939,3229.98,10832.25,14259.18,23397.66,14771.25,7365.93,1811.94
,,,,,,,8285,4135.95,3939,3229.98,10832.25,14259.18,23397.66,14771.25,7365.93,1811.94
,,,,,,,8286,4135.95,3939,3229.98,10832.25,14259.18,23397.66,14771.25,7365.93,1811.94
,,,,,,,8287,4135.95,3939,3229.98,10832.25,14259.18,23397.66,14771.25,7365.93,1811.94
,,,,,,,8288,4135.95,3939,3229.98,10832.25,14259.18,23397.66,14771.25,7365.93,1811.94
,,,,,,,8289,4135.95,3939,3229.98,10832.25,14259.18,23397.66,14771.25,7365.93,1811.94
,,,,,,,8290,4135.95,3939,3229.98,10832.25,14259.18,23397.66,14771.25,7365.93,1811.94
,,,,,,,8291,4135.95,3939,3229.98,10832.25,14259.18,23397.66,14771.25,7365.93,1811.94
,,,,,,,8292,4135.95,3939,3229.98,10832.25,14259.18,23397.66,14771.25,7365.93,1811.94
,,,,,,,8293,4135.95,3939,3229.98,10832.25,14259.18,23397.66,14771.25,7365.93,1811.94
,,,,,,,8294,4135.95,3939,3229.98,10832.25,14259.18,23397.66,14771.25,7365.93,1811.94
,,,,,,,8295,4135.95,3939,3229.98,10832.25,14259.18,23397.66,14771.25,7365.93,1811.94
,,,,,,,8296,4135.95,3939,3229.98,10832.25,14259.18,23397.66,14771.25,7365.93,1811.94
,,,,,,,8297,4135.95,3939,3229.98,10832.25,14259.18,23397.66,14771.25,7365.93,1811.94
,,,,,,,8298,4135.95,3939,3229.98,10832.25,14259.18,23397.66,14771.25,7365.93,1811.94
,,,,,,,8299,4135.95,3939,3229.98,10832.25,14259.18,23397.66,14771.25,7365.93,1811.94
,,,,,,,8300,4135.95,3939,3229.98,10832.25,14259.18,23397.66,14771.25,7365.93,1811.94
,,,,,,,8301,4135.95,3939,3229.98,10832.25,14259.18,23397.66,14771.25,7365.93,1811.94
,,,,,,,8302,4135.95,3939,3229.98,10832.25,14259.18,23397.66,14771.25,7365.93,1811.94
,,,,,,,8303,4135.95,3939,3229.98,10832.25,14259.18,23397.66,14771.25,7365.93,1811.94
,,,,,,,8304,4135.95,3939,3229.98,10832.25,14259.18,23397.66,14771.25,7365.93,1811.94
,,,,,,,8305,4135.95,3939,3229.98,10832.25,14259.18,23397.66,14771.25,7365.93,1811.94
,,,,,,,8306,4135.95,3939,3229.98,10832.25,14259.18,23397.66,14771.25,7365.93,1811.94
,,,,,,,8307,4135.95,3939,3229.98,10832.25,14259.18,23397.66,14771.25,7365.93,1811.94
,,,,,,,8308,4135.95,3939,3229.98,10832.25,14259.18,23397.66,14771.25,7365.93,1811.94
,,,,,,,8309,4135.95,3939,3229.98,10832.25,14259.18,23397.66,14771.25,7365.93,1811.94
,,,,,,,8310,4135.95,3939,3229.98,10832.25,14259.18,23397.66,14771.25,7365.93,1811.94
,,,,,,,8311,4135.95,3939,3229.98,10832.25,14259.18,23397.66,14771.25,7365.93,1811.94
,,,,,,,8312,4135.95,3939,3229.98,10832.25,14259.18,23397.66,14771.25,7365.93,1811.94
,,,,,,,8313,4135.95,3939,3229.98,10832.25,14259.18,23397.66,14771.25,7365.93,1811.94
,,,,,,,8314,4135.95,3939,3229.98,10832.25,14259.18,23397.66,14771.25,7365.93,1811.94
,,,,,,,8315,4135.95,3939,3229.98,10832.25,14259.18,23397.66,14771.25,7365.93,1811.94
,,,,,,,8316,4135.95,3939,3229.98,10832.25,14259.18,23397.66,14771.25,7365.93,1811.94
,,,,,,,8317,4135.95,3939,3229.98,10832.25,14259.18,23397.66,14771.25,7365.93,1811.94
,,,,,,,8318,4135.95,3939,3229.98,10832.25,14259.18,23397.66,14771.25,7365.93,1811.94
,,,,,,,8319,4135.95,3939,3229.98,10832.25,14259.18,23397.66,14771.25,7365.93,1811.94
,,,,,,,8320,4135.95,3939,3229.98,10832.25,14259.18,23397.66,14771.25,7365.93,1811.94
,,,,,,,8321,4135.95,3939,3229.98,10832.25,14259.18,23397.66,14771.25,7365.93,1811.94
,,,,,,,8322,4135.95,3939,3229.98,10832.25,14259.18,23397.66,14771.25,7365.93,1811.94
,,,,,,,8323,4135.95,3939,3229.98,10832.25,14259.18,23397.66,14771.25,7365.93,1811.94
,,,,,,,8324,4135.95,3939,3229.98,10832.25,14259.18,23397.66,14771.25,7365.93,1811.94
,,,,,,,8325,4135.95,3939,3229.98,10832.25,14259.18,23397.66,14771.25,7365.93,1811.94
,,,,,,,8326,4135.95,3939,3229.98,10832.25,14259.18,23397.66,14771.25,7365.93,1811.94
,,,,,,,8327,4135.95,3939,3229.98,10832.25,14259.18,23397.66,14771.25,7365.93,1811.94
,,,,,,,8328,4135.95,3939,3229.98,10832.25,14259.18,23397.66,14771.25,7365.93,1811.94
,,,,,,,8329,4135.95,3939,3229.98,10832.25,14259.18,23397.66,14771.25,7365.93,1811.94
,,,,,,,8330,4135.95,3939,3229.98,10832.25,14259.18,23397.66,14771.25,7365.93,1811.94
,,,,,,,8331,4135.95,3939,3229.98,10832.25,14259.18,23397.66,14771.25,7365.93,1811.94
,,,,,,,8332,4135.95,3939,3229.98,10832.25,14259.18,23397.66,14771.25,7365.93,1811.94
,,,,,,,8333,4135.95,3939,3229.98,10832.25,14259.18,23397.66,14771.25,7365.93,1811.94
,,,,,,,8334,4135.95,3939,3229.98,10832.25,14259.18,23397.66,14771.25,7365.93,1811.94
,,,,,,,8335,4135.95,3939,3229.98,10832.25,14259.18,23397.66,14771.25,7365.93,1811.94
,,,,,,,8336,4135.95,3939,3229.98,10832.25,14259.18,23397.66,14771.25,7365.93,1811.94
,,,,,,,8337,4135.95,3939,3229.98,10832.25,14259.18,23397.66,14771.25,7365.93,1811.94
,,,,,,,8338,4135.95,3939,3229.98,10832.25,14259.18,23397.66,14771.25,7365.93,1811.94
,,,,,,,8339,4135.95,3939,3229.98,10832.25,14259.18,23397.66,14771.25,7365.93,1811.94
,,,,,,,8340,4135.95,3939,3229.98,10832.25,14259.18,23397.66,14771.25,7365.93,1811.94
,,,,,,,8341,4135.95,3939,3229.98,10832.25,14259.18,23397.66,14771.25,7365.93,1811.94
,,,,,,,8342,4135.95,3939,3229.98,10832.25,14259.18,23397.66,14771.25,7365.93,1811.94
,,,,,,,8343,4135.95,3939,3229.98,10832.25,14259.18,23397.66,14771.25,7365.93,1811.94
,,,,,,,8344,4135.95,3939,3229.98,10832.25,14259.18,23397.66,14771.25,7365.93,1811.94
,,,,,,,8345,4135.95,3939,3229.98,10832.25,14259.18,23397.66,14771.25,7365.93,1811.94
,,,,,,,8346,4135.95,3939,3229.98,10832.25,14259.18,23397.66,14771.25,7365.93,1811.94
,,,,,,,8347,4135.95,3939,3229.98,10832.25,14259.18,23397.66,14771.25,7365.93,1811.94
,,,,,,,8348,4135.95,3939,3229.98,10832.25,14259.18,23397.66,14771.25,7365.93,1811.94
,,,,,,,8349,4135.95,3939,3229.98,10832.25,14259.18,23397.66,14771.25,7365.93,1811.94
,,,,,,,8350,4135.95,3939,3229.98,10832.25,14259.18,23397.66,14771.25,7365.93,1811.94
,,,,,,,8351,4135.95,3939,3229.98,10832.25,14259.18,23397.66,14771.25,7365.93,1811.94
,,,,,,,8352,4135.95,3939,3229.98,10832.25,14259.18,23397.66,14771.25,7365.93,1811.94
,,,,,,,8353,4135.95,3939,3229.98,10832.25,14259.18,23397.66,14771.25,7365.93,1811.94
,,,,,,,8354,4135.95,3939,3229.98,10832.25,14259.18,23397.66,14771.25,7365.93,1811.94
,,,,,,,8355,4135.95,3939,3229.98,10832.25,14259.18,23397.66,14771.25,7365.93,1811.94
,,,,,,,8356,4135.95,3939,3229.98,10832.25,14259.18,23397.66,14771.25,7365.93,1811.94
,,,,,,,8357,4135.95,3939,3229.98,10832.25,14259.18,23397.66,14771.25,7365.93,1811.94
,,,,,,,8358,4135.95,3939,3229.98,10832.25,14259.18,23397.66,14771.25,7365.93,1811.94
,,,,,,,8359,4135.95,3939,3229.98,10832.25,14259.18,23397.66,14771.25,7365.93,1811.94
,,,,,,,8360,4135.95,3939,3229.98,10832.25,14259.18,23397.66,14771.25,7365.93,1811.94
,,,,,,,8361,4135.95,3939,3229.98,10832.25,14259.18,23397.66,14771.25,7365.93,1811.94
,,,,,,,8362,4135.95,3939,3229.98,10832.25,14259.18,23397.66,14771.25,7365.93,1811.94
,,,,,,,8363,4135.95,3939,3229.98,10832.25,14259.18,23397.66,14771.25,7365.93,1811.94
,,,,,,,8364,4135.95,3939,3229.98,10832.25,14259.18,23397.66,14771.25,7365.93,1811.94
,,,,,,,8365,4135.95,3939,3229.98,10832.25,14259.18,23397.66,14771.25,7365.93,1811.94
,,,,,,,8366,4135.95,3939,3229.98,10832.25,14259.18,23397.66,14771.25,7365.93,1811.94
,,,,,,,8367,4135.95,3939,3229.98,10832.25,14259.18,23397.66,14771.25,7365.93,1811.94
,,,,,,,8368,4135.95,3939,3229.98,10832.25,14259.18,23397.66,14771.25,7365.93,1811.94
,,,,,,,8369,4135.95,3939,3229.98,10832.25,14259.18,23397.66,14771.25,7365.93,1811.94
,,,,,,,8370,4135.95,3939,3229.98,10832.25,14259.18,23397.66,14771.25,7365.93,1811.94
,,,,,,,8371,4135.95,3939,3229.98,10832.25,14259.18,23397.66,14771.25,7365.93,1811.94
,,,,,,,8372,4135.95,3939,3229.98,10832.25,14259.18,23397.66,14771.25,7365.93,1811.94
,,,,,,,8373,4135.95,3939,3229.98,10832.25,14259.18,23397.66,14771.25,7365.93,1811.94
,,,,,,,8374,4135.95,3939,3229.98,10832.25,14259.18,23397.66,14771.25,7365.93,1811.94
,,,,,,,8375,4135.95,3939,3229.98,10832.25,14259.18,23397.66,14771.25,7365.93,1811.94
,,,,,,,8376,4135.95,3939,3229.98,10832.25,14259.18,23397.66,14771.25,7365.93,1811.94
,,,,,,,8377,4135.95,3939,3229.98,10832.25,14259.18,23397.66,14771.25,7365.93,1811.94
,,,,,,,8378,4135.95,3939,3229.98,10832.25,14259.18,23397.66,14771.25,7365.93,1811.94
,,,,,,,8379,4135.95,3939,3229.98,10832.25,14259.18,23397.66,14771.25,7365.93,1811.94
,,,,,,,8380,4135.95,3939,3229.98,10832.25,14259.18,23397.66,14771.25,7365.93,1811.94
,,,,,,,8381,4135.95,3939,3229.98,10832.25,14259.18,23397.66,14771.25,7365.93,1811.94
,,,,,,,8382,4135.95,3939,3229.98,10832.25,14259.18,23397.66,14771.25,7365.93,1811.94
,,,,,,,8383,4135.95,3939,3229.98,10832.25,14259.18,23397.66,14771.25,7365.93,1811.94
,,,,,,,8384,4135.95,3939,3229.98,10832.25,14259.18,23397.66,14771.25,7365.93,1811.94
,,,,,,,8385,4135.95,3939,3229.98,10832.25,14259.18,23397.66,14771.25,7365.93,1811.94
,,,,,,,8386,4135.95,3939,3229.98,10832.25,14259.18,23397.66,14771.25,7365.93,1811.94
,,,,,,,8387,4135.95,3939,3229.98,10832.25,14259.18,23397.66,14771.25,7365.93,1811.94
,,,,,,,8388,4135.95,3939,3229.98,10832.25,14259.18,23397.66,14771.25,7365.93,1811.94
,,,,,,,8389,4135.95,3939,3229.98,10832.25,14259.18,23397.66,14771.25,7365.93,1811.94
,,,,,,,8390,4135.95,3939,3229.98,10832.25,14259.18,23397.66,14771.25,7365.93,1811.94
,,,,,,,8391,4135.95,3939,3229.98,10832.25,14259.18,23397.66,14771.25,7365.93,1811.94
,,,,,,,8392,4135.95,3939,3229.98,10832.25,14259.18,23397.66,14771.25,7365.93,1811.94
,,,,,,,8393,4135.95,3939,3229.98,10832.25,14259.18,23397.66,14771.25,7365.93,1811.94
,,,,,,,8394,4135.95,3939,3229.98,10832.25,14259.18,23397.66,14771.25,7365.93,1811.94
,,,,,,,8395,4135.95,3939,3229.98,10832.25,14259.18,23397.66,14771.25,7365.93,1811.94
,,,,,,,8396,4135.95,3939,3229.98,10832.25,14259.18,23397.66,14771.25,7365.93,1811.94
,,,,,,,8397,4135.95,3939,3229.98,10832.25,14259.18,23397.66,14771.25,7365.93,1811.94
,,,,,,,8398,4135.95,3939,3229.98,10832.25,14259.18,23397.66,14771.25,7365.93,1811.94
,,,,,,,8399,4135.95,3939,3229.98,10832.25,14259.18,23397.66,14771.25,7365.93,1811.94
,,,,,,,8400,4135.95,3939,3229.98,10832.25,14259.18,23397.66,14771.25,7365.93,1811.94
,,,,,,,8401,4135.95,3939,3229.98,10832.25,14259.18,23397.66,14771.25,7365.93,1811.94
,,,,,,,8402,4135.95,3939,3229.98,10832.25,14259.18,23397.66,14771.25,7365.93,1811.94
,,,,,,,8403,4135.95,3939,3229.98,10832.25,14259.18,23397.66,14771.25,7365.93,1811.94
,,,,,,,8404,4135.95,3939,3229.98,10832.25,14259.18,23397.66,14771.25,7365.93,1811.94
,,,,,,,8405,4135.95,3939,3229.98,10832.25,14259.18,23397.66,14771.25,7365.93,1811.94
,,,,,,,8406,4135.95,3939,3229.98,10832.25,14259.18,23397.66,14771.25,7365.93,1811.94
,,,,,,,8407,4135.95,3939,3229.98,10832.25,14259.18,23397.66,14771.25,7365.93,1811.94
,,,,,,,8408,4135.95,3939,3229.98,10832.25,14259.18,23397.66,14771.25,7365.93,1811.94
,,,,,,,8409,4135.95,3939,3229.98,10832.25,14259.18,23397.66,14771.25,7365.93,1811.94
,,,,,,,8410,4135.95,3939,3229.98,10832.25,14259.18,23397.66,14771.25,7365.93,1811.94
,,,,,,,8411,4135.95,3939,3229.98,10832.25,14259.18,23397.66,14771.25,7365.93,1811.94
,,,,,,,8412,4135.95,3939,3229.98,10832.25,14259.18,23397.66,14771.25,7365.93,1811.94
,,,,,,,8413,4135.95,3939,3229.98,10832.25,14259.18,23397.66,14771.25,7365.93,1811.94
,,,,,,,8414,4135.95,3939,3229.98,10832.25,14259.18,23397.66,14771.25,7365.93,1811.94
,,,,,,,8415,4135.95,3939,3229.98,10832.25,14259.18,23397.66,14771.25,7365.93,1811.94
,,,,,,,8416,4135.95,3939,3229.98,10832.25,14259.18,23397.66,14771.25,7365.93,1811.94
,,,,,,,8417,4135.95,3939,3229.98,10832.25,14259.18,23397.66,14771.25,7365.93,1811.94
,,,,,,,8418,4135.95,3939,3229.98,10832.25,14259.18,23397.66,14771.25,7365.93,1811.94
,,,,,,,8419,4135.95,3939,3229.98,10832.25,14259.18,23397.66,14771.25,7365.93,1811.94
,,,,,,,8420,4135.95,3939,3229.98,10832.25,14259.18,23397.66,14771.25,7365.93,1811.94
,,,,,,,8421,4135.95,3939,3229.98,10832.25,14259.18,23397.66,14771.25,7365.93,1811.94
,,,,,,,8422,4135.95,3939,3229.98,10832.25,14259.18,23397.66,14771.25,7365.93,1811.94
,,,,,,,8423,4135.95,3939,3229.98,10832.25,14259.18,23397.66,14771.25,7365.93,1811.94
,,,,,,,8424,4135.95,3939,3229.98,10832.25,14259.18,23397.66,14771.25,7365.93,1811.94
,,,,,,,8425,4135.95,3939,3229.98,10832.25,14259.18,23397.66,14771.25,7365.93,1811.94
,,,,,,,8426,4135.95,3939,3229.98,10832.25,14259.18,23397.66,14771.25,7365.93,1811.94
,,,,,,,8427,4135.95,3939,3229.98,10832.25,14259.18,23397.66,14771.25,7365.93,1811.94
,,,,,,,8428,4135.95,3939,3229.98,10832.25,14259.18,23397.66,14771.25,7365.93,1811.94
,,,,,,,8429,4135.95,3939,3229.98,10832.25,14259.18,23397.66,14771.25,7365.93,1811.94
,,,,,,,8430,4135.95,3939,3229.98,10832.25,14259.18,23397.66,14771.25,7365.93,1811.94
,,,,,,,8431,4135.95,3939,3229.98,10832.25,14259.18,23397.66,14771.25,7365.93,1811.94
,,,,,,,8432,4135.95,3939,3229.98,10832.25,14259.18,23397.66,14771.25,7365.93,1811.94
,,,,,,,8433,4135.95,3939,3229.98,10832.25,14259.18,23397.66,14771.25,7365.93,1811.94
,,,,,,,8434,4135.95,3939,3229.98,10832.25,14259.18,23397.66,14771.25,7365.93,1811.94
,,,,,,,8435,4135.95,3939,3229.98,10832.25,14259.18,23397.66,14771.25,7365.93,1811.94
,,,,,,,8436,4135.95,3939,3229.98,10832.25,14259.18,23397.66,14771.25,7365.93,1811.94
,,,,,,,8437,4135.95,3939,3229.98,10832.25,14259.18,23397.66,14771.25,7365.93,1811.94
,,,,,,,8438,4135.95,3939,3229.98,10832.25,14259.18,23397.66,14771.25,7365.93,1811.94
,,,,,,,8439,4135.95,3939,3229.98,10832.25,14259.18,23397.66,14771.25,7365.93,1811.94
,,,,,,,8440,4135.95,3939,3229.98,10832.25,14259.18,23397.66,14771.25,7365.93,1811.94
,,,,,,,8441,4135.95,3939,3229.98,10832.25,14259.18,23397.66,14771.25,7365.93,1811.94
,,,,,,,8442,4135.95,3939,3229.98,10832.25,14259.18,23397.66,14771.25,7365.93,1811.94
,,,,,,,8443,4135.95,3939,3229.98,10832.25,14259.18,23397.66,14771.25,7365.93,1811.94
,,,,,,,8444,4135.95,3939,3229.98,10832.25,14259.18,23397.66,14771.25,7365.93,1811.94
,,,,,,,8445,4135.95,3939,3229.98,10832.25,14259.18,23397.66,14771.25,7365.93,1811.94
,,,,,,,8446,4135.95,3939,3229.98,10832.25,14259.18,23397.66,14771.25,7365.93,1811.94
,,,,,,,8447,4135.95,3939,3229.98,10832.25,14259.18,23397.66,14771.25,7365.93,1811.94
,,,,,,,8448,4135.95,3939,3229.98,10832.25,14259.18,23397.66,14771.25,7365.93,1811.94
,,,,,,,8449,4135.95,3939,3229.98,10832.25,14259.18,23397.66,14771.25,7365.93,1811.94
,,,,,,,8450,4135.95,3939,3229.98,10832.25,14259.18,23397.66,14771.25,7365.93,1811.94
,,,,,,,8451,4135.95,3939,3229.98,10832.25,14259.18,23397.66,14771.25,7365.93,1811.94
,,,,,,,8452,4135.95,3939,3229.98,10832.25,14259.18,23397.66,14771.25,7365.93,1811.94
,,,,,,,8453,4135.95,3939,3229.98,10832.25,14259.18,23397.66,14771.25,7365.93,1811.94
,,,,,,,8454,4135.95,3939,3229.98,10832.25,14259.18,23397.66,14771.25,7365.93,1811.94
,,,,,,,8455,4135.95,3939,3229.98,10832.25,14259.18,23397.66,14771.25,7365.93,1811.94
,,,,,,,8456,4135.95,3939,3229.98,10832.25,14259.18,23397.66,14771.25,7365.93,1811.94
,,,,,,,8457,4135.95,3939,3229.98,10832.25,14259.18,23397.66,14771.25,7365.93,1811.94
,,,,,,,8458,4135.95,3939,3229.98,10832.25,14259.18,23397.66,14771.25,7365.93,1811.94
,,,,,,,8459,4135.95,3939,3229.98,10832.25,14259.18,23397.66,14771.25,7365.93,1811.94
,,,,,,,8460,4135.95,3939,3229.98,10832.25,14259.18,23397.66,14771.25,7365.93,1811.94
,,,,,,,8461,4135.95,3939,3229.98,10832.25,14259.18,23397.66,14771.25,7365.93,1811.94
,,,,,,,8462,4135.95,3939,3229.98,10832.25,14259.18,23397.66,14771.25,7365.93,1811.94
,,,,,,,8463,4135.95,3939,3229.98,10832.25,14259.18,23397.66,14771.25,7365.93,1811.94
,,,,,,,8464,4135.95,3939,3229.98,10832.25,14259.18,23397.66,14771.25,7365.93,1811.94
,,,,,,,8465,4135.95,3939,3229.98,10832.25,14259.18,23397.66,14771.25,7365.93,1811.94
,,,,,,,8466,4135.95,3939,3229.98,10832.25,14259.18,23397.66,14771.25,7365.93,1811.94
,,,,,,,8467,4135.95,3939,3229.98,10832.25,14259.18,23397.66,14771.25,7365.93,1811.94
,,,,,,,8468,4135.95,3939,3229.98,10832.25,14259.18,23397.66,14771.25,7365.93,1811.94
,,,,,,,8469,4135.95,3939,3229.98,10832.25,14259.18,23397.66,14771.25,7365.93,1811.94
,,,,,,,8470,4135.95,3939,3229.98,10832.25,14259.18,23397.66,14771.25,7365.93,1811.94
,,,,,,,8471,4135.95,3939,3229.98,10832.25,14259.18,23397.66,14771.25,7365.93,1811.94
,,,,,,,8472,4135.95,3939,3229.98,10832.25,14259.18,23397.66,14771.25,7365.93,1811.94
,,,,,,,8473,4135.95,3939,3229.98,10832.25,14259.18,23397.66,14771.25,7365.93,1811.94
,,,,,,,8474,4135.95,3939,3229.98,10832.25,14259.18,23397.66,14771.25,7365.93,1811.94
,,,,,,,8475,4135.95,3939,3229.98,10832.25,14259.18,23397.66,14771.25,7365.93,1811.94
,,,,,,,8476,4135.95,3939,3229.98,10832.25,14259.18,23397.66,14771.25,7365.93,1811.94
,,,,,,,8477,4135.95,3939,3229.98,10832.25,14259.18,23397.66,14771.25,7365.93,1811.94
,,,,,,,8478,4135.95,3939,3229.98,10832.25,14259.18,23397.66,14771.25,7365.93,1811.94
,,,,,,,8479,4135.95,3939,3229.98,10832.25,14259.18,23397.66,14771.25,7365.93,1811.94
,,,,,,,8480,4135.95,3939,3229.98,10832.25,14259.18,23397.66,14771.25,7365.93,1811.94
,,,,,,,8481,4135.95,3939,3229.98,10832.25,14259.18,23397.66,14771.25,7365.93,1811.94
,,,,,,,8482,4135.95,3939,3229.98,10832.25,14259.18,23397.66,14771.25,7365.93,1811.94
,,,,,,,8483,4135.95,3939,3229.98,10832.25,14259.18,23397.66,14771.25,7365.93,1811.94
,,,,,,,8484,4135.95,3939,3229.98,10832.25,14259.18,23397.66,14771.25,7365.93,1811.94
,,,,,,,8485,4135.95,3939,3229.98,10832.25,14259.18,23397.66,14771.25,7365.93,1811.94
,,,,,,,8486,4135.95,3939,3229.98,10832.25,14259.18,23397.66,14771.25,7365.93,1811.94
,,,,,,,8487,4135.95,3939,3229.98,10832.25,14259.18,23397.66,14771.25,7365.93,1811.94
,,,,,,,8488,4135.95,3939,3229.98,10832.25,14259.18,23397.66,14771.25,7365.93,1811.94
,,,,,,,8489,4135.95,3939,3229.98,10832.25,14259.18,23397.66,14771.25,7365.93,1811.94
,,,,,,,8490,4135.95,3939,3229.98,10832.25,14259.18,23397.66,14771.25,7365.93,1811.94
,,,,,,,8491,4135.95,3939,3229.98,10832.25,14259.18,23397.66,14771.25,7365.93,1811.94
,,,,,,,8492,4135.95,3939,3229.98,10832.25,14259.18,23397.66,14771.25,7365.93,1811.94
,,,,,,,8493,4135.95,3939,3229.98,10832.25,14259.18,23397.66,14771.25,7365.93,1811.94
,,,,,,,8494,4135.95,3939,3229.98,10832.25,14259.18,23397.66,14771.25,7365.93,1811.94
,,,,,,,8495,4135.95,3939,3229.98,10832.25,14259.18,23397.66,14771.25,7365.93,1811.94
,,,,,,,8496,4135.95,3939,3229.98,10832.25,14259.18,23397.66,14771.25,7365.93,1811.94
,,,,,,,8497,4135.95,3939,3229.98,10832.25,14259.18,23397.66,14771.25,7365.93,1811.94
,,,,,,,8498,4135.95,3939,3229.98,10832.25,14259.18,23397.66,14771.25,7365.93,1811.94
,,,,,,,8499,4135.95,3939,3229.98,10832.25,14259.18,23397.66,14771.25,7365.93,1811.94
,,,,,,,8500,4135.95,3939,3229.98,10832.25,14259.18,23397.66,14771.25,7365.93,1811.94
,,,,,,,8501,4135.95,3939,3229.98,10832.25,14259.18,23397.66,14771.25,7365.93,1811.94
,,,,,,,8502,4135.95,3939,3229.98,10832.25,14259.18,23397.66,14771.25,7365.93,1811.94
,,,,,,,8503,4135.95,3939,3229.98,10832.25,14259.18,23397.66,14771.25,7365.93,1811.94
,,,,,,,8504,4135.95,3939,3229.98,10832.25,14259.18,23397.66,14771.25,7365.93,1811.94
,,,,,,,8505,4135.95,3939,3229.98,10832.25,14259.18,23397.66,14771.25,7365.93,1811.94
,,,,,,,8506,4135.95,3939,3229.98,10832.25,14259.18,23397.66,14771.25,7365.93,1811.94
,,,,,,,8507,4135.95,3939,3229.98,10832.25,14259.18,23397.66,14771.25,7365.93,1811.94
,,,,,,,8508,4135.95,3939,3229.98,10832.25,14259.18,23397.66,14771.25,7365.93,1811.94
,,,,,,,8509,4135.95,3939,3229.98,10832.25,14259.18,23397.66,14771.25,7365.93,1811.94
,,,,,,,8510,4135.95,3939,3229.98,10832.25,14259.18,23397.66,14771.25,7365.93,1811.94
,,,,,,,8511,4135.95,3939,3229.98,10832.25,14259.18,23397.66,14771.25,7365.93,1811.94
,,,,,,,8512,4135.95,3939,3229.98,10832.25,14259.18,23397.66,14771.25,7365.93,1811.94
,,,,,,,8513,4135.95,3939,3229.98,10832.25,14259.18,23397.66,14771.25,7365.93,1811.94
,,,,,,,8514,4135.95,3939,3229.98,10832.25,14259.18,23397.66,14771.25,7365.93,1811.94
,,,,,,,8515,4135.95,3939,3229.98,10832.25,14259.18,23397.66,14771.25,7365.93,1811.94
,,,,,,,8516,4135.95,3939,3229.98,10832.25,14259.18,23397.66,14771.25,7365.93,1811.94
,,,,,,,8517,4135.95,3939,3229.98,10832.25,14259.18,23397.66,14771.25,7365.93,1811.94
,,,,,,,8518,4135.95,3939,3229.98,10832.25,14259.18,23397.66,14771.25,7365.93,1811.94
,,,,,,,8519,4135.95,3939,3229.98,10832.25,14259.18,23397.66,14771.25,7365.93,1811.94
,,,,,,,8520,4135.95,3939,3229.98,10832.25,14259.18,23397.66,14771.25,7365.93,1811.94
,,,,,,,8521,4135.95,3939,3229.98,10832.25,14259.18,23397.66,14771.25,7365.93,1811.94
,,,,,,,8522,4135.95,3939,3229.98,10832.25,14259.18,23397.66,14771.25,7365.93,1811.94
,,,,,,,8523,4135.95,3939,3229.98,10832.25,14259.18,23397.66,14771.25,7365.93,1811.94
,,,,,,,8524,4135.95,3939,3229.98,10832.25,14259.18,23397.66,14771.25,7365.93,1811.94
,,,,,,,8525,4135.95,3939,3229.98,10832.25,14259.18,23397.66,14771.25,7365.93,1811.94
,,,,,,,8526,4135.95,3939,3229.98,10832.25,14259.18,23397.66,14771.25,7365.93,1811.94
,,,,,,,8527,4135.95,3939,3229.98,10832.25,14259.18,23397.66,14771.25,7365.93,1811.94
,,,,,,,8528,4135.95,3939,3229.98,10832.25,14259.18,23397.66,14771.25,7365.93,1811.94
,,,,,,,8529,4135.95,3939,3229.98,10832.25,14259.18,23397.66,14771.25,7365.93,1811.94
,,,,,,,8530,4135.95,3939,3229.98,10832.25,14259.18,23397.66,14771.25,7365.93,1811.94
,,,,,,,8531,4135.95,3939,3229.98,10832.25,14259.18,23397.66,14771.25,7365.93,1811.94
,,,,,,,8532,4135.95,3939,3229.98,10832.25,14259.18,23397.66,14771.25,7365.93,1811.94
,,,,,,,8533,4135.95,3939,3229.98,10832.25,14259.18,23397.66,14771.25,7365.93,1811.94
,,,,,,,8534,4135.95,3939,3229.98,10832.25,14259.18,23397.66,14771.25,7365.93,1811.94
,,,,,,,8535,4135.95,3939,3229.98,10832.25,14259.18,23397.66,14771.25,7365.93,1811.94
,,,,,,,8536,4135.95,3939,3229.98,10832.25,14259.18,23397.66,14771.25,7365.93,1811.94
,,,,,,,8537,4135.95,3939,3229.98,10832.25,14259.18,23397.66,14771.25,7365.93,1811.94
,,,,,,,8538,4135.95,3939,3229.98,10832.25,14259.18,23397.66,14771.25,7365.93,1811.94
,,,,,,,8539,4135.95,3939,3229.98,10832.25,14259.18,23397.66,14771.25,7365.93,1811.94
,,,,,,,8540,4135.95,3939,3229.98,10832.25,14259.18,23397.66,14771.25,7365.93,1811.94
,,,,,,,8541,4135.95,3939,3229.98,10832.25,14259.18,23397.66,14771.25,7365.93,1811.94
,,,,,,,8542,4135.95,3939,3229.98,10832.25,14259.18,23397.66,14771.25,7365.93,1811.94
,,,,,,,8543,4135.95,3939,3229.98,10832.25,14259.18,23397.66,14771.25,7365.93,1811.94
,,,,,,,8544,4135.95,3939,3229.98,10832.25,14259.18,23397.66,14771.25,7365.93,1811.94
,,,,,,,8545,4135.95,3939,3229.98,10832.25,14259.18,23397.66,14771.25,7365.93,1811.94
,,,,,,,8546,4135.95,3939,3229.98,10832.25,14259.18,23397.66,14771.25,7365.93,1811.94
,,,,,,,8547,4135.95,3939,3229.98,10832.25,14259.18,23397.66,14771.25,7365.93,1811.94
,,,,,,,8548,4135.95,3939,3229.98,10832.25,14259.18,23397.66,14771.25,7365.93,1811.94
,,,,,,,8549,4135.95,3939,3229.98,10832.25,14259.18,23397.66,14771.25,7365.93,1811.94
,,,,,,,8550,4135.95,3939,3229.98,10832.25,14259.18,23397.66,14771.25,7365.93,1811.94
,,,,,,,8551,4135.95,3939,3229.98,10832.25,14259.18,23397.66,14771.25,7365.93,1811.94
,,,,,,,8552,4135.95,3939,3229.98,10832.25,14259.18,23397.66,14771.25,7365.93,1811.94
,,,,,,,8553,4135.95,3939,3229.98,10832.25,14259.18,23397.66,14771.25,7365.93,1811.94
,,,,,,,8554,4135.95,3939,3229.98,10832.25,14259.18,23397.66,14771.25,7365.93,1811.94
,,,,,,,8555,4135.95,3939,3229.98,10832.25,14259.18,23397.66,14771.25,7365.93,1811.94
,,,,,,,8556,4135.95,3939,3229.98,10832.25,14259.18,23397.66,14771.25,7365.93,1811.94
,,,,,,,8557,4135.95,3939,3229.98,10832.25,14259.18,23397.66,14771.25,7365.93,1811.94
,,,,,,,8558,4135.95,3939,3229.98,10832.25,14259.18,23397.66,14771.25,7365.93,1811.94
,,,,,,,8559,4135.95,3939,3229.98,10832.25,14259.18,23397.66,14771.25,7365.93,1811.94
,,,,,,,8560,4135.95,3939,3229.98,10832.25,14259.18,23397.66,14771.25,7365.93,1811.94
,,,,,,,8561,4135.95,3939,3229.98,10832.25,14259.18,23397.66,14771.25,7365.93,1811.94
,,,,,,,8562,4135.95,3939,3229.98,10832.25,14259.18,23397.66,14771.25,7365.93,1811.94
,,,,,,,8563,4135.95,3939,3229.98,10832.25,14259.18,23397.66,14771.25,7365.93,1811.94
,,,,,,,8564,4135.95,3939,3229.98,10832.25,14259.18,23397.66,14771.25,7365.93,1811.94
,,,,,,,8565,4135.95,3939,3229.98,10832.25,14259.18,23397.66,14771.25,7365.93,1811.94
,,,,,,,8566,4135.95,3939,3229.98,10832.25,14259.18,23397.66,14771.25,7365.93,1811.94
,,,,,,,8567,4135.95,3939,3229.98,10832.25,14259.18,23397.66,14771.25,7365.93,1811.94
,,,,,,,8568,4135.95,3939,3229.98,10832.25,14259.18,23397.66,14771.25,7365.93,1811.94
,,,,,,,8569,4135.95,3939,3229.98,10832.25,14259.18,23397.66,14771.25,7365.93,1811.94
,,,,,,,8570,4135.95,3939,3229.98,10832.25,14259.18,23397.66,14771.25,7365.93,1811.94
,,,,,,,8571,4135.95,3939,3229.98,10832.25,14259.18,23397.66,14771.25,7365.93,1811.94
,,,,,,,8572,4135.95,3939,3229.98,10832.25,14259.18,23397.66,14771.25,7365.93,1811.94
,,,,,,,8573,4135.95,3939,3229.98,10832.25,14259.18,23397.66,14771.25,7365.93,1811.94
,,,,,,,8574,4135.95,3939,3229.98,10832.25,14259.18,23397.66,14771.25,7365.93,1811.94
,,,,,,,8575,4135.95,3939,3229.98,10832.25,14259.18,23397.66,14771.25,7365.93,1811.94
,,,,,,,8576,4135.95,3939,3229.98,10832.25,14259.18,23397.66,14771.25,7365.93,1811.94
,,,,,,,8577,4135.95,3939,3229.98,10832.25,14259.18,23397.66,14771.25,7365.93,1811.94
,,,,,,,8578,4135.95,3939,3229.98,10832.25,14259.18,23397.66,14771.25,7365.93,1811.94
,,,,,,,8579,4135.95,3939,3229.98,10832.25,14259.18,23397.66,14771.25,7365.93,1811.94
,,,,,,,8580,4135.95,3939,3229.98,10832.25,14259.18,23397.66,14771.25,7365.93,1811.94
,,,,,,,8581,4135.95,3939,3229.98,10832.25,14259.18,23397.66,14771.25,7365.93,1811.94
,,,,,,,8582,4135.95,3939,3229.98,10832.25,14259.18,23397.66,14771.25,7365.93,1811.94
,,,,,,,8583,4135.95,3939,3229.98,10832.25,14259.18,23397.66,14771.25,7365.93,1811.94
,,,,,,,8584,4135.95,3939,3229.98,10832.25,14259.18,23397.66,14771.25,7365.93,1811.94
,,,,,,,8585,4135.95,3939,3229.98,10832.25,14259.18,23397.66,14771.25,7365.93,1811.94
,,,,,,,8586,4135.95,3939,3229.98,10832.25,14259.18,23397.66,14771.25,7365.93,1811.94
,,,,,,,8587,4135.95,3939,3229.98,10832.25,14259.18,23397.66,14771.25,7365.93,1811.94
,,,,,,,8588,4135.95,3939,3229.98,10832.25,14259.18,23397.66,14771.25,7365.93,1811.94
,,,,,,,8589,4135.95,3939,3229.98,10832.25,14259.18,23397.66,14771.25,7365.93,1811.94
,,,,,,,8590,4135.95,3939,3229.98,10832.25,14259.18,23397.66,14771.25,7365.93,1811.94
,,,,,,,8591,4135.95,3939,3229.98,10832.25,14259.18,23397.66,14771.25,7365.93,1811.94
,,,,,,,8592,4135.95,3939,3229.98,10832.25,14259.18,23397.66,14771.25,7365.93,1811.94
,,,,,,,8593,4135.95,3939,3229.98,10832.25,14259.18,23397.66,14771.25,7365.93,1811.94
,,,,,,,8594,4135.95,3939,3229.98,10832.25,14259.18,23397.66,14771.25,7365.93,1811.94
,,,,,,,8595,4135.95,3939,3229.98,10832.25,14259.18,23397.66,14771.25,7365.93,1811.94
,,,,,,,8596,4135.95,3939,3229.98,10832.25,14259.18,23397.66,14771.25,7365.93,1811.94
,,,,,,,8597,4135.95,3939,3229.98,10832.25,14259.18,23397.66,14771.25,7365.93,1811.94
,,,,,,,8598,4135.95,3939,3229.98,10832.25,14259.18,23397.66,14771.25,7365.93,1811.94
,,,,,,,8599,4135.95,3939,3229.98,10832.25,14259.18,23397.66,14771.25,7365.93,1811.94
,,,,,,,8600,4135.95,3939,3229.98,10832.25,14259.18,23397.66,14771.25,7365.93,1811.94
,,,,,,,8601,4135.95,3939,3229.98,10832.25,14259.18,23397.66,14771.25,7365.93,1811.94
,,,,,,,8602,4135.95,3939,3229.98,10832.25,14259.18,23397.66,14771.25,7365.93,1811.94
,,,,,,,8603,4135.95,3939,3229.98,10832.25,14259.18,23397.66,14771.25,7365.93,1811.94
,,,,,,,8604,4135.95,3939,3229.98,10832.25,14259.18,23397.66,14771.25,7365.93,1811.94
,,,,,,,8605,4135.95,3939,3229.98,10832.25,14259.18,23397.66,14771.25,7365.93,1811.94
,,,,,,,8606,4135.95,3939,3229.98,10832.25,14259.18,23397.66,14771.25,7365.93,1811.94
,,,,,,,8607,4135.95,3939,3229.98,10832.25,14259.18,23397.66,14771.25,7365.93,1811.94
,,,,,,,8608,4135.95,3939,3229.98,10832.25,14259.18,23397.66,14771.25,7365.93,1811.94
,,,,,,,8609,4135.95,3939,3229.98,10832.25,14259.18,23397.66,14771.25,7365.93,1811.94
,,,,,,,8610,4135.95,3939,3229.98,10832.25,14259.18,23397.66,14771.25,7365.93,1811.94
,,,,,,,8611,4135.95,3939,3229.98,10832.25,14259.18,23397.66,14771.25,7365.93,1811.94
,,,,,,,8612,4135.95,3939,3229.98,10832.25,14259.18,23397.66,14771.25,7365.93,1811.94
,,,,,,,8613,4135.95,3939,3229.98,10832.25,14259.18,23397.66,14771.25,7365.93,1811.94
,,,,,,,8614,4135.95,3939,3229.98,10832.25,14259.18,23397.66,14771.25,7365.93,1811.94
,,,,,,,8615,4135.95,3939,3229.98,10832.25,14259.18,23397.66,14771.25,7365.93,1811.94
,,,,,,,8616,4135.95,3939,3229.98,10832.25,14259.18,23397.66,14771.25,7365.93,1811.94
,,,,,,,8617,4135.95,3939,3229.98,10832.25,14259.18,23397.66,14771.25,7365.93,1811.94
,,,,,,,8618,4135.95,3939,3229.98,10832.25,14259.18,23397.66,14771.25,7365.93,1811.94
,,,,,,,8619,4135.95,3939,3229.98,10832.25,14259.18,23397.66,14771.25,7365.93,1811.94
,,,,,,,8620,4135.95,3939,3229.98,10832.25,14259.18,23397.66,14771.25,7365.93,1811.94
,,,,,,,8621,4135.95,3939,3229.98,10832.25,14259.18,23397.66,14771.25,7365.93,1811.94
,,,,,,,8622,4135.95,3939,3229.98,10832.25,14259.18,23397.66,14771.25,7365.93,1811.94
,,,,,,,8623,4135.95,3939,3229.98,10832.25,14259.18,23397.66,14771.25,7365.93,1811.94
,,,,,,,8624,4135.95,3939,3229.98,10832.25,14259.18,23397.66,14771.25,7365.93,1811.94
,,,,,,,8625,4135.95,3939,3229.98,10832.25,14259.18,23397.66,14771.25,7365.93,1811.94
,,,,,,,8626,4135.95,3939,3229.98,10832.25,14259.18,23397.66,14771.25,7365.93,1811.94
,,,,,,,8627,4135.95,3939,3229.98,10832.25,14259.18,23397.66,14771.25,7365.93,1811.94
,,,,,,,8628,4135.95,3939,3229.98,10832.25,14259.18,23397.66,14771.25,7365.93,1811.94
,,,,,,,8629,4135.95,3939,3229.98,10832.25,14259.18,23397.66,14771.25,7365.93,1811.94
,,,,,,,8630,4135.95,3939,3229.98,10832.25,14259.18,23397.66,14771.25,7365.93,1811.94
,,,,,,,8631,4135.95,3939,3229.98,10832.25,14259.18,23397.66,14771.25,7365.93,1811.94
,,,,,,,8632,4135.95,3939,3229.98,10832.25,14259.18,23397.66,14771.25,7365.93,1811.94
,,,,,,,8633,4135.95,3939,3229.98,10832.25,14259.18,23397.66,14771.25,7365.93,1811.94
,,,,,,,8634,4135.95,3939,3229.98,10832.25,14259.18,23397.66,14771.25,7365.93,1811.94
,,,,,,,8635,4135.95,3939,3229.98,10832.25,14259.18,23397.66,14771.25,7365.93,1811.94
,,,,,,,8636,4135.95,3939,3229.98,10832.25,14259.18,23397.66,14771.25,7365.93,1811.94
,,,,,,,8637,4135.95,3939,3229.98,10832.25,14259.18,23397.66,14771.25,7365.93,1811.94
,,,,,,,8638,4135.95,3939,3229.98,10832.25,14259.18,23397.66,14771.25,7365.93,1811.94
,,,,,,,8639,4135.95,3939,3229.98,10832.25,14259.18,23397.66,14771.25,7365.93,1811.94
,,,,,,,8640,4135.95,3939,3229.98,10832.25,14259.18,23397.66,14771.25,7365.93,1811.94
,,,,,,,8641,4135.95,3939,3229.98,10832.25,14259.18,23397.66,14771.25,7365.93,1811.94
,,,,,,,8642,4135.95,3939,3229.98,10832.25,14259.18,23397.66,14771.25,7365.93,1811.94
,,,,,,,8643,4135.95,3939,3229.98,10832.25,14259.18,23397.66,14771.25,7365.93,1811.94
,,,,,,,8644,4135.95,3939,3229.98,10832.25,14259.18,23397.66,14771.25,7365.93,1811.94
,,,,,,,8645,4135.95,3939,3229.98,10832.25,14259.18,23397.66,14771.25,7365.93,1811.94
,,,,,,,8646,4135.95,3939,3229.98,10832.25,14259.18,23397.66,14771.25,7365.93,1811.94
,,,,,,,8647,4135.95,3939,3229.98,10832.25,14259.18,23397.66,14771.25,7365.93,1811.94
,,,,,,,8648,4135.95,3939,3229.98,10832.25,14259.18,23397.66,14771.25,7365.93,1811.94
,,,,,,,8649,4135.95,3939,3229.98,10832.25,14259.18,23397.66,14771.25,7365.93,1811.94
,,,,,,,8650,4135.95,3939,3229.98,10832.25,14259.18,23397.66,14771.25,7365.93,1811.94
,,,,,,,8651,4135.95,3939,3229.98,10832.25,14259.18,23397.66,14771.25,7365.93,1811.94
,,,,,,,8652,4135.95,3939,3229.98,10832.25,14259.18,23397.66,14771.25,7365.93,1811.94
,,,,,,,8653,4135.95,3939,3229.98,10832.25,14259.18,23397.66,14771.25,7365.93,1811.94
,,,,,,,8654,4135.95,3939,3229.98,10832.25,14259.18,23397.66,14771.25,7365.93,1811.94
,,,,,,,8655,4135.95,3939,3229.98,10832.25,14259.18,23397.66,14771.25,7365.93,1811.94
,,,,,,,8656,4135.95,3939,3229.98,10832.25,14259.18,23397.66,14771.25,7365.93,1811.94
,,,,,,,8657,4135.95,3939,3229.98,10832.25,14259.18,23397.66,14771.25,7365.93,1811.94
,,,,,,,8658,4135.95,3939,3229.98,10832.25,14259.18,23397.66,14771.25,7365.93,1811.94
,,,,,,,8659,4135.95,3939,3229.98,10832.25,14259.18,23397.66,14771.25,7365.93,1811.94
,,,,,,,8660,4135.95,3939,3229.98,10832.25,14259.18,23397.66,14771.25,7365.93,1811.94
,,,,,,,8661,4135.95,3939,3229.98,10832.25,14259.18,23397.66,14771.25,7365.93,1811.94
,,,,,,,8662,4135.95,3939,3229.98,10832.25,14259.18,23397.66,14771.25,7365.93,1811.94
,,,,,,,8663,4135.95,3939,3229.98,10832.25,14259.18,23397.66,14771.25,7365.93,1811.94
,,,,,,,8664,4135.95,3939,3229.98,10832.25,14259.18,23397.66,14771.25,7365.93,1811.94
,,,,,,,8665,4135.95,3939,3229.98,10832.25,14259.18,23397.66,14771.25,7365.93,1811.94
,,,,,,,8666,4135.95,3939,3229.98,10832.25,14259.18,23397.66,14771.25,7365.93,1811.94
,,,,,,,8667,4135.95,3939,3229.98,10832.25,14259.18,23397.66,14771.25,7365.93,1811.94
,,,,,,,8668,4135.95,3939,3229.98,10832.25,14259.18,23397.66,14771.25,7365.93,1811.94
,,,,,,,8669,4135.95,3939,3229.98,10832.25,14259.18,23397.66,14771.25,7365.93,1811.94
,,,,,,,8670,4135.95,3939,3229.98,10832.25,14259.18,23397.66,14771.25,7365.93,1811.94
,,,,,,,8671,4135.95,3939,3229.98,10832.25,14259.18,23397.66,14771.25,7365.93,1811.94
,,,,,,,8672,4135.95,3939,3229.98,10832.25,14259.18,23397.66,14771.25,7365.93,1811.94
,,,,,,,8673,4135.95,3939,3229.98,10832.25,14259.18,23397.66,14771.25,7365.93,1811.94
,,,,,,,8674,4135.95,3939,3229.98,10832.25,14259.18,23397.66,14771.25,7365.93,1811.94
,,,,,,,8675,4135.95,3939,3229.98,10832.25,14259.18,23397.66,14771.25,7365.93,1811.94
,,,,,,,8676,4135.95,3939,3229.98,10832.25,14259.18,23397.66,14771.25,7365.93,1811.94
,,,,,,,8677,4135.95,3939,3229.98,10832.25,14259.18,23397.66,14771.25,7365.93,1811.94
,,,,,,,8678,4135.95,3939,3229.98,10832.25,14259.18,23397.66,14771.25,7365.93,1811.94
,,,,,,,8679,4135.95,3939,3229.98,10832.25,14259.18,23397.66,14771.25,7365.93,1811.94
,,,,,,,8680,4135.95,3939,3229.98,10832.25,14259.18,23397.66,14771.25,7365.93,1811.94
,,,,,,,8681,4135.95,3939,3229.98,10832.25,14259.18,23397.66,14771.25,7365.93,1811.94
,,,,,,,8682,4135.95,3939,3229.98,10832.25,14259.18,23397.66,14771.25,7365.93,1811.94
,,,,,,,8683,4135.95,3939,3229.98,10832.25,14259.18,23397.66,14771.25,7365.93,1811.94
,,,,,,,8684,4135.95,3939,3229.98,10832.25,14259.18,23397.66,14771.25,7365.93,1811.94
,,,,,,,8685,4135.95,3939,3229.98,10832.25,14259.18,23397.66,14771.25,7365.93,1811.94
,,,,,,,8686,4135.95,3939,3229.98,10832.25,14259.18,23397.66,14771.25,7365.93,1811.94
,,,,,,,8687,4135.95,3939,3229.98,10832.25,14259.18,23397.66,14771.25,7365.93,1811.94
,,,,,,,8688,4135.95,3939,3229.98,10832.25,14259.18,23397.66,14771.25,7365.93,1811.94
,,,,,,,8689,4135.95,3939,3229.98,10832.25,14259.18,23397.66,14771.25,7365.93,1811.94
,,,,,,,8690,4135.95,3939,3229.98,10832.25,14259.18,23397.66,14771.25,7365.93,1811.94
,,,,,,,8691,4135.95,3939,3229.98,10832.25,14259.18,23397.66,14771.25,7365.93,1811.94
,,,,,,,8692,4135.95,3939,3229.98,10832.25,14259.18,23397.66,14771.25,7365.93,1811.94
,,,,,,,8693,4135.95,3939,3229.98,10832.25,14259.18,23397.66,14771.25,7365.93,1811.94
,,,,,,,8694,4135.95,3939,3229.98,10832.25,14259.18,23397.66,14771.25,7365.93,1811.94
,,,,,,,8695,4135.95,3939,3229.98,10832.25,14259.18,23397.66,14771.25,7365.93,1811.94
,,,,,,,8696,4135.95,3939,3229.98,10832.25,14259.18,23397.66,14771.25,7365.93,1811.94
,,,,,,,8697,4135.95,3939,3229.98,10832.25,14259.18,23397.66,14771.25,7365.93,1811.94
,,,,,,,8698,4135.95,3939,3229.98,10832.25,14259.18,23397.66,14771.25,7365.93,1811.94
,,,,,,,8699,4135.95,3939,3229.98,10832.25,14259.18,23397.66,14771.25,7365.93,1811.94
,,,,,,,8700,4135.95,3939,3229.98,10832.25,14259.18,23397.66,14771.25,7365.93,1811.94
,,,,,,,8701,4135.95,3939,3229.98,10832.25,14259.18,23397.66,14771.25,7365.93,1811.94
,,,,,,,8702,4135.95,3939,3229.98,10832.25,14259.18,23397.66,14771.25,7365.93,1811.94
,,,,,,,8703,4135.95,3939,3229.98,10832.25,14259.18,23397.66,14771.25,7365.93,1811.94
,,,,,,,8704,4135.95,3939,3229.98,10832.25,14259.18,23397.66,14771.25,7365.93,1811.94
,,,,,,,8705,4135.95,3939,3229.98,10832.25,14259.18,23397.66,14771.25,7365.93,1811.94
,,,,,,,8706,4135.95,3939,3229.98,10832.25,14259.18,23397.66,14771.25,7365.93,1811.94
,,,,,,,8707,4135.95,3939,3229.98,10832.25,14259.18,23397.66,14771.25,7365.93,1811.94
,,,,,,,8708,4135.95,3939,3229.98,10832.25,14259.18,23397.66,14771.25,7365.93,1811.94
,,,,,,,8709,4135.95,3939,3229.98,10832.25,14259.18,23397.66,14771.25,7365.93,1811.94
,,,,,,,8710,4135.95,3939,3229.98,10832.25,14259.18,23397.66,14771.25,7365.93,1811.94
,,,,,,,8711,4135.95,3939,3229.98,10832.25,14259.18,23397.66,14771.25,7365.93,1811.94
,,,,,,,8712,4135.95,3939,3229.98,10832.25,14259.18,23397.66,14771.25,7365.93,1811.94
,,,,,,,8713,4135.95,3939,3229.98,10832.25,14259.18,23397.66,14771.25,7365.93,1811.94
,,,,,,,8714,4135.95,3939,3229.98,10832.25,14259.18,23397.66,14771.25,7365.93,1811.94
,,,,,,,8715,4135.95,3939,3229.98,10832.25,14259.18,23397.66,14771.25,7365.93,1811.94
,,,,,,,8716,4135.95,3939,3229.98,10832.25,14259.18,23397.66,14771.25,7365.93,1811.94
,,,,,,,8717,4135.95,3939,3229.98,10832.25,14259.18,23397.66,14771.25,7365.93,1811.94
,,,,,,,8718,4135.95,3939,3229.98,10832.25,14259.18,23397.66,14771.25,7365.93,1811.94
,,,,,,,8719,4135.95,3939,3229.98,10832.25,14259.18,23397.66,14771.25,7365.93,1811.94
,,,,,,,8720,4135.95,3939,3229.98,10832.25,14259.18,23397.66,14771.25,7365.93,1811.94
,,,,,,,8721,4135.95,3939,3229.98,10832.25,14259.18,23397.66,14771.25,7365.93,1811.94
,,,,,,,8722,4135.95,3939,3229.98,10832.25,14259.18,23397.66,14771.25,7365.93,1811.94
,,,,,,,8723,4135.95,3939,3229.98,10832.25,14259.18,23397.66,14771.25,7365.93,1811.94
,,,,,,,8724,4135.95,3939,3229.98,10832.25,14259.18,23397.66,14771.25,7365.93,1811.94
,,,,,,,8725,4135.95,3939,3229.98,10832.25,14259.18,23397.66,14771.25,7365.93,1811.94
,,,,,,,8726,4135.95,3939,3229.98,10832.25,14259.18,23397.66,14771.25,7365.93,1811.94
,,,,,,,8727,4135.95,3939,3229.98,10832.25,14259.18,23397.66,14771.25,7365.93,1811.94
,,,,,,,8728,4135.95,3939,3229.98,10832.25,14259.18,23397.66,14771.25,7365.93,1811.94
,,,,,,,8729,4135.95,3939,3229.98,10832.25,14259.18,23397.66,14771.25,7365.93,1811.94
,,,,,,,8730,4135.95,3939,3229.98,10832.25,14259.18,23397.66,14771.25,7365.93,1811.94
,,,,,,,8731,4135.95,3939,3229.98,10832.25,14259.18,23397.66,14771.25,7365.93,1811.94
,,,,,,,8732,4135.95,3939,3229.98,10832.25,14259.18,23397.66,14771.25,7365.93,1811.94
,,,,,,,8733,4135.95,3939,3229.98,10832.25,14259.18,23397.66,14771.25,7365.93,1811.94
,,,,,,,8734,4135.95,3939,3229.98,10832.25,14259.18,23397.66,14771.25,7365.93,1811.94
,,,,,,,8735,4135.95,3939,3229.98,10832.25,14259.18,23397.66,14771.25,7365.93,1811.94
,,,,,,,8736,4135.95,3939,3229.98,10832.25,14259.18,23397.66,14771.25,7365.93,1811.94
,,,,,,,8737,4135.95,3939,3229.98,10832.25,14259.18,23397.66,14771.25,7365.93,1811.94
,,,,,,,8738,4135.95,3939,3229.98,10832.25,14259.18,23397.66,14771.25,7365.93,1811.94
,,,,,,,8739,4135.95,3939,3229.98,10832.25,14259.18,23397.66,14771.25,7365.93,1811.94
,,,,,,,8740,4135.95,3939,3229.98,10832.25,14259.18,23397.66,14771.25,7365.93,1811.94
,,,,,,,8741,4135.95,3939,3229.98,10832.25,14259.18,23397.66,14771.25,7365.93,1811.94
,,,,,,,8742,4135.95,3939,3229.98,10832.25,14259.18,23397.66,14771.25,7365.93,1811.94
,,,,,,,8743,4135.95,3939,3229.98,10832.25,14259.18,23397.66,14771.25,7365.93,1811.94
,,,,,,,8744,4135.95,3939,3229.98,10832.25,14259.18,23397.66,14771.25,7365.93,1811.94
,,,,,,,8745,4135.95,3939,3229.98,10832.25,14259.18,23397.66,14771.25,7365.93,1811.94
,,,,,,,8746,4135.95,3939,3229.98,10832.25,14259.18,23397.66,14771.25,7365.93,1811.94
,,,,,,,8747,4135.95,3939,3229.98,10832.25,14259.18,23397.66,14771.25,7365.93,1811.94
,,,,,,,8748,4135.95,3939,3229.98,10832.25,14259.18,23397.66,14771.25,7365.93,1811.94
,,,,,,,8749,4135.95,3939,3229.98,10832.25,14259.18,23397.66,14771.25,7365.93,1811.94
,,,,,,,8750,4135.95,3939,3229.98,10832.25,14259.18,23397.66,14771.25,7365.93,1811.94
,,,,,,,8751,4135.95,3939,3229.98,10832.25,14259.18,23397.66,14771.25,7365.93,1811.94
,,,,,,,8752,4135.95,3939,3229.98,10832.25,14259.18,23397.66,14771.25,7365.93,1811.94
,,,,,,,8753,4135.95,3939,3229.98,10832.25,14259.18,23397.66,14771.25,7365.93,1811.94
,,,,,,,8754,4135.95,3939,3229.98,10832.25,14259.18,23397.66,14771.25,7365.93,1811.94
,,,,,,,8755,4135.95,3939,3229.98,10832.25,14259.18,23397.66,14771.25,7365.93,1811.94
,,,,,,,8756,4135.95,3939,3229.98,10832.25,14259.18,23397.66,14771.25,7365.93,1811.94
,,,,,,,8757,4135.95,3939,3229.98,10832.25,14259.18,23397.66,14771.25,7365.93,1811.94
,,,,,,,8758,4135.95,3939,3229.98,10832.25,14259.18,23397.66,14771.25,7365.93,1811.94
,,,,,,,8759,4135.95,3939,3229.98,10832.25,14259.18,23397.66,14771.25,7365.93,1811.94
,,,,,,,8760,4135.95,3939,3229.98,10832.25,14259.18,23397.66,14771.25,7365.93,1811.94