Costs,Total,Zone1,Zone2,Zone3
cTotal,7.360736473322306e9,7.360736473322306e9,0.0,0.0
cBiorefineryFix,1.916485798302716e9,1.916485798302716e9,0.0,0.0
cBiorefineryVar,9.441469805734408e8,9.441469805734408e8,0.0,0.0
cHerb,4.500103694446149e9,4.500103694446149e9,0.0,0.0
cWood,0.0,0.0,0.0,0.0
