Costs,Total
cDACTotal,8.490324159466978e8
cDACFix,8.412074650666506e8
cDACVar,7.824950880047157e6
cDACStart,0.0
