Costs,Total
cDACTotal,1602.9102107370313
cDACFix,1584.622056985055
cDACVar,18.288153751976317
cDACStart,0.0
