Costs,Total,Zone1
cTotal,6.892998097052652e10,4.476830886611567e10
cFix,3.739960433864869e10,3.739960433864868e10
cVar,6.230224234145547e9,6.230224234145542e9
cNSE,1.0253547905278286,1.0253547905278289
cStart,1.1384802922960875e9,1.1384802922960875e9
cUnmetRsv,0.0,-
cNetworkExp,0.0,-
cUnmetPolicyPenalty,0.0,-
