Status,Solve,Objval
OPTIMAL,3.504913091659546,6.89299809705263e10
