Costs,Total,Zone1,Zone2,Zone3,Zone4,Zone5,Zone6,Zone7,Zone8,Zone9,Zone10
cH2Total,2.6868220862605844e9,1.2596027229020065e10,1.2767353539245365e10,1.2555194583650936e10,1.255547998223269e10,1.2727603842250546e10,1.256147873161584e10,1.295289706667632e10,1.2555298733074585e10,1.2833351626449167e10,1.2562361469558702e10
cH2Fix,2.6841160001327934e9,1.2574378539997738e10,1.2745704850223038e10,1.253354589462861e10,1.2533831293210363e10,1.270595515322822e10,1.2539830042593513e10,1.2931248377653992e10,1.2533650044052258e10,1.281170293742684e10,1.2540712780536377e10
cH2Var,2.7060861277907565e6,2.1648689022326052e7,2.1648689022326052e7,2.1648689022326052e7,2.1648689022326052e7,2.1648689022326052e7,2.1648689022326052e7,2.1648689022326052e7,2.1648689022326052e7,2.1648689022326052e7,2.1648689022326052e7
cH2NSE,0.0,0.0,0.0,0.0,0.0,0.0,0.0,0.0,0.0,0.0,0.0
cH2Start,0.0,0.0,0.0,0.0,0.0,0.0,0.0,0.0,0.0,0.0,0.0
cNetworkExp,0.0,-,-,-,-,-,-,-,-,-,-
