Status,Solve,Objval
OPTIMAL,536.4210000038147,1.1890401870703259e9
