Status,Solve,Objval
LOCALLY_SOLVED,344.9897530078888,58894.139096243714
