Costs,Total,Zone1,Zone2,Zone3
cTotal,6.442324400062277e8,8.324950404502103e7,7.3579680055056e6,0.0
cDACFix,0.0,0.0,0.0,0.0
cDACVar,0.0,0.0,0.0,0.0
cCO2Comp,0.0,0.0,0.0,0.0
cStart,0.0,0.0,0.0,0.0
cCO2Stor,9.060747205052662e7,8.324950404502103e7,7.3579680055056e6,0.0
cNetworkExp,5.536249679557011e8,-,-,-
