Costs,Total,Zone1,Zone2,Zone3,Zone4,Zone5,Zone6,Zone7,Zone8,Zone9,Zone10
cTotal,3.5928160160358574e10,1.3085678533043115e9,1.728417995130032e10,5.29187176391343e8,3.4356785353912926e8,1.9775804041334236e9,8.600264931802227e7,1.0802440360756878e10,2.343977766233055e9,5.274596213696717e8,7.251965240124133e8
cFix,3.2661564173961147e10,1.1537957037953937e9,1.5883152094059694e10,4.8101965091379786e8,3.071345444019549e8,1.3186278980742154e9,8.245592897358927e7,9.964580313049372e9,2.233203247301346e9,5.274558803999296e8,7.101389129918603e8
cVar,2.936199095963582e9,1.3609491092797503e8,1.2706807007497761e9,4.777674383435833e7,3.257629347882606e7,5.66801296925244e8,2.3357423557449095e6,7.886084783856381e8,7.627008887050629e7,500.1470962998818,1.5054340288403515e7
cNSE,3.3039689043384767e8,1.8677238580942865e7,1.3034715649085163e8,390781.6431867582,3.857015658348328e6,9.215120913396373e7,1.2109779886880766e6,4.925156932186854e7,3.450443006120318e7,3240.8226457609226,3270.732149447321
cStart,0.0,0,0,0,0,0,0,0,0,0,0
cUnmetRsv,0.0,-,-,-,-,-,-,-,-,-,-
cNetworkExp,0.0,-,-,-,-,-,-,-,-,-,-
