Status,Solve,Objval
LOCALLY_SOLVED,1434.9240000247955,4.323476894758589e10
