Status,Solve,Objval
OPTIMAL,20.625818967819214,16493.81206853546
