Status,Solve,Objval
LOCALLY_SOLVED,190.15888285636902,5.217249359783601e10
