Status,Solve,Objval
LOCALLY_SOLVED,7.351875066757202,7.216579579758374e10
