Voll,Demand_Segment,Segment_Cost_of_Demand_Curtailment_Fraction,Max_Demand_Curtailment,Rep_Periods,Timesteps_per_Rep_Period,Sub_Weights,Time_Index,Load_H2_MW_z1
1666500,1,1,0,1,8760,8760,1,14771
,,,,,,,2,14771
,,,,,,,3,14771
,,,,,,,4,14771
,,,,,,,5,14771
,,,,,,,6,14771
,,,,,,,7,14771
,,,,,,,8,14771
,,,,,,,9,14771
,,,,,,,10,14771
,,,,,,,11,14771
,,,,,,,12,14771
,,,,,,,13,14771
,,,,,,,14,14771
,,,,,,,15,14771
,,,,,,,16,14771
,,,,,,,17,14771
,,,,,,,18,14771
,,,,,,,19,14771
,,,,,,,20,14771
,,,,,,,21,14771
,,,,,,,22,14771
,,,,,,,23,14771
,,,,,,,24,14771
,,,,,,,25,14771
,,,,,,,26,14771
,,,,,,,27,14771
,,,,,,,28,14771
,,,,,,,29,14771
,,,,,,,30,14771
,,,,,,,31,14771
,,,,,,,32,14771
,,,,,,,33,14771
,,,,,,,34,14771
,,,,,,,35,14771
,,,,,,,36,14771
,,,,,,,37,14771
,,,,,,,38,14771
,,,,,,,39,14771
,,,,,,,40,14771
,,,,,,,41,14771
,,,,,,,42,14771
,,,,,,,43,14771
,,,,,,,44,14771
,,,,,,,45,14771
,,,,,,,46,14771
,,,,,,,47,14771
,,,,,,,48,14771
,,,,,,,49,14771
,,,,,,,50,14771
,,,,,,,51,14771
,,,,,,,52,14771
,,,,,,,53,14771
,,,,,,,54,14771
,,,,,,,55,14771
,,,,,,,56,14771
,,,,,,,57,14771
,,,,,,,58,14771
,,,,,,,59,14771
,,,,,,,60,14771
,,,,,,,61,14771
,,,,,,,62,14771
,,,,,,,63,14771
,,,,,,,64,14771
,,,,,,,65,14771
,,,,,,,66,14771
,,,,,,,67,14771
,,,,,,,68,14771
,,,,,,,69,14771
,,,,,,,70,14771
,,,,,,,71,14771
,,,,,,,72,14771
,,,,,,,73,14771
,,,,,,,74,14771
,,,,,,,75,14771
,,,,,,,76,14771
,,,,,,,77,14771
,,,,,,,78,14771
,,,,,,,79,14771
,,,,,,,80,14771
,,,,,,,81,14771
,,,,,,,82,14771
,,,,,,,83,14771
,,,,,,,84,14771
,,,,,,,85,14771
,,,,,,,86,14771
,,,,,,,87,14771
,,,,,,,88,14771
,,,,,,,89,14771
,,,,,,,90,14771
,,,,,,,91,14771
,,,,,,,92,14771
,,,,,,,93,14771
,,,,,,,94,14771
,,,,,,,95,14771
,,,,,,,96,14771
,,,,,,,97,14771
,,,,,,,98,14771
,,,,,,,99,14771
,,,,,,,100,14771
,,,,,,,101,14771
,,,,,,,102,14771
,,,,,,,103,14771
,,,,,,,104,14771
,,,,,,,105,14771
,,,,,,,106,14771
,,,,,,,107,14771
,,,,,,,108,14771
,,,,,,,109,14771
,,,,,,,110,14771
,,,,,,,111,14771
,,,,,,,112,14771
,,,,,,,113,14771
,,,,,,,114,14771
,,,,,,,115,14771
,,,,,,,116,14771
,,,,,,,117,14771
,,,,,,,118,14771
,,,,,,,119,14771
,,,,,,,120,14771
,,,,,,,121,14771
,,,,,,,122,14771
,,,,,,,123,14771
,,,,,,,124,14771
,,,,,,,125,14771
,,,,,,,126,14771
,,,,,,,127,14771
,,,,,,,128,14771
,,,,,,,129,14771
,,,,,,,130,14771
,,,,,,,131,14771
,,,,,,,132,14771
,,,,,,,133,14771
,,,,,,,134,14771
,,,,,,,135,14771
,,,,,,,136,14771
,,,,,,,137,14771
,,,,,,,138,14771
,,,,,,,139,14771
,,,,,,,140,14771
,,,,,,,141,14771
,,,,,,,142,14771
,,,,,,,143,14771
,,,,,,,144,14771
,,,,,,,145,14771
,,,,,,,146,14771
,,,,,,,147,14771
,,,,,,,148,14771
,,,,,,,149,14771
,,,,,,,150,14771
,,,,,,,151,14771
,,,,,,,152,14771
,,,,,,,153,14771
,,,,,,,154,14771
,,,,,,,155,14771
,,,,,,,156,14771
,,,,,,,157,14771
,,,,,,,158,14771
,,,,,,,159,14771
,,,,,,,160,14771
,,,,,,,161,14771
,,,,,,,162,14771
,,,,,,,163,14771
,,,,,,,164,14771
,,,,,,,165,14771
,,,,,,,166,14771
,,,,,,,167,14771
,,,,,,,168,14771
,,,,,,,169,14771
,,,,,,,170,14771
,,,,,,,171,14771
,,,,,,,172,14771
,,,,,,,173,14771
,,,,,,,174,14771
,,,,,,,175,14771
,,,,,,,176,14771
,,,,,,,177,14771
,,,,,,,178,14771
,,,,,,,179,14771
,,,,,,,180,14771
,,,,,,,181,14771
,,,,,,,182,14771
,,,,,,,183,14771
,,,,,,,184,14771
,,,,,,,185,14771
,,,,,,,186,14771
,,,,,,,187,14771
,,,,,,,188,14771
,,,,,,,189,14771
,,,,,,,190,14771
,,,,,,,191,14771
,,,,,,,192,14771
,,,,,,,193,14771
,,,,,,,194,14771
,,,,,,,195,14771
,,,,,,,196,14771
,,,,,,,197,14771
,,,,,,,198,14771
,,,,,,,199,14771
,,,,,,,200,14771
,,,,,,,201,14771
,,,,,,,202,14771
,,,,,,,203,14771
,,,,,,,204,14771
,,,,,,,205,14771
,,,,,,,206,14771
,,,,,,,207,14771
,,,,,,,208,14771
,,,,,,,209,14771
,,,,,,,210,14771
,,,,,,,211,14771
,,,,,,,212,14771
,,,,,,,213,14771
,,,,,,,214,14771
,,,,,,,215,14771
,,,,,,,216,14771
,,,,,,,217,14771
,,,,,,,218,14771
,,,,,,,219,14771
,,,,,,,220,14771
,,,,,,,221,14771
,,,,,,,222,14771
,,,,,,,223,14771
,,,,,,,224,14771
,,,,,,,225,14771
,,,,,,,226,14771
,,,,,,,227,14771
,,,,,,,228,14771
,,,,,,,229,14771
,,,,,,,230,14771
,,,,,,,231,14771
,,,,,,,232,14771
,,,,,,,233,14771
,,,,,,,234,14771
,,,,,,,235,14771
,,,,,,,236,14771
,,,,,,,237,14771
,,,,,,,238,14771
,,,,,,,239,14771
,,,,,,,240,14771
,,,,,,,241,14771
,,,,,,,242,14771
,,,,,,,243,14771
,,,,,,,244,14771
,,,,,,,245,14771
,,,,,,,246,14771
,,,,,,,247,14771
,,,,,,,248,14771
,,,,,,,249,14771
,,,,,,,250,14771
,,,,,,,251,14771
,,,,,,,252,14771
,,,,,,,253,14771
,,,,,,,254,14771
,,,,,,,255,14771
,,,,,,,256,14771
,,,,,,,257,14771
,,,,,,,258,14771
,,,,,,,259,14771
,,,,,,,260,14771
,,,,,,,261,14771
,,,,,,,262,14771
,,,,,,,263,14771
,,,,,,,264,14771
,,,,,,,265,14771
,,,,,,,266,14771
,,,,,,,267,14771
,,,,,,,268,14771
,,,,,,,269,14771
,,,,,,,270,14771
,,,,,,,271,14771
,,,,,,,272,14771
,,,,,,,273,14771
,,,,,,,274,14771
,,,,,,,275,14771
,,,,,,,276,14771
,,,,,,,277,14771
,,,,,,,278,14771
,,,,,,,279,14771
,,,,,,,280,14771
,,,,,,,281,14771
,,,,,,,282,14771
,,,,,,,283,14771
,,,,,,,284,14771
,,,,,,,285,14771
,,,,,,,286,14771
,,,,,,,287,14771
,,,,,,,288,14771
,,,,,,,289,14771
,,,,,,,290,14771
,,,,,,,291,14771
,,,,,,,292,14771
,,,,,,,293,14771
,,,,,,,294,14771
,,,,,,,295,14771
,,,,,,,296,14771
,,,,,,,297,14771
,,,,,,,298,14771
,,,,,,,299,14771
,,,,,,,300,14771
,,,,,,,301,14771
,,,,,,,302,14771
,,,,,,,303,14771
,,,,,,,304,14771
,,,,,,,305,14771
,,,,,,,306,14771
,,,,,,,307,14771
,,,,,,,308,14771
,,,,,,,309,14771
,,,,,,,310,14771
,,,,,,,311,14771
,,,,,,,312,14771
,,,,,,,313,14771
,,,,,,,314,14771
,,,,,,,315,14771
,,,,,,,316,14771
,,,,,,,317,14771
,,,,,,,318,14771
,,,,,,,319,14771
,,,,,,,320,14771
,,,,,,,321,14771
,,,,,,,322,14771
,,,,,,,323,14771
,,,,,,,324,14771
,,,,,,,325,14771
,,,,,,,326,14771
,,,,,,,327,14771
,,,,,,,328,14771
,,,,,,,329,14771
,,,,,,,330,14771
,,,,,,,331,14771
,,,,,,,332,14771
,,,,,,,333,14771
,,,,,,,334,14771
,,,,,,,335,14771
,,,,,,,336,14771
,,,,,,,337,14771
,,,,,,,338,14771
,,,,,,,339,14771
,,,,,,,340,14771
,,,,,,,341,14771
,,,,,,,342,14771
,,,,,,,343,14771
,,,,,,,344,14771
,,,,,,,345,14771
,,,,,,,346,14771
,,,,,,,347,14771
,,,,,,,348,14771
,,,,,,,349,14771
,,,,,,,350,14771
,,,,,,,351,14771
,,,,,,,352,14771
,,,,,,,353,14771
,,,,,,,354,14771
,,,,,,,355,14771
,,,,,,,356,14771
,,,,,,,357,14771
,,,,,,,358,14771
,,,,,,,359,14771
,,,,,,,360,14771
,,,,,,,361,14771
,,,,,,,362,14771
,,,,,,,363,14771
,,,,,,,364,14771
,,,,,,,365,14771
,,,,,,,366,14771
,,,,,,,367,14771
,,,,,,,368,14771
,,,,,,,369,14771
,,,,,,,370,14771
,,,,,,,371,14771
,,,,,,,372,14771
,,,,,,,373,14771
,,,,,,,374,14771
,,,,,,,375,14771
,,,,,,,376,14771
,,,,,,,377,14771
,,,,,,,378,14771
,,,,,,,379,14771
,,,,,,,380,14771
,,,,,,,381,14771
,,,,,,,382,14771
,,,,,,,383,14771
,,,,,,,384,14771
,,,,,,,385,14771
,,,,,,,386,14771
,,,,,,,387,14771
,,,,,,,388,14771
,,,,,,,389,14771
,,,,,,,390,14771
,,,,,,,391,14771
,,,,,,,392,14771
,,,,,,,393,14771
,,,,,,,394,14771
,,,,,,,395,14771
,,,,,,,396,14771
,,,,,,,397,14771
,,,,,,,398,14771
,,,,,,,399,14771
,,,,,,,400,14771
,,,,,,,401,14771
,,,,,,,402,14771
,,,,,,,403,14771
,,,,,,,404,14771
,,,,,,,405,14771
,,,,,,,406,14771
,,,,,,,407,14771
,,,,,,,408,14771
,,,,,,,409,14771
,,,,,,,410,14771
,,,,,,,411,14771
,,,,,,,412,14771
,,,,,,,413,14771
,,,,,,,414,14771
,,,,,,,415,14771
,,,,,,,416,14771
,,,,,,,417,14771
,,,,,,,418,14771
,,,,,,,419,14771
,,,,,,,420,14771
,,,,,,,421,14771
,,,,,,,422,14771
,,,,,,,423,14771
,,,,,,,424,14771
,,,,,,,425,14771
,,,,,,,426,14771
,,,,,,,427,14771
,,,,,,,428,14771
,,,,,,,429,14771
,,,,,,,430,14771
,,,,,,,431,14771
,,,,,,,432,14771
,,,,,,,433,14771
,,,,,,,434,14771
,,,,,,,435,14771
,,,,,,,436,14771
,,,,,,,437,14771
,,,,,,,438,14771
,,,,,,,439,14771
,,,,,,,440,14771
,,,,,,,441,14771
,,,,,,,442,14771
,,,,,,,443,14771
,,,,,,,444,14771
,,,,,,,445,14771
,,,,,,,446,14771
,,,,,,,447,14771
,,,,,,,448,14771
,,,,,,,449,14771
,,,,,,,450,14771
,,,,,,,451,14771
,,,,,,,452,14771
,,,,,,,453,14771
,,,,,,,454,14771
,,,,,,,455,14771
,,,,,,,456,14771
,,,,,,,457,14771
,,,,,,,458,14771
,,,,,,,459,14771
,,,,,,,460,14771
,,,,,,,461,14771
,,,,,,,462,14771
,,,,,,,463,14771
,,,,,,,464,14771
,,,,,,,465,14771
,,,,,,,466,14771
,,,,,,,467,14771
,,,,,,,468,14771
,,,,,,,469,14771
,,,,,,,470,14771
,,,,,,,471,14771
,,,,,,,472,14771
,,,,,,,473,14771
,,,,,,,474,14771
,,,,,,,475,14771
,,,,,,,476,14771
,,,,,,,477,14771
,,,,,,,478,14771
,,,,,,,479,14771
,,,,,,,480,14771
,,,,,,,481,14771
,,,,,,,482,14771
,,,,,,,483,14771
,,,,,,,484,14771
,,,,,,,485,14771
,,,,,,,486,14771
,,,,,,,487,14771
,,,,,,,488,14771
,,,,,,,489,14771
,,,,,,,490,14771
,,,,,,,491,14771
,,,,,,,492,14771
,,,,,,,493,14771
,,,,,,,494,14771
,,,,,,,495,14771
,,,,,,,496,14771
,,,,,,,497,14771
,,,,,,,498,14771
,,,,,,,499,14771
,,,,,,,500,14771
,,,,,,,501,14771
,,,,,,,502,14771
,,,,,,,503,14771
,,,,,,,504,14771
,,,,,,,505,14771
,,,,,,,506,14771
,,,,,,,507,14771
,,,,,,,508,14771
,,,,,,,509,14771
,,,,,,,510,14771
,,,,,,,511,14771
,,,,,,,512,14771
,,,,,,,513,14771
,,,,,,,514,14771
,,,,,,,515,14771
,,,,,,,516,14771
,,,,,,,517,14771
,,,,,,,518,14771
,,,,,,,519,14771
,,,,,,,520,14771
,,,,,,,521,14771
,,,,,,,522,14771
,,,,,,,523,14771
,,,,,,,524,14771
,,,,,,,525,14771
,,,,,,,526,14771
,,,,,,,527,14771
,,,,,,,528,14771
,,,,,,,529,14771
,,,,,,,530,14771
,,,,,,,531,14771
,,,,,,,532,14771
,,,,,,,533,14771
,,,,,,,534,14771
,,,,,,,535,14771
,,,,,,,536,14771
,,,,,,,537,14771
,,,,,,,538,14771
,,,,,,,539,14771
,,,,,,,540,14771
,,,,,,,541,14771
,,,,,,,542,14771
,,,,,,,543,14771
,,,,,,,544,14771
,,,,,,,545,14771
,,,,,,,546,14771
,,,,,,,547,14771
,,,,,,,548,14771
,,,,,,,549,14771
,,,,,,,550,14771
,,,,,,,551,14771
,,,,,,,552,14771
,,,,,,,553,14771
,,,,,,,554,14771
,,,,,,,555,14771
,,,,,,,556,14771
,,,,,,,557,14771
,,,,,,,558,14771
,,,,,,,559,14771
,,,,,,,560,14771
,,,,,,,561,14771
,,,,,,,562,14771
,,,,,,,563,14771
,,,,,,,564,14771
,,,,,,,565,14771
,,,,,,,566,14771
,,,,,,,567,14771
,,,,,,,568,14771
,,,,,,,569,14771
,,,,,,,570,14771
,,,,,,,571,14771
,,,,,,,572,14771
,,,,,,,573,14771
,,,,,,,574,14771
,,,,,,,575,14771
,,,,,,,576,14771
,,,,,,,577,14771
,,,,,,,578,14771
,,,,,,,579,14771
,,,,,,,580,14771
,,,,,,,581,14771
,,,,,,,582,14771
,,,,,,,583,14771
,,,,,,,584,14771
,,,,,,,585,14771
,,,,,,,586,14771
,,,,,,,587,14771
,,,,,,,588,14771
,,,,,,,589,14771
,,,,,,,590,14771
,,,,,,,591,14771
,,,,,,,592,14771
,,,,,,,593,14771
,,,,,,,594,14771
,,,,,,,595,14771
,,,,,,,596,14771
,,,,,,,597,14771
,,,,,,,598,14771
,,,,,,,599,14771
,,,,,,,600,14771
,,,,,,,601,14771
,,,,,,,602,14771
,,,,,,,603,14771
,,,,,,,604,14771
,,,,,,,605,14771
,,,,,,,606,14771
,,,,,,,607,14771
,,,,,,,608,14771
,,,,,,,609,14771
,,,,,,,610,14771
,,,,,,,611,14771
,,,,,,,612,14771
,,,,,,,613,14771
,,,,,,,614,14771
,,,,,,,615,14771
,,,,,,,616,14771
,,,,,,,617,14771
,,,,,,,618,14771
,,,,,,,619,14771
,,,,,,,620,14771
,,,,,,,621,14771
,,,,,,,622,14771
,,,,,,,623,14771
,,,,,,,624,14771
,,,,,,,625,14771
,,,,,,,626,14771
,,,,,,,627,14771
,,,,,,,628,14771
,,,,,,,629,14771
,,,,,,,630,14771
,,,,,,,631,14771
,,,,,,,632,14771
,,,,,,,633,14771
,,,,,,,634,14771
,,,,,,,635,14771
,,,,,,,636,14771
,,,,,,,637,14771
,,,,,,,638,14771
,,,,,,,639,14771
,,,,,,,640,14771
,,,,,,,641,14771
,,,,,,,642,14771
,,,,,,,643,14771
,,,,,,,644,14771
,,,,,,,645,14771
,,,,,,,646,14771
,,,,,,,647,14771
,,,,,,,648,14771
,,,,,,,649,14771
,,,,,,,650,14771
,,,,,,,651,14771
,,,,,,,652,14771
,,,,,,,653,14771
,,,,,,,654,14771
,,,,,,,655,14771
,,,,,,,656,14771
,,,,,,,657,14771
,,,,,,,658,14771
,,,,,,,659,14771
,,,,,,,660,14771
,,,,,,,661,14771
,,,,,,,662,14771
,,,,,,,663,14771
,,,,,,,664,14771
,,,,,,,665,14771
,,,,,,,666,14771
,,,,,,,667,14771
,,,,,,,668,14771
,,,,,,,669,14771
,,,,,,,670,14771
,,,,,,,671,14771
,,,,,,,672,14771
,,,,,,,673,14771
,,,,,,,674,14771
,,,,,,,675,14771
,,,,,,,676,14771
,,,,,,,677,14771
,,,,,,,678,14771
,,,,,,,679,14771
,,,,,,,680,14771
,,,,,,,681,14771
,,,,,,,682,14771
,,,,,,,683,14771
,,,,,,,684,14771
,,,,,,,685,14771
,,,,,,,686,14771
,,,,,,,687,14771
,,,,,,,688,14771
,,,,,,,689,14771
,,,,,,,690,14771
,,,,,,,691,14771
,,,,,,,692,14771
,,,,,,,693,14771
,,,,,,,694,14771
,,,,,,,695,14771
,,,,,,,696,14771
,,,,,,,697,14771
,,,,,,,698,14771
,,,,,,,699,14771
,,,,,,,700,14771
,,,,,,,701,14771
,,,,,,,702,14771
,,,,,,,703,14771
,,,,,,,704,14771
,,,,,,,705,14771
,,,,,,,706,14771
,,,,,,,707,14771
,,,,,,,708,14771
,,,,,,,709,14771
,,,,,,,710,14771
,,,,,,,711,14771
,,,,,,,712,14771
,,,,,,,713,14771
,,,,,,,714,14771
,,,,,,,715,14771
,,,,,,,716,14771
,,,,,,,717,14771
,,,,,,,718,14771
,,,,,,,719,14771
,,,,,,,720,14771
,,,,,,,721,14771
,,,,,,,722,14771
,,,,,,,723,14771
,,,,,,,724,14771
,,,,,,,725,14771
,,,,,,,726,14771
,,,,,,,727,14771
,,,,,,,728,14771
,,,,,,,729,14771
,,,,,,,730,14771
,,,,,,,731,14771
,,,,,,,732,14771
,,,,,,,733,14771
,,,,,,,734,14771
,,,,,,,735,14771
,,,,,,,736,14771
,,,,,,,737,14771
,,,,,,,738,14771
,,,,,,,739,14771
,,,,,,,740,14771
,,,,,,,741,14771
,,,,,,,742,14771
,,,,,,,743,14771
,,,,,,,744,14771
,,,,,,,745,14771
,,,,,,,746,14771
,,,,,,,747,14771
,,,,,,,748,14771
,,,,,,,749,14771
,,,,,,,750,14771
,,,,,,,751,14771
,,,,,,,752,14771
,,,,,,,753,14771
,,,,,,,754,14771
,,,,,,,755,14771
,,,,,,,756,14771
,,,,,,,757,14771
,,,,,,,758,14771
,,,,,,,759,14771
,,,,,,,760,14771
,,,,,,,761,14771
,,,,,,,762,14771
,,,,,,,763,14771
,,,,,,,764,14771
,,,,,,,765,14771
,,,,,,,766,14771
,,,,,,,767,14771
,,,,,,,768,14771
,,,,,,,769,14771
,,,,,,,770,14771
,,,,,,,771,14771
,,,,,,,772,14771
,,,,,,,773,14771
,,,,,,,774,14771
,,,,,,,775,14771
,,,,,,,776,14771
,,,,,,,777,14771
,,,,,,,778,14771
,,,,,,,779,14771
,,,,,,,780,14771
,,,,,,,781,14771
,,,,,,,782,14771
,,,,,,,783,14771
,,,,,,,784,14771
,,,,,,,785,14771
,,,,,,,786,14771
,,,,,,,787,14771
,,,,,,,788,14771
,,,,,,,789,14771
,,,,,,,790,14771
,,,,,,,791,14771
,,,,,,,792,14771
,,,,,,,793,14771
,,,,,,,794,14771
,,,,,,,795,14771
,,,,,,,796,14771
,,,,,,,797,14771
,,,,,,,798,14771
,,,,,,,799,14771
,,,,,,,800,14771
,,,,,,,801,14771
,,,,,,,802,14771
,,,,,,,803,14771
,,,,,,,804,14771
,,,,,,,805,14771
,,,,,,,806,14771
,,,,,,,807,14771
,,,,,,,808,14771
,,,,,,,809,14771
,,,,,,,810,14771
,,,,,,,811,14771
,,,,,,,812,14771
,,,,,,,813,14771
,,,,,,,814,14771
,,,,,,,815,14771
,,,,,,,816,14771
,,,,,,,817,14771
,,,,,,,818,14771
,,,,,,,819,14771
,,,,,,,820,14771
,,,,,,,821,14771
,,,,,,,822,14771
,,,,,,,823,14771
,,,,,,,824,14771
,,,,,,,825,14771
,,,,,,,826,14771
,,,,,,,827,14771
,,,,,,,828,14771
,,,,,,,829,14771
,,,,,,,830,14771
,,,,,,,831,14771
,,,,,,,832,14771
,,,,,,,833,14771
,,,,,,,834,14771
,,,,,,,835,14771
,,,,,,,836,14771
,,,,,,,837,14771
,,,,,,,838,14771
,,,,,,,839,14771
,,,,,,,840,14771
,,,,,,,841,14771
,,,,,,,842,14771
,,,,,,,843,14771
,,,,,,,844,14771
,,,,,,,845,14771
,,,,,,,846,14771
,,,,,,,847,14771
,,,,,,,848,14771
,,,,,,,849,14771
,,,,,,,850,14771
,,,,,,,851,14771
,,,,,,,852,14771
,,,,,,,853,14771
,,,,,,,854,14771
,,,,,,,855,14771
,,,,,,,856,14771
,,,,,,,857,14771
,,,,,,,858,14771
,,,,,,,859,14771
,,,,,,,860,14771
,,,,,,,861,14771
,,,,,,,862,14771
,,,,,,,863,14771
,,,,,,,864,14771
,,,,,,,865,14771
,,,,,,,866,14771
,,,,,,,867,14771
,,,,,,,868,14771
,,,,,,,869,14771
,,,,,,,870,14771
,,,,,,,871,14771
,,,,,,,872,14771
,,,,,,,873,14771
,,,,,,,874,14771
,,,,,,,875,14771
,,,,,,,876,14771
,,,,,,,877,14771
,,,,,,,878,14771
,,,,,,,879,14771
,,,,,,,880,14771
,,,,,,,881,14771
,,,,,,,882,14771
,,,,,,,883,14771
,,,,,,,884,14771
,,,,,,,885,14771
,,,,,,,886,14771
,,,,,,,887,14771
,,,,,,,888,14771
,,,,,,,889,14771
,,,,,,,890,14771
,,,,,,,891,14771
,,,,,,,892,14771
,,,,,,,893,14771
,,,,,,,894,14771
,,,,,,,895,14771
,,,,,,,896,14771
,,,,,,,897,14771
,,,,,,,898,14771
,,,,,,,899,14771
,,,,,,,900,14771
,,,,,,,901,14771
,,,,,,,902,14771
,,,,,,,903,14771
,,,,,,,904,14771
,,,,,,,905,14771
,,,,,,,906,14771
,,,,,,,907,14771
,,,,,,,908,14771
,,,,,,,909,14771
,,,,,,,910,14771
,,,,,,,911,14771
,,,,,,,912,14771
,,,,,,,913,14771
,,,,,,,914,14771
,,,,,,,915,14771
,,,,,,,916,14771
,,,,,,,917,14771
,,,,,,,918,14771
,,,,,,,919,14771
,,,,,,,920,14771
,,,,,,,921,14771
,,,,,,,922,14771
,,,,,,,923,14771
,,,,,,,924,14771
,,,,,,,925,14771
,,,,,,,926,14771
,,,,,,,927,14771
,,,,,,,928,14771
,,,,,,,929,14771
,,,,,,,930,14771
,,,,,,,931,14771
,,,,,,,932,14771
,,,,,,,933,14771
,,,,,,,934,14771
,,,,,,,935,14771
,,,,,,,936,14771
,,,,,,,937,14771
,,,,,,,938,14771
,,,,,,,939,14771
,,,,,,,940,14771
,,,,,,,941,14771
,,,,,,,942,14771
,,,,,,,943,14771
,,,,,,,944,14771
,,,,,,,945,14771
,,,,,,,946,14771
,,,,,,,947,14771
,,,,,,,948,14771
,,,,,,,949,14771
,,,,,,,950,14771
,,,,,,,951,14771
,,,,,,,952,14771
,,,,,,,953,14771
,,,,,,,954,14771
,,,,,,,955,14771
,,,,,,,956,14771
,,,,,,,957,14771
,,,,,,,958,14771
,,,,,,,959,14771
,,,,,,,960,14771
,,,,,,,961,14771
,,,,,,,962,14771
,,,,,,,963,14771
,,,,,,,964,14771
,,,,,,,965,14771
,,,,,,,966,14771
,,,,,,,967,14771
,,,,,,,968,14771
,,,,,,,969,14771
,,,,,,,970,14771
,,,,,,,971,14771
,,,,,,,972,14771
,,,,,,,973,14771
,,,,,,,974,14771
,,,,,,,975,14771
,,,,,,,976,14771
,,,,,,,977,14771
,,,,,,,978,14771
,,,,,,,979,14771
,,,,,,,980,14771
,,,,,,,981,14771
,,,,,,,982,14771
,,,,,,,983,14771
,,,,,,,984,14771
,,,,,,,985,14771
,,,,,,,986,14771
,,,,,,,987,14771
,,,,,,,988,14771
,,,,,,,989,14771
,,,,,,,990,14771
,,,,,,,991,14771
,,,,,,,992,14771
,,,,,,,993,14771
,,,,,,,994,14771
,,,,,,,995,14771
,,,,,,,996,14771
,,,,,,,997,14771
,,,,,,,998,14771
,,,,,,,999,14771
,,,,,,,1000,14771
,,,,,,,1001,14771
,,,,,,,1002,14771
,,,,,,,1003,14771
,,,,,,,1004,14771
,,,,,,,1005,14771
,,,,,,,1006,14771
,,,,,,,1007,14771
,,,,,,,1008,14771
,,,,,,,1009,14771
,,,,,,,1010,14771
,,,,,,,1011,14771
,,,,,,,1012,14771
,,,,,,,1013,14771
,,,,,,,1014,14771
,,,,,,,1015,14771
,,,,,,,1016,14771
,,,,,,,1017,14771
,,,,,,,1018,14771
,,,,,,,1019,14771
,,,,,,,1020,14771
,,,,,,,1021,14771
,,,,,,,1022,14771
,,,,,,,1023,14771
,,,,,,,1024,14771
,,,,,,,1025,14771
,,,,,,,1026,14771
,,,,,,,1027,14771
,,,,,,,1028,14771
,,,,,,,1029,14771
,,,,,,,1030,14771
,,,,,,,1031,14771
,,,,,,,1032,14771
,,,,,,,1033,14771
,,,,,,,1034,14771
,,,,,,,1035,14771
,,,,,,,1036,14771
,,,,,,,1037,14771
,,,,,,,1038,14771
,,,,,,,1039,14771
,,,,,,,1040,14771
,,,,,,,1041,14771
,,,,,,,1042,14771
,,,,,,,1043,14771
,,,,,,,1044,14771
,,,,,,,1045,14771
,,,,,,,1046,14771
,,,,,,,1047,14771
,,,,,,,1048,14771
,,,,,,,1049,14771
,,,,,,,1050,14771
,,,,,,,1051,14771
,,,,,,,1052,14771
,,,,,,,1053,14771
,,,,,,,1054,14771
,,,,,,,1055,14771
,,,,,,,1056,14771
,,,,,,,1057,14771
,,,,,,,1058,14771
,,,,,,,1059,14771
,,,,,,,1060,14771
,,,,,,,1061,14771
,,,,,,,1062,14771
,,,,,,,1063,14771
,,,,,,,1064,14771
,,,,,,,1065,14771
,,,,,,,1066,14771
,,,,,,,1067,14771
,,,,,,,1068,14771
,,,,,,,1069,14771
,,,,,,,1070,14771
,,,,,,,1071,14771
,,,,,,,1072,14771
,,,,,,,1073,14771
,,,,,,,1074,14771
,,,,,,,1075,14771
,,,,,,,1076,14771
,,,,,,,1077,14771
,,,,,,,1078,14771
,,,,,,,1079,14771
,,,,,,,1080,14771
,,,,,,,1081,14771
,,,,,,,1082,14771
,,,,,,,1083,14771
,,,,,,,1084,14771
,,,,,,,1085,14771
,,,,,,,1086,14771
,,,,,,,1087,14771
,,,,,,,1088,14771
,,,,,,,1089,14771
,,,,,,,1090,14771
,,,,,,,1091,14771
,,,,,,,1092,14771
,,,,,,,1093,14771
,,,,,,,1094,14771
,,,,,,,1095,14771
,,,,,,,1096,14771
,,,,,,,1097,14771
,,,,,,,1098,14771
,,,,,,,1099,14771
,,,,,,,1100,14771
,,,,,,,1101,14771
,,,,,,,1102,14771
,,,,,,,1103,14771
,,,,,,,1104,14771
,,,,,,,1105,14771
,,,,,,,1106,14771
,,,,,,,1107,14771
,,,,,,,1108,14771
,,,,,,,1109,14771
,,,,,,,1110,14771
,,,,,,,1111,14771
,,,,,,,1112,14771
,,,,,,,1113,14771
,,,,,,,1114,14771
,,,,,,,1115,14771
,,,,,,,1116,14771
,,,,,,,1117,14771
,,,,,,,1118,14771
,,,,,,,1119,14771
,,,,,,,1120,14771
,,,,,,,1121,14771
,,,,,,,1122,14771
,,,,,,,1123,14771
,,,,,,,1124,14771
,,,,,,,1125,14771
,,,,,,,1126,14771
,,,,,,,1127,14771
,,,,,,,1128,14771
,,,,,,,1129,14771
,,,,,,,1130,14771
,,,,,,,1131,14771
,,,,,,,1132,14771
,,,,,,,1133,14771
,,,,,,,1134,14771
,,,,,,,1135,14771
,,,,,,,1136,14771
,,,,,,,1137,14771
,,,,,,,1138,14771
,,,,,,,1139,14771
,,,,,,,1140,14771
,,,,,,,1141,14771
,,,,,,,1142,14771
,,,,,,,1143,14771
,,,,,,,1144,14771
,,,,,,,1145,14771
,,,,,,,1146,14771
,,,,,,,1147,14771
,,,,,,,1148,14771
,,,,,,,1149,14771
,,,,,,,1150,14771
,,,,,,,1151,14771
,,,,,,,1152,14771
,,,,,,,1153,14771
,,,,,,,1154,14771
,,,,,,,1155,14771
,,,,,,,1156,14771
,,,,,,,1157,14771
,,,,,,,1158,14771
,,,,,,,1159,14771
,,,,,,,1160,14771
,,,,,,,1161,14771
,,,,,,,1162,14771
,,,,,,,1163,14771
,,,,,,,1164,14771
,,,,,,,1165,14771
,,,,,,,1166,14771
,,,,,,,1167,14771
,,,,,,,1168,14771
,,,,,,,1169,14771
,,,,,,,1170,14771
,,,,,,,1171,14771
,,,,,,,1172,14771
,,,,,,,1173,14771
,,,,,,,1174,14771
,,,,,,,1175,14771
,,,,,,,1176,14771
,,,,,,,1177,14771
,,,,,,,1178,14771
,,,,,,,1179,14771
,,,,,,,1180,14771
,,,,,,,1181,14771
,,,,,,,1182,14771
,,,,,,,1183,14771
,,,,,,,1184,14771
,,,,,,,1185,14771
,,,,,,,1186,14771
,,,,,,,1187,14771
,,,,,,,1188,14771
,,,,,,,1189,14771
,,,,,,,1190,14771
,,,,,,,1191,14771
,,,,,,,1192,14771
,,,,,,,1193,14771
,,,,,,,1194,14771
,,,,,,,1195,14771
,,,,,,,1196,14771
,,,,,,,1197,14771
,,,,,,,1198,14771
,,,,,,,1199,14771
,,,,,,,1200,14771
,,,,,,,1201,14771
,,,,,,,1202,14771
,,,,,,,1203,14771
,,,,,,,1204,14771
,,,,,,,1205,14771
,,,,,,,1206,14771
,,,,,,,1207,14771
,,,,,,,1208,14771
,,,,,,,1209,14771
,,,,,,,1210,14771
,,,,,,,1211,14771
,,,,,,,1212,14771
,,,,,,,1213,14771
,,,,,,,1214,14771
,,,,,,,1215,14771
,,,,,,,1216,14771
,,,,,,,1217,14771
,,,,,,,1218,14771
,,,,,,,1219,14771
,,,,,,,1220,14771
,,,,,,,1221,14771
,,,,,,,1222,14771
,,,,,,,1223,14771
,,,,,,,1224,14771
,,,,,,,1225,14771
,,,,,,,1226,14771
,,,,,,,1227,14771
,,,,,,,1228,14771
,,,,,,,1229,14771
,,,,,,,1230,14771
,,,,,,,1231,14771
,,,,,,,1232,14771
,,,,,,,1233,14771
,,,,,,,1234,14771
,,,,,,,1235,14771
,,,,,,,1236,14771
,,,,,,,1237,14771
,,,,,,,1238,14771
,,,,,,,1239,14771
,,,,,,,1240,14771
,,,,,,,1241,14771
,,,,,,,1242,14771
,,,,,,,1243,14771
,,,,,,,1244,14771
,,,,,,,1245,14771
,,,,,,,1246,14771
,,,,,,,1247,14771
,,,,,,,1248,14771
,,,,,,,1249,14771
,,,,,,,1250,14771
,,,,,,,1251,14771
,,,,,,,1252,14771
,,,,,,,1253,14771
,,,,,,,1254,14771
,,,,,,,1255,14771
,,,,,,,1256,14771
,,,,,,,1257,14771
,,,,,,,1258,14771
,,,,,,,1259,14771
,,,,,,,1260,14771
,,,,,,,1261,14771
,,,,,,,1262,14771
,,,,,,,1263,14771
,,,,,,,1264,14771
,,,,,,,1265,14771
,,,,,,,1266,14771
,,,,,,,1267,14771
,,,,,,,1268,14771
,,,,,,,1269,14771
,,,,,,,1270,14771
,,,,,,,1271,14771
,,,,,,,1272,14771
,,,,,,,1273,14771
,,,,,,,1274,14771
,,,,,,,1275,14771
,,,,,,,1276,14771
,,,,,,,1277,14771
,,,,,,,1278,14771
,,,,,,,1279,14771
,,,,,,,1280,14771
,,,,,,,1281,14771
,,,,,,,1282,14771
,,,,,,,1283,14771
,,,,,,,1284,14771
,,,,,,,1285,14771
,,,,,,,1286,14771
,,,,,,,1287,14771
,,,,,,,1288,14771
,,,,,,,1289,14771
,,,,,,,1290,14771
,,,,,,,1291,14771
,,,,,,,1292,14771
,,,,,,,1293,14771
,,,,,,,1294,14771
,,,,,,,1295,14771
,,,,,,,1296,14771
,,,,,,,1297,14771
,,,,,,,1298,14771
,,,,,,,1299,14771
,,,,,,,1300,14771
,,,,,,,1301,14771
,,,,,,,1302,14771
,,,,,,,1303,14771
,,,,,,,1304,14771
,,,,,,,1305,14771
,,,,,,,1306,14771
,,,,,,,1307,14771
,,,,,,,1308,14771
,,,,,,,1309,14771
,,,,,,,1310,14771
,,,,,,,1311,14771
,,,,,,,1312,14771
,,,,,,,1313,14771
,,,,,,,1314,14771
,,,,,,,1315,14771
,,,,,,,1316,14771
,,,,,,,1317,14771
,,,,,,,1318,14771
,,,,,,,1319,14771
,,,,,,,1320,14771
,,,,,,,1321,14771
,,,,,,,1322,14771
,,,,,,,1323,14771
,,,,,,,1324,14771
,,,,,,,1325,14771
,,,,,,,1326,14771
,,,,,,,1327,14771
,,,,,,,1328,14771
,,,,,,,1329,14771
,,,,,,,1330,14771
,,,,,,,1331,14771
,,,,,,,1332,14771
,,,,,,,1333,14771
,,,,,,,1334,14771
,,,,,,,1335,14771
,,,,,,,1336,14771
,,,,,,,1337,14771
,,,,,,,1338,14771
,,,,,,,1339,14771
,,,,,,,1340,14771
,,,,,,,1341,14771
,,,,,,,1342,14771
,,,,,,,1343,14771
,,,,,,,1344,14771
,,,,,,,1345,14771
,,,,,,,1346,14771
,,,,,,,1347,14771
,,,,,,,1348,14771
,,,,,,,1349,14771
,,,,,,,1350,14771
,,,,,,,1351,14771
,,,,,,,1352,14771
,,,,,,,1353,14771
,,,,,,,1354,14771
,,,,,,,1355,14771
,,,,,,,1356,14771
,,,,,,,1357,14771
,,,,,,,1358,14771
,,,,,,,1359,14771
,,,,,,,1360,14771
,,,,,,,1361,14771
,,,,,,,1362,14771
,,,,,,,1363,14771
,,,,,,,1364,14771
,,,,,,,1365,14771
,,,,,,,1366,14771
,,,,,,,1367,14771
,,,,,,,1368,14771
,,,,,,,1369,14771
,,,,,,,1370,14771
,,,,,,,1371,14771
,,,,,,,1372,14771
,,,,,,,1373,14771
,,,,,,,1374,14771
,,,,,,,1375,14771
,,,,,,,1376,14771
,,,,,,,1377,14771
,,,,,,,1378,14771
,,,,,,,1379,14771
,,,,,,,1380,14771
,,,,,,,1381,14771
,,,,,,,1382,14771
,,,,,,,1383,14771
,,,,,,,1384,14771
,,,,,,,1385,14771
,,,,,,,1386,14771
,,,,,,,1387,14771
,,,,,,,1388,14771
,,,,,,,1389,14771
,,,,,,,1390,14771
,,,,,,,1391,14771
,,,,,,,1392,14771
,,,,,,,1393,14771
,,,,,,,1394,14771
,,,,,,,1395,14771
,,,,,,,1396,14771
,,,,,,,1397,14771
,,,,,,,1398,14771
,,,,,,,1399,14771
,,,,,,,1400,14771
,,,,,,,1401,14771
,,,,,,,1402,14771
,,,,,,,1403,14771
,,,,,,,1404,14771
,,,,,,,1405,14771
,,,,,,,1406,14771
,,,,,,,1407,14771
,,,,,,,1408,14771
,,,,,,,1409,14771
,,,,,,,1410,14771
,,,,,,,1411,14771
,,,,,,,1412,14771
,,,,,,,1413,14771
,,,,,,,1414,14771
,,,,,,,1415,14771
,,,,,,,1416,14771
,,,,,,,1417,14771
,,,,,,,1418,14771
,,,,,,,1419,14771
,,,,,,,1420,14771
,,,,,,,1421,14771
,,,,,,,1422,14771
,,,,,,,1423,14771
,,,,,,,1424,14771
,,,,,,,1425,14771
,,,,,,,1426,14771
,,,,,,,1427,14771
,,,,,,,1428,14771
,,,,,,,1429,14771
,,,,,,,1430,14771
,,,,,,,1431,14771
,,,,,,,1432,14771
,,,,,,,1433,14771
,,,,,,,1434,14771
,,,,,,,1435,14771
,,,,,,,1436,14771
,,,,,,,1437,14771
,,,,,,,1438,14771
,,,,,,,1439,14771
,,,,,,,1440,14771
,,,,,,,1441,14771
,,,,,,,1442,14771
,,,,,,,1443,14771
,,,,,,,1444,14771
,,,,,,,1445,14771
,,,,,,,1446,14771
,,,,,,,1447,14771
,,,,,,,1448,14771
,,,,,,,1449,14771
,,,,,,,1450,14771
,,,,,,,1451,14771
,,,,,,,1452,14771
,,,,,,,1453,14771
,,,,,,,1454,14771
,,,,,,,1455,14771
,,,,,,,1456,14771
,,,,,,,1457,14771
,,,,,,,1458,14771
,,,,,,,1459,14771
,,,,,,,1460,14771
,,,,,,,1461,14771
,,,,,,,1462,14771
,,,,,,,1463,14771
,,,,,,,1464,14771
,,,,,,,1465,14771
,,,,,,,1466,14771
,,,,,,,1467,14771
,,,,,,,1468,14771
,,,,,,,1469,14771
,,,,,,,1470,14771
,,,,,,,1471,14771
,,,,,,,1472,14771
,,,,,,,1473,14771
,,,,,,,1474,14771
,,,,,,,1475,14771
,,,,,,,1476,14771
,,,,,,,1477,14771
,,,,,,,1478,14771
,,,,,,,1479,14771
,,,,,,,1480,14771
,,,,,,,1481,14771
,,,,,,,1482,14771
,,,,,,,1483,14771
,,,,,,,1484,14771
,,,,,,,1485,14771
,,,,,,,1486,14771
,,,,,,,1487,14771
,,,,,,,1488,14771
,,,,,,,1489,14771
,,,,,,,1490,14771
,,,,,,,1491,14771
,,,,,,,1492,14771
,,,,,,,1493,14771
,,,,,,,1494,14771
,,,,,,,1495,14771
,,,,,,,1496,14771
,,,,,,,1497,14771
,,,,,,,1498,14771
,,,,,,,1499,14771
,,,,,,,1500,14771
,,,,,,,1501,14771
,,,,,,,1502,14771
,,,,,,,1503,14771
,,,,,,,1504,14771
,,,,,,,1505,14771
,,,,,,,1506,14771
,,,,,,,1507,14771
,,,,,,,1508,14771
,,,,,,,1509,14771
,,,,,,,1510,14771
,,,,,,,1511,14771
,,,,,,,1512,14771
,,,,,,,1513,14771
,,,,,,,1514,14771
,,,,,,,1515,14771
,,,,,,,1516,14771
,,,,,,,1517,14771
,,,,,,,1518,14771
,,,,,,,1519,14771
,,,,,,,1520,14771
,,,,,,,1521,14771
,,,,,,,1522,14771
,,,,,,,1523,14771
,,,,,,,1524,14771
,,,,,,,1525,14771
,,,,,,,1526,14771
,,,,,,,1527,14771
,,,,,,,1528,14771
,,,,,,,1529,14771
,,,,,,,1530,14771
,,,,,,,1531,14771
,,,,,,,1532,14771
,,,,,,,1533,14771
,,,,,,,1534,14771
,,,,,,,1535,14771
,,,,,,,1536,14771
,,,,,,,1537,14771
,,,,,,,1538,14771
,,,,,,,1539,14771
,,,,,,,1540,14771
,,,,,,,1541,14771
,,,,,,,1542,14771
,,,,,,,1543,14771
,,,,,,,1544,14771
,,,,,,,1545,14771
,,,,,,,1546,14771
,,,,,,,1547,14771
,,,,,,,1548,14771
,,,,,,,1549,14771
,,,,,,,1550,14771
,,,,,,,1551,14771
,,,,,,,1552,14771
,,,,,,,1553,14771
,,,,,,,1554,14771
,,,,,,,1555,14771
,,,,,,,1556,14771
,,,,,,,1557,14771
,,,,,,,1558,14771
,,,,,,,1559,14771
,,,,,,,1560,14771
,,,,,,,1561,14771
,,,,,,,1562,14771
,,,,,,,1563,14771
,,,,,,,1564,14771
,,,,,,,1565,14771
,,,,,,,1566,14771
,,,,,,,1567,14771
,,,,,,,1568,14771
,,,,,,,1569,14771
,,,,,,,1570,14771
,,,,,,,1571,14771
,,,,,,,1572,14771
,,,,,,,1573,14771
,,,,,,,1574,14771
,,,,,,,1575,14771
,,,,,,,1576,14771
,,,,,,,1577,14771
,,,,,,,1578,14771
,,,,,,,1579,14771
,,,,,,,1580,14771
,,,,,,,1581,14771
,,,,,,,1582,14771
,,,,,,,1583,14771
,,,,,,,1584,14771
,,,,,,,1585,14771
,,,,,,,1586,14771
,,,,,,,1587,14771
,,,,,,,1588,14771
,,,,,,,1589,14771
,,,,,,,1590,14771
,,,,,,,1591,14771
,,,,,,,1592,14771
,,,,,,,1593,14771
,,,,,,,1594,14771
,,,,,,,1595,14771
,,,,,,,1596,14771
,,,,,,,1597,14771
,,,,,,,1598,14771
,,,,,,,1599,14771
,,,,,,,1600,14771
,,,,,,,1601,14771
,,,,,,,1602,14771
,,,,,,,1603,14771
,,,,,,,1604,14771
,,,,,,,1605,14771
,,,,,,,1606,14771
,,,,,,,1607,14771
,,,,,,,1608,14771
,,,,,,,1609,14771
,,,,,,,1610,14771
,,,,,,,1611,14771
,,,,,,,1612,14771
,,,,,,,1613,14771
,,,,,,,1614,14771
,,,,,,,1615,14771
,,,,,,,1616,14771
,,,,,,,1617,14771
,,,,,,,1618,14771
,,,,,,,1619,14771
,,,,,,,1620,14771
,,,,,,,1621,14771
,,,,,,,1622,14771
,,,,,,,1623,14771
,,,,,,,1624,14771
,,,,,,,1625,14771
,,,,,,,1626,14771
,,,,,,,1627,14771
,,,,,,,1628,14771
,,,,,,,1629,14771
,,,,,,,1630,14771
,,,,,,,1631,14771
,,,,,,,1632,14771
,,,,,,,1633,14771
,,,,,,,1634,14771
,,,,,,,1635,14771
,,,,,,,1636,14771
,,,,,,,1637,14771
,,,,,,,1638,14771
,,,,,,,1639,14771
,,,,,,,1640,14771
,,,,,,,1641,14771
,,,,,,,1642,14771
,,,,,,,1643,14771
,,,,,,,1644,14771
,,,,,,,1645,14771
,,,,,,,1646,14771
,,,,,,,1647,14771
,,,,,,,1648,14771
,,,,,,,1649,14771
,,,,,,,1650,14771
,,,,,,,1651,14771
,,,,,,,1652,14771
,,,,,,,1653,14771
,,,,,,,1654,14771
,,,,,,,1655,14771
,,,,,,,1656,14771
,,,,,,,1657,14771
,,,,,,,1658,14771
,,,,,,,1659,14771
,,,,,,,1660,14771
,,,,,,,1661,14771
,,,,,,,1662,14771
,,,,,,,1663,14771
,,,,,,,1664,14771
,,,,,,,1665,14771
,,,,,,,1666,14771
,,,,,,,1667,14771
,,,,,,,1668,14771
,,,,,,,1669,14771
,,,,,,,1670,14771
,,,,,,,1671,14771
,,,,,,,1672,14771
,,,,,,,1673,14771
,,,,,,,1674,14771
,,,,,,,1675,14771
,,,,,,,1676,14771
,,,,,,,1677,14771
,,,,,,,1678,14771
,,,,,,,1679,14771
,,,,,,,1680,14771
,,,,,,,1681,14771
,,,,,,,1682,14771
,,,,,,,1683,14771
,,,,,,,1684,14771
,,,,,,,1685,14771
,,,,,,,1686,14771
,,,,,,,1687,14771
,,,,,,,1688,14771
,,,,,,,1689,14771
,,,,,,,1690,14771
,,,,,,,1691,14771
,,,,,,,1692,14771
,,,,,,,1693,14771
,,,,,,,1694,14771
,,,,,,,1695,14771
,,,,,,,1696,14771
,,,,,,,1697,14771
,,,,,,,1698,14771
,,,,,,,1699,14771
,,,,,,,1700,14771
,,,,,,,1701,14771
,,,,,,,1702,14771
,,,,,,,1703,14771
,,,,,,,1704,14771
,,,,,,,1705,14771
,,,,,,,1706,14771
,,,,,,,1707,14771
,,,,,,,1708,14771
,,,,,,,1709,14771
,,,,,,,1710,14771
,,,,,,,1711,14771
,,,,,,,1712,14771
,,,,,,,1713,14771
,,,,,,,1714,14771
,,,,,,,1715,14771
,,,,,,,1716,14771
,,,,,,,1717,14771
,,,,,,,1718,14771
,,,,,,,1719,14771
,,,,,,,1720,14771
,,,,,,,1721,14771
,,,,,,,1722,14771
,,,,,,,1723,14771
,,,,,,,1724,14771
,,,,,,,1725,14771
,,,,,,,1726,14771
,,,,,,,1727,14771
,,,,,,,1728,14771
,,,,,,,1729,14771
,,,,,,,1730,14771
,,,,,,,1731,14771
,,,,,,,1732,14771
,,,,,,,1733,14771
,,,,,,,1734,14771
,,,,,,,1735,14771
,,,,,,,1736,14771
,,,,,,,1737,14771
,,,,,,,1738,14771
,,,,,,,1739,14771
,,,,,,,1740,14771
,,,,,,,1741,14771
,,,,,,,1742,14771
,,,,,,,1743,14771
,,,,,,,1744,14771
,,,,,,,1745,14771
,,,,,,,1746,14771
,,,,,,,1747,14771
,,,,,,,1748,14771
,,,,,,,1749,14771
,,,,,,,1750,14771
,,,,,,,1751,14771
,,,,,,,1752,14771
,,,,,,,1753,14771
,,,,,,,1754,14771
,,,,,,,1755,14771
,,,,,,,1756,14771
,,,,,,,1757,14771
,,,,,,,1758,14771
,,,,,,,1759,14771
,,,,,,,1760,14771
,,,,,,,1761,14771
,,,,,,,1762,14771
,,,,,,,1763,14771
,,,,,,,1764,14771
,,,,,,,1765,14771
,,,,,,,1766,14771
,,,,,,,1767,14771
,,,,,,,1768,14771
,,,,,,,1769,14771
,,,,,,,1770,14771
,,,,,,,1771,14771
,,,,,,,1772,14771
,,,,,,,1773,14771
,,,,,,,1774,14771
,,,,,,,1775,14771
,,,,,,,1776,14771
,,,,,,,1777,14771
,,,,,,,1778,14771
,,,,,,,1779,14771
,,,,,,,1780,14771
,,,,,,,1781,14771
,,,,,,,1782,14771
,,,,,,,1783,14771
,,,,,,,1784,14771
,,,,,,,1785,14771
,,,,,,,1786,14771
,,,,,,,1787,14771
,,,,,,,1788,14771
,,,,,,,1789,14771
,,,,,,,1790,14771
,,,,,,,1791,14771
,,,,,,,1792,14771
,,,,,,,1793,14771
,,,,,,,1794,14771
,,,,,,,1795,14771
,,,,,,,1796,14771
,,,,,,,1797,14771
,,,,,,,1798,14771
,,,,,,,1799,14771
,,,,,,,1800,14771
,,,,,,,1801,14771
,,,,,,,1802,14771
,,,,,,,1803,14771
,,,,,,,1804,14771
,,,,,,,1805,14771
,,,,,,,1806,14771
,,,,,,,1807,14771
,,,,,,,1808,14771
,,,,,,,1809,14771
,,,,,,,1810,14771
,,,,,,,1811,14771
,,,,,,,1812,14771
,,,,,,,1813,14771
,,,,,,,1814,14771
,,,,,,,1815,14771
,,,,,,,1816,14771
,,,,,,,1817,14771
,,,,,,,1818,14771
,,,,,,,1819,14771
,,,,,,,1820,14771
,,,,,,,1821,14771
,,,,,,,1822,14771
,,,,,,,1823,14771
,,,,,,,1824,14771
,,,,,,,1825,14771
,,,,,,,1826,14771
,,,,,,,1827,14771
,,,,,,,1828,14771
,,,,,,,1829,14771
,,,,,,,1830,14771
,,,,,,,1831,14771
,,,,,,,1832,14771
,,,,,,,1833,14771
,,,,,,,1834,14771
,,,,,,,1835,14771
,,,,,,,1836,14771
,,,,,,,1837,14771
,,,,,,,1838,14771
,,,,,,,1839,14771
,,,,,,,1840,14771
,,,,,,,1841,14771
,,,,,,,1842,14771
,,,,,,,1843,14771
,,,,,,,1844,14771
,,,,,,,1845,14771
,,,,,,,1846,14771
,,,,,,,1847,14771
,,,,,,,1848,14771
,,,,,,,1849,14771
,,,,,,,1850,14771
,,,,,,,1851,14771
,,,,,,,1852,14771
,,,,,,,1853,14771
,,,,,,,1854,14771
,,,,,,,1855,14771
,,,,,,,1856,14771
,,,,,,,1857,14771
,,,,,,,1858,14771
,,,,,,,1859,14771
,,,,,,,1860,14771
,,,,,,,1861,14771
,,,,,,,1862,14771
,,,,,,,1863,14771
,,,,,,,1864,14771
,,,,,,,1865,14771
,,,,,,,1866,14771
,,,,,,,1867,14771
,,,,,,,1868,14771
,,,,,,,1869,14771
,,,,,,,1870,14771
,,,,,,,1871,14771
,,,,,,,1872,14771
,,,,,,,1873,14771
,,,,,,,1874,14771
,,,,,,,1875,14771
,,,,,,,1876,14771
,,,,,,,1877,14771
,,,,,,,1878,14771
,,,,,,,1879,14771
,,,,,,,1880,14771
,,,,,,,1881,14771
,,,,,,,1882,14771
,,,,,,,1883,14771
,,,,,,,1884,14771
,,,,,,,1885,14771
,,,,,,,1886,14771
,,,,,,,1887,14771
,,,,,,,1888,14771
,,,,,,,1889,14771
,,,,,,,1890,14771
,,,,,,,1891,14771
,,,,,,,1892,14771
,,,,,,,1893,14771
,,,,,,,1894,14771
,,,,,,,1895,14771
,,,,,,,1896,14771
,,,,,,,1897,14771
,,,,,,,1898,14771
,,,,,,,1899,14771
,,,,,,,1900,14771
,,,,,,,1901,14771
,,,,,,,1902,14771
,,,,,,,1903,14771
,,,,,,,1904,14771
,,,,,,,1905,14771
,,,,,,,1906,14771
,,,,,,,1907,14771
,,,,,,,1908,14771
,,,,,,,1909,14771
,,,,,,,1910,14771
,,,,,,,1911,14771
,,,,,,,1912,14771
,,,,,,,1913,14771
,,,,,,,1914,14771
,,,,,,,1915,14771
,,,,,,,1916,14771
,,,,,,,1917,14771
,,,,,,,1918,14771
,,,,,,,1919,14771
,,,,,,,1920,14771
,,,,,,,1921,14771
,,,,,,,1922,14771
,,,,,,,1923,14771
,,,,,,,1924,14771
,,,,,,,1925,14771
,,,,,,,1926,14771
,,,,,,,1927,14771
,,,,,,,1928,14771
,,,,,,,1929,14771
,,,,,,,1930,14771
,,,,,,,1931,14771
,,,,,,,1932,14771
,,,,,,,1933,14771
,,,,,,,1934,14771
,,,,,,,1935,14771
,,,,,,,1936,14771
,,,,,,,1937,14771
,,,,,,,1938,14771
,,,,,,,1939,14771
,,,,,,,1940,14771
,,,,,,,1941,14771
,,,,,,,1942,14771
,,,,,,,1943,14771
,,,,,,,1944,14771
,,,,,,,1945,14771
,,,,,,,1946,14771
,,,,,,,1947,14771
,,,,,,,1948,14771
,,,,,,,1949,14771
,,,,,,,1950,14771
,,,,,,,1951,14771
,,,,,,,1952,14771
,,,,,,,1953,14771
,,,,,,,1954,14771
,,,,,,,1955,14771
,,,,,,,1956,14771
,,,,,,,1957,14771
,,,,,,,1958,14771
,,,,,,,1959,14771
,,,,,,,1960,14771
,,,,,,,1961,14771
,,,,,,,1962,14771
,,,,,,,1963,14771
,,,,,,,1964,14771
,,,,,,,1965,14771
,,,,,,,1966,14771
,,,,,,,1967,14771
,,,,,,,1968,14771
,,,,,,,1969,14771
,,,,,,,1970,14771
,,,,,,,1971,14771
,,,,,,,1972,14771
,,,,,,,1973,14771
,,,,,,,1974,14771
,,,,,,,1975,14771
,,,,,,,1976,14771
,,,,,,,1977,14771
,,,,,,,1978,14771
,,,,,,,1979,14771
,,,,,,,1980,14771
,,,,,,,1981,14771
,,,,,,,1982,14771
,,,,,,,1983,14771
,,,,,,,1984,14771
,,,,,,,1985,14771
,,,,,,,1986,14771
,,,,,,,1987,14771
,,,,,,,1988,14771
,,,,,,,1989,14771
,,,,,,,1990,14771
,,,,,,,1991,14771
,,,,,,,1992,14771
,,,,,,,1993,14771
,,,,,,,1994,14771
,,,,,,,1995,14771
,,,,,,,1996,14771
,,,,,,,1997,14771
,,,,,,,1998,14771
,,,,,,,1999,14771
,,,,,,,2000,14771
,,,,,,,2001,14771
,,,,,,,2002,14771
,,,,,,,2003,14771
,,,,,,,2004,14771
,,,,,,,2005,14771
,,,,,,,2006,14771
,,,,,,,2007,14771
,,,,,,,2008,14771
,,,,,,,2009,14771
,,,,,,,2010,14771
,,,,,,,2011,14771
,,,,,,,2012,14771
,,,,,,,2013,14771
,,,,,,,2014,14771
,,,,,,,2015,14771
,,,,,,,2016,14771
,,,,,,,2017,14771
,,,,,,,2018,14771
,,,,,,,2019,14771
,,,,,,,2020,14771
,,,,,,,2021,14771
,,,,,,,2022,14771
,,,,,,,2023,14771
,,,,,,,2024,14771
,,,,,,,2025,14771
,,,,,,,2026,14771
,,,,,,,2027,14771
,,,,,,,2028,14771
,,,,,,,2029,14771
,,,,,,,2030,14771
,,,,,,,2031,14771
,,,,,,,2032,14771
,,,,,,,2033,14771
,,,,,,,2034,14771
,,,,,,,2035,14771
,,,,,,,2036,14771
,,,,,,,2037,14771
,,,,,,,2038,14771
,,,,,,,2039,14771
,,,,,,,2040,14771
,,,,,,,2041,14771
,,,,,,,2042,14771
,,,,,,,2043,14771
,,,,,,,2044,14771
,,,,,,,2045,14771
,,,,,,,2046,14771
,,,,,,,2047,14771
,,,,,,,2048,14771
,,,,,,,2049,14771
,,,,,,,2050,14771
,,,,,,,2051,14771
,,,,,,,2052,14771
,,,,,,,2053,14771
,,,,,,,2054,14771
,,,,,,,2055,14771
,,,,,,,2056,14771
,,,,,,,2057,14771
,,,,,,,2058,14771
,,,,,,,2059,14771
,,,,,,,2060,14771
,,,,,,,2061,14771
,,,,,,,2062,14771
,,,,,,,2063,14771
,,,,,,,2064,14771
,,,,,,,2065,14771
,,,,,,,2066,14771
,,,,,,,2067,14771
,,,,,,,2068,14771
,,,,,,,2069,14771
,,,,,,,2070,14771
,,,,,,,2071,14771
,,,,,,,2072,14771
,,,,,,,2073,14771
,,,,,,,2074,14771
,,,,,,,2075,14771
,,,,,,,2076,14771
,,,,,,,2077,14771
,,,,,,,2078,14771
,,,,,,,2079,14771
,,,,,,,2080,14771
,,,,,,,2081,14771
,,,,,,,2082,14771
,,,,,,,2083,14771
,,,,,,,2084,14771
,,,,,,,2085,14771
,,,,,,,2086,14771
,,,,,,,2087,14771
,,,,,,,2088,14771
,,,,,,,2089,14771
,,,,,,,2090,14771
,,,,,,,2091,14771
,,,,,,,2092,14771
,,,,,,,2093,14771
,,,,,,,2094,14771
,,,,,,,2095,14771
,,,,,,,2096,14771
,,,,,,,2097,14771
,,,,,,,2098,14771
,,,,,,,2099,14771
,,,,,,,2100,14771
,,,,,,,2101,14771
,,,,,,,2102,14771
,,,,,,,2103,14771
,,,,,,,2104,14771
,,,,,,,2105,14771
,,,,,,,2106,14771
,,,,,,,2107,14771
,,,,,,,2108,14771
,,,,,,,2109,14771
,,,,,,,2110,14771
,,,,,,,2111,14771
,,,,,,,2112,14771
,,,,,,,2113,14771
,,,,,,,2114,14771
,,,,,,,2115,14771
,,,,,,,2116,14771
,,,,,,,2117,14771
,,,,,,,2118,14771
,,,,,,,2119,14771
,,,,,,,2120,14771
,,,,,,,2121,14771
,,,,,,,2122,14771
,,,,,,,2123,14771
,,,,,,,2124,14771
,,,,,,,2125,14771
,,,,,,,2126,14771
,,,,,,,2127,14771
,,,,,,,2128,14771
,,,,,,,2129,14771
,,,,,,,2130,14771
,,,,,,,2131,14771
,,,,,,,2132,14771
,,,,,,,2133,14771
,,,,,,,2134,14771
,,,,,,,2135,14771
,,,,,,,2136,14771
,,,,,,,2137,14771
,,,,,,,2138,14771
,,,,,,,2139,14771
,,,,,,,2140,14771
,,,,,,,2141,14771
,,,,,,,2142,14771
,,,,,,,2143,14771
,,,,,,,2144,14771
,,,,,,,2145,14771
,,,,,,,2146,14771
,,,,,,,2147,14771
,,,,,,,2148,14771
,,,,,,,2149,14771
,,,,,,,2150,14771
,,,,,,,2151,14771
,,,,,,,2152,14771
,,,,,,,2153,14771
,,,,,,,2154,14771
,,,,,,,2155,14771
,,,,,,,2156,14771
,,,,,,,2157,14771
,,,,,,,2158,14771
,,,,,,,2159,14771
,,,,,,,2160,14771
,,,,,,,2161,14771
,,,,,,,2162,14771
,,,,,,,2163,14771
,,,,,,,2164,14771
,,,,,,,2165,14771
,,,,,,,2166,14771
,,,,,,,2167,14771
,,,,,,,2168,14771
,,,,,,,2169,14771
,,,,,,,2170,14771
,,,,,,,2171,14771
,,,,,,,2172,14771
,,,,,,,2173,14771
,,,,,,,2174,14771
,,,,,,,2175,14771
,,,,,,,2176,14771
,,,,,,,2177,14771
,,,,,,,2178,14771
,,,,,,,2179,14771
,,,,,,,2180,14771
,,,,,,,2181,14771
,,,,,,,2182,14771
,,,,,,,2183,14771
,,,,,,,2184,14771
,,,,,,,2185,14771
,,,,,,,2186,14771
,,,,,,,2187,14771
,,,,,,,2188,14771
,,,,,,,2189,14771
,,,,,,,2190,14771
,,,,,,,2191,14771
,,,,,,,2192,14771
,,,,,,,2193,14771
,,,,,,,2194,14771
,,,,,,,2195,14771
,,,,,,,2196,14771
,,,,,,,2197,14771
,,,,,,,2198,14771
,,,,,,,2199,14771
,,,,,,,2200,14771
,,,,,,,2201,14771
,,,,,,,2202,14771
,,,,,,,2203,14771
,,,,,,,2204,14771
,,,,,,,2205,14771
,,,,,,,2206,14771
,,,,,,,2207,14771
,,,,,,,2208,14771
,,,,,,,2209,14771
,,,,,,,2210,14771
,,,,,,,2211,14771
,,,,,,,2212,14771
,,,,,,,2213,14771
,,,,,,,2214,14771
,,,,,,,2215,14771
,,,,,,,2216,14771
,,,,,,,2217,14771
,,,,,,,2218,14771
,,,,,,,2219,14771
,,,,,,,2220,14771
,,,,,,,2221,14771
,,,,,,,2222,14771
,,,,,,,2223,14771
,,,,,,,2224,14771
,,,,,,,2225,14771
,,,,,,,2226,14771
,,,,,,,2227,14771
,,,,,,,2228,14771
,,,,,,,2229,14771
,,,,,,,2230,14771
,,,,,,,2231,14771
,,,,,,,2232,14771
,,,,,,,2233,14771
,,,,,,,2234,14771
,,,,,,,2235,14771
,,,,,,,2236,14771
,,,,,,,2237,14771
,,,,,,,2238,14771
,,,,,,,2239,14771
,,,,,,,2240,14771
,,,,,,,2241,14771
,,,,,,,2242,14771
,,,,,,,2243,14771
,,,,,,,2244,14771
,,,,,,,2245,14771
,,,,,,,2246,14771
,,,,,,,2247,14771
,,,,,,,2248,14771
,,,,,,,2249,14771
,,,,,,,2250,14771
,,,,,,,2251,14771
,,,,,,,2252,14771
,,,,,,,2253,14771
,,,,,,,2254,14771
,,,,,,,2255,14771
,,,,,,,2256,14771
,,,,,,,2257,14771
,,,,,,,2258,14771
,,,,,,,2259,14771
,,,,,,,2260,14771
,,,,,,,2261,14771
,,,,,,,2262,14771
,,,,,,,2263,14771
,,,,,,,2264,14771
,,,,,,,2265,14771
,,,,,,,2266,14771
,,,,,,,2267,14771
,,,,,,,2268,14771
,,,,,,,2269,14771
,,,,,,,2270,14771
,,,,,,,2271,14771
,,,,,,,2272,14771
,,,,,,,2273,14771
,,,,,,,2274,14771
,,,,,,,2275,14771
,,,,,,,2276,14771
,,,,,,,2277,14771
,,,,,,,2278,14771
,,,,,,,2279,14771
,,,,,,,2280,14771
,,,,,,,2281,14771
,,,,,,,2282,14771
,,,,,,,2283,14771
,,,,,,,2284,14771
,,,,,,,2285,14771
,,,,,,,2286,14771
,,,,,,,2287,14771
,,,,,,,2288,14771
,,,,,,,2289,14771
,,,,,,,2290,14771
,,,,,,,2291,14771
,,,,,,,2292,14771
,,,,,,,2293,14771
,,,,,,,2294,14771
,,,,,,,2295,14771
,,,,,,,2296,14771
,,,,,,,2297,14771
,,,,,,,2298,14771
,,,,,,,2299,14771
,,,,,,,2300,14771
,,,,,,,2301,14771
,,,,,,,2302,14771
,,,,,,,2303,14771
,,,,,,,2304,14771
,,,,,,,2305,14771
,,,,,,,2306,14771
,,,,,,,2307,14771
,,,,,,,2308,14771
,,,,,,,2309,14771
,,,,,,,2310,14771
,,,,,,,2311,14771
,,,,,,,2312,14771
,,,,,,,2313,14771
,,,,,,,2314,14771
,,,,,,,2315,14771
,,,,,,,2316,14771
,,,,,,,2317,14771
,,,,,,,2318,14771
,,,,,,,2319,14771
,,,,,,,2320,14771
,,,,,,,2321,14771
,,,,,,,2322,14771
,,,,,,,2323,14771
,,,,,,,2324,14771
,,,,,,,2325,14771
,,,,,,,2326,14771
,,,,,,,2327,14771
,,,,,,,2328,14771
,,,,,,,2329,14771
,,,,,,,2330,14771
,,,,,,,2331,14771
,,,,,,,2332,14771
,,,,,,,2333,14771
,,,,,,,2334,14771
,,,,,,,2335,14771
,,,,,,,2336,14771
,,,,,,,2337,14771
,,,,,,,2338,14771
,,,,,,,2339,14771
,,,,,,,2340,14771
,,,,,,,2341,14771
,,,,,,,2342,14771
,,,,,,,2343,14771
,,,,,,,2344,14771
,,,,,,,2345,14771
,,,,,,,2346,14771
,,,,,,,2347,14771
,,,,,,,2348,14771
,,,,,,,2349,14771
,,,,,,,2350,14771
,,,,,,,2351,14771
,,,,,,,2352,14771
,,,,,,,2353,14771
,,,,,,,2354,14771
,,,,,,,2355,14771
,,,,,,,2356,14771
,,,,,,,2357,14771
,,,,,,,2358,14771
,,,,,,,2359,14771
,,,,,,,2360,14771
,,,,,,,2361,14771
,,,,,,,2362,14771
,,,,,,,2363,14771
,,,,,,,2364,14771
,,,,,,,2365,14771
,,,,,,,2366,14771
,,,,,,,2367,14771
,,,,,,,2368,14771
,,,,,,,2369,14771
,,,,,,,2370,14771
,,,,,,,2371,14771
,,,,,,,2372,14771
,,,,,,,2373,14771
,,,,,,,2374,14771
,,,,,,,2375,14771
,,,,,,,2376,14771
,,,,,,,2377,14771
,,,,,,,2378,14771
,,,,,,,2379,14771
,,,,,,,2380,14771
,,,,,,,2381,14771
,,,,,,,2382,14771
,,,,,,,2383,14771
,,,,,,,2384,14771
,,,,,,,2385,14771
,,,,,,,2386,14771
,,,,,,,2387,14771
,,,,,,,2388,14771
,,,,,,,2389,14771
,,,,,,,2390,14771
,,,,,,,2391,14771
,,,,,,,2392,14771
,,,,,,,2393,14771
,,,,,,,2394,14771
,,,,,,,2395,14771
,,,,,,,2396,14771
,,,,,,,2397,14771
,,,,,,,2398,14771
,,,,,,,2399,14771
,,,,,,,2400,14771
,,,,,,,2401,14771
,,,,,,,2402,14771
,,,,,,,2403,14771
,,,,,,,2404,14771
,,,,,,,2405,14771
,,,,,,,2406,14771
,,,,,,,2407,14771
,,,,,,,2408,14771
,,,,,,,2409,14771
,,,,,,,2410,14771
,,,,,,,2411,14771
,,,,,,,2412,14771
,,,,,,,2413,14771
,,,,,,,2414,14771
,,,,,,,2415,14771
,,,,,,,2416,14771
,,,,,,,2417,14771
,,,,,,,2418,14771
,,,,,,,2419,14771
,,,,,,,2420,14771
,,,,,,,2421,14771
,,,,,,,2422,14771
,,,,,,,2423,14771
,,,,,,,2424,14771
,,,,,,,2425,14771
,,,,,,,2426,14771
,,,,,,,2427,14771
,,,,,,,2428,14771
,,,,,,,2429,14771
,,,,,,,2430,14771
,,,,,,,2431,14771
,,,,,,,2432,14771
,,,,,,,2433,14771
,,,,,,,2434,14771
,,,,,,,2435,14771
,,,,,,,2436,14771
,,,,,,,2437,14771
,,,,,,,2438,14771
,,,,,,,2439,14771
,,,,,,,2440,14771
,,,,,,,2441,14771
,,,,,,,2442,14771
,,,,,,,2443,14771
,,,,,,,2444,14771
,,,,,,,2445,14771
,,,,,,,2446,14771
,,,,,,,2447,14771
,,,,,,,2448,14771
,,,,,,,2449,14771
,,,,,,,2450,14771
,,,,,,,2451,14771
,,,,,,,2452,14771
,,,,,,,2453,14771
,,,,,,,2454,14771
,,,,,,,2455,14771
,,,,,,,2456,14771
,,,,,,,2457,14771
,,,,,,,2458,14771
,,,,,,,2459,14771
,,,,,,,2460,14771
,,,,,,,2461,14771
,,,,,,,2462,14771
,,,,,,,2463,14771
,,,,,,,2464,14771
,,,,,,,2465,14771
,,,,,,,2466,14771
,,,,,,,2467,14771
,,,,,,,2468,14771
,,,,,,,2469,14771
,,,,,,,2470,14771
,,,,,,,2471,14771
,,,,,,,2472,14771
,,,,,,,2473,14771
,,,,,,,2474,14771
,,,,,,,2475,14771
,,,,,,,2476,14771
,,,,,,,2477,14771
,,,,,,,2478,14771
,,,,,,,2479,14771
,,,,,,,2480,14771
,,,,,,,2481,14771
,,,,,,,2482,14771
,,,,,,,2483,14771
,,,,,,,2484,14771
,,,,,,,2485,14771
,,,,,,,2486,14771
,,,,,,,2487,14771
,,,,,,,2488,14771
,,,,,,,2489,14771
,,,,,,,2490,14771
,,,,,,,2491,14771
,,,,,,,2492,14771
,,,,,,,2493,14771
,,,,,,,2494,14771
,,,,,,,2495,14771
,,,,,,,2496,14771
,,,,,,,2497,14771
,,,,,,,2498,14771
,,,,,,,2499,14771
,,,,,,,2500,14771
,,,,,,,2501,14771
,,,,,,,2502,14771
,,,,,,,2503,14771
,,,,,,,2504,14771
,,,,,,,2505,14771
,,,,,,,2506,14771
,,,,,,,2507,14771
,,,,,,,2508,14771
,,,,,,,2509,14771
,,,,,,,2510,14771
,,,,,,,2511,14771
,,,,,,,2512,14771
,,,,,,,2513,14771
,,,,,,,2514,14771
,,,,,,,2515,14771
,,,,,,,2516,14771
,,,,,,,2517,14771
,,,,,,,2518,14771
,,,,,,,2519,14771
,,,,,,,2520,14771
,,,,,,,2521,14771
,,,,,,,2522,14771
,,,,,,,2523,14771
,,,,,,,2524,14771
,,,,,,,2525,14771
,,,,,,,2526,14771
,,,,,,,2527,14771
,,,,,,,2528,14771
,,,,,,,2529,14771
,,,,,,,2530,14771
,,,,,,,2531,14771
,,,,,,,2532,14771
,,,,,,,2533,14771
,,,,,,,2534,14771
,,,,,,,2535,14771
,,,,,,,2536,14771
,,,,,,,2537,14771
,,,,,,,2538,14771
,,,,,,,2539,14771
,,,,,,,2540,14771
,,,,,,,2541,14771
,,,,,,,2542,14771
,,,,,,,2543,14771
,,,,,,,2544,14771
,,,,,,,2545,14771
,,,,,,,2546,14771
,,,,,,,2547,14771
,,,,,,,2548,14771
,,,,,,,2549,14771
,,,,,,,2550,14771
,,,,,,,2551,14771
,,,,,,,2552,14771
,,,,,,,2553,14771
,,,,,,,2554,14771
,,,,,,,2555,14771
,,,,,,,2556,14771
,,,,,,,2557,14771
,,,,,,,2558,14771
,,,,,,,2559,14771
,,,,,,,2560,14771
,,,,,,,2561,14771
,,,,,,,2562,14771
,,,,,,,2563,14771
,,,,,,,2564,14771
,,,,,,,2565,14771
,,,,,,,2566,14771
,,,,,,,2567,14771
,,,,,,,2568,14771
,,,,,,,2569,14771
,,,,,,,2570,14771
,,,,,,,2571,14771
,,,,,,,2572,14771
,,,,,,,2573,14771
,,,,,,,2574,14771
,,,,,,,2575,14771
,,,,,,,2576,14771
,,,,,,,2577,14771
,,,,,,,2578,14771
,,,,,,,2579,14771
,,,,,,,2580,14771
,,,,,,,2581,14771
,,,,,,,2582,14771
,,,,,,,2583,14771
,,,,,,,2584,14771
,,,,,,,2585,14771
,,,,,,,2586,14771
,,,,,,,2587,14771
,,,,,,,2588,14771
,,,,,,,2589,14771
,,,,,,,2590,14771
,,,,,,,2591,14771
,,,,,,,2592,14771
,,,,,,,2593,14771
,,,,,,,2594,14771
,,,,,,,2595,14771
,,,,,,,2596,14771
,,,,,,,2597,14771
,,,,,,,2598,14771
,,,,,,,2599,14771
,,,,,,,2600,14771
,,,,,,,2601,14771
,,,,,,,2602,14771
,,,,,,,2603,14771
,,,,,,,2604,14771
,,,,,,,2605,14771
,,,,,,,2606,14771
,,,,,,,2607,14771
,,,,,,,2608,14771
,,,,,,,2609,14771
,,,,,,,2610,14771
,,,,,,,2611,14771
,,,,,,,2612,14771
,,,,,,,2613,14771
,,,,,,,2614,14771
,,,,,,,2615,14771
,,,,,,,2616,14771
,,,,,,,2617,14771
,,,,,,,2618,14771
,,,,,,,2619,14771
,,,,,,,2620,14771
,,,,,,,2621,14771
,,,,,,,2622,14771
,,,,,,,2623,14771
,,,,,,,2624,14771
,,,,,,,2625,14771
,,,,,,,2626,14771
,,,,,,,2627,14771
,,,,,,,2628,14771
,,,,,,,2629,14771
,,,,,,,2630,14771
,,,,,,,2631,14771
,,,,,,,2632,14771
,,,,,,,2633,14771
,,,,,,,2634,14771
,,,,,,,2635,14771
,,,,,,,2636,14771
,,,,,,,2637,14771
,,,,,,,2638,14771
,,,,,,,2639,14771
,,,,,,,2640,14771
,,,,,,,2641,14771
,,,,,,,2642,14771
,,,,,,,2643,14771
,,,,,,,2644,14771
,,,,,,,2645,14771
,,,,,,,2646,14771
,,,,,,,2647,14771
,,,,,,,2648,14771
,,,,,,,2649,14771
,,,,,,,2650,14771
,,,,,,,2651,14771
,,,,,,,2652,14771
,,,,,,,2653,14771
,,,,,,,2654,14771
,,,,,,,2655,14771
,,,,,,,2656,14771
,,,,,,,2657,14771
,,,,,,,2658,14771
,,,,,,,2659,14771
,,,,,,,2660,14771
,,,,,,,2661,14771
,,,,,,,2662,14771
,,,,,,,2663,14771
,,,,,,,2664,14771
,,,,,,,2665,14771
,,,,,,,2666,14771
,,,,,,,2667,14771
,,,,,,,2668,14771
,,,,,,,2669,14771
,,,,,,,2670,14771
,,,,,,,2671,14771
,,,,,,,2672,14771
,,,,,,,2673,14771
,,,,,,,2674,14771
,,,,,,,2675,14771
,,,,,,,2676,14771
,,,,,,,2677,14771
,,,,,,,2678,14771
,,,,,,,2679,14771
,,,,,,,2680,14771
,,,,,,,2681,14771
,,,,,,,2682,14771
,,,,,,,2683,14771
,,,,,,,2684,14771
,,,,,,,2685,14771
,,,,,,,2686,14771
,,,,,,,2687,14771
,,,,,,,2688,14771
,,,,,,,2689,14771
,,,,,,,2690,14771
,,,,,,,2691,14771
,,,,,,,2692,14771
,,,,,,,2693,14771
,,,,,,,2694,14771
,,,,,,,2695,14771
,,,,,,,2696,14771
,,,,,,,2697,14771
,,,,,,,2698,14771
,,,,,,,2699,14771
,,,,,,,2700,14771
,,,,,,,2701,14771
,,,,,,,2702,14771
,,,,,,,2703,14771
,,,,,,,2704,14771
,,,,,,,2705,14771
,,,,,,,2706,14771
,,,,,,,2707,14771
,,,,,,,2708,14771
,,,,,,,2709,14771
,,,,,,,2710,14771
,,,,,,,2711,14771
,,,,,,,2712,14771
,,,,,,,2713,14771
,,,,,,,2714,14771
,,,,,,,2715,14771
,,,,,,,2716,14771
,,,,,,,2717,14771
,,,,,,,2718,14771
,,,,,,,2719,14771
,,,,,,,2720,14771
,,,,,,,2721,14771
,,,,,,,2722,14771
,,,,,,,2723,14771
,,,,,,,2724,14771
,,,,,,,2725,14771
,,,,,,,2726,14771
,,,,,,,2727,14771
,,,,,,,2728,14771
,,,,,,,2729,14771
,,,,,,,2730,14771
,,,,,,,2731,14771
,,,,,,,2732,14771
,,,,,,,2733,14771
,,,,,,,2734,14771
,,,,,,,2735,14771
,,,,,,,2736,14771
,,,,,,,2737,14771
,,,,,,,2738,14771
,,,,,,,2739,14771
,,,,,,,2740,14771
,,,,,,,2741,14771
,,,,,,,2742,14771
,,,,,,,2743,14771
,,,,,,,2744,14771
,,,,,,,2745,14771
,,,,,,,2746,14771
,,,,,,,2747,14771
,,,,,,,2748,14771
,,,,,,,2749,14771
,,,,,,,2750,14771
,,,,,,,2751,14771
,,,,,,,2752,14771
,,,,,,,2753,14771
,,,,,,,2754,14771
,,,,,,,2755,14771
,,,,,,,2756,14771
,,,,,,,2757,14771
,,,,,,,2758,14771
,,,,,,,2759,14771
,,,,,,,2760,14771
,,,,,,,2761,14771
,,,,,,,2762,14771
,,,,,,,2763,14771
,,,,,,,2764,14771
,,,,,,,2765,14771
,,,,,,,2766,14771
,,,,,,,2767,14771
,,,,,,,2768,14771
,,,,,,,2769,14771
,,,,,,,2770,14771
,,,,,,,2771,14771
,,,,,,,2772,14771
,,,,,,,2773,14771
,,,,,,,2774,14771
,,,,,,,2775,14771
,,,,,,,2776,14771
,,,,,,,2777,14771
,,,,,,,2778,14771
,,,,,,,2779,14771
,,,,,,,2780,14771
,,,,,,,2781,14771
,,,,,,,2782,14771
,,,,,,,2783,14771
,,,,,,,2784,14771
,,,,,,,2785,14771
,,,,,,,2786,14771
,,,,,,,2787,14771
,,,,,,,2788,14771
,,,,,,,2789,14771
,,,,,,,2790,14771
,,,,,,,2791,14771
,,,,,,,2792,14771
,,,,,,,2793,14771
,,,,,,,2794,14771
,,,,,,,2795,14771
,,,,,,,2796,14771
,,,,,,,2797,14771
,,,,,,,2798,14771
,,,,,,,2799,14771
,,,,,,,2800,14771
,,,,,,,2801,14771
,,,,,,,2802,14771
,,,,,,,2803,14771
,,,,,,,2804,14771
,,,,,,,2805,14771
,,,,,,,2806,14771
,,,,,,,2807,14771
,,,,,,,2808,14771
,,,,,,,2809,14771
,,,,,,,2810,14771
,,,,,,,2811,14771
,,,,,,,2812,14771
,,,,,,,2813,14771
,,,,,,,2814,14771
,,,,,,,2815,14771
,,,,,,,2816,14771
,,,,,,,2817,14771
,,,,,,,2818,14771
,,,,,,,2819,14771
,,,,,,,2820,14771
,,,,,,,2821,14771
,,,,,,,2822,14771
,,,,,,,2823,14771
,,,,,,,2824,14771
,,,,,,,2825,14771
,,,,,,,2826,14771
,,,,,,,2827,14771
,,,,,,,2828,14771
,,,,,,,2829,14771
,,,,,,,2830,14771
,,,,,,,2831,14771
,,,,,,,2832,14771
,,,,,,,2833,14771
,,,,,,,2834,14771
,,,,,,,2835,14771
,,,,,,,2836,14771
,,,,,,,2837,14771
,,,,,,,2838,14771
,,,,,,,2839,14771
,,,,,,,2840,14771
,,,,,,,2841,14771
,,,,,,,2842,14771
,,,,,,,2843,14771
,,,,,,,2844,14771
,,,,,,,2845,14771
,,,,,,,2846,14771
,,,,,,,2847,14771
,,,,,,,2848,14771
,,,,,,,2849,14771
,,,,,,,2850,14771
,,,,,,,2851,14771
,,,,,,,2852,14771
,,,,,,,2853,14771
,,,,,,,2854,14771
,,,,,,,2855,14771
,,,,,,,2856,14771
,,,,,,,2857,14771
,,,,,,,2858,14771
,,,,,,,2859,14771
,,,,,,,2860,14771
,,,,,,,2861,14771
,,,,,,,2862,14771
,,,,,,,2863,14771
,,,,,,,2864,14771
,,,,,,,2865,14771
,,,,,,,2866,14771
,,,,,,,2867,14771
,,,,,,,2868,14771
,,,,,,,2869,14771
,,,,,,,2870,14771
,,,,,,,2871,14771
,,,,,,,2872,14771
,,,,,,,2873,14771
,,,,,,,2874,14771
,,,,,,,2875,14771
,,,,,,,2876,14771
,,,,,,,2877,14771
,,,,,,,2878,14771
,,,,,,,2879,14771
,,,,,,,2880,14771
,,,,,,,2881,14771
,,,,,,,2882,14771
,,,,,,,2883,14771
,,,,,,,2884,14771
,,,,,,,2885,14771
,,,,,,,2886,14771
,,,,,,,2887,14771
,,,,,,,2888,14771
,,,,,,,2889,14771
,,,,,,,2890,14771
,,,,,,,2891,14771
,,,,,,,2892,14771
,,,,,,,2893,14771
,,,,,,,2894,14771
,,,,,,,2895,14771
,,,,,,,2896,14771
,,,,,,,2897,14771
,,,,,,,2898,14771
,,,,,,,2899,14771
,,,,,,,2900,14771
,,,,,,,2901,14771
,,,,,,,2902,14771
,,,,,,,2903,14771
,,,,,,,2904,14771
,,,,,,,2905,14771
,,,,,,,2906,14771
,,,,,,,2907,14771
,,,,,,,2908,14771
,,,,,,,2909,14771
,,,,,,,2910,14771
,,,,,,,2911,14771
,,,,,,,2912,14771
,,,,,,,2913,14771
,,,,,,,2914,14771
,,,,,,,2915,14771
,,,,,,,2916,14771
,,,,,,,2917,14771
,,,,,,,2918,14771
,,,,,,,2919,14771
,,,,,,,2920,14771
,,,,,,,2921,14771
,,,,,,,2922,14771
,,,,,,,2923,14771
,,,,,,,2924,14771
,,,,,,,2925,14771
,,,,,,,2926,14771
,,,,,,,2927,14771
,,,,,,,2928,14771
,,,,,,,2929,14771
,,,,,,,2930,14771
,,,,,,,2931,14771
,,,,,,,2932,14771
,,,,,,,2933,14771
,,,,,,,2934,14771
,,,,,,,2935,14771
,,,,,,,2936,14771
,,,,,,,2937,14771
,,,,,,,2938,14771
,,,,,,,2939,14771
,,,,,,,2940,14771
,,,,,,,2941,14771
,,,,,,,2942,14771
,,,,,,,2943,14771
,,,,,,,2944,14771
,,,,,,,2945,14771
,,,,,,,2946,14771
,,,,,,,2947,14771
,,,,,,,2948,14771
,,,,,,,2949,14771
,,,,,,,2950,14771
,,,,,,,2951,14771
,,,,,,,2952,14771
,,,,,,,2953,14771
,,,,,,,2954,14771
,,,,,,,2955,14771
,,,,,,,2956,14771
,,,,,,,2957,14771
,,,,,,,2958,14771
,,,,,,,2959,14771
,,,,,,,2960,14771
,,,,,,,2961,14771
,,,,,,,2962,14771
,,,,,,,2963,14771
,,,,,,,2964,14771
,,,,,,,2965,14771
,,,,,,,2966,14771
,,,,,,,2967,14771
,,,,,,,2968,14771
,,,,,,,2969,14771
,,,,,,,2970,14771
,,,,,,,2971,14771
,,,,,,,2972,14771
,,,,,,,2973,14771
,,,,,,,2974,14771
,,,,,,,2975,14771
,,,,,,,2976,14771
,,,,,,,2977,14771
,,,,,,,2978,14771
,,,,,,,2979,14771
,,,,,,,2980,14771
,,,,,,,2981,14771
,,,,,,,2982,14771
,,,,,,,2983,14771
,,,,,,,2984,14771
,,,,,,,2985,14771
,,,,,,,2986,14771
,,,,,,,2987,14771
,,,,,,,2988,14771
,,,,,,,2989,14771
,,,,,,,2990,14771
,,,,,,,2991,14771
,,,,,,,2992,14771
,,,,,,,2993,14771
,,,,,,,2994,14771
,,,,,,,2995,14771
,,,,,,,2996,14771
,,,,,,,2997,14771
,,,,,,,2998,14771
,,,,,,,2999,14771
,,,,,,,3000,14771
,,,,,,,3001,14771
,,,,,,,3002,14771
,,,,,,,3003,14771
,,,,,,,3004,14771
,,,,,,,3005,14771
,,,,,,,3006,14771
,,,,,,,3007,14771
,,,,,,,3008,14771
,,,,,,,3009,14771
,,,,,,,3010,14771
,,,,,,,3011,14771
,,,,,,,3012,14771
,,,,,,,3013,14771
,,,,,,,3014,14771
,,,,,,,3015,14771
,,,,,,,3016,14771
,,,,,,,3017,14771
,,,,,,,3018,14771
,,,,,,,3019,14771
,,,,,,,3020,14771
,,,,,,,3021,14771
,,,,,,,3022,14771
,,,,,,,3023,14771
,,,,,,,3024,14771
,,,,,,,3025,14771
,,,,,,,3026,14771
,,,,,,,3027,14771
,,,,,,,3028,14771
,,,,,,,3029,14771
,,,,,,,3030,14771
,,,,,,,3031,14771
,,,,,,,3032,14771
,,,,,,,3033,14771
,,,,,,,3034,14771
,,,,,,,3035,14771
,,,,,,,3036,14771
,,,,,,,3037,14771
,,,,,,,3038,14771
,,,,,,,3039,14771
,,,,,,,3040,14771
,,,,,,,3041,14771
,,,,,,,3042,14771
,,,,,,,3043,14771
,,,,,,,3044,14771
,,,,,,,3045,14771
,,,,,,,3046,14771
,,,,,,,3047,14771
,,,,,,,3048,14771
,,,,,,,3049,14771
,,,,,,,3050,14771
,,,,,,,3051,14771
,,,,,,,3052,14771
,,,,,,,3053,14771
,,,,,,,3054,14771
,,,,,,,3055,14771
,,,,,,,3056,14771
,,,,,,,3057,14771
,,,,,,,3058,14771
,,,,,,,3059,14771
,,,,,,,3060,14771
,,,,,,,3061,14771
,,,,,,,3062,14771
,,,,,,,3063,14771
,,,,,,,3064,14771
,,,,,,,3065,14771
,,,,,,,3066,14771
,,,,,,,3067,14771
,,,,,,,3068,14771
,,,,,,,3069,14771
,,,,,,,3070,14771
,,,,,,,3071,14771
,,,,,,,3072,14771
,,,,,,,3073,14771
,,,,,,,3074,14771
,,,,,,,3075,14771
,,,,,,,3076,14771
,,,,,,,3077,14771
,,,,,,,3078,14771
,,,,,,,3079,14771
,,,,,,,3080,14771
,,,,,,,3081,14771
,,,,,,,3082,14771
,,,,,,,3083,14771
,,,,,,,3084,14771
,,,,,,,3085,14771
,,,,,,,3086,14771
,,,,,,,3087,14771
,,,,,,,3088,14771
,,,,,,,3089,14771
,,,,,,,3090,14771
,,,,,,,3091,14771
,,,,,,,3092,14771
,,,,,,,3093,14771
,,,,,,,3094,14771
,,,,,,,3095,14771
,,,,,,,3096,14771
,,,,,,,3097,14771
,,,,,,,3098,14771
,,,,,,,3099,14771
,,,,,,,3100,14771
,,,,,,,3101,14771
,,,,,,,3102,14771
,,,,,,,3103,14771
,,,,,,,3104,14771
,,,,,,,3105,14771
,,,,,,,3106,14771
,,,,,,,3107,14771
,,,,,,,3108,14771
,,,,,,,3109,14771
,,,,,,,3110,14771
,,,,,,,3111,14771
,,,,,,,3112,14771
,,,,,,,3113,14771
,,,,,,,3114,14771
,,,,,,,3115,14771
,,,,,,,3116,14771
,,,,,,,3117,14771
,,,,,,,3118,14771
,,,,,,,3119,14771
,,,,,,,3120,14771
,,,,,,,3121,14771
,,,,,,,3122,14771
,,,,,,,3123,14771
,,,,,,,3124,14771
,,,,,,,3125,14771
,,,,,,,3126,14771
,,,,,,,3127,14771
,,,,,,,3128,14771
,,,,,,,3129,14771
,,,,,,,3130,14771
,,,,,,,3131,14771
,,,,,,,3132,14771
,,,,,,,3133,14771
,,,,,,,3134,14771
,,,,,,,3135,14771
,,,,,,,3136,14771
,,,,,,,3137,14771
,,,,,,,3138,14771
,,,,,,,3139,14771
,,,,,,,3140,14771
,,,,,,,3141,14771
,,,,,,,3142,14771
,,,,,,,3143,14771
,,,,,,,3144,14771
,,,,,,,3145,14771
,,,,,,,3146,14771
,,,,,,,3147,14771
,,,,,,,3148,14771
,,,,,,,3149,14771
,,,,,,,3150,14771
,,,,,,,3151,14771
,,,,,,,3152,14771
,,,,,,,3153,14771
,,,,,,,3154,14771
,,,,,,,3155,14771
,,,,,,,3156,14771
,,,,,,,3157,14771
,,,,,,,3158,14771
,,,,,,,3159,14771
,,,,,,,3160,14771
,,,,,,,3161,14771
,,,,,,,3162,14771
,,,,,,,3163,14771
,,,,,,,3164,14771
,,,,,,,3165,14771
,,,,,,,3166,14771
,,,,,,,3167,14771
,,,,,,,3168,14771
,,,,,,,3169,14771
,,,,,,,3170,14771
,,,,,,,3171,14771
,,,,,,,3172,14771
,,,,,,,3173,14771
,,,,,,,3174,14771
,,,,,,,3175,14771
,,,,,,,3176,14771
,,,,,,,3177,14771
,,,,,,,3178,14771
,,,,,,,3179,14771
,,,,,,,3180,14771
,,,,,,,3181,14771
,,,,,,,3182,14771
,,,,,,,3183,14771
,,,,,,,3184,14771
,,,,,,,3185,14771
,,,,,,,3186,14771
,,,,,,,3187,14771
,,,,,,,3188,14771
,,,,,,,3189,14771
,,,,,,,3190,14771
,,,,,,,3191,14771
,,,,,,,3192,14771
,,,,,,,3193,14771
,,,,,,,3194,14771
,,,,,,,3195,14771
,,,,,,,3196,14771
,,,,,,,3197,14771
,,,,,,,3198,14771
,,,,,,,3199,14771
,,,,,,,3200,14771
,,,,,,,3201,14771
,,,,,,,3202,14771
,,,,,,,3203,14771
,,,,,,,3204,14771
,,,,,,,3205,14771
,,,,,,,3206,14771
,,,,,,,3207,14771
,,,,,,,3208,14771
,,,,,,,3209,14771
,,,,,,,3210,14771
,,,,,,,3211,14771
,,,,,,,3212,14771
,,,,,,,3213,14771
,,,,,,,3214,14771
,,,,,,,3215,14771
,,,,,,,3216,14771
,,,,,,,3217,14771
,,,,,,,3218,14771
,,,,,,,3219,14771
,,,,,,,3220,14771
,,,,,,,3221,14771
,,,,,,,3222,14771
,,,,,,,3223,14771
,,,,,,,3224,14771
,,,,,,,3225,14771
,,,,,,,3226,14771
,,,,,,,3227,14771
,,,,,,,3228,14771
,,,,,,,3229,14771
,,,,,,,3230,14771
,,,,,,,3231,14771
,,,,,,,3232,14771
,,,,,,,3233,14771
,,,,,,,3234,14771
,,,,,,,3235,14771
,,,,,,,3236,14771
,,,,,,,3237,14771
,,,,,,,3238,14771
,,,,,,,3239,14771
,,,,,,,3240,14771
,,,,,,,3241,14771
,,,,,,,3242,14771
,,,,,,,3243,14771
,,,,,,,3244,14771
,,,,,,,3245,14771
,,,,,,,3246,14771
,,,,,,,3247,14771
,,,,,,,3248,14771
,,,,,,,3249,14771
,,,,,,,3250,14771
,,,,,,,3251,14771
,,,,,,,3252,14771
,,,,,,,3253,14771
,,,,,,,3254,14771
,,,,,,,3255,14771
,,,,,,,3256,14771
,,,,,,,3257,14771
,,,,,,,3258,14771
,,,,,,,3259,14771
,,,,,,,3260,14771
,,,,,,,3261,14771
,,,,,,,3262,14771
,,,,,,,3263,14771
,,,,,,,3264,14771
,,,,,,,3265,14771
,,,,,,,3266,14771
,,,,,,,3267,14771
,,,,,,,3268,14771
,,,,,,,3269,14771
,,,,,,,3270,14771
,,,,,,,3271,14771
,,,,,,,3272,14771
,,,,,,,3273,14771
,,,,,,,3274,14771
,,,,,,,3275,14771
,,,,,,,3276,14771
,,,,,,,3277,14771
,,,,,,,3278,14771
,,,,,,,3279,14771
,,,,,,,3280,14771
,,,,,,,3281,14771
,,,,,,,3282,14771
,,,,,,,3283,14771
,,,,,,,3284,14771
,,,,,,,3285,14771
,,,,,,,3286,14771
,,,,,,,3287,14771
,,,,,,,3288,14771
,,,,,,,3289,14771
,,,,,,,3290,14771
,,,,,,,3291,14771
,,,,,,,3292,14771
,,,,,,,3293,14771
,,,,,,,3294,14771
,,,,,,,3295,14771
,,,,,,,3296,14771
,,,,,,,3297,14771
,,,,,,,3298,14771
,,,,,,,3299,14771
,,,,,,,3300,14771
,,,,,,,3301,14771
,,,,,,,3302,14771
,,,,,,,3303,14771
,,,,,,,3304,14771
,,,,,,,3305,14771
,,,,,,,3306,14771
,,,,,,,3307,14771
,,,,,,,3308,14771
,,,,,,,3309,14771
,,,,,,,3310,14771
,,,,,,,3311,14771
,,,,,,,3312,14771
,,,,,,,3313,14771
,,,,,,,3314,14771
,,,,,,,3315,14771
,,,,,,,3316,14771
,,,,,,,3317,14771
,,,,,,,3318,14771
,,,,,,,3319,14771
,,,,,,,3320,14771
,,,,,,,3321,14771
,,,,,,,3322,14771
,,,,,,,3323,14771
,,,,,,,3324,14771
,,,,,,,3325,14771
,,,,,,,3326,14771
,,,,,,,3327,14771
,,,,,,,3328,14771
,,,,,,,3329,14771
,,,,,,,3330,14771
,,,,,,,3331,14771
,,,,,,,3332,14771
,,,,,,,3333,14771
,,,,,,,3334,14771
,,,,,,,3335,14771
,,,,,,,3336,14771
,,,,,,,3337,14771
,,,,,,,3338,14771
,,,,,,,3339,14771
,,,,,,,3340,14771
,,,,,,,3341,14771
,,,,,,,3342,14771
,,,,,,,3343,14771
,,,,,,,3344,14771
,,,,,,,3345,14771
,,,,,,,3346,14771
,,,,,,,3347,14771
,,,,,,,3348,14771
,,,,,,,3349,14771
,,,,,,,3350,14771
,,,,,,,3351,14771
,,,,,,,3352,14771
,,,,,,,3353,14771
,,,,,,,3354,14771
,,,,,,,3355,14771
,,,,,,,3356,14771
,,,,,,,3357,14771
,,,,,,,3358,14771
,,,,,,,3359,14771
,,,,,,,3360,14771
,,,,,,,3361,14771
,,,,,,,3362,14771
,,,,,,,3363,14771
,,,,,,,3364,14771
,,,,,,,3365,14771
,,,,,,,3366,14771
,,,,,,,3367,14771
,,,,,,,3368,14771
,,,,,,,3369,14771
,,,,,,,3370,14771
,,,,,,,3371,14771
,,,,,,,3372,14771
,,,,,,,3373,14771
,,,,,,,3374,14771
,,,,,,,3375,14771
,,,,,,,3376,14771
,,,,,,,3377,14771
,,,,,,,3378,14771
,,,,,,,3379,14771
,,,,,,,3380,14771
,,,,,,,3381,14771
,,,,,,,3382,14771
,,,,,,,3383,14771
,,,,,,,3384,14771
,,,,,,,3385,14771
,,,,,,,3386,14771
,,,,,,,3387,14771
,,,,,,,3388,14771
,,,,,,,3389,14771
,,,,,,,3390,14771
,,,,,,,3391,14771
,,,,,,,3392,14771
,,,,,,,3393,14771
,,,,,,,3394,14771
,,,,,,,3395,14771
,,,,,,,3396,14771
,,,,,,,3397,14771
,,,,,,,3398,14771
,,,,,,,3399,14771
,,,,,,,3400,14771
,,,,,,,3401,14771
,,,,,,,3402,14771
,,,,,,,3403,14771
,,,,,,,3404,14771
,,,,,,,3405,14771
,,,,,,,3406,14771
,,,,,,,3407,14771
,,,,,,,3408,14771
,,,,,,,3409,14771
,,,,,,,3410,14771
,,,,,,,3411,14771
,,,,,,,3412,14771
,,,,,,,3413,14771
,,,,,,,3414,14771
,,,,,,,3415,14771
,,,,,,,3416,14771
,,,,,,,3417,14771
,,,,,,,3418,14771
,,,,,,,3419,14771
,,,,,,,3420,14771
,,,,,,,3421,14771
,,,,,,,3422,14771
,,,,,,,3423,14771
,,,,,,,3424,14771
,,,,,,,3425,14771
,,,,,,,3426,14771
,,,,,,,3427,14771
,,,,,,,3428,14771
,,,,,,,3429,14771
,,,,,,,3430,14771
,,,,,,,3431,14771
,,,,,,,3432,14771
,,,,,,,3433,14771
,,,,,,,3434,14771
,,,,,,,3435,14771
,,,,,,,3436,14771
,,,,,,,3437,14771
,,,,,,,3438,14771
,,,,,,,3439,14771
,,,,,,,3440,14771
,,,,,,,3441,14771
,,,,,,,3442,14771
,,,,,,,3443,14771
,,,,,,,3444,14771
,,,,,,,3445,14771
,,,,,,,3446,14771
,,,,,,,3447,14771
,,,,,,,3448,14771
,,,,,,,3449,14771
,,,,,,,3450,14771
,,,,,,,3451,14771
,,,,,,,3452,14771
,,,,,,,3453,14771
,,,,,,,3454,14771
,,,,,,,3455,14771
,,,,,,,3456,14771
,,,,,,,3457,14771
,,,,,,,3458,14771
,,,,,,,3459,14771
,,,,,,,3460,14771
,,,,,,,3461,14771
,,,,,,,3462,14771
,,,,,,,3463,14771
,,,,,,,3464,14771
,,,,,,,3465,14771
,,,,,,,3466,14771
,,,,,,,3467,14771
,,,,,,,3468,14771
,,,,,,,3469,14771
,,,,,,,3470,14771
,,,,,,,3471,14771
,,,,,,,3472,14771
,,,,,,,3473,14771
,,,,,,,3474,14771
,,,,,,,3475,14771
,,,,,,,3476,14771
,,,,,,,3477,14771
,,,,,,,3478,14771
,,,,,,,3479,14771
,,,,,,,3480,14771
,,,,,,,3481,14771
,,,,,,,3482,14771
,,,,,,,3483,14771
,,,,,,,3484,14771
,,,,,,,3485,14771
,,,,,,,3486,14771
,,,,,,,3487,14771
,,,,,,,3488,14771
,,,,,,,3489,14771
,,,,,,,3490,14771
,,,,,,,3491,14771
,,,,,,,3492,14771
,,,,,,,3493,14771
,,,,,,,3494,14771
,,,,,,,3495,14771
,,,,,,,3496,14771
,,,,,,,3497,14771
,,,,,,,3498,14771
,,,,,,,3499,14771
,,,,,,,3500,14771
,,,,,,,3501,14771
,,,,,,,3502,14771
,,,,,,,3503,14771
,,,,,,,3504,14771
,,,,,,,3505,14771
,,,,,,,3506,14771
,,,,,,,3507,14771
,,,,,,,3508,14771
,,,,,,,3509,14771
,,,,,,,3510,14771
,,,,,,,3511,14771
,,,,,,,3512,14771
,,,,,,,3513,14771
,,,,,,,3514,14771
,,,,,,,3515,14771
,,,,,,,3516,14771
,,,,,,,3517,14771
,,,,,,,3518,14771
,,,,,,,3519,14771
,,,,,,,3520,14771
,,,,,,,3521,14771
,,,,,,,3522,14771
,,,,,,,3523,14771
,,,,,,,3524,14771
,,,,,,,3525,14771
,,,,,,,3526,14771
,,,,,,,3527,14771
,,,,,,,3528,14771
,,,,,,,3529,14771
,,,,,,,3530,14771
,,,,,,,3531,14771
,,,,,,,3532,14771
,,,,,,,3533,14771
,,,,,,,3534,14771
,,,,,,,3535,14771
,,,,,,,3536,14771
,,,,,,,3537,14771
,,,,,,,3538,14771
,,,,,,,3539,14771
,,,,,,,3540,14771
,,,,,,,3541,14771
,,,,,,,3542,14771
,,,,,,,3543,14771
,,,,,,,3544,14771
,,,,,,,3545,14771
,,,,,,,3546,14771
,,,,,,,3547,14771
,,,,,,,3548,14771
,,,,,,,3549,14771
,,,,,,,3550,14771
,,,,,,,3551,14771
,,,,,,,3552,14771
,,,,,,,3553,14771
,,,,,,,3554,14771
,,,,,,,3555,14771
,,,,,,,3556,14771
,,,,,,,3557,14771
,,,,,,,3558,14771
,,,,,,,3559,14771
,,,,,,,3560,14771
,,,,,,,3561,14771
,,,,,,,3562,14771
,,,,,,,3563,14771
,,,,,,,3564,14771
,,,,,,,3565,14771
,,,,,,,3566,14771
,,,,,,,3567,14771
,,,,,,,3568,14771
,,,,,,,3569,14771
,,,,,,,3570,14771
,,,,,,,3571,14771
,,,,,,,3572,14771
,,,,,,,3573,14771
,,,,,,,3574,14771
,,,,,,,3575,14771
,,,,,,,3576,14771
,,,,,,,3577,14771
,,,,,,,3578,14771
,,,,,,,3579,14771
,,,,,,,3580,14771
,,,,,,,3581,14771
,,,,,,,3582,14771
,,,,,,,3583,14771
,,,,,,,3584,14771
,,,,,,,3585,14771
,,,,,,,3586,14771
,,,,,,,3587,14771
,,,,,,,3588,14771
,,,,,,,3589,14771
,,,,,,,3590,14771
,,,,,,,3591,14771
,,,,,,,3592,14771
,,,,,,,3593,14771
,,,,,,,3594,14771
,,,,,,,3595,14771
,,,,,,,3596,14771
,,,,,,,3597,14771
,,,,,,,3598,14771
,,,,,,,3599,14771
,,,,,,,3600,14771
,,,,,,,3601,14771
,,,,,,,3602,14771
,,,,,,,3603,14771
,,,,,,,3604,14771
,,,,,,,3605,14771
,,,,,,,3606,14771
,,,,,,,3607,14771
,,,,,,,3608,14771
,,,,,,,3609,14771
,,,,,,,3610,14771
,,,,,,,3611,14771
,,,,,,,3612,14771
,,,,,,,3613,14771
,,,,,,,3614,14771
,,,,,,,3615,14771
,,,,,,,3616,14771
,,,,,,,3617,14771
,,,,,,,3618,14771
,,,,,,,3619,14771
,,,,,,,3620,14771
,,,,,,,3621,14771
,,,,,,,3622,14771
,,,,,,,3623,14771
,,,,,,,3624,14771
,,,,,,,3625,14771
,,,,,,,3626,14771
,,,,,,,3627,14771
,,,,,,,3628,14771
,,,,,,,3629,14771
,,,,,,,3630,14771
,,,,,,,3631,14771
,,,,,,,3632,14771
,,,,,,,3633,14771
,,,,,,,3634,14771
,,,,,,,3635,14771
,,,,,,,3636,14771
,,,,,,,3637,14771
,,,,,,,3638,14771
,,,,,,,3639,14771
,,,,,,,3640,14771
,,,,,,,3641,14771
,,,,,,,3642,14771
,,,,,,,3643,14771
,,,,,,,3644,14771
,,,,,,,3645,14771
,,,,,,,3646,14771
,,,,,,,3647,14771
,,,,,,,3648,14771
,,,,,,,3649,14771
,,,,,,,3650,14771
,,,,,,,3651,14771
,,,,,,,3652,14771
,,,,,,,3653,14771
,,,,,,,3654,14771
,,,,,,,3655,14771
,,,,,,,3656,14771
,,,,,,,3657,14771
,,,,,,,3658,14771
,,,,,,,3659,14771
,,,,,,,3660,14771
,,,,,,,3661,14771
,,,,,,,3662,14771
,,,,,,,3663,14771
,,,,,,,3664,14771
,,,,,,,3665,14771
,,,,,,,3666,14771
,,,,,,,3667,14771
,,,,,,,3668,14771
,,,,,,,3669,14771
,,,,,,,3670,14771
,,,,,,,3671,14771
,,,,,,,3672,14771
,,,,,,,3673,14771
,,,,,,,3674,14771
,,,,,,,3675,14771
,,,,,,,3676,14771
,,,,,,,3677,14771
,,,,,,,3678,14771
,,,,,,,3679,14771
,,,,,,,3680,14771
,,,,,,,3681,14771
,,,,,,,3682,14771
,,,,,,,3683,14771
,,,,,,,3684,14771
,,,,,,,3685,14771
,,,,,,,3686,14771
,,,,,,,3687,14771
,,,,,,,3688,14771
,,,,,,,3689,14771
,,,,,,,3690,14771
,,,,,,,3691,14771
,,,,,,,3692,14771
,,,,,,,3693,14771
,,,,,,,3694,14771
,,,,,,,3695,14771
,,,,,,,3696,14771
,,,,,,,3697,14771
,,,,,,,3698,14771
,,,,,,,3699,14771
,,,,,,,3700,14771
,,,,,,,3701,14771
,,,,,,,3702,14771
,,,,,,,3703,14771
,,,,,,,3704,14771
,,,,,,,3705,14771
,,,,,,,3706,14771
,,,,,,,3707,14771
,,,,,,,3708,14771
,,,,,,,3709,14771
,,,,,,,3710,14771
,,,,,,,3711,14771
,,,,,,,3712,14771
,,,,,,,3713,14771
,,,,,,,3714,14771
,,,,,,,3715,14771
,,,,,,,3716,14771
,,,,,,,3717,14771
,,,,,,,3718,14771
,,,,,,,3719,14771
,,,,,,,3720,14771
,,,,,,,3721,14771
,,,,,,,3722,14771
,,,,,,,3723,14771
,,,,,,,3724,14771
,,,,,,,3725,14771
,,,,,,,3726,14771
,,,,,,,3727,14771
,,,,,,,3728,14771
,,,,,,,3729,14771
,,,,,,,3730,14771
,,,,,,,3731,14771
,,,,,,,3732,14771
,,,,,,,3733,14771
,,,,,,,3734,14771
,,,,,,,3735,14771
,,,,,,,3736,14771
,,,,,,,3737,14771
,,,,,,,3738,14771
,,,,,,,3739,14771
,,,,,,,3740,14771
,,,,,,,3741,14771
,,,,,,,3742,14771
,,,,,,,3743,14771
,,,,,,,3744,14771
,,,,,,,3745,14771
,,,,,,,3746,14771
,,,,,,,3747,14771
,,,,,,,3748,14771
,,,,,,,3749,14771
,,,,,,,3750,14771
,,,,,,,3751,14771
,,,,,,,3752,14771
,,,,,,,3753,14771
,,,,,,,3754,14771
,,,,,,,3755,14771
,,,,,,,3756,14771
,,,,,,,3757,14771
,,,,,,,3758,14771
,,,,,,,3759,14771
,,,,,,,3760,14771
,,,,,,,3761,14771
,,,,,,,3762,14771
,,,,,,,3763,14771
,,,,,,,3764,14771
,,,,,,,3765,14771
,,,,,,,3766,14771
,,,,,,,3767,14771
,,,,,,,3768,14771
,,,,,,,3769,14771
,,,,,,,3770,14771
,,,,,,,3771,14771
,,,,,,,3772,14771
,,,,,,,3773,14771
,,,,,,,3774,14771
,,,,,,,3775,14771
,,,,,,,3776,14771
,,,,,,,3777,14771
,,,,,,,3778,14771
,,,,,,,3779,14771
,,,,,,,3780,14771
,,,,,,,3781,14771
,,,,,,,3782,14771
,,,,,,,3783,14771
,,,,,,,3784,14771
,,,,,,,3785,14771
,,,,,,,3786,14771
,,,,,,,3787,14771
,,,,,,,3788,14771
,,,,,,,3789,14771
,,,,,,,3790,14771
,,,,,,,3791,14771
,,,,,,,3792,14771
,,,,,,,3793,14771
,,,,,,,3794,14771
,,,,,,,3795,14771
,,,,,,,3796,14771
,,,,,,,3797,14771
,,,,,,,3798,14771
,,,,,,,3799,14771
,,,,,,,3800,14771
,,,,,,,3801,14771
,,,,,,,3802,14771
,,,,,,,3803,14771
,,,,,,,3804,14771
,,,,,,,3805,14771
,,,,,,,3806,14771
,,,,,,,3807,14771
,,,,,,,3808,14771
,,,,,,,3809,14771
,,,,,,,3810,14771
,,,,,,,3811,14771
,,,,,,,3812,14771
,,,,,,,3813,14771
,,,,,,,3814,14771
,,,,,,,3815,14771
,,,,,,,3816,14771
,,,,,,,3817,14771
,,,,,,,3818,14771
,,,,,,,3819,14771
,,,,,,,3820,14771
,,,,,,,3821,14771
,,,,,,,3822,14771
,,,,,,,3823,14771
,,,,,,,3824,14771
,,,,,,,3825,14771
,,,,,,,3826,14771
,,,,,,,3827,14771
,,,,,,,3828,14771
,,,,,,,3829,14771
,,,,,,,3830,14771
,,,,,,,3831,14771
,,,,,,,3832,14771
,,,,,,,3833,14771
,,,,,,,3834,14771
,,,,,,,3835,14771
,,,,,,,3836,14771
,,,,,,,3837,14771
,,,,,,,3838,14771
,,,,,,,3839,14771
,,,,,,,3840,14771
,,,,,,,3841,14771
,,,,,,,3842,14771
,,,,,,,3843,14771
,,,,,,,3844,14771
,,,,,,,3845,14771
,,,,,,,3846,14771
,,,,,,,3847,14771
,,,,,,,3848,14771
,,,,,,,3849,14771
,,,,,,,3850,14771
,,,,,,,3851,14771
,,,,,,,3852,14771
,,,,,,,3853,14771
,,,,,,,3854,14771
,,,,,,,3855,14771
,,,,,,,3856,14771
,,,,,,,3857,14771
,,,,,,,3858,14771
,,,,,,,3859,14771
,,,,,,,3860,14771
,,,,,,,3861,14771
,,,,,,,3862,14771
,,,,,,,3863,14771
,,,,,,,3864,14771
,,,,,,,3865,14771
,,,,,,,3866,14771
,,,,,,,3867,14771
,,,,,,,3868,14771
,,,,,,,3869,14771
,,,,,,,3870,14771
,,,,,,,3871,14771
,,,,,,,3872,14771
,,,,,,,3873,14771
,,,,,,,3874,14771
,,,,,,,3875,14771
,,,,,,,3876,14771
,,,,,,,3877,14771
,,,,,,,3878,14771
,,,,,,,3879,14771
,,,,,,,3880,14771
,,,,,,,3881,14771
,,,,,,,3882,14771
,,,,,,,3883,14771
,,,,,,,3884,14771
,,,,,,,3885,14771
,,,,,,,3886,14771
,,,,,,,3887,14771
,,,,,,,3888,14771
,,,,,,,3889,14771
,,,,,,,3890,14771
,,,,,,,3891,14771
,,,,,,,3892,14771
,,,,,,,3893,14771
,,,,,,,3894,14771
,,,,,,,3895,14771
,,,,,,,3896,14771
,,,,,,,3897,14771
,,,,,,,3898,14771
,,,,,,,3899,14771
,,,,,,,3900,14771
,,,,,,,3901,14771
,,,,,,,3902,14771
,,,,,,,3903,14771
,,,,,,,3904,14771
,,,,,,,3905,14771
,,,,,,,3906,14771
,,,,,,,3907,14771
,,,,,,,3908,14771
,,,,,,,3909,14771
,,,,,,,3910,14771
,,,,,,,3911,14771
,,,,,,,3912,14771
,,,,,,,3913,14771
,,,,,,,3914,14771
,,,,,,,3915,14771
,,,,,,,3916,14771
,,,,,,,3917,14771
,,,,,,,3918,14771
,,,,,,,3919,14771
,,,,,,,3920,14771
,,,,,,,3921,14771
,,,,,,,3922,14771
,,,,,,,3923,14771
,,,,,,,3924,14771
,,,,,,,3925,14771
,,,,,,,3926,14771
,,,,,,,3927,14771
,,,,,,,3928,14771
,,,,,,,3929,14771
,,,,,,,3930,14771
,,,,,,,3931,14771
,,,,,,,3932,14771
,,,,,,,3933,14771
,,,,,,,3934,14771
,,,,,,,3935,14771
,,,,,,,3936,14771
,,,,,,,3937,14771
,,,,,,,3938,14771
,,,,,,,3939,14771
,,,,,,,3940,14771
,,,,,,,3941,14771
,,,,,,,3942,14771
,,,,,,,3943,14771
,,,,,,,3944,14771
,,,,,,,3945,14771
,,,,,,,3946,14771
,,,,,,,3947,14771
,,,,,,,3948,14771
,,,,,,,3949,14771
,,,,,,,3950,14771
,,,,,,,3951,14771
,,,,,,,3952,14771
,,,,,,,3953,14771
,,,,,,,3954,14771
,,,,,,,3955,14771
,,,,,,,3956,14771
,,,,,,,3957,14771
,,,,,,,3958,14771
,,,,,,,3959,14771
,,,,,,,3960,14771
,,,,,,,3961,14771
,,,,,,,3962,14771
,,,,,,,3963,14771
,,,,,,,3964,14771
,,,,,,,3965,14771
,,,,,,,3966,14771
,,,,,,,3967,14771
,,,,,,,3968,14771
,,,,,,,3969,14771
,,,,,,,3970,14771
,,,,,,,3971,14771
,,,,,,,3972,14771
,,,,,,,3973,14771
,,,,,,,3974,14771
,,,,,,,3975,14771
,,,,,,,3976,14771
,,,,,,,3977,14771
,,,,,,,3978,14771
,,,,,,,3979,14771
,,,,,,,3980,14771
,,,,,,,3981,14771
,,,,,,,3982,14771
,,,,,,,3983,14771
,,,,,,,3984,14771
,,,,,,,3985,14771
,,,,,,,3986,14771
,,,,,,,3987,14771
,,,,,,,3988,14771
,,,,,,,3989,14771
,,,,,,,3990,14771
,,,,,,,3991,14771
,,,,,,,3992,14771
,,,,,,,3993,14771
,,,,,,,3994,14771
,,,,,,,3995,14771
,,,,,,,3996,14771
,,,,,,,3997,14771
,,,,,,,3998,14771
,,,,,,,3999,14771
,,,,,,,4000,14771
,,,,,,,4001,14771
,,,,,,,4002,14771
,,,,,,,4003,14771
,,,,,,,4004,14771
,,,,,,,4005,14771
,,,,,,,4006,14771
,,,,,,,4007,14771
,,,,,,,4008,14771
,,,,,,,4009,14771
,,,,,,,4010,14771
,,,,,,,4011,14771
,,,,,,,4012,14771
,,,,,,,4013,14771
,,,,,,,4014,14771
,,,,,,,4015,14771
,,,,,,,4016,14771
,,,,,,,4017,14771
,,,,,,,4018,14771
,,,,,,,4019,14771
,,,,,,,4020,14771
,,,,,,,4021,14771
,,,,,,,4022,14771
,,,,,,,4023,14771
,,,,,,,4024,14771
,,,,,,,4025,14771
,,,,,,,4026,14771
,,,,,,,4027,14771
,,,,,,,4028,14771
,,,,,,,4029,14771
,,,,,,,4030,14771
,,,,,,,4031,14771
,,,,,,,4032,14771
,,,,,,,4033,14771
,,,,,,,4034,14771
,,,,,,,4035,14771
,,,,,,,4036,14771
,,,,,,,4037,14771
,,,,,,,4038,14771
,,,,,,,4039,14771
,,,,,,,4040,14771
,,,,,,,4041,14771
,,,,,,,4042,14771
,,,,,,,4043,14771
,,,,,,,4044,14771
,,,,,,,4045,14771
,,,,,,,4046,14771
,,,,,,,4047,14771
,,,,,,,4048,14771
,,,,,,,4049,14771
,,,,,,,4050,14771
,,,,,,,4051,14771
,,,,,,,4052,14771
,,,,,,,4053,14771
,,,,,,,4054,14771
,,,,,,,4055,14771
,,,,,,,4056,14771
,,,,,,,4057,14771
,,,,,,,4058,14771
,,,,,,,4059,14771
,,,,,,,4060,14771
,,,,,,,4061,14771
,,,,,,,4062,14771
,,,,,,,4063,14771
,,,,,,,4064,14771
,,,,,,,4065,14771
,,,,,,,4066,14771
,,,,,,,4067,14771
,,,,,,,4068,14771
,,,,,,,4069,14771
,,,,,,,4070,14771
,,,,,,,4071,14771
,,,,,,,4072,14771
,,,,,,,4073,14771
,,,,,,,4074,14771
,,,,,,,4075,14771
,,,,,,,4076,14771
,,,,,,,4077,14771
,,,,,,,4078,14771
,,,,,,,4079,14771
,,,,,,,4080,14771
,,,,,,,4081,14771
,,,,,,,4082,14771
,,,,,,,4083,14771
,,,,,,,4084,14771
,,,,,,,4085,14771
,,,,,,,4086,14771
,,,,,,,4087,14771
,,,,,,,4088,14771
,,,,,,,4089,14771
,,,,,,,4090,14771
,,,,,,,4091,14771
,,,,,,,4092,14771
,,,,,,,4093,14771
,,,,,,,4094,14771
,,,,,,,4095,14771
,,,,,,,4096,14771
,,,,,,,4097,14771
,,,,,,,4098,14771
,,,,,,,4099,14771
,,,,,,,4100,14771
,,,,,,,4101,14771
,,,,,,,4102,14771
,,,,,,,4103,14771
,,,,,,,4104,14771
,,,,,,,4105,14771
,,,,,,,4106,14771
,,,,,,,4107,14771
,,,,,,,4108,14771
,,,,,,,4109,14771
,,,,,,,4110,14771
,,,,,,,4111,14771
,,,,,,,4112,14771
,,,,,,,4113,14771
,,,,,,,4114,14771
,,,,,,,4115,14771
,,,,,,,4116,14771
,,,,,,,4117,14771
,,,,,,,4118,14771
,,,,,,,4119,14771
,,,,,,,4120,14771
,,,,,,,4121,14771
,,,,,,,4122,14771
,,,,,,,4123,14771
,,,,,,,4124,14771
,,,,,,,4125,14771
,,,,,,,4126,14771
,,,,,,,4127,14771
,,,,,,,4128,14771
,,,,,,,4129,14771
,,,,,,,4130,14771
,,,,,,,4131,14771
,,,,,,,4132,14771
,,,,,,,4133,14771
,,,,,,,4134,14771
,,,,,,,4135,14771
,,,,,,,4136,14771
,,,,,,,4137,14771
,,,,,,,4138,14771
,,,,,,,4139,14771
,,,,,,,4140,14771
,,,,,,,4141,14771
,,,,,,,4142,14771
,,,,,,,4143,14771
,,,,,,,4144,14771
,,,,,,,4145,14771
,,,,,,,4146,14771
,,,,,,,4147,14771
,,,,,,,4148,14771
,,,,,,,4149,14771
,,,,,,,4150,14771
,,,,,,,4151,14771
,,,,,,,4152,14771
,,,,,,,4153,14771
,,,,,,,4154,14771
,,,,,,,4155,14771
,,,,,,,4156,14771
,,,,,,,4157,14771
,,,,,,,4158,14771
,,,,,,,4159,14771
,,,,,,,4160,14771
,,,,,,,4161,14771
,,,,,,,4162,14771
,,,,,,,4163,14771
,,,,,,,4164,14771
,,,,,,,4165,14771
,,,,,,,4166,14771
,,,,,,,4167,14771
,,,,,,,4168,14771
,,,,,,,4169,14771
,,,,,,,4170,14771
,,,,,,,4171,14771
,,,,,,,4172,14771
,,,,,,,4173,14771
,,,,,,,4174,14771
,,,,,,,4175,14771
,,,,,,,4176,14771
,,,,,,,4177,14771
,,,,,,,4178,14771
,,,,,,,4179,14771
,,,,,,,4180,14771
,,,,,,,4181,14771
,,,,,,,4182,14771
,,,,,,,4183,14771
,,,,,,,4184,14771
,,,,,,,4185,14771
,,,,,,,4186,14771
,,,,,,,4187,14771
,,,,,,,4188,14771
,,,,,,,4189,14771
,,,,,,,4190,14771
,,,,,,,4191,14771
,,,,,,,4192,14771
,,,,,,,4193,14771
,,,,,,,4194,14771
,,,,,,,4195,14771
,,,,,,,4196,14771
,,,,,,,4197,14771
,,,,,,,4198,14771
,,,,,,,4199,14771
,,,,,,,4200,14771
,,,,,,,4201,14771
,,,,,,,4202,14771
,,,,,,,4203,14771
,,,,,,,4204,14771
,,,,,,,4205,14771
,,,,,,,4206,14771
,,,,,,,4207,14771
,,,,,,,4208,14771
,,,,,,,4209,14771
,,,,,,,4210,14771
,,,,,,,4211,14771
,,,,,,,4212,14771
,,,,,,,4213,14771
,,,,,,,4214,14771
,,,,,,,4215,14771
,,,,,,,4216,14771
,,,,,,,4217,14771
,,,,,,,4218,14771
,,,,,,,4219,14771
,,,,,,,4220,14771
,,,,,,,4221,14771
,,,,,,,4222,14771
,,,,,,,4223,14771
,,,,,,,4224,14771
,,,,,,,4225,14771
,,,,,,,4226,14771
,,,,,,,4227,14771
,,,,,,,4228,14771
,,,,,,,4229,14771
,,,,,,,4230,14771
,,,,,,,4231,14771
,,,,,,,4232,14771
,,,,,,,4233,14771
,,,,,,,4234,14771
,,,,,,,4235,14771
,,,,,,,4236,14771
,,,,,,,4237,14771
,,,,,,,4238,14771
,,,,,,,4239,14771
,,,,,,,4240,14771
,,,,,,,4241,14771
,,,,,,,4242,14771
,,,,,,,4243,14771
,,,,,,,4244,14771
,,,,,,,4245,14771
,,,,,,,4246,14771
,,,,,,,4247,14771
,,,,,,,4248,14771
,,,,,,,4249,14771
,,,,,,,4250,14771
,,,,,,,4251,14771
,,,,,,,4252,14771
,,,,,,,4253,14771
,,,,,,,4254,14771
,,,,,,,4255,14771
,,,,,,,4256,14771
,,,,,,,4257,14771
,,,,,,,4258,14771
,,,,,,,4259,14771
,,,,,,,4260,14771
,,,,,,,4261,14771
,,,,,,,4262,14771
,,,,,,,4263,14771
,,,,,,,4264,14771
,,,,,,,4265,14771
,,,,,,,4266,14771
,,,,,,,4267,14771
,,,,,,,4268,14771
,,,,,,,4269,14771
,,,,,,,4270,14771
,,,,,,,4271,14771
,,,,,,,4272,14771
,,,,,,,4273,14771
,,,,,,,4274,14771
,,,,,,,4275,14771
,,,,,,,4276,14771
,,,,,,,4277,14771
,,,,,,,4278,14771
,,,,,,,4279,14771
,,,,,,,4280,14771
,,,,,,,4281,14771
,,,,,,,4282,14771
,,,,,,,4283,14771
,,,,,,,4284,14771
,,,,,,,4285,14771
,,,,,,,4286,14771
,,,,,,,4287,14771
,,,,,,,4288,14771
,,,,,,,4289,14771
,,,,,,,4290,14771
,,,,,,,4291,14771
,,,,,,,4292,14771
,,,,,,,4293,14771
,,,,,,,4294,14771
,,,,,,,4295,14771
,,,,,,,4296,14771
,,,,,,,4297,14771
,,,,,,,4298,14771
,,,,,,,4299,14771
,,,,,,,4300,14771
,,,,,,,4301,14771
,,,,,,,4302,14771
,,,,,,,4303,14771
,,,,,,,4304,14771
,,,,,,,4305,14771
,,,,,,,4306,14771
,,,,,,,4307,14771
,,,,,,,4308,14771
,,,,,,,4309,14771
,,,,,,,4310,14771
,,,,,,,4311,14771
,,,,,,,4312,14771
,,,,,,,4313,14771
,,,,,,,4314,14771
,,,,,,,4315,14771
,,,,,,,4316,14771
,,,,,,,4317,14771
,,,,,,,4318,14771
,,,,,,,4319,14771
,,,,,,,4320,14771
,,,,,,,4321,14771
,,,,,,,4322,14771
,,,,,,,4323,14771
,,,,,,,4324,14771
,,,,,,,4325,14771
,,,,,,,4326,14771
,,,,,,,4327,14771
,,,,,,,4328,14771
,,,,,,,4329,14771
,,,,,,,4330,14771
,,,,,,,4331,14771
,,,,,,,4332,14771
,,,,,,,4333,14771
,,,,,,,4334,14771
,,,,,,,4335,14771
,,,,,,,4336,14771
,,,,,,,4337,14771
,,,,,,,4338,14771
,,,,,,,4339,14771
,,,,,,,4340,14771
,,,,,,,4341,14771
,,,,,,,4342,14771
,,,,,,,4343,14771
,,,,,,,4344,14771
,,,,,,,4345,14771
,,,,,,,4346,14771
,,,,,,,4347,14771
,,,,,,,4348,14771
,,,,,,,4349,14771
,,,,,,,4350,14771
,,,,,,,4351,14771
,,,,,,,4352,14771
,,,,,,,4353,14771
,,,,,,,4354,14771
,,,,,,,4355,14771
,,,,,,,4356,14771
,,,,,,,4357,14771
,,,,,,,4358,14771
,,,,,,,4359,14771
,,,,,,,4360,14771
,,,,,,,4361,14771
,,,,,,,4362,14771
,,,,,,,4363,14771
,,,,,,,4364,14771
,,,,,,,4365,14771
,,,,,,,4366,14771
,,,,,,,4367,14771
,,,,,,,4368,14771
,,,,,,,4369,14771
,,,,,,,4370,14771
,,,,,,,4371,14771
,,,,,,,4372,14771
,,,,,,,4373,14771
,,,,,,,4374,14771
,,,,,,,4375,14771
,,,,,,,4376,14771
,,,,,,,4377,14771
,,,,,,,4378,14771
,,,,,,,4379,14771
,,,,,,,4380,14771
,,,,,,,4381,14771
,,,,,,,4382,14771
,,,,,,,4383,14771
,,,,,,,4384,14771
,,,,,,,4385,14771
,,,,,,,4386,14771
,,,,,,,4387,14771
,,,,,,,4388,14771
,,,,,,,4389,14771
,,,,,,,4390,14771
,,,,,,,4391,14771
,,,,,,,4392,14771
,,,,,,,4393,14771
,,,,,,,4394,14771
,,,,,,,4395,14771
,,,,,,,4396,14771
,,,,,,,4397,14771
,,,,,,,4398,14771
,,,,,,,4399,14771
,,,,,,,4400,14771
,,,,,,,4401,14771
,,,,,,,4402,14771
,,,,,,,4403,14771
,,,,,,,4404,14771
,,,,,,,4405,14771
,,,,,,,4406,14771
,,,,,,,4407,14771
,,,,,,,4408,14771
,,,,,,,4409,14771
,,,,,,,4410,14771
,,,,,,,4411,14771
,,,,,,,4412,14771
,,,,,,,4413,14771
,,,,,,,4414,14771
,,,,,,,4415,14771
,,,,,,,4416,14771
,,,,,,,4417,14771
,,,,,,,4418,14771
,,,,,,,4419,14771
,,,,,,,4420,14771
,,,,,,,4421,14771
,,,,,,,4422,14771
,,,,,,,4423,14771
,,,,,,,4424,14771
,,,,,,,4425,14771
,,,,,,,4426,14771
,,,,,,,4427,14771
,,,,,,,4428,14771
,,,,,,,4429,14771
,,,,,,,4430,14771
,,,,,,,4431,14771
,,,,,,,4432,14771
,,,,,,,4433,14771
,,,,,,,4434,14771
,,,,,,,4435,14771
,,,,,,,4436,14771
,,,,,,,4437,14771
,,,,,,,4438,14771
,,,,,,,4439,14771
,,,,,,,4440,14771
,,,,,,,4441,14771
,,,,,,,4442,14771
,,,,,,,4443,14771
,,,,,,,4444,14771
,,,,,,,4445,14771
,,,,,,,4446,14771
,,,,,,,4447,14771
,,,,,,,4448,14771
,,,,,,,4449,14771
,,,,,,,4450,14771
,,,,,,,4451,14771
,,,,,,,4452,14771
,,,,,,,4453,14771
,,,,,,,4454,14771
,,,,,,,4455,14771
,,,,,,,4456,14771
,,,,,,,4457,14771
,,,,,,,4458,14771
,,,,,,,4459,14771
,,,,,,,4460,14771
,,,,,,,4461,14771
,,,,,,,4462,14771
,,,,,,,4463,14771
,,,,,,,4464,14771
,,,,,,,4465,14771
,,,,,,,4466,14771
,,,,,,,4467,14771
,,,,,,,4468,14771
,,,,,,,4469,14771
,,,,,,,4470,14771
,,,,,,,4471,14771
,,,,,,,4472,14771
,,,,,,,4473,14771
,,,,,,,4474,14771
,,,,,,,4475,14771
,,,,,,,4476,14771
,,,,,,,4477,14771
,,,,,,,4478,14771
,,,,,,,4479,14771
,,,,,,,4480,14771
,,,,,,,4481,14771
,,,,,,,4482,14771
,,,,,,,4483,14771
,,,,,,,4484,14771
,,,,,,,4485,14771
,,,,,,,4486,14771
,,,,,,,4487,14771
,,,,,,,4488,14771
,,,,,,,4489,14771
,,,,,,,4490,14771
,,,,,,,4491,14771
,,,,,,,4492,14771
,,,,,,,4493,14771
,,,,,,,4494,14771
,,,,,,,4495,14771
,,,,,,,4496,14771
,,,,,,,4497,14771
,,,,,,,4498,14771
,,,,,,,4499,14771
,,,,,,,4500,14771
,,,,,,,4501,14771
,,,,,,,4502,14771
,,,,,,,4503,14771
,,,,,,,4504,14771
,,,,,,,4505,14771
,,,,,,,4506,14771
,,,,,,,4507,14771
,,,,,,,4508,14771
,,,,,,,4509,14771
,,,,,,,4510,14771
,,,,,,,4511,14771
,,,,,,,4512,14771
,,,,,,,4513,14771
,,,,,,,4514,14771
,,,,,,,4515,14771
,,,,,,,4516,14771
,,,,,,,4517,14771
,,,,,,,4518,14771
,,,,,,,4519,14771
,,,,,,,4520,14771
,,,,,,,4521,14771
,,,,,,,4522,14771
,,,,,,,4523,14771
,,,,,,,4524,14771
,,,,,,,4525,14771
,,,,,,,4526,14771
,,,,,,,4527,14771
,,,,,,,4528,14771
,,,,,,,4529,14771
,,,,,,,4530,14771
,,,,,,,4531,14771
,,,,,,,4532,14771
,,,,,,,4533,14771
,,,,,,,4534,14771
,,,,,,,4535,14771
,,,,,,,4536,14771
,,,,,,,4537,14771
,,,,,,,4538,14771
,,,,,,,4539,14771
,,,,,,,4540,14771
,,,,,,,4541,14771
,,,,,,,4542,14771
,,,,,,,4543,14771
,,,,,,,4544,14771
,,,,,,,4545,14771
,,,,,,,4546,14771
,,,,,,,4547,14771
,,,,,,,4548,14771
,,,,,,,4549,14771
,,,,,,,4550,14771
,,,,,,,4551,14771
,,,,,,,4552,14771
,,,,,,,4553,14771
,,,,,,,4554,14771
,,,,,,,4555,14771
,,,,,,,4556,14771
,,,,,,,4557,14771
,,,,,,,4558,14771
,,,,,,,4559,14771
,,,,,,,4560,14771
,,,,,,,4561,14771
,,,,,,,4562,14771
,,,,,,,4563,14771
,,,,,,,4564,14771
,,,,,,,4565,14771
,,,,,,,4566,14771
,,,,,,,4567,14771
,,,,,,,4568,14771
,,,,,,,4569,14771
,,,,,,,4570,14771
,,,,,,,4571,14771
,,,,,,,4572,14771
,,,,,,,4573,14771
,,,,,,,4574,14771
,,,,,,,4575,14771
,,,,,,,4576,14771
,,,,,,,4577,14771
,,,,,,,4578,14771
,,,,,,,4579,14771
,,,,,,,4580,14771
,,,,,,,4581,14771
,,,,,,,4582,14771
,,,,,,,4583,14771
,,,,,,,4584,14771
,,,,,,,4585,14771
,,,,,,,4586,14771
,,,,,,,4587,14771
,,,,,,,4588,14771
,,,,,,,4589,14771
,,,,,,,4590,14771
,,,,,,,4591,14771
,,,,,,,4592,14771
,,,,,,,4593,14771
,,,,,,,4594,14771
,,,,,,,4595,14771
,,,,,,,4596,14771
,,,,,,,4597,14771
,,,,,,,4598,14771
,,,,,,,4599,14771
,,,,,,,4600,14771
,,,,,,,4601,14771
,,,,,,,4602,14771
,,,,,,,4603,14771
,,,,,,,4604,14771
,,,,,,,4605,14771
,,,,,,,4606,14771
,,,,,,,4607,14771
,,,,,,,4608,14771
,,,,,,,4609,14771
,,,,,,,4610,14771
,,,,,,,4611,14771
,,,,,,,4612,14771
,,,,,,,4613,14771
,,,,,,,4614,14771
,,,,,,,4615,14771
,,,,,,,4616,14771
,,,,,,,4617,14771
,,,,,,,4618,14771
,,,,,,,4619,14771
,,,,,,,4620,14771
,,,,,,,4621,14771
,,,,,,,4622,14771
,,,,,,,4623,14771
,,,,,,,4624,14771
,,,,,,,4625,14771
,,,,,,,4626,14771
,,,,,,,4627,14771
,,,,,,,4628,14771
,,,,,,,4629,14771
,,,,,,,4630,14771
,,,,,,,4631,14771
,,,,,,,4632,14771
,,,,,,,4633,14771
,,,,,,,4634,14771
,,,,,,,4635,14771
,,,,,,,4636,14771
,,,,,,,4637,14771
,,,,,,,4638,14771
,,,,,,,4639,14771
,,,,,,,4640,14771
,,,,,,,4641,14771
,,,,,,,4642,14771
,,,,,,,4643,14771
,,,,,,,4644,14771
,,,,,,,4645,14771
,,,,,,,4646,14771
,,,,,,,4647,14771
,,,,,,,4648,14771
,,,,,,,4649,14771
,,,,,,,4650,14771
,,,,,,,4651,14771
,,,,,,,4652,14771
,,,,,,,4653,14771
,,,,,,,4654,14771
,,,,,,,4655,14771
,,,,,,,4656,14771
,,,,,,,4657,14771
,,,,,,,4658,14771
,,,,,,,4659,14771
,,,,,,,4660,14771
,,,,,,,4661,14771
,,,,,,,4662,14771
,,,,,,,4663,14771
,,,,,,,4664,14771
,,,,,,,4665,14771
,,,,,,,4666,14771
,,,,,,,4667,14771
,,,,,,,4668,14771
,,,,,,,4669,14771
,,,,,,,4670,14771
,,,,,,,4671,14771
,,,,,,,4672,14771
,,,,,,,4673,14771
,,,,,,,4674,14771
,,,,,,,4675,14771
,,,,,,,4676,14771
,,,,,,,4677,14771
,,,,,,,4678,14771
,,,,,,,4679,14771
,,,,,,,4680,14771
,,,,,,,4681,14771
,,,,,,,4682,14771
,,,,,,,4683,14771
,,,,,,,4684,14771
,,,,,,,4685,14771
,,,,,,,4686,14771
,,,,,,,4687,14771
,,,,,,,4688,14771
,,,,,,,4689,14771
,,,,,,,4690,14771
,,,,,,,4691,14771
,,,,,,,4692,14771
,,,,,,,4693,14771
,,,,,,,4694,14771
,,,,,,,4695,14771
,,,,,,,4696,14771
,,,,,,,4697,14771
,,,,,,,4698,14771
,,,,,,,4699,14771
,,,,,,,4700,14771
,,,,,,,4701,14771
,,,,,,,4702,14771
,,,,,,,4703,14771
,,,,,,,4704,14771
,,,,,,,4705,14771
,,,,,,,4706,14771
,,,,,,,4707,14771
,,,,,,,4708,14771
,,,,,,,4709,14771
,,,,,,,4710,14771
,,,,,,,4711,14771
,,,,,,,4712,14771
,,,,,,,4713,14771
,,,,,,,4714,14771
,,,,,,,4715,14771
,,,,,,,4716,14771
,,,,,,,4717,14771
,,,,,,,4718,14771
,,,,,,,4719,14771
,,,,,,,4720,14771
,,,,,,,4721,14771
,,,,,,,4722,14771
,,,,,,,4723,14771
,,,,,,,4724,14771
,,,,,,,4725,14771
,,,,,,,4726,14771
,,,,,,,4727,14771
,,,,,,,4728,14771
,,,,,,,4729,14771
,,,,,,,4730,14771
,,,,,,,4731,14771
,,,,,,,4732,14771
,,,,,,,4733,14771
,,,,,,,4734,14771
,,,,,,,4735,14771
,,,,,,,4736,14771
,,,,,,,4737,14771
,,,,,,,4738,14771
,,,,,,,4739,14771
,,,,,,,4740,14771
,,,,,,,4741,14771
,,,,,,,4742,14771
,,,,,,,4743,14771
,,,,,,,4744,14771
,,,,,,,4745,14771
,,,,,,,4746,14771
,,,,,,,4747,14771
,,,,,,,4748,14771
,,,,,,,4749,14771
,,,,,,,4750,14771
,,,,,,,4751,14771
,,,,,,,4752,14771
,,,,,,,4753,14771
,,,,,,,4754,14771
,,,,,,,4755,14771
,,,,,,,4756,14771
,,,,,,,4757,14771
,,,,,,,4758,14771
,,,,,,,4759,14771
,,,,,,,4760,14771
,,,,,,,4761,14771
,,,,,,,4762,14771
,,,,,,,4763,14771
,,,,,,,4764,14771
,,,,,,,4765,14771
,,,,,,,4766,14771
,,,,,,,4767,14771
,,,,,,,4768,14771
,,,,,,,4769,14771
,,,,,,,4770,14771
,,,,,,,4771,14771
,,,,,,,4772,14771
,,,,,,,4773,14771
,,,,,,,4774,14771
,,,,,,,4775,14771
,,,,,,,4776,14771
,,,,,,,4777,14771
,,,,,,,4778,14771
,,,,,,,4779,14771
,,,,,,,4780,14771
,,,,,,,4781,14771
,,,,,,,4782,14771
,,,,,,,4783,14771
,,,,,,,4784,14771
,,,,,,,4785,14771
,,,,,,,4786,14771
,,,,,,,4787,14771
,,,,,,,4788,14771
,,,,,,,4789,14771
,,,,,,,4790,14771
,,,,,,,4791,14771
,,,,,,,4792,14771
,,,,,,,4793,14771
,,,,,,,4794,14771
,,,,,,,4795,14771
,,,,,,,4796,14771
,,,,,,,4797,14771
,,,,,,,4798,14771
,,,,,,,4799,14771
,,,,,,,4800,14771
,,,,,,,4801,14771
,,,,,,,4802,14771
,,,,,,,4803,14771
,,,,,,,4804,14771
,,,,,,,4805,14771
,,,,,,,4806,14771
,,,,,,,4807,14771
,,,,,,,4808,14771
,,,,,,,4809,14771
,,,,,,,4810,14771
,,,,,,,4811,14771
,,,,,,,4812,14771
,,,,,,,4813,14771
,,,,,,,4814,14771
,,,,,,,4815,14771
,,,,,,,4816,14771
,,,,,,,4817,14771
,,,,,,,4818,14771
,,,,,,,4819,14771
,,,,,,,4820,14771
,,,,,,,4821,14771
,,,,,,,4822,14771
,,,,,,,4823,14771
,,,,,,,4824,14771
,,,,,,,4825,14771
,,,,,,,4826,14771
,,,,,,,4827,14771
,,,,,,,4828,14771
,,,,,,,4829,14771
,,,,,,,4830,14771
,,,,,,,4831,14771
,,,,,,,4832,14771
,,,,,,,4833,14771
,,,,,,,4834,14771
,,,,,,,4835,14771
,,,,,,,4836,14771
,,,,,,,4837,14771
,,,,,,,4838,14771
,,,,,,,4839,14771
,,,,,,,4840,14771
,,,,,,,4841,14771
,,,,,,,4842,14771
,,,,,,,4843,14771
,,,,,,,4844,14771
,,,,,,,4845,14771
,,,,,,,4846,14771
,,,,,,,4847,14771
,,,,,,,4848,14771
,,,,,,,4849,14771
,,,,,,,4850,14771
,,,,,,,4851,14771
,,,,,,,4852,14771
,,,,,,,4853,14771
,,,,,,,4854,14771
,,,,,,,4855,14771
,,,,,,,4856,14771
,,,,,,,4857,14771
,,,,,,,4858,14771
,,,,,,,4859,14771
,,,,,,,4860,14771
,,,,,,,4861,14771
,,,,,,,4862,14771
,,,,,,,4863,14771
,,,,,,,4864,14771
,,,,,,,4865,14771
,,,,,,,4866,14771
,,,,,,,4867,14771
,,,,,,,4868,14771
,,,,,,,4869,14771
,,,,,,,4870,14771
,,,,,,,4871,14771
,,,,,,,4872,14771
,,,,,,,4873,14771
,,,,,,,4874,14771
,,,,,,,4875,14771
,,,,,,,4876,14771
,,,,,,,4877,14771
,,,,,,,4878,14771
,,,,,,,4879,14771
,,,,,,,4880,14771
,,,,,,,4881,14771
,,,,,,,4882,14771
,,,,,,,4883,14771
,,,,,,,4884,14771
,,,,,,,4885,14771
,,,,,,,4886,14771
,,,,,,,4887,14771
,,,,,,,4888,14771
,,,,,,,4889,14771
,,,,,,,4890,14771
,,,,,,,4891,14771
,,,,,,,4892,14771
,,,,,,,4893,14771
,,,,,,,4894,14771
,,,,,,,4895,14771
,,,,,,,4896,14771
,,,,,,,4897,14771
,,,,,,,4898,14771
,,,,,,,4899,14771
,,,,,,,4900,14771
,,,,,,,4901,14771
,,,,,,,4902,14771
,,,,,,,4903,14771
,,,,,,,4904,14771
,,,,,,,4905,14771
,,,,,,,4906,14771
,,,,,,,4907,14771
,,,,,,,4908,14771
,,,,,,,4909,14771
,,,,,,,4910,14771
,,,,,,,4911,14771
,,,,,,,4912,14771
,,,,,,,4913,14771
,,,,,,,4914,14771
,,,,,,,4915,14771
,,,,,,,4916,14771
,,,,,,,4917,14771
,,,,,,,4918,14771
,,,,,,,4919,14771
,,,,,,,4920,14771
,,,,,,,4921,14771
,,,,,,,4922,14771
,,,,,,,4923,14771
,,,,,,,4924,14771
,,,,,,,4925,14771
,,,,,,,4926,14771
,,,,,,,4927,14771
,,,,,,,4928,14771
,,,,,,,4929,14771
,,,,,,,4930,14771
,,,,,,,4931,14771
,,,,,,,4932,14771
,,,,,,,4933,14771
,,,,,,,4934,14771
,,,,,,,4935,14771
,,,,,,,4936,14771
,,,,,,,4937,14771
,,,,,,,4938,14771
,,,,,,,4939,14771
,,,,,,,4940,14771
,,,,,,,4941,14771
,,,,,,,4942,14771
,,,,,,,4943,14771
,,,,,,,4944,14771
,,,,,,,4945,14771
,,,,,,,4946,14771
,,,,,,,4947,14771
,,,,,,,4948,14771
,,,,,,,4949,14771
,,,,,,,4950,14771
,,,,,,,4951,14771
,,,,,,,4952,14771
,,,,,,,4953,14771
,,,,,,,4954,14771
,,,,,,,4955,14771
,,,,,,,4956,14771
,,,,,,,4957,14771
,,,,,,,4958,14771
,,,,,,,4959,14771
,,,,,,,4960,14771
,,,,,,,4961,14771
,,,,,,,4962,14771
,,,,,,,4963,14771
,,,,,,,4964,14771
,,,,,,,4965,14771
,,,,,,,4966,14771
,,,,,,,4967,14771
,,,,,,,4968,14771
,,,,,,,4969,14771
,,,,,,,4970,14771
,,,,,,,4971,14771
,,,,,,,4972,14771
,,,,,,,4973,14771
,,,,,,,4974,14771
,,,,,,,4975,14771
,,,,,,,4976,14771
,,,,,,,4977,14771
,,,,,,,4978,14771
,,,,,,,4979,14771
,,,,,,,4980,14771
,,,,,,,4981,14771
,,,,,,,4982,14771
,,,,,,,4983,14771
,,,,,,,4984,14771
,,,,,,,4985,14771
,,,,,,,4986,14771
,,,,,,,4987,14771
,,,,,,,4988,14771
,,,,,,,4989,14771
,,,,,,,4990,14771
,,,,,,,4991,14771
,,,,,,,4992,14771
,,,,,,,4993,14771
,,,,,,,4994,14771
,,,,,,,4995,14771
,,,,,,,4996,14771
,,,,,,,4997,14771
,,,,,,,4998,14771
,,,,,,,4999,14771
,,,,,,,5000,14771
,,,,,,,5001,14771
,,,,,,,5002,14771
,,,,,,,5003,14771
,,,,,,,5004,14771
,,,,,,,5005,14771
,,,,,,,5006,14771
,,,,,,,5007,14771
,,,,,,,5008,14771
,,,,,,,5009,14771
,,,,,,,5010,14771
,,,,,,,5011,14771
,,,,,,,5012,14771
,,,,,,,5013,14771
,,,,,,,5014,14771
,,,,,,,5015,14771
,,,,,,,5016,14771
,,,,,,,5017,14771
,,,,,,,5018,14771
,,,,,,,5019,14771
,,,,,,,5020,14771
,,,,,,,5021,14771
,,,,,,,5022,14771
,,,,,,,5023,14771
,,,,,,,5024,14771
,,,,,,,5025,14771
,,,,,,,5026,14771
,,,,,,,5027,14771
,,,,,,,5028,14771
,,,,,,,5029,14771
,,,,,,,5030,14771
,,,,,,,5031,14771
,,,,,,,5032,14771
,,,,,,,5033,14771
,,,,,,,5034,14771
,,,,,,,5035,14771
,,,,,,,5036,14771
,,,,,,,5037,14771
,,,,,,,5038,14771
,,,,,,,5039,14771
,,,,,,,5040,14771
,,,,,,,5041,14771
,,,,,,,5042,14771
,,,,,,,5043,14771
,,,,,,,5044,14771
,,,,,,,5045,14771
,,,,,,,5046,14771
,,,,,,,5047,14771
,,,,,,,5048,14771
,,,,,,,5049,14771
,,,,,,,5050,14771
,,,,,,,5051,14771
,,,,,,,5052,14771
,,,,,,,5053,14771
,,,,,,,5054,14771
,,,,,,,5055,14771
,,,,,,,5056,14771
,,,,,,,5057,14771
,,,,,,,5058,14771
,,,,,,,5059,14771
,,,,,,,5060,14771
,,,,,,,5061,14771
,,,,,,,5062,14771
,,,,,,,5063,14771
,,,,,,,5064,14771
,,,,,,,5065,14771
,,,,,,,5066,14771
,,,,,,,5067,14771
,,,,,,,5068,14771
,,,,,,,5069,14771
,,,,,,,5070,14771
,,,,,,,5071,14771
,,,,,,,5072,14771
,,,,,,,5073,14771
,,,,,,,5074,14771
,,,,,,,5075,14771
,,,,,,,5076,14771
,,,,,,,5077,14771
,,,,,,,5078,14771
,,,,,,,5079,14771
,,,,,,,5080,14771
,,,,,,,5081,14771
,,,,,,,5082,14771
,,,,,,,5083,14771
,,,,,,,5084,14771
,,,,,,,5085,14771
,,,,,,,5086,14771
,,,,,,,5087,14771
,,,,,,,5088,14771
,,,,,,,5089,14771
,,,,,,,5090,14771
,,,,,,,5091,14771
,,,,,,,5092,14771
,,,,,,,5093,14771
,,,,,,,5094,14771
,,,,,,,5095,14771
,,,,,,,5096,14771
,,,,,,,5097,14771
,,,,,,,5098,14771
,,,,,,,5099,14771
,,,,,,,5100,14771
,,,,,,,5101,14771
,,,,,,,5102,14771
,,,,,,,5103,14771
,,,,,,,5104,14771
,,,,,,,5105,14771
,,,,,,,5106,14771
,,,,,,,5107,14771
,,,,,,,5108,14771
,,,,,,,5109,14771
,,,,,,,5110,14771
,,,,,,,5111,14771
,,,,,,,5112,14771
,,,,,,,5113,14771
,,,,,,,5114,14771
,,,,,,,5115,14771
,,,,,,,5116,14771
,,,,,,,5117,14771
,,,,,,,5118,14771
,,,,,,,5119,14771
,,,,,,,5120,14771
,,,,,,,5121,14771
,,,,,,,5122,14771
,,,,,,,5123,14771
,,,,,,,5124,14771
,,,,,,,5125,14771
,,,,,,,5126,14771
,,,,,,,5127,14771
,,,,,,,5128,14771
,,,,,,,5129,14771
,,,,,,,5130,14771
,,,,,,,5131,14771
,,,,,,,5132,14771
,,,,,,,5133,14771
,,,,,,,5134,14771
,,,,,,,5135,14771
,,,,,,,5136,14771
,,,,,,,5137,14771
,,,,,,,5138,14771
,,,,,,,5139,14771
,,,,,,,5140,14771
,,,,,,,5141,14771
,,,,,,,5142,14771
,,,,,,,5143,14771
,,,,,,,5144,14771
,,,,,,,5145,14771
,,,,,,,5146,14771
,,,,,,,5147,14771
,,,,,,,5148,14771
,,,,,,,5149,14771
,,,,,,,5150,14771
,,,,,,,5151,14771
,,,,,,,5152,14771
,,,,,,,5153,14771
,,,,,,,5154,14771
,,,,,,,5155,14771
,,,,,,,5156,14771
,,,,,,,5157,14771
,,,,,,,5158,14771
,,,,,,,5159,14771
,,,,,,,5160,14771
,,,,,,,5161,14771
,,,,,,,5162,14771
,,,,,,,5163,14771
,,,,,,,5164,14771
,,,,,,,5165,14771
,,,,,,,5166,14771
,,,,,,,5167,14771
,,,,,,,5168,14771
,,,,,,,5169,14771
,,,,,,,5170,14771
,,,,,,,5171,14771
,,,,,,,5172,14771
,,,,,,,5173,14771
,,,,,,,5174,14771
,,,,,,,5175,14771
,,,,,,,5176,14771
,,,,,,,5177,14771
,,,,,,,5178,14771
,,,,,,,5179,14771
,,,,,,,5180,14771
,,,,,,,5181,14771
,,,,,,,5182,14771
,,,,,,,5183,14771
,,,,,,,5184,14771
,,,,,,,5185,14771
,,,,,,,5186,14771
,,,,,,,5187,14771
,,,,,,,5188,14771
,,,,,,,5189,14771
,,,,,,,5190,14771
,,,,,,,5191,14771
,,,,,,,5192,14771
,,,,,,,5193,14771
,,,,,,,5194,14771
,,,,,,,5195,14771
,,,,,,,5196,14771
,,,,,,,5197,14771
,,,,,,,5198,14771
,,,,,,,5199,14771
,,,,,,,5200,14771
,,,,,,,5201,14771
,,,,,,,5202,14771
,,,,,,,5203,14771
,,,,,,,5204,14771
,,,,,,,5205,14771
,,,,,,,5206,14771
,,,,,,,5207,14771
,,,,,,,5208,14771
,,,,,,,5209,14771
,,,,,,,5210,14771
,,,,,,,5211,14771
,,,,,,,5212,14771
,,,,,,,5213,14771
,,,,,,,5214,14771
,,,,,,,5215,14771
,,,,,,,5216,14771
,,,,,,,5217,14771
,,,,,,,5218,14771
,,,,,,,5219,14771
,,,,,,,5220,14771
,,,,,,,5221,14771
,,,,,,,5222,14771
,,,,,,,5223,14771
,,,,,,,5224,14771
,,,,,,,5225,14771
,,,,,,,5226,14771
,,,,,,,5227,14771
,,,,,,,5228,14771
,,,,,,,5229,14771
,,,,,,,5230,14771
,,,,,,,5231,14771
,,,,,,,5232,14771
,,,,,,,5233,14771
,,,,,,,5234,14771
,,,,,,,5235,14771
,,,,,,,5236,14771
,,,,,,,5237,14771
,,,,,,,5238,14771
,,,,,,,5239,14771
,,,,,,,5240,14771
,,,,,,,5241,14771
,,,,,,,5242,14771
,,,,,,,5243,14771
,,,,,,,5244,14771
,,,,,,,5245,14771
,,,,,,,5246,14771
,,,,,,,5247,14771
,,,,,,,5248,14771
,,,,,,,5249,14771
,,,,,,,5250,14771
,,,,,,,5251,14771
,,,,,,,5252,14771
,,,,,,,5253,14771
,,,,,,,5254,14771
,,,,,,,5255,14771
,,,,,,,5256,14771
,,,,,,,5257,14771
,,,,,,,5258,14771
,,,,,,,5259,14771
,,,,,,,5260,14771
,,,,,,,5261,14771
,,,,,,,5262,14771
,,,,,,,5263,14771
,,,,,,,5264,14771
,,,,,,,5265,14771
,,,,,,,5266,14771
,,,,,,,5267,14771
,,,,,,,5268,14771
,,,,,,,5269,14771
,,,,,,,5270,14771
,,,,,,,5271,14771
,,,,,,,5272,14771
,,,,,,,5273,14771
,,,,,,,5274,14771
,,,,,,,5275,14771
,,,,,,,5276,14771
,,,,,,,5277,14771
,,,,,,,5278,14771
,,,,,,,5279,14771
,,,,,,,5280,14771
,,,,,,,5281,14771
,,,,,,,5282,14771
,,,,,,,5283,14771
,,,,,,,5284,14771
,,,,,,,5285,14771
,,,,,,,5286,14771
,,,,,,,5287,14771
,,,,,,,5288,14771
,,,,,,,5289,14771
,,,,,,,5290,14771
,,,,,,,5291,14771
,,,,,,,5292,14771
,,,,,,,5293,14771
,,,,,,,5294,14771
,,,,,,,5295,14771
,,,,,,,5296,14771
,,,,,,,5297,14771
,,,,,,,5298,14771
,,,,,,,5299,14771
,,,,,,,5300,14771
,,,,,,,5301,14771
,,,,,,,5302,14771
,,,,,,,5303,14771
,,,,,,,5304,14771
,,,,,,,5305,14771
,,,,,,,5306,14771
,,,,,,,5307,14771
,,,,,,,5308,14771
,,,,,,,5309,14771
,,,,,,,5310,14771
,,,,,,,5311,14771
,,,,,,,5312,14771
,,,,,,,5313,14771
,,,,,,,5314,14771
,,,,,,,5315,14771
,,,,,,,5316,14771
,,,,,,,5317,14771
,,,,,,,5318,14771
,,,,,,,5319,14771
,,,,,,,5320,14771
,,,,,,,5321,14771
,,,,,,,5322,14771
,,,,,,,5323,14771
,,,,,,,5324,14771
,,,,,,,5325,14771
,,,,,,,5326,14771
,,,,,,,5327,14771
,,,,,,,5328,14771
,,,,,,,5329,14771
,,,,,,,5330,14771
,,,,,,,5331,14771
,,,,,,,5332,14771
,,,,,,,5333,14771
,,,,,,,5334,14771
,,,,,,,5335,14771
,,,,,,,5336,14771
,,,,,,,5337,14771
,,,,,,,5338,14771
,,,,,,,5339,14771
,,,,,,,5340,14771
,,,,,,,5341,14771
,,,,,,,5342,14771
,,,,,,,5343,14771
,,,,,,,5344,14771
,,,,,,,5345,14771
,,,,,,,5346,14771
,,,,,,,5347,14771
,,,,,,,5348,14771
,,,,,,,5349,14771
,,,,,,,5350,14771
,,,,,,,5351,14771
,,,,,,,5352,14771
,,,,,,,5353,14771
,,,,,,,5354,14771
,,,,,,,5355,14771
,,,,,,,5356,14771
,,,,,,,5357,14771
,,,,,,,5358,14771
,,,,,,,5359,14771
,,,,,,,5360,14771
,,,,,,,5361,14771
,,,,,,,5362,14771
,,,,,,,5363,14771
,,,,,,,5364,14771
,,,,,,,5365,14771
,,,,,,,5366,14771
,,,,,,,5367,14771
,,,,,,,5368,14771
,,,,,,,5369,14771
,,,,,,,5370,14771
,,,,,,,5371,14771
,,,,,,,5372,14771
,,,,,,,5373,14771
,,,,,,,5374,14771
,,,,,,,5375,14771
,,,,,,,5376,14771
,,,,,,,5377,14771
,,,,,,,5378,14771
,,,,,,,5379,14771
,,,,,,,5380,14771
,,,,,,,5381,14771
,,,,,,,5382,14771
,,,,,,,5383,14771
,,,,,,,5384,14771
,,,,,,,5385,14771
,,,,,,,5386,14771
,,,,,,,5387,14771
,,,,,,,5388,14771
,,,,,,,5389,14771
,,,,,,,5390,14771
,,,,,,,5391,14771
,,,,,,,5392,14771
,,,,,,,5393,14771
,,,,,,,5394,14771
,,,,,,,5395,14771
,,,,,,,5396,14771
,,,,,,,5397,14771
,,,,,,,5398,14771
,,,,,,,5399,14771
,,,,,,,5400,14771
,,,,,,,5401,14771
,,,,,,,5402,14771
,,,,,,,5403,14771
,,,,,,,5404,14771
,,,,,,,5405,14771
,,,,,,,5406,14771
,,,,,,,5407,14771
,,,,,,,5408,14771
,,,,,,,5409,14771
,,,,,,,5410,14771
,,,,,,,5411,14771
,,,,,,,5412,14771
,,,,,,,5413,14771
,,,,,,,5414,14771
,,,,,,,5415,14771
,,,,,,,5416,14771
,,,,,,,5417,14771
,,,,,,,5418,14771
,,,,,,,5419,14771
,,,,,,,5420,14771
,,,,,,,5421,14771
,,,,,,,5422,14771
,,,,,,,5423,14771
,,,,,,,5424,14771
,,,,,,,5425,14771
,,,,,,,5426,14771
,,,,,,,5427,14771
,,,,,,,5428,14771
,,,,,,,5429,14771
,,,,,,,5430,14771
,,,,,,,5431,14771
,,,,,,,5432,14771
,,,,,,,5433,14771
,,,,,,,5434,14771
,,,,,,,5435,14771
,,,,,,,5436,14771
,,,,,,,5437,14771
,,,,,,,5438,14771
,,,,,,,5439,14771
,,,,,,,5440,14771
,,,,,,,5441,14771
,,,,,,,5442,14771
,,,,,,,5443,14771
,,,,,,,5444,14771
,,,,,,,5445,14771
,,,,,,,5446,14771
,,,,,,,5447,14771
,,,,,,,5448,14771
,,,,,,,5449,14771
,,,,,,,5450,14771
,,,,,,,5451,14771
,,,,,,,5452,14771
,,,,,,,5453,14771
,,,,,,,5454,14771
,,,,,,,5455,14771
,,,,,,,5456,14771
,,,,,,,5457,14771
,,,,,,,5458,14771
,,,,,,,5459,14771
,,,,,,,5460,14771
,,,,,,,5461,14771
,,,,,,,5462,14771
,,,,,,,5463,14771
,,,,,,,5464,14771
,,,,,,,5465,14771
,,,,,,,5466,14771
,,,,,,,5467,14771
,,,,,,,5468,14771
,,,,,,,5469,14771
,,,,,,,5470,14771
,,,,,,,5471,14771
,,,,,,,5472,14771
,,,,,,,5473,14771
,,,,,,,5474,14771
,,,,,,,5475,14771
,,,,,,,5476,14771
,,,,,,,5477,14771
,,,,,,,5478,14771
,,,,,,,5479,14771
,,,,,,,5480,14771
,,,,,,,5481,14771
,,,,,,,5482,14771
,,,,,,,5483,14771
,,,,,,,5484,14771
,,,,,,,5485,14771
,,,,,,,5486,14771
,,,,,,,5487,14771
,,,,,,,5488,14771
,,,,,,,5489,14771
,,,,,,,5490,14771
,,,,,,,5491,14771
,,,,,,,5492,14771
,,,,,,,5493,14771
,,,,,,,5494,14771
,,,,,,,5495,14771
,,,,,,,5496,14771
,,,,,,,5497,14771
,,,,,,,5498,14771
,,,,,,,5499,14771
,,,,,,,5500,14771
,,,,,,,5501,14771
,,,,,,,5502,14771
,,,,,,,5503,14771
,,,,,,,5504,14771
,,,,,,,5505,14771
,,,,,,,5506,14771
,,,,,,,5507,14771
,,,,,,,5508,14771
,,,,,,,5509,14771
,,,,,,,5510,14771
,,,,,,,5511,14771
,,,,,,,5512,14771
,,,,,,,5513,14771
,,,,,,,5514,14771
,,,,,,,5515,14771
,,,,,,,5516,14771
,,,,,,,5517,14771
,,,,,,,5518,14771
,,,,,,,5519,14771
,,,,,,,5520,14771
,,,,,,,5521,14771
,,,,,,,5522,14771
,,,,,,,5523,14771
,,,,,,,5524,14771
,,,,,,,5525,14771
,,,,,,,5526,14771
,,,,,,,5527,14771
,,,,,,,5528,14771
,,,,,,,5529,14771
,,,,,,,5530,14771
,,,,,,,5531,14771
,,,,,,,5532,14771
,,,,,,,5533,14771
,,,,,,,5534,14771
,,,,,,,5535,14771
,,,,,,,5536,14771
,,,,,,,5537,14771
,,,,,,,5538,14771
,,,,,,,5539,14771
,,,,,,,5540,14771
,,,,,,,5541,14771
,,,,,,,5542,14771
,,,,,,,5543,14771
,,,,,,,5544,14771
,,,,,,,5545,14771
,,,,,,,5546,14771
,,,,,,,5547,14771
,,,,,,,5548,14771
,,,,,,,5549,14771
,,,,,,,5550,14771
,,,,,,,5551,14771
,,,,,,,5552,14771
,,,,,,,5553,14771
,,,,,,,5554,14771
,,,,,,,5555,14771
,,,,,,,5556,14771
,,,,,,,5557,14771
,,,,,,,5558,14771
,,,,,,,5559,14771
,,,,,,,5560,14771
,,,,,,,5561,14771
,,,,,,,5562,14771
,,,,,,,5563,14771
,,,,,,,5564,14771
,,,,,,,5565,14771
,,,,,,,5566,14771
,,,,,,,5567,14771
,,,,,,,5568,14771
,,,,,,,5569,14771
,,,,,,,5570,14771
,,,,,,,5571,14771
,,,,,,,5572,14771
,,,,,,,5573,14771
,,,,,,,5574,14771
,,,,,,,5575,14771
,,,,,,,5576,14771
,,,,,,,5577,14771
,,,,,,,5578,14771
,,,,,,,5579,14771
,,,,,,,5580,14771
,,,,,,,5581,14771
,,,,,,,5582,14771
,,,,,,,5583,14771
,,,,,,,5584,14771
,,,,,,,5585,14771
,,,,,,,5586,14771
,,,,,,,5587,14771
,,,,,,,5588,14771
,,,,,,,5589,14771
,,,,,,,5590,14771
,,,,,,,5591,14771
,,,,,,,5592,14771
,,,,,,,5593,14771
,,,,,,,5594,14771
,,,,,,,5595,14771
,,,,,,,5596,14771
,,,,,,,5597,14771
,,,,,,,5598,14771
,,,,,,,5599,14771
,,,,,,,5600,14771
,,,,,,,5601,14771
,,,,,,,5602,14771
,,,,,,,5603,14771
,,,,,,,5604,14771
,,,,,,,5605,14771
,,,,,,,5606,14771
,,,,,,,5607,14771
,,,,,,,5608,14771
,,,,,,,5609,14771
,,,,,,,5610,14771
,,,,,,,5611,14771
,,,,,,,5612,14771
,,,,,,,5613,14771
,,,,,,,5614,14771
,,,,,,,5615,14771
,,,,,,,5616,14771
,,,,,,,5617,14771
,,,,,,,5618,14771
,,,,,,,5619,14771
,,,,,,,5620,14771
,,,,,,,5621,14771
,,,,,,,5622,14771
,,,,,,,5623,14771
,,,,,,,5624,14771
,,,,,,,5625,14771
,,,,,,,5626,14771
,,,,,,,5627,14771
,,,,,,,5628,14771
,,,,,,,5629,14771
,,,,,,,5630,14771
,,,,,,,5631,14771
,,,,,,,5632,14771
,,,,,,,5633,14771
,,,,,,,5634,14771
,,,,,,,5635,14771
,,,,,,,5636,14771
,,,,,,,5637,14771
,,,,,,,5638,14771
,,,,,,,5639,14771
,,,,,,,5640,14771
,,,,,,,5641,14771
,,,,,,,5642,14771
,,,,,,,5643,14771
,,,,,,,5644,14771
,,,,,,,5645,14771
,,,,,,,5646,14771
,,,,,,,5647,14771
,,,,,,,5648,14771
,,,,,,,5649,14771
,,,,,,,5650,14771
,,,,,,,5651,14771
,,,,,,,5652,14771
,,,,,,,5653,14771
,,,,,,,5654,14771
,,,,,,,5655,14771
,,,,,,,5656,14771
,,,,,,,5657,14771
,,,,,,,5658,14771
,,,,,,,5659,14771
,,,,,,,5660,14771
,,,,,,,5661,14771
,,,,,,,5662,14771
,,,,,,,5663,14771
,,,,,,,5664,14771
,,,,,,,5665,14771
,,,,,,,5666,14771
,,,,,,,5667,14771
,,,,,,,5668,14771
,,,,,,,5669,14771
,,,,,,,5670,14771
,,,,,,,5671,14771
,,,,,,,5672,14771
,,,,,,,5673,14771
,,,,,,,5674,14771
,,,,,,,5675,14771
,,,,,,,5676,14771
,,,,,,,5677,14771
,,,,,,,5678,14771
,,,,,,,5679,14771
,,,,,,,5680,14771
,,,,,,,5681,14771
,,,,,,,5682,14771
,,,,,,,5683,14771
,,,,,,,5684,14771
,,,,,,,5685,14771
,,,,,,,5686,14771
,,,,,,,5687,14771
,,,,,,,5688,14771
,,,,,,,5689,14771
,,,,,,,5690,14771
,,,,,,,5691,14771
,,,,,,,5692,14771
,,,,,,,5693,14771
,,,,,,,5694,14771
,,,,,,,5695,14771
,,,,,,,5696,14771
,,,,,,,5697,14771
,,,,,,,5698,14771
,,,,,,,5699,14771
,,,,,,,5700,14771
,,,,,,,5701,14771
,,,,,,,5702,14771
,,,,,,,5703,14771
,,,,,,,5704,14771
,,,,,,,5705,14771
,,,,,,,5706,14771
,,,,,,,5707,14771
,,,,,,,5708,14771
,,,,,,,5709,14771
,,,,,,,5710,14771
,,,,,,,5711,14771
,,,,,,,5712,14771
,,,,,,,5713,14771
,,,,,,,5714,14771
,,,,,,,5715,14771
,,,,,,,5716,14771
,,,,,,,5717,14771
,,,,,,,5718,14771
,,,,,,,5719,14771
,,,,,,,5720,14771
,,,,,,,5721,14771
,,,,,,,5722,14771
,,,,,,,5723,14771
,,,,,,,5724,14771
,,,,,,,5725,14771
,,,,,,,5726,14771
,,,,,,,5727,14771
,,,,,,,5728,14771
,,,,,,,5729,14771
,,,,,,,5730,14771
,,,,,,,5731,14771
,,,,,,,5732,14771
,,,,,,,5733,14771
,,,,,,,5734,14771
,,,,,,,5735,14771
,,,,,,,5736,14771
,,,,,,,5737,14771
,,,,,,,5738,14771
,,,,,,,5739,14771
,,,,,,,5740,14771
,,,,,,,5741,14771
,,,,,,,5742,14771
,,,,,,,5743,14771
,,,,,,,5744,14771
,,,,,,,5745,14771
,,,,,,,5746,14771
,,,,,,,5747,14771
,,,,,,,5748,14771
,,,,,,,5749,14771
,,,,,,,5750,14771
,,,,,,,5751,14771
,,,,,,,5752,14771
,,,,,,,5753,14771
,,,,,,,5754,14771
,,,,,,,5755,14771
,,,,,,,5756,14771
,,,,,,,5757,14771
,,,,,,,5758,14771
,,,,,,,5759,14771
,,,,,,,5760,14771
,,,,,,,5761,14771
,,,,,,,5762,14771
,,,,,,,5763,14771
,,,,,,,5764,14771
,,,,,,,5765,14771
,,,,,,,5766,14771
,,,,,,,5767,14771
,,,,,,,5768,14771
,,,,,,,5769,14771
,,,,,,,5770,14771
,,,,,,,5771,14771
,,,,,,,5772,14771
,,,,,,,5773,14771
,,,,,,,5774,14771
,,,,,,,5775,14771
,,,,,,,5776,14771
,,,,,,,5777,14771
,,,,,,,5778,14771
,,,,,,,5779,14771
,,,,,,,5780,14771
,,,,,,,5781,14771
,,,,,,,5782,14771
,,,,,,,5783,14771
,,,,,,,5784,14771
,,,,,,,5785,14771
,,,,,,,5786,14771
,,,,,,,5787,14771
,,,,,,,5788,14771
,,,,,,,5789,14771
,,,,,,,5790,14771
,,,,,,,5791,14771
,,,,,,,5792,14771
,,,,,,,5793,14771
,,,,,,,5794,14771
,,,,,,,5795,14771
,,,,,,,5796,14771
,,,,,,,5797,14771
,,,,,,,5798,14771
,,,,,,,5799,14771
,,,,,,,5800,14771
,,,,,,,5801,14771
,,,,,,,5802,14771
,,,,,,,5803,14771
,,,,,,,5804,14771
,,,,,,,5805,14771
,,,,,,,5806,14771
,,,,,,,5807,14771
,,,,,,,5808,14771
,,,,,,,5809,14771
,,,,,,,5810,14771
,,,,,,,5811,14771
,,,,,,,5812,14771
,,,,,,,5813,14771
,,,,,,,5814,14771
,,,,,,,5815,14771
,,,,,,,5816,14771
,,,,,,,5817,14771
,,,,,,,5818,14771
,,,,,,,5819,14771
,,,,,,,5820,14771
,,,,,,,5821,14771
,,,,,,,5822,14771
,,,,,,,5823,14771
,,,,,,,5824,14771
,,,,,,,5825,14771
,,,,,,,5826,14771
,,,,,,,5827,14771
,,,,,,,5828,14771
,,,,,,,5829,14771
,,,,,,,5830,14771
,,,,,,,5831,14771
,,,,,,,5832,14771
,,,,,,,5833,14771
,,,,,,,5834,14771
,,,,,,,5835,14771
,,,,,,,5836,14771
,,,,,,,5837,14771
,,,,,,,5838,14771
,,,,,,,5839,14771
,,,,,,,5840,14771
,,,,,,,5841,14771
,,,,,,,5842,14771
,,,,,,,5843,14771
,,,,,,,5844,14771
,,,,,,,5845,14771
,,,,,,,5846,14771
,,,,,,,5847,14771
,,,,,,,5848,14771
,,,,,,,5849,14771
,,,,,,,5850,14771
,,,,,,,5851,14771
,,,,,,,5852,14771
,,,,,,,5853,14771
,,,,,,,5854,14771
,,,,,,,5855,14771
,,,,,,,5856,14771
,,,,,,,5857,14771
,,,,,,,5858,14771
,,,,,,,5859,14771
,,,,,,,5860,14771
,,,,,,,5861,14771
,,,,,,,5862,14771
,,,,,,,5863,14771
,,,,,,,5864,14771
,,,,,,,5865,14771
,,,,,,,5866,14771
,,,,,,,5867,14771
,,,,,,,5868,14771
,,,,,,,5869,14771
,,,,,,,5870,14771
,,,,,,,5871,14771
,,,,,,,5872,14771
,,,,,,,5873,14771
,,,,,,,5874,14771
,,,,,,,5875,14771
,,,,,,,5876,14771
,,,,,,,5877,14771
,,,,,,,5878,14771
,,,,,,,5879,14771
,,,,,,,5880,14771
,,,,,,,5881,14771
,,,,,,,5882,14771
,,,,,,,5883,14771
,,,,,,,5884,14771
,,,,,,,5885,14771
,,,,,,,5886,14771
,,,,,,,5887,14771
,,,,,,,5888,14771
,,,,,,,5889,14771
,,,,,,,5890,14771
,,,,,,,5891,14771
,,,,,,,5892,14771
,,,,,,,5893,14771
,,,,,,,5894,14771
,,,,,,,5895,14771
,,,,,,,5896,14771
,,,,,,,5897,14771
,,,,,,,5898,14771
,,,,,,,5899,14771
,,,,,,,5900,14771
,,,,,,,5901,14771
,,,,,,,5902,14771
,,,,,,,5903,14771
,,,,,,,5904,14771
,,,,,,,5905,14771
,,,,,,,5906,14771
,,,,,,,5907,14771
,,,,,,,5908,14771
,,,,,,,5909,14771
,,,,,,,5910,14771
,,,,,,,5911,14771
,,,,,,,5912,14771
,,,,,,,5913,14771
,,,,,,,5914,14771
,,,,,,,5915,14771
,,,,,,,5916,14771
,,,,,,,5917,14771
,,,,,,,5918,14771
,,,,,,,5919,14771
,,,,,,,5920,14771
,,,,,,,5921,14771
,,,,,,,5922,14771
,,,,,,,5923,14771
,,,,,,,5924,14771
,,,,,,,5925,14771
,,,,,,,5926,14771
,,,,,,,5927,14771
,,,,,,,5928,14771
,,,,,,,5929,14771
,,,,,,,5930,14771
,,,,,,,5931,14771
,,,,,,,5932,14771
,,,,,,,5933,14771
,,,,,,,5934,14771
,,,,,,,5935,14771
,,,,,,,5936,14771
,,,,,,,5937,14771
,,,,,,,5938,14771
,,,,,,,5939,14771
,,,,,,,5940,14771
,,,,,,,5941,14771
,,,,,,,5942,14771
,,,,,,,5943,14771
,,,,,,,5944,14771
,,,,,,,5945,14771
,,,,,,,5946,14771
,,,,,,,5947,14771
,,,,,,,5948,14771
,,,,,,,5949,14771
,,,,,,,5950,14771
,,,,,,,5951,14771
,,,,,,,5952,14771
,,,,,,,5953,14771
,,,,,,,5954,14771
,,,,,,,5955,14771
,,,,,,,5956,14771
,,,,,,,5957,14771
,,,,,,,5958,14771
,,,,,,,5959,14771
,,,,,,,5960,14771
,,,,,,,5961,14771
,,,,,,,5962,14771
,,,,,,,5963,14771
,,,,,,,5964,14771
,,,,,,,5965,14771
,,,,,,,5966,14771
,,,,,,,5967,14771
,,,,,,,5968,14771
,,,,,,,5969,14771
,,,,,,,5970,14771
,,,,,,,5971,14771
,,,,,,,5972,14771
,,,,,,,5973,14771
,,,,,,,5974,14771
,,,,,,,5975,14771
,,,,,,,5976,14771
,,,,,,,5977,14771
,,,,,,,5978,14771
,,,,,,,5979,14771
,,,,,,,5980,14771
,,,,,,,5981,14771
,,,,,,,5982,14771
,,,,,,,5983,14771
,,,,,,,5984,14771
,,,,,,,5985,14771
,,,,,,,5986,14771
,,,,,,,5987,14771
,,,,,,,5988,14771
,,,,,,,5989,14771
,,,,,,,5990,14771
,,,,,,,5991,14771
,,,,,,,5992,14771
,,,,,,,5993,14771
,,,,,,,5994,14771
,,,,,,,5995,14771
,,,,,,,5996,14771
,,,,,,,5997,14771
,,,,,,,5998,14771
,,,,,,,5999,14771
,,,,,,,6000,14771
,,,,,,,6001,14771
,,,,,,,6002,14771
,,,,,,,6003,14771
,,,,,,,6004,14771
,,,,,,,6005,14771
,,,,,,,6006,14771
,,,,,,,6007,14771
,,,,,,,6008,14771
,,,,,,,6009,14771
,,,,,,,6010,14771
,,,,,,,6011,14771
,,,,,,,6012,14771
,,,,,,,6013,14771
,,,,,,,6014,14771
,,,,,,,6015,14771
,,,,,,,6016,14771
,,,,,,,6017,14771
,,,,,,,6018,14771
,,,,,,,6019,14771
,,,,,,,6020,14771
,,,,,,,6021,14771
,,,,,,,6022,14771
,,,,,,,6023,14771
,,,,,,,6024,14771
,,,,,,,6025,14771
,,,,,,,6026,14771
,,,,,,,6027,14771
,,,,,,,6028,14771
,,,,,,,6029,14771
,,,,,,,6030,14771
,,,,,,,6031,14771
,,,,,,,6032,14771
,,,,,,,6033,14771
,,,,,,,6034,14771
,,,,,,,6035,14771
,,,,,,,6036,14771
,,,,,,,6037,14771
,,,,,,,6038,14771
,,,,,,,6039,14771
,,,,,,,6040,14771
,,,,,,,6041,14771
,,,,,,,6042,14771
,,,,,,,6043,14771
,,,,,,,6044,14771
,,,,,,,6045,14771
,,,,,,,6046,14771
,,,,,,,6047,14771
,,,,,,,6048,14771
,,,,,,,6049,14771
,,,,,,,6050,14771
,,,,,,,6051,14771
,,,,,,,6052,14771
,,,,,,,6053,14771
,,,,,,,6054,14771
,,,,,,,6055,14771
,,,,,,,6056,14771
,,,,,,,6057,14771
,,,,,,,6058,14771
,,,,,,,6059,14771
,,,,,,,6060,14771
,,,,,,,6061,14771
,,,,,,,6062,14771
,,,,,,,6063,14771
,,,,,,,6064,14771
,,,,,,,6065,14771
,,,,,,,6066,14771
,,,,,,,6067,14771
,,,,,,,6068,14771
,,,,,,,6069,14771
,,,,,,,6070,14771
,,,,,,,6071,14771
,,,,,,,6072,14771
,,,,,,,6073,14771
,,,,,,,6074,14771
,,,,,,,6075,14771
,,,,,,,6076,14771
,,,,,,,6077,14771
,,,,,,,6078,14771
,,,,,,,6079,14771
,,,,,,,6080,14771
,,,,,,,6081,14771
,,,,,,,6082,14771
,,,,,,,6083,14771
,,,,,,,6084,14771
,,,,,,,6085,14771
,,,,,,,6086,14771
,,,,,,,6087,14771
,,,,,,,6088,14771
,,,,,,,6089,14771
,,,,,,,6090,14771
,,,,,,,6091,14771
,,,,,,,6092,14771
,,,,,,,6093,14771
,,,,,,,6094,14771
,,,,,,,6095,14771
,,,,,,,6096,14771
,,,,,,,6097,14771
,,,,,,,6098,14771
,,,,,,,6099,14771
,,,,,,,6100,14771
,,,,,,,6101,14771
,,,,,,,6102,14771
,,,,,,,6103,14771
,,,,,,,6104,14771
,,,,,,,6105,14771
,,,,,,,6106,14771
,,,,,,,6107,14771
,,,,,,,6108,14771
,,,,,,,6109,14771
,,,,,,,6110,14771
,,,,,,,6111,14771
,,,,,,,6112,14771
,,,,,,,6113,14771
,,,,,,,6114,14771
,,,,,,,6115,14771
,,,,,,,6116,14771
,,,,,,,6117,14771
,,,,,,,6118,14771
,,,,,,,6119,14771
,,,,,,,6120,14771
,,,,,,,6121,14771
,,,,,,,6122,14771
,,,,,,,6123,14771
,,,,,,,6124,14771
,,,,,,,6125,14771
,,,,,,,6126,14771
,,,,,,,6127,14771
,,,,,,,6128,14771
,,,,,,,6129,14771
,,,,,,,6130,14771
,,,,,,,6131,14771
,,,,,,,6132,14771
,,,,,,,6133,14771
,,,,,,,6134,14771
,,,,,,,6135,14771
,,,,,,,6136,14771
,,,,,,,6137,14771
,,,,,,,6138,14771
,,,,,,,6139,14771
,,,,,,,6140,14771
,,,,,,,6141,14771
,,,,,,,6142,14771
,,,,,,,6143,14771
,,,,,,,6144,14771
,,,,,,,6145,14771
,,,,,,,6146,14771
,,,,,,,6147,14771
,,,,,,,6148,14771
,,,,,,,6149,14771
,,,,,,,6150,14771
,,,,,,,6151,14771
,,,,,,,6152,14771
,,,,,,,6153,14771
,,,,,,,6154,14771
,,,,,,,6155,14771
,,,,,,,6156,14771
,,,,,,,6157,14771
,,,,,,,6158,14771
,,,,,,,6159,14771
,,,,,,,6160,14771
,,,,,,,6161,14771
,,,,,,,6162,14771
,,,,,,,6163,14771
,,,,,,,6164,14771
,,,,,,,6165,14771
,,,,,,,6166,14771
,,,,,,,6167,14771
,,,,,,,6168,14771
,,,,,,,6169,14771
,,,,,,,6170,14771
,,,,,,,6171,14771
,,,,,,,6172,14771
,,,,,,,6173,14771
,,,,,,,6174,14771
,,,,,,,6175,14771
,,,,,,,6176,14771
,,,,,,,6177,14771
,,,,,,,6178,14771
,,,,,,,6179,14771
,,,,,,,6180,14771
,,,,,,,6181,14771
,,,,,,,6182,14771
,,,,,,,6183,14771
,,,,,,,6184,14771
,,,,,,,6185,14771
,,,,,,,6186,14771
,,,,,,,6187,14771
,,,,,,,6188,14771
,,,,,,,6189,14771
,,,,,,,6190,14771
,,,,,,,6191,14771
,,,,,,,6192,14771
,,,,,,,6193,14771
,,,,,,,6194,14771
,,,,,,,6195,14771
,,,,,,,6196,14771
,,,,,,,6197,14771
,,,,,,,6198,14771
,,,,,,,6199,14771
,,,,,,,6200,14771
,,,,,,,6201,14771
,,,,,,,6202,14771
,,,,,,,6203,14771
,,,,,,,6204,14771
,,,,,,,6205,14771
,,,,,,,6206,14771
,,,,,,,6207,14771
,,,,,,,6208,14771
,,,,,,,6209,14771
,,,,,,,6210,14771
,,,,,,,6211,14771
,,,,,,,6212,14771
,,,,,,,6213,14771
,,,,,,,6214,14771
,,,,,,,6215,14771
,,,,,,,6216,14771
,,,,,,,6217,14771
,,,,,,,6218,14771
,,,,,,,6219,14771
,,,,,,,6220,14771
,,,,,,,6221,14771
,,,,,,,6222,14771
,,,,,,,6223,14771
,,,,,,,6224,14771
,,,,,,,6225,14771
,,,,,,,6226,14771
,,,,,,,6227,14771
,,,,,,,6228,14771
,,,,,,,6229,14771
,,,,,,,6230,14771
,,,,,,,6231,14771
,,,,,,,6232,14771
,,,,,,,6233,14771
,,,,,,,6234,14771
,,,,,,,6235,14771
,,,,,,,6236,14771
,,,,,,,6237,14771
,,,,,,,6238,14771
,,,,,,,6239,14771
,,,,,,,6240,14771
,,,,,,,6241,14771
,,,,,,,6242,14771
,,,,,,,6243,14771
,,,,,,,6244,14771
,,,,,,,6245,14771
,,,,,,,6246,14771
,,,,,,,6247,14771
,,,,,,,6248,14771
,,,,,,,6249,14771
,,,,,,,6250,14771
,,,,,,,6251,14771
,,,,,,,6252,14771
,,,,,,,6253,14771
,,,,,,,6254,14771
,,,,,,,6255,14771
,,,,,,,6256,14771
,,,,,,,6257,14771
,,,,,,,6258,14771
,,,,,,,6259,14771
,,,,,,,6260,14771
,,,,,,,6261,14771
,,,,,,,6262,14771
,,,,,,,6263,14771
,,,,,,,6264,14771
,,,,,,,6265,14771
,,,,,,,6266,14771
,,,,,,,6267,14771
,,,,,,,6268,14771
,,,,,,,6269,14771
,,,,,,,6270,14771
,,,,,,,6271,14771
,,,,,,,6272,14771
,,,,,,,6273,14771
,,,,,,,6274,14771
,,,,,,,6275,14771
,,,,,,,6276,14771
,,,,,,,6277,14771
,,,,,,,6278,14771
,,,,,,,6279,14771
,,,,,,,6280,14771
,,,,,,,6281,14771
,,,,,,,6282,14771
,,,,,,,6283,14771
,,,,,,,6284,14771
,,,,,,,6285,14771
,,,,,,,6286,14771
,,,,,,,6287,14771
,,,,,,,6288,14771
,,,,,,,6289,14771
,,,,,,,6290,14771
,,,,,,,6291,14771
,,,,,,,6292,14771
,,,,,,,6293,14771
,,,,,,,6294,14771
,,,,,,,6295,14771
,,,,,,,6296,14771
,,,,,,,6297,14771
,,,,,,,6298,14771
,,,,,,,6299,14771
,,,,,,,6300,14771
,,,,,,,6301,14771
,,,,,,,6302,14771
,,,,,,,6303,14771
,,,,,,,6304,14771
,,,,,,,6305,14771
,,,,,,,6306,14771
,,,,,,,6307,14771
,,,,,,,6308,14771
,,,,,,,6309,14771
,,,,,,,6310,14771
,,,,,,,6311,14771
,,,,,,,6312,14771
,,,,,,,6313,14771
,,,,,,,6314,14771
,,,,,,,6315,14771
,,,,,,,6316,14771
,,,,,,,6317,14771
,,,,,,,6318,14771
,,,,,,,6319,14771
,,,,,,,6320,14771
,,,,,,,6321,14771
,,,,,,,6322,14771
,,,,,,,6323,14771
,,,,,,,6324,14771
,,,,,,,6325,14771
,,,,,,,6326,14771
,,,,,,,6327,14771
,,,,,,,6328,14771
,,,,,,,6329,14771
,,,,,,,6330,14771
,,,,,,,6331,14771
,,,,,,,6332,14771
,,,,,,,6333,14771
,,,,,,,6334,14771
,,,,,,,6335,14771
,,,,,,,6336,14771
,,,,,,,6337,14771
,,,,,,,6338,14771
,,,,,,,6339,14771
,,,,,,,6340,14771
,,,,,,,6341,14771
,,,,,,,6342,14771
,,,,,,,6343,14771
,,,,,,,6344,14771
,,,,,,,6345,14771
,,,,,,,6346,14771
,,,,,,,6347,14771
,,,,,,,6348,14771
,,,,,,,6349,14771
,,,,,,,6350,14771
,,,,,,,6351,14771
,,,,,,,6352,14771
,,,,,,,6353,14771
,,,,,,,6354,14771
,,,,,,,6355,14771
,,,,,,,6356,14771
,,,,,,,6357,14771
,,,,,,,6358,14771
,,,,,,,6359,14771
,,,,,,,6360,14771
,,,,,,,6361,14771
,,,,,,,6362,14771
,,,,,,,6363,14771
,,,,,,,6364,14771
,,,,,,,6365,14771
,,,,,,,6366,14771
,,,,,,,6367,14771
,,,,,,,6368,14771
,,,,,,,6369,14771
,,,,,,,6370,14771
,,,,,,,6371,14771
,,,,,,,6372,14771
,,,,,,,6373,14771
,,,,,,,6374,14771
,,,,,,,6375,14771
,,,,,,,6376,14771
,,,,,,,6377,14771
,,,,,,,6378,14771
,,,,,,,6379,14771
,,,,,,,6380,14771
,,,,,,,6381,14771
,,,,,,,6382,14771
,,,,,,,6383,14771
,,,,,,,6384,14771
,,,,,,,6385,14771
,,,,,,,6386,14771
,,,,,,,6387,14771
,,,,,,,6388,14771
,,,,,,,6389,14771
,,,,,,,6390,14771
,,,,,,,6391,14771
,,,,,,,6392,14771
,,,,,,,6393,14771
,,,,,,,6394,14771
,,,,,,,6395,14771
,,,,,,,6396,14771
,,,,,,,6397,14771
,,,,,,,6398,14771
,,,,,,,6399,14771
,,,,,,,6400,14771
,,,,,,,6401,14771
,,,,,,,6402,14771
,,,,,,,6403,14771
,,,,,,,6404,14771
,,,,,,,6405,14771
,,,,,,,6406,14771
,,,,,,,6407,14771
,,,,,,,6408,14771
,,,,,,,6409,14771
,,,,,,,6410,14771
,,,,,,,6411,14771
,,,,,,,6412,14771
,,,,,,,6413,14771
,,,,,,,6414,14771
,,,,,,,6415,14771
,,,,,,,6416,14771
,,,,,,,6417,14771
,,,,,,,6418,14771
,,,,,,,6419,14771
,,,,,,,6420,14771
,,,,,,,6421,14771
,,,,,,,6422,14771
,,,,,,,6423,14771
,,,,,,,6424,14771
,,,,,,,6425,14771
,,,,,,,6426,14771
,,,,,,,6427,14771
,,,,,,,6428,14771
,,,,,,,6429,14771
,,,,,,,6430,14771
,,,,,,,6431,14771
,,,,,,,6432,14771
,,,,,,,6433,14771
,,,,,,,6434,14771
,,,,,,,6435,14771
,,,,,,,6436,14771
,,,,,,,6437,14771
,,,,,,,6438,14771
,,,,,,,6439,14771
,,,,,,,6440,14771
,,,,,,,6441,14771
,,,,,,,6442,14771
,,,,,,,6443,14771
,,,,,,,6444,14771
,,,,,,,6445,14771
,,,,,,,6446,14771
,,,,,,,6447,14771
,,,,,,,6448,14771
,,,,,,,6449,14771
,,,,,,,6450,14771
,,,,,,,6451,14771
,,,,,,,6452,14771
,,,,,,,6453,14771
,,,,,,,6454,14771
,,,,,,,6455,14771
,,,,,,,6456,14771
,,,,,,,6457,14771
,,,,,,,6458,14771
,,,,,,,6459,14771
,,,,,,,6460,14771
,,,,,,,6461,14771
,,,,,,,6462,14771
,,,,,,,6463,14771
,,,,,,,6464,14771
,,,,,,,6465,14771
,,,,,,,6466,14771
,,,,,,,6467,14771
,,,,,,,6468,14771
,,,,,,,6469,14771
,,,,,,,6470,14771
,,,,,,,6471,14771
,,,,,,,6472,14771
,,,,,,,6473,14771
,,,,,,,6474,14771
,,,,,,,6475,14771
,,,,,,,6476,14771
,,,,,,,6477,14771
,,,,,,,6478,14771
,,,,,,,6479,14771
,,,,,,,6480,14771
,,,,,,,6481,14771
,,,,,,,6482,14771
,,,,,,,6483,14771
,,,,,,,6484,14771
,,,,,,,6485,14771
,,,,,,,6486,14771
,,,,,,,6487,14771
,,,,,,,6488,14771
,,,,,,,6489,14771
,,,,,,,6490,14771
,,,,,,,6491,14771
,,,,,,,6492,14771
,,,,,,,6493,14771
,,,,,,,6494,14771
,,,,,,,6495,14771
,,,,,,,6496,14771
,,,,,,,6497,14771
,,,,,,,6498,14771
,,,,,,,6499,14771
,,,,,,,6500,14771
,,,,,,,6501,14771
,,,,,,,6502,14771
,,,,,,,6503,14771
,,,,,,,6504,14771
,,,,,,,6505,14771
,,,,,,,6506,14771
,,,,,,,6507,14771
,,,,,,,6508,14771
,,,,,,,6509,14771
,,,,,,,6510,14771
,,,,,,,6511,14771
,,,,,,,6512,14771
,,,,,,,6513,14771
,,,,,,,6514,14771
,,,,,,,6515,14771
,,,,,,,6516,14771
,,,,,,,6517,14771
,,,,,,,6518,14771
,,,,,,,6519,14771
,,,,,,,6520,14771
,,,,,,,6521,14771
,,,,,,,6522,14771
,,,,,,,6523,14771
,,,,,,,6524,14771
,,,,,,,6525,14771
,,,,,,,6526,14771
,,,,,,,6527,14771
,,,,,,,6528,14771
,,,,,,,6529,14771
,,,,,,,6530,14771
,,,,,,,6531,14771
,,,,,,,6532,14771
,,,,,,,6533,14771
,,,,,,,6534,14771
,,,,,,,6535,14771
,,,,,,,6536,14771
,,,,,,,6537,14771
,,,,,,,6538,14771
,,,,,,,6539,14771
,,,,,,,6540,14771
,,,,,,,6541,14771
,,,,,,,6542,14771
,,,,,,,6543,14771
,,,,,,,6544,14771
,,,,,,,6545,14771
,,,,,,,6546,14771
,,,,,,,6547,14771
,,,,,,,6548,14771
,,,,,,,6549,14771
,,,,,,,6550,14771
,,,,,,,6551,14771
,,,,,,,6552,14771
,,,,,,,6553,14771
,,,,,,,6554,14771
,,,,,,,6555,14771
,,,,,,,6556,14771
,,,,,,,6557,14771
,,,,,,,6558,14771
,,,,,,,6559,14771
,,,,,,,6560,14771
,,,,,,,6561,14771
,,,,,,,6562,14771
,,,,,,,6563,14771
,,,,,,,6564,14771
,,,,,,,6565,14771
,,,,,,,6566,14771
,,,,,,,6567,14771
,,,,,,,6568,14771
,,,,,,,6569,14771
,,,,,,,6570,14771
,,,,,,,6571,14771
,,,,,,,6572,14771
,,,,,,,6573,14771
,,,,,,,6574,14771
,,,,,,,6575,14771
,,,,,,,6576,14771
,,,,,,,6577,14771
,,,,,,,6578,14771
,,,,,,,6579,14771
,,,,,,,6580,14771
,,,,,,,6581,14771
,,,,,,,6582,14771
,,,,,,,6583,14771
,,,,,,,6584,14771
,,,,,,,6585,14771
,,,,,,,6586,14771
,,,,,,,6587,14771
,,,,,,,6588,14771
,,,,,,,6589,14771
,,,,,,,6590,14771
,,,,,,,6591,14771
,,,,,,,6592,14771
,,,,,,,6593,14771
,,,,,,,6594,14771
,,,,,,,6595,14771
,,,,,,,6596,14771
,,,,,,,6597,14771
,,,,,,,6598,14771
,,,,,,,6599,14771
,,,,,,,6600,14771
,,,,,,,6601,14771
,,,,,,,6602,14771
,,,,,,,6603,14771
,,,,,,,6604,14771
,,,,,,,6605,14771
,,,,,,,6606,14771
,,,,,,,6607,14771
,,,,,,,6608,14771
,,,,,,,6609,14771
,,,,,,,6610,14771
,,,,,,,6611,14771
,,,,,,,6612,14771
,,,,,,,6613,14771
,,,,,,,6614,14771
,,,,,,,6615,14771
,,,,,,,6616,14771
,,,,,,,6617,14771
,,,,,,,6618,14771
,,,,,,,6619,14771
,,,,,,,6620,14771
,,,,,,,6621,14771
,,,,,,,6622,14771
,,,,,,,6623,14771
,,,,,,,6624,14771
,,,,,,,6625,14771
,,,,,,,6626,14771
,,,,,,,6627,14771
,,,,,,,6628,14771
,,,,,,,6629,14771
,,,,,,,6630,14771
,,,,,,,6631,14771
,,,,,,,6632,14771
,,,,,,,6633,14771
,,,,,,,6634,14771
,,,,,,,6635,14771
,,,,,,,6636,14771
,,,,,,,6637,14771
,,,,,,,6638,14771
,,,,,,,6639,14771
,,,,,,,6640,14771
,,,,,,,6641,14771
,,,,,,,6642,14771
,,,,,,,6643,14771
,,,,,,,6644,14771
,,,,,,,6645,14771
,,,,,,,6646,14771
,,,,,,,6647,14771
,,,,,,,6648,14771
,,,,,,,6649,14771
,,,,,,,6650,14771
,,,,,,,6651,14771
,,,,,,,6652,14771
,,,,,,,6653,14771
,,,,,,,6654,14771
,,,,,,,6655,14771
,,,,,,,6656,14771
,,,,,,,6657,14771
,,,,,,,6658,14771
,,,,,,,6659,14771
,,,,,,,6660,14771
,,,,,,,6661,14771
,,,,,,,6662,14771
,,,,,,,6663,14771
,,,,,,,6664,14771
,,,,,,,6665,14771
,,,,,,,6666,14771
,,,,,,,6667,14771
,,,,,,,6668,14771
,,,,,,,6669,14771
,,,,,,,6670,14771
,,,,,,,6671,14771
,,,,,,,6672,14771
,,,,,,,6673,14771
,,,,,,,6674,14771
,,,,,,,6675,14771
,,,,,,,6676,14771
,,,,,,,6677,14771
,,,,,,,6678,14771
,,,,,,,6679,14771
,,,,,,,6680,14771
,,,,,,,6681,14771
,,,,,,,6682,14771
,,,,,,,6683,14771
,,,,,,,6684,14771
,,,,,,,6685,14771
,,,,,,,6686,14771
,,,,,,,6687,14771
,,,,,,,6688,14771
,,,,,,,6689,14771
,,,,,,,6690,14771
,,,,,,,6691,14771
,,,,,,,6692,14771
,,,,,,,6693,14771
,,,,,,,6694,14771
,,,,,,,6695,14771
,,,,,,,6696,14771
,,,,,,,6697,14771
,,,,,,,6698,14771
,,,,,,,6699,14771
,,,,,,,6700,14771
,,,,,,,6701,14771
,,,,,,,6702,14771
,,,,,,,6703,14771
,,,,,,,6704,14771
,,,,,,,6705,14771
,,,,,,,6706,14771
,,,,,,,6707,14771
,,,,,,,6708,14771
,,,,,,,6709,14771
,,,,,,,6710,14771
,,,,,,,6711,14771
,,,,,,,6712,14771
,,,,,,,6713,14771
,,,,,,,6714,14771
,,,,,,,6715,14771
,,,,,,,6716,14771
,,,,,,,6717,14771
,,,,,,,6718,14771
,,,,,,,6719,14771
,,,,,,,6720,14771
,,,,,,,6721,14771
,,,,,,,6722,14771
,,,,,,,6723,14771
,,,,,,,6724,14771
,,,,,,,6725,14771
,,,,,,,6726,14771
,,,,,,,6727,14771
,,,,,,,6728,14771
,,,,,,,6729,14771
,,,,,,,6730,14771
,,,,,,,6731,14771
,,,,,,,6732,14771
,,,,,,,6733,14771
,,,,,,,6734,14771
,,,,,,,6735,14771
,,,,,,,6736,14771
,,,,,,,6737,14771
,,,,,,,6738,14771
,,,,,,,6739,14771
,,,,,,,6740,14771
,,,,,,,6741,14771
,,,,,,,6742,14771
,,,,,,,6743,14771
,,,,,,,6744,14771
,,,,,,,6745,14771
,,,,,,,6746,14771
,,,,,,,6747,14771
,,,,,,,6748,14771
,,,,,,,6749,14771
,,,,,,,6750,14771
,,,,,,,6751,14771
,,,,,,,6752,14771
,,,,,,,6753,14771
,,,,,,,6754,14771
,,,,,,,6755,14771
,,,,,,,6756,14771
,,,,,,,6757,14771
,,,,,,,6758,14771
,,,,,,,6759,14771
,,,,,,,6760,14771
,,,,,,,6761,14771
,,,,,,,6762,14771
,,,,,,,6763,14771
,,,,,,,6764,14771
,,,,,,,6765,14771
,,,,,,,6766,14771
,,,,,,,6767,14771
,,,,,,,6768,14771
,,,,,,,6769,14771
,,,,,,,6770,14771
,,,,,,,6771,14771
,,,,,,,6772,14771
,,,,,,,6773,14771
,,,,,,,6774,14771
,,,,,,,6775,14771
,,,,,,,6776,14771
,,,,,,,6777,14771
,,,,,,,6778,14771
,,,,,,,6779,14771
,,,,,,,6780,14771
,,,,,,,6781,14771
,,,,,,,6782,14771
,,,,,,,6783,14771
,,,,,,,6784,14771
,,,,,,,6785,14771
,,,,,,,6786,14771
,,,,,,,6787,14771
,,,,,,,6788,14771
,,,,,,,6789,14771
,,,,,,,6790,14771
,,,,,,,6791,14771
,,,,,,,6792,14771
,,,,,,,6793,14771
,,,,,,,6794,14771
,,,,,,,6795,14771
,,,,,,,6796,14771
,,,,,,,6797,14771
,,,,,,,6798,14771
,,,,,,,6799,14771
,,,,,,,6800,14771
,,,,,,,6801,14771
,,,,,,,6802,14771
,,,,,,,6803,14771
,,,,,,,6804,14771
,,,,,,,6805,14771
,,,,,,,6806,14771
,,,,,,,6807,14771
,,,,,,,6808,14771
,,,,,,,6809,14771
,,,,,,,6810,14771
,,,,,,,6811,14771
,,,,,,,6812,14771
,,,,,,,6813,14771
,,,,,,,6814,14771
,,,,,,,6815,14771
,,,,,,,6816,14771
,,,,,,,6817,14771
,,,,,,,6818,14771
,,,,,,,6819,14771
,,,,,,,6820,14771
,,,,,,,6821,14771
,,,,,,,6822,14771
,,,,,,,6823,14771
,,,,,,,6824,14771
,,,,,,,6825,14771
,,,,,,,6826,14771
,,,,,,,6827,14771
,,,,,,,6828,14771
,,,,,,,6829,14771
,,,,,,,6830,14771
,,,,,,,6831,14771
,,,,,,,6832,14771
,,,,,,,6833,14771
,,,,,,,6834,14771
,,,,,,,6835,14771
,,,,,,,6836,14771
,,,,,,,6837,14771
,,,,,,,6838,14771
,,,,,,,6839,14771
,,,,,,,6840,14771
,,,,,,,6841,14771
,,,,,,,6842,14771
,,,,,,,6843,14771
,,,,,,,6844,14771
,,,,,,,6845,14771
,,,,,,,6846,14771
,,,,,,,6847,14771
,,,,,,,6848,14771
,,,,,,,6849,14771
,,,,,,,6850,14771
,,,,,,,6851,14771
,,,,,,,6852,14771
,,,,,,,6853,14771
,,,,,,,6854,14771
,,,,,,,6855,14771
,,,,,,,6856,14771
,,,,,,,6857,14771
,,,,,,,6858,14771
,,,,,,,6859,14771
,,,,,,,6860,14771
,,,,,,,6861,14771
,,,,,,,6862,14771
,,,,,,,6863,14771
,,,,,,,6864,14771
,,,,,,,6865,14771
,,,,,,,6866,14771
,,,,,,,6867,14771
,,,,,,,6868,14771
,,,,,,,6869,14771
,,,,,,,6870,14771
,,,,,,,6871,14771
,,,,,,,6872,14771
,,,,,,,6873,14771
,,,,,,,6874,14771
,,,,,,,6875,14771
,,,,,,,6876,14771
,,,,,,,6877,14771
,,,,,,,6878,14771
,,,,,,,6879,14771
,,,,,,,6880,14771
,,,,,,,6881,14771
,,,,,,,6882,14771
,,,,,,,6883,14771
,,,,,,,6884,14771
,,,,,,,6885,14771
,,,,,,,6886,14771
,,,,,,,6887,14771
,,,,,,,6888,14771
,,,,,,,6889,14771
,,,,,,,6890,14771
,,,,,,,6891,14771
,,,,,,,6892,14771
,,,,,,,6893,14771
,,,,,,,6894,14771
,,,,,,,6895,14771
,,,,,,,6896,14771
,,,,,,,6897,14771
,,,,,,,6898,14771
,,,,,,,6899,14771
,,,,,,,6900,14771
,,,,,,,6901,14771
,,,,,,,6902,14771
,,,,,,,6903,14771
,,,,,,,6904,14771
,,,,,,,6905,14771
,,,,,,,6906,14771
,,,,,,,6907,14771
,,,,,,,6908,14771
,,,,,,,6909,14771
,,,,,,,6910,14771
,,,,,,,6911,14771
,,,,,,,6912,14771
,,,,,,,6913,14771
,,,,,,,6914,14771
,,,,,,,6915,14771
,,,,,,,6916,14771
,,,,,,,6917,14771
,,,,,,,6918,14771
,,,,,,,6919,14771
,,,,,,,6920,14771
,,,,,,,6921,14771
,,,,,,,6922,14771
,,,,,,,6923,14771
,,,,,,,6924,14771
,,,,,,,6925,14771
,,,,,,,6926,14771
,,,,,,,6927,14771
,,,,,,,6928,14771
,,,,,,,6929,14771
,,,,,,,6930,14771
,,,,,,,6931,14771
,,,,,,,6932,14771
,,,,,,,6933,14771
,,,,,,,6934,14771
,,,,,,,6935,14771
,,,,,,,6936,14771
,,,,,,,6937,14771
,,,,,,,6938,14771
,,,,,,,6939,14771
,,,,,,,6940,14771
,,,,,,,6941,14771
,,,,,,,6942,14771
,,,,,,,6943,14771
,,,,,,,6944,14771
,,,,,,,6945,14771
,,,,,,,6946,14771
,,,,,,,6947,14771
,,,,,,,6948,14771
,,,,,,,6949,14771
,,,,,,,6950,14771
,,,,,,,6951,14771
,,,,,,,6952,14771
,,,,,,,6953,14771
,,,,,,,6954,14771
,,,,,,,6955,14771
,,,,,,,6956,14771
,,,,,,,6957,14771
,,,,,,,6958,14771
,,,,,,,6959,14771
,,,,,,,6960,14771
,,,,,,,6961,14771
,,,,,,,6962,14771
,,,,,,,6963,14771
,,,,,,,6964,14771
,,,,,,,6965,14771
,,,,,,,6966,14771
,,,,,,,6967,14771
,,,,,,,6968,14771
,,,,,,,6969,14771
,,,,,,,6970,14771
,,,,,,,6971,14771
,,,,,,,6972,14771
,,,,,,,6973,14771
,,,,,,,6974,14771
,,,,,,,6975,14771
,,,,,,,6976,14771
,,,,,,,6977,14771
,,,,,,,6978,14771
,,,,,,,6979,14771
,,,,,,,6980,14771
,,,,,,,6981,14771
,,,,,,,6982,14771
,,,,,,,6983,14771
,,,,,,,6984,14771
,,,,,,,6985,14771
,,,,,,,6986,14771
,,,,,,,6987,14771
,,,,,,,6988,14771
,,,,,,,6989,14771
,,,,,,,6990,14771
,,,,,,,6991,14771
,,,,,,,6992,14771
,,,,,,,6993,14771
,,,,,,,6994,14771
,,,,,,,6995,14771
,,,,,,,6996,14771
,,,,,,,6997,14771
,,,,,,,6998,14771
,,,,,,,6999,14771
,,,,,,,7000,14771
,,,,,,,7001,14771
,,,,,,,7002,14771
,,,,,,,7003,14771
,,,,,,,7004,14771
,,,,,,,7005,14771
,,,,,,,7006,14771
,,,,,,,7007,14771
,,,,,,,7008,14771
,,,,,,,7009,14771
,,,,,,,7010,14771
,,,,,,,7011,14771
,,,,,,,7012,14771
,,,,,,,7013,14771
,,,,,,,7014,14771
,,,,,,,7015,14771
,,,,,,,7016,14771
,,,,,,,7017,14771
,,,,,,,7018,14771
,,,,,,,7019,14771
,,,,,,,7020,14771
,,,,,,,7021,14771
,,,,,,,7022,14771
,,,,,,,7023,14771
,,,,,,,7024,14771
,,,,,,,7025,14771
,,,,,,,7026,14771
,,,,,,,7027,14771
,,,,,,,7028,14771
,,,,,,,7029,14771
,,,,,,,7030,14771
,,,,,,,7031,14771
,,,,,,,7032,14771
,,,,,,,7033,14771
,,,,,,,7034,14771
,,,,,,,7035,14771
,,,,,,,7036,14771
,,,,,,,7037,14771
,,,,,,,7038,14771
,,,,,,,7039,14771
,,,,,,,7040,14771
,,,,,,,7041,14771
,,,,,,,7042,14771
,,,,,,,7043,14771
,,,,,,,7044,14771
,,,,,,,7045,14771
,,,,,,,7046,14771
,,,,,,,7047,14771
,,,,,,,7048,14771
,,,,,,,7049,14771
,,,,,,,7050,14771
,,,,,,,7051,14771
,,,,,,,7052,14771
,,,,,,,7053,14771
,,,,,,,7054,14771
,,,,,,,7055,14771
,,,,,,,7056,14771
,,,,,,,7057,14771
,,,,,,,7058,14771
,,,,,,,7059,14771
,,,,,,,7060,14771
,,,,,,,7061,14771
,,,,,,,7062,14771
,,,,,,,7063,14771
,,,,,,,7064,14771
,,,,,,,7065,14771
,,,,,,,7066,14771
,,,,,,,7067,14771
,,,,,,,7068,14771
,,,,,,,7069,14771
,,,,,,,7070,14771
,,,,,,,7071,14771
,,,,,,,7072,14771
,,,,,,,7073,14771
,,,,,,,7074,14771
,,,,,,,7075,14771
,,,,,,,7076,14771
,,,,,,,7077,14771
,,,,,,,7078,14771
,,,,,,,7079,14771
,,,,,,,7080,14771
,,,,,,,7081,14771
,,,,,,,7082,14771
,,,,,,,7083,14771
,,,,,,,7084,14771
,,,,,,,7085,14771
,,,,,,,7086,14771
,,,,,,,7087,14771
,,,,,,,7088,14771
,,,,,,,7089,14771
,,,,,,,7090,14771
,,,,,,,7091,14771
,,,,,,,7092,14771
,,,,,,,7093,14771
,,,,,,,7094,14771
,,,,,,,7095,14771
,,,,,,,7096,14771
,,,,,,,7097,14771
,,,,,,,7098,14771
,,,,,,,7099,14771
,,,,,,,7100,14771
,,,,,,,7101,14771
,,,,,,,7102,14771
,,,,,,,7103,14771
,,,,,,,7104,14771
,,,,,,,7105,14771
,,,,,,,7106,14771
,,,,,,,7107,14771
,,,,,,,7108,14771
,,,,,,,7109,14771
,,,,,,,7110,14771
,,,,,,,7111,14771
,,,,,,,7112,14771
,,,,,,,7113,14771
,,,,,,,7114,14771
,,,,,,,7115,14771
,,,,,,,7116,14771
,,,,,,,7117,14771
,,,,,,,7118,14771
,,,,,,,7119,14771
,,,,,,,7120,14771
,,,,,,,7121,14771
,,,,,,,7122,14771
,,,,,,,7123,14771
,,,,,,,7124,14771
,,,,,,,7125,14771
,,,,,,,7126,14771
,,,,,,,7127,14771
,,,,,,,7128,14771
,,,,,,,7129,14771
,,,,,,,7130,14771
,,,,,,,7131,14771
,,,,,,,7132,14771
,,,,,,,7133,14771
,,,,,,,7134,14771
,,,,,,,7135,14771
,,,,,,,7136,14771
,,,,,,,7137,14771
,,,,,,,7138,14771
,,,,,,,7139,14771
,,,,,,,7140,14771
,,,,,,,7141,14771
,,,,,,,7142,14771
,,,,,,,7143,14771
,,,,,,,7144,14771
,,,,,,,7145,14771
,,,,,,,7146,14771
,,,,,,,7147,14771
,,,,,,,7148,14771
,,,,,,,7149,14771
,,,,,,,7150,14771
,,,,,,,7151,14771
,,,,,,,7152,14771
,,,,,,,7153,14771
,,,,,,,7154,14771
,,,,,,,7155,14771
,,,,,,,7156,14771
,,,,,,,7157,14771
,,,,,,,7158,14771
,,,,,,,7159,14771
,,,,,,,7160,14771
,,,,,,,7161,14771
,,,,,,,7162,14771
,,,,,,,7163,14771
,,,,,,,7164,14771
,,,,,,,7165,14771
,,,,,,,7166,14771
,,,,,,,7167,14771
,,,,,,,7168,14771
,,,,,,,7169,14771
,,,,,,,7170,14771
,,,,,,,7171,14771
,,,,,,,7172,14771
,,,,,,,7173,14771
,,,,,,,7174,14771
,,,,,,,7175,14771
,,,,,,,7176,14771
,,,,,,,7177,14771
,,,,,,,7178,14771
,,,,,,,7179,14771
,,,,,,,7180,14771
,,,,,,,7181,14771
,,,,,,,7182,14771
,,,,,,,7183,14771
,,,,,,,7184,14771
,,,,,,,7185,14771
,,,,,,,7186,14771
,,,,,,,7187,14771
,,,,,,,7188,14771
,,,,,,,7189,14771
,,,,,,,7190,14771
,,,,,,,7191,14771
,,,,,,,7192,14771
,,,,,,,7193,14771
,,,,,,,7194,14771
,,,,,,,7195,14771
,,,,,,,7196,14771
,,,,,,,7197,14771
,,,,,,,7198,14771
,,,,,,,7199,14771
,,,,,,,7200,14771
,,,,,,,7201,14771
,,,,,,,7202,14771
,,,,,,,7203,14771
,,,,,,,7204,14771
,,,,,,,7205,14771
,,,,,,,7206,14771
,,,,,,,7207,14771
,,,,,,,7208,14771
,,,,,,,7209,14771
,,,,,,,7210,14771
,,,,,,,7211,14771
,,,,,,,7212,14771
,,,,,,,7213,14771
,,,,,,,7214,14771
,,,,,,,7215,14771
,,,,,,,7216,14771
,,,,,,,7217,14771
,,,,,,,7218,14771
,,,,,,,7219,14771
,,,,,,,7220,14771
,,,,,,,7221,14771
,,,,,,,7222,14771
,,,,,,,7223,14771
,,,,,,,7224,14771
,,,,,,,7225,14771
,,,,,,,7226,14771
,,,,,,,7227,14771
,,,,,,,7228,14771
,,,,,,,7229,14771
,,,,,,,7230,14771
,,,,,,,7231,14771
,,,,,,,7232,14771
,,,,,,,7233,14771
,,,,,,,7234,14771
,,,,,,,7235,14771
,,,,,,,7236,14771
,,,,,,,7237,14771
,,,,,,,7238,14771
,,,,,,,7239,14771
,,,,,,,7240,14771
,,,,,,,7241,14771
,,,,,,,7242,14771
,,,,,,,7243,14771
,,,,,,,7244,14771
,,,,,,,7245,14771
,,,,,,,7246,14771
,,,,,,,7247,14771
,,,,,,,7248,14771
,,,,,,,7249,14771
,,,,,,,7250,14771
,,,,,,,7251,14771
,,,,,,,7252,14771
,,,,,,,7253,14771
,,,,,,,7254,14771
,,,,,,,7255,14771
,,,,,,,7256,14771
,,,,,,,7257,14771
,,,,,,,7258,14771
,,,,,,,7259,14771
,,,,,,,7260,14771
,,,,,,,7261,14771
,,,,,,,7262,14771
,,,,,,,7263,14771
,,,,,,,7264,14771
,,,,,,,7265,14771
,,,,,,,7266,14771
,,,,,,,7267,14771
,,,,,,,7268,14771
,,,,,,,7269,14771
,,,,,,,7270,14771
,,,,,,,7271,14771
,,,,,,,7272,14771
,,,,,,,7273,14771
,,,,,,,7274,14771
,,,,,,,7275,14771
,,,,,,,7276,14771
,,,,,,,7277,14771
,,,,,,,7278,14771
,,,,,,,7279,14771
,,,,,,,7280,14771
,,,,,,,7281,14771
,,,,,,,7282,14771
,,,,,,,7283,14771
,,,,,,,7284,14771
,,,,,,,7285,14771
,,,,,,,7286,14771
,,,,,,,7287,14771
,,,,,,,7288,14771
,,,,,,,7289,14771
,,,,,,,7290,14771
,,,,,,,7291,14771
,,,,,,,7292,14771
,,,,,,,7293,14771
,,,,,,,7294,14771
,,,,,,,7295,14771
,,,,,,,7296,14771
,,,,,,,7297,14771
,,,,,,,7298,14771
,,,,,,,7299,14771
,,,,,,,7300,14771
,,,,,,,7301,14771
,,,,,,,7302,14771
,,,,,,,7303,14771
,,,,,,,7304,14771
,,,,,,,7305,14771
,,,,,,,7306,14771
,,,,,,,7307,14771
,,,,,,,7308,14771
,,,,,,,7309,14771
,,,,,,,7310,14771
,,,,,,,7311,14771
,,,,,,,7312,14771
,,,,,,,7313,14771
,,,,,,,7314,14771
,,,,,,,7315,14771
,,,,,,,7316,14771
,,,,,,,7317,14771
,,,,,,,7318,14771
,,,,,,,7319,14771
,,,,,,,7320,14771
,,,,,,,7321,14771
,,,,,,,7322,14771
,,,,,,,7323,14771
,,,,,,,7324,14771
,,,,,,,7325,14771
,,,,,,,7326,14771
,,,,,,,7327,14771
,,,,,,,7328,14771
,,,,,,,7329,14771
,,,,,,,7330,14771
,,,,,,,7331,14771
,,,,,,,7332,14771
,,,,,,,7333,14771
,,,,,,,7334,14771
,,,,,,,7335,14771
,,,,,,,7336,14771
,,,,,,,7337,14771
,,,,,,,7338,14771
,,,,,,,7339,14771
,,,,,,,7340,14771
,,,,,,,7341,14771
,,,,,,,7342,14771
,,,,,,,7343,14771
,,,,,,,7344,14771
,,,,,,,7345,14771
,,,,,,,7346,14771
,,,,,,,7347,14771
,,,,,,,7348,14771
,,,,,,,7349,14771
,,,,,,,7350,14771
,,,,,,,7351,14771
,,,,,,,7352,14771
,,,,,,,7353,14771
,,,,,,,7354,14771
,,,,,,,7355,14771
,,,,,,,7356,14771
,,,,,,,7357,14771
,,,,,,,7358,14771
,,,,,,,7359,14771
,,,,,,,7360,14771
,,,,,,,7361,14771
,,,,,,,7362,14771
,,,,,,,7363,14771
,,,,,,,7364,14771
,,,,,,,7365,14771
,,,,,,,7366,14771
,,,,,,,7367,14771
,,,,,,,7368,14771
,,,,,,,7369,14771
,,,,,,,7370,14771
,,,,,,,7371,14771
,,,,,,,7372,14771
,,,,,,,7373,14771
,,,,,,,7374,14771
,,,,,,,7375,14771
,,,,,,,7376,14771
,,,,,,,7377,14771
,,,,,,,7378,14771
,,,,,,,7379,14771
,,,,,,,7380,14771
,,,,,,,7381,14771
,,,,,,,7382,14771
,,,,,,,7383,14771
,,,,,,,7384,14771
,,,,,,,7385,14771
,,,,,,,7386,14771
,,,,,,,7387,14771
,,,,,,,7388,14771
,,,,,,,7389,14771
,,,,,,,7390,14771
,,,,,,,7391,14771
,,,,,,,7392,14771
,,,,,,,7393,14771
,,,,,,,7394,14771
,,,,,,,7395,14771
,,,,,,,7396,14771
,,,,,,,7397,14771
,,,,,,,7398,14771
,,,,,,,7399,14771
,,,,,,,7400,14771
,,,,,,,7401,14771
,,,,,,,7402,14771
,,,,,,,7403,14771
,,,,,,,7404,14771
,,,,,,,7405,14771
,,,,,,,7406,14771
,,,,,,,7407,14771
,,,,,,,7408,14771
,,,,,,,7409,14771
,,,,,,,7410,14771
,,,,,,,7411,14771
,,,,,,,7412,14771
,,,,,,,7413,14771
,,,,,,,7414,14771
,,,,,,,7415,14771
,,,,,,,7416,14771
,,,,,,,7417,14771
,,,,,,,7418,14771
,,,,,,,7419,14771
,,,,,,,7420,14771
,,,,,,,7421,14771
,,,,,,,7422,14771
,,,,,,,7423,14771
,,,,,,,7424,14771
,,,,,,,7425,14771
,,,,,,,7426,14771
,,,,,,,7427,14771
,,,,,,,7428,14771
,,,,,,,7429,14771
,,,,,,,7430,14771
,,,,,,,7431,14771
,,,,,,,7432,14771
,,,,,,,7433,14771
,,,,,,,7434,14771
,,,,,,,7435,14771
,,,,,,,7436,14771
,,,,,,,7437,14771
,,,,,,,7438,14771
,,,,,,,7439,14771
,,,,,,,7440,14771
,,,,,,,7441,14771
,,,,,,,7442,14771
,,,,,,,7443,14771
,,,,,,,7444,14771
,,,,,,,7445,14771
,,,,,,,7446,14771
,,,,,,,7447,14771
,,,,,,,7448,14771
,,,,,,,7449,14771
,,,,,,,7450,14771
,,,,,,,7451,14771
,,,,,,,7452,14771
,,,,,,,7453,14771
,,,,,,,7454,14771
,,,,,,,7455,14771
,,,,,,,7456,14771
,,,,,,,7457,14771
,,,,,,,7458,14771
,,,,,,,7459,14771
,,,,,,,7460,14771
,,,,,,,7461,14771
,,,,,,,7462,14771
,,,,,,,7463,14771
,,,,,,,7464,14771
,,,,,,,7465,14771
,,,,,,,7466,14771
,,,,,,,7467,14771
,,,,,,,7468,14771
,,,,,,,7469,14771
,,,,,,,7470,14771
,,,,,,,7471,14771
,,,,,,,7472,14771
,,,,,,,7473,14771
,,,,,,,7474,14771
,,,,,,,7475,14771
,,,,,,,7476,14771
,,,,,,,7477,14771
,,,,,,,7478,14771
,,,,,,,7479,14771
,,,,,,,7480,14771
,,,,,,,7481,14771
,,,,,,,7482,14771
,,,,,,,7483,14771
,,,,,,,7484,14771
,,,,,,,7485,14771
,,,,,,,7486,14771
,,,,,,,7487,14771
,,,,,,,7488,14771
,,,,,,,7489,14771
,,,,,,,7490,14771
,,,,,,,7491,14771
,,,,,,,7492,14771
,,,,,,,7493,14771
,,,,,,,7494,14771
,,,,,,,7495,14771
,,,,,,,7496,14771
,,,,,,,7497,14771
,,,,,,,7498,14771
,,,,,,,7499,14771
,,,,,,,7500,14771
,,,,,,,7501,14771
,,,,,,,7502,14771
,,,,,,,7503,14771
,,,,,,,7504,14771
,,,,,,,7505,14771
,,,,,,,7506,14771
,,,,,,,7507,14771
,,,,,,,7508,14771
,,,,,,,7509,14771
,,,,,,,7510,14771
,,,,,,,7511,14771
,,,,,,,7512,14771
,,,,,,,7513,14771
,,,,,,,7514,14771
,,,,,,,7515,14771
,,,,,,,7516,14771
,,,,,,,7517,14771
,,,,,,,7518,14771
,,,,,,,7519,14771
,,,,,,,7520,14771
,,,,,,,7521,14771
,,,,,,,7522,14771
,,,,,,,7523,14771
,,,,,,,7524,14771
,,,,,,,7525,14771
,,,,,,,7526,14771
,,,,,,,7527,14771
,,,,,,,7528,14771
,,,,,,,7529,14771
,,,,,,,7530,14771
,,,,,,,7531,14771
,,,,,,,7532,14771
,,,,,,,7533,14771
,,,,,,,7534,14771
,,,,,,,7535,14771
,,,,,,,7536,14771
,,,,,,,7537,14771
,,,,,,,7538,14771
,,,,,,,7539,14771
,,,,,,,7540,14771
,,,,,,,7541,14771
,,,,,,,7542,14771
,,,,,,,7543,14771
,,,,,,,7544,14771
,,,,,,,7545,14771
,,,,,,,7546,14771
,,,,,,,7547,14771
,,,,,,,7548,14771
,,,,,,,7549,14771
,,,,,,,7550,14771
,,,,,,,7551,14771
,,,,,,,7552,14771
,,,,,,,7553,14771
,,,,,,,7554,14771
,,,,,,,7555,14771
,,,,,,,7556,14771
,,,,,,,7557,14771
,,,,,,,7558,14771
,,,,,,,7559,14771
,,,,,,,7560,14771
,,,,,,,7561,14771
,,,,,,,7562,14771
,,,,,,,7563,14771
,,,,,,,7564,14771
,,,,,,,7565,14771
,,,,,,,7566,14771
,,,,,,,7567,14771
,,,,,,,7568,14771
,,,,,,,7569,14771
,,,,,,,7570,14771
,,,,,,,7571,14771
,,,,,,,7572,14771
,,,,,,,7573,14771
,,,,,,,7574,14771
,,,,,,,7575,14771
,,,,,,,7576,14771
,,,,,,,7577,14771
,,,,,,,7578,14771
,,,,,,,7579,14771
,,,,,,,7580,14771
,,,,,,,7581,14771
,,,,,,,7582,14771
,,,,,,,7583,14771
,,,,,,,7584,14771
,,,,,,,7585,14771
,,,,,,,7586,14771
,,,,,,,7587,14771
,,,,,,,7588,14771
,,,,,,,7589,14771
,,,,,,,7590,14771
,,,,,,,7591,14771
,,,,,,,7592,14771
,,,,,,,7593,14771
,,,,,,,7594,14771
,,,,,,,7595,14771
,,,,,,,7596,14771
,,,,,,,7597,14771
,,,,,,,7598,14771
,,,,,,,7599,14771
,,,,,,,7600,14771
,,,,,,,7601,14771
,,,,,,,7602,14771
,,,,,,,7603,14771
,,,,,,,7604,14771
,,,,,,,7605,14771
,,,,,,,7606,14771
,,,,,,,7607,14771
,,,,,,,7608,14771
,,,,,,,7609,14771
,,,,,,,7610,14771
,,,,,,,7611,14771
,,,,,,,7612,14771
,,,,,,,7613,14771
,,,,,,,7614,14771
,,,,,,,7615,14771
,,,,,,,7616,14771
,,,,,,,7617,14771
,,,,,,,7618,14771
,,,,,,,7619,14771
,,,,,,,7620,14771
,,,,,,,7621,14771
,,,,,,,7622,14771
,,,,,,,7623,14771
,,,,,,,7624,14771
,,,,,,,7625,14771
,,,,,,,7626,14771
,,,,,,,7627,14771
,,,,,,,7628,14771
,,,,,,,7629,14771
,,,,,,,7630,14771
,,,,,,,7631,14771
,,,,,,,7632,14771
,,,,,,,7633,14771
,,,,,,,7634,14771
,,,,,,,7635,14771
,,,,,,,7636,14771
,,,,,,,7637,14771
,,,,,,,7638,14771
,,,,,,,7639,14771
,,,,,,,7640,14771
,,,,,,,7641,14771
,,,,,,,7642,14771
,,,,,,,7643,14771
,,,,,,,7644,14771
,,,,,,,7645,14771
,,,,,,,7646,14771
,,,,,,,7647,14771
,,,,,,,7648,14771
,,,,,,,7649,14771
,,,,,,,7650,14771
,,,,,,,7651,14771
,,,,,,,7652,14771
,,,,,,,7653,14771
,,,,,,,7654,14771
,,,,,,,7655,14771
,,,,,,,7656,14771
,,,,,,,7657,14771
,,,,,,,7658,14771
,,,,,,,7659,14771
,,,,,,,7660,14771
,,,,,,,7661,14771
,,,,,,,7662,14771
,,,,,,,7663,14771
,,,,,,,7664,14771
,,,,,,,7665,14771
,,,,,,,7666,14771
,,,,,,,7667,14771
,,,,,,,7668,14771
,,,,,,,7669,14771
,,,,,,,7670,14771
,,,,,,,7671,14771
,,,,,,,7672,14771
,,,,,,,7673,14771
,,,,,,,7674,14771
,,,,,,,7675,14771
,,,,,,,7676,14771
,,,,,,,7677,14771
,,,,,,,7678,14771
,,,,,,,7679,14771
,,,,,,,7680,14771
,,,,,,,7681,14771
,,,,,,,7682,14771
,,,,,,,7683,14771
,,,,,,,7684,14771
,,,,,,,7685,14771
,,,,,,,7686,14771
,,,,,,,7687,14771
,,,,,,,7688,14771
,,,,,,,7689,14771
,,,,,,,7690,14771
,,,,,,,7691,14771
,,,,,,,7692,14771
,,,,,,,7693,14771
,,,,,,,7694,14771
,,,,,,,7695,14771
,,,,,,,7696,14771
,,,,,,,7697,14771
,,,,,,,7698,14771
,,,,,,,7699,14771
,,,,,,,7700,14771
,,,,,,,7701,14771
,,,,,,,7702,14771
,,,,,,,7703,14771
,,,,,,,7704,14771
,,,,,,,7705,14771
,,,,,,,7706,14771
,,,,,,,7707,14771
,,,,,,,7708,14771
,,,,,,,7709,14771
,,,,,,,7710,14771
,,,,,,,7711,14771
,,,,,,,7712,14771
,,,,,,,7713,14771
,,,,,,,7714,14771
,,,,,,,7715,14771
,,,,,,,7716,14771
,,,,,,,7717,14771
,,,,,,,7718,14771
,,,,,,,7719,14771
,,,,,,,7720,14771
,,,,,,,7721,14771
,,,,,,,7722,14771
,,,,,,,7723,14771
,,,,,,,7724,14771
,,,,,,,7725,14771
,,,,,,,7726,14771
,,,,,,,7727,14771
,,,,,,,7728,14771
,,,,,,,7729,14771
,,,,,,,7730,14771
,,,,,,,7731,14771
,,,,,,,7732,14771
,,,,,,,7733,14771
,,,,,,,7734,14771
,,,,,,,7735,14771
,,,,,,,7736,14771
,,,,,,,7737,14771
,,,,,,,7738,14771
,,,,,,,7739,14771
,,,,,,,7740,14771
,,,,,,,7741,14771
,,,,,,,7742,14771
,,,,,,,7743,14771
,,,,,,,7744,14771
,,,,,,,7745,14771
,,,,,,,7746,14771
,,,,,,,7747,14771
,,,,,,,7748,14771
,,,,,,,7749,14771
,,,,,,,7750,14771
,,,,,,,7751,14771
,,,,,,,7752,14771
,,,,,,,7753,14771
,,,,,,,7754,14771
,,,,,,,7755,14771
,,,,,,,7756,14771
,,,,,,,7757,14771
,,,,,,,7758,14771
,,,,,,,7759,14771
,,,,,,,7760,14771
,,,,,,,7761,14771
,,,,,,,7762,14771
,,,,,,,7763,14771
,,,,,,,7764,14771
,,,,,,,7765,14771
,,,,,,,7766,14771
,,,,,,,7767,14771
,,,,,,,7768,14771
,,,,,,,7769,14771
,,,,,,,7770,14771
,,,,,,,7771,14771
,,,,,,,7772,14771
,,,,,,,7773,14771
,,,,,,,7774,14771
,,,,,,,7775,14771
,,,,,,,7776,14771
,,,,,,,7777,14771
,,,,,,,7778,14771
,,,,,,,7779,14771
,,,,,,,7780,14771
,,,,,,,7781,14771
,,,,,,,7782,14771
,,,,,,,7783,14771
,,,,,,,7784,14771
,,,,,,,7785,14771
,,,,,,,7786,14771
,,,,,,,7787,14771
,,,,,,,7788,14771
,,,,,,,7789,14771
,,,,,,,7790,14771
,,,,,,,7791,14771
,,,,,,,7792,14771
,,,,,,,7793,14771
,,,,,,,7794,14771
,,,,,,,7795,14771
,,,,,,,7796,14771
,,,,,,,7797,14771
,,,,,,,7798,14771
,,,,,,,7799,14771
,,,,,,,7800,14771
,,,,,,,7801,14771
,,,,,,,7802,14771
,,,,,,,7803,14771
,,,,,,,7804,14771
,,,,,,,7805,14771
,,,,,,,7806,14771
,,,,,,,7807,14771
,,,,,,,7808,14771
,,,,,,,7809,14771
,,,,,,,7810,14771
,,,,,,,7811,14771
,,,,,,,7812,14771
,,,,,,,7813,14771
,,,,,,,7814,14771
,,,,,,,7815,14771
,,,,,,,7816,14771
,,,,,,,7817,14771
,,,,,,,7818,14771
,,,,,,,7819,14771
,,,,,,,7820,14771
,,,,,,,7821,14771
,,,,,,,7822,14771
,,,,,,,7823,14771
,,,,,,,7824,14771
,,,,,,,7825,14771
,,,,,,,7826,14771
,,,,,,,7827,14771
,,,,,,,7828,14771
,,,,,,,7829,14771
,,,,,,,7830,14771
,,,,,,,7831,14771
,,,,,,,7832,14771
,,,,,,,7833,14771
,,,,,,,7834,14771
,,,,,,,7835,14771
,,,,,,,7836,14771
,,,,,,,7837,14771
,,,,,,,7838,14771
,,,,,,,7839,14771
,,,,,,,7840,14771
,,,,,,,7841,14771
,,,,,,,7842,14771
,,,,,,,7843,14771
,,,,,,,7844,14771
,,,,,,,7845,14771
,,,,,,,7846,14771
,,,,,,,7847,14771
,,,,,,,7848,14771
,,,,,,,7849,14771
,,,,,,,7850,14771
,,,,,,,7851,14771
,,,,,,,7852,14771
,,,,,,,7853,14771
,,,,,,,7854,14771
,,,,,,,7855,14771
,,,,,,,7856,14771
,,,,,,,7857,14771
,,,,,,,7858,14771
,,,,,,,7859,14771
,,,,,,,7860,14771
,,,,,,,7861,14771
,,,,,,,7862,14771
,,,,,,,7863,14771
,,,,,,,7864,14771
,,,,,,,7865,14771
,,,,,,,7866,14771
,,,,,,,7867,14771
,,,,,,,7868,14771
,,,,,,,7869,14771
,,,,,,,7870,14771
,,,,,,,7871,14771
,,,,,,,7872,14771
,,,,,,,7873,14771
,,,,,,,7874,14771
,,,,,,,7875,14771
,,,,,,,7876,14771
,,,,,,,7877,14771
,,,,,,,7878,14771
,,,,,,,7879,14771
,,,,,,,7880,14771
,,,,,,,7881,14771
,,,,,,,7882,14771
,,,,,,,7883,14771
,,,,,,,7884,14771
,,,,,,,7885,14771
,,,,,,,7886,14771
,,,,,,,7887,14771
,,,,,,,7888,14771
,,,,,,,7889,14771
,,,,,,,7890,14771
,,,,,,,7891,14771
,,,,,,,7892,14771
,,,,,,,7893,14771
,,,,,,,7894,14771
,,,,,,,7895,14771
,,,,,,,7896,14771
,,,,,,,7897,14771
,,,,,,,7898,14771
,,,,,,,7899,14771
,,,,,,,7900,14771
,,,,,,,7901,14771
,,,,,,,7902,14771
,,,,,,,7903,14771
,,,,,,,7904,14771
,,,,,,,7905,14771
,,,,,,,7906,14771
,,,,,,,7907,14771
,,,,,,,7908,14771
,,,,,,,7909,14771
,,,,,,,7910,14771
,,,,,,,7911,14771
,,,,,,,7912,14771
,,,,,,,7913,14771
,,,,,,,7914,14771
,,,,,,,7915,14771
,,,,,,,7916,14771
,,,,,,,7917,14771
,,,,,,,7918,14771
,,,,,,,7919,14771
,,,,,,,7920,14771
,,,,,,,7921,14771
,,,,,,,7922,14771
,,,,,,,7923,14771
,,,,,,,7924,14771
,,,,,,,7925,14771
,,,,,,,7926,14771
,,,,,,,7927,14771
,,,,,,,7928,14771
,,,,,,,7929,14771
,,,,,,,7930,14771
,,,,,,,7931,14771
,,,,,,,7932,14771
,,,,,,,7933,14771
,,,,,,,7934,14771
,,,,,,,7935,14771
,,,,,,,7936,14771
,,,,,,,7937,14771
,,,,,,,7938,14771
,,,,,,,7939,14771
,,,,,,,7940,14771
,,,,,,,7941,14771
,,,,,,,7942,14771
,,,,,,,7943,14771
,,,,,,,7944,14771
,,,,,,,7945,14771
,,,,,,,7946,14771
,,,,,,,7947,14771
,,,,,,,7948,14771
,,,,,,,7949,14771
,,,,,,,7950,14771
,,,,,,,7951,14771
,,,,,,,7952,14771
,,,,,,,7953,14771
,,,,,,,7954,14771
,,,,,,,7955,14771
,,,,,,,7956,14771
,,,,,,,7957,14771
,,,,,,,7958,14771
,,,,,,,7959,14771
,,,,,,,7960,14771
,,,,,,,7961,14771
,,,,,,,7962,14771
,,,,,,,7963,14771
,,,,,,,7964,14771
,,,,,,,7965,14771
,,,,,,,7966,14771
,,,,,,,7967,14771
,,,,,,,7968,14771
,,,,,,,7969,14771
,,,,,,,7970,14771
,,,,,,,7971,14771
,,,,,,,7972,14771
,,,,,,,7973,14771
,,,,,,,7974,14771
,,,,,,,7975,14771
,,,,,,,7976,14771
,,,,,,,7977,14771
,,,,,,,7978,14771
,,,,,,,7979,14771
,,,,,,,7980,14771
,,,,,,,7981,14771
,,,,,,,7982,14771
,,,,,,,7983,14771
,,,,,,,7984,14771
,,,,,,,7985,14771
,,,,,,,7986,14771
,,,,,,,7987,14771
,,,,,,,7988,14771
,,,,,,,7989,14771
,,,,,,,7990,14771
,,,,,,,7991,14771
,,,,,,,7992,14771
,,,,,,,7993,14771
,,,,,,,7994,14771
,,,,,,,7995,14771
,,,,,,,7996,14771
,,,,,,,7997,14771
,,,,,,,7998,14771
,,,,,,,7999,14771
,,,,,,,8000,14771
,,,,,,,8001,14771
,,,,,,,8002,14771
,,,,,,,8003,14771
,,,,,,,8004,14771
,,,,,,,8005,14771
,,,,,,,8006,14771
,,,,,,,8007,14771
,,,,,,,8008,14771
,,,,,,,8009,14771
,,,,,,,8010,14771
,,,,,,,8011,14771
,,,,,,,8012,14771
,,,,,,,8013,14771
,,,,,,,8014,14771
,,,,,,,8015,14771
,,,,,,,8016,14771
,,,,,,,8017,14771
,,,,,,,8018,14771
,,,,,,,8019,14771
,,,,,,,8020,14771
,,,,,,,8021,14771
,,,,,,,8022,14771
,,,,,,,8023,14771
,,,,,,,8024,14771
,,,,,,,8025,14771
,,,,,,,8026,14771
,,,,,,,8027,14771
,,,,,,,8028,14771
,,,,,,,8029,14771
,,,,,,,8030,14771
,,,,,,,8031,14771
,,,,,,,8032,14771
,,,,,,,8033,14771
,,,,,,,8034,14771
,,,,,,,8035,14771
,,,,,,,8036,14771
,,,,,,,8037,14771
,,,,,,,8038,14771
,,,,,,,8039,14771
,,,,,,,8040,14771
,,,,,,,8041,14771
,,,,,,,8042,14771
,,,,,,,8043,14771
,,,,,,,8044,14771
,,,,,,,8045,14771
,,,,,,,8046,14771
,,,,,,,8047,14771
,,,,,,,8048,14771
,,,,,,,8049,14771
,,,,,,,8050,14771
,,,,,,,8051,14771
,,,,,,,8052,14771
,,,,,,,8053,14771
,,,,,,,8054,14771
,,,,,,,8055,14771
,,,,,,,8056,14771
,,,,,,,8057,14771
,,,,,,,8058,14771
,,,,,,,8059,14771
,,,,,,,8060,14771
,,,,,,,8061,14771
,,,,,,,8062,14771
,,,,,,,8063,14771
,,,,,,,8064,14771
,,,,,,,8065,14771
,,,,,,,8066,14771
,,,,,,,8067,14771
,,,,,,,8068,14771
,,,,,,,8069,14771
,,,,,,,8070,14771
,,,,,,,8071,14771
,,,,,,,8072,14771
,,,,,,,8073,14771
,,,,,,,8074,14771
,,,,,,,8075,14771
,,,,,,,8076,14771
,,,,,,,8077,14771
,,,,,,,8078,14771
,,,,,,,8079,14771
,,,,,,,8080,14771
,,,,,,,8081,14771
,,,,,,,8082,14771
,,,,,,,8083,14771
,,,,,,,8084,14771
,,,,,,,8085,14771
,,,,,,,8086,14771
,,,,,,,8087,14771
,,,,,,,8088,14771
,,,,,,,8089,14771
,,,,,,,8090,14771
,,,,,,,8091,14771
,,,,,,,8092,14771
,,,,,,,8093,14771
,,,,,,,8094,14771
,,,,,,,8095,14771
,,,,,,,8096,14771
,,,,,,,8097,14771
,,,,,,,8098,14771
,,,,,,,8099,14771
,,,,,,,8100,14771
,,,,,,,8101,14771
,,,,,,,8102,14771
,,,,,,,8103,14771
,,,,,,,8104,14771
,,,,,,,8105,14771
,,,,,,,8106,14771
,,,,,,,8107,14771
,,,,,,,8108,14771
,,,,,,,8109,14771
,,,,,,,8110,14771
,,,,,,,8111,14771
,,,,,,,8112,14771
,,,,,,,8113,14771
,,,,,,,8114,14771
,,,,,,,8115,14771
,,,,,,,8116,14771
,,,,,,,8117,14771
,,,,,,,8118,14771
,,,,,,,8119,14771
,,,,,,,8120,14771
,,,,,,,8121,14771
,,,,,,,8122,14771
,,,,,,,8123,14771
,,,,,,,8124,14771
,,,,,,,8125,14771
,,,,,,,8126,14771
,,,,,,,8127,14771
,,,,,,,8128,14771
,,,,,,,8129,14771
,,,,,,,8130,14771
,,,,,,,8131,14771
,,,,,,,8132,14771
,,,,,,,8133,14771
,,,,,,,8134,14771
,,,,,,,8135,14771
,,,,,,,8136,14771
,,,,,,,8137,14771
,,,,,,,8138,14771
,,,,,,,8139,14771
,,,,,,,8140,14771
,,,,,,,8141,14771
,,,,,,,8142,14771
,,,,,,,8143,14771
,,,,,,,8144,14771
,,,,,,,8145,14771
,,,,,,,8146,14771
,,,,,,,8147,14771
,,,,,,,8148,14771
,,,,,,,8149,14771
,,,,,,,8150,14771
,,,,,,,8151,14771
,,,,,,,8152,14771
,,,,,,,8153,14771
,,,,,,,8154,14771
,,,,,,,8155,14771
,,,,,,,8156,14771
,,,,,,,8157,14771
,,,,,,,8158,14771
,,,,,,,8159,14771
,,,,,,,8160,14771
,,,,,,,8161,14771
,,,,,,,8162,14771
,,,,,,,8163,14771
,,,,,,,8164,14771
,,,,,,,8165,14771
,,,,,,,8166,14771
,,,,,,,8167,14771
,,,,,,,8168,14771
,,,,,,,8169,14771
,,,,,,,8170,14771
,,,,,,,8171,14771
,,,,,,,8172,14771
,,,,,,,8173,14771
,,,,,,,8174,14771
,,,,,,,8175,14771
,,,,,,,8176,14771
,,,,,,,8177,14771
,,,,,,,8178,14771
,,,,,,,8179,14771
,,,,,,,8180,14771
,,,,,,,8181,14771
,,,,,,,8182,14771
,,,,,,,8183,14771
,,,,,,,8184,14771
,,,,,,,8185,14771
,,,,,,,8186,14771
,,,,,,,8187,14771
,,,,,,,8188,14771
,,,,,,,8189,14771
,,,,,,,8190,14771
,,,,,,,8191,14771
,,,,,,,8192,14771
,,,,,,,8193,14771
,,,,,,,8194,14771
,,,,,,,8195,14771
,,,,,,,8196,14771
,,,,,,,8197,14771
,,,,,,,8198,14771
,,,,,,,8199,14771
,,,,,,,8200,14771
,,,,,,,8201,14771
,,,,,,,8202,14771
,,,,,,,8203,14771
,,,,,,,8204,14771
,,,,,,,8205,14771
,,,,,,,8206,14771
,,,,,,,8207,14771
,,,,,,,8208,14771
,,,,,,,8209,14771
,,,,,,,8210,14771
,,,,,,,8211,14771
,,,,,,,8212,14771
,,,,,,,8213,14771
,,,,,,,8214,14771
,,,,,,,8215,14771
,,,,,,,8216,14771
,,,,,,,8217,14771
,,,,,,,8218,14771
,,,,,,,8219,14771
,,,,,,,8220,14771
,,,,,,,8221,14771
,,,,,,,8222,14771
,,,,,,,8223,14771
,,,,,,,8224,14771
,,,,,,,8225,14771
,,,,,,,8226,14771
,,,,,,,8227,14771
,,,,,,,8228,14771
,,,,,,,8229,14771
,,,,,,,8230,14771
,,,,,,,8231,14771
,,,,,,,8232,14771
,,,,,,,8233,14771
,,,,,,,8234,14771
,,,,,,,8235,14771
,,,,,,,8236,14771
,,,,,,,8237,14771
,,,,,,,8238,14771
,,,,,,,8239,14771
,,,,,,,8240,14771
,,,,,,,8241,14771
,,,,,,,8242,14771
,,,,,,,8243,14771
,,,,,,,8244,14771
,,,,,,,8245,14771
,,,,,,,8246,14771
,,,,,,,8247,14771
,,,,,,,8248,14771
,,,,,,,8249,14771
,,,,,,,8250,14771
,,,,,,,8251,14771
,,,,,,,8252,14771
,,,,,,,8253,14771
,,,,,,,8254,14771
,,,,,,,8255,14771
,,,,,,,8256,14771
,,,,,,,8257,14771
,,,,,,,8258,14771
,,,,,,,8259,14771
,,,,,,,8260,14771
,,,,,,,8261,14771
,,,,,,,8262,14771
,,,,,,,8263,14771
,,,,,,,8264,14771
,,,,,,,8265,14771
,,,,,,,8266,14771
,,,,,,,8267,14771
,,,,,,,8268,14771
,,,,,,,8269,14771
,,,,,,,8270,14771
,,,,,,,8271,14771
,,,,,,,8272,14771
,,,,,,,8273,14771
,,,,,,,8274,14771
,,,,,,,8275,14771
,,,,,,,8276,14771
,,,,,,,8277,14771
,,,,,,,8278,14771
,,,,,,,8279,14771
,,,,,,,8280,14771
,,,,,,,8281,14771
,,,,,,,8282,14771
,,,,,,,8283,14771
,,,,,,,8284,14771
,,,,,,,8285,14771
,,,,,,,8286,14771
,,,,,,,8287,14771
,,,,,,,8288,14771
,,,,,,,8289,14771
,,,,,,,8290,14771
,,,,,,,8291,14771
,,,,,,,8292,14771
,,,,,,,8293,14771
,,,,,,,8294,14771
,,,,,,,8295,14771
,,,,,,,8296,14771
,,,,,,,8297,14771
,,,,,,,8298,14771
,,,,,,,8299,14771
,,,,,,,8300,14771
,,,,,,,8301,14771
,,,,,,,8302,14771
,,,,,,,8303,14771
,,,,,,,8304,14771
,,,,,,,8305,14771
,,,,,,,8306,14771
,,,,,,,8307,14771
,,,,,,,8308,14771
,,,,,,,8309,14771
,,,,,,,8310,14771
,,,,,,,8311,14771
,,,,,,,8312,14771
,,,,,,,8313,14771
,,,,,,,8314,14771
,,,,,,,8315,14771
,,,,,,,8316,14771
,,,,,,,8317,14771
,,,,,,,8318,14771
,,,,,,,8319,14771
,,,,,,,8320,14771
,,,,,,,8321,14771
,,,,,,,8322,14771
,,,,,,,8323,14771
,,,,,,,8324,14771
,,,,,,,8325,14771
,,,,,,,8326,14771
,,,,,,,8327,14771
,,,,,,,8328,14771
,,,,,,,8329,14771
,,,,,,,8330,14771
,,,,,,,8331,14771
,,,,,,,8332,14771
,,,,,,,8333,14771
,,,,,,,8334,14771
,,,,,,,8335,14771
,,,,,,,8336,14771
,,,,,,,8337,14771
,,,,,,,8338,14771
,,,,,,,8339,14771
,,,,,,,8340,14771
,,,,,,,8341,14771
,,,,,,,8342,14771
,,,,,,,8343,14771
,,,,,,,8344,14771
,,,,,,,8345,14771
,,,,,,,8346,14771
,,,,,,,8347,14771
,,,,,,,8348,14771
,,,,,,,8349,14771
,,,,,,,8350,14771
,,,,,,,8351,14771
,,,,,,,8352,14771
,,,,,,,8353,14771
,,,,,,,8354,14771
,,,,,,,8355,14771
,,,,,,,8356,14771
,,,,,,,8357,14771
,,,,,,,8358,14771
,,,,,,,8359,14771
,,,,,,,8360,14771
,,,,,,,8361,14771
,,,,,,,8362,14771
,,,,,,,8363,14771
,,,,,,,8364,14771
,,,,,,,8365,14771
,,,,,,,8366,14771
,,,,,,,8367,14771
,,,,,,,8368,14771
,,,,,,,8369,14771
,,,,,,,8370,14771
,,,,,,,8371,14771
,,,,,,,8372,14771
,,,,,,,8373,14771
,,,,,,,8374,14771
,,,,,,,8375,14771
,,,,,,,8376,14771
,,,,,,,8377,14771
,,,,,,,8378,14771
,,,,,,,8379,14771
,,,,,,,8380,14771
,,,,,,,8381,14771
,,,,,,,8382,14771
,,,,,,,8383,14771
,,,,,,,8384,14771
,,,,,,,8385,14771
,,,,,,,8386,14771
,,,,,,,8387,14771
,,,,,,,8388,14771
,,,,,,,8389,14771
,,,,,,,8390,14771
,,,,,,,8391,14771
,,,,,,,8392,14771
,,,,,,,8393,14771
,,,,,,,8394,14771
,,,,,,,8395,14771
,,,,,,,8396,14771
,,,,,,,8397,14771
,,,,,,,8398,14771
,,,,,,,8399,14771
,,,,,,,8400,14771
,,,,,,,8401,14771
,,,,,,,8402,14771
,,,,,,,8403,14771
,,,,,,,8404,14771
,,,,,,,8405,14771
,,,,,,,8406,14771
,,,,,,,8407,14771
,,,,,,,8408,14771
,,,,,,,8409,14771
,,,,,,,8410,14771
,,,,,,,8411,14771
,,,,,,,8412,14771
,,,,,,,8413,14771
,,,,,,,8414,14771
,,,,,,,8415,14771
,,,,,,,8416,14771
,,,,,,,8417,14771
,,,,,,,8418,14771
,,,,,,,8419,14771
,,,,,,,8420,14771
,,,,,,,8421,14771
,,,,,,,8422,14771
,,,,,,,8423,14771
,,,,,,,8424,14771
,,,,,,,8425,14771
,,,,,,,8426,14771
,,,,,,,8427,14771
,,,,,,,8428,14771
,,,,,,,8429,14771
,,,,,,,8430,14771
,,,,,,,8431,14771
,,,,,,,8432,14771
,,,,,,,8433,14771
,,,,,,,8434,14771
,,,,,,,8435,14771
,,,,,,,8436,14771
,,,,,,,8437,14771
,,,,,,,8438,14771
,,,,,,,8439,14771
,,,,,,,8440,14771
,,,,,,,8441,14771
,,,,,,,8442,14771
,,,,,,,8443,14771
,,,,,,,8444,14771
,,,,,,,8445,14771
,,,,,,,8446,14771
,,,,,,,8447,14771
,,,,,,,8448,14771
,,,,,,,8449,14771
,,,,,,,8450,14771
,,,,,,,8451,14771
,,,,,,,8452,14771
,,,,,,,8453,14771
,,,,,,,8454,14771
,,,,,,,8455,14771
,,,,,,,8456,14771
,,,,,,,8457,14771
,,,,,,,8458,14771
,,,,,,,8459,14771
,,,,,,,8460,14771
,,,,,,,8461,14771
,,,,,,,8462,14771
,,,,,,,8463,14771
,,,,,,,8464,14771
,,,,,,,8465,14771
,,,,,,,8466,14771
,,,,,,,8467,14771
,,,,,,,8468,14771
,,,,,,,8469,14771
,,,,,,,8470,14771
,,,,,,,8471,14771
,,,,,,,8472,14771
,,,,,,,8473,14771
,,,,,,,8474,14771
,,,,,,,8475,14771
,,,,,,,8476,14771
,,,,,,,8477,14771
,,,,,,,8478,14771
,,,,,,,8479,14771
,,,,,,,8480,14771
,,,,,,,8481,14771
,,,,,,,8482,14771
,,,,,,,8483,14771
,,,,,,,8484,14771
,,,,,,,8485,14771
,,,,,,,8486,14771
,,,,,,,8487,14771
,,,,,,,8488,14771
,,,,,,,8489,14771
,,,,,,,8490,14771
,,,,,,,8491,14771
,,,,,,,8492,14771
,,,,,,,8493,14771
,,,,,,,8494,14771
,,,,,,,8495,14771
,,,,,,,8496,14771
,,,,,,,8497,14771
,,,,,,,8498,14771
,,,,,,,8499,14771
,,,,,,,8500,14771
,,,,,,,8501,14771
,,,,,,,8502,14771
,,,,,,,8503,14771
,,,,,,,8504,14771
,,,,,,,8505,14771
,,,,,,,8506,14771
,,,,,,,8507,14771
,,,,,,,8508,14771
,,,,,,,8509,14771
,,,,,,,8510,14771
,,,,,,,8511,14771
,,,,,,,8512,14771
,,,,,,,8513,14771
,,,,,,,8514,14771
,,,,,,,8515,14771
,,,,,,,8516,14771
,,,,,,,8517,14771
,,,,,,,8518,14771
,,,,,,,8519,14771
,,,,,,,8520,14771
,,,,,,,8521,14771
,,,,,,,8522,14771
,,,,,,,8523,14771
,,,,,,,8524,14771
,,,,,,,8525,14771
,,,,,,,8526,14771
,,,,,,,8527,14771
,,,,,,,8528,14771
,,,,,,,8529,14771
,,,,,,,8530,14771
,,,,,,,8531,14771
,,,,,,,8532,14771
,,,,,,,8533,14771
,,,,,,,8534,14771
,,,,,,,8535,14771
,,,,,,,8536,14771
,,,,,,,8537,14771
,,,,,,,8538,14771
,,,,,,,8539,14771
,,,,,,,8540,14771
,,,,,,,8541,14771
,,,,,,,8542,14771
,,,,,,,8543,14771
,,,,,,,8544,14771
,,,,,,,8545,14771
,,,,,,,8546,14771
,,,,,,,8547,14771
,,,,,,,8548,14771
,,,,,,,8549,14771
,,,,,,,8550,14771
,,,,,,,8551,14771
,,,,,,,8552,14771
,,,,,,,8553,14771
,,,,,,,8554,14771
,,,,,,,8555,14771
,,,,,,,8556,14771
,,,,,,,8557,14771
,,,,,,,8558,14771
,,,,,,,8559,14771
,,,,,,,8560,14771
,,,,,,,8561,14771
,,,,,,,8562,14771
,,,,,,,8563,14771
,,,,,,,8564,14771
,,,,,,,8565,14771
,,,,,,,8566,14771
,,,,,,,8567,14771
,,,,,,,8568,14771
,,,,,,,8569,14771
,,,,,,,8570,14771
,,,,,,,8571,14771
,,,,,,,8572,14771
,,,,,,,8573,14771
,,,,,,,8574,14771
,,,,,,,8575,14771
,,,,,,,8576,14771
,,,,,,,8577,14771
,,,,,,,8578,14771
,,,,,,,8579,14771
,,,,,,,8580,14771
,,,,,,,8581,14771
,,,,,,,8582,14771
,,,,,,,8583,14771
,,,,,,,8584,14771
,,,,,,,8585,14771
,,,,,,,8586,14771
,,,,,,,8587,14771
,,,,,,,8588,14771
,,,,,,,8589,14771
,,,,,,,8590,14771
,,,,,,,8591,14771
,,,,,,,8592,14771
,,,,,,,8593,14771
,,,,,,,8594,14771
,,,,,,,8595,14771
,,,,,,,8596,14771
,,,,,,,8597,14771
,,,,,,,8598,14771
,,,,,,,8599,14771
,,,,,,,8600,14771
,,,,,,,8601,14771
,,,,,,,8602,14771
,,,,,,,8603,14771
,,,,,,,8604,14771
,,,,,,,8605,14771
,,,,,,,8606,14771
,,,,,,,8607,14771
,,,,,,,8608,14771
,,,,,,,8609,14771
,,,,,,,8610,14771
,,,,,,,8611,14771
,,,,,,,8612,14771
,,,,,,,8613,14771
,,,,,,,8614,14771
,,,,,,,8615,14771
,,,,,,,8616,14771
,,,,,,,8617,14771
,,,,,,,8618,14771
,,,,,,,8619,14771
,,,,,,,8620,14771
,,,,,,,8621,14771
,,,,,,,8622,14771
,,,,,,,8623,14771
,,,,,,,8624,14771
,,,,,,,8625,14771
,,,,,,,8626,14771
,,,,,,,8627,14771
,,,,,,,8628,14771
,,,,,,,8629,14771
,,,,,,,8630,14771
,,,,,,,8631,14771
,,,,,,,8632,14771
,,,,,,,8633,14771
,,,,,,,8634,14771
,,,,,,,8635,14771
,,,,,,,8636,14771
,,,,,,,8637,14771
,,,,,,,8638,14771
,,,,,,,8639,14771
,,,,,,,8640,14771
,,,,,,,8641,14771
,,,,,,,8642,14771
,,,,,,,8643,14771
,,,,,,,8644,14771
,,,,,,,8645,14771
,,,,,,,8646,14771
,,,,,,,8647,14771
,,,,,,,8648,14771
,,,,,,,8649,14771
,,,,,,,8650,14771
,,,,,,,8651,14771
,,,,,,,8652,14771
,,,,,,,8653,14771
,,,,,,,8654,14771
,,,,,,,8655,14771
,,,,,,,8656,14771
,,,,,,,8657,14771
,,,,,,,8658,14771
,,,,,,,8659,14771
,,,,,,,8660,14771
,,,,,,,8661,14771
,,,,,,,8662,14771
,,,,,,,8663,14771
,,,,,,,8664,14771
,,,,,,,8665,14771
,,,,,,,8666,14771
,,,,,,,8667,14771
,,,,,,,8668,14771
,,,,,,,8669,14771
,,,,,,,8670,14771
,,,,,,,8671,14771
,,,,,,,8672,14771
,,,,,,,8673,14771
,,,,,,,8674,14771
,,,,,,,8675,14771
,,,,,,,8676,14771
,,,,,,,8677,14771
,,,,,,,8678,14771
,,,,,,,8679,14771
,,,,,,,8680,14771
,,,,,,,8681,14771
,,,,,,,8682,14771
,,,,,,,8683,14771
,,,,,,,8684,14771
,,,,,,,8685,14771
,,,,,,,8686,14771
,,,,,,,8687,14771
,,,,,,,8688,14771
,,,,,,,8689,14771
,,,,,,,8690,14771
,,,,,,,8691,14771
,,,,,,,8692,14771
,,,,,,,8693,14771
,,,,,,,8694,14771
,,,,,,,8695,14771
,,,,,,,8696,14771
,,,,,,,8697,14771
,,,,,,,8698,14771
,,,,,,,8699,14771
,,,,,,,8700,14771
,,,,,,,8701,14771
,,,,,,,8702,14771
,,,,,,,8703,14771
,,,,,,,8704,14771
,,,,,,,8705,14771
,,,,,,,8706,14771
,,,,,,,8707,14771
,,,,,,,8708,14771
,,,,,,,8709,14771
,,,,,,,8710,14771
,,,,,,,8711,14771
,,,,,,,8712,14771
,,,,,,,8713,14771
,,,,,,,8714,14771
,,,,,,,8715,14771
,,,,,,,8716,14771
,,,,,,,8717,14771
,,,,,,,8718,14771
,,,,,,,8719,14771
,,,,,,,8720,14771
,,,,,,,8721,14771
,,,,,,,8722,14771
,,,,,,,8723,14771
,,,,,,,8724,14771
,,,,,,,8725,14771
,,,,,,,8726,14771
,,,,,,,8727,14771
,,,,,,,8728,14771
,,,,,,,8729,14771
,,,,,,,8730,14771
,,,,,,,8731,14771
,,,,,,,8732,14771
,,,,,,,8733,14771
,,,,,,,8734,14771
,,,,,,,8735,14771
,,,,,,,8736,14771
,,,,,,,8737,14771
,,,,,,,8738,14771
,,,,,,,8739,14771
,,,,,,,8740,14771
,,,,,,,8741,14771
,,,,,,,8742,14771
,,,,,,,8743,14771
,,,,,,,8744,14771
,,,,,,,8745,14771
,,,,,,,8746,14771
,,,,,,,8747,14771
,,,,,,,8748,14771
,,,,,,,8749,14771
,,,,,,,8750,14771
,,,,,,,8751,14771
,,,,,,,8752,14771
,,,,,,,8753,14771
,,,,,,,8754,14771
,,,,,,,8755,14771
,,,,,,,8756,14771
,,,,,,,8757,14771
,,,,,,,8758,14771
,,,,,,,8759,14771
,,,,,,,8760,14771