Line,New_Trans_Capacity,Cost_Trans_Capacity
1,27759.99999990374,9.968615999965433e8
2,9574.999999792988,5.3274342498848206e8
