Status,Solve,Objval
OPTIMAL,6.852294921875,8.400047650372429e11
