Status,Solve,Objval
LOCALLY_SOLVED,366.14400005340576,9.826499071449261e8
