Costs,Total
cDACTotal,8.465441011888586e8
cDACFix,8.385775354194108e8
cDACVar,7.966565769447774e6
cDACStart,0.0
